entry_time,exit_time,side,entry,atr,mfe_price,mae_price,mfe_r_at_1atr,mae_r_at_1atr,time_to_mfe_m1,time_to_mae_m1,result_r
2023-10-02 06:10:00,2023-10-02 06:11:00,SHORT,1840.578,0.9193571428571496,0.0,1.23700000000008,0.0,1.3455053997359174,,1.0,-1.0
2023-10-02 16:05:00,2023-10-02 16:43:00,SHORT,1831.315,1.7472857142857623,0.9200000000000728,1.8199999999999363,0.5265309459570217,1.0416155670018155,6.0,38.0,-1.0
2023-10-02 16:45:00,2023-10-02 17:03:00,SHORT,1830.915,1.325785714285725,0.07999999999992724,1.650000000000091,0.0603415764236287,1.2445450137385425,4.0,18.0,-1.0
2023-10-02 19:50:00,2023-10-02 19:51:00,SHORT,1829.225,0.5904999999999875,0.0,0.6700000000000728,0.0,1.1346316680780473,,1.0,-1.0
2023-10-02 22:55:00,2023-10-02 23:03:00,SHORT,1827.975,0.5729285714285685,1.2369999999998527,0.4600000000000364,2.1590824086769764,0.8028924074305626,8.0,2.0,1.5
2023-10-03 01:25:00,2023-10-03 01:26:00,SHORT,1822.875,1.000428571428545,0.0,1.4829999999999472,0.0,1.4823647008424825,,1.0,-1.0
2023-10-03 03:45:00,2023-10-03 03:55:00,SHORT,1818.955,0.8570000000000196,0.29700000000002547,0.9800000000000182,0.3465577596266262,1.1435239206534373,6.0,10.0,-1.0
2023-10-03 05:20:00,2023-10-03 05:55:00,SHORT,1819.395,0.7955000000000122,1.2799999999999727,0.6900000000000546,1.6090509113764337,0.867379006913946,35.0,2.0,1.5
2023-10-03 07:45:00,2023-10-03 08:01:00,LONG,1823.325,0.969285714285726,1.7929999999998927,0.7300000000000182,1.8498157700809281,0.7531319086219699,16.0,6.0,1.5
2023-10-03 07:55:00,2023-10-03 08:02:00,LONG,1823.975,0.9902857142857167,2.0,0.6699999999998454,2.0196191575302893,0.6765724177724909,7.0,1.0,1.5
2023-10-03 10:20:00,2023-10-03 11:03:00,LONG,1826.085,0.9147857142857804,1.1900000000000546,1.0900000000001455,1.300851097056263,1.1915358788163453,14.0,43.0,-1.0
2023-10-03 10:45:00,2023-10-03 11:00:00,LONG,1826.405,0.7978571428571968,0.42000000000007276,0.9100000000000819,0.5264100268577101,1.1405550581916102,2.0,15.0,-1.0
2023-10-03 18:25:00,2023-10-03 18:39:00,SHORT,1823.225,1.0267857142857142,0.4399999999998272,1.290000000000191,0.42852173913026653,1.2563478260871426,3.0,14.0,-1.0
2023-10-03 20:20:00,2023-10-03 20:44:00,SHORT,1823.985,0.5863571428571309,0.9969999999998436,0.003000000000156433,1.7003289072966372,0.0051163357293447335,24.0,11.0,1.5
2023-10-04 00:45:00,2023-10-04 00:54:00,SHORT,1824.395,0.778499999999992,1.6569999999999254,0.3430000000000746,2.128452151573465,0.44059087989733864,9.0,1.0,1.5
2023-10-04 03:30:00,2023-10-04 04:00:00,SHORT,1820.445,0.832642857142868,0.9500000000000455,0.8600000000001273,1.1409453547225241,1.0328557948015462,20.0,30.0,-1.0
2023-10-04 07:20:00,2023-10-04 07:41:00,SHORT,1819.505,1.1286428571428684,0.30100000000015825,1.4199999999998454,0.2666919815202945,1.258148218467036,1.0,21.0,-1.0
2023-10-04 09:30:00,2023-10-04 09:37:00,LONG,1822.585,0.9050714285713995,0.15999999999985448,1.1900000000000546,0.17678162733786082,1.314813353326596,4.0,7.0,-1.0
2023-10-04 09:45:00,2023-10-04 09:55:00,LONG,1822.795,0.886928571428533,0.6399999999998727,1.4600000000000364,0.7215913666746079,1.6461303052268177,2.0,10.0,-1.0
2023-10-05 02:35:00,2023-10-05 02:53:00,LONG,1826.515,0.6140714285714434,0.1899999999998272,0.637000000000171,0.3094102593925226,1.0373386064908898,4.0,18.0,-1.0
2023-10-05 03:00:00,2023-10-05 03:18:00,LONG,1826.065,0.5078571428571357,1.0899999999999181,0.2799999999999727,2.1462728551334838,0.5513361462728092,18.0,2.0,1.5
2023-10-05 03:25:00,2023-10-05 03:26:00,LONG,1827.275,0.46407142857140116,0.0,0.650000000000091,0.0,1.4006464522089905,,1.0,-1.0
2023-10-05 08:20:00,2023-10-05 08:43:00,SHORT,1821.758,0.9494999999999924,1.4940000000001419,0.6069999999999709,1.5734597156399726,0.6392838335966043,23.0,1.0,1.5
2023-10-05 08:35:00,2023-10-05 08:55:00,SHORT,1821.105,0.89592857142858,1.3900000000001,0.4700000000000273,1.5514629673922677,0.5245953918520545,20.0,2.0,1.5
2023-10-05 11:25:00,2023-10-05 11:26:00,SHORT,1821.065,0.8120714285713737,0.0,0.9700000000000273,0.0,1.1944762072303017,,1.0,-1.0
2023-10-05 15:25:00,2023-10-05 16:14:00,SHORT,1816.005,2.1295000000000073,1.6700000000000728,2.1299999999998818,0.7842216482742743,1.000234796900622,21.0,49.0,-1.0
2023-10-06 00:10:00,2023-10-06 00:20:00,LONG,1821.495,0.49307142857144626,0.3500000000001364,0.5299999999999727,0.7098363030568933,1.074894973199964,6.0,10.0,-1.0
2023-10-06 13:30:00,2023-10-06 13:31:00,SHORT,1822.255,3.5433571428571247,0.0,3.6799999999998363,0.0,1.0385631060132234,,1.0,-1.0
2023-10-06 15:00:00,2023-10-06 15:13:00,LONG,1825.695,2.5305000000000097,3.9300000000000637,2.1699999999998454,1.5530527563722776,0.857538035961208,13.0,1.0,1.5
2023-10-06 17:25:00,2023-10-06 18:15:00,LONG,1831.175,1.3492857142857215,2.0499999999999545,0.9500000000000455,1.5193223928003816,0.7040762308099823,50.0,21.0,1.5
2023-10-06 17:35:00,2023-10-06 18:14:00,LONG,1831.215,1.2700000000000142,1.9500000000000455,0.9900000000000091,1.5354330708661603,0.7795275590551165,39.0,11.0,1.5
2023-10-06 17:45:00,2023-10-06 17:46:00,LONG,1831.625,1.2807142857143066,0.0,1.400000000000091,0.0,1.0931399888455635,,1.0,-1.0
2023-10-06 17:55:00,2023-10-06 18:29:00,LONG,1831.698,1.1957142857143026,1.849999999999909,0.36000000000012733,1.5471923536438685,0.30107526881730656,34.0,6.0,1.5
2023-10-06 20:00:00,2023-10-06 20:31:00,LONG,1829.468,0.7476428571428642,1.1669999999999163,0.6130000000000564,1.5609057036398848,0.8199101939429357,31.0,19.0,1.5
2023-10-09 00:20:00,2023-10-09 00:28:00,LONG,1847.665,1.1112142857142382,0.37000000000011823,1.2169999999998709,0.3329690814425581,1.0951983030146506,6.0,8.0,-1.0
2023-10-09 01:15:00,2023-10-09 01:32:00,LONG,1849.025,1.5557142857142676,1.259999999999991,1.7699999999999818,0.8099173553719043,1.1377410468319575,9.0,17.0,-1.0
2023-10-09 01:40:00,2023-10-09 02:11:00,LONG,1848.785,1.564499999999969,2.439999999999827,0.7100000000000364,1.5596037072546345,0.4538191115372646,31.0,1.0,1.5
2023-10-09 03:35:00,2023-10-09 03:55:00,LONG,1850.025,0.8112142857143324,1.3099999999999454,0.5099999999999909,1.6148630800385824,0.6286871532974784,20.0,1.0,1.5
2023-10-09 06:05:00,2023-10-09 06:06:00,LONG,1852.315,1.184571428571449,0.0,1.4700000000000273,0.0,1.2409551374819119,,1.0,-1.0
2023-10-09 09:55:00,2023-10-09 10:28:00,LONG,1851.105,0.7590714285714577,0.8299999999999272,1.0899999999999181,1.093441234590998,1.4359649948243407,9.0,33.0,-1.0
2023-10-09 12:00:00,2023-10-09 12:01:00,SHORT,1847.698,0.8410000000000082,0.0,1.7569999999998345,0.0,2.089179548156739,,1.0,-1.0
2023-10-09 12:15:00,2023-10-09 12:18:00,SHORT,1848.475,0.9683571428571602,0.0,1.3800000000001091,0.0,1.4250940473556968,,3.0,-1.0
2023-10-09 12:25:00,2023-10-09 12:26:00,SHORT,1847.785,1.0955000000000155,0.0,1.4199999999998454,0.0,1.2962117754448428,,1.0,-1.0
2023-10-09 13:05:00,2023-10-09 13:16:00,SHORT,1847.115,1.740785714285721,2.730000000000018,1.5699999999999363,1.5682573550531413,0.9018915924664159,11.0,1.0,1.5
2023-10-09 13:55:00,2023-10-09 14:08:00,SHORT,1845.164,1.8737857142856942,0.45900000000006,1.8810000000000855,0.2449586398811005,1.003850112453836,3.0,13.0,-1.0
2023-10-10 00:35:00,2023-10-10 00:55:00,LONG,1862.655,1.213142857142868,1.900000000000091,1.2000000000000455,1.5661799340556428,0.989166274140396,20.0,1.0,1.5
2023-10-10 05:45:00,2023-10-10 06:04:00,SHORT,1861.045,0.6898571428571684,0.4500000000000455,0.8399999999999181,0.6523089666598058,1.2176434044313957,8.0,19.0,-1.0
2023-10-10 08:05:00,2023-10-10 08:06:00,SHORT,1856.235,1.2265000000000035,0.0,1.6400000000001,0.0,1.337138198124823,,1.0,-1.0
2023-10-10 10:10:00,2023-10-10 10:11:00,SHORT,1857.275,0.7938571428571451,0.0,0.8399999999999181,0.0,1.0581248875291362,,1.0,-1.0
2023-10-10 12:30:00,2023-10-10 12:31:00,SHORT,1853.895,1.234357142857123,0.0,1.8099999999999454,0.0,1.4663503269486513,,1.0,-1.0
2023-10-10 12:55:00,2023-10-10 13:14:00,SHORT,1854.425,1.5522142857142853,1.4600000000000364,1.759999999999991,0.9405917813262397,1.1338640651603644,14.0,19.0,-1.0
2023-10-10 16:25:00,2023-10-10 16:48:00,LONG,1859.985,1.4571428571428473,2.193000000000211,1.1199999999998909,1.5050000000001549,0.7686274509803225,23.0,1.0,1.5
2023-10-10 17:25:00,2023-10-10 17:26:00,LONG,1861.735,1.1138571428571464,0.0,1.3769999999999527,0.0,1.2362447095036089,,1.0,-1.0
2023-10-10 18:00:00,2023-10-11 00:07:00,LONG,1859.175,1.2445714285714433,1.8800000000001091,1.1099999999999,1.510560146923853,0.8918732782368236,367.0,1.0,1.5
2023-10-10 20:50:00,2023-10-10 22:00:00,LONG,1859.898,0.3479285714285944,0.49700000000007094,0.3999999999998636,1.4284541161980155,1.1496612605209855,8.0,70.0,-1.0
2023-10-10 23:35:00,2023-10-10 23:57:00,LONG,1860.155,0.3473571428570982,0.2300000000000182,0.36999999999989086,0.6621427102612932,1.065186099115595,3.0,22.0,-1.0
2023-10-11 12:55:00,2023-10-11 13:30:00,LONG,1872.795,1.6525714285714261,2.1499999999998636,1.7899999999999636,1.3010027662516483,1.0831604426002561,11.0,35.0,-1.0
2023-10-11 22:50:00,2023-10-11 23:28:00,LONG,1874.775,0.548357142857185,0.9299999999998363,0.3369999999999891,1.69597499023013,0.6145629803307914,38.0,8.0,1.5
2023-10-12 00:35:00,2023-10-12 00:36:00,LONG,1876.045,0.44214285714286106,0.0,0.6200000000001182,0.0,1.4022617124396735,,1.0,-1.0
2023-10-12 02:55:00,2023-10-12 04:48:00,LONG,1876.735,0.9369999999999956,1.7100000000000364,0.4199999999998454,1.8249733191035693,0.44823906083228104,113.0,1.0,1.5
2023-10-12 03:55:00,2023-10-12 03:56:00,LONG,1877.565,0.6515714285714499,0.0,0.900000000000091,0.0,1.3812760359571215,,1.0,-1.0
2023-10-12 06:35:00,2023-10-12 06:36:00,LONG,1881.425,0.797714285714343,0.0,1.9110000000000582,0.0,2.3955945558738265,,1.0,-1.0
2023-10-12 07:20:00,2023-10-12 07:46:00,LONG,1881.235,1.0532857142857373,0.4800000000000182,1.1099999999999,0.4557168045571754,1.053845110538333,7.0,26.0,-1.0
2023-10-12 16:10:00,2023-10-12 17:02:00,SHORT,1872.365,1.1655000000000004,1.8599999999999,0.5899999999999181,1.5958815958815094,0.5062205062204358,52.0,6.0,1.5
2023-10-12 19:40:00,2023-10-12 22:06:00,SHORT,1868.795,0.6869999999999956,0.7400000000000091,0.8399999999999181,1.077147016011665,1.2227074235806747,19.0,146.0,-1.0
2023-10-13 02:05:00,2023-10-13 03:06:00,LONG,1872.475,0.7730714285714352,1.2699999999999818,0.2400000000000091,1.6427977455418639,0.3104499676614708,61.0,2.0,1.5
2023-10-13 06:35:00,2023-10-13 06:45:00,LONG,1876.245,0.7867142857143108,1.3100000000001728,0.5899999999999181,1.665153441075162,0.7499546032321219,10.0,1.0,1.5
2023-10-13 11:15:00,2023-10-13 11:37:00,LONG,1891.595,1.3460714285714306,2.2899999999999636,0.7870000000000346,1.7012470151233454,0.5846643672061803,22.0,1.0,1.5
2023-10-13 13:45:00,2023-10-13 13:46:00,LONG,1911.725,3.3017142857143296,0.0,3.6599999999998545,0.0,1.1085150571131293,,1.0,-1.0
2023-10-13 18:55:00,2023-10-13 20:53:00,LONG,1928.595,1.0419285714285544,1.6900000000000546,0.9900000000000091,1.6219921848221808,0.950161102351433,118.0,34.0,1.5
2023-10-13 19:40:00,2023-10-13 20:02:00,LONG,1928.078,0.7357857142856931,1.1569999999999254,0.20000000000004547,1.5724686923599092,0.27181827007093656,22.0,6.0,1.5
2023-10-13 19:55:00,2023-10-13 20:02:00,LONG,1928.275,0.5722857142857103,0.959999999999809,0.3770000000001801,1.6774837743381703,0.658761857214498,7.0,1.0,1.5
2023-10-13 20:25:00,2023-10-13 20:38:00,LONG,1928.915,0.505142857142833,0.07999999999992724,0.9169999999999163,0.15837104072384542,1.8153280542985635,4.0,13.0,-1.0
2023-10-15 22:50:00,2023-10-16 01:53:00,SHORT,1924.815,2.843142857142863,4.336999999999989,1.3899999999998727,1.5254245804441693,0.48889558838303127,183.0,23.0,1.5
2023-10-16 02:40:00,2023-10-16 02:48:00,SHORT,1920.715,0.726214285714296,1.5199999999999818,0.7000000000000455,2.0930461296350393,0.9639028228583159,8.0,1.0,1.5
2023-10-16 03:50:00,2023-10-16 05:48:00,SHORT,1919.855,0.9614285714285415,1.6169999999999618,0.5299999999999727,1.681872213967323,0.5512630014858728,118.0,19.0,1.5
2023-10-16 04:00:00,2023-10-16 04:07:00,SHORT,1919.195,0.8733571428571005,0.15699999999992542,0.8900000000001,0.17976609143690706,1.0190561871270143,2.0,7.0,-1.0
2023-10-16 05:00:00,2023-10-16 05:47:00,SHORT,1919.505,0.5919285714285739,0.9100000000000819,0.4199999999998454,1.537347652950536,0.70954507059223,47.0,1.0,1.5
2023-10-16 05:30:00,2023-10-16 05:31:00,SHORT,1918.978,0.4614285714285903,0.0,0.7770000000000437,0.0,1.6839009287925955,,1.0,-1.0
2023-10-16 05:45:00,2023-10-16 05:46:00,SHORT,1918.108,0.5309285714285709,0.0,1.4200000000000728,0.0,2.6745593972825294,,1.0,-1.0
2023-10-16 16:15:00,2023-10-16 16:21:00,LONG,1921.605,1.03335714285715,0.09999999999990905,1.3170000000000073,0.09677196377954773,1.2744867629778098,4.0,6.0,-1.0
2023-10-16 16:50:00,2023-10-16 17:01:00,LONG,1921.085,0.9281428571428348,1.4700000000000273,0.43000000000006366,1.5838079113437646,0.46329074957680744,11.0,1.0,1.5
2023-10-16 20:10:00,2023-10-16 20:36:00,SHORT,1919.185,0.61807142857143,0.08999999999991815,0.6600000000000819,0.1456142378364557,1.067837744135112,6.0,26.0,-1.0
2023-10-17 04:50:00,2023-10-17 05:00:00,SHORT,1915.125,0.6524285714285563,0.9800000000000182,0.43000000000006366,1.5020801401358193,0.659075979855598,10.0,2.0,1.5
2023-10-17 06:25:00,2023-10-17 06:26:00,LONG,1917.395,0.8962142857142388,0.0,1.0199999999999818,0.0,1.1381206662947712,,1.0,-1.0
2023-10-17 08:40:00,2023-10-17 09:17:00,LONG,1919.565,1.0711428571428314,1.849999999999909,0.9800000000000182,1.7271272339290042,0.9149106428381291,37.0,7.0,1.5
2023-10-17 11:30:00,2023-10-17 11:31:00,LONG,1924.385,0.9702142857142917,0.0,0.9900000000000091,0.0,1.020393138481929,,1.0,-1.0
2023-10-17 15:50:00,2023-10-17 16:15:00,LONG,1926.208,1.588571428571413,0.59699999999998,1.65300000000002,0.3758093525179767,1.0405575539568575,9.0,25.0,-1.0
2023-10-17 17:20:00,2023-10-17 17:39:00,SHORT,1923.585,1.1064285714285558,1.6800000000000637,0.8899999999998727,1.5183989670756117,0.8043899289863392,19.0,1.0,1.5
2023-10-18 04:25:00,2023-10-18 05:01:00,LONG,1937.465,0.70814285714284,1.1300000000001091,0.31999999999993634,1.595723219689521,0.45188622150486357,36.0,1.0,1.5
2023-10-18 08:30:00,2023-10-18 09:30:00,LONG,1938.935,1.1881428571428256,3.1100000000001273,1.0399999999999636,2.617530359504806,0.8753156186124731,60.0,19.0,1.5
2023-10-18 08:50:00,2023-10-18 09:29:00,LONG,1938.735,1.1097857142856842,1.8400000000001455,0.6399999999998727,1.6579777305787948,0.5766879062881162,39.0,8.0,1.5
2023-10-18 09:00:00,2023-10-18 09:30:00,LONG,1939.125,1.086428571428574,2.9200000000000728,0.8599999999999,2.687705456936287,0.7915844838920822,30.0,1.0,1.5
2023-10-18 22:55:00,2023-10-18 23:06:00,SHORT,1949.555,0.8035714285714286,0.14000000000010004,1.0699999999999363,0.1742222222223467,1.3315555555554763,2.0,11.0,-1.0
2023-10-18 23:40:00,2023-10-18 23:41:00,LONG,1950.935,0.5335714285714468,0.0,0.599999999999909,0.0,1.1244979919676625,,1.0,-1.0
2023-10-19 22:15:00,2023-10-19 22:27:00,LONG,1973.078,0.6282857142857178,1.0270000000000437,0.1230000000000473,1.6346066393815974,0.1957708049113975,12.0,5.0,1.5
2023-10-19 23:30:00,2023-10-19 23:31:00,LONG,1978.615,2.3457142857143123,2.3099999999999454,4.4500000000000455,0.9847746650425965,1.897076735688183,1.0,1.0,-1.0
2023-10-20 04:05:00,2023-10-20 04:14:00,LONG,1978.045,0.7995714285714257,0.11999999999989086,0.8100000000001728,0.1500804002142646,1.0130427014474237,1.0,9.0,-1.0
2023-10-20 13:15:00,2023-10-20 13:31:00,SHORT,1977.145,2.137214285714257,0.06999999999993634,2.150000000000091,0.03275291601213602,1.0059824203737067,4.0,16.0,-1.0
2023-10-20 19:30:00,2023-10-20 19:41:00,SHORT,1980.628,1.2155000000000038,0.1899999999998272,1.23700000000008,0.15631427396119013,1.0176881941588451,5.0,11.0,-1.0
2023-10-20 19:40:00,2023-10-20 19:41:00,SHORT,1980.635,1.0924285714285784,0.0,1.2300000000000182,0.0,1.125931737936455,,1.0,-1.0
2023-10-20 19:55:00,2023-10-20 20:36:00,SHORT,1979.595,1.0838571428571413,0.7599999999999909,1.1399999999998727,0.7011994200606226,1.0517991300908291,35.0,41.0,-1.0
2023-10-23 04:00:00,2023-10-23 04:07:00,LONG,1974.578,1.2321428571428896,0.049999999999954525,1.413000000000011,0.04057971014488956,1.1467826086956308,4.0,7.0,-1.0
2023-10-23 15:10:00,2023-10-23 15:48:00,SHORT,1977.335,1.7659285714285358,2.769999999999982,1.4500000000000455,1.568579864903148,0.8210977632164804,38.0,2.0,1.5
2023-10-23 17:50:00,2023-10-23 19:21:00,SHORT,1976.775,1.6329285714286275,2.540000000000191,1.240000000000009,1.5554875114825009,0.7593718559992796,91.0,53.0,1.5
2023-10-23 22:30:00,2023-10-23 23:30:00,SHORT,1973.205,0.4859285714285631,0.4199999999998454,0.5099999999999909,0.8643245626926263,1.0495369689842708,30.0,60.0,-1.0
2023-10-23 23:40:00,2023-10-23 23:46:00,SHORT,1972.198,0.4162142857142856,0.9130000000000109,0.2300000000000182,2.193581602883157,0.5525999656770646,6.0,1.0,1.5
2023-10-24 03:30:00,2023-10-24 04:01:00,LONG,1977.855,1.1685714285714215,0.2999999999999545,1.3199999999999363,0.25672371638138075,1.129584352078192,5.0,31.0,-1.0
2023-10-24 15:10:00,2023-10-24 15:24:00,SHORT,1961.575,1.8678571428571331,0.38000000000010914,1.8999999999998636,0.2034416826004419,1.0172084130018444,4.0,14.0,-1.0
2023-10-24 18:45:00,2023-10-24 19:30:00,LONG,1972.465,0.939785714285709,1.400000000000091,0.9499999999998181,1.489701299688484,1.0108687390740692,31.0,45.0,-1.0
2023-10-25 01:05:00,2023-10-25 01:28:00,LONG,1974.705,1.1374285714285537,0.4700000000000273,1.1869999999998981,0.41321276061294177,1.0435820145691304,4.0,23.0,-1.0
2023-10-25 01:50:00,2023-10-25 01:51:00,LONG,1975.885,1.286928571428559,0.0,1.6600000000000819,0.0,1.2898928789477366,,1.0,-1.0
2023-10-25 05:00:00,2023-10-25 05:07:00,SHORT,1971.295,0.8471428571428176,0.6300000000001091,1.009999999999991,0.7436762225971282,1.1922428330523216,2.0,7.0,-1.0
2023-10-25 15:40:00,2023-10-25 15:41:00,LONG,1981.395,3.730000000000018,0.0,3.9300000000000637,0.0,1.0536193029490737,,1.0,-1.0
2023-10-25 19:05:00,2023-10-25 19:49:00,LONG,1981.705,0.9535714285714383,0.8900000000001,1.3299999999999272,0.9333333333334287,1.3947565543070255,30.0,44.0,-1.0
2023-10-25 19:25:00,2023-10-25 19:43:00,LONG,1982.235,0.8618571428571451,0.36000000000012733,0.9199999999998454,0.4177026355048707,1.0674622907341125,10.0,18.0,-1.0
2023-10-26 01:45:00,2023-10-26 03:01:00,LONG,1985.555,1.1597142857142768,1.2300000000000182,1.2000000000000455,1.0606060606060845,1.034737620103521,20.0,76.0,-1.0
2023-10-26 02:30:00,2023-10-26 02:44:00,LONG,1985.755,1.1428571428571428,0.36999999999989086,1.290000000000191,0.3237499999999045,1.1287500000001671,5.0,14.0,-1.0
2023-10-26 03:25:00,2023-10-26 03:41:00,LONG,1985.085,0.7572142857142613,1.240000000000009,0.5199999999999818,1.6375813602490978,0.6867276672012056,16.0,6.0,1.5
2023-10-26 07:35:00,2023-10-26 07:36:00,LONG,1988.195,1.3967142857142594,0.0,1.3969999999999345,0.0,1.000204561726473,,1.0,-1.0
2023-10-26 09:20:00,2023-10-26 09:21:00,LONG,1990.935,1.1539999999999964,0.0,1.4400000000000546,0.0,1.24783362218376,,1.0,-1.0
2023-10-26 09:35:00,2023-10-26 09:47:00,LONG,1991.605,1.1556428571428472,0.2799999999999727,1.3910000000000764,0.2422893874775729,1.2036590642191258,7.0,12.0,-1.0
2023-10-26 18:40:00,2023-10-26 19:10:00,LONG,1986.495,1.0085714285714371,0.43000000000006366,1.3699999999998909,0.42634560906521535,1.3583569405097953,18.0,30.0,-1.0
2023-10-27 03:00:00,2023-10-27 03:01:00,LONG,1987.805,1.0802142857142891,0.0,1.150000000000091,0.0,1.0646035839450654,,1.0,-1.0
2023-10-27 08:45:00,2023-10-27 08:58:00,SHORT,1986.118,0.8610714285714168,0.6330000000000382,0.9570000000001073,0.7351306511821365,1.111406055578738,8.0,13.0,-1.0
2023-10-27 16:15:00,2023-10-27 16:49:00,SHORT,1980.595,1.3242857142856954,1.0499999999999545,1.599999999999909,0.7928802588996533,1.2081984897518363,22.0,34.0,-1.0
2023-10-27 20:50:00,2023-10-29 22:00:00,LONG,2005.595,1.0230714285714353,1.0529999999998836,1.4600000000000364,1.029253647978655,1.4270753333799047,2950.0,2950.0,-1.0
2023-10-30 00:25:00,2023-10-30 00:37:00,LONG,2003.465,1.006428571428598,1.6000000000001364,0.7400000000000091,1.5897799858056292,0.7352732434350499,12.0,1.0,1.5
2023-10-30 01:50:00,2023-10-30 02:14:00,LONG,2004.075,1.1074285714285483,0.7899999999999636,1.1300000000001091,0.7133642930856373,1.0203818369454243,6.0,24.0,-1.0
2023-10-30 02:35:00,2023-10-30 02:58:00,LONG,2003.795,0.9442857142857,0.13999999999987267,0.9700000000000273,0.14826021180017,1.0272314674735694,4.0,23.0,-1.0
2023-10-30 04:10:00,2023-10-30 04:30:00,SHORT,2002.195,0.7069285714285668,1.1499999999998636,0.13000000000010914,1.626755582499565,0.183894109326214,20.0,1.0,1.5
2023-10-30 12:50:00,2023-10-30 13:12:00,LONG,1997.795,1.7791428571428989,2.9629999999999654,1.6300000000001091,1.665408704030775,0.9161715111611126,22.0,2.0,1.5
2023-10-30 14:00:00,2023-10-30 14:28:00,LONG,2000.605,2.0454999999999637,1.759999999999991,2.2799999999999727,0.8604253238817023,1.114641896846743,20.0,28.0,-1.0
2023-10-30 14:15:00,2023-10-30 14:28:00,LONG,2001.105,2.1000714285714173,1.259999999999991,2.7799999999999727,0.5999795925308652,1.323764497806191,5.0,13.0,-1.0
2023-10-30 20:55:00,2023-10-30 22:58:00,SHORT,1995.728,0.6242857142857474,1.0030000000001564,0.5470000000000255,1.6066361556065727,0.876201372997706,123.0,68.0,1.5
2023-10-30 23:45:00,2023-10-30 23:54:00,SHORT,1995.425,0.6347857142857265,0.2599999999999909,0.6900000000000546,0.4095870372453924,1.08698098345905,3.0,9.0,-1.0
2023-10-31 09:15:00,2023-10-31 10:47:00,LONG,1996.885,1.2645714285713925,2.0599999999999454,0.7100000000000364,1.629010393131499,0.5614550384094438,92.0,13.0,1.5
2023-10-31 09:30:00,2023-10-31 10:20:00,LONG,1996.965,1.0022142857142657,1.6100000000001273,0.6499999999998636,1.6064428764879362,0.6485638942340725,50.0,31.0,1.5
2023-10-31 19:35:00,2023-10-31 20:20:00,SHORT,1985.515,1.4047857142857245,2.2100000000000364,0.4699999999997999,1.5731936746834945,0.3345706004981518,45.0,1.0,1.5
2023-10-31 23:15:00,2023-10-31 23:52:00,SHORT,1984.265,0.718571428571441,1.2200000000000273,0.4499999999998181,1.6978131212723746,0.6262425447313464,37.0,7.0,1.5
2023-11-01 09:45:00,2023-11-01 10:00:00,LONG,1981.195,1.2175714285714159,2.009999999999991,0.5499999999999545,1.6508271735304567,0.45171887832919416,15.0,1.0,1.5
2023-11-01 11:20:00,2023-11-01 11:21:00,LONG,1983.715,0.7619285714285492,0.0,1.1699999999998454,0.0,1.5355770132181787,,1.0,-1.0
2023-11-01 17:30:00,2023-11-01 17:31:00,SHORT,1977.495,1.4552142857142891,0.0,2.0300000000002,0.0,1.3949835566682733,,1.0,-1.0
2023-11-01 18:25:00,2023-11-01 18:31:00,SHORT,1978.555,1.6613571428571763,0.9070000000001528,3.752999999999929,0.545939206328814,2.2589965174770175,4.0,6.0,-1.0
2023-11-01 20:10:00,2023-11-01 20:50:00,SHORT,1978.355,1.9168571428570789,1.3969999999999345,2.923000000000002,0.7287971381725942,1.5248919362051494,18.0,40.0,-1.0
2023-11-02 02:35:00,2023-11-02 02:46:00,LONG,1986.035,0.7192142857142991,0.4199999999998454,0.75,0.5839706028401753,1.0428046479292685,7.0,11.0,-1.0
2023-11-02 10:50:00,2023-11-02 11:24:00,LONG,1989.135,1.0105000000000115,1.2000000000000455,1.2799999999999727,1.187530925284544,1.266699653636772,23.0,34.0,-1.0
2023-11-02 14:55:00,2023-11-02 15:28:00,SHORT,1984.198,1.8763571428571109,3.283000000000129,0.9269999999999072,1.7496669077620994,0.4940424074003168,33.0,3.0,1.5
2023-11-02 16:40:00,2023-11-02 17:01:00,SHORT,1980.985,1.6212142857143104,0.5769999999999982,1.7100000000000364,0.35590606688107906,1.0547649469092895,2.0,21.0,-1.0
2023-11-02 16:55:00,2023-11-02 17:16:00,SHORT,1981.725,1.369285714285752,0.30999999999994543,1.6200000000001182,0.22639540949395495,1.1830985915493495,6.0,21.0,-1.0
2023-11-02 17:10:00,2023-11-02 17:17:00,SHORT,1982.408,1.2997857142857387,0.13299999999981083,1.4370000000001255,0.10232455899309317,1.1055668516789239,5.0,7.0,-1.0
2023-11-02 20:30:00,2023-11-02 22:17:00,LONG,1985.138,0.6292857142857103,1.3070000000000164,0.37999999999988177,2.0769580022701866,0.6038592508511212,107.0,90.0,1.5
2023-11-02 20:45:00,2023-11-02 22:00:00,LONG,1985.428,0.5275714285714425,0.5699999999999363,0.6700000000000728,1.0804224207959516,1.2699702139183282,75.0,75.0,-1.0
2023-11-02 22:15:00,2023-11-02 22:32:00,LONG,1986.055,0.4890000000000165,0.38999999999987267,0.5900000000001455,0.7975460122696514,1.2065439672804206,2.0,17.0,-1.0
2023-11-03 05:15:00,2023-11-03 05:56:00,LONG,1986.245,0.4771428571428617,0.8300000000001546,0.3009999999999309,1.7395209580841398,0.6308383233531425,41.0,28.0,1.5
2023-11-03 12:05:00,2023-11-03 12:20:00,SHORT,1987.275,0.7857142857142857,0.4800000000000182,1.9099999999998545,0.610909090909114,2.430909090908906,2.0,15.0,-1.0
2023-11-03 12:15:00,2023-11-03 12:20:00,SHORT,1987.155,0.7521428571428714,0.18000000000006366,2.0299999999999727,0.2393162393163194,2.698955365621945,5.0,5.0,-1.0
2023-11-03 12:30:00,2023-11-03 12:31:00,LONG,1999.745,2.1665000000000094,0.0,3.8199999999999363,0.0,1.7632125548118716,,1.0,-1.0
2023-11-03 16:55:00,2023-11-03 17:05:00,SHORT,1990.235,1.6762142857142766,0.4699999999997999,2.4200000000000728,0.28039374440692183,1.4437294924788513,5.0,10.0,-1.0
2023-11-06 06:20:00,2023-11-06 07:09:00,SHORT,1984.465,1.007857142857087,1.5199999999999818,0.8300000000001546,1.508150248051093,0.8235294117649049,49.0,14.0,1.5
2023-11-06 07:00:00,2023-11-06 07:22:00,SHORT,1983.855,0.8699999999999883,1.650000000000091,0.5499999999999545,1.896551724138061,0.6321839080459332,22.0,3.0,1.5
2023-11-06 07:40:00,2023-11-06 07:47:00,SHORT,1983.485,0.8350000000000202,0.01999999999998181,1.1300000000001091,0.02395209580836087,1.3532934131737506,5.0,7.0,-1.0
2023-11-06 13:10:00,2023-11-06 13:11:00,SHORT,1984.285,1.1442857142857779,0.0,1.1730000000000018,0.0,1.0250936329587461,,1.0,-1.0
2023-11-07 00:50:00,2023-11-07 00:51:00,SHORT,1975.965,0.7459285714285703,0.0,0.8400000000001455,0.0,1.1261131858663271,,1.0,-1.0
2023-11-07 01:10:00,2023-11-07 01:22:00,SHORT,1975.038,0.7095000000000157,0.3530000000000655,0.8070000000000164,0.49753347427774164,1.1374207188160657,8.0,12.0,-1.0
2023-11-07 02:05:00,2023-11-07 02:37:00,SHORT,1975.195,0.844285714285726,1.3899999999998727,0.7100000000000364,1.6463620981385743,0.8409475465313343,32.0,1.0,1.5
2023-11-07 08:05:00,2023-11-07 08:06:00,SHORT,1968.525,0.9891428571428216,0.0,1.0,0.0,1.010976314269245,,1.0,-1.0
2023-11-07 09:35:00,2023-11-07 09:36:00,SHORT,1966.795,1.2059999999999849,0.0,1.3199999999999363,0.0,1.0945273631840406,,1.0,-1.0
2023-11-07 16:30:00,2023-11-07 16:49:00,LONG,1965.675,1.5143571428571445,0.44000000000005457,1.6800000000000637,0.2905523324371849,1.1093816329418833,6.0,19.0,-1.0
2023-11-08 02:40:00,2023-11-08 02:47:00,LONG,1969.155,0.840785714285695,0.009999999999990905,0.8899999999998727,0.011893636904245677,1.0585336844786766,4.0,7.0,-1.0
2023-11-08 14:35:00,2023-11-08 14:51:00,SHORT,1962.515,1.4916428571428761,2.790000000000191,0.8399999999999181,1.870420916535085,0.5631374802470289,16.0,3.0,1.5
2023-11-08 16:40:00,2023-11-08 18:17:00,SHORT,1955.515,2.4455714285714327,4.0,1.3899999999998727,1.635609556632978,0.5683743209299078,97.0,1.0,1.5
2023-11-08 21:40:00,2023-11-08 21:54:00,SHORT,1949.698,0.49935714285714183,0.09300000000007458,0.5599999999999454,0.18623945072250706,1.121441853811937,5.0,14.0,-1.0
2023-11-09 00:15:00,2023-11-09 00:16:00,SHORT,1949.315,0.6385714285714325,0.0,0.7000000000000455,0.0,1.096196868009013,,1.0,-1.0
2023-11-09 17:00:00,2023-11-09 17:09:00,LONG,1961.285,1.2881428571428484,2.173000000000002,1.259999999999991,1.6869246977930705,0.9781523788399685,9.0,1.0,1.5
2023-11-09 23:05:00,2023-11-09 23:11:00,SHORT,1958.098,0.48064285714286015,0.2899999999999636,0.5399999999999636,0.603358597116877,1.1234953187694223,5.0,6.0,-1.0
2023-11-10 00:25:00,2023-11-10 00:26:00,LONG,1959.945,0.6154999999999647,0.0,0.8969999999999345,0.0,1.4573517465474994,,1.0,-1.0
2023-11-10 01:15:00,2023-11-10 01:26:00,LONG,1960.685,0.7409999999999529,0.009999999999990905,0.9199999999998454,0.013495276653159973,1.2415654520916382,4.0,11.0,-1.0
2023-11-10 04:15:00,2023-11-10 04:21:00,LONG,1958.525,0.5657142857142746,0.1999999999998181,0.8500000000001364,0.35353535353503895,1.502525252525523,5.0,6.0,-1.0
2023-11-10 04:20:00,2023-11-10 04:25:00,SHORT,1957.775,0.5728571428571253,0.290000000000191,0.6399999999998727,0.5062344139654362,1.117206982543453,3.0,5.0,-1.0
2023-11-10 06:00:00,2023-11-10 06:01:00,SHORT,1956.215,0.5416428571428469,0.0,0.900000000000091,0.0,1.6616114994067668,,1.0,-1.0
2023-11-10 08:45:00,2023-11-10 08:46:00,SHORT,1955.085,0.9967142857143146,0.0,1.0499999999999545,0.0,1.0534613730829108,,1.0,-1.0
2023-11-10 09:50:00,2023-11-10 09:51:00,SHORT,1953.925,0.7292857142857331,0.0,1.009999999999991,0.0,1.384916748285946,,1.0,-1.0
2023-11-10 14:10:00,2023-11-10 14:41:00,SHORT,1946.525,1.7588571428571609,2.9200000000000728,0.9199999999998454,1.6601689408707196,0.5230669265756053,31.0,20.0,1.5
2023-11-10 19:00:00,2023-11-10 19:09:00,SHORT,1935.595,1.3019285714285778,0.6900000000000546,1.3999999999998636,0.5299829922642627,1.075327810391068,1.0,9.0,-1.0
2023-11-10 20:20:00,2023-11-10 21:12:00,SHORT,1935.615,0.7447857142857239,0.31999999999993634,0.8199999999999363,0.4296537834467297,1.1009878200823784,36.0,52.0,-1.0
2023-11-10 21:05:00,2023-11-10 21:15:00,SHORT,1936.025,0.5442857142857065,0.10000000000013642,0.9099999999998545,0.18372703412098818,1.6719160104984443,5.0,10.0,-1.0
2023-11-13 01:55:00,2023-11-13 01:56:00,LONG,1940.225,0.9776428571428823,0.0,1.0899999999999181,0.0,1.114926572660076,,1.0,-1.0
2023-11-13 07:25:00,2023-11-13 07:34:00,LONG,1939.178,0.8057142857142837,1.3869999999999436,0.540000000000191,1.721453900709154,0.6702127659576855,9.0,3.0,1.5
2023-11-13 09:40:00,2023-11-13 10:25:00,SHORT,1938.618,0.9661428571428458,1.6599999999998545,0.7599999999999909,1.718172408694236,0.786633150968505,45.0,1.0,1.5
2023-11-13 13:50:00,2023-11-13 14:19:00,SHORT,1935.935,1.50014285714287,2.3599999999999,0.4600000000000364,1.57318350633265,0.3066374630987741,29.0,1.0,1.5
2023-11-13 15:30:00,2023-11-13 15:46:00,SHORT,1934.978,1.7275714285714068,0.6200000000001182,1.7569999999998345,0.3588853055487375,1.017034648143471,7.0,16.0,-1.0
2023-11-13 18:10:00,2023-11-13 18:38:00,LONG,1946.565,1.1443571428571886,0.75,1.5,0.6553898008863105,1.310779601772621,13.0,28.0,-1.0
2023-11-13 18:55:00,2023-11-13 19:16:00,LONG,1947.775,0.9767142857143492,0.1999999999998181,1.1200000000001182,0.20476817317516977,1.1467017697821147,5.0,21.0,-1.0
2023-11-13 20:20:00,2023-11-13 20:29:00,LONG,1945.598,0.5559285714286294,0.08000000000015461,0.5699999999999363,0.14390337915997017,1.0253115765126912,5.0,9.0,-1.0
2023-11-13 20:30:00,2023-11-13 20:48:00,LONG,1945.645,0.5630714285714801,0.8530000000000655,0.5399999999999636,1.5149054928326557,0.9590257516172522,18.0,2.0,1.5
2023-11-13 20:55:00,2023-11-13 20:56:00,LONG,1946.568,0.5920714285714439,0.0,0.8630000000000564,0.0,1.4575944022198668,,1.0,-1.0
2023-11-13 21:15:00,2023-11-13 23:00:00,LONG,1946.365,0.5544285714285999,0.10300000000006548,0.7970000000000255,0.18577686163370816,1.4375161040968543,7.0,105.0,-1.0
2023-11-14 00:05:00,2023-11-14 00:38:00,LONG,1946.715,0.40907142857138623,0.3500000000001364,0.8170000000000073,0.855596298236846,1.9972062161692485,17.0,33.0,-1.0
2023-11-14 09:15:00,2023-11-14 09:16:00,LONG,1947.384,0.8662142857142824,0.0,1.5860000000000127,0.0,1.830955718644369,,1.0,-1.0
2023-11-14 16:40:00,2023-11-14 16:41:00,LONG,1965.515,1.72907142857142,0.0,2.380000000000109,0.0,1.376461354153827,,1.0,-1.0
2023-11-14 17:00:00,2023-11-14 17:11:00,LONG,1964.555,1.5883571428571486,0.4700000000000273,1.9200000000000728,0.2959032243558195,1.2087961505599192,4.0,11.0,-1.0
2023-11-14 17:25:00,2023-11-14 18:00:00,LONG,1963.215,1.4302857142857224,0.6300000000001091,1.6399999999998727,0.4404714342789392,1.1466240511385382,2.0,35.0,-1.0
2023-11-14 20:05:00,2023-11-14 20:06:00,LONG,1963.965,0.6078571428571584,0.0,0.6099999999999,0.0,1.0035252643946393,,1.0,-1.0
2023-11-15 02:15:00,2023-11-15 02:38:00,LONG,1963.775,0.9452142857142819,0.2400000000000091,1.050000000000182,0.25391067785083815,1.1108592155975672,10.0,23.0,-1.0
2023-11-15 02:50:00,2023-11-15 03:03:00,LONG,1964.128,0.8030714285714404,1.23700000000008,0.38999999999987267,1.5403362091969106,0.4856355065372353,13.0,7.0,1.5
2023-11-15 06:10:00,2023-11-15 06:25:00,LONG,1967.515,0.7688571428571193,1.1599999999998545,0.3000000000001819,1.5087328130804962,0.3901895206245518,15.0,1.0,1.5
2023-11-15 10:10:00,2023-11-15 10:23:00,LONG,1972.235,0.8942857142857454,1.6100000000001273,0.709999999999809,1.800319488817971,0.7939297124598227,13.0,1.0,1.5
2023-11-15 11:15:00,2023-11-15 11:16:00,LONG,1972.985,0.8452857142857348,0.0,0.9869999999998527,0.0,1.167652526618016,,1.0,-1.0
2023-11-15 16:00:00,2023-11-15 16:35:00,SHORT,1962.255,1.6570714285714172,2.520000000000209,1.3429999999998472,1.520755204965868,0.8104659683606186,35.0,1.0,1.5
2023-11-15 16:30:00,2023-11-15 16:31:00,SHORT,1961.015,1.5820714285714206,0.0,2.240000000000009,0.0,1.415865276084712,,1.0,-1.0
2023-11-15 23:50:00,2023-11-16 00:00:00,SHORT,1960.015,0.5214285714286494,0.5,0.5499999999999545,0.9589041095888977,1.0547945205477003,1.0,10.0,-1.0
2023-11-16 08:20:00,2023-11-16 08:52:00,LONG,1965.865,0.8115714285714343,1.5499999999999545,0.6200000000001182,1.909875022003099,0.7639500088014077,32.0,1.0,1.5
2023-11-16 08:40:00,2023-11-16 09:08:00,LONG,1966.378,0.8504999999999947,1.6870000000001255,0.04399999999986903,1.9835390946503657,0.05173427395634251,28.0,1.0,1.5
2023-11-16 10:05:00,2023-11-16 10:29:00,LONG,1966.505,0.7041428571428696,0.09999999999990905,0.7100000000000364,0.14201663623439864,1.0083181172651992,6.0,24.0,-1.0
2023-11-16 13:30:00,2023-11-16 13:31:00,LONG,1971.775,1.4413571428571328,0.0,3.5110000000001946,0.0,2.4358987065762956,,1.0,-1.0
2023-11-16 13:45:00,2023-11-16 14:15:00,LONG,1972.135,1.7106428571428458,2.650000000000091,1.1099999999999,1.5491252244353217,0.6488788675935823,30.0,1.0,1.5
2023-11-16 16:55:00,2023-11-16 18:41:00,LONG,1981.935,2.0002142857143133,3.0499999999999545,1.2000000000000455,1.5248366246473155,0.599935721172746,106.0,18.0,1.5
2023-11-16 17:40:00,2023-11-16 20:20:00,LONG,1982.695,1.65285714285715,2.4200000000000728,1.8099999999999454,1.4641313742437716,1.095073465859945,63.0,160.0,-1.0
2023-11-16 20:00:00,2023-11-16 20:12:00,LONG,1983.635,0.5883571428571811,0.37000000000011823,0.6199999999998909,0.6288697341266625,1.0537817166441554,9.0,12.0,-1.0
2023-11-17 01:40:00,2023-11-17 02:05:00,LONG,1983.385,1.0067142857143219,1.75,0.5599999999999454,1.7383283666807947,0.5562650773378001,25.0,10.0,1.5
2023-11-17 07:15:00,2023-11-17 07:16:00,SHORT,1982.895,0.7190714285713966,0.0,1.0399999999999636,0.0,1.446309724843562,,1.0,-1.0
2023-11-17 08:15:00,2023-11-17 08:33:00,LONG,1985.645,1.147428571428577,2.4329999999999927,0.650000000000091,2.120393426294804,0.5664840637450964,18.0,2.0,1.5
2023-11-17 15:40:00,2023-11-17 16:11:00,SHORT,1983.075,1.841714285714277,1.1400000000001,1.8730000000000473,0.6189885200124681,1.016987278932702,22.0,31.0,-1.0
2023-11-17 20:40:00,2023-11-19 23:00:00,SHORT,1980.605,0.6835714285714728,2.9069999999999254,0.2599999999999909,4.252664576802124,0.38035527690696314,3020.0,8.0,1.5
2023-11-17 20:50:00,2023-11-19 23:00:00,SHORT,1980.535,0.6314285714286143,2.836999999999989,0.22000000000002728,4.492986425339044,0.34841628959277976,3010.0,9.0,1.5
2023-11-20 08:15:00,2023-11-20 09:18:00,SHORT,1977.528,1.2214285714285325,1.52800000000002,1.856999999999971,1.25099415204684,1.5203508771930072,37.0,63.0,-1.0
2023-11-20 13:05:00,2023-11-20 13:27:00,SHORT,1972.245,1.1532857142856787,2.209999999999809,0.5600000000001728,1.9162640901770271,0.48556918122151993,22.0,3.0,1.5
2023-11-21 08:25:00,2023-11-21 08:40:00,LONG,1992.615,1.1412142857142595,0.9729999999999563,1.8199999999999363,0.8526006133817176,1.5947925142391997,7.0,15.0,-1.0
2023-11-21 19:05:00,2023-11-21 19:06:00,SHORT,1996.795,1.3316428571428756,0.0,2.0499999999999545,0.0,1.5394518049669563,,1.0,-1.0
2023-11-21 23:25:00,2023-11-21 23:26:00,SHORT,1999.065,0.5339999999999918,0.0,0.6099999999999,0.0,1.1423220973781074,,1.0,-1.0
2023-11-22 00:10:00,2023-11-22 00:50:00,SHORT,1997.975,0.6048571428571644,1.009999999999991,0.47900000000004184,1.6698157770429107,0.7919225318847836,40.0,3.0,1.5
2023-11-22 02:20:00,2023-11-22 02:21:00,SHORT,1995.508,0.8794285714285641,0.0,1.0299999999999727,0.0,1.1712150747238255,,1.0,-1.0
2023-11-22 05:55:00,2023-11-22 06:16:00,LONG,1998.745,0.8693571428571464,1.3200000000001637,0.8399999999999181,1.5183633226523883,0.9662312053240331,21.0,1.0,1.5
2023-11-22 06:05:00,2023-11-22 06:06:00,LONG,1999.185,0.8174285714285686,0.0,0.9700000000000273,0.0,1.1866480251660634,,1.0,-1.0
2023-11-22 13:00:00,2023-11-22 13:01:00,LONG,2002.605,0.8721428571428272,0.0,1.0799999999999272,0.0,1.2383292383291973,,1.0,-1.0
2023-11-22 20:45:00,2023-11-22 23:00:00,SHORT,1989.925,0.5542857142857136,1.509999999999991,0.4800000000000182,2.724226804123698,0.8659793814433329,135.0,7.0,1.5
2023-11-23 01:10:00,2023-11-23 01:30:00,LONG,1992.485,0.6851428571428642,0.2700000000002092,0.7769999999998163,0.3940783986658559,1.1340700583817052,4.0,20.0,-1.0
2023-11-23 01:40:00,2023-11-23 01:41:00,LONG,1992.708,0.7065714285714648,0.0,1.0,0.0,1.4152850788515245,,1.0,-1.0
2023-11-23 06:35:00,2023-11-23 06:36:00,LONG,1995.965,0.6455714285714456,0.0,0.75,0.0,1.1617614516485641,,1.0,-1.0
2023-11-23 11:10:00,2023-11-23 11:11:00,SHORT,1992.875,0.737214285714247,0.0,0.8900000000001,0.0,1.2072473597521611,,1.0,-1.0
2023-11-23 12:25:00,2023-11-23 12:57:00,SHORT,1992.775,0.5790714285714428,0.9300000000000637,0.4299999999998363,1.606019489330279,0.7425681509803331,32.0,11.0,1.5
2023-11-23 14:20:00,2023-11-23 14:32:00,SHORT,1992.125,0.7680714285713748,0.16000000000008185,1.0,0.2083139588953132,1.3019622430950415,4.0,12.0,-1.0
2023-11-23 14:50:00,2023-11-23 14:51:00,SHORT,1993.295,0.8466428571428618,0.0,1.3699999999998909,0.0,1.618155741162437,,1.0,-1.0
2023-11-24 00:30:00,2023-11-24 00:53:00,LONG,1993.445,0.5834285714285637,0.9130000000000109,0.2699999999999818,1.564887365328149,0.46278158667970065,23.0,10.0,1.5
2023-11-24 00:40:00,2023-11-24 00:54:00,LONG,1993.565,0.5870000000000053,1.163000000000011,0.37000000000011823,1.9812606473594556,0.6303236797276234,14.0,1.0,1.5
2023-11-24 11:15:00,2023-11-24 11:23:00,LONG,1995.675,0.7622857142856999,0.3400000000001455,0.7699999999999818,0.44602698650694594,1.0101199400299803,6.0,8.0,-1.0
2023-11-24 11:35:00,2023-11-24 12:06:00,LONG,1995.315,0.7060000000000011,1.25,0.6200000000001182,1.7705382436260597,0.8781869688386931,31.0,1.0,1.5
2023-11-24 11:45:00,2023-11-24 12:07:00,LONG,1995.564,0.6842142857142984,1.0509999999999309,0.5299999999999727,1.536068483140073,0.7746111285102286,22.0,5.0,1.5
2023-11-24 12:25:00,2023-11-24 12:44:00,LONG,1996.208,0.7892142857143328,0.3170000000000073,1.1030000000000655,0.40166530907772985,1.397592542311521,3.0,19.0,-1.0
2023-11-24 17:05:00,2023-11-24 17:29:00,LONG,1999.938,0.9899999999999766,2.259999999999991,0.4700000000000273,2.2828282828283277,0.47474747474751355,24.0,11.0,1.5
2023-11-27 03:40:00,2023-11-27 03:59:00,LONG,2010.765,1.1767142857143134,0.4499999999998181,1.3470000000002074,0.3824207842659527,1.1447128809033909,13.0,19.0,-1.0
2023-11-27 04:15:00,2023-11-27 04:39:00,LONG,2010.005,1.2169285714286064,1.8299999999999272,0.7970000000000255,1.5037858777952835,0.6549275107119819,24.0,1.0,1.5
2023-11-27 04:30:00,2023-11-27 04:41:00,LONG,2010.455,1.0510000000000446,1.9600000000000364,0.2400000000000091,1.864890580399575,0.22835394862036054,11.0,6.0,1.5
2023-11-27 08:05:00,2023-11-27 08:11:00,LONG,2011.025,0.9059999999999816,1.4399999999998272,0.4500000000000455,1.5894039735097754,0.4966887417219146,6.0,1.0,1.5
2023-11-27 08:20:00,2023-11-27 09:00:00,LONG,2012.285,1.0430714285714333,2.3799999999998818,0.43000000000006366,2.281722933643648,0.4122440594399003,40.0,25.0,1.5
2023-11-27 17:30:00,2023-11-27 18:02:00,SHORT,2009.755,1.2476428571428804,1.1100000000001273,1.25,0.8896776779069957,1.0018892769221774,7.0,32.0,-1.0
2023-11-27 23:40:00,2023-11-27 23:41:00,LONG,2014.345,0.5877142857142579,0.07999999999992724,0.8399999999999181,0.1361205639279332,1.4292659212444594,1.0,1.0,-1.0
2023-11-28 06:50:00,2023-11-28 07:18:00,LONG,2015.815,0.7978571428571318,0.7999999999999545,1.0199999999999818,1.002685765443108,1.2784243509400128,17.0,28.0,-1.0
2023-11-28 09:55:00,2023-11-28 10:18:00,LONG,2015.798,0.9325714285714152,0.40000000000009095,0.9929999999999382,0.42892156862755465,1.0647977941175961,3.0,23.0,-1.0
2023-11-28 13:40:00,2023-11-28 13:41:00,LONG,2019.948,1.5644999999999851,0.0,3.3230000000000928,0.0,2.124001278363774,,1.0,-1.0
2023-11-28 20:35:00,2023-11-28 21:30:00,LONG,2040.708,0.7529285714286159,0.7999999999999545,0.7699999999999818,1.0625177876860545,1.0226733706478615,30.0,55.0,-1.0
2023-11-28 20:45:00,2023-11-28 21:18:00,LONG,2040.825,0.6520714285714543,0.6829999999999927,0.6600000000000819,1.047431263007944,1.012159053565646,20.0,33.0,-1.0
2023-11-28 20:55:00,2023-11-28 21:12:00,LONG,2041.058,0.6204285714285821,0.4500000000000455,0.6430000000000291,0.7253050886484605,1.036380382224298,10.0,17.0,-1.0
2023-11-28 23:10:00,2023-11-28 23:11:00,LONG,2041.655,0.6493571428571191,0.0,0.6600000000000819,0.0,1.0163898361018022,,1.0,-1.0
2023-11-29 08:40:00,2023-11-29 08:41:00,SHORT,2041.764,1.2547142857142717,0.0,1.32100000000014,0.0,1.052829329386438,,1.0,-1.0
2023-11-29 11:20:00,2023-11-29 11:59:00,SHORT,2038.955,1.0201428571428843,0.6799999999998363,1.0399999999999636,0.6665733090601774,1.0194650609157754,20.0,39.0,-1.0
2023-11-29 16:55:00,2023-11-29 17:12:00,LONG,2042.035,1.2914999999999768,1.959999999999809,0.5199999999999818,1.517615176151641,0.40263259775454213,17.0,7.0,1.5
2023-11-29 21:40:00,2023-11-29 21:51:00,SHORT,2044.088,0.49928571428571494,0.06299999999987449,0.5869999999999891,0.12618025751047807,1.1756795422031239,3.0,11.0,-1.0
2023-11-30 08:10:00,2023-11-30 08:23:00,LONG,2044.945,1.0437857142857507,0.6030000000000655,1.336999999999989,0.577704783412073,1.2809142544309309,7.0,13.0,-1.0
2023-11-30 09:45:00,2023-11-30 09:46:00,SHORT,2040.055,1.1882142857142364,0.0,1.3899999999998727,0.0,1.169822663059755,,1.0,-1.0
2023-11-30 12:45:00,2023-11-30 12:46:00,SHORT,2037.725,1.0799999999999759,0.0,1.1800000000000637,0.0,1.092592592592676,,1.0,-1.0
2023-11-30 15:00:00,2023-11-30 15:36:00,SHORT,2035.465,2.6364285714285773,3.119999999999891,2.7100000000000364,1.1834191276076504,1.0279057166079768,10.0,36.0,-1.0
2023-11-30 16:30:00,2023-11-30 16:53:00,SHORT,2038.195,1.8269285714286039,1.349999999999909,2.0700000000001637,0.7389451460295731,1.133049223912178,14.0,23.0,-1.0
2023-11-30 19:55:00,2023-11-30 20:11:00,SHORT,2036.125,0.742142857142848,1.1600000000000819,0.4900000000000091,1.5630413859481564,0.6602502406159972,16.0,1.0,1.5
2023-12-01 02:05:00,2023-12-01 02:49:00,LONG,2041.705,0.8042857142857299,1.009999999999991,0.9700000000000273,1.2557726465363763,1.2060390763765647,23.0,44.0,-1.0
2023-12-01 05:45:00,2023-12-01 06:02:00,LONG,2041.105,0.5668571428571373,0.34999999999990905,0.599999999999909,0.6174395161288779,1.0584677419353339,3.0,17.0,-1.0
2023-12-01 13:40:00,2023-12-01 13:55:00,SHORT,2035.965,1.7384999999999795,1.0299999999999727,1.9100000000000819,0.5924647684785648,1.098648259994308,2.0,15.0,-1.0
2023-12-01 14:05:00,2023-12-01 14:34:00,SHORT,2036.605,1.6170714285714212,1.5570000000000164,1.6800000000000637,0.9628517160652118,1.0389151464287734,14.0,29.0,-1.0
2023-12-01 16:10:00,2023-12-01 16:11:00,LONG,2055.955,3.810785714285722,0.0,4.886999999999716,0.0,1.2824127007927852,,1.0,-1.0
2023-12-01 20:00:00,2023-12-01 20:01:00,LONG,2068.435,1.3267857142857662,0.0,1.5399999999999636,0.0,1.1606998654104252,,1.0,-1.0
2023-12-01 20:20:00,2023-12-01 21:04:00,LONG,2069.385,1.275571428571441,2.3799999999996544,0.6300000000001091,1.8658304401385841,0.4938962929780178,44.0,2.0,1.5
2023-12-04 03:45:00,2023-12-04 04:05:00,SHORT,2086.125,1.514714285714295,2.7199999999998,0.5199999999999818,1.7957181929641124,0.3432990663019759,20.0,6.0,1.5
2023-12-04 05:00:00,2023-12-04 05:15:00,SHORT,2084.775,1.1774285714285335,0.9800000000000182,1.569999999999709,0.8323222518806538,1.3334142198493468,10.0,15.0,-1.0
2023-12-04 09:05:00,2023-12-04 09:06:00,SHORT,2068.895,2.6973571428571694,0.0,2.699999999999818,0.0,1.0009797950373933,,1.0,-1.0
2023-12-04 19:15:00,2023-12-04 19:25:00,SHORT,2024.245,1.6254999999999395,0.4499999999998181,1.7000000000000455,0.2768378960318886,1.045832051676474,2.0,10.0,-1.0
2023-12-05 03:10:00,2023-12-05 03:26:00,LONG,2035.765,0.9956428571428465,1.6199999999998909,0.6300000000001091,1.6270894612238118,0.6327570126983013,16.0,1.0,1.5
2023-12-05 04:25:00,2023-12-05 04:31:00,LONG,2036.905,1.0757142857142006,0.03999999999996362,1.8999999999998636,0.03718459495348838,1.7662682602921775,4.0,6.0,-1.0
2023-12-05 11:15:00,2023-12-05 11:27:00,SHORT,2026.035,1.5590714285714447,2.7000000000000455,0.2300000000000182,1.7318000641407545,0.14752370916755492,12.0,4.0,1.5
2023-12-05 14:20:00,2023-12-05 14:45:00,SHORT,2025.145,2.0858571428571753,8.730000000000018,0.7699999999999818,4.185329771933373,0.3691527977535641,25.0,1.0,1.5
2023-12-05 17:50:00,2023-12-05 18:22:00,SHORT,2017.278,1.9061428571428354,0.5630000000001019,2.119999999999891,0.2953608633741106,1.1121936595967479,6.0,32.0,-1.0
2023-12-06 01:45:00,2023-12-06 02:39:00,LONG,2020.975,1.1835714285714403,1.1700000000000728,1.1899999999998272,0.9885334942667988,1.0054315027155953,27.0,54.0,-1.0
2023-12-06 03:10:00,2023-12-06 03:53:00,LONG,2021.925,0.9193571428571171,2.230000000000018,0.7300000000000182,2.4256079558698724,0.7940330976614514,43.0,1.0,1.5
2023-12-06 11:55:00,2023-12-06 12:04:00,SHORT,2021.265,1.0219285714285564,0.4600000000000364,1.349999999999909,0.4501293073321174,1.321031662822325,2.0,9.0,-1.0
2023-12-06 13:00:00,2023-12-06 13:15:00,LONG,2027.145,1.3785714285714252,3.519999999999982,2.849999999999909,2.553367875647661,2.067357512953307,15.0,15.0,-1.0
2023-12-06 14:20:00,2023-12-06 14:45:00,LONG,2030.285,2.328285714285682,2.6499999999998636,3.637000000000171,1.1381764633696958,1.5620935084060346,14.0,25.0,-1.0
2023-12-06 19:35:00,2023-12-06 20:03:00,LONG,2029.725,0.7939999999999827,0.3830000000000382,0.9109999999998308,0.4823677581864566,1.1473551637277717,11.0,28.0,-1.0
2023-12-07 09:50:00,2023-12-07 10:30:00,LONG,2033.875,1.098928571428522,1.150000000000091,1.1900000000000546,1.046473838154176,1.082872928176894,24.0,40.0,-1.0
2023-12-07 11:50:00,2023-12-07 12:06:00,LONG,2033.165,1.0630714285714638,0.2300000000000182,1.3899999999998727,0.21635422965800902,1.3075320835851356,6.0,16.0,-1.0
2023-12-07 12:15:00,2023-12-07 12:34:00,LONG,2030.845,1.1945000000000294,1.7999999999999545,0.13000000000010914,1.50690665550432,0.10883214734207278,19.0,5.0,1.5
2023-12-07 15:40:00,2023-12-07 16:03:00,SHORT,2028.255,2.4387857142856677,0.7600000000002183,2.4899999999997817,0.3116304952699897,1.0209999121341888,6.0,23.0,-1.0
2023-12-07 16:15:00,2023-12-07 16:21:00,SHORT,2028.055,1.8630714285713859,0.10000000000013642,2.3899999999998727,0.05367480734585523,1.2828278955641217,4.0,6.0,-1.0
2023-12-07 20:05:00,2023-12-07 20:19:00,LONG,2029.978,0.6630714285714377,1.25,0.2300000000000182,1.8851664332650822,0.3468706237208026,14.0,6.0,1.5
2023-12-07 20:30:00,2023-12-07 20:46:00,LONG,2030.235,0.7109285714286021,0.4600000000000364,0.7999999999999545,0.6470410931377707,1.1252888576307525,9.0,16.0,-1.0
2023-12-08 06:35:00,2023-12-08 06:47:00,SHORT,2029.565,1.0842857142856863,0.5,1.1699999999998454,0.4611330698287339,1.0790513833990947,4.0,12.0,-1.0
2023-12-08 08:45:00,2023-12-08 08:53:00,SHORT,2029.015,1.189499999999969,1.8500000000001364,0.9729999999999563,1.5552753257672844,0.8179907524169666,8.0,2.0,1.5
2023-12-08 09:45:00,2023-12-08 09:46:00,SHORT,2027.545,1.2064285714285785,0.0,1.5299999999999727,0.0,1.2682060390763465,,1.0,-1.0
2023-12-08 13:20:00,2023-12-08 13:30:00,SHORT,2027.705,1.134142857142852,10.61999999999989,0.7400000000000091,9.363899735483004,0.6524751228114481,10.0,1.0,1.5
2023-12-08 15:35:00,2023-12-08 16:05:00,SHORT,2011.315,3.174285714285751,5.059999999999945,2.1929999999999836,1.5940594059405586,0.6908640864086277,30.0,1.0,1.5
2023-12-08 18:40:00,2023-12-08 19:23:00,SHORT,1999.848,1.1939999999999114,1.099999999999909,1.23700000000008,0.9212730318257879,1.0360134003351522,16.0,43.0,-1.0
2023-12-08 18:50:00,2023-12-08 18:51:00,SHORT,1999.055,1.2018571428570632,0.0,1.5899999999999181,0.0,1.3229525733983316,,1.0,-1.0
2023-12-11 03:20:00,2023-12-11 03:33:00,SHORT,1999.125,1.3067857142857358,2.0299999999999727,0.4900000000000091,1.5534298988794288,0.3749658376605638,13.0,9.0,1.5
2023-12-11 05:50:00,2023-12-11 06:02:00,SHORT,1999.175,0.7786428571428782,1.5470000000000255,0.39000000000010004,1.9867902027336732,0.5008714796808782,12.0,1.0,1.5
2023-12-12 01:15:00,2023-12-12 01:26:00,LONG,1985.745,1.3126428571428537,0.2600000000002183,1.3299999999999272,0.19807367905550774,1.0132230505522681,4.0,11.0,-1.0
2023-12-12 04:55:00,2023-12-12 05:30:00,LONG,1985.585,0.6061428571428321,0.8899999999998727,0.9270000000001346,1.4683007306149813,1.529342446382562,19.0,35.0,-1.0
2023-12-12 11:25:00,2023-12-12 11:42:00,LONG,1986.675,0.8757142857142851,1.3389999999999418,0.31999999999993634,1.5290375203914517,0.36541598694935656,17.0,1.0,1.5
2023-12-12 12:35:00,2023-12-12 13:12:00,LONG,1988.475,0.9104285714286107,2.759999999999991,0.8999999999998636,3.0315393064489413,0.9885454260158125,37.0,1.0,1.5
2023-12-12 13:25:00,2023-12-12 13:30:00,LONG,1990.275,1.4714285714285975,6.349999999999909,4.59699999999998,4.315533980582386,3.1241747572814846,5.0,5.0,-1.0
2023-12-12 15:50:00,2023-12-12 17:09:00,SHORT,1981.875,1.8852142857142715,3.730000000000018,1.7100000000000364,1.9785549198651402,0.9070586898041408,79.0,15.0,1.5
2023-12-12 18:45:00,2023-12-12 18:46:00,SHORT,1978.315,1.3104999999999987,0.0,1.3699999999998909,0.0,1.0454025181227717,,1.0,-1.0
2023-12-12 21:50:00,2023-12-12 23:00:00,SHORT,1979.288,0.40378571428573196,0.5029999999999291,1.4200000000000728,1.245710242348965,3.516716787546462,70.0,70.0,-1.0
2023-12-13 03:00:00,2023-12-13 03:12:00,SHORT,1978.925,0.7477142857142748,0.06999999999993634,0.7599999999999909,0.09361864730599188,1.0164310278945383,6.0,12.0,-1.0
2023-12-13 03:55:00,2023-12-13 04:24:00,SHORT,1977.815,0.5957142857142637,0.2599999999999909,1.0199999999999818,0.43645083932853806,1.712230215827371,6.0,29.0,-1.0
2023-12-13 06:10:00,2023-12-13 06:11:00,SHORT,1977.195,0.5640714285714239,0.0,0.7799999999999727,0.0,1.3828035963023564,,1.0,-1.0
2023-12-13 10:30:00,2023-12-13 12:08:00,LONG,1982.145,0.9791428571428794,1.349999999999909,1.0,1.3787569302595781,1.0213014298219785,31.0,98.0,-1.0
2023-12-13 13:50:00,2023-12-13 14:19:00,LONG,1984.455,1.7326428571428616,1.5900000000001455,1.8999999999998636,0.917673248959145,1.0965906748566607,17.0,29.0,-1.0
2023-12-13 14:00:00,2023-12-13 14:14:00,LONG,1985.015,1.8547857142856887,1.0299999999999727,2.2000000000000455,0.5553202141179119,1.1861208456887997,7.0,14.0,-1.0
2023-12-13 14:35:00,2023-12-13 15:05:00,LONG,1983.245,2.0741428571428093,0.9400000000000546,2.099999999999909,0.45319925614715434,1.01246642330737,2.0,30.0,-1.0
2023-12-13 17:30:00,2023-12-13 18:03:00,LONG,1982.675,1.1142857142857403,0.41000000000008185,1.2300000000000182,0.3679487179487828,1.1038461538461444,20.0,33.0,-1.0
2023-12-14 01:50:00,2023-12-14 03:59:00,LONG,2032.398,2.1274285714285788,2.407000000000153,2.1429999999998017,1.131412839108314,1.0073193661025088,98.0,129.0,-1.0
2023-12-14 02:50:00,2023-12-14 03:14:00,LONG,2031.495,1.3002142857142513,2.290000000000191,0.4799999999997908,1.7612481459102083,0.36916991704648955,24.0,1.0,1.5
2023-12-14 03:10:00,2023-12-14 03:11:00,LONG,2033.755,1.2826428571428647,0.0,1.9800000000000182,0.0,1.5436876983906047,,1.0,-1.0
2023-12-14 03:25:00,2023-12-14 03:34:00,LONG,2033.845,1.3331428571428725,0.9600000000000364,1.7200000000000273,0.7201028718388531,1.2901843120445835,3.0,9.0,-1.0
2023-12-14 04:15:00,2023-12-14 04:29:00,LONG,2031.895,1.329285714285756,0.09999999999990905,1.3399999999999181,0.07522837184302433,1.0080601826973814,4.0,14.0,-1.0
2023-12-14 13:25:00,2023-12-14 13:30:00,LONG,2033.245,2.1257142857143174,1.1300000000001091,5.7999999999999545,0.5315860215054198,2.728494623655852,1.0,5.0,-1.0
2023-12-14 14:25:00,2023-12-14 14:32:00,LONG,2037.335,2.7266428571428896,4.7000000000000455,1.1200000000001182,1.7237314332119522,0.4107615330207599,7.0,1.0,1.5
2023-12-14 19:40:00,2023-12-14 20:15:00,SHORT,2033.305,1.183785714285737,1.650000000000091,1.2100000000000364,1.3938333433899008,1.022144451819235,14.0,35.0,-1.0
2023-12-15 08:10:00,2023-12-15 08:11:00,LONG,2038.774,1.2009999999999732,0.0,1.5799999999999272,0.0,1.3155703580349396,,1.0,-1.0
2023-12-15 14:35:00,2023-12-15 15:15:00,SHORT,2033.185,3.9122142857143314,1.8899999999998727,5.320000000000164,0.48310237169301107,1.3598437129137941,12.0,40.0,-1.0
2023-12-17 23:25:00,2023-12-17 23:26:00,SHORT,2017.515,0.829642857142874,0.0,1.5799999999999272,0.0,1.9044339216529085,,1.0,-1.0
2023-12-17 23:35:00,2023-12-17 23:40:00,SHORT,2016.235,0.9932142857143162,0.34999999999990905,1.2200000000000273,0.35239122617753155,1.2283351312477424,2.0,5.0,-1.0
2023-12-18 00:50:00,2023-12-18 01:01:00,SHORT,2019.525,1.1128571428571377,0.7770000000000437,1.3029999999998836,0.698202824133547,1.1708600770217237,1.0,11.0,-1.0
2023-12-18 02:55:00,2023-12-18 03:12:00,LONG,2021.805,1.1207142857143222,1.7000000000000455,0.5199999999999818,1.516889738687053,0.46398980242189347,17.0,8.0,1.5
2023-12-18 05:20:00,2023-12-18 05:21:00,LONG,2023.535,0.5164285714286052,0.0,0.7400000000000091,0.0,1.432918395573921,,1.0,-1.0
2023-12-18 08:50:00,2023-12-18 09:05:00,LONG,2024.515,1.1362142857142967,2.3099999999999454,0.7700000000002092,2.0330672031180566,0.677689067706219,15.0,10.0,1.5
2023-12-18 14:25:00,2023-12-18 14:26:00,LONG,2023.095,1.453571428571422,0.0,1.8900000000001,0.0,1.3002457002457748,,1.0,-1.0
2023-12-18 16:00:00,2023-12-18 16:23:00,SHORT,2021.345,1.5666428571428728,0.2899999999999636,1.752999999999929,0.18510919618836685,1.1189531755801196,5.0,23.0,-1.0
2023-12-18 20:45:00,2023-12-18 23:00:00,LONG,2026.485,0.6681428571428601,1.3130000000001019,0.2999999999999545,1.9651485995297566,0.4490057729312962,135.0,2.0,1.5
2023-12-18 21:00:00,2023-12-18 23:00:00,LONG,2026.715,0.6523571428571456,1.0830000000000837,0.5199999999999818,1.6601335815176947,0.797109383554113,120.0,14.0,1.5
2023-12-18 23:55:00,2023-12-19 00:12:00,LONG,2027.535,0.6530000000000038,0.4499999999998181,1.2100000000000364,0.6891271056658737,1.8529862174579317,7.0,17.0,-1.0
2023-12-19 00:25:00,2023-12-19 00:33:00,LONG,2027.415,0.6493571428570866,1.3800000000001091,0.46100000000001273,2.1251787482128703,0.7099329006710744,8.0,1.0,1.5
2023-12-19 03:00:00,2023-12-19 03:15:00,SHORT,2024.195,0.9985714285714299,0.12999999999988177,1.1100000000001273,0.13018597997126913,1.1115879828327442,1.0,15.0,-1.0
2023-12-19 03:20:00,2023-12-19 03:37:00,SHORT,2024.545,1.036428571428587,1.5610000000001492,0.5899999999999181,1.5061337008960551,0.5692625775326485,17.0,2.0,1.5
2023-12-19 11:55:00,2023-12-19 12:04:00,LONG,2026.354,0.5964285714285812,1.009999999999991,0.12599999999997635,1.6934131736526516,0.21125748502989702,9.0,1.0,1.5
2023-12-19 12:35:00,2023-12-19 12:36:00,LONG,2029.385,0.9114999999999976,0.0,1.7100000000000364,0.0,1.8760285244103574,,1.0,-1.0
2023-12-19 13:55:00,2023-12-19 14:18:00,LONG,2029.865,1.343357142857144,2.0499999999999545,1.0899999999999181,1.5260275429361057,0.8114000106342767,23.0,6.0,1.5
2023-12-19 20:30:00,2023-12-19 20:43:00,LONG,2039.415,0.5821428571428312,0.43000000000006366,0.6099999999999,0.7386503067486085,1.0478527607360713,3.0,13.0,-1.0
2023-12-20 06:45:00,2023-12-20 07:02:00,LONG,2041.325,0.6952857142857413,0.4199999999998454,0.7400000000000091,0.60406821450561,1.0643106636531463,17.0,17.0,-1.0
2023-12-20 07:00:00,2023-12-20 07:10:00,LONG,2041.225,0.7545714285714504,1.2000000000000455,0.6399999999998727,1.5903067020068298,0.8481635744034417,10.0,2.0,1.5
2023-12-20 15:40:00,2023-12-20 18:39:00,SHORT,2033.875,2.111714285714324,2.25,2.240000000000009,1.0654850493843673,1.0607495602759964,11.0,179.0,-1.0
2023-12-20 15:55:00,2023-12-20 16:10:00,SHORT,2032.388,1.9429285714286055,0.6029999999998381,2.0670000000000073,0.31035623690296626,1.0638579463990145,4.0,15.0,-1.0
2023-12-20 18:45:00,2023-12-20 19:40:00,LONG,2035.995,1.0416428571428469,1.050000000000182,1.3199999999999363,1.0080230405268251,1.2672289652334425,34.0,55.0,-1.0
2023-12-20 20:30:00,2023-12-20 20:57:00,SHORT,2032.635,1.4630714285714086,2.349999999999909,0.6230000000000473,1.6062100278279146,0.42581653078166193,27.0,1.0,1.5
2023-12-21 03:30:00,2023-12-21 03:41:00,LONG,2035.925,0.6942857142857,1.1100000000001273,0.30999999999994543,1.598765432098982,0.44650205761309936,11.0,1.0,1.5
2023-12-21 07:15:00,2023-12-21 07:16:00,SHORT,2034.395,0.7942142857142797,0.0,1.099999999999909,0.0,1.3850166381867834,,1.0,-1.0
2023-12-21 07:45:00,2023-12-21 08:02:00,SHORT,2034.635,0.9825714285714184,0.7100000000000364,1.0599999999999454,0.7225937772608761,1.0788019773189437,11.0,17.0,-1.0
2023-12-21 14:25:00,2023-12-21 15:06:00,LONG,2041.825,2.8912142857143084,4.009999999999991,3.5499999999999545,1.386960496084182,1.2278577957852355,24.0,41.0,-1.0
2023-12-21 17:05:00,2023-12-21 17:53:00,LONG,2042.065,1.3972142857142802,1.6900000000000546,1.8099999999999454,1.2095496140279565,1.2954347937221684,14.0,48.0,-1.0
2023-12-21 18:35:00,2023-12-21 19:05:00,SHORT,2038.595,1.3707142857142733,0.43000000000006366,1.5199999999999818,0.3137050547160472,1.1089108910891057,16.0,30.0,-1.0
2023-12-22 02:10:00,2023-12-22 02:17:00,LONG,2050.445,1.2834285714286093,0.02999999999974534,1.3470000000002074,0.023374888690807123,1.0495325022263104,4.0,7.0,-1.0
2023-12-22 02:55:00,2023-12-22 03:35:00,LONG,2050.048,1.1055000000000064,1.137000000000171,1.4829999999997199,1.0284938941656847,1.3414744459517969,24.0,40.0,-1.0
2023-12-22 04:20:00,2023-12-22 05:06:00,LONG,2049.668,0.9278571428571435,1.0270000000000437,0.9700000000002547,1.1068514241724867,1.0454195535029682,10.0,46.0,-1.0
2023-12-22 13:05:00,2023-12-22 13:30:00,LONG,2061.325,2.101714285714349,2.1400000000003274,3.2100000000000364,1.0182164219685863,1.527324632952663,25.0,25.0,-1.0
2023-12-22 14:25:00,2023-12-22 15:24:00,LONG,2067.405,2.8654285714285703,3.119999999999891,3.8170000000000073,1.088842357164186,1.3320869478512345,40.0,59.0,-1.0
2023-12-22 14:35:00,2023-12-22 15:24:00,LONG,2067.868,2.8539999999999446,2.657000000000153,4.279999999999745,0.9309740714786982,1.4996496145759735,30.0,49.0,-1.0
2023-12-22 19:00:00,2023-12-22 19:12:00,SHORT,2056.448,1.1992857142857443,1.8829999999998108,0.5500000000001819,1.5701012507442937,0.4586063132818555,12.0,2.0,1.5
2023-12-22 21:15:00,2023-12-22 21:16:00,SHORT,2052.488,0.7326428571428616,0.0,0.8400000000001455,0.0,1.14653407429092,,1.0,-1.0
2023-12-22 21:25:00,2023-12-22 21:44:00,SHORT,2052.458,0.6222142857143028,0.13000000000010914,0.6399999999998727,0.20893123636798047,1.0285845482720666,4.0,19.0,-1.0
2023-12-26 04:10:00,2023-12-26 05:11:00,LONG,2064.075,0.5108571428571784,0.36000000000012733,0.75,0.7046979865773814,1.4681208053690253,26.0,61.0,-1.0
2023-12-26 06:20:00,2023-12-26 06:39:00,LONG,2063.448,0.7533571428571122,1.4200000000000728,0.42299999999977445,1.884896179008422,0.5614866786761243,19.0,1.0,1.5
2023-12-26 06:35:00,2023-12-26 07:01:00,LONG,2064.615,0.8359285714285372,0.36000000000012733,1.1869999999998981,0.43065880543467394,1.419977783474259,6.0,26.0,-1.0
2023-12-26 14:35:00,2023-12-26 14:36:00,SHORT,2056.225,1.4571428571428962,0.0,3.3200000000001637,0.0,2.278431372549071,,1.0,-1.0
2023-12-27 01:10:00,2023-12-27 01:33:00,LONG,2065.905,0.9126428571428927,1.6599999999998545,0.5900000000001455,1.818893323941227,0.6464741332082425,23.0,6.0,1.5
2023-12-27 03:45:00,2023-12-27 04:58:00,SHORT,2064.755,0.6592857142858131,0.7600000000002183,1.0899999999996908,1.1527627302276773,1.6533044420361196,24.0,73.0,-1.0
2023-12-27 05:05:00,2023-12-27 05:11:00,SHORT,2065.585,0.49642857142855845,0.09999999999990905,0.5500000000001819,0.20143884892068536,1.1079136690651437,3.0,6.0,-1.0
2023-12-27 14:30:00,2023-12-27 14:31:00,LONG,2070.308,1.3509285714285721,0.0,1.6729999999997744,0.0,1.2384074446146476,,1.0,-1.0
2023-12-28 01:15:00,2023-12-28 01:16:00,LONG,2081.835,0.8092142857143959,0.0,0.8299999999999272,0.0,1.02568629181723,,1.0,-1.0
2023-12-28 09:40:00,2023-12-28 10:01:00,SHORT,2076.135,1.6289999999999378,0.5400000000004184,1.9399999999995998,0.3314917127074518,1.1909146715774548,10.0,21.0,-1.0
2023-12-28 14:25:00,2023-12-28 14:51:00,SHORT,2075.075,1.9787142857142694,2.4099999999998545,2.1900000000000546,1.2179626019781329,1.1067792939138335,10.0,26.0,-1.0
2023-12-28 18:00:00,2023-12-28 18:01:00,SHORT,2072.915,1.3280714285713853,0.0,1.900000000000091,0.0,1.4306459420213058,,1.0,-1.0
2023-12-29 04:40:00,2023-12-29 04:52:00,LONG,2069.515,0.6704999999999798,1.0199999999999818,0.19000000000005457,1.5212527964206004,0.28337061894117865,12.0,6.0,1.5
2023-12-29 05:45:00,2023-12-29 05:56:00,LONG,2070.308,0.5649285714285465,1.1770000000001346,0.47299999999995634,2.083449235049009,0.8372739916550362,11.0,1.0,1.5
2023-12-29 12:40:00,2023-12-29 13:00:00,SHORT,2064.855,1.1166428571429086,0.4699999999997999,1.2300000000000182,0.42090449689738985,1.1015160237957822,9.0,20.0,-1.0
2023-12-29 13:30:00,2023-12-29 13:53:00,SHORT,2064.055,1.3195714285714075,2.3899999999998727,1.1030000000000655,1.8111941106419158,0.8358774493883925,23.0,1.0,1.5
2024-01-02 03:05:00,2024-01-02 03:06:00,LONG,2068.445,1.185285714285653,0.0,1.3600000000001273,0.0,1.14740267566607,,1.0,-1.0
2024-01-02 09:15:00,2024-01-02 09:35:00,LONG,2074.855,1.2294999999999814,1.949999999999818,1.0,1.5860105734036987,0.8133387555917163,20.0,9.0,1.5
2024-01-02 13:45:00,2024-01-02 13:52:00,SHORT,2067.825,1.853785714285745,3.0099999999997635,1.5900000000001455,1.6237043887025002,0.8577043116403371,7.0,2.0,1.5
2024-01-02 18:00:00,2024-01-02 18:19:00,SHORT,2062.535,1.1629285714284703,1.1399999999998727,1.300000000000182,0.9802837663533939,1.1178674528594146,9.0,19.0,-1.0
2024-01-02 23:50:00,2024-01-02 23:51:00,SHORT,2059.255,0.5693571428571431,0.0,0.6700000000000728,0.0,1.1767657759379018,,1.0,-1.0
2024-01-03 00:00:00,2024-01-03 00:09:00,SHORT,2059.265,0.5548571428571449,0.17099999999982174,0.6200000000003456,0.30818743563304524,1.1174047373847587,6.0,9.0,-1.0
2024-01-03 15:30:00,2024-01-03 17:41:00,SHORT,2035.835,3.5275000000000154,5.319999999999936,3.0,1.508150248051003,0.8504606661941848,131.0,1.0,1.5
2024-01-03 17:30:00,2024-01-03 17:59:00,SHORT,2031.875,1.3500000000000227,1.3599999999999,1.4200000000000728,1.0074074074073163,1.051851851851888,11.0,29.0,-1.0
2024-01-03 18:30:00,2024-01-03 18:46:00,SHORT,2034.535,1.1935714285714798,0.5800000000001546,1.3199999999999363,0.4859365649312876,1.1059245960501685,1.0,16.0,-1.0
2024-01-04 02:10:00,2024-01-04 02:42:00,LONG,2043.765,0.9695714285714335,0.7899999999999636,1.2270000000000891,0.8147929865919724,1.2655075880360365,8.0,32.0,-1.0
2024-01-04 06:10:00,2024-01-04 06:11:00,LONG,2045.085,0.6426428571428947,0.0,0.8600000000001273,0.0,1.3382238523953627,,1.0,-1.0
2024-01-04 06:50:00,2024-01-04 07:03:00,LONG,2046.455,0.967928571428599,1.550000000000182,0.9069999999999254,1.6013578333703733,0.9370526160429927,13.0,1.0,1.5
2024-01-04 07:35:00,2024-01-04 07:36:00,LONG,2048.995,1.2100714285713983,0.0,1.2799999999999727,0.0,1.0577887964110777,,1.0,-1.0
2024-01-04 08:20:00,2024-01-04 08:35:00,LONG,2047.675,1.2936428571428158,0.4199999999998454,1.3399999999999181,0.3246645684941761,1.0358345756722132,8.0,15.0,-1.0
2024-01-04 13:30:00,2024-01-04 13:42:00,SHORT,2041.825,1.6311428571429067,3.1100000000001273,1.3899999999998727,1.9066386407427072,0.8521632510070777,12.0,1.0,1.5
2024-01-04 14:25:00,2024-01-04 14:46:00,SHORT,2040.265,1.9923571428571936,3.150000000000091,0.6799999999998363,1.5810418384540978,0.3413042698884116,21.0,2.0,1.5
2024-01-04 16:10:00,2024-01-04 17:04:00,LONG,2045.055,1.8942857142857292,1.4600000000000364,1.9500000000000455,0.770739064856725,1.0294117647058982,29.0,54.0,-1.0
2024-01-04 19:20:00,2024-01-04 19:48:00,SHORT,2042.595,0.8085714285714077,0.18000000000006366,1.259999999999991,0.22261484098948375,1.558303886925824,13.0,28.0,-1.0
2024-01-04 20:25:00,2024-01-04 20:26:00,LONG,2044.415,0.670000000000024,0.0,0.7799999999999727,0.0,1.1641791044775294,,1.0,-1.0
2024-01-05 08:20:00,2024-01-05 09:51:00,SHORT,2042.455,1.239285714285724,2.1299999999998818,1.143000000000029,1.7187319884725134,0.922305475504339,91.0,51.0,1.5
2024-01-05 09:25:00,2024-01-05 09:51:00,SHORT,2042.115,0.9928571428571331,1.7899999999999636,0.40000000000009095,1.8028776978417076,0.4028776978418222,26.0,12.0,1.5
2024-01-05 09:40:00,2024-01-05 09:52:00,SHORT,2041.145,0.9257142857142883,1.4400000000000546,0.7799999999999727,1.5555555555556102,0.8425925925925608,12.0,1.0,1.5
2024-01-05 11:05:00,2024-01-05 11:15:00,SHORT,2039.655,0.8022857142856797,1.3299999999999272,0.40000000000009095,1.6577635327635134,0.4985754985756334,10.0,3.0,1.5
2024-01-05 11:40:00,2024-01-05 11:41:00,SHORT,2038.095,0.8583571428571304,0.0,0.8999999999998636,0.0,1.0485146043104163,,1.0,-1.0
2024-01-05 16:30:00,2024-01-05 16:47:00,LONG,2051.635,2.8045000000000266,0.18999999999959982,3.350000000000364,0.0677482617220888,1.1945088251026321,4.0,17.0,-1.0
2024-01-05 21:35:00,2024-01-05 21:46:00,SHORT,2044.215,0.7264285714285766,0.35999999999989996,0.8000000000001819,0.49557522123879677,1.1012782694201049,5.0,11.0,-1.0
2024-01-07 23:35:00,2024-01-08 00:12:00,SHORT,2043.835,0.9562142857142492,1.0299999999999727,0.9600000000000364,1.0771644132367348,1.0039590647644,7.0,37.0,-1.0
2024-01-08 07:15:00,2024-01-08 07:16:00,SHORT,2030.875,1.1905000000000103,0.0,2.2000000000000455,0.0,1.8479630407392074,,1.0,-1.0
2024-01-08 07:30:00,2024-01-08 07:31:00,SHORT,2029.455,1.275714285714246,0.0,1.7200000000000273,0.0,1.3482642777156288,,1.0,-1.0
2024-01-08 07:55:00,2024-01-08 08:06:00,SHORT,2031.355,1.444071428571387,2.2100000000000364,1.1099999999999,1.530395211950408,0.7686600385813448,11.0,1.0,1.5
2024-01-08 08:35:00,2024-01-08 09:19:00,SHORT,2029.215,1.536214285714274,2.75,0.8200000000001637,1.7901148463291159,0.5337796996327884,44.0,34.0,1.5
2024-01-08 16:50:00,2024-01-08 17:09:00,LONG,2032.715,1.8904285714285476,0.7599999999999909,2.3199999999999363,0.4020252399304771,1.227234942945648,6.0,19.0,-1.0
2024-01-09 01:50:00,2024-01-09 02:13:00,LONG,2033.075,1.2312142857143076,1.8699999999998909,1.1200000000001182,1.5188257817484485,0.9096710564484177,23.0,8.0,1.5
2024-01-09 02:00:00,2024-01-09 02:01:00,LONG,2034.425,1.3512142857143121,0.0,1.9199999999998454,0.0,1.4209441243324687,,1.0,-1.0
2024-01-09 02:10:00,2024-01-09 02:54:00,LONG,2034.845,1.4421428571428447,0.9300000000000637,1.6100000000001273,0.6448736998514613,1.116394254581574,14.0,44.0,-1.0
2024-01-09 07:05:00,2024-01-09 07:06:00,LONG,2035.025,1.4593571428571295,0.0,2.040000000000191,0.0,1.3978757770056744,,1.0,-1.0
2024-01-09 08:50:00,2024-01-09 09:32:00,LONG,2034.105,1.3741428571428287,2.2100000000000364,1.0799999999999272,1.608275288491587,0.7859444848736509,42.0,24.0,1.5
2024-01-09 09:00:00,2024-01-09 09:10:00,LONG,2034.845,1.372214285714254,0.13999999999987267,1.6300000000001091,0.10202488157817201,1.1878611212327341,3.0,10.0,-1.0
2024-01-09 09:40:00,2024-01-09 10:05:00,LONG,2036.045,1.1127142857143164,0.9199999999998454,1.2000000000000455,0.8268070355628117,1.0784439594299764,10.0,25.0,-1.0
2024-01-09 19:00:00,2024-01-09 19:24:00,SHORT,2028.695,1.100285714285714,0.13999999999987267,1.2300000000000182,0.1272396780055971,1.1178914567644935,5.0,24.0,-1.0
2024-01-09 23:10:00,2024-01-09 23:21:00,LONG,2030.815,0.4232857142857256,0.30999999999994543,0.5309999999999491,0.7323658454267837,1.2544718191021074,8.0,11.0,-1.0
2024-01-10 02:55:00,2024-01-10 03:08:00,LONG,2031.708,0.906285714285689,0.1999999999998181,1.1030000000000655,0.22068095838568186,1.2170554854982145,3.0,13.0,-1.0
2024-01-10 05:10:00,2024-01-10 05:30:00,SHORT,2028.785,0.7145714285714543,0.6300000000001091,0.8899999999998727,0.8816473410636956,1.245501799280065,12.0,20.0,-1.0
2024-01-10 20:20:00,2024-01-10 20:33:00,SHORT,2022.555,1.032071428571466,0.21700000000009823,1.0599999999999454,0.210256765174148,1.0270606962418642,3.0,13.0,-1.0
2024-01-11 01:45:00,2024-01-11 01:53:00,LONG,2028.565,0.8562857142857183,1.3699999999998909,0.5599999999999454,1.5999332665997983,0.6539873206539205,8.0,1.0,1.5
2024-01-11 03:25:00,2024-01-11 03:26:00,LONG,2029.685,0.7862857142857332,0.0,1.0199999999999818,0.0,1.2972383720929688,,1.0,-1.0
2024-01-11 05:15:00,2024-01-11 05:26:00,LONG,2032.085,0.7018571428571444,0.37999999999988177,0.75,0.5414207205371803,1.068593527376346,3.0,11.0,-1.0
2024-01-11 05:30:00,2024-01-11 05:48:00,LONG,2032.625,0.719714285714271,1.3099999999999454,0.6700000000000728,1.8201667328304498,0.9309249702264004,18.0,1.0,1.5
2024-01-11 06:05:00,2024-01-11 06:13:00,LONG,2033.045,0.9740000000000139,1.8899999999998727,0.7799999999999727,1.9404517453797185,0.8008213552361002,8.0,1.0,1.5
2024-01-11 09:55:00,2024-01-11 10:24:00,SHORT,2031.225,0.8837857142857339,0.7999999999999545,0.9300000000000637,0.9051967994826731,1.0522912793987393,8.0,29.0,-1.0
2024-01-11 14:00:00,2024-01-11 14:16:00,SHORT,2027.865,4.291357142857107,3.0399999999999636,4.720000000000027,0.7084006058689366,1.0998851512175791,7.0,16.0,-1.0
2024-01-11 15:10:00,2024-01-11 15:21:00,SHORT,2025.745,3.2223571428571955,0.6599999999998545,4.173000000000002,0.20481901004140296,1.2950147407620658,4.0,11.0,-1.0
2024-01-12 00:45:00,2024-01-12 00:46:00,LONG,2031.495,1.0653571428571078,0.0,1.1169999999999618,0.0,1.0484746899094857,,1.0,-1.0
2024-01-12 01:05:00,2024-01-12 01:37:00,LONG,2031.385,1.0874999999999773,1.7000000000000455,1.0199999999999818,1.5632183908046722,0.9379310344827615,32.0,1.0,1.5
2024-01-12 01:35:00,2024-01-12 01:36:00,LONG,2033.128,1.1324285714285256,0.0,1.352999999999838,0.0,1.1947773432571276,,1.0,-1.0
2024-01-12 05:35:00,2024-01-12 05:36:00,LONG,2034.845,0.7012142857142375,0.0,0.9500000000000455,0.0,1.3547927065296477,,1.0,-1.0
2024-01-12 08:00:00,2024-01-12 08:45:00,LONG,2038.698,1.388285714285725,1.0670000000000073,1.65300000000002,0.7685737806132942,1.1906770940522793,35.0,45.0,-1.0
2024-01-12 18:35:00,2024-01-12 19:06:00,SHORT,2046.755,1.5314285714285591,1.3100000000001728,1.9299999999998363,0.8554104477613137,1.260261194029754,6.0,31.0,-1.0
2024-01-12 20:00:00,2024-01-12 21:21:00,SHORT,2046.875,0.7837857142857599,0.9100000000000819,0.7899999999999636,1.1610316230748567,1.0079285519000134,44.0,81.0,-1.0
2024-01-15 01:30:00,2024-01-15 01:44:00,LONG,2049.105,0.9534999999999952,1.7399999999997817,0.3400000000001455,1.8248557944413113,0.3565810173048214,14.0,4.0,1.5
2024-01-15 06:10:00,2024-01-15 06:20:00,LONG,2054.515,0.804357142857108,1.349999999999909,0.1999999999998181,1.6783589379273196,0.24864576858161572,10.0,1.0,1.5
2024-01-15 08:35:00,2024-01-15 08:36:00,LONG,2056.845,1.1966428571428682,0.0,1.2199999999998,0.0,1.0195188921385447,,1.0,-1.0
2024-01-15 12:20:00,2024-01-15 12:33:00,SHORT,2052.485,0.6571428571428767,1.1400000000003274,0.4099999999998545,1.734782608696099,0.6239130434780209,13.0,1.0,1.5
2024-01-15 18:30:00,2024-01-15 18:59:00,LONG,2054.745,0.5412142857142693,0.13000000000010914,0.5599999999999454,0.24020060710064445,1.034710307509499,28.0,29.0,-1.0
2024-01-16 01:50:00,2024-01-16 01:51:00,SHORT,2051.518,1.1102142857142618,0.0,1.2669999999998254,0.0,1.1412211284821423,,1.0,-1.0
2024-01-16 03:25:00,2024-01-16 03:37:00,SHORT,2050.545,0.7542857142856779,1.3800000000001091,0.4099999999998545,1.8295454545456875,0.5435606060604393,12.0,1.0,1.5
2024-01-16 05:00:00,2024-01-16 05:24:00,SHORT,2048.855,0.506999999999932,0.9570000000001073,0.38000000000010914,1.8875739644975065,0.7495069033533731,24.0,10.0,1.5
2024-01-16 08:25:00,2024-01-16 08:26:00,SHORT,2047.505,1.3705714285712898,0.0,1.5199999999999818,0.0,1.1090264748802325,,1.0,-1.0
2024-01-16 11:35:00,2024-01-16 11:52:00,SHORT,2039.155,1.0564285714285202,1.030999999999949,1.0599999999999454,0.9759296822177138,1.0033806626098685,11.0,17.0,-1.0
2024-01-16 13:20:00,2024-01-16 13:30:00,SHORT,2031.835,1.9144999999999754,0.5199999999999818,3.5,0.27161138678505536,1.828153564899475,2.0,10.0,-1.0
2024-01-16 13:45:00,2024-01-16 13:46:00,SHORT,2039.285,2.8295714285713984,0.0,3.2200000000000273,0.0,1.1379815216842748,,1.0,-1.0
2024-01-16 19:25:00,2024-01-16 19:53:00,SHORT,2027.525,1.314500000000034,0.7400000000000091,1.5699999999999363,0.562951692658798,1.1943704830733326,18.0,28.0,-1.0
2024-01-16 20:50:00,2024-01-16 21:10:00,SHORT,2028.465,0.8600000000000136,1.2899999999999636,0.4630000000001928,1.4999999999999338,0.5383720930234714,20.0,2.0,1.5
2024-01-17 04:55:00,2024-01-17 05:06:00,SHORT,2025.355,0.8257142857142818,1.4100000000000819,0.20000000000004547,1.707612456747512,0.24221453287202852,11.0,1.0,1.5
2024-01-17 10:10:00,2024-01-17 10:25:00,LONG,2023.715,1.1300000000000117,2.060000000000173,1.0,1.8230088495576562,0.8849557522123802,15.0,7.0,1.5
2024-01-17 11:20:00,2024-01-17 11:54:00,LONG,2025.575,1.4906428571428674,0.8799999999998818,1.6670000000001437,0.5903493219607198,1.1183094542144738,18.0,34.0,-1.0
2024-01-17 11:30:00,2024-01-17 11:48:00,LONG,2026.145,1.3997142857142697,0.30999999999994543,1.400000000000091,0.22147377015713848,1.0002041232905439,8.0,18.0,-1.0
2024-01-17 14:40:00,2024-01-17 14:55:00,SHORT,2019.215,2.6037857142857126,6.189999999999827,1.4700000000000273,2.3773077661645856,0.5645625874413737,15.0,3.0,1.5
2024-01-17 20:05:00,2024-01-17 20:36:00,SHORT,2005.425,0.9880714285714183,0.75,1.0,0.7590544350466355,1.0120725800621808,23.0,31.0,-1.0
2024-01-17 21:00:00,2024-01-17 23:00:00,SHORT,2005.735,0.7283571428571349,0.8299999999999272,0.75,1.139550848288625,1.029714621947643,120.0,120.0,-1.0
2024-01-17 21:20:00,2024-01-17 23:00:00,SHORT,2005.705,0.70121428571427,0.7999999999999545,0.7799999999999727,1.140878068656373,1.112356116939988,100.0,100.0,-1.0
2024-01-18 01:35:00,2024-01-18 01:53:00,LONG,2010.025,0.8607857142857418,1.3899999999998727,0.6400000000001,1.6148037507258812,0.7435067629243312,18.0,7.0,1.5
2024-01-18 03:25:00,2024-01-18 03:26:00,SHORT,2007.035,0.7907142857142487,0.0,0.9099999999998545,0.0,1.150858175248289,,1.0,-1.0
2024-01-18 04:40:00,2024-01-18 04:49:00,SHORT,2007.848,0.6440000000000055,0.10300000000006548,0.6600000000000819,0.1599378881988581,1.0248447204970128,4.0,9.0,-1.0
2024-01-18 07:30:00,2024-01-18 07:31:00,LONG,2012.705,1.003857142857149,0.0,1.3599999999999,0.0,1.3547744414400515,,1.0,-1.0
2024-01-18 10:25:00,2024-01-18 10:34:00,LONG,2011.845,1.0402142857143255,0.2799999999999727,1.3869999999999436,0.2691753072855502,1.3333791114467122,5.0,9.0,-1.0
2024-01-18 11:15:00,2024-01-18 12:01:00,LONG,2012.055,0.9496428571428785,1.5399999999999636,0.9300000000000637,1.6216622790522004,0.9793155321549905,46.0,1.0,1.5
2024-01-18 11:55:00,2024-01-18 12:05:00,LONG,2012.505,0.9397857142857414,3.1599999999998545,0.6600000000000819,3.362468647867803,0.7022877555674454,10.0,1.0,1.5
2024-01-18 13:30:00,2024-01-18 13:31:00,LONG,2012.225,1.706142857142871,0.0,1.990000000000009,0.0,1.1663736079711924,,1.0,-1.0
2024-01-18 16:00:00,2024-01-18 16:28:00,LONG,2014.225,1.5047142857142717,3.3900000000001,1.240000000000009,2.2529193961835112,0.8240767112883456,28.0,1.0,1.5
2024-01-18 16:10:00,2024-01-18 16:28:00,LONG,2014.325,1.4309285714285644,3.2899999999999636,0.5,2.2992063095891635,0.3494234513053479,18.0,1.0,1.5
2024-01-18 17:20:00,2024-01-18 18:22:00,LONG,2014.855,1.375714285714285,2.2899999999999636,1.009999999999991,1.6645898234683025,0.7341640706126625,62.0,1.0,1.5
2024-01-18 17:45:00,2024-01-18 18:23:00,LONG,2015.635,1.0771428571428356,2.8099999999999454,0.5099999999999909,2.608753315649869,0.473474801061009,38.0,1.0,1.5
2024-01-18 23:45:00,2024-01-18 23:54:00,LONG,2022.785,0.8852857142856985,1.509999999999991,0.4500000000000455,1.7056640309827538,0.5083104728094844,9.0,2.0,1.5
2024-01-19 01:40:00,2024-01-19 01:50:00,LONG,2024.965,1.0392857142856786,0.5099999999999909,1.1369999999999436,0.49072164948454416,1.0940206185566843,3.0,10.0,-1.0
2024-01-19 02:30:00,2024-01-19 03:21:00,LONG,2023.615,0.9207857142856872,1.3699999999998909,1.25,1.4878597471103123,1.357536265611707,16.0,51.0,-1.0
2024-01-19 05:40:00,2024-01-19 05:49:00,SHORT,2020.765,0.4821428571428896,0.44000000000005457,0.599999999999909,0.9125925925926442,1.244444444444172,1.0,9.0,-1.0
2024-01-19 09:45:00,2024-01-19 10:06:00,LONG,2029.025,1.02785714285715,1.5699999999999363,0.6300000000001091,1.5274496177900596,0.6129256428076072,21.0,1.0,1.5
2024-01-21 23:35:00,2024-01-22 00:03:00,SHORT,2027.375,0.8576428571428453,0.5099999999999909,0.9800000000000182,0.5946531190139062,1.1426667777130377,10.0,28.0,-1.0
2024-01-22 07:35:00,2024-01-22 07:42:00,SHORT,2021.715,1.423142857142872,0.2899999999999636,1.75,0.20377434250147805,1.2296727564745906,3.0,7.0,-1.0
2024-01-22 09:35:00,2024-01-22 10:15:00,SHORT,2021.515,1.3147857142857415,1.0200000000002092,1.6699999999998454,0.7757918183301262,1.2701689574616912,7.0,40.0,-1.0
2024-01-22 20:00:00,2024-01-22 20:52:00,SHORT,2020.075,0.7235714285714364,0.9500000000000455,0.8299999999999272,1.3129318854886962,1.1470878578478634,25.0,52.0,-1.0
2024-01-23 07:30:00,2024-01-23 07:38:00,LONG,2031.455,1.9750000000000065,0.6100000000001273,2.189999999999827,0.3088607594937343,1.1088607594935798,3.0,8.0,-1.0
2024-01-23 07:50:00,2024-01-23 08:22:00,LONG,2031.405,2.1550000000000216,0.42000000000007276,2.4200000000000728,0.1948955916473636,1.1229698375870294,9.0,32.0,-1.0
2024-01-23 08:10:00,2024-01-23 08:23:00,LONG,2030.875,1.999500000000028,0.31999999999993634,2.369999999999891,0.16004001000246654,1.185296324080949,4.0,13.0,-1.0
2024-01-23 12:25:00,2024-01-23 12:52:00,SHORT,2023.995,1.2114285714285415,0.1899999999998272,1.25,0.15683962264137066,1.031839622641535,4.0,27.0,-1.0
2024-01-23 18:00:00,2024-01-23 18:30:00,SHORT,2023.885,0.9216428571428098,0.9600000000000364,1.1400000000001,1.0416182283190885,1.2369216461289794,20.0,30.0,-1.0
2024-01-23 20:50:00,2024-01-23 21:15:00,LONG,2028.598,0.6803571428571656,0.16000000000008185,0.8129999999998745,0.23517060367465312,1.1949606299210354,4.0,25.0,-1.0
2024-01-24 02:10:00,2024-01-24 02:11:00,SHORT,2025.295,0.8980714285714028,0.0,1.2300000000000182,0.0,1.3696015270819017,,1.0,-1.0
2024-01-24 04:10:00,2024-01-24 04:24:00,SHORT,2024.345,0.6634285714285723,0.12000000000011823,0.6700000000000728,0.18087855297175423,1.009905254091409,5.0,14.0,-1.0
2024-01-24 04:25:00,2024-01-24 04:38:00,SHORT,2024.135,0.6734285714285956,0.16000000000008185,0.6800000000000637,0.2375901569793239,1.0097581671617044,4.0,13.0,-1.0
2024-01-24 04:55:00,2024-01-24 04:56:00,SHORT,2024.405,0.5843571428571457,0.0,0.6100000000001273,0.0,1.04388216599459,,1.0,-1.0
2024-01-24 05:10:00,2024-01-24 05:18:00,SHORT,2024.205,0.6037857142857125,1.259999999999991,0.17000000000007276,2.086833077014069,0.28155684372424294,8.0,4.0,1.5
2024-01-24 12:35:00,2024-01-24 13:06:00,LONG,2033.135,1.0928571428571558,2.4200000000000728,0.9600000000000364,2.2143790849673604,0.8784313725490425,31.0,17.0,1.5
2024-01-24 13:00:00,2024-01-24 13:24:00,LONG,2034.035,1.192357142857158,1.7229999999999563,1.5,1.4450368417899169,1.258012340501991,19.0,24.0,-1.0
2024-01-24 13:10:00,2024-01-24 13:24:00,LONG,2034.048,1.2585714285714533,1.7100000000000364,1.51299999999992,1.358683314415439,1.2021566401815247,9.0,14.0,-1.0
2024-01-24 17:15:00,2024-01-24 17:27:00,SHORT,2016.265,1.629000000000003,0.5900000000001455,1.8099999999999454,0.36218538980978787,1.1111111111110756,2.0,12.0,-1.0
2024-01-24 18:20:00,2024-01-24 18:21:00,SHORT,2014.535,1.48064285714286,0.0,1.6799999999998363,0.0,1.1346422885811018,,1.0,-1.0
2024-01-24 20:10:00,2024-01-24 21:54:00,SHORT,2012.765,1.1014285714285441,1.0900000000001455,1.6599999999998545,0.9896238651104031,1.5071335927366107,49.0,104.0,-1.0
2024-01-24 21:35:00,2024-01-24 21:51:00,SHORT,2012.305,0.563285714285712,0.2300000000000182,0.6899999999998272,0.4083185391833969,1.224955617549787,2.0,16.0,-1.0
2024-01-25 00:20:00,2024-01-25 00:57:00,LONG,2015.735,0.8114285714285481,0.900000000000091,0.9499999999998181,1.1091549295776089,1.1707746478871335,23.0,37.0,-1.0
2024-01-25 00:35:00,2024-01-25 00:46:00,LONG,2016.315,0.7087857142856819,0.31999999999993634,1.1100000000001273,0.4514763680337915,1.5660586516177055,8.0,11.0,-1.0
2024-01-25 09:05:00,2024-01-25 09:29:00,SHORT,2013.198,1.1902142857143028,0.4830000000001746,1.3269999999999982,0.40580927804130995,1.1149252835623662,4.0,24.0,-1.0
2024-01-25 14:00:00,2024-01-25 14:13:00,LONG,2019.995,2.9050000000000216,4.490000000000009,1.75,1.5456110154905252,0.6024096385542124,13.0,1.0,1.5
2024-01-25 16:00:00,2024-01-25 16:16:00,LONG,2020.675,1.9814285714285234,0.8300000000001546,1.990000000000009,0.41888968997845877,1.0043258832011825,5.0,16.0,-1.0
2024-01-25 18:30:00,2024-01-25 18:39:00,SHORT,2017.108,1.151928571428568,1.7429999999999382,0.5,1.513114652446159,0.43405469089105353,9.0,2.0,1.5
2024-01-25 23:15:00,2024-01-25 23:16:00,LONG,2021.065,0.5809285714286229,0.0,1.4600000000000364,0.0,2.5132177548258574,,1.0,-1.0
2024-01-25 23:30:00,2024-01-25 23:32:00,LONG,2020.555,1.0762142857143513,0.4210000000000491,1.5570000000000164,0.3911860357071964,1.446737904028599,1.0,2.0,-1.0
2024-01-25 23:45:00,2024-01-26 00:18:00,LONG,2020.975,1.1081428571429146,0.15000000000009095,1.1099999999999,0.13536160886948334,1.001675905633479,2.0,33.0,-1.0
2024-01-26 02:00:00,2024-01-26 02:19:00,LONG,2022.105,0.9830714285714228,1.5,0.2699999999999818,1.5258301242461763,0.2746494223642932,19.0,1.0,1.5
2024-01-26 05:40:00,2024-01-26 06:08:00,LONG,2022.598,0.5440000000000152,0.7970000000000255,0.8930000000000291,1.4650735294117705,1.6415441176470662,16.0,28.0,-1.0
2024-01-26 16:25:00,2024-01-26 16:34:00,SHORT,2017.655,1.4428571428571786,0.4900000000000091,1.5699999999999363,0.3396039603960375,1.0881188118811171,1.0,9.0,-1.0
2024-01-28 23:05:00,2024-01-28 23:06:00,LONG,2026.055,1.2571428571428507,0.0,1.8810000000000855,0.0,1.4962500000000758,,1.0,-1.0
2024-01-29 02:20:00,2024-01-29 02:57:00,LONG,2023.115,0.9499999999999967,1.5599999999999454,0.7300000000000182,1.642105263157843,0.7684210526316008,37.0,1.0,1.5
2024-01-29 11:50:00,2024-01-29 12:00:00,SHORT,2027.375,0.9533571428571415,0.6400000000001,1.1099999999999,0.6713119052971764,1.1643065857495034,4.0,10.0,-1.0
2024-01-30 03:25:00,2024-01-30 04:47:00,LONG,2032.015,0.6250000000000162,0.9299999999998363,0.6800000000000637,1.4879999999996996,1.0880000000000736,64.0,82.0,-1.0
2024-01-30 05:25:00,2024-01-30 05:26:00,LONG,2032.725,0.5699999999999851,0.0,0.59699999999998,0.0,1.047368421052624,,1.0,-1.0
2024-01-30 05:40:00,2024-01-30 05:56:00,LONG,2032.865,0.6185714285714182,0.40000000000009095,0.6800000000000637,0.64665127020801,1.09930715935347,2.0,16.0,-1.0
2024-01-30 09:30:00,2024-01-30 09:31:00,LONG,2037.715,0.9587142857143037,0.0,1.356999999999971,0.0,1.4154373416777855,,1.0,-1.0
2024-01-31 01:40:00,2024-01-31 02:06:00,SHORT,2035.195,0.7101428571428576,1.1699999999998454,0.2999999999999545,1.647555823777693,0.4224502112250413,26.0,11.0,1.5
2024-01-31 06:50:00,2024-01-31 07:06:00,SHORT,2033.915,0.5526428571428467,0.13999999999987267,0.6300000000001091,0.25332816337058994,1.1399767351688892,3.0,16.0,-1.0
2024-01-31 08:10:00,2024-01-31 08:26:00,LONG,2037.365,1.1929285714285893,1.893000000000029,1.0699999999999363,1.5868510867612724,0.8969522783066214,16.0,1.0,1.5
2024-01-31 11:35:00,2024-01-31 11:43:00,LONG,2038.215,0.6907142857142584,0.10000000000013642,0.849999999999909,0.14477766287507396,1.2306101344363183,5.0,8.0,-1.0
2024-01-31 13:40:00,2024-01-31 13:55:00,LONG,2040.715,1.6023571428571586,2.4400000000000546,0.7200000000000273,1.5227566531449395,0.4493380287968744,15.0,5.0,1.5
2024-01-31 16:35:00,2024-01-31 16:45:00,LONG,2050.575,1.9592142857142594,0.6400000000003274,2.4099999999998545,0.32666156257992285,1.2300849465893184,2.0,10.0,-1.0
2024-01-31 17:40:00,2024-01-31 18:00:00,LONG,2050.085,1.1643571428571704,0.38000000000010914,1.5399999999999636,0.3263603459911295,1.3226182442794294,1.0,20.0,-1.0
2024-01-31 19:15:00,2024-01-31 19:17:00,SHORT,2043.825,2.16471428571437,0.0,2.3099999999999454,0.0,1.0671154226885098,,2.0,-1.0
2024-02-01 04:05:00,2024-02-01 04:22:00,LONG,2046.365,0.8009999999999471,0.14000000000010004,0.8099999999999454,0.1747815230962663,1.0112359550561785,5.0,17.0,-1.0
2024-02-01 12:10:00,2024-02-01 12:21:00,SHORT,2032.445,1.4485714285714266,2.4099999999998545,1.2999999999999545,1.6637080867849117,0.8974358974358673,11.0,1.0,1.5
2024-02-01 13:20:00,2024-02-01 13:21:00,SHORT,2032.235,1.4592857142856863,0.0,1.7300000000000182,0.0,1.1855115026921546,,1.0,-1.0
2024-02-01 19:00:00,2024-02-01 19:34:00,LONG,2057.175,2.1064285714286535,0.849999999999909,2.650000000000091,0.40352661919288785,1.258053577483887,14.0,34.0,-1.0
2024-02-01 19:25:00,2024-02-01 19:36:00,LONG,2056.205,1.7314285714285884,0.38999999999987267,2.1100000000001273,0.2252475247523995,1.2186468646865303,1.0,11.0,-1.0
2024-02-02 00:35:00,2024-02-02 00:36:00,LONG,2056.595,0.581214285714233,0.0,0.6199999999998909,0.0,1.066732210888443,,1.0,-1.0
2024-02-02 07:20:00,2024-02-02 07:28:00,LONG,2056.795,0.9559999999999685,0.05999999999994543,0.9800000000000182,0.06276150627609561,1.025104602510513,4.0,8.0,-1.0
2024-02-02 12:10:00,2024-02-02 12:11:00,LONG,2056.005,0.707571428571425,0.0,0.8200000000001637,0.0,1.158893599838719,,1.0,-1.0
2024-02-02 12:35:00,2024-02-02 12:40:00,LONG,2055.855,0.6475714285713821,0.15999999999985448,0.9200000000000728,0.24707699095501032,1.420692697992714,4.0,5.0,-1.0
2024-02-02 16:30:00,2024-02-02 16:44:00,SHORT,2033.555,1.9072142857143521,0.5670000000000073,2.4299999999998363,0.29729223624582696,1.2741095839105847,5.0,14.0,-1.0
2024-02-02 17:05:00,2024-02-02 18:24:00,SHORT,2035.545,1.5590000000000015,1.7070000000001073,2.1399999999998727,1.094932649134128,1.372674791532951,10.0,79.0,-1.0
2024-02-02 19:50:00,2024-02-02 19:52:00,LONG,2038.475,0.8599285714285705,0.0,0.8799999999998818,0.0,1.0233408090371592,,2.0,-1.0
2024-02-05 02:35:00,2024-02-05 02:50:00,SHORT,2035.895,0.9292857142857136,1.7200000000000273,0.5699999999999363,1.850883935434312,0.6133743274403624,15.0,1.0,1.5
2024-02-05 06:30:00,2024-02-05 06:36:00,SHORT,2029.535,1.0882857142857378,2.800000000000182,0.9199999999998454,2.572853767393128,0.845366237857545,6.0,3.0,1.5
2024-02-05 07:00:00,2024-02-05 07:08:00,SHORT,2029.985,1.1182142857143162,1.699999999999818,0.9900000000000091,1.5202810603638968,0.8853401469179015,8.0,1.0,1.5
2024-02-05 10:15:00,2024-02-05 10:24:00,SHORT,2022.555,0.9302142857142955,0.2899999999999636,1.3899999999998727,0.31175612378096046,1.4942793519156885,3.0,9.0,-1.0
2024-02-05 15:35:00,2024-02-05 16:30:00,SHORT,2017.845,2.6982857142856864,2.4200000000000728,3.7799999999999727,0.8968657348581472,1.4008894536213512,18.0,55.0,-1.0
2024-02-06 07:40:00,2024-02-06 07:52:00,LONG,2027.085,0.8701428571428583,0.2400000000000091,0.8800000000001091,0.27581677885405703,1.0113281891316295,3.0,12.0,-1.0
2024-02-06 10:25:00,2024-02-06 11:04:00,SHORT,2024.365,0.9483571428571135,1.5199999999999818,0.5099999999999909,1.602771710476795,0.5377720870678688,39.0,5.0,1.5
2024-02-06 10:40:00,2024-02-06 11:13:00,SHORT,2023.785,0.9040714285713908,0.9400000000000546,1.1199999999998909,1.0397408548630256,1.2388401674961782,24.0,33.0,-1.0
2024-02-06 10:55:00,2024-02-06 11:13:00,SHORT,2023.798,0.8799999999999629,0.9529999999999745,1.106999999999971,1.0829545454545622,1.2579545454545653,9.0,18.0,-1.0
2024-02-06 12:55:00,2024-02-06 13:06:00,LONG,2027.685,0.9975714285714373,3.1400000000001,0.9700000000000273,3.147644278963269,0.9723614492338725,11.0,1.0,1.5
2024-02-06 19:45:00,2024-02-06 20:31:00,LONG,2035.985,0.7242142857142783,0.8900000000001,0.8799999999998818,1.2289180392545151,1.215109971397423,25.0,46.0,-1.0
2024-02-07 02:45:00,2024-02-07 03:10:00,SHORT,2034.205,0.5276428571428856,0.2400000000000091,0.7200000000000273,0.45485312034654746,1.3645593610396423,19.0,25.0,-1.0
2024-02-07 03:45:00,2024-02-07 04:16:00,SHORT,2034.355,0.5028571428571402,0.33999999999991815,0.5699999999999363,0.6761363636362044,1.1335227272726065,17.0,31.0,-1.0
2024-02-07 09:15:00,2024-02-07 09:29:00,SHORT,2032.325,0.8854999999999791,0.009999999999990905,1.6399999999998727,0.011293054771305636,1.852060982495665,6.0,14.0,-1.0
2024-02-07 18:40:00,2024-02-07 19:15:00,SHORT,2034.425,1.0671428571428774,0.4249999999999545,1.1400000000001,0.398259705488571,1.0682730923695514,5.0,35.0,-1.0
2024-02-07 20:25:00,2024-02-07 20:55:00,SHORT,2035.195,0.5164285714285727,0.8599999999999,0.44000000000005457,1.6652835408020152,0.8520055325035614,30.0,1.0,1.5
2024-02-07 20:45:00,2024-02-07 21:18:00,SHORT,2034.885,0.5507142857142721,0.8299999999999272,0.41000000000008185,1.5071335927366107,0.7444876783399855,33.0,9.0,1.5
2024-02-08 06:30:00,2024-02-08 06:47:00,SHORT,2032.775,0.7007142857142981,0.15000000000009095,0.9699999999997999,0.2140672782875878,1.3843017329252763,5.0,17.0,-1.0
2024-02-08 07:05:00,2024-02-08 07:13:00,SHORT,2032.995,0.7028571428571695,0.4099999999998545,0.8300000000001546,0.5833333333331042,1.1808943089432646,3.0,8.0,-1.0
2024-02-08 08:15:00,2024-02-08 08:30:00,SHORT,2031.345,0.9133571428571615,1.6970000000001164,0.5299999999999727,1.8579807617112023,0.58027684366931,15.0,1.0,1.5
2024-02-08 09:20:00,2024-02-08 09:38:00,SHORT,2030.705,0.8318571428571399,0.9900000000000091,1.0399999999999636,1.1901081916538019,1.2502146659796962,11.0,18.0,-1.0
2024-02-08 18:45:00,2024-02-08 21:31:00,LONG,2031.995,1.3006428571428452,2.0230000000001382,0.9399999999998272,1.5553846998738095,0.7227195342961009,166.0,3.0,1.5
2024-02-08 18:55:00,2024-02-08 21:31:00,LONG,2031.995,1.2663571428571296,2.0230000000001382,0.6799999999998363,1.5974956286311823,0.5369733205481306,156.0,9.0,1.5
2024-02-09 02:15:00,2024-02-09 02:50:00,LONG,2034.765,0.5981428571428425,0.21299999999996544,0.6000000000001364,0.3561022211606865,1.0031048483403529,13.0,35.0,-1.0
2024-02-09 02:50:00,2024-02-09 03:48:00,LONG,2034.434,0.5014285714285863,0.2039999999999509,0.8559999999999945,0.4068376068374968,1.7071225071224456,36.0,58.0,-1.0
2024-02-09 03:20:00,2024-02-09 03:47:00,LONG,2034.408,0.3721428571428597,0.2300000000000182,0.459999999999809,0.6180422264875686,1.2360844529745263,6.0,27.0,-1.0
2024-02-09 04:45:00,2024-02-09 04:57:00,SHORT,2033.365,0.5031428571428153,0.7799999999999727,0.21000000000003638,1.5502555366269914,0.41737649063043075,12.0,3.0,1.5
2024-02-09 08:10:00,2024-02-09 08:11:00,SHORT,2031.165,0.8196428571428507,0.0,1.4100000000000819,0.0,1.72026143790861,,1.0,-1.0
2024-02-09 09:55:00,2024-02-09 10:22:00,SHORT,2031.485,0.7592857142857221,0.599999999999909,0.7800000000002001,0.7902163687675108,1.0272812793981834,20.0,27.0,-1.0
2024-02-09 14:30:00,2024-02-09 15:10:00,SHORT,2023.525,2.8701428571428584,0.6970000000001164,2.9199999999998454,0.2428450549997916,1.017370962122289,32.0,40.0,-1.0
2024-02-09 20:55:00,2024-02-09 21:41:00,LONG,2025.035,0.5976428571428869,0.4700000000000273,0.7270000000000891,0.7864228516792224,1.2164455599379396,23.0,46.0,-1.0
2024-02-09 21:10:00,2024-02-09 21:35:00,LONG,2025.358,0.5692857142857325,0.1470000000001619,0.599999999999909,0.25821831869538275,1.0539523212043236,8.0,25.0,-1.0
2024-02-12 06:55:00,2024-02-12 07:07:00,LONG,2024.158,0.41342857142852346,0.2599999999999909,0.5929999999998472,0.6288873531444877,1.4343469246715315,3.0,12.0,-1.0
2024-02-12 21:40:00,2024-02-12 21:48:00,LONG,2019.708,0.39850000000001273,0.14999999999986358,0.40300000000002,0.3764115432869731,1.0112923462986376,6.0,8.0,-1.0
2024-02-13 00:40:00,2024-02-13 00:49:00,SHORT,2018.725,0.4135714285714422,0.13999999999987267,0.5199999999999818,0.3385146804832734,1.257340241796115,3.0,9.0,-1.0
2024-02-13 03:55:00,2024-02-13 04:07:00,SHORT,2018.498,0.5184285714286067,0.18299999999999272,0.5570000000000164,0.35298980435377847,1.0744006613391706,9.0,12.0,-1.0
2024-02-13 12:00:00,2024-02-13 13:27:00,LONG,2027.908,0.720928571428593,1.887000000000171,0.6229999999998199,2.6174576439117807,0.8641632814819398,87.0,23.0,1.5
2024-02-13 12:10:00,2024-02-13 12:11:00,LONG,2028.525,0.7792857142857201,0.0,0.9770000000000891,0.0,1.2537121906508841,,1.0,-1.0
2024-02-13 13:20:00,2024-02-13 13:30:00,LONG,2028.565,0.8328571428571487,4.279999999999973,10.460000000000036,5.138936535162881,12.559176672384174,10.0,10.0,-1.0
2024-02-13 18:20:00,2024-02-13 18:30:00,SHORT,1993.915,0.9649999999999993,0.6800000000000637,1.0799999999999272,0.7046632124352996,1.119170984455884,8.0,10.0,-1.0
2024-02-13 21:35:00,2024-02-13 21:36:00,SHORT,1992.738,0.5416428571428307,0.0,0.5499999999999545,0.0,1.0154292496373123,,1.0,-1.0
2024-02-14 01:10:00,2024-02-14 01:11:00,SHORT,1990.975,0.6517142857143037,0.0,0.8100000000001728,0.0,1.2428759316091744,,1.0,-1.0
2024-02-14 03:15:00,2024-02-14 03:25:00,SHORT,1991.398,0.5619285714285362,0.2929999999998927,0.6670000000001437,0.5214185839581486,1.1869836023900593,6.0,10.0,-1.0
2024-02-14 05:25:00,2024-02-14 05:31:00,LONG,1992.745,0.4125714285714009,0.2300000000000182,0.4699999999997999,0.5574792243768127,1.1391966758998684,4.0,6.0,-1.0
2024-02-14 05:35:00,2024-02-14 05:41:00,LONG,1992.985,0.44328571428569113,0.2599999999999909,0.4499999999998181,0.5865291653238902,1.0151466322909737,3.0,6.0,-1.0
2024-02-14 08:55:00,2024-02-14 09:25:00,SHORT,1988.355,1.3064285714285688,0.1369999999999436,1.3199999999999363,0.10486604702018668,1.0103881902678593,3.0,30.0,-1.0
2024-02-14 09:35:00,2024-02-14 09:48:00,SHORT,1989.885,1.0682857142857236,0.8599999999999,1.1600000000000819,0.8050280823748659,1.0858518320407198,4.0,13.0,-1.0
2024-02-14 11:55:00,2024-02-14 12:11:00,LONG,1992.175,0.9478571428571415,1.0,1.009999999999991,1.055011303692541,1.065561416729457,5.0,16.0,-1.0
2024-02-15 04:40:00,2024-02-15 04:41:00,SHORT,1991.285,0.5899999999999993,0.0,0.6299999999998818,0.0,1.0677966101692924,,1.0,-1.0
2024-02-15 06:40:00,2024-02-15 07:01:00,LONG,1992.875,0.6705000000000284,0.4230000000000018,0.7100000000000364,0.6308724832214525,1.0589112602535515,19.0,21.0,-1.0
2024-02-15 07:50:00,2024-02-15 07:51:00,LONG,1993.835,0.7385714285714228,0.0,0.7999999999999545,0.0,1.0831721470018811,,1.0,-1.0
2024-02-15 08:00:00,2024-02-15 08:12:00,LONG,1993.935,0.7571428571428507,1.4400000000000546,0.4700000000000273,1.9018867924529186,0.6207547169811735,12.0,1.0,1.5
2024-02-15 09:35:00,2024-02-15 09:36:00,LONG,1995.185,0.6018571428570892,0.0,0.6069999999999709,0.0,1.0085449798243946,,1.0,-1.0
2024-02-15 11:35:00,2024-02-15 11:36:00,LONG,1996.795,0.7176428571428589,0.0,0.7599999999999909,0.0,1.059022593809082,,1.0,-1.0
2024-02-15 12:35:00,2024-02-15 12:36:00,LONG,1997.815,0.8119285714285525,0.0,0.8200000000001637,0.0,1.009941057447221,,1.0,-1.0
2024-02-15 19:30:00,2024-02-15 20:01:00,LONG,2005.228,0.9159285714285456,0.06700000000000728,0.9230000000000018,0.07314980893707622,1.0077205022225992,28.0,31.0,-1.0
2024-02-15 19:45:00,2024-02-15 20:04:00,LONG,2005.065,0.8270714285714088,0.2300000000000182,0.9500000000000455,0.2780896450470966,1.148631142585798,13.0,19.0,-1.0
2024-02-15 23:10:00,2024-02-15 23:25:00,LONG,2004.528,0.41435714285712166,0.12999999999988177,0.46299999999996544,0.31373901051515907,1.1173935528356918,6.0,15.0,-1.0
2024-02-16 10:15:00,2024-02-16 10:41:00,LONG,2005.655,0.5797857142857765,1.0499999999999545,0.37999999999988177,1.811013921399259,0.6554145620300325,26.0,1.0,1.5
2024-02-16 10:30:00,2024-02-16 10:31:00,LONG,2006.125,0.5776428571429213,0.0,0.8199999999999363,0.0,1.419562260417687,,1.0,-1.0
2024-02-16 12:15:00,2024-02-16 12:44:00,LONG,2007.655,0.5330714285714261,0.39000000000010004,0.6499999999998636,0.7316092724107498,1.219348787350681,5.0,29.0,-1.0
2024-02-16 19:50:00,2024-02-16 19:51:00,LONG,2012.885,0.8257142857142818,0.0,0.900000000000091,0.0,1.0899653979239907,,1.0,-1.0
2024-02-19 04:30:00,2024-02-19 05:22:00,LONG,2018.845,0.6713571428571673,1.6800000000000637,0.6600000000000819,2.502393871688481,0.9830833067348451,52.0,21.0,1.5
2024-02-19 09:05:00,2024-02-19 09:16:00,SHORT,2019.795,0.7840714285714512,0.11000000000012733,0.8399999999999181,0.14029334062145743,1.0713309647443303,4.0,11.0,-1.0
2024-02-19 10:00:00,2024-02-19 10:30:00,SHORT,2019.595,0.6435714285714279,0.3369999999999891,0.8330000000000837,0.5236403995560324,1.2943396226416408,7.0,30.0,-1.0
2024-02-19 11:35:00,2024-02-19 11:36:00,SHORT,2018.218,0.6259285714286145,0.0,1.0370000000000346,0.0,1.6567385598538726,,1.0,-1.0
2024-02-19 14:25:00,2024-02-19 15:45:00,SHORT,2016.755,0.8059999999999751,1.25,0.7999999999999545,1.5508684863524054,0.992555831265483,80.0,34.0,1.5
2024-02-19 15:25:00,2024-02-19 15:50:00,SHORT,2016.415,0.7478571428571773,1.2000000000000455,0.37000000000011823,1.6045845272206172,0.494746895893163,25.0,7.0,1.5
2024-02-19 15:35:00,2024-02-19 15:50:00,SHORT,2016.345,0.7128571428571929,1.1300000000001091,0.34999999999990905,1.5851703406814044,0.49098196392769367,15.0,1.0,1.5
2024-02-20 02:00:00,2024-02-20 03:53:00,LONG,2017.215,0.9315000000000282,1.4400000000000546,0.4399999999998272,1.545893719806775,0.4723564143852001,113.0,1.0,1.5
2024-02-20 02:10:00,2024-02-20 03:11:00,LONG,2017.905,0.8765000000000295,0.32999999999992724,0.9500000000000455,0.37649743297195226,1.0838562464346988,28.0,61.0,-1.0
2024-02-20 06:25:00,2024-02-20 06:45:00,LONG,2019.385,0.5914285714285857,0.9900000000000091,0.17000000000007276,1.6739130434782357,0.2874396135266861,20.0,4.0,1.5
2024-02-20 07:10:00,2024-02-20 07:11:00,LONG,2020.205,0.7162142857142888,0.0,0.7699999999999818,0.0,1.075097237458831,,1.0,-1.0
2024-02-20 08:25:00,2024-02-20 08:35:00,LONG,2022.145,0.8704285714285659,0.44000000000005457,1.196999999999889,0.5054981125882819,1.375184638109187,6.0,10.0,-1.0
2024-02-20 23:30:00,2024-02-20 23:40:00,SHORT,2023.885,0.4171428571428188,0.17000000000007276,0.5,0.40753424657555437,1.1986301369864116,8.0,10.0,-1.0
2024-02-21 00:10:00,2024-02-21 00:27:00,SHORT,2023.025,0.5049999999999629,0.19000000000005457,0.599999999999909,0.3762376237625119,1.1881188118810952,8.0,17.0,-1.0
2024-02-21 06:25:00,2024-02-21 06:37:00,LONG,2030.365,0.758928571428539,0.06999999999993634,0.7699999999999818,0.09223529411756712,1.014588235294137,5.0,12.0,-1.0
2024-02-21 09:30:00,2024-02-21 09:43:00,SHORT,2027.345,0.7688571428571355,0.30999999999994543,0.8399999999999181,0.4031958379783796,1.092530657747953,5.0,13.0,-1.0
2024-02-21 10:05:00,2024-02-21 10:17:00,SHORT,2027.915,0.6860000000000029,0.1069999999999709,0.7100000000000364,0.15597667638479656,1.0349854227405735,3.0,12.0,-1.0
2024-02-21 12:55:00,2024-02-21 13:05:00,LONG,2029.355,0.7000714285714074,1.4300000000000637,0.4600000000000364,2.0426487093155288,0.657075808591032,10.0,2.0,1.5
2024-02-21 14:20:00,2024-02-21 14:27:00,LONG,2029.575,1.253642857142836,0.12999999999988177,1.2770000000000437,0.10369779499734348,1.0186314170133277,4.0,7.0,-1.0
2024-02-21 21:15:00,2024-02-21 21:40:00,SHORT,2024.045,0.7789285714285532,0.1870000000001255,0.7999999999999545,0.24007336084381645,1.0270518110957934,5.0,25.0,-1.0
2024-02-21 23:55:00,2024-02-22 00:03:00,LONG,2025.658,0.5728571428571578,0.4670000000000982,0.5729999999998654,0.8152119700749632,1.0002493765583425,3.0,8.0,-1.0
2024-02-22 02:00:00,2024-02-22 03:34:00,LONG,2027.385,0.9147857142856992,0.9100000000000819,1.0599999999999454,0.9947684859843332,1.1587413133442244,10.0,94.0,-1.0
2024-02-22 02:40:00,2024-02-22 03:45:00,LONG,2027.085,0.8524285714285368,1.1499999999998636,0.8900000000001,1.349086643204185,1.0440757499582627,15.0,65.0,-1.0
2024-02-22 03:00:00,2024-02-22 03:13:00,LONG,2028.165,0.7183571428571115,0.049999999999954525,0.7200000000000273,0.06960326140990294,1.002286964303552,5.0,13.0,-1.0
2024-02-22 15:00:00,2024-02-22 16:47:00,SHORT,2022.985,1.9527857142857263,3.259999999999991,1.490000000000009,1.6694100003657628,0.7630125461794506,107.0,1.0,1.5
2024-02-22 15:55:00,2024-02-22 16:46:00,SHORT,2023.225,1.7849285714285739,2.7999999999999545,1.1400000000001,1.5686902236983997,0.6386810196487006,51.0,1.0,1.5
2024-02-22 16:15:00,2024-02-22 16:37:00,SHORT,2022.705,1.41671428571429,2.1399999999998727,0.6100000000001273,1.5105374609255886,0.43057376222656835,22.0,8.0,1.5
2024-02-22 16:25:00,2024-02-22 16:46:00,SHORT,2022.298,1.1967142857142952,1.8730000000000473,0.4670000000000982,1.5651187776053752,0.39023516772122024,21.0,1.0,1.5
2024-02-23 00:05:00,2024-02-23 00:26:00,LONG,2024.825,0.6559285714285547,1.0,0.4800000000000182,1.5245562452358008,0.7317869977132121,21.0,2.0,1.5
2024-02-23 04:45:00,2024-02-23 04:46:00,LONG,2026.145,0.40028571428568477,0.0,0.4600000000000364,0.0,1.149179157744644,,1.0,-1.0
2024-02-23 08:25:00,2024-02-23 08:34:00,SHORT,2020.095,0.9358571428571493,0.18000000000006366,1.2699999999999818,0.19233704777903177,1.3570447259960023,6.0,9.0,-1.0
2024-02-23 08:35:00,2024-02-23 08:36:00,SHORT,2019.855,1.000857142857139,0.0,1.3699999999998909,0.0,1.3688267199542212,,1.0,-1.0
2024-02-23 14:15:00,2024-02-23 14:35:00,LONG,2025.545,1.2721428571428532,0.6299999999998818,1.4800000000000182,0.49522740033679796,1.163391353172393,17.0,20.0,-1.0
2024-02-26 02:05:00,2024-02-26 03:47:00,SHORT,2031.145,0.8890714285714694,0.6099999999999,0.9200000000000728,0.6861091025948588,1.0347874989957764,17.0,102.0,-1.0
2024-02-26 16:40:00,2024-02-26 16:51:00,SHORT,2026.835,1.2869285714285914,0.2699999999999818,1.3399999999999181,0.20980185380472258,1.041238829993815,4.0,11.0,-1.0
2024-02-26 23:30:00,2024-02-27 00:00:00,LONG,2031.015,0.37042857142856583,0.7799999999999727,0.19000000000005457,2.1056691091399506,0.5129193983804096,30.0,23.0,1.5
2024-02-27 03:30:00,2024-02-27 04:01:00,LONG,2032.765,0.5743571428571548,0.9199999999998454,0.3400000000001455,1.6017908220367576,0.5919661733617633,31.0,15.0,1.5
2024-02-27 05:45:00,2024-02-27 06:32:00,LONG,2033.465,0.42385714285714066,0.7300000000000182,0.2599999999999909,1.7222783956859298,0.6134142231209794,47.0,1.0,1.5
2024-02-27 08:05:00,2024-02-27 08:06:00,LONG,2035.395,0.7161428571428294,0.0,0.8399999999999181,0.0,1.172950329144156,,1.0,-1.0
2024-02-27 12:45:00,2024-02-27 13:10:00,LONG,2038.025,0.7369285714285395,0.5399999999999636,1.0300000000002,0.7327711544053328,1.3976931278475744,18.0,25.0,-1.0
2024-02-27 15:40:00,2024-02-27 15:48:00,SHORT,2033.315,1.3471428571428337,0.11000000000012733,2.1599999999998545,0.08165429480391355,1.6033934252385202,5.0,8.0,-1.0
2024-02-27 17:00:00,2024-02-27 17:16:00,SHORT,2032.045,0.9997142857142437,1.6200000000001182,0.5599999999999454,1.6204629894257365,0.5601600457273196,16.0,1.0,1.5
2024-02-28 04:45:00,2024-02-28 06:00:00,SHORT,2030.538,0.46635714285715885,0.6600000000000819,0.6669999999999163,1.4152243835198084,1.4302343391022374,16.0,75.0,-1.0
2024-02-28 04:55:00,2024-02-28 05:12:00,SHORT,2030.118,0.4708571428571661,0.2400000000000091,0.7000000000000455,0.5097087378640718,1.4866504854369162,6.0,17.0,-1.0
2024-02-28 05:40:00,2024-02-28 05:48:00,SHORT,2030.418,0.3977142857143008,0.09999999999990905,0.44000000000005457,0.2514367816089572,1.1063218390805551,3.0,8.0,-1.0
2024-02-28 06:45:00,2024-02-28 06:46:00,SHORT,2029.645,0.5340714285713862,0.0,0.5499999999999545,0.0,1.0298247960411895,,1.0,-1.0
2024-02-28 08:40:00,2024-02-28 08:41:00,SHORT,2027.895,0.5809285714285904,0.0,0.6900000000000546,0.0,1.1877535964589263,,1.0,-1.0
2024-02-28 15:00:00,2024-02-28 15:18:00,LONG,2032.505,1.3476428571428383,0.8799999999998818,1.3600000000001273,0.6529919966077552,1.0091694493031245,6.0,18.0,-1.0
2024-02-28 16:45:00,2024-02-28 17:06:00,LONG,2032.905,0.8910000000000602,1.8730000000000473,0.7000000000000455,2.10213243546568,0.7856341189674503,21.0,2.0,1.5
2024-02-28 16:55:00,2024-02-28 17:06:00,LONG,2033.505,0.8426428571429077,1.2729999999999109,0.7000000000000455,1.5107230651858679,0.8307196744935195,11.0,1.0,1.5
2024-02-28 21:20:00,2024-02-28 21:35:00,LONG,2033.435,0.4497857142857161,0.7200000000000273,0.37999999999988177,1.6007622677466,0.8448467524215219,15.0,2.0,1.5
2024-02-29 09:30:00,2024-02-29 09:47:00,SHORT,2035.395,0.7519285714284771,1.150000000000091,0.5799999999999272,1.5294005889620301,0.7713498622589532,17.0,1.0,1.5
2024-03-01 07:30:00,2024-03-01 07:31:00,LONG,2047.085,0.7004999999999849,0.0,0.9500000000000455,0.0,1.3561741613134417,,1.0,-1.0
2024-03-01 21:25:00,2024-03-01 21:58:00,LONG,2083.415,0.6957857142857132,0.4830000000001746,0.7599999999997635,0.6941792423778314,1.0922903192687308,28.0,33.0,-1.0
2024-03-04 02:20:00,2024-03-04 02:30:00,SHORT,2081.025,0.8055714285714137,0.07999999999992724,0.900000000000091,0.09930838801197038,1.1172193651357958,5.0,10.0,-1.0
2024-03-04 05:05:00,2024-03-04 05:22:00,SHORT,2080.515,0.3427857142857452,0.11999999999989086,0.47000000000025466,0.35007293186045435,1.371118983122103,1.0,17.0,-1.0
2024-03-04 06:45:00,2024-03-04 06:46:00,LONG,2082.678,0.7637857142857618,0.0,0.8299999999999272,0.0,1.0866922285605778,,1.0,-1.0
2024-03-04 10:35:00,2024-03-04 11:32:00,LONG,2083.415,0.8821428571428507,1.0900000000001455,0.9169999999999163,1.2356275303645465,1.0395141700403987,41.0,57.0,-1.0
2024-03-04 12:30:00,2024-03-04 12:36:00,SHORT,2082.228,0.7959999999999192,0.3530000000000655,0.7970000000000255,0.4434673366835444,1.0012562814071688,4.0,6.0,-1.0
2024-03-04 12:55:00,2024-03-04 13:13:00,SHORT,2082.465,0.7428571428570844,0.8500000000003638,1.1499999999996362,1.1442307692313491,1.5480769230765552,8.0,18.0,-1.0
2024-03-05 01:05:00,2024-03-05 01:12:00,LONG,2115.845,0.8555714285714332,0.8800000000001091,1.2999999999997272,1.0285523459677293,1.5194523292700017,1.0,7.0,-1.0
2024-03-05 02:45:00,2024-03-05 02:46:00,SHORT,2111.625,0.8124285714286218,0.0,1.150000000000091,0.0,1.4155090557411882,,1.0,-1.0
2024-03-05 03:00:00,2024-03-05 03:01:00,SHORT,2111.235,0.8017142857143297,0.0,0.9400000000000546,0.0,1.172487526728443,,1.0,-1.0
2024-03-05 04:10:00,2024-03-05 04:11:00,SHORT,2113.355,0.7807142857142415,0.0,0.8389999999999418,0.0,1.0746569075937649,,1.0,-1.0
2024-03-05 18:45:00,2024-03-05 19:15:00,LONG,2131.275,1.4605714285714515,2.2100000000000364,1.0700000000001637,1.5131064162754315,0.7325899843506483,30.0,14.0,1.5
2024-03-06 00:00:00,2024-03-06 00:01:00,SHORT,2126.635,0.6355000000000602,0.0,0.8599999999996726,0.0,1.3532651455540379,,1.0,-1.0
2024-03-06 03:15:00,2024-03-06 03:54:00,SHORT,2124.815,0.7052142857142242,1.2000000000002728,0.5199999999999818,1.7016104527504594,0.7373645295250056,39.0,8.0,1.5
2024-03-06 07:00:00,2024-03-06 07:01:00,LONG,2128.695,0.8179285714285405,0.0,1.580000000000382,0.0,1.931709021046737,,1.0,-1.0
2024-03-06 10:00:00,2024-03-06 10:12:00,SHORT,2127.635,1.0147857142857706,1.6300000000001091,0.49299999999993815,1.6062504399239996,0.48581685084808557,12.0,1.0,1.5
2024-03-06 13:45:00,2024-03-06 13:46:00,LONG,2136.245,2.1711428571428706,0.0,2.400000000000091,0.0,1.1054086063956134,,1.0,-1.0
2024-03-06 18:10:00,2024-03-06 18:29:00,LONG,2146.965,1.9859999999999738,4.019999999999982,1.2100000000000364,2.0241691842900478,0.6092648539778712,19.0,2.0,1.5
2024-03-06 21:20:00,2024-03-06 21:30:00,LONG,2145.825,0.7489999999999587,1.2100000000000364,0.6269999999999527,1.6154873164220336,0.8371161548731473,10.0,10.0,1.5
2024-03-06 21:30:00,2024-03-06 21:43:00,LONG,2146.425,0.8244999999999761,1.349999999999909,0.3000000000001819,1.637355973317099,0.36385688295960045,13.0,6.0,1.5
2024-03-07 02:40:00,2024-03-07 04:01:00,LONG,2151.005,1.5217142857141945,2.7199999999998,1.4100000000003092,1.7874577544122925,0.9265865565154672,81.0,45.0,1.5
2024-03-07 07:30:00,2024-03-07 07:31:00,LONG,2157.445,1.2328571428572235,0.0,1.8500000000003638,0.0,1.5005793742759792,,1.0,-1.0
2024-03-07 12:15:00,2024-03-07 12:30:00,LONG,2157.105,1.1562142857143758,0.32999999999992724,1.4400000000000546,0.2854142212886033,1.2454438747142271,9.0,15.0,-1.0
2024-03-07 18:45:00,2024-03-07 18:52:00,LONG,2157.605,1.146428571428552,0.38000000000010914,1.1599999999998545,0.3314641744549295,1.0118380062304198,3.0,7.0,-1.0
2024-03-07 21:10:00,2024-03-07 21:57:00,LONG,2158.625,0.7309285714286163,1.099999999999909,0.3000000000001819,1.5049350141696258,0.41043682204654436,47.0,3.0,1.5
2024-03-08 15:45:00,2024-03-08 16:14:00,LONG,2174.774,2.6206428571428466,2.7409999999999854,2.638999999999669,1.045926571997055,1.007004824334147,15.0,29.0,-1.0
2024-03-08 16:15:00,2024-03-08 16:39:00,LONG,2174.815,2.400071428571372,3.893000000000029,1.4800000000000182,1.6220350584804528,0.6166483140382948,24.0,11.0,1.5
2024-03-08 21:15:00,2024-03-08 21:39:00,LONG,2177.905,0.778499999999927,0.05999999999994543,0.9070000000001528,0.07707129094406044,1.1650610147723028,6.0,24.0,-1.0
2024-03-11 00:15:00,2024-03-11 00:37:00,LONG,2182.085,1.4421428571428936,2.2100000000000364,1.1100000000001273,1.5324418028726958,0.7696879643388504,22.0,1.0,1.5
2024-03-11 13:05:00,2024-03-11 13:06:00,SHORT,2176.145,1.7357142857142012,0.0,2.019999999999982,0.0,1.163786008230499,,1.0,-1.0
2024-03-11 15:05:00,2024-03-11 15:40:00,LONG,2181.955,2.278571428571435,3.450000000000273,0.9600000000000364,1.5141065830722158,0.42131661442007745,35.0,1.0,1.5
2024-03-11 17:45:00,2024-03-11 18:33:00,SHORT,2179.305,1.4352142857143073,2.2599999999997635,0.7699999999999818,1.5746777484694279,0.5365052505847601,48.0,17.0,1.5
2024-03-11 20:10:00,2024-03-11 20:50:00,LONG,2181.515,0.8223571428571697,1.3299999999999272,0.44000000000005457,1.6173021801440437,0.5350473377921101,40.0,2.0,1.5
2024-03-11 20:25:00,2024-03-11 22:21:00,LONG,2181.935,0.6650000000000286,1.550000000000182,0.38999999999987267,2.3308270676693463,0.5864661654133172,116.0,1.0,1.5
2024-03-11 22:20:00,2024-03-11 22:21:00,LONG,2183.415,0.5607142857142792,0.07000000000016371,1.3400000000001455,0.12484076433150361,2.3898089171977395,1.0,1.0,-1.0
2024-03-12 04:45:00,2024-03-12 05:02:00,SHORT,2178.435,0.45599999999996854,0.5769999999997708,0.5399999999999636,1.2653508771925672,1.1842105263157914,8.0,17.0,-1.0
2024-03-12 06:30:00,2024-03-12 07:11:00,SHORT,2175.395,1.4642857142857468,1.9099999999998545,1.7899999999999636,1.3043902439023107,1.222439024390192,20.0,41.0,-1.0
2024-03-12 10:10:00,2024-03-12 10:31:00,SHORT,2175.635,0.9314285714285039,0.17000000000007276,1.0299999999997453,0.18251533742340423,1.1058282208587025,12.0,21.0,-1.0
2024-03-12 11:00:00,2024-03-12 11:10:00,SHORT,2176.058,0.8266428571428476,1.5030000000001564,0.22699999999986176,1.8181975287308765,0.27460468331444754,10.0,1.0,1.5
2024-03-12 12:15:00,2024-03-12 12:20:00,SHORT,2169.905,1.7082857142856938,2.4400000000000546,2.0099999999997635,1.4283324970731384,1.1766181635723796,2.0,5.0,-1.0
2024-03-12 14:35:00,2024-03-12 14:50:00,SHORT,2160.855,3.4927857142856737,0.6300000000001091,3.6100000000001273,0.18037178674413853,1.0335589684861115,10.0,15.0,-1.0
2024-03-12 14:55:00,2024-03-12 16:41:00,SHORT,2161.955,3.124285714285731,4.5,3.242999999999938,1.4403292181069882,1.0379972565157496,26.0,106.0,-1.0
2024-03-12 20:15:00,2024-03-12 20:35:00,SHORT,2156.415,0.9400000000000546,0.30999999999994543,1.0700000000001637,0.329787234042476,1.1382978723405337,5.0,20.0,-1.0
2024-03-13 00:20:00,2024-03-13 00:21:00,LONG,2159.355,1.0675714285714224,0.0,1.1599999999998545,0.0,1.086578348721936,,1.0,-1.0
2024-03-13 00:55:00,2024-03-13 01:05:00,LONG,2159.215,0.9683571428570629,0.1499999999996362,1.150000000000091,0.15490152688611641,1.1875783727965334,3.0,10.0,-1.0
2024-03-13 03:20:00,2024-03-13 03:42:00,LONG,2159.565,0.7389285714285896,1.0499999999997272,0.8099999999999454,1.4209763170609782,1.0961817303043941,11.0,22.0,-1.0
2024-03-13 06:45:00,2024-03-13 07:02:00,LONG,2158.865,0.8422857142857408,1.5100000000002183,0.45999999999958163,1.7927408412485066,0.5461329715055919,17.0,9.0,1.5
2024-03-13 12:20:00,2024-03-13 12:21:00,LONG,2166.185,1.2814285714286402,0.0,1.7869999999998072,0.0,1.3945373467110345,,1.0,-1.0
2024-03-13 13:55:00,2024-03-13 14:08:00,LONG,2165.915,2.278214285714317,1.0900000000001455,2.5169999999998254,0.4784448973193864,1.1048126665620654,6.0,13.0,-1.0
2024-03-13 16:10:00,2024-03-13 16:19:00,LONG,2170.748,1.4544285714285448,2.2770000000000437,0.5199999999999818,1.5655633041941457,0.3575287299872252,9.0,4.0,1.5
2024-03-13 23:00:00,2024-03-14 00:04:00,LONG,2175.255,0.6003571428570597,0.8299999999999272,0.6300000000001091,1.3825104104700288,1.0493753718028258,26.0,64.0,-1.0
2024-03-14 06:35:00,2024-03-14 08:20:00,SHORT,2168.535,1.0247857142856966,1.2100000000000364,1.1600000000003092,1.1807346483585976,1.131943960410163,16.0,105.0,-1.0
2024-03-14 07:35:00,2024-03-14 07:56:00,SHORT,2167.578,0.9378571428570207,0.1799999999998363,0.9670000000000982,0.19192688499604238,1.03107387661867,5.0,21.0,-1.0
2024-03-14 14:35:00,2024-03-14 15:19:00,SHORT,2161.045,2.602357142857142,3.9900000000002365,2.25,1.5332253726018534,0.8646007740235503,44.0,1.0,1.5
2024-03-14 15:10:00,2024-03-14 15:35:00,SHORT,2159.775,1.99378571428565,4.230000000000018,0.8899999999998727,2.121592089707382,0.4463869881416766,25.0,3.0,1.5
2024-03-15 00:10:00,2024-03-15 00:25:00,SHORT,2160.945,0.5210000000000231,0.3700000000003456,0.6329999999998108,0.710172744722321,1.2149712092126348,6.0,15.0,-1.0
2024-03-15 00:50:00,2024-03-15 01:06:00,LONG,2162.795,0.6980714285714059,1.3699999999998909,0.6170000000001892,1.9625498823287726,0.883863706129431,16.0,7.0,1.5
2024-03-15 03:20:00,2024-03-15 03:49:00,LONG,2163.545,0.6924285714285686,1.0630000000001019,0.5799999999999272,1.535176397771971,0.8376315246543238,29.0,1.0,1.5
2024-03-15 04:30:00,2024-03-15 04:31:00,LONG,2164.585,0.6259285714286956,0.0,0.6669999999999163,0.0,1.0656167978999174,,1.0,-1.0
2024-03-15 06:55:00,2024-03-15 07:22:00,LONG,2168.798,1.4547857142856953,1.0770000000002256,1.7329999999997199,0.7403152157904137,1.1912407325573917,12.0,27.0,-1.0
2024-03-15 09:45:00,2024-03-15 09:53:00,LONG,2168.065,1.0182857142856716,1.699999999999818,0.22000000000025466,1.6694725028057276,0.21604938271630852,8.0,4.0,1.5
2024-03-15 10:45:00,2024-03-15 11:05:00,LONG,2169.465,1.1707142857142117,0.30999999999994543,1.3800000000001091,0.2647956070774564,1.1787675411838163,10.0,20.0,-1.0
2024-03-15 18:25:00,2024-03-15 18:37:00,SHORT,2157.605,1.1900000000001196,0.09000000000014552,1.2899999999999636,0.07563025210095502,1.0840336134452386,9.0,12.0,-1.0
2024-03-18 06:15:00,2024-03-18 06:50:00,SHORT,2147.335,0.9192142857142959,0.6700000000000728,1.0799999999999272,0.7288833631207488,1.1749164659257763,14.0,35.0,-1.0
2024-03-18 06:25:00,2024-03-18 06:33:00,SHORT,2147.015,0.9242142857143075,0.34999999999990905,0.9800000000000182,0.3787000540999004,1.0603601514800163,4.0,8.0,-1.0
2024-03-18 06:40:00,2024-03-18 06:48:00,SHORT,2147.055,0.8485714285714364,0.2199999999997999,0.8600000000001273,0.25925925925902105,1.0134680134681542,4.0,8.0,-1.0
2024-03-18 14:35:00,2024-03-18 14:52:00,LONG,2160.148,1.8192857142856675,0.25,1.913000000000011,0.1374165685119784,1.0515115822536647,9.0,17.0,-1.0
2024-03-18 18:05:00,2024-03-18 22:20:00,LONG,2159.865,1.0645000000000502,2.100000000000364,0.8099999999999454,1.9727571629875666,0.7609206200093069,255.0,23.0,1.5
2024-03-19 03:25:00,2024-03-19 03:35:00,LONG,2161.575,0.7002142857142774,0.6200000000003456,0.8599999999996726,0.8854432316642805,1.2281954503718822,10.0,10.0,-1.0
2024-03-19 07:00:00,2024-03-19 07:13:00,SHORT,2156.035,1.2044999999999553,1.9699999999998,0.2800000000002001,1.6355334163552289,0.23246160232479077,13.0,3.0,1.5
2024-03-19 07:35:00,2024-03-19 07:36:00,SHORT,2155.225,1.111642857142897,0.0,1.8699999999998909,0.0,1.682194949559695,,1.0,-1.0
2024-03-19 07:45:00,2024-03-19 08:07:00,SHORT,2154.855,1.1023571428571748,1.75,0.9699999999997999,1.5875072895742428,0.879932611935256,22.0,17.0,1.5
2024-03-19 09:00:00,2024-03-19 10:13:00,SHORT,2152.755,2.018071428571375,1.2200000000002547,2.4099999999998545,0.604537571231516,1.1942094644816077,28.0,73.0,-1.0
2024-03-19 09:15:00,2024-03-19 09:40:00,SHORT,2152.475,1.899999999999961,0.9400000000000546,2.0,0.494736842105302,1.05263157894739,13.0,25.0,-1.0
2024-03-19 11:25:00,2024-03-19 11:45:00,SHORT,2154.855,1.1764285714285572,0.599999999999909,1.400000000000091,0.5100182149361766,1.1900425015180032,13.0,20.0,-1.0
2024-03-19 18:25:00,2024-03-19 18:27:00,LONG,2156.295,0.8647142857143341,0.0,0.900000000000091,0.0,1.0408062117958508,,2.0,-1.0
2024-03-19 18:50:00,2024-03-19 20:08:00,LONG,2156.685,0.8002142857143164,1.2100000000000364,0.7100000000000364,1.5120949745603731,0.8872623404445352,78.0,1.0,1.5
2024-03-19 22:45:00,2024-03-19 23:08:00,LONG,2158.398,0.5146428571428844,0.18699999999989814,0.5399999999999636,0.363358778625737,1.049271339347549,15.0,23.0,-1.0
2024-03-20 03:35:00,2024-03-20 04:00:00,LONG,2158.965,0.6376428571428993,0.9800000000000182,0.20000000000027285,1.5369104962472666,0.3136552033161908,25.0,2.0,1.5
2024-03-20 04:35:00,2024-03-20 04:46:00,LONG,2158.925,0.47692857142854855,0.13999999999987267,0.8400000000001455,0.2935450052416222,1.76127003145164,8.0,11.0,-1.0
2024-03-20 09:45:00,2024-03-20 09:54:00,SHORT,2155.175,0.7442857142856221,1.3400000000001455,0.4699999999997999,1.8003838771597276,0.6314779270631491,9.0,1.0,1.5
2024-03-20 11:45:00,2024-03-20 12:01:00,SHORT,2154.155,0.8528571428570493,0.4600000000000364,0.9499999999998181,0.539363484087204,1.1139028475710981,13.0,16.0,-1.0
2024-03-20 11:55:00,2024-03-20 12:00:00,SHORT,2153.865,0.9057142857142091,0.169999999999618,0.9800000000000182,0.18769716088287489,1.0820189274449066,3.0,5.0,-1.0
2024-03-20 12:05:00,2024-03-20 12:20:00,SHORT,2153.135,0.998357142857068,0.40000000000009095,1.4929999999999382,0.40065822422563446,1.4954568219217788,5.0,15.0,-1.0
2024-03-20 16:30:00,2024-03-20 16:35:00,LONG,2157.715,1.0923571428570864,0.21000000000003638,1.4410000000002583,0.1922448178905814,1.319165631334902,5.0,5.0,-1.0
2024-03-21 00:10:00,2024-03-21 00:25:00,LONG,2203.065,2.5017142857142454,0.30999999999994543,3.019999999999982,0.12391502969390435,1.2071722247601766,5.0,15.0,-1.0
2024-03-21 01:55:00,2024-03-21 07:29:00,LONG,2204.695,3.23785714285717,5.329999999999927,3.086999999999989,1.6461504522390988,0.9534083388484333,334.0,121.0,1.5
2024-03-21 04:20:00,2024-03-21 04:23:00,LONG,2203.475,0.7469285714284654,0.0,0.8800000000001091,0.0,1.1781581715600342,,3.0,-1.0
2024-03-21 05:55:00,2024-03-21 05:56:00,LONG,2204.835,1.1037857142856475,0.0,1.7899999999999636,0.0,1.6216915809228634,,1.0,-1.0
2024-03-21 07:45:00,2024-03-21 07:46:00,LONG,2208.535,1.5126428571428991,0.0,1.8399999999996908,0.0,1.2164140340933538,,1.0,-1.0
2024-03-21 13:15:00,2024-03-21 13:31:00,SHORT,2201.945,2.227214285714191,3.800000000000182,1.9699999999998,1.7061672172157663,0.8845130047143572,16.0,2.0,1.5
2024-03-21 19:45:00,2024-03-21 20:13:00,SHORT,2181.105,0.8609285714285306,0.8969999999999345,0.9899999999997817,1.0418982825852219,1.149921181448403,12.0,28.0,-1.0
2024-03-21 23:40:00,2024-03-21 23:47:00,SHORT,2181.208,0.3641428571428215,0.5100000000002183,0.3769999999999527,1.4005492349948518,1.035307963907386,6.0,7.0,-1.0
2024-03-22 04:55:00,2024-03-22 05:12:00,SHORT,2173.505,0.849999999999974,0.5700000000001637,1.1099999999996726,0.6705882352943308,1.3058823529408312,12.0,17.0,-1.0
2024-03-22 05:50:00,2024-03-22 06:15:00,SHORT,2173.895,1.0123571428570943,1.5,1.2400000000002365,1.4816905383476333,1.2248641783676104,15.0,25.0,-1.0
2024-03-22 06:00:00,2024-03-22 06:02:00,SHORT,2172.755,1.0702142857142658,0.0,1.1300000000001091,0.0,1.055863311753442,,2.0,-1.0
2024-03-22 08:15:00,2024-03-22 08:57:00,SHORT,2165.685,2.1152857142857493,0.8600000000001273,2.869999999999891,0.40656446275415625,1.3567907070979202,3.0,42.0,-1.0
2024-03-22 09:20:00,2024-03-22 09:56:00,SHORT,2168.285,1.6762142857142928,2.699999999999818,0.9700000000002547,1.6107725742530914,0.5786849618614867,36.0,12.0,1.5
2024-03-22 09:45:00,2024-03-22 10:47:00,SHORT,2166.515,1.6157142857142779,0.9299999999998363,1.6400000000003274,0.5755968169760288,1.0150309460656364,11.0,62.0,-1.0
2024-03-22 11:05:00,2024-03-22 11:13:00,SHORT,2166.765,1.1257142857143012,0.23999999999978172,1.2699999999999818,0.21319796954295037,1.1281725888324556,6.0,8.0,-1.0
2024-03-22 14:25:00,2024-03-22 14:31:00,LONG,2174.685,2.3051428571428523,0.15000000000009095,2.650000000000091,0.06507188894401579,1.1496033713436216,4.0,6.0,-1.0
2024-03-22 19:00:00,2024-03-22 19:28:00,SHORT,2162.335,1.151714285714336,0.599999999999909,1.400000000000091,0.5209625403124758,1.2155792607293734,18.0,28.0,-1.0
2024-03-25 01:30:00,2024-03-25 01:38:00,LONG,2173.555,1.8832857142857458,2.9900000000002365,1.0899999999996908,1.5876507623455438,0.5787756959719114,8.0,1.0,1.5
2024-03-25 08:35:00,2024-03-25 09:43:00,SHORT,2164.995,1.6295000000000397,1.2899999999999636,2.3600000000001273,0.7916538815587187,1.4482970236269224,18.0,68.0,-1.0
2024-03-25 09:30:00,2024-03-25 09:40:00,SHORT,2164.445,1.2030714285714825,0.14000000000032742,1.319999999999709,0.11636881790681565,1.0971917116900254,4.0,10.0,-1.0
2024-03-25 12:00:00,2024-03-25 12:01:00,LONG,2173.475,1.3742857142857312,0.0,2.619999999999891,0.0,1.9064449064448035,,1.0,-1.0
2024-03-25 13:30:00,2024-03-25 13:31:00,LONG,2177.525,1.732857142857126,0.0,3.7200000000002547,0.0,2.1467436108822784,,1.0,-1.0
2024-03-25 15:40:00,2024-03-25 15:51:00,LONG,2176.485,1.3747142857143249,0.7999999999997272,1.6600000000003092,0.5819391042292352,1.2075236412763,5.0,11.0,-1.0
2024-03-25 16:10:00,2024-03-25 16:37:00,LONG,2176.535,1.2250000000000714,1.2300000000000182,1.5499999999997272,1.0040816326530175,1.2653061224486832,18.0,27.0,-1.0
2024-03-25 22:30:00,2024-03-25 22:40:00,SHORT,2171.835,0.6333571428570589,0.30999999999994543,1.0,0.48945528363593227,1.5788880117290915,5.0,10.0,-1.0
2024-03-26 02:30:00,2024-03-26 03:35:00,SHORT,2170.525,1.2357142857142662,1.0300000000002,1.849999999999909,0.8335260115608687,1.4971098265895453,42.0,65.0,-1.0
2024-03-26 16:55:00,2024-03-26 17:14:00,SHORT,2176.688,1.2978571428571481,0.8330000000000837,1.4099999999998545,0.6418271876720486,1.0864061640064877,6.0,19.0,-1.0
2024-03-26 17:15:00,2024-03-26 17:32:00,SHORT,2177.455,1.1518571428571573,0.8099999999999454,1.6130000000002838,0.703212203894276,1.4003472652861024,14.0,17.0,-1.0
2024-03-26 18:10:00,2024-03-26 18:26:00,SHORT,2176.035,0.989071428571411,0.22699999999986176,1.0300000000002,0.22950819672117578,1.0413808045066122,7.0,16.0,-1.0
2024-03-26 18:45:00,2024-03-26 19:06:00,SHORT,2177.835,0.7910714285714805,1.3400000000001455,0.38000000000010914,1.6939051918736618,0.48036117381500487,21.0,1.0,1.5
2024-03-26 19:05:00,2024-03-26 19:37:00,SHORT,2176.845,0.7795714285714764,0.419999999999618,0.8800000000001091,0.5387575590978827,1.1288253619205397,2.0,32.0,-1.0
2024-03-26 19:15:00,2024-03-26 19:37:00,SHORT,2176.765,0.7726428571429226,0.2699999999999818,0.9600000000000364,0.34944993990934875,1.2424886752333708,4.0,22.0,-1.0
2024-03-26 20:05:00,2024-03-26 20:21:00,SHORT,2177.248,0.6386428571427781,1.393000000000029,0.2899999999999636,2.1811877866013667,0.45408790962979456,16.0,1.0,1.5
2024-03-27 04:45:00,2024-03-27 05:05:00,LONG,2178.548,0.7125714285713717,0.41000000000030923,1.1929999999997563,0.5753809141945456,1.674218123496183,10.0,20.0,-1.0
2024-03-27 09:20:00,2024-03-27 09:30:00,LONG,2181.145,1.5185714285713792,0.4600000000000364,1.6900000000000546,0.30291627469429533,1.1128880526811633,5.0,10.0,-1.0
2024-03-27 17:20:00,2024-03-27 17:21:00,LONG,2193.125,1.0562142857143368,0.0,1.2899999999999636,0.0,1.2213430716168672,,1.0,-1.0
2024-03-27 23:50:00,2024-03-28 00:01:00,SHORT,2190.738,0.8273571428571813,2.269999999999982,0.49000000000023647,2.743676077009261,0.5922472589141838,11.0,1.0,1.5
2024-03-28 09:40:00,2024-03-28 10:14:00,LONG,2196.455,1.3212857142855878,2.0289999999999964,0.9800000000000182,1.535625473024255,0.7417018056006902,34.0,1.0,1.5
2024-03-28 16:15:00,2024-03-28 16:27:00,LONG,2215.875,1.7793571428571795,3.269999999999982,1.7570000000000618,1.8377423628115612,0.9874352695596467,12.0,1.0,1.5
2024-04-01 04:45:00,2024-04-01 05:29:00,LONG,2259.555,1.5860000000000452,1.2600000000002183,1.5899999999996908,0.7944514501892701,1.002522068095615,24.0,44.0,-1.0
2024-04-01 05:05:00,2024-04-01 05:18:00,LONG,2260.745,1.4592857142857676,0.07000000000016371,1.8800000000001091,0.04796867351944475,1.288301517376435,4.0,13.0,-1.0
2024-04-01 05:30:00,2024-04-01 05:31:00,LONG,2260.225,1.3614285714286,0.0,2.230000000000018,0.0,1.6379853095487722,,1.0,-1.0
2024-04-01 06:10:00,2024-04-01 06:11:00,LONG,2261.315,1.5330714285713773,0.0,1.6300000000001091,0.0,1.0632250850301583,,1.0,-1.0
2024-04-01 07:05:00,2024-04-01 07:30:00,LONG,2260.275,1.4062142857142785,2.1230000000000473,1.0599999999999454,1.509727231167817,0.7537969218265511,25.0,8.0,1.5
2024-04-01 08:40:00,2024-04-01 09:26:00,SHORT,2256.865,1.4727142857142812,3.2799999999997453,1.4100000000003092,2.227180133863448,0.9574158502281691,46.0,30.0,1.5
2024-04-01 09:35:00,2024-04-01 09:36:00,SHORT,2252.405,1.5155000000000396,0.0,1.75,0.0,1.15473441108542,,1.0,-1.0
2024-04-01 11:40:00,2024-04-01 12:02:00,SHORT,2248.705,1.7076428571428355,2.9200000000000728,1.0199999999999818,1.709959426109572,0.5973145940519482,22.0,2.0,1.5
2024-04-01 11:55:00,2024-04-01 12:07:00,SHORT,2246.745,1.746214285714229,2.819999999999709,1.3699999999998909,1.6149220763282695,0.7845543420460218,12.0,1.0,1.5
2024-04-01 15:05:00,2024-04-01 15:20:00,SHORT,2234.475,4.135928571428524,0.8699999999998909,4.139999999999873,0.21035179524374578,1.000984404953092,3.0,15.0,-1.0
2024-04-01 18:25:00,2024-04-01 19:06:00,SHORT,2240.095,1.3064285714286012,1.2999999999997272,1.413000000000011,0.9950792782939183,1.0815746309458558,9.0,41.0,-1.0
2024-04-01 19:10:00,2024-04-01 19:53:00,SHORT,2240.645,0.985071428571473,0.8600000000001273,1.0729999999998654,0.8730331375535668,1.089261112319443,26.0,43.0,-1.0
2024-04-02 00:30:00,2024-04-02 00:54:00,LONG,2252.005,1.3502142857143358,1.462999999999738,1.7899999999999636,1.083531714542431,1.3257154948949141,15.0,24.0,-1.0
2024-04-02 05:35:00,2024-04-02 05:45:00,LONG,2254.485,1.4368571428570118,0.34999999999990905,1.5799999999999272,0.24358719427317427,1.0996221912905646,7.0,10.0,-1.0
2024-04-02 08:00:00,2024-04-02 08:06:00,LONG,2257.835,1.6223571428572217,3.2899999999999636,1.599999999999909,2.0279135296965287,0.9862193457490265,6.0,1.0,1.5
2024-04-02 13:45:00,2024-04-02 14:03:00,LONG,2265.224,3.220071428571503,8.471000000000004,3.0,2.630686985647996,0.9316563518998919,18.0,1.0,1.5
2024-04-02 23:55:00,2024-04-02 23:56:00,LONG,2279.845,1.5121428571428948,0.0,1.5499999999997272,0.0,1.0250354274915277,,1.0,-1.0
2024-04-03 02:45:00,2024-04-03 03:11:00,LONG,2283.148,1.1462142857142226,1.7869999999998072,0.5230000000001382,1.559045304418189,0.45628466380023297,26.0,1.0,1.5
2024-04-03 03:00:00,2024-04-03 03:13:00,LONG,2283.585,1.1371428571427973,2.1399999999998727,0.36999999999989086,1.8819095477386805,0.3253768844220317,13.0,7.0,1.5
2024-04-03 03:35:00,2024-04-03 04:12:00,LONG,2284.505,1.5164285714285402,2.393000000000029,0.8000000000001819,1.5780499293453178,0.5275553462083268,37.0,1.0,1.5
2024-04-03 04:40:00,2024-04-03 04:50:00,LONG,2286.145,1.0476428571429486,0.2899999999999636,1.1269999999999527,0.27681189063879025,1.075748278448078,5.0,10.0,-1.0
2024-04-03 09:20:00,2024-04-03 09:51:00,SHORT,2272.058,1.9871428571428364,2.492999999999938,2.106999999999971,1.254565061107099,1.0603163191948202,16.0,31.0,-1.0
2024-04-03 10:05:00,2024-04-03 10:06:00,SHORT,2270.885,1.8854285714285197,0.0,2.3399999999996908,0.0,1.2410971359295564,,1.0,-1.0
2024-04-03 10:25:00,2024-04-03 11:13:00,SHORT,2271.125,1.9082857142857068,1.2800000000002,2.050000000000182,0.6707590956731124,1.0742626141638965,7.0,48.0,-1.0
2024-04-03 11:20:00,2024-04-03 11:26:00,SHORT,2271.295,1.4385714285714843,2.5799999999999272,1.1900000000000546,1.7934458788479435,0.827209533267136,6.0,1.0,1.5
2024-04-04 01:40:00,2024-04-04 02:56:00,LONG,2300.645,2.1225714285714536,2.3299999999999272,2.4600000000000364,1.097725131242381,1.1589715977924384,13.0,76.0,-1.0
2024-04-04 04:40:00,2024-04-04 05:01:00,SHORT,2298.595,0.8238571428570529,0.3999999999996362,0.8600000000001273,0.48552106814596135,1.043870296514921,15.0,21.0,-1.0
2024-04-04 09:10:00,2024-04-04 09:20:00,SHORT,2291.405,1.4637857142857749,0.3100000000004002,1.5429999999996653,0.21177963206975176,1.0541160396230138,5.0,10.0,-1.0
2024-04-04 13:00:00,2024-04-04 13:23:00,SHORT,2287.765,2.7372142857142796,2.7100000000000364,3.0799999999999272,0.9900576707288586,1.1252315962526833,12.0,23.0,-1.0
2024-04-04 13:50:00,2024-04-04 14:00:00,SHORT,2286.265,2.617785714285771,1.6099999999996726,4.099999999999909,0.6150236022809606,1.5662091735108048,6.0,10.0,-1.0
2024-04-04 20:30:00,2024-04-05 00:24:00,SHORT,2290.355,3.191714285714267,5.170000000000073,2.9099999999998545,1.619819174648676,0.9117357443379778,234.0,113.0,1.5
2024-04-05 00:10:00,2024-04-05 00:15:00,SHORT,2287.945,0.9027857142857231,0.2800000000002001,1.2599999999997635,0.310151119550816,1.3956800379774126,4.0,5.0,-1.0
2024-04-05 05:35:00,2024-04-05 05:36:00,LONG,2281.745,1.3464285714285325,0.0,1.9169999999999163,0.0,1.4237665782493159,,1.0,-1.0
2024-04-05 06:00:00,2024-04-05 06:01:00,LONG,2281.915,1.602785714285736,0.0,1.8899999999998727,0.0,1.1791969339096153,,1.0,-1.0
2024-04-05 09:05:00,2024-04-05 09:42:00,LONG,2288.565,2.0239999999999845,3.73299999999972,1.98700000000008,1.844367588932682,0.9817193675889799,37.0,9.0,1.5
2024-04-05 12:25:00,2024-04-05 12:26:00,LONG,2295.595,1.8473571428571631,0.0,1.9599999999995816,0.0,1.060975138228119,,1.0,-1.0
2024-04-05 18:05:00,2024-04-05 19:00:00,LONG,2326.085,1.8185714285713988,2.150000000000091,2.0900000000001455,1.182246661429763,1.1492537313433824,6.0,55.0,-1.0
2024-04-05 20:15:00,2024-04-05 20:34:00,LONG,2324.475,1.2742857142856923,1.9800000000000182,0.819999999999709,1.5538116591928663,0.6434977578473163,19.0,1.0,1.5
2024-04-05 20:25:00,2024-04-05 20:32:00,LONG,2324.625,1.1271428571428064,1.693000000000211,0.6300000000001091,1.5020278833969596,0.5589353612168521,7.0,1.0,1.5
2024-04-07 23:55:00,2024-04-08 00:15:00,SHORT,2311.115,2.672785714285705,4.049999999999727,1.8830000000002656,1.5152729896575636,0.704508404821182,20.0,2.0,1.5
2024-04-08 00:10:00,2024-04-08 01:00:00,SHORT,2308.135,2.5011428571428302,5.3400000000001455,2.3599999999996726,2.135023989033666,0.9435686543293287,50.0,1.0,1.5
2024-04-08 04:30:00,2024-04-08 04:31:00,LONG,2344.235,2.314428571428542,0.0,3.450000000000273,0.0,1.4906487253874585,,1.0,-1.0
2024-04-08 04:50:00,2024-04-08 05:10:00,LONG,2342.195,2.1946428571428833,1.3899999999998727,3.1900000000000546,0.6333604556549385,1.4535394629780385,7.0,20.0,-1.0
2024-04-08 05:20:00,2024-04-08 05:32:00,LONG,2339.665,1.969857142857141,2.1100000000001273,4.106999999999971,1.0711436652404747,2.0849227645224326,9.0,12.0,-1.0
2024-04-08 12:20:00,2024-04-08 12:21:00,SHORT,2328.455,2.987642857142938,0.0,5.153000000000247,0.0,1.7247710808808068,,1.0,-1.0
2024-04-08 16:10:00,2024-04-08 16:20:00,SHORT,2326.865,2.295000000000008,0.6499999999996362,2.3400000000001455,0.2832244008713002,1.0196078431373148,5.0,10.0,-1.0
2024-04-08 19:15:00,2024-04-08 19:40:00,LONG,2339.005,1.3878571428571311,1.0899999999996908,1.5700000000001637,0.7853834276889243,1.1312403499743942,10.0,25.0,-1.0
2024-04-08 20:20:00,2024-04-08 22:00:00,LONG,2338.625,1.0328571428572428,0.6599999999998545,1.4169999999999163,0.6390041493773906,1.3719225449513768,37.0,100.0,-1.0
2024-04-08 20:50:00,2024-04-08 22:00:00,LONG,2338.398,0.8095000000001359,0.8869999999997162,1.1900000000000546,1.0957381099438757,1.470043236565602,7.0,70.0,-1.0
2024-04-09 02:25:00,2024-04-09 03:09:00,LONG,2342.255,2.593214285714339,4.179999999999836,1.4500000000002728,1.6118991874396504,0.5591516320067044,44.0,1.0,1.5
2024-04-09 03:40:00,2024-04-09 05:11:00,LONG,2343.715,1.6007857142856534,2.449999999999818,0.7670000000002801,1.5304984159563946,0.4791397081792124,91.0,78.0,1.5
2024-04-09 06:05:00,2024-04-09 06:06:00,LONG,2345.955,1.2604285714286496,0.0,1.400000000000091,0.0,1.11073331066531,,1.0,-1.0
2024-04-09 12:35:00,2024-04-09 12:47:00,SHORT,2347.218,3.2949999999999755,1.4729999999999563,3.4400000000000546,0.4470409711684271,1.0440060698027558,2.0,12.0,-1.0
2024-04-09 19:50:00,2024-04-09 20:04:00,LONG,2349.765,1.3180714285713944,2.1100000000001273,1.2799999999997453,1.6008237143013357,0.9711158077275728,14.0,1.0,1.5
2024-04-09 22:25:00,2024-04-09 23:05:00,LONG,2352.575,1.1000714285714497,1.4600000000000364,1.1199999999998909,1.327186546328168,1.0181157067721687,17.0,40.0,-1.0
2024-04-10 06:10:00,2024-04-10 06:37:00,LONG,2357.595,1.5800000000000247,2.2400000000002365,2.201000000000022,1.4177215189874692,1.3930379746835364,14.0,27.0,-1.0
2024-04-10 09:10:00,2024-04-10 09:11:00,SHORT,2352.745,1.2625714285714236,0.0,1.4100000000003092,0.0,1.116768499660806,,1.0,-1.0
2024-04-10 09:20:00,2024-04-10 09:21:00,SHORT,2351.328,1.301142857142882,0.0,1.4270000000001346,0.0,1.0967281510760596,,1.0,-1.0
2024-04-10 10:40:00,2024-04-10 11:17:00,SHORT,2347.975,1.8117857142856661,3.2599999999997635,1.599999999999909,1.799329785136917,0.8831066430119977,37.0,1.0,1.5
2024-04-10 16:40:00,2024-04-10 16:49:00,SHORT,2336.515,2.584714285714329,0.06999999999970896,3.4100000000003092,0.027082297020834274,1.3192947548776746,4.0,9.0,-1.0
2024-04-10 20:30:00,2024-04-10 20:59:00,SHORT,2332.625,1.1728571428569856,0.8899999999998727,1.550000000000182,0.7588306942752673,1.3215590742999668,23.0,29.0,-1.0
2024-04-11 01:15:00,2024-04-11 01:16:00,LONG,2340.855,1.7392857142857079,0.0,1.7899999999999636,0.0,1.0291581108829397,,1.0,-1.0
2024-04-11 03:55:00,2024-04-11 04:29:00,LONG,2343.825,1.4840714285714967,2.180000000000291,1.5470000000000255,1.4689319921067852,1.042402656783913,15.0,34.0,-1.0
2024-04-11 05:30:00,2024-04-11 05:36:00,LONG,2343.818,1.1264285714286026,0.656999999999698,1.7830000000003565,0.5832593532019986,1.5828788839571528,1.0,6.0,-1.0
2024-04-11 09:40:00,2024-04-11 10:11:00,SHORT,2330.658,2.33935714285706,2.380000000000109,2.980000000000018,1.0173735153125922,1.2738542334585732,12.0,31.0,-1.0
2024-04-11 22:40:00,2024-04-11 23:20:00,LONG,2373.085,2.2551428571428653,3.4200000000000728,0.5599999999999454,1.5165336374002547,0.24832129735205902,40.0,3.0,1.5
2024-04-11 23:55:00,2024-04-12 00:00:00,LONG,2376.725,1.2336428571428704,0.3000000000001819,1.319999999999709,0.24318221295828277,1.0700017370155595,5.0,5.0,-1.0
2024-04-12 03:15:00,2024-04-12 03:38:00,LONG,2388.975,2.4300000000000312,0.650000000000091,3.5899999999996908,0.26748971193419036,1.4773662551438866,2.0,23.0,-1.0
2024-04-12 06:25:00,2024-04-12 06:34:00,LONG,2387.275,1.8457142857142312,3.1399999999998727,0.5599999999999454,1.7012383900928605,0.30340557275539737,9.0,4.0,1.5
2024-04-12 19:55:00,2024-04-14 22:00:00,SHORT,2343.295,3.4580714285714294,1.6599999999998545,23.759999999999764,0.48003635387185173,6.870881787949448,32.0,3005.0,-1.0
2024-04-12 20:20:00,2024-04-14 22:00:00,SHORT,2343.805,2.717357142857184,2.169999999999618,23.25,0.798570039166054,8.556107562494942,7.0,2980.0,-1.0
2024-04-12 20:55:00,2024-04-14 22:00:00,SHORT,2343.285,1.5550000000000637,0.23700000000008004,23.769999999999982,0.1524115755627462,15.286173633439876,4.0,2945.0,-1.0
2024-04-14 23:00:00,2024-04-15 00:54:00,LONG,2358.545,7.323285714285736,7.210000000000036,7.430000000000291,0.9845307531748065,1.0145719134658893,60.0,114.0,-1.0
2024-04-15 03:45:00,2024-04-15 04:01:00,LONG,2359.025,1.8595714285714686,0.40000000000009095,2.1700000000000728,0.21510332641934213,1.1669355458247048,8.0,16.0,-1.0
2024-04-15 06:10:00,2024-04-15 06:27:00,LONG,2360.285,2.5476428571428835,1.1300000000001091,2.649999999999636,0.44354725656773386,1.0401771946055043,3.0,17.0,-1.0
2024-04-15 07:00:00,2024-04-15 07:08:00,SHORT,2353.325,2.603785714285745,3.4600000000000364,2.7800000000002,1.3288343894878318,1.067676185773526,2.0,8.0,-1.0
2024-04-15 09:20:00,2024-04-15 10:14:00,SHORT,2348.495,2.6123571428571983,2.3099999999999454,3.25,0.8842588795012317,1.244087168129468,12.0,54.0,-1.0
2024-04-15 13:50:00,2024-04-15 13:51:00,SHORT,2344.345,4.063571428571452,0.0,6.230000000000018,0.0,1.5331341184742442,,1.0,-1.0
2024-04-15 22:50:00,2024-04-15 23:46:00,LONG,2385.025,2.253857142857084,2.130000000000109,4.050000000000182,0.945046586803648,1.7969195664576292,21.0,56.0,-1.0
2024-04-15 23:10:00,2024-04-15 23:23:00,LONG,2385.745,2.0714285714285388,1.4100000000003092,2.130000000000109,0.6806896551725738,1.0282758620690344,1.0,13.0,-1.0
2024-04-15 23:25:00,2024-04-15 23:46:00,LONG,2384.625,1.6292857142857105,0.3200000000001637,3.650000000000091,0.19640508548892163,2.240245506356922,5.0,21.0,-1.0
2024-04-15 23:40:00,2024-04-15 23:46:00,LONG,2384.245,1.3028571428572246,0.6600000000003092,3.269999999999982,0.5065789473686266,2.50986842105246,3.0,6.0,-1.0
2024-04-16 03:55:00,2024-04-16 04:04:00,LONG,2387.818,1.742642857142885,0.38699999999971624,1.973000000000411,0.22207648481354023,1.1321883838179003,1.0,9.0,-1.0
2024-04-16 09:15:00,2024-04-16 09:17:00,SHORT,2369.875,1.7185714285714897,0.0,1.76299999999992,0.0,1.0258520365751456,,2.0,-1.0
2024-04-16 09:45:00,2024-04-16 09:56:00,SHORT,2370.078,1.6059285714285838,0.5729999999998654,1.6269999999999527,0.35680291775999884,1.0131210247742366,3.0,11.0,-1.0
2024-04-16 10:40:00,2024-04-16 11:01:00,SHORT,2369.615,1.9561428571428547,0.6599999999998545,2.0900000000001455,0.3373986708536469,1.0684291243701918,15.0,21.0,-1.0
2024-04-16 17:20:00,2024-04-16 17:21:00,LONG,2390.945,3.2540000000000027,0.0,5.080000000000382,0.0,1.5611555009220583,,1.0,-1.0
2024-04-16 22:45:00,2024-04-16 23:01:00,SHORT,2383.765,2.072785714285796,0.6700000000000728,2.900000000000091,0.32323650022401357,1.399083359178458,1.0,16.0,-1.0
2024-04-16 23:10:00,2024-04-16 23:58:00,SHORT,2384.615,1.3485714285715338,2.0399999999999636,0.9700000000002547,1.5127118644066346,0.7192796610170819,48.0,2.0,1.5
2024-04-16 23:35:00,2024-04-17 00:00:00,SHORT,2383.915,1.2673571428571708,1.9600000000000364,1.2300000000000182,1.5465253902947587,0.9705235867666051,25.0,7.0,1.5
2024-04-16 23:55:00,2024-04-16 23:57:00,SHORT,2382.575,1.2137857142856774,0.0,1.2899999999999636,0.0,1.0627905608191632,,2.0,-1.0
2024-04-17 01:25:00,2024-04-17 01:52:00,SHORT,2382.025,1.7578571428571519,0.8000000000001819,1.7999999999997272,0.45509955302732585,1.023973994311095,3.0,27.0,-1.0
2024-04-17 01:35:00,2024-04-17 01:52:00,SHORT,2381.855,1.7030714285714825,0.4600000000000364,1.9699999999998,0.27010023906388897,1.156733632512533,4.0,17.0,-1.0
2024-04-17 08:00:00,2024-04-17 08:01:00,LONG,2384.765,1.7227142857143463,0.0,1.8269999999997708,0.0,1.0605356994773982,,1.0,-1.0
2024-04-17 17:40:00,2024-04-17 18:08:00,SHORT,2373.475,4.321714285714246,3.2970000000000255,4.670000000000073,0.7628917096390451,1.080589713076848,6.0,28.0,-1.0
2024-04-17 19:00:00,2024-04-17 19:12:00,SHORT,2373.365,2.3445714285713684,3.9599999999995816,1.650000000000091,1.6890080428953074,0.7037533512064912,12.0,1.0,1.5
2024-04-17 20:05:00,2024-04-17 20:50:00,SHORT,2372.445,1.6564285714284779,10.91000000000031,0.75,6.586459680897497,0.45278137128075,45.0,19.0,1.5
2024-04-18 04:15:00,2024-04-18 04:32:00,LONG,2374.085,1.0102142857142877,2.269999999999982,0.900000000000091,2.247048009616042,0.8909000919183517,17.0,1.0,1.5
2024-04-18 05:20:00,2024-04-18 05:33:00,LONG,2375.225,1.0467857142857286,1.6100000000001273,0.8699999999998909,1.5380416240192067,0.8311156601841218,13.0,1.0,1.5
2024-04-18 05:40:00,2024-04-18 05:41:00,LONG,2375.955,1.2485000000000517,0.0,2.1169999999997344,0.0,1.695634761713774,,1.0,-1.0
2024-04-18 06:50:00,2024-04-18 06:51:00,LONG,2378.555,1.6169285714285837,0.0,1.7699999999999818,0.0,1.0946680213809055,,1.0,-1.0
2024-04-18 08:40:00,2024-04-18 09:16:00,LONG,2380.385,1.5435000000000596,0.30999999999994543,1.6700000000000728,0.20084224165852507,1.081956592160679,12.0,36.0,-1.0
2024-04-18 12:00:00,2024-04-18 12:01:00,LONG,2383.755,1.9352857142857178,0.0,2.5100000000002183,0.0,1.2969661179598062,,1.0,-1.0
2024-04-18 16:25:00,2024-04-18 16:58:00,LONG,2384.585,2.5527857142857164,3.980000000000018,1.6700000000000728,1.5590811158678253,0.6541873023867764,33.0,17.0,1.5
2024-04-18 18:50:00,2024-04-18 19:07:00,SHORT,2381.368,1.7097857142857396,0.9200000000000728,1.8270000000002256,0.5380791243681676,1.068554956761615,6.0,17.0,-1.0
2024-04-19 02:45:00,2024-04-19 02:46:00,LONG,2407.305,6.291714285714306,0.0,6.7199999999998,0.0,1.068071386403852,,1.0,-1.0
2024-04-19 09:50:00,2024-04-19 11:03:00,SHORT,2382.165,2.146428571428552,3.7599999999997635,1.2800000000002,1.751747088186262,0.596339434276305,73.0,1.0,1.5
2024-04-19 10:55:00,2024-04-19 11:04:00,SHORT,2380.985,1.7663571428570972,6.341000000000349,1.5,3.5898742367264016,0.8492053863884728,9.0,1.0,1.5
2024-04-19 11:10:00,2024-04-19 11:11:00,SHORT,2373.965,2.3314285714285625,0.0,3.3599999999996726,0.0,1.4411764705881003,,1.0,-1.0
2024-04-19 11:50:00,2024-04-19 12:19:00,SHORT,2378.018,2.7559285714286426,3.5830000000000837,2.8170000000000073,1.300106264416968,1.0221600186610447,12.0,29.0,-1.0
2024-04-19 16:30:00,2024-04-19 16:31:00,LONG,2394.245,2.4649999999999506,0.0,2.5599999999999454,0.0,1.0385395537525342,,1.0,-1.0
2024-04-19 18:30:00,2024-04-19 19:06:00,LONG,2395.415,1.8702142857142527,2.6900000000000546,2.0799999999999272,1.43833785280531,1.1121720200129663,30.0,36.0,-1.0
2024-04-21 22:10:00,2024-04-21 22:11:00,SHORT,2382.805,2.203571428571422,0.0,2.300000000000182,0.0,1.043760129659729,,1.0,-1.0
2024-04-22 04:45:00,2024-04-22 05:36:00,SHORT,2369.595,1.4915000000000223,2.4899999999997817,0.9200000000000728,1.669460274890878,0.6168286959437205,51.0,6.0,1.5
2024-04-22 07:45:00,2024-04-22 08:02:00,SHORT,2358.845,2.8268571428571443,0.7699999999999818,2.9600000000000364,0.2723873054376324,1.047099252071975,6.0,17.0,-1.0
2024-04-22 13:25:00,2024-04-22 13:35:00,SHORT,2337.245,4.12107142857144,6.279999999999745,2.3200000000001637,1.5238755524741519,0.5629603951815964,10.0,1.0,1.5
2024-04-22 14:00:00,2024-04-22 14:23:00,SHORT,2334.135,4.173071428571412,1.1170000000001892,5.279999999999745,0.2676685551923508,1.2652551221265036,8.0,23.0,-1.0
2024-04-22 17:35:00,2024-04-22 18:05:00,SHORT,2331.724,2.1827142857142854,4.789999999999964,1.3409999999998945,2.1945153478630637,0.6143726683683005,30.0,1.0,1.5
2024-04-22 19:15:00,2024-04-22 20:49:00,SHORT,2329.935,1.5273571428571293,2.3400000000001455,1.0900000000001455,1.532058177056649,0.7136510311931054,94.0,2.0,1.5
2024-04-22 19:35:00,2024-04-22 19:42:00,SHORT,2328.895,1.3307142857142935,0.1770000000001346,1.5,0.1330112721418073,1.127214170692425,5.0,7.0,-1.0
2024-04-22 20:05:00,2024-04-22 20:51:00,SHORT,2328.908,1.273142857142862,2.4229999999997744,1.1770000000001346,1.9031642728903002,0.9244838420108742,46.0,20.0,1.5
2024-04-23 01:05:00,2024-04-23 01:23:00,LONG,2333.855,1.5823571428571606,0.4499999999998181,1.8400000000001455,0.2843858619598873,1.1628221911254344,13.0,18.0,-1.0
2024-04-23 04:20:00,2024-04-23 04:31:00,SHORT,2305.385,2.0052857142857516,0.9900000000002365,2.6099999999996726,0.4936952340244729,1.3015601624276816,10.0,11.0,-1.0
2024-04-23 06:05:00,2024-04-23 06:20:00,SHORT,2307.568,2.585928571428667,3.9530000000004293,1.606999999999971,1.5286578460349685,0.6214402121370814,15.0,4.0,1.5
2024-04-23 12:15:00,2024-04-23 12:16:00,LONG,2307.075,2.047571428571408,0.0,2.049999999999727,0.0,1.001186074094623,,1.0,-1.0
2024-04-23 14:50:00,2024-04-23 16:37:00,LONG,2319.765,4.96349999999997,8.282999999999902,4.650000000000091,1.6687821093986004,0.9368389241462918,107.0,15.0,1.5
2024-04-23 15:55:00,2024-04-23 16:37:00,LONG,2323.145,3.1510000000000025,4.902999999999793,1.5599999999999454,1.5560139638209423,0.495080926689922,42.0,7.0,1.5
2024-04-23 16:05:00,2024-04-23 16:39:00,LONG,2324.345,2.9031428571429063,4.633000000000266,1.7099999999995816,1.5958567070170904,0.5890168290521045,34.0,1.0,1.5
2024-04-23 17:40:00,2024-04-23 18:50:00,LONG,2326.555,2.081785714285648,3.0599999999999454,2.4469999999996617,1.4698919197118065,1.1754331789327965,32.0,70.0,-1.0
2024-04-23 17:55:00,2024-04-23 18:10:00,LONG,2326.195,1.821999999999889,2.7799999999997453,0.21000000000003638,1.5257958287595579,0.11525795828762303,15.0,1.0,1.5
2024-04-23 18:15:00,2024-04-23 18:23:00,LONG,2328.465,1.5385714285713286,0.4130000000000109,2.0100000000002183,0.26843082636956955,1.3064066852369955,6.0,8.0,-1.0
2024-04-24 02:20:00,2024-04-24 02:55:00,SHORT,2319.305,1.97142857142863,2.6099999999996726,2.680000000000291,1.3239130434780555,1.3594202898551797,17.0,35.0,-1.0
2024-04-24 12:05:00,2024-04-24 12:12:00,SHORT,2314.905,1.4028571428570362,2.4900000000002365,0.669999999999618,1.7749490835033586,0.4775967413439595,7.0,3.0,1.5
2024-04-24 13:30:00,2024-04-24 13:32:00,LONG,2322.895,3.223071428571432,0.0,3.4400000000000546,0.0,1.0673049221018263,,2.0,-1.0
2024-04-24 16:55:00,2024-04-24 17:07:00,LONG,2324.978,2.0216428571428486,3.199999999999818,0.693000000000211,1.582871073737683,0.34279051690644086,12.0,9.0,1.5
2024-04-24 19:15:00,2024-04-24 19:45:00,SHORT,2321.285,1.3337857142856333,2.686999999999898,1.0599999999999454,2.0145664863707418,0.7947303593423733,30.0,12.0,1.5
2024-04-24 23:05:00,2024-04-24 23:24:00,SHORT,2317.565,0.8407142857142844,1.3899999999998727,0.51299999999992,1.653355989804439,0.6101954120644767,19.0,17.0,1.5
2024-04-25 01:45:00,2024-04-25 01:58:00,LONG,2319.785,1.4699999999999622,0.2800000000002001,1.7300000000000182,0.1904761904763315,1.1768707482993623,6.0,13.0,-1.0
2024-04-25 04:10:00,2024-04-25 05:04:00,SHORT,2314.064,2.744785714285659,1.78899999999976,2.8340000000002874,0.6517812996069728,1.0325031878628264,20.0,54.0,-1.0
2024-04-25 05:10:00,2024-04-25 05:20:00,SHORT,2316.535,1.1425714285714352,0.45699999999987995,1.3030000000003383,0.3999749937483297,1.1404101025259208,8.0,10.0,-1.0
2024-04-25 10:00:00,2024-04-25 10:29:00,LONG,2325.075,1.1057857142857301,2.0100000000002183,0.9169999999999163,1.8177120341064952,0.8292745946643398,29.0,8.0,1.5
2024-04-25 10:10:00,2024-04-25 10:29:00,LONG,2325.145,1.1459999999999906,1.9400000000000546,0.6869999999998981,1.6928446771379324,0.5994764397904919,19.0,1.0,1.5
2024-04-25 13:45:00,2024-04-25 14:24:00,SHORT,2320.025,5.196142857142864,3.6669999999999163,5.739999999999782,0.7057157781870997,1.1046655486211865,10.0,39.0,-1.0
2024-04-25 15:05:00,2024-04-25 15:22:00,LONG,2334.435,5.173857142857189,2.1399999999998727,7.429999999999836,0.4136179142391411,1.4360659358864176,7.0,17.0,-1.0
2024-04-25 15:25:00,2024-04-25 16:20:00,LONG,2332.445,5.312357142857081,2.3099999999999454,9.090000000000146,0.4348352224597584,1.7111048364326236,7.0,55.0,-1.0
2024-04-25 15:55:00,2024-04-25 16:20:00,LONG,2330.265,3.773142857142797,2.0399999999999636,6.9099999999998545,0.5406633348477954,1.831364531273654,17.0,25.0,-1.0
2024-04-26 00:55:00,2024-04-26 01:00:00,SHORT,2329.735,0.7587857142857827,1.150000000000091,0.4099999999998545,1.5155794031817587,0.5403370046123925,5.0,2.0,1.5
2024-04-26 03:50:00,2024-04-26 03:51:00,LONG,2334.255,1.226142857142934,0.0,1.5399999999999636,0.0,1.2559711056738982,,1.0,-1.0
2024-04-26 04:55:00,2024-04-26 05:40:00,LONG,2335.835,1.1075000000000077,1.6599999999998545,1.3969999999999345,1.4988713318283007,1.2613995485326635,24.0,45.0,-1.0
2024-04-26 14:15:00,2024-04-26 14:36:00,SHORT,2340.515,3.3328571428571325,5.809999999999945,1.6400000000003274,1.7432490355765,0.4920702957566364,21.0,7.0,1.5
2024-04-26 15:55:00,2024-04-26 17:02:00,SHORT,2336.615,2.6564285714286404,4.049999999999727,2.200000000000273,1.5246033880073866,0.8281796181770105,67.0,21.0,1.5
2024-04-26 16:20:00,2024-04-26 17:02:00,SHORT,2335.905,2.062857142857183,3.3400000000001455,1.349999999999909,1.619113573407241,0.6544321329639321,42.0,1.0,1.5
2024-04-26 16:40:00,2024-04-26 17:12:00,SHORT,2334.708,1.9587857142856981,2.143000000000029,2.1369999999997162,1.0940451445866848,1.0909820223898288,22.0,32.0,-1.0
2024-04-26 17:50:00,2024-04-26 18:29:00,SHORT,2338.735,1.832928571428543,1.1170000000001892,2.049999999999727,0.6094072717354309,1.1184287440082858,11.0,39.0,-1.0
2024-04-26 20:40:00,2024-04-26 20:55:00,SHORT,2336.888,1.0110000000000323,0.5900000000001455,1.037000000000262,0.5835806132543291,1.0257171117707504,10.0,15.0,-1.0
2024-04-29 00:05:00,2024-04-29 00:37:00,SHORT,2335.235,0.8792857142857103,1.9600000000000364,0.6399999999998727,2.229082047116217,0.7278635255888105,32.0,5.0,1.5
2024-04-29 00:15:00,2024-04-29 00:37:00,SHORT,2335.125,0.8990714285713953,1.849999999999909,0.5300000000002001,2.0576785572415734,0.5894971001829725,22.0,10.0,1.5
2024-04-29 00:25:00,2024-04-29 00:26:00,SHORT,2334.115,0.9583571428571369,0.0,1.3800000000001091,0.0,1.43996422449144,,1.0,-1.0
2024-04-29 06:50:00,2024-04-29 07:00:00,SHORT,2327.485,1.6974285714285477,0.16000000000030923,2.3599999999996726,0.09426022555143748,1.390338326880823,5.0,10.0,-1.0
2024-04-29 09:05:00,2024-04-29 09:06:00,LONG,2339.225,1.5762142857143187,0.0,2.5099999999997635,0.0,1.59242307517995,,1.0,-1.0
2024-04-29 09:30:00,2024-04-29 09:45:00,LONG,2338.045,1.4609285714285696,2.269999999999982,0.32999999999992724,1.5538062875861627,0.225883733437588,15.0,1.0,1.5
2024-04-29 10:45:00,2024-04-29 10:50:00,LONG,2341.955,1.538071428571454,0.0500000000001819,1.849999999999909,0.03250824316177658,1.2028049969812984,4.0,5.0,-1.0
2024-04-29 13:35:00,2024-04-29 13:36:00,SHORT,2331.015,2.3581428571428336,0.0,2.9100000000003092,0.0,1.2340219300904083,,1.0,-1.0
2024-04-29 22:15:00,2024-04-29 23:04:00,SHORT,2334.895,0.8335714285713688,1.6399999999998727,0.5500000000001819,1.967437874892876,0.6598114824338559,49.0,15.0,1.5
2024-04-30 00:45:00,2024-04-30 00:53:00,SHORT,2333.568,1.0453571428571584,0.4230000000002292,1.086999999999989,0.404646395627135,1.0398360095660828,6.0,8.0,-1.0
2024-04-30 07:00:00,2024-04-30 07:25:00,SHORT,2321.645,1.8692857142856545,3.900000000000091,0.2800000000002001,2.086358425678373,0.1497898356898329,25.0,12.0,1.5
2024-04-30 11:30:00,2024-04-30 11:45:00,SHORT,2313.405,1.399999999999961,3.400000000000091,0.09999999999990905,2.428571428571561,0.07142857142850845,15.0,3.0,1.5
2024-04-30 12:30:00,2024-04-30 12:46:00,SHORT,2307.465,2.205214285714224,2.950000000000273,2.4299999999998363,1.3377384769865246,1.1019337285005881,1.0,16.0,-1.0
2024-04-30 15:40:00,2024-04-30 16:09:00,SHORT,2295.0,3.367571428571474,0.7950000000000728,3.4149999999999636,0.2360751707462111,1.01408390955752,5.0,29.0,-1.0
2024-04-30 16:30:00,2024-04-30 16:31:00,SHORT,2295.525,2.393000000000029,0.0,2.869999999999891,0.0,1.1993313832009427,,1.0,-1.0
2024-04-30 17:50:00,2024-04-30 17:59:00,SHORT,2293.835,2.174571428571458,0.15000000000009095,2.3600000000001273,0.06897910918411657,1.0852713178295013,3.0,9.0,-1.0
2024-04-30 18:20:00,2024-04-30 18:50:00,SHORT,2295.368,1.9874285714285114,3.132999999999811,1.5700000000001637,1.5764088556641274,0.7899654974124122,30.0,2.0,1.5
2024-04-30 19:35:00,2024-04-30 19:43:00,SHORT,2292.525,1.638285714285725,0.599999999999909,2.1100000000001273,0.36623648412969445,1.287931635856365,3.0,8.0,-1.0
2024-04-30 19:50:00,2024-04-30 19:58:00,SHORT,2292.545,1.7332857142857523,2.700000000000273,1.3099999999999454,1.5577351026128323,0.7557899942305627,8.0,1.0,1.5
2024-05-01 16:25:00,2024-05-01 16:47:00,LONG,2305.675,2.25314285714288,1.0599999999999454,2.2970000000000255,0.470453969059063,1.019464874461071,6.0,22.0,-1.0
2024-05-02 01:45:00,2024-05-02 02:02:00,LONG,2323.225,1.323428571428524,2.25,1.1300000000001091,1.7001295336788174,0.8538428324698885,17.0,1.0,1.5
2024-05-02 04:15:00,2024-05-02 04:52:00,SHORT,2319.695,1.098642857142847,1.6770000000001346,0.8299999999999272,1.5264287107471621,0.7554775372211877,37.0,17.0,1.5
2024-05-02 13:40:00,2024-05-02 13:50:00,SHORT,2292.115,3.754500000000072,5.839999999999691,2.32300000000032,1.5554667732053744,0.6187241976295846,10.0,2.0,1.5
2024-05-02 14:05:00,2024-05-02 14:06:00,SHORT,2289.198,3.945285714285709,0.0,5.01700000000028,0.0,1.271644277075787,,1.0,-1.0
2024-05-02 16:15:00,2024-05-02 17:45:00,LONG,2300.895,2.7919285714285706,4.480000000000018,2.0900000000001455,1.6046255788369603,0.7485864865556846,90.0,43.0,1.5
2024-05-02 16:40:00,2024-05-02 16:53:00,LONG,2303.165,2.4067142857143153,0.5199999999999818,2.630000000000109,0.21606220692110334,1.0927761619279717,4.0,13.0,-1.0
2024-05-02 19:40:00,2024-05-02 19:41:00,LONG,2303.005,1.4256428571428452,0.0,1.5270000000000437,0.0,1.0710957462799133,,1.0,-1.0
2024-05-03 10:45:00,2024-05-03 10:46:00,SHORT,2299.075,1.067214285714304,0.0,1.5,0.0,1.4055284117528706,,1.0,-1.0
2024-05-03 15:05:00,2024-05-03 15:37:00,SHORT,2290.505,5.784714285714342,0.9800000000000182,5.822999999999865,0.16941199713530883,1.00661842787639,5.0,32.0,-1.0
2024-05-03 17:20:00,2024-05-03 17:32:00,LONG,2298.478,1.8200000000000014,3.23700000000008,1.6829999999999927,1.778571428571471,0.92472527472527,12.0,2.0,1.5
2024-05-06 04:30:00,2024-05-06 04:31:00,LONG,2311.005,1.3064285714286663,0.0,1.8299999999999272,0.0,1.4007654455985303,,1.0,-1.0
2024-05-06 05:00:00,2024-05-06 05:01:00,LONG,2310.138,1.233500000000179,0.0,1.6030000000000655,0.0,1.2995541143087417,,1.0,-1.0
2024-05-06 05:50:00,2024-05-06 07:26:00,LONG,2313.015,1.5235714285714883,2.663000000000011,1.3599999999996726,1.7478668541959068,0.892639474917706,96.0,16.0,1.5
2024-05-06 09:05:00,2024-05-06 09:18:00,LONG,2318.405,1.4333571428571108,0.04999999999972715,1.9500000000002728,0.03488314147586564,1.3604425175663741,4.0,13.0,-1.0
2024-05-06 11:00:00,2024-05-06 11:08:00,LONG,2320.265,1.3087857142856723,2.0799999999999272,0.7899999999999636,1.5892594007531473,0.6036129454783521,8.0,1.0,1.5
2024-05-06 11:15:00,2024-05-06 11:26:00,LONG,2321.445,1.3157142857141935,0.4899999999997817,1.6900000000000546,0.3724212812159297,1.2844733984800447,4.0,11.0,-1.0
2024-05-06 15:55:00,2024-05-06 16:32:00,LONG,2324.665,1.8983571428571264,2.612999999999829,7.099999999999909,1.3764533243028905,3.7400760055687092,28.0,37.0,-1.0
2024-05-06 18:00:00,2024-05-06 19:41:00,LONG,2325.705,1.7976428571429486,1.3830000000002656,2.069999999999709,0.7693408034331757,1.1515079270471034,69.0,101.0,-1.0
2024-05-06 18:55:00,2024-05-06 19:14:00,LONG,2326.205,1.0807857142858666,0.8830000000002656,1.5799999999999272,0.8169982155840312,1.4618994118033088,14.0,19.0,-1.0
2024-05-06 20:15:00,2024-05-06 20:16:00,LONG,2326.975,1.3342857142857352,0.0,2.069999999999709,0.0,1.5513918629547898,,1.0,-1.0
2024-05-07 00:45:00,2024-05-07 00:55:00,LONG,2327.175,1.0969285714285368,1.7189999999995962,0.6770000000001346,1.567102949794563,0.6171778342125535,10.0,2.0,1.5
2024-05-07 05:30:00,2024-05-07 05:46:00,SHORT,2321.218,1.162000000000067,1.0629999999996471,1.4200000000000728,0.9148020654041187,1.2220309810671177,7.0,16.0,-1.0
2024-05-07 09:05:00,2024-05-07 09:43:00,SHORT,2315.255,1.694785714285672,2.637000000000171,1.4200000000000728,1.5559489189532312,0.8378640367514442,38.0,15.0,1.5
2024-05-07 09:35:00,2024-05-07 09:43:00,SHORT,2314.585,1.2962142857142485,1.9670000000000982,0.7199999999997999,1.5174960048494057,0.5554637130102765,8.0,2.0,1.5
2024-05-07 10:40:00,2024-05-07 10:52:00,SHORT,2313.495,1.153357142857138,0.6300000000001091,1.5399999999999636,0.5462314981112011,1.3352325509382288,2.0,12.0,-1.0
2024-05-07 11:05:00,2024-05-07 11:27:00,SHORT,2314.745,1.0859999999999803,1.5109999999999673,1.3830000000002656,1.3913443830570853,1.273480662983693,9.0,22.0,-1.0
2024-05-07 13:10:00,2024-05-07 13:30:00,LONG,2320.318,2.5487857142857786,3.2099999999995816,3.213000000000193,1.2594232547709836,1.2606002858504488,7.0,20.0,-1.0
2024-05-07 14:15:00,2024-05-07 14:30:00,LONG,2321.818,2.6246428571428493,0.4899999999997817,2.813000000000102,0.18669206694780147,1.0717648659682009,4.0,15.0,-1.0
2024-05-07 14:40:00,2024-05-07 14:56:00,LONG,2320.318,2.4354285714285067,0.8399999999996908,2.8630000000002838,0.34490849366482823,1.175563115908172,3.0,16.0,-1.0
2024-05-07 16:45:00,2024-05-07 17:06:00,SHORT,2313.825,1.6561428571428354,2.5399999999999636,0.5600000000004002,1.5336841197274198,0.33813508151495325,21.0,1.0,1.5
2024-05-07 20:45:00,2024-05-07 20:57:00,SHORT,2313.308,0.8032142857143104,0.6799999999998363,0.849999999999909,0.8465984882167554,1.058248110271086,7.0,12.0,-1.0
2024-05-08 06:00:00,2024-05-08 06:06:00,LONG,2318.355,1.1836428571428834,0.15999999999985448,1.2600000000002183,0.1351759097216772,1.0645102890593605,4.0,6.0,-1.0
2024-05-08 11:35:00,2024-05-08 11:48:00,LONG,2317.198,1.675785714285764,0.36000000000012733,2.2729999999996835,0.214824602531931,1.3563786709856624,4.0,13.0,-1.0
2024-05-08 12:00:00,2024-05-08 12:01:00,LONG,2317.335,1.990214285714306,0.0,3.019999999999982,0.0,1.517424541506633,,1.0,-1.0
2024-05-08 12:15:00,2024-05-08 12:37:00,LONG,2317.135,1.9800000000000182,1.25,2.480000000000018,0.6313131313131255,1.2525252525252502,6.0,22.0,-1.0
2024-05-08 16:50:00,2024-05-08 17:03:00,LONG,2317.465,1.6621428571428234,0.05999999999994543,1.8670000000001892,0.036097980232026344,1.1232488182210218,8.0,13.0,-1.0
2024-05-08 23:00:00,2024-05-09 00:11:00,SHORT,2309.125,0.8697857142857239,1.3099999999999454,0.2899999999999636,1.5061180914838657,0.33341545536662937,71.0,34.0,1.5
2024-05-09 00:05:00,2024-05-09 00:33:00,SHORT,2308.165,0.7325000000000402,0.4270000000001346,0.8000000000001819,0.5829351535837695,1.0921501706486525,21.0,28.0,-1.0
2024-05-09 08:45:00,2024-05-09 09:22:00,SHORT,2311.558,1.45164285714288,2.413000000000011,0.8569999999999709,1.6622545883973634,0.5903655956305369,37.0,1.0,1.5
2024-05-09 16:15:00,2024-05-09 16:55:00,LONG,2331.625,2.059785714285746,2.2199999999998,2.1399999999998727,1.077782016159681,1.038943024586391,20.0,40.0,-1.0
2024-05-09 16:25:00,2024-05-09 16:26:00,LONG,2333.475,2.017571428571468,0.0,2.449999999999818,0.0,1.2143312327408053,,1.0,-1.0
2024-05-09 17:00:00,2024-05-09 17:01:00,LONG,2332.325,1.6665714285713875,0.0,3.25,0.0,1.9501114349391875,,1.0,-1.0
2024-05-09 17:25:00,2024-05-09 17:26:00,LONG,2333.305,1.782785714285605,0.0,2.419999999999618,0.0,1.3574261789333197,,1.0,-1.0
2024-05-10 00:25:00,2024-05-10 00:26:00,LONG,2348.358,0.8788571428570842,0.0,1.0100000000002183,0.0,1.149219765930104,,1.0,-1.0
2024-05-10 03:10:00,2024-05-10 03:37:00,LONG,2350.118,1.3082142857142895,2.336999999999989,1.143999999999778,1.7864045864045728,0.8744744744743023,27.0,2.0,1.5
2024-05-10 09:55:00,2024-05-10 10:24:00,LONG,2372.475,2.013999999999961,3.200000000000273,1.2799999999997453,1.588877855015062,0.6355511420058441,29.0,1.0,1.5
2024-05-10 10:10:00,2024-05-10 10:31:00,LONG,2373.808,1.9154285714285249,3.3270000000002256,1.393000000000029,1.736948090692284,0.7272523866348778,21.0,1.0,1.5
2024-05-10 11:45:00,2024-05-10 12:10:00,LONG,2372.745,1.710285714285744,2.880000000000109,1.6700000000000728,1.6839291680588384,0.9764450384230126,25.0,9.0,1.5
2024-05-10 15:30:00,2024-05-10 16:48:00,SHORT,2363.348,3.0666428571427917,1.76299999999992,4.416999999999916,0.5748957678242705,1.4403372696993024,36.0,78.0,-1.0
2024-05-12 22:10:00,2024-05-12 22:11:00,SHORT,2360.765,1.3792142857142673,0.0,1.393000000000029,0.0,1.009995338961141,,1.0,-1.0
2024-05-13 03:05:00,2024-05-13 03:18:00,SHORT,2358.048,1.1753571428571377,1.8729999999995925,0.9270000000001346,1.5935581889999642,0.7886964448497078,13.0,1.0,1.5
2024-05-13 06:05:00,2024-05-13 06:07:00,SHORT,2351.558,1.3933571428572122,0.0,1.7469999999998436,0.0,1.2538063259341052,,2.0,-1.0
2024-05-13 11:15:00,2024-05-13 11:29:00,SHORT,2339.685,1.6303571428572272,1.0700000000001637,1.8400000000001455,0.6562979189485878,1.1285870755750582,3.0,14.0,-1.0
2024-05-13 17:00:00,2024-05-13 17:29:00,SHORT,2335.788,1.2710000000000556,1.4029999999997926,1.387000000000171,1.1038552321004966,1.091266719118891,17.0,29.0,-1.0
2024-05-13 20:15:00,2024-05-13 20:33:00,SHORT,2336.748,0.7994285714286369,1.4630000000001928,0.17000000000007276,1.8300571837027362,0.2126518942102237,18.0,1.0,1.5
2024-05-14 03:20:00,2024-05-14 03:35:00,LONG,2341.205,1.2530714285714697,2.0300000000002,0.27999999999974534,1.6200193809497732,0.22345094909629518,15.0,1.0,1.5
2024-05-14 04:35:00,2024-05-14 04:37:00,LONG,2343.735,0.7873571428571852,0.06999999999970896,0.8400000000001455,0.08890501678271549,1.0668602013972064,2.0,2.0,-1.0
2024-05-14 13:45:00,2024-05-14 13:58:00,LONG,2349.848,3.2272142857142234,5.179999999999836,1.5030000000001564,1.605099488723116,0.46572674354269705,13.0,1.0,1.5
2024-05-14 15:30:00,2024-05-14 15:31:00,LONG,2352.825,2.447285714285759,0.0,2.6599999999998545,0.0,1.0869184519291717,,1.0,-1.0
2024-05-14 16:05:00,2024-05-14 16:35:00,LONG,2348.355,2.0315714285713966,3.1900000000000546,1.6799999999998363,1.570213065185341,0.8269460656774515,30.0,1.0,1.5
2024-05-14 16:40:00,2024-05-14 16:55:00,LONG,2352.008,1.913214285714243,2.9200000000000728,0.7529999999997017,1.5262273660631671,0.3935784954263976,15.0,1.0,1.5
2024-05-14 17:25:00,2024-05-14 18:02:00,LONG,2354.068,1.718214285714274,3.256999999999607,0.8130000000001019,1.895572646019323,0.47316566202458965,37.0,1.0,1.5
2024-05-14 19:10:00,2024-05-14 19:17:00,LONG,2356.788,1.0939285714284779,1.1170000000001892,1.4529999999999745,1.0210904342150824,1.328240287300123,3.0,7.0,-1.0
2024-05-14 19:55:00,2024-05-14 20:57:00,LONG,2356.505,1.211999999999924,1.8730000000000473,0.49000000000023647,1.5453795379539312,0.40429042904312473,62.0,6.0,1.5
2024-05-14 20:05:00,2024-05-14 23:51:00,LONG,2356.645,1.2060714285713792,1.7330000000001746,1.4470000000001164,1.4368966538349683,1.199763103346311,52.0,226.0,-1.0
2024-05-14 20:30:00,2024-05-14 20:57:00,LONG,2356.815,0.9370714285713737,1.5630000000001019,0.7100000000000364,1.6679624971417568,0.7576797011968207,27.0,3.0,1.5
2024-05-15 09:45:00,2024-05-15 10:43:00,LONG,2369.215,1.6716428571428747,1.5399999999999636,2.019999999999982,0.9212494124684555,1.2083920864846152,50.0,58.0,-1.0
2024-05-15 19:10:00,2024-05-15 19:33:00,LONG,2386.765,1.7379999999999265,0.6630000000000109,2.2599999999997635,0.38147295742234694,1.3003452243957763,8.0,23.0,-1.0
2024-05-15 20:05:00,2024-05-15 20:56:00,LONG,2387.255,1.33514285714289,1.2999999999997272,1.4400000000000546,0.9736785790710321,1.0785362722020257,45.0,51.0,-1.0
2024-05-15 20:15:00,2024-05-15 20:55:00,LONG,2387.668,1.2808571428571602,0.8869999999997162,1.6600000000003092,0.6925050189602866,1.2960071380774043,35.0,40.0,-1.0
2024-05-16 09:20:00,2024-05-16 09:27:00,SHORT,2386.155,1.282642857142881,2.5100000000002183,1.2300000000000182,1.9568970317983183,0.958957509606278,7.0,1.0,1.5
2024-05-16 09:55:00,2024-05-16 10:21:00,SHORT,2385.305,1.3062142857143368,2.0799999999999272,0.38000000000010914,1.592388035216156,0.29091704489535297,26.0,1.0,1.5
2024-05-16 13:30:00,2024-05-16 14:05:00,SHORT,2373.815,4.555142857142755,2.25,5.112999999999829,0.49394718685317546,1.122467540613423,10.0,35.0,-1.0
2024-05-16 14:15:00,2024-05-16 15:20:00,SHORT,2374.425,4.163142857142702,3.580000000000382,5.302999999999884,0.8599272527624598,1.2737972685471335,42.0,65.0,-1.0
2024-05-16 17:15:00,2024-05-16 17:40:00,LONG,2381.515,1.5104285714285521,0.8230000000003201,1.5399999999999636,0.5448784640123252,1.0195781708124358,13.0,25.0,-1.0
2024-05-16 19:35:00,2024-05-16 20:17:00,SHORT,2378.908,0.9352142857143397,1.4099999999998545,0.7170000000000982,1.5076758573281006,0.7666692125563885,42.0,17.0,1.5
2024-05-17 07:45:00,2024-05-17 08:10:00,LONG,2383.775,1.3578571428570936,0.9200000000000728,1.6700000000000728,0.677538137822277,1.2298790110469158,17.0,25.0,-1.0
2024-05-17 07:55:00,2024-05-17 08:10:00,LONG,2383.748,1.3618571428570962,0.9470000000001164,1.643000000000029,0.6953739641247291,1.2064407846428824,7.0,15.0,-1.0
2024-05-17 09:00:00,2024-05-17 09:01:00,LONG,2385.868,1.5360714285714363,0.0,1.8730000000000473,0.0,1.2193443385259488,,1.0,-1.0
2024-05-17 12:40:00,2024-05-17 12:41:00,LONG,2390.185,1.7542142857142673,0.0,2.199999999999818,0.0,1.2541227248665572,,1.0,-1.0
2024-05-17 15:30:00,2024-05-17 17:58:00,LONG,2407.915,4.1349285714285156,6.260000000000218,3.9899999999997817,1.5139318350637296,0.9649501632434089,148.0,15.0,1.5
2024-05-17 17:05:00,2024-05-17 17:20:00,LONG,2407.965,2.143999999999973,3.519999999999982,1.2699999999999818,1.6417910447761315,0.5923507462686557,15.0,1.0,1.5
2024-05-17 17:20:00,2024-05-17 18:14:00,LONG,2411.678,2.0630714285713827,3.6770000000001346,0.7029999999999745,1.7822940830247214,0.3407540767925722,54.0,13.0,1.5
2024-05-19 22:40:00,2024-05-20 00:31:00,LONG,2418.405,3.1726428571428187,4.839999999999691,1.9900000000002365,1.5255420221986287,0.6272373190445921,111.0,90.0,1.5
2024-05-19 23:55:00,2024-05-20 00:00:00,LONG,2420.185,1.4350000000000105,0.2899999999999636,2.556999999999789,0.20209059233446794,1.7818815331008853,4.0,5.0,-1.0
2024-05-20 03:25:00,2024-05-20 03:39:00,LONG,2432.835,2.5143571428571443,3.9299999999998363,1.900000000000091,1.5630237777335212,0.7556603505582585,14.0,1.0,1.5
2024-05-20 04:45:00,2024-05-20 05:16:00,LONG,2436.648,1.6767142857142647,2.8969999999999345,1.5830000000000837,1.7277839311578593,0.9441083752237134,31.0,1.0,1.5
2024-05-20 07:55:00,2024-05-20 08:04:00,LONG,2442.108,2.737428571428544,1.3869999999997162,3.630000000000109,0.5066798872768036,1.326061997703842,6.0,9.0,-1.0
2024-05-20 08:25:00,2024-05-20 08:36:00,LONG,2441.395,2.457214285714209,0.3400000000001455,3.099999999999909,0.13836807069568285,1.261591232813002,3.0,11.0,-1.0
2024-05-20 09:50:00,2024-05-20 10:03:00,LONG,2442.745,2.1492857142856923,0.44000000000005457,2.380000000000109,0.20471917580594307,1.1073446327684238,4.0,13.0,-1.0
2024-05-20 13:30:00,2024-05-20 13:31:00,SHORT,2412.605,4.962571428571437,0.0,6.690000000000055,0.0,1.3480914272554638,,1.0,-1.0
2024-05-20 14:00:00,2024-05-20 14:01:00,SHORT,2416.695,4.491214285714217,0.0,4.899999999999636,0.0,1.0910189735514728,,1.0,-1.0
2024-05-20 14:15:00,2024-05-20 14:45:00,SHORT,2416.995,4.227428571428455,1.5599999999999454,4.693000000000211,0.3690186536901838,1.1101311165180583,4.0,30.0,-1.0
2024-05-20 18:55:00,2024-05-20 18:56:00,LONG,2435.085,1.9290000000000223,0.0,2.199999999999818,0.0,1.1404872991186068,,1.0,-1.0
2024-05-20 23:35:00,2024-05-21 00:07:00,SHORT,2425.925,1.0735714285714753,0.830000000000382,1.0799999999999272,0.7731204258153588,1.0059880239519843,4.0,32.0,-1.0
2024-05-21 04:10:00,2024-05-21 04:23:00,SHORT,2412.925,2.0531428571429324,0.5600000000004002,2.230000000000018,0.272752574450505,1.0861397161146364,4.0,13.0,-1.0
2024-05-21 05:35:00,2024-05-21 05:48:00,SHORT,2413.715,1.677214285714334,0.4470000000001164,1.7799999999997453,0.26651335122019715,1.0612835909882763,11.0,13.0,-1.0
2024-05-21 11:40:00,2024-05-21 11:57:00,LONG,2420.815,1.706714285714335,2.5900000000001455,1.0399999999999636,1.5175357830418092,0.6093579978236826,17.0,1.0,1.5
2024-05-21 12:50:00,2024-05-21 13:00:00,LONG,2425.815,2.136642857142923,1.3899999999998727,4.650000000000091,0.6505532711529307,2.1763113027780316,3.0,10.0,-1.0
2024-05-21 13:55:00,2024-05-21 15:05:00,LONG,2427.645,3.6834285714285864,5.713000000000193,2.4099999999998545,1.5510006205399158,0.6542817251007955,70.0,29.0,1.5
2024-05-21 14:45:00,2024-05-21 15:05:00,LONG,2429.245,2.6943571428570783,4.113000000000284,1.0369999999998072,1.5265236870710044,0.38487844966988277,20.0,6.0,1.5
2024-05-21 20:30:00,2024-05-21 22:34:00,SHORT,2420.958,0.8372857142857291,0.7000000000002728,0.9259999999999309,0.8360348063473508,1.1059546152532675,26.0,124.0,-1.0
2024-05-21 22:10:00,2024-05-21 22:26:00,SHORT,2420.964,0.6870714285714712,0.05999999999994543,0.7200000000002547,0.08732716498588043,1.047925979831889,6.0,16.0,-1.0
2024-05-22 00:10:00,2024-05-22 00:11:00,SHORT,2421.664,0.5607142857142792,0.0,1.2299999999995634,0.0,2.193630573247655,,1.0,-1.0
2024-05-22 05:35:00,2024-05-22 05:51:00,SHORT,2412.634,1.458571428571369,0.4800000000000182,2.150000000000091,0.3290891283056087,1.4740450538688787,14.0,16.0,-1.0
2024-05-22 09:55:00,2024-05-22 10:29:00,LONG,2417.145,1.4014285714286285,2.050000000000182,1.699999999999818,1.4627930682977257,1.2130479102954375,10.0,34.0,-1.0
2024-05-22 13:20:00,2024-05-22 13:55:00,SHORT,2409.625,2.6555000000000097,3.949999999999818,2.9400000000000546,1.4874788175484104,1.1071361325550908,18.0,35.0,-1.0
2024-05-22 13:30:00,2024-05-22 13:53:00,SHORT,2409.465,2.7509999999999764,3.7899999999999636,2.7599999999997635,1.377680843329697,1.0032715376226053,8.0,23.0,-1.0
2024-05-22 16:30:00,2024-05-22 16:37:00,SHORT,2390.315,2.3057142857142674,1.0,2.699999999999818,0.4337050805452327,1.1710037174720493,2.0,7.0,-1.0
2024-05-22 17:10:00,2024-05-22 17:29:00,SHORT,2392.265,2.2571428571428833,3.7970000000000255,0.8800000000001091,1.6822151898734095,0.3898734177215628,19.0,11.0,1.5
2024-05-22 20:50:00,2024-05-22 22:00:00,SHORT,2377.988,1.2982857142857094,0.6729999999997744,1.3769999999999527,0.5183758802815184,1.0606294014084183,2.0,70.0,-1.0
2024-05-23 01:25:00,2024-05-23 01:26:00,SHORT,2371.165,2.4548571428571386,0.23999999999978172,3.6100000000001273,0.09776536312840287,1.470554003724449,1.0,1.0,-1.0
2024-05-23 02:05:00,2024-05-23 05:38:00,SHORT,2370.625,3.677785714285684,6.036999999999807,3.5100000000002183,1.6414768202916739,0.954378605139029,213.0,1.0,1.5
2024-05-23 04:20:00,2024-05-23 04:39:00,SHORT,2372.425,1.2195714285714334,1.0900000000001455,1.3829999999998108,0.8937565889657946,1.1340049197608806,10.0,19.0,-1.0
2024-05-23 05:05:00,2024-05-23 05:06:00,SHORT,2370.958,1.2634999999999894,0.0,1.73700000000008,0.0,1.374752671151638,,1.0,-1.0
2024-05-23 05:20:00,2024-05-23 05:31:00,SHORT,2371.938,1.2225714285713951,2.2229999999999563,0.8599999999996726,1.818298667913078,0.7034353820983726,11.0,1.0,1.5
2024-05-23 07:40:00,2024-05-23 07:41:00,SHORT,2358.805,2.0431428571429415,0.0,2.4900000000002365,0.0,1.2187106698364518,,1.0,-1.0
2024-05-23 13:20:00,2024-05-23 13:27:00,LONG,2369.115,3.253857142857117,0.5900000000001455,5.286999999999807,0.18132326469688947,1.6248408482240395,5.0,7.0,-1.0
2024-05-23 14:10:00,2024-05-23 14:33:00,SHORT,2352.605,5.413571428571394,9.679999999999836,4.329999999999927,1.7880986937590524,0.7998416677661878,23.0,3.0,1.5
2024-05-24 01:05:00,2024-05-24 01:15:00,SHORT,2328.455,1.4872857142857552,1.8400000000001455,1.8800000000001091,1.2371530112381774,1.2640476419172415,1.0,10.0,-1.0
2024-05-24 02:25:00,2024-05-24 02:26:00,SHORT,2325.895,2.2178571428572207,0.0,3.0900000000001455,0.0,1.3932367149758622,,1.0,-1.0
2024-05-24 05:40:00,2024-05-24 05:41:00,LONG,2337.108,1.366857142857173,0.0,1.493000000000393,0.0,1.0922867892979222,,1.0,-1.0
2024-05-24 07:35:00,2024-05-24 07:46:00,LONG,2339.215,1.78449999999998,0.5,1.8600000000001273,0.280190529560104,1.0423087699636582,4.0,11.0,-1.0
2024-05-24 07:50:00,2024-05-24 08:01:00,LONG,2338.505,1.8190714285714356,0.75,2.2100000000000364,0.41229826834727135,1.2149055640633128,2.0,11.0,-1.0
2024-05-24 16:25:00,2024-05-24 17:33:00,SHORT,2335.638,1.970928571428528,3.0529999999998836,1.2300000000000182,1.5490160547964813,0.6240713224368729,68.0,3.0,1.5
2024-05-24 19:00:00,2024-05-24 20:01:00,SHORT,2333.208,1.1145000000000371,1.443000000000211,1.3800000000001091,1.2947510094214114,1.238223418573408,35.0,61.0,-1.0
2024-05-24 19:10:00,2024-05-24 19:46:00,SHORT,2332.948,0.9650000000000156,1.1829999999999927,1.1269999999999527,1.2259067357512679,1.1678756476683259,25.0,36.0,-1.0
2024-05-27 05:15:00,2024-05-27 05:33:00,LONG,2342.955,1.0052857142857516,1.150000000000091,1.0299999999997453,1.1439533892284124,1.0245843399172871,16.0,18.0,-1.0
2024-05-27 06:05:00,2024-05-27 06:06:00,LONG,2344.355,1.3878571428571636,0.0,1.5100000000002183,0.0,1.088008234688767,,1.0,-1.0
2024-05-27 10:20:00,2024-05-27 10:36:00,LONG,2344.745,0.9484999999999673,0.6900000000000546,1.2669999999998254,0.7274644175014006,1.3357933579334413,7.0,16.0,-1.0
2024-05-27 11:30:00,2024-05-27 11:48:00,LONG,2345.218,1.1923571428572228,0.6900000000000546,2.1299999999996544,0.5786856766309301,1.78637752351244,10.0,18.0,-1.0
2024-05-27 13:15:00,2024-05-27 13:16:00,LONG,2350.085,2.0295000000000334,0.0,3.3899999999998727,0.0,1.6703621581669459,,1.0,-1.0
2024-05-27 13:30:00,2024-05-27 13:47:00,LONG,2350.505,1.955142857142911,5.882999999999811,1.6900000000000546,3.0089872862777685,0.8643869647815327,17.0,1.0,1.5
2024-05-27 15:30:00,2024-05-27 15:43:00,LONG,2356.105,1.5132142857142818,0.3730000000000473,1.9270000000001346,0.2464951616710255,1.2734481944773166,11.0,13.0,-1.0
2024-05-27 16:25:00,2024-05-27 17:22:00,LONG,2353.955,1.4626428571429122,1.4900000000002365,1.5299999999997453,1.0187039117059395,1.0460516677245508,23.0,57.0,-1.0
2024-05-27 17:40:00,2024-05-27 18:10:00,LONG,2354.455,0.8898571428571813,0.5100000000002183,1.6570000000001528,0.5731257023601499,1.8620966447263716,20.0,30.0,-1.0
2024-05-27 22:55:00,2024-05-28 00:12:00,SHORT,2351.965,0.8896428571429494,1.0199999999999818,1.0399999999999636,1.1465274989962475,1.169008430349095,58.0,77.0,-1.0
2024-05-27 23:30:00,2024-05-27 23:40:00,SHORT,2351.775,0.6912142857143928,0.5500000000001819,0.7329999999997199,0.7957011470498454,1.0604526196129471,3.0,10.0,-1.0
2024-05-28 01:45:00,2024-05-28 02:02:00,LONG,2355.555,1.6550714285714159,0.6730000000002292,1.7469999999998436,0.4066289758751578,1.0555435673901858,7.0,17.0,-1.0
2024-05-28 04:30:00,2024-05-28 04:38:00,SHORT,2350.645,0.9214285714286429,0.13999999999987267,1.0100000000002183,0.15193798449597407,1.096124031007904,5.0,8.0,-1.0
2024-05-28 08:05:00,2024-05-28 08:06:00,SHORT,2343.125,1.5557142857143325,0.0,1.5700000000001637,0.0,1.0091827364555386,,1.0,-1.0
2024-05-28 18:00:00,2024-05-28 18:11:00,LONG,2357.315,1.9521428571428519,0.25,2.1799999999998363,0.12806439809732928,1.1167215514086275,4.0,11.0,-1.0
2024-05-29 01:10:00,2024-05-29 01:25:00,SHORT,2357.475,1.1249999999999676,0.9299999999998363,1.1600000000003092,0.826666666666545,1.0311111111114157,11.0,15.0,-1.0
2024-05-29 05:30:00,2024-05-29 05:31:00,LONG,2359.685,1.0292857142857688,0.0,1.0499999999997272,0.0,1.0201249132543653,,1.0,-1.0
2024-05-29 11:05:00,2024-05-29 11:06:00,SHORT,2344.345,1.4700714285714704,0.0,2.3700000000003456,0.0,1.612166561391764,,1.0,-1.0
2024-05-29 11:40:00,2024-05-29 11:52:00,SHORT,2343.265,1.5237142857143096,2.4600000000000364,1.050000000000182,1.6144759047440451,0.6891055690981772,12.0,3.0,1.5
2024-05-29 12:40:00,2024-05-29 12:52:00,SHORT,2342.295,1.9802857142857258,5.260000000000218,0.9800000000000182,2.6561823690666078,0.4948780839705733,12.0,1.0,1.5
2024-05-30 01:00:00,2024-05-30 01:01:00,SHORT,2335.775,1.3894999999999331,0.0,1.6599999999998545,0.0,1.1946743432889055,,1.0,-1.0
2024-05-30 02:30:00,2024-05-30 02:41:00,SHORT,2333.235,1.7430714285714461,3.7200000000002547,0.6099999999996726,2.1341638323158234,0.34995697250318936,11.0,5.0,1.5
2024-05-30 08:55:00,2024-05-30 09:08:00,LONG,2334.918,1.6534285714285164,2.786999999999807,1.1829999999999927,1.6855883877656213,0.7154829790910856,13.0,1.0,1.5
2024-05-30 09:25:00,2024-05-30 09:26:00,LONG,2336.895,1.739214285714232,0.0,1.8699999999998909,0.0,1.0751981600886804,,1.0,-1.0
2024-05-30 12:30:00,2024-05-30 12:31:00,LONG,2341.435,2.7166428571428827,0.0,3.7100000000000364,0.0,1.3656561407199017,,1.0,-1.0
2024-05-30 19:40:00,2024-05-30 20:23:00,SHORT,2341.078,0.985357142857148,1.2829999999999018,1.5,1.3020659659295781,1.5222906850308002,10.0,43.0,-1.0
2024-05-31 04:30:00,2024-05-31 04:42:00,SHORT,2340.928,1.3191428571428463,0.0729999999998654,1.349999999999909,0.05533896469558826,1.0233918128654365,5.0,12.0,-1.0
2024-05-31 07:10:00,2024-05-31 07:30:00,LONG,2344.155,1.4544285714286096,0.569999999999709,1.5400000000004184,0.39190649248579296,1.0588350849624444,3.0,20.0,-1.0
2024-05-31 12:40:00,2024-05-31 12:41:00,LONG,2352.488,2.2230714285713993,0.0,6.312999999999647,0.0,2.839764804164002,,1.0,-1.0
2024-05-31 17:15:00,2024-05-31 17:25:00,SHORT,2330.448,2.2249285714285634,4.002999999999702,1.5570000000002437,1.7991588815048967,0.6997977463162057,10.0,1.0,1.5
2024-05-31 20:20:00,2024-05-31 20:38:00,SHORT,2328.288,1.5485714285714818,0.8400000000001455,1.6170000000001892,0.5424354243543189,1.044188191882005,10.0,18.0,-1.0
2024-06-03 01:40:00,2024-06-03 02:39:00,LONG,2328.695,1.5146428571428194,2.25,1.917000000000371,1.4854987031360898,1.2656448950721935,7.0,59.0,-1.0
2024-06-03 06:15:00,2024-06-03 06:42:00,SHORT,2316.525,2.3533571428571185,1.8899999999998727,2.4899999999997817,0.8031080219746408,1.0580629495856164,18.0,27.0,-1.0
2024-06-03 09:00:00,2024-06-03 09:26:00,LONG,2326.255,1.615285714285749,1.4200000000000728,1.7300000000000182,0.879101441584885,1.0710179534801332,9.0,26.0,-1.0
2024-06-03 10:35:00,2024-06-03 10:42:00,LONG,2328.438,1.3497142857143314,3.92699999999968,1.093000000000302,2.909504657069944,0.8098010160882573,7.0,1.0,1.5
2024-06-03 13:10:00,2024-06-03 13:11:00,LONG,2334.625,2.1127857142857596,0.0,3.0900000000001455,0.0,1.4625240880354682,,1.0,-1.0
2024-06-03 14:00:00,2024-06-03 14:40:00,LONG,2339.544,3.313357142857155,6.030999999999949,3.088999999999942,1.8202082480004953,0.9322870631857855,40.0,22.0,1.5
2024-06-03 17:55:00,2024-06-03 19:23:00,LONG,2348.275,2.322857142857174,1.0599999999999454,2.3299999999999272,0.45633456334560385,1.0030750307502627,29.0,88.0,-1.0
2024-06-03 18:45:00,2024-06-03 19:22:00,LONG,2347.738,1.4420714285713854,1.2400000000002365,1.5429999999996653,0.8598741889149453,1.0699886076574352,19.0,37.0,-1.0
2024-06-03 23:20:00,2024-06-03 23:41:00,LONG,2350.695,0.5485000000000387,0.25999999999976353,0.5869999999999891,0.4740200546941571,1.070191431175839,3.0,21.0,-1.0
2024-06-04 00:00:00,2024-06-04 00:01:00,LONG,2351.248,0.5847142857143288,0.0,0.5929999999998472,0.0,1.0141705350595223,,1.0,-1.0
2024-06-04 01:00:00,2024-06-04 01:06:00,LONG,2351.035,0.9946428571429351,1.1600000000003092,1.4099999999998545,1.166247755835049,1.417594254936906,3.0,6.0,-1.0
2024-06-04 10:55:00,2024-06-04 11:18:00,SHORT,2329.088,1.6990000000000367,2.6030000000000655,1.1469999999999345,1.5320776927604527,0.6751030017656914,23.0,3.0,1.5
2024-06-04 14:05:00,2024-06-04 14:16:00,SHORT,2323.915,3.826785714285766,6.157000000000153,3.5300000000002,1.608922071861894,0.9224451703220183,11.0,2.0,1.5
2024-06-04 16:50:00,2024-06-04 17:04:00,SHORT,2322.858,2.231928571428625,0.3700000000003456,2.4169999999999163,0.16577591448794168,1.0829199603161268,4.0,14.0,-1.0
2024-06-04 20:05:00,2024-06-04 20:21:00,LONG,2327.365,0.892071428571431,0.08300000000008367,0.906999999999698,0.09304187685172298,1.016734726559031,6.0,16.0,-1.0
2024-06-04 22:10:00,2024-06-05 00:25:00,LONG,2327.948,0.7365714285713564,1.2070000000003347,0.5629999999996471,1.6386733902255957,0.7643522110158876,135.0,43.0,1.5
2024-06-05 00:30:00,2024-06-05 00:48:00,LONG,2329.188,0.7313571428571777,0.34999999999990905,0.7800000000002001,0.4785623596052831,1.0665104014066102,5.0,18.0,-1.0
2024-06-05 09:10:00,2024-06-05 09:34:00,SHORT,2332.245,1.4580714285714618,1.3599999999996726,1.5399999999999636,0.9327389408707678,1.0561896830450692,2.0,24.0,-1.0
2024-06-05 16:55:00,2024-06-05 17:28:00,LONG,2352.468,1.9167142857143387,3.0300000000002,0.9529999999999745,1.5808302899307456,0.4972050383841125,33.0,1.0,1.5
2024-06-05 17:05:00,2024-06-05 17:29:00,LONG,2353.275,1.557642857142907,2.362999999999829,1.0470000000000255,1.5170358141879463,0.6721694868620116,24.0,1.0,1.5
2024-06-06 04:35:00,2024-06-06 04:36:00,LONG,2369.305,0.9444999999999644,0.0,1.1369999999997162,0.0,1.2038115404973628,,1.0,-1.0
2024-06-06 05:30:00,2024-06-06 05:31:00,LONG,2368.955,1.167357142857067,0.0,1.5499999999997272,0.0,1.3277855962796052,,1.0,-1.0
2024-06-06 10:00:00,2024-06-06 10:37:00,SHORT,2360.498,1.203500000000044,0.5100000000002183,1.349999999999909,0.42376402160382187,1.1217282924801493,5.0,37.0,-1.0
2024-06-06 10:30:00,2024-06-06 12:02:00,SHORT,2360.695,1.237785714285727,1.887000000000171,1.169999999999618,1.524496508742693,0.9452363090769511,92.0,68.0,1.5
2024-06-06 11:00:00,2024-06-06 11:11:00,SHORT,2359.545,1.125785714285712,0.34999999999990905,1.4829999999997199,0.3108939788083711,1.317302201636706,5.0,11.0,-1.0
2024-06-06 11:55:00,2024-06-06 12:12:00,SHORT,2359.705,1.284714285714212,2.576999999999771,0.36999999999989086,2.0058934727009263,0.2880017791615017,17.0,6.0,1.5
2024-06-06 12:50:00,2024-06-06 13:24:00,SHORT,2356.335,2.701214285714254,3.0300000000002,2.76299999999992,1.1217177459873418,1.0228733109447956,17.0,34.0,-1.0
2024-06-06 17:40:00,2024-06-06 18:05:00,LONG,2372.398,1.7750000000000585,1.4800000000000182,3.2029999999999745,0.8338028169013912,1.8045070422534473,14.0,25.0,-1.0
2024-06-06 18:25:00,2024-06-06 19:15:00,LONG,2371.335,1.5228571428572195,3.4299999999998363,0.5270000000000437,2.252345215759629,0.3460600375234634,50.0,6.0,1.5
2024-06-06 20:45:00,2024-06-06 20:50:00,LONG,2373.558,0.748357142857133,1.1269999999999527,0.4600000000000364,1.5059654481244198,0.6146797747447356,5.0,1.0,1.5
2024-06-07 00:05:00,2024-06-07 00:06:00,LONG,2376.818,0.6738571428571244,0.0,0.8030000000003383,0.0,1.191647233411601,,1.0,-1.0
2024-06-07 05:20:00,2024-06-07 05:21:00,LONG,2383.505,1.8072857142856589,0.0,3.4710000000000036,0.0,1.9205596395542464,,1.0,-1.0
2024-06-07 14:30:00,2024-06-07 15:26:00,SHORT,2317.035,4.6941428571429435,7.489999999999782,3.9700000000002547,1.5956054657779453,0.845734806293596,56.0,13.0,1.5
2024-06-07 16:50:00,2024-06-07 16:51:00,SHORT,2310.455,2.829999999999992,0.0,3.9900000000002365,0.0,1.4098939929329497,,1.0,-1.0
2024-06-07 17:00:00,2024-06-07 17:45:00,SHORT,2309.375,2.8433571428571276,4.309999999999945,2.0329999999999018,1.5158138015926736,0.7149998743939201,45.0,1.0,1.5
2024-06-09 22:00:00,2024-06-09 22:01:00,SHORT,2290.315,2.116000000000018,0.0,4.139999999999873,0.0,1.956521739130358,,1.0,-1.0
2024-06-10 03:40:00,2024-06-10 04:02:00,SHORT,2295.675,1.2484999999999542,2.6100000000001273,0.4899999999997817,2.0905086103325776,0.3924709651580294,22.0,3.0,1.5
2024-06-10 04:45:00,2024-06-10 05:00:00,SHORT,2294.115,1.2356428571427907,0.819999999999709,1.3400000000001455,0.6636221746919789,1.084455748887395,11.0,15.0,-1.0
2024-06-10 09:40:00,2024-06-10 09:53:00,LONG,2297.005,1.5885000000000673,0.2300000000000182,1.8699999999998909,0.14479068303431442,1.1772112055396988,4.0,13.0,-1.0
2024-06-10 10:35:00,2024-06-10 10:59:00,LONG,2296.595,1.297571428571473,2.1100000000001273,1.0899999999996908,1.6261147198062738,0.8400308268190657,24.0,2.0,1.5
2024-06-10 18:40:00,2024-06-10 18:47:00,LONG,2311.598,1.0290000000000614,0.07000000000016371,1.0299999999997453,0.06802721088450878,1.0009718172980406,4.0,7.0,-1.0
2024-06-10 19:40:00,2024-06-10 19:52:00,LONG,2311.078,0.8499285714286283,0.5700000000001637,1.699999999999818,0.6706445919826672,2.0001680813510263,6.0,12.0,-1.0
2024-06-10 22:40:00,2024-06-10 22:47:00,LONG,2310.785,0.6874285714286218,0.01999999999998181,0.7399999999997817,0.029093931837045388,1.076475477971341,2.0,7.0,-1.0
2024-06-11 04:05:00,2024-06-11 04:48:00,SHORT,2302.815,0.9562142857143304,1.4700000000002547,0.76299999999992,1.537312317920565,0.7979382983490236,43.0,1.0,1.5
2024-06-11 05:05:00,2024-06-11 05:28:00,SHORT,2302.688,0.8615714285714213,1.4929999999999382,0.656999999999698,1.7328801193831296,0.7625601061180443,23.0,1.0,1.5
2024-06-11 10:55:00,2024-06-11 10:56:00,LONG,2307.738,1.2752142857142903,0.0,1.4229999999997744,0.0,1.1158908866855302,,1.0,-1.0
2024-06-11 19:35:00,2024-06-11 19:36:00,LONG,2313.775,1.0145000000000632,0.0,1.1900000000000546,0.0,1.1729916214883986,,1.0,-1.0
2024-06-12 01:35:00,2024-06-12 01:51:00,SHORT,2311.108,1.2287857142858098,0.29300000000012005,1.9869999999996253,0.23844678253800858,1.6170435389172,5.0,16.0,-1.0
2024-06-12 05:35:00,2024-06-12 05:43:00,SHORT,2312.805,0.7229285714286432,0.39099999999962165,1.1300000000001091,0.5408556466746527,1.5630866515166444,6.0,8.0,-1.0
2024-06-12 13:55:00,2024-06-12 14:04:00,LONG,2329.735,4.525142857142945,0.05999999999994543,5.25,0.013259249905278755,1.1601843667129463,5.0,9.0,-1.0
2024-06-12 17:55:00,2024-06-12 18:00:00,LONG,2334.578,1.8165714285714785,0.0,11.63299999999981,0.0,6.403821956589843,,5.0,-1.0
2024-06-12 23:35:00,2024-06-12 23:46:00,SHORT,2321.055,0.6133571428572395,0.2899999999999636,0.9200000000000728,0.47280773261894155,1.499941772446604,6.0,11.0,-1.0
2024-06-12 23:50:00,2024-06-13 00:00:00,SHORT,2320.735,0.6712142857143785,1.1700000000000728,0.15299999999979264,1.7431095030327504,0.2279450888578058,10.0,2.0,1.5
2024-06-13 01:05:00,2024-06-13 01:06:00,SHORT,2317.015,1.5945000000000553,0.0,4.289999999999964,0.0,2.690498588899225,,1.0,-1.0
2024-06-13 02:30:00,2024-06-13 02:37:00,SHORT,2314.505,2.0590000000000015,3.5100000000002183,1.3899999999998727,1.7047110247694102,0.6750849927148478,7.0,1.0,1.5
2024-06-13 03:35:00,2024-06-13 04:35:00,SHORT,2313.985,1.6795714285715024,2.5300000000002,0.6729999999997744,1.5063366505061344,0.4006974568340745,60.0,26.0,1.5
2024-06-13 08:30:00,2024-06-13 08:45:00,LONG,2315.815,1.3987857142857203,0.38999999999987267,1.6900000000000546,0.2788132563957613,1.2081907777153993,2.0,15.0,-1.0
2024-06-13 09:05:00,2024-06-13 09:12:00,LONG,2315.925,1.2118571428572003,1.9229999999997744,0.2899999999999636,1.586820700223716,0.2393021336790816,7.0,1.0,1.5
2024-06-13 13:25:00,2024-06-13 13:50:00,LONG,2318.875,4.448357142857146,5.800000000000182,4.980000000000018,1.3038521444514426,1.119514427477242,15.0,25.0,-1.0
2024-06-13 14:40:00,2024-06-13 15:01:00,SHORT,2311.145,3.948499999999935,1.2199999999998,5.010000000000218,0.308978092946643,1.2688362669368876,2.0,21.0,-1.0
2024-06-13 18:35:00,2024-06-13 18:46:00,SHORT,2301.868,1.1816428571428983,0.34999999999990905,1.3200000000001637,0.29619778758378507,1.1170887988878466,4.0,11.0,-1.0
2024-06-13 22:35:00,2024-06-13 23:28:00,SHORT,2302.945,0.4827857142857153,0.9800000000000182,0.33999999999969077,2.0298860778221965,0.7042461902641901,53.0,1.0,1.5
2024-06-14 02:50:00,2024-06-14 03:09:00,LONG,2306.238,1.0210714285713363,1.3670000000001892,1.0599999999999454,1.338789786638991,1.0381252186079453,11.0,19.0,-1.0
2024-06-14 06:10:00,2024-06-14 07:00:00,LONG,2310.445,1.497285714285746,2.8029999999998836,1.430000000000291,1.8720541933020483,0.9550615399295701,50.0,1.0,1.5
2024-06-14 07:25:00,2024-06-14 07:26:00,LONG,2311.515,1.4262142857143252,0.0,2.0899999999996908,0.0,1.4654179396000833,,1.0,-1.0
2024-06-14 08:50:00,2024-06-14 09:23:00,LONG,2317.365,1.914428571428516,0.8400000000001455,2.1799999999998363,0.43877322587875445,1.1387209909707705,8.0,33.0,-1.0
2024-06-14 12:45:00,2024-06-14 13:00:00,LONG,2332.328,3.089785714285784,0.9270000000001346,3.3229999999998654,0.30002080588116586,1.0754791132070431,6.0,15.0,-1.0
2024-06-14 14:05:00,2024-06-14 14:11:00,LONG,2332.045,2.686857142857142,2.130000000000109,3.3099999999999454,0.7927477669077397,1.2319225861335403,2.0,6.0,-1.0
2024-06-14 18:20:00,2024-06-14 19:04:00,LONG,2333.825,1.3058571428571537,1.2530000000001564,1.3269999999997708,0.9595230281151977,1.0161907887537818,30.0,44.0,-1.0
2024-06-16 23:45:00,2024-06-17 00:00:00,SHORT,2328.725,0.8260714285714325,2.1100000000001273,0.4130000000000109,2.5542585386944783,0.4999567661046369,15.0,11.0,1.5
2024-06-17 00:00:00,2024-06-17 01:00:00,SHORT,2326.418,0.9042142857142933,2.1230000000000473,0.70699999999988,2.347894778418549,0.7818943044472894,60.0,46.0,1.5
2024-06-17 02:40:00,2024-06-17 03:54:00,SHORT,2323.045,1.4612142857143422,1.6700000000000728,1.9789999999998145,1.1428850760131062,1.3543530331913933,7.0,74.0,-1.0
2024-06-17 04:05:00,2024-06-17 04:30:00,SHORT,2323.895,0.9497857142857161,0.42000000000007276,1.0700000000001637,0.4422050086486431,1.126569902985806,12.0,25.0,-1.0
2024-06-17 04:15:00,2024-06-17 04:30:00,SHORT,2323.785,0.8514285714286091,0.30999999999994543,1.180000000000291,0.3640939597314634,1.3859060402687369,2.0,15.0,-1.0
2024-06-17 05:00:00,2024-06-17 05:01:00,SHORT,2321.645,0.9872142857143119,0.0,1.7800000000002,0.0,1.8030533246510485,,1.0,-1.0
2024-06-17 07:10:00,2024-06-17 07:30:00,SHORT,2318.228,1.405928571428571,1.9529999999999745,1.5969999999997526,1.389117512574285,1.1359040796624775,9.0,20.0,-1.0
2024-06-17 07:35:00,2024-06-17 07:36:00,SHORT,2317.785,1.6182857142857106,0.0,2.230000000000018,0.0,1.378001412429393,,1.0,-1.0
2024-06-17 11:55:00,2024-06-17 11:56:00,SHORT,2318.078,1.4964285714285583,0.0,1.650000000000091,0.0,1.102625298329426,,1.0,-1.0
2024-06-17 12:25:00,2024-06-17 12:46:00,SHORT,2318.064,1.7709285714284826,1.469000000000051,2.780999999999949,0.8295083289638908,1.5703626023474868,5.0,21.0,-1.0
2024-06-17 17:45:00,2024-06-17 17:53:00,SHORT,2315.228,1.4322142857142484,0.052999999999883585,1.4899999999997817,0.03700563562906536,1.0403471148569892,5.0,8.0,-1.0
2024-06-17 23:55:00,2024-06-18 00:00:00,LONG,2320.545,0.5575714285714964,1.4600000000000364,0.47000000000025466,2.618498590827315,0.8429413271845714,5.0,1.0,1.5
2024-06-18 01:50:00,2024-06-18 02:41:00,LONG,2322.768,1.453499999999914,2.3969999999999345,1.3200000000001637,1.6491228070175963,0.9081527347782881,51.0,13.0,1.5
2024-06-18 04:25:00,2024-06-18 04:34:00,LONG,2324.435,0.7184285714285384,0.25300000000015643,0.9099999999998545,0.3521574865780824,1.2666534102205755,1.0,9.0,-1.0
2024-06-18 06:35:00,2024-06-18 06:36:00,SHORT,2319.775,1.4003571428571766,0.0,1.6900000000000546,0.0,1.2068349910737155,,1.0,-1.0
2024-06-18 13:40:00,2024-06-18 13:41:00,LONG,2320.855,3.4618571428572005,0.0,3.9209999999998217,0.0,1.1326290595468285,,1.0,-1.0
2024-06-18 15:10:00,2024-06-18 15:11:00,LONG,2323.095,2.1436428571429196,0.0,2.8899999999998727,0.0,1.3481723368097378,,1.0,-1.0
2024-06-18 17:55:00,2024-06-18 18:10:00,LONG,2329.605,1.5337142857142356,0.24299999999993815,1.6970000000001164,0.1584388971683702,1.1064642324889347,6.0,15.0,-1.0
2024-06-18 19:20:00,2024-06-18 22:31:00,LONG,2329.275,1.1246428571428169,1.2529999999997017,1.280999999999949,1.114131470307809,1.1390282629406117,31.0,191.0,-1.0
2024-06-18 20:10:00,2024-06-18 20:32:00,LONG,2329.948,0.7869999999999696,0.5370000000002619,0.7929999999996653,0.682337992376471,1.007623888182587,7.0,22.0,-1.0
2024-06-18 20:50:00,2024-06-18 22:01:00,LONG,2329.208,0.6287142857142628,1.0070000000000618,0.6230000000000473,1.601681436037421,0.9909111565554397,71.0,70.0,1.5
2024-06-19 05:30:00,2024-06-19 05:31:00,SHORT,2327.595,0.4348571428570592,0.0,0.7630000000003747,0.0,1.7545992115649314,,1.0,-1.0
2024-06-19 10:20:00,2024-06-19 11:00:00,SHORT,2328.795,0.9552142857142891,1.4500000000002728,0.7999999999997272,1.517983997607399,0.8375084124726045,40.0,17.0,1.5
2024-06-19 15:10:00,2024-06-19 15:23:00,SHORT,2325.465,1.399499999999924,0.30999999999994543,1.4600000000000364,0.2215076813147283,1.0432297249018332,4.0,13.0,-1.0
2024-06-20 06:00:00,2024-06-20 06:23:00,LONG,2341.495,1.449499999999976,2.3099999999999454,1.3099999999999454,1.5936529837875015,0.9037599172128093,23.0,1.0,1.5
2024-06-20 06:15:00,2024-06-20 06:26:00,LONG,2342.598,1.3182857142856588,2.0270000000000437,0.5500000000001819,1.5376029475510298,0.4172084958822535,11.0,5.0,1.5
2024-06-20 12:05:00,2024-06-20 12:12:00,LONG,2339.355,1.3531428571428543,1.0929999999998472,1.6469999999999345,0.8077491554052941,1.2171663851350893,3.0,7.0,-1.0
2024-06-20 13:35:00,2024-06-20 13:48:00,LONG,2341.085,2.874714285714325,5.960000000000036,1.4200000000000728,2.0732495154797834,0.4939621328827895,13.0,1.0,1.5
2024-06-20 16:05:00,2024-06-20 18:02:00,LONG,2353.978,2.768214285714261,4.2599999999997635,1.193000000000211,1.5388982066829369,0.4309637466134203,117.0,3.0,1.5
2024-06-20 16:40:00,2024-06-20 18:03:00,LONG,2355.395,2.0796428571428414,3.492999999999938,1.1199999999998909,1.679615318564297,0.5385540099604531,83.0,1.0,1.5
2024-06-20 16:55:00,2024-06-20 18:05:00,LONG,2356.238,1.9012142857142666,2.9900000000002365,1.75,1.5726791148515509,0.9204643648795975,70.0,33.0,1.5
2024-06-20 19:35:00,2024-06-20 22:00:00,LONG,2358.898,0.937785714285675,1.8969999999999345,0.7899999999999636,2.0228501789930835,0.8424099322111321,145.0,30.0,1.5
2024-06-20 19:45:00,2024-06-20 20:05:00,LONG,2358.998,0.8856428571428167,0.6799999999998363,0.8899999999998727,0.7678038551494591,1.0049197515927726,10.0,20.0,-1.0
2024-06-20 20:20:00,2024-06-20 22:00:00,LONG,2358.958,0.7356428571427907,1.836999999999989,0.6230000000000473,2.4971356442375154,0.8468783377028304,100.0,12.0,1.5
2024-06-20 22:25:00,2024-06-20 22:26:00,LONG,2359.535,0.8067857142857845,0.0,0.9499999999998181,0.0,1.1775121735277818,,1.0,-1.0
2024-06-20 22:45:00,2024-06-20 23:22:00,LONG,2359.245,0.9480000000000602,1.5799999999999272,0.7699999999999818,1.666666666666484,0.8122362869197605,37.0,1.0,1.5
2024-06-20 23:35:00,2024-06-20 23:57:00,LONG,2359.795,0.7514285714286026,1.1700000000000728,0.7000000000002728,1.5570342205323515,0.9315589353615411,22.0,1.0,1.5
2024-06-21 12:00:00,2024-06-21 12:01:00,LONG,2367.635,1.3302857142856672,0.0,1.5570000000002437,0.0,1.1704252577321834,,1.0,-1.0
2024-06-21 19:15:00,2024-06-21 19:24:00,SHORT,2321.685,1.2790000000000288,0.5270000000000437,1.6030000000000655,0.412040656763121,1.253322908522306,2.0,9.0,-1.0
2024-06-23 22:00:00,2024-06-23 22:01:00,SHORT,2320.925,1.0544285714284862,2.5770000000002256,1.6599999999998545,2.4439777807889222,1.5743124237908035,1.0,1.0,-1.0
2024-06-24 05:00:00,2024-06-24 05:30:00,LONG,2325.248,0.7264999999999547,1.8769999999999527,0.612999999999829,2.5836200963524703,0.8437715072262453,30.0,2.0,1.5
2024-06-24 05:20:00,2024-06-24 05:30:00,LONG,2325.965,0.7400714285713873,1.1599999999998545,0.49000000000023647,1.5674162725604543,0.6620982530647325,10.0,9.0,1.5
2024-06-24 10:20:00,2024-06-24 11:44:00,SHORT,2325.545,1.9778571428571468,1.5100000000002183,2.2599999999997635,0.763452509931492,1.1426507764534715,61.0,84.0,-1.0
2024-06-24 11:10:00,2024-06-24 11:33:00,SHORT,2324.955,1.3347142857143612,0.9200000000000728,1.430000000000291,0.6892860965428819,1.0713903457135256,11.0,23.0,-1.0
2024-06-24 13:00:00,2024-06-24 13:26:00,SHORT,2326.725,1.7565714285714031,0.9169999999999163,1.9200000000000728,0.522039687703278,1.093038386467201,17.0,26.0,-1.0
2024-06-24 14:30:00,2024-06-24 15:40:00,LONG,2331.468,2.7983571428570877,2.0470000000000255,2.8530000000000655,0.731500625366948,1.0195267631518927,15.0,70.0,-1.0
2024-06-24 15:00:00,2024-06-24 15:34:00,LONG,2331.805,2.3454285714285237,1.2630000000003747,2.819999999999709,0.5384943354856135,1.2023388963331931,13.0,34.0,-1.0
2024-06-24 15:10:00,2024-06-24 15:27:00,LONG,2332.188,2.1282857142856693,0.8800000000001091,2.4900000000002365,0.4134783192375416,1.1699556987516462,3.0,17.0,-1.0
2024-06-25 01:05:00,2024-06-25 01:06:00,SHORT,2329.078,0.8725714285713561,0.0,1.0199999999999818,0.0,1.1689587426326893,,1.0,-1.0
2024-06-25 01:15:00,2024-06-25 01:17:00,SHORT,2328.558,0.9877857142856945,0.0,1.0,0.0,1.0123653192566548,,2.0,-1.0
2024-06-25 02:40:00,2024-06-25 03:08:00,SHORT,2326.278,1.3894999999999982,1.2929999999996653,1.7970000000000255,0.9305505577543484,1.293270960777278,15.0,28.0,-1.0
2024-06-25 03:40:00,2024-06-25 03:53:00,SHORT,2326.955,1.0947857142857305,1.9099999999998545,0.3400000000001455,1.744633653030441,0.31056305865479006,13.0,2.0,1.5
2024-06-25 14:00:00,2024-06-25 14:01:00,SHORT,2322.545,2.828142857142861,0.0,3.449999999999818,0.0,1.2198818002727028,,1.0,-1.0
2024-06-25 18:00:00,2024-06-25 18:01:00,SHORT,2317.928,1.2703571428570675,0.0,1.650000000000091,0.0,1.2988473432669465,,1.0,-1.0
2024-06-25 18:10:00,2024-06-25 18:30:00,SHORT,2317.648,1.1806428571427918,0.7229999999999563,1.9169999999999163,0.6123782442978976,1.6236916933873988,6.0,20.0,-1.0
2024-06-25 19:30:00,2024-06-25 20:11:00,SHORT,2319.318,0.7429999999999382,1.1230000000000473,0.7399999999997817,1.5114401076717912,0.9959623149392238,41.0,29.0,1.5
2024-06-25 19:40:00,2024-06-25 19:58:00,SHORT,2319.238,0.6679999999999576,0.2199999999997999,0.6900000000000546,0.32934131736499084,1.0329341317366743,1.0,18.0,-1.0
2024-06-25 20:00:00,2024-06-25 20:17:00,SHORT,2319.088,0.6758571428571096,1.2029999999999745,0.4099999999998545,1.7799619530755095,0.606637074614061,17.0,1.0,1.5
2024-06-25 20:45:00,2024-06-25 20:58:00,SHORT,2318.848,0.6291428571429216,0.11000000000012733,0.7170000000000982,0.17484105358783206,1.1396457765667969,3.0,13.0,-1.0
2024-06-26 02:30:00,2024-06-26 04:14:00,SHORT,2320.648,2.745357142857204,4.260000000000218,0.8699999999998909,1.5517106803694998,0.31689866007540524,104.0,9.0,1.5
2024-06-26 03:25:00,2024-06-26 03:39:00,LONG,2320.428,1.6148571428570904,0.5199999999999818,1.9329999999999927,0.32200990799716833,1.1970099079972036,8.0,14.0,-1.0
2024-06-26 05:10:00,2024-06-26 05:30:00,SHORT,2317.015,0.8796428571428935,1.5099999999997635,0.24299999999993815,1.7166057653264974,0.27624847746642256,20.0,7.0,1.5
2024-06-26 09:50:00,2024-06-26 09:59:00,LONG,2317.538,1.2578571428571845,0.2300000000000182,1.4600000000000364,0.18285065303805498,1.1607041453719382,4.0,9.0,-1.0
2024-06-26 14:55:00,2024-06-26 15:09:00,SHORT,2297.478,2.8145714285714285,1.6700000000000728,3.23700000000008,0.5933407775860577,1.150086285656307,6.0,14.0,-1.0
2024-06-26 16:10:00,2024-06-26 16:20:00,SHORT,2299.838,2.1209999999999645,0.16000000000030923,2.256999999999607,0.07543611504022249,1.0641206977838966,4.0,10.0,-1.0
2024-06-26 18:10:00,2024-06-26 18:42:00,SHORT,2300.408,1.1465000000000276,1.9800000000000182,0.599999999999909,1.7269952027910775,0.5233318796335757,32.0,24.0,1.5
2024-06-26 18:35:00,2024-06-26 18:41:00,SHORT,2300.288,0.8919285714285772,1.3899999999998727,0.5300000000002001,1.5584207575877387,0.5942179867063949,6.0,3.0,1.5
2024-06-26 23:20:00,2024-06-26 23:30:00,SHORT,2297.808,0.35464285714283506,0.5529999999998836,0.1999999999998181,1.5593152064448847,0.5639476334335605,10.0,1.0,1.5
2024-06-27 03:05:00,2024-06-27 03:22:00,LONG,2299.338,0.8112142857141862,0.42699999999967986,0.930000000000291,0.5263714008977944,1.146429514837164,14.0,17.0,-1.0
2024-06-27 03:15:00,2024-06-27 03:22:00,LONG,2299.395,0.7964285714284804,0.36999999999989086,0.98700000000008,0.46457399103130614,1.2392825112110044,4.0,7.0,-1.0
2024-06-27 04:50:00,2024-06-27 05:17:00,LONG,2299.945,0.7005714285714605,0.6199999999998909,0.7400000000002365,0.8849918433929523,1.0562805872759826,8.0,27.0,-1.0
2024-06-27 07:15:00,2024-06-27 07:35:00,LONG,2301.825,1.455214285714224,0.5,1.6899999999995998,0.34359200903157594,1.1613409905264516,7.0,20.0,-1.0
2024-06-27 07:55:00,2024-06-27 08:07:00,LONG,2302.215,1.2322857142856785,1.9400000000000546,1.1200000000003456,1.5743102249015508,0.9088801298403254,12.0,1.0,1.5
2024-06-27 13:45:00,2024-06-27 14:01:00,LONG,2322.065,2.6877857142857073,8.670000000000073,2.5300000000002,3.225703579685916,0.9412952775785403,16.0,1.0,1.5
2024-06-27 14:00:00,2024-06-27 14:01:00,LONG,2328.795,2.988642857142882,1.9400000000000546,4.019999999999982,0.6491240649124194,1.3450921345091962,1.0,1.0,-1.0
2024-06-27 16:30:00,2024-06-27 16:50:00,LONG,2325.868,1.9244999999999826,0.5670000000000073,2.019999999999982,0.29462197973500254,1.0496232787737074,4.0,20.0,-1.0
2024-06-27 19:55:00,2024-06-27 20:40:00,LONG,2325.968,0.9131428571427997,1.637000000000171,0.5729999999998654,1.7927096370466078,0.627503128911031,45.0,6.0,1.5
2024-06-27 20:15:00,2024-06-27 20:28:00,LONG,2326.668,0.7134285714285592,0.21000000000003638,0.7229999999999563,0.2943532238686984,1.0134160993191392,4.0,13.0,-1.0
2024-06-27 20:50:00,2024-06-27 22:00:00,LONG,2327.888,0.7606428571428491,0.5570000000002437,0.7799999999997453,0.7322753310173251,1.025448398910372,2.0,70.0,-1.0
2024-06-27 23:15:00,2024-06-27 23:41:00,LONG,2326.995,0.4235714285714169,0.680000000000291,0.2300000000000182,1.6053962900513217,0.5430016863406988,26.0,1.0,1.5
2024-06-28 09:00:00,2024-06-28 09:08:00,LONG,2329.175,1.4209285714285085,0.6029999999996107,1.4370000000003529,0.4243703815409905,1.011310511235401,6.0,8.0,-1.0
2024-06-28 12:00:00,2024-06-28 12:06:00,LONG,2334.185,1.0796428571427765,0.8830000000002656,1.0900000000001455,0.8178630499506875,1.009593119418007,2.0,6.0,-1.0
2024-06-28 12:50:00,2024-06-28 12:51:00,LONG,2337.405,2.3974285714285934,0.0,2.730000000000018,0.0,1.1387200572041445,,1.0,-1.0
2024-06-28 14:30:00,2024-06-28 14:43:00,SHORT,2327.555,3.124785714285768,4.809999999999945,2.1600000000003092,1.5393055523806907,0.6912473998217892,13.0,1.0,1.5
2024-07-01 17:50:00,2024-07-01 18:02:00,LONG,2329.435,1.218928571428543,0.4130000000000109,1.4470000000001164,0.33882215060066145,1.187108116027079,2.0,12.0,-1.0
2024-07-01 23:40:00,2024-07-01 23:47:00,LONG,2332.135,0.3252142857142774,0.19299999999975626,0.5710000000003674,0.5934548649234914,1.755765429388392,6.0,7.0,-1.0
2024-07-02 00:10:00,2024-07-02 00:16:00,LONG,2333.328,0.5104999999999303,0.4499999999998181,0.8600000000001273,0.881488736532575,1.6846229187076291,3.0,6.0,-1.0
2024-07-02 04:50:00,2024-07-02 05:10:00,SHORT,2327.015,0.8266428571428476,0.806999999999789,0.9600000000000364,0.9762377948671197,1.161323770845992,14.0,20.0,-1.0
2024-07-02 05:00:00,2024-07-02 05:10:00,SHORT,2326.955,0.7487857142856943,0.7469999999998436,1.0199999999999818,0.997615186492234,1.3622054755318256,4.0,10.0,-1.0
2024-07-02 06:55:00,2024-07-02 07:05:00,LONG,2330.308,1.1573571428571736,0.7469999999998436,1.7530000000001564,0.645436030364595,1.5146577794236584,3.0,10.0,-1.0
2024-07-02 11:10:00,2024-07-02 11:20:00,SHORT,2324.298,1.2304285714285794,1.91399999999976,1.2100000000000364,1.5555555555553504,0.9833971902937652,10.0,3.0,1.5
2024-07-02 12:25:00,2024-07-02 12:39:00,SHORT,2322.108,1.8295714285713334,1.0330000000003565,2.8469999999997526,0.5646131022099533,1.5561021316467014,6.0,14.0,-1.0
2024-07-02 17:15:00,2024-07-02 17:29:00,SHORT,2323.188,1.372500000000043,1.2330000000001746,1.7970000000000255,0.8983606557378041,1.3092896174863164,9.0,14.0,-1.0
2024-07-02 20:50:00,2024-07-02 22:19:00,LONG,2329.778,0.7797142857143301,1.1970000000001164,0.6929999999997563,1.5351777207769033,0.8887871015020187,89.0,9.0,1.5
2024-07-02 22:00:00,2024-07-02 23:02:00,LONG,2330.055,0.7675000000000247,1.2530000000001564,0.419999999999618,1.6325732899024314,0.5472312703577908,62.0,48.0,1.5
2024-07-02 23:00:00,2024-07-02 23:18:00,LONG,2330.908,0.5844285714285239,0.40000000000009095,0.612999999999829,0.6844292349061023,1.0488878024930708,2.0,18.0,-1.0
2024-07-02 23:35:00,2024-07-03 00:00:00,LONG,2329.968,0.44399999999999246,1.1170000000001892,0.2529999999997017,2.5157657657662345,0.5698198198191576,25.0,8.0,1.5
2024-07-02 23:45:00,2024-07-03 00:00:00,LONG,2330.025,0.47185714285709374,1.0599999999999454,0.21700000000009823,2.246442627914136,0.45988495307322,15.0,9.0,1.5
2024-07-03 02:45:00,2024-07-03 02:46:00,SHORT,2327.328,1.043428571428519,0.0,1.6700000000000728,0.0,1.6004928806135128,,1.0,-1.0
2024-07-03 06:10:00,2024-07-03 06:11:00,LONG,2334.475,1.3738571428571373,0.0,1.4670000000000982,0.0,1.0677966101695673,,1.0,-1.0
2024-07-03 06:50:00,2024-07-03 06:57:00,LONG,2337.765,1.6109999999999738,3.313000000000102,1.2100000000000364,2.056486654252114,0.7510862818125736,7.0,1.0,1.5
2024-07-03 09:05:00,2024-07-03 09:16:00,LONG,2344.805,1.4482142857142597,0.6100000000001273,1.6469999999999345,0.4212083847103298,1.1372626387176077,5.0,11.0,-1.0
2024-07-03 09:35:00,2024-07-03 09:36:00,LONG,2343.485,1.3780714285714046,0.0,1.4100000000003092,0.0,1.023169025035229,,1.0,-1.0
2024-07-03 12:00:00,2024-07-03 12:20:00,LONG,2346.145,1.4601428571428576,3.2199999999998,1.3299999999999272,2.205263672830309,0.910869777908178,20.0,7.0,1.5
2024-07-03 12:15:00,2024-07-03 12:16:00,LONG,2346.845,1.58114285714279,0.0,1.6799999999998363,0.0,1.062522587639985,,1.0,-1.0
2024-07-04 01:00:00,2024-07-04 01:06:00,LONG,2359.515,0.8674285714285881,1.393000000000029,0.7909999999997126,1.605895915678527,0.9118906455859489,6.0,2.0,1.5
2024-07-04 02:20:00,2024-07-04 02:32:00,LONG,2359.895,1.2890000000000197,0.5500000000001819,1.3600000000001273,0.42668735453853646,1.05508145849504,4.0,12.0,-1.0
2024-07-04 23:35:00,2024-07-04 23:47:00,SHORT,2356.635,0.6369285714285654,0.18000000000029104,0.75,0.2826062577104518,1.177526073791645,7.0,12.0,-1.0
2024-07-05 00:00:00,2024-07-05 00:07:00,SHORT,2355.965,0.5352857142857245,0.03099999999994907,0.8730000000000473,0.05791299706422187,1.6309047237790806,5.0,7.0,-1.0
2024-07-05 03:50:00,2024-07-05 04:23:00,LONG,2360.848,1.1814285714285688,1.8969999999999345,0.599999999999909,1.6056831922611332,0.5078597339781588,33.0,1.0,1.5
2024-07-05 05:40:00,2024-07-05 06:01:00,LONG,2363.678,0.896428571428422,1.6770000000001346,0.6599999999998545,1.8707569721120156,0.7362549800796416,21.0,3.0,1.5
2024-07-05 08:55:00,2024-07-05 09:29:00,LONG,2366.355,1.3230000000000277,0.42000000000007276,1.4200000000000728,0.3174603174603658,1.0733182161753916,3.0,34.0,-1.0
2024-07-05 11:20:00,2024-07-05 11:29:00,SHORT,2363.505,1.0644285714286394,0.34700000000020736,1.449999999999818,0.3259965105356726,1.362233257280644,3.0,9.0,-1.0
2024-07-05 12:55:00,2024-07-05 13:12:00,LONG,2372.035,5.089428571428568,7.8530000000000655,1.5299999999997453,1.543002301689791,0.30062314040302657,17.0,2.0,1.5
2024-07-05 15:05:00,2024-07-05 15:18:00,LONG,2381.455,3.1181428571428893,4.753000000000156,1.2100000000000364,1.52430476015947,0.38805149585376675,13.0,1.0,1.5
2024-07-05 20:05:00,2024-07-05 20:43:00,LONG,2388.915,1.2587857142856527,2.3730000000000473,0.4670000000000982,1.8851500879533727,0.37099245304441325,38.0,2.0,1.5
2024-07-08 05:45:00,2024-07-08 06:02:00,SHORT,2382.618,1.023642857142834,1.54300000000012,0.7269999999998618,1.507361663526772,0.7102086386154696,17.0,10.0,1.5
2024-07-08 07:25:00,2024-07-08 08:00:00,SHORT,2379.705,1.5275714285713937,2.369999999999891,1.2800000000002,1.5514822781258406,0.837931356962649,35.0,12.0,1.5
2024-07-08 11:00:00,2024-07-08 11:11:00,SHORT,2372.898,1.2810714285713598,0.03300000000035652,1.3769999999999527,0.02575968776164015,1.0748815165876986,5.0,11.0,-1.0
2024-07-08 12:55:00,2024-07-08 13:04:00,SHORT,2372.685,1.7242857142856727,1.699999999999818,1.9500000000002728,0.9859154929576648,1.1309030654517183,6.0,9.0,-1.0
2024-07-09 00:35:00,2024-07-09 01:09:00,LONG,2361.708,0.9970714285714816,1.6169999999997344,0.9900000000002365,1.621749408983099,0.9929078014186241,34.0,1.0,1.5
2024-07-09 08:20:00,2024-07-09 08:36:00,SHORT,2360.135,1.2202142857142593,2.0100000000002183,0.6299999999996544,1.6472516536910182,0.5163027571266963,16.0,4.0,1.5
2024-07-09 12:15:00,2024-07-09 12:24:00,SHORT,2359.785,1.2239999999999651,2.0599999999999454,0.6600000000003092,1.6830065359477158,0.5392156862747778,9.0,5.0,1.5
2024-07-10 04:10:00,2024-07-10 04:18:00,LONG,2368.555,0.9522857142856732,0.09000000000014552,1.0270000000000437,0.0945094509452514,1.0784578457846707,5.0,8.0,-1.0
2024-07-10 05:15:00,2024-07-10 05:16:00,LONG,2369.055,0.7513571428570945,0.0,1.0599999999999454,0.0,1.4107804924422656,,1.0,-1.0
2024-07-10 05:30:00,2024-07-10 05:31:00,LONG,2369.975,0.8064285714285039,0.0,1.7999999999997272,0.0,2.232063773250513,,1.0,-1.0
2024-07-10 08:10:00,2024-07-10 08:11:00,LONG,2373.245,1.1877857142857724,0.0,1.6799999999998363,0.0,1.4143965361715412,,1.0,-1.0
2024-07-10 08:25:00,2024-07-10 09:03:00,LONG,2373.088,1.168785714285767,1.0099999999997635,1.2600000000002183,0.864144716738743,1.0780419238527326,19.0,38.0,-1.0
2024-07-10 09:30:00,2024-07-10 09:52:00,LONG,2373.045,1.077428571428657,1.0199999999999818,1.1100000000001273,0.9466984884645063,1.0302307080350404,9.0,22.0,-1.0
2024-07-10 10:00:00,2024-07-10 10:15:00,LONG,2371.965,0.9840000000000535,1.7829999999999018,0.21000000000003638,1.811991869918501,0.21341463414636683,15.0,6.0,1.5
2024-07-10 10:25:00,2024-07-10 10:39:00,LONG,2373.738,0.9209285714285735,1.4800000000000182,0.4829999999997199,1.6070736058326385,0.5244706429842599,14.0,1.0,1.5
2024-07-10 13:05:00,2024-07-10 13:07:00,LONG,2378.045,1.6820714285713945,0.0,1.9769999999998618,0.0,1.1753365323367713,,2.0,-1.0
2024-07-10 13:20:00,2024-07-10 13:47:00,LONG,2379.365,1.8770714285713959,3.993000000000393,1.5369999999998072,2.127249895353951,0.8188287225540423,27.0,3.0,1.5
2024-07-10 16:10:00,2024-07-10 16:26:00,LONG,2380.145,1.787214285714234,1.0929999999998472,1.9299999999998363,0.6115662843211025,1.0798928899723628,3.0,16.0,-1.0
2024-07-11 01:25:00,2024-07-11 01:31:00,LONG,2373.835,0.8782857142857016,1.6199999999998909,0.4600000000000364,1.8445022771632076,0.523747560182222,6.0,1.0,1.5
2024-07-11 13:50:00,2024-07-11 14:08:00,LONG,2403.105,4.558214285714322,8.389999999999873,2.880000000000109,1.8406330799968234,0.6318263731097894,18.0,1.0,1.5
2024-07-11 16:40:00,2024-07-11 16:56:00,LONG,2415.135,2.3452857142856374,0.19299999999975626,2.5400000000004184,0.08229274532486679,1.0830236949505703,5.0,16.0,-1.0
2024-07-11 17:55:00,2024-07-11 19:16:00,LONG,2413.575,2.0067142857142892,3.1400000000003274,1.5099999999997635,1.5647469210509186,0.7524738378300225,81.0,2.0,1.5
2024-07-11 18:40:00,2024-07-11 19:22:00,LONG,2415.925,1.4877142857143488,2.2929999999996653,0.8900000000003274,1.5412905703857285,0.5982331476860022,42.0,3.0,1.5
2024-07-12 01:25:00,2024-07-12 01:26:00,SHORT,2408.815,1.622500000000043,0.0,1.9529999999999745,0.0,1.2036979969182884,,1.0,-1.0
2024-07-12 02:20:00,2024-07-12 02:32:00,SHORT,2406.688,1.6791428571427787,0.13000000000010914,1.73700000000008,0.07742045261194543,1.0344563552834039,5.0,12.0,-1.0
2024-07-12 06:00:00,2024-07-12 06:01:00,SHORT,2406.285,1.5298571428571515,0.0,1.8700000000003456,0.0,1.2223363526008353,,1.0,-1.0
2024-07-12 06:10:00,2024-07-12 06:37:00,SHORT,2405.715,1.630999999999988,2.6400000000003274,1.6099999999996726,1.6186388718579685,0.9871244635191199,27.0,12.0,1.5
2024-07-12 06:25:00,2024-07-12 06:26:00,SHORT,2405.148,1.7504999999999395,0.0,1.8269999999997708,0.0,1.0437017994857662,,1.0,-1.0
2024-07-12 07:55:00,2024-07-12 08:06:00,SHORT,2404.055,1.5914285714286183,0.36999999999989086,1.9800000000000182,0.23249551166958346,1.2441651705565278,2.0,11.0,-1.0
2024-07-12 10:20:00,2024-07-12 10:37:00,SHORT,2401.085,1.2465714285714447,1.2669999999998254,1.4699999999998,1.0163878065549694,1.179234471693613,8.0,17.0,-1.0
2024-07-12 11:30:00,2024-07-12 12:05:00,SHORT,2400.945,1.4526428571428889,0.6100000000001273,1.4929999999999382,0.41992427595031695,1.027781875399453,8.0,35.0,-1.0
2024-07-15 00:00:00,2024-07-15 00:01:00,SHORT,2407.094,0.9725714285713626,0.0,1.4039999999999964,0.0,1.4435957696828203,,1.0,-1.0
2024-07-15 00:20:00,2024-07-15 00:54:00,SHORT,2407.025,0.959499999999902,0.8710000000000946,1.2199999999998,0.9077644606567833,1.2714955706096138,25.0,34.0,-1.0
2024-07-15 00:35:00,2024-07-15 00:48:00,SHORT,2406.455,0.9866428571427345,0.3009999999999309,1.0329999999999018,0.3050749294142877,1.046984724534889,10.0,13.0,-1.0
2024-07-15 01:00:00,2024-07-15 01:08:00,SHORT,2407.625,1.2012142857142538,1.849999999999909,1.0300000000002,1.5401082238210986,0.8574656597492528,8.0,1.0,1.5
2024-07-15 01:30:00,2024-07-15 01:49:00,SHORT,2406.185,1.535571428571432,0.40000000000009095,1.9729999999999563,0.26048934784636996,1.2848637082518992,4.0,19.0,-1.0
2024-07-15 04:45:00,2024-07-15 05:05:00,LONG,2411.245,0.6515000000000067,0.43000000000029104,0.7309999999997672,0.6600153491946072,1.1220260936297155,12.0,20.0,-1.0
2024-07-15 04:55:00,2024-07-15 05:03:00,LONG,2411.375,0.6286428571428847,0.3000000000001819,0.7570000000000618,0.47721849789823456,1.2041813430292467,2.0,8.0,-1.0
2024-07-15 09:50:00,2024-07-15 09:59:00,LONG,2409.555,1.0900000000000156,1.6400000000003274,0.7999999999997272,1.5045871559635815,0.7339449541281795,9.0,2.0,1.5
2024-07-15 19:55:00,2024-07-15 20:17:00,SHORT,2421.008,1.1535000000000568,0.0729999999998654,1.2000000000002728,0.06328565236225557,1.0403120936282737,4.0,22.0,-1.0
2024-07-15 20:25:00,2024-07-15 20:58:00,SHORT,2421.278,0.8979285714286301,0.7029999999999745,0.9170000000003711,0.7829130538540291,1.0212393604330885,9.0,33.0,-1.0
2024-07-15 22:05:00,2024-07-15 23:51:00,SHORT,2421.385,0.6820000000000489,0.580000000000382,0.6929999999997563,0.8504398826984463,1.0161290322576342,55.0,106.0,-1.0
2024-07-16 00:35:00,2024-07-16 01:00:00,SHORT,2420.795,0.9117857142856727,0.9600000000000364,1.3800000000001091,1.0528789659225322,1.5135135135137023,10.0,25.0,-1.0
2024-07-16 03:35:00,2024-07-16 04:23:00,LONG,2427.195,1.3122142857142924,1.4400000000000546,1.330000000000382,1.0973817429644908,1.0135539709327337,22.0,48.0,-1.0
2024-07-16 06:15:00,2024-07-16 06:43:00,LONG,2430.395,1.5745714285715167,3.1900000000000546,1.2300000000000182,2.0259481037923366,0.7811649428415574,28.0,1.0,1.5
2024-07-16 06:35:00,2024-07-16 07:00:00,LONG,2431.878,1.6216428571429202,3.2770000000000437,1.29300000000012,2.020790203937754,0.7973395586486798,25.0,1.0,1.5
2024-07-16 08:25:00,2024-07-16 08:26:00,LONG,2436.805,1.647642857142955,0.0,1.9099999999998545,0.0,1.1592318030084698,,1.0,-1.0
2024-07-16 09:05:00,2024-07-16 09:28:00,LONG,2437.125,1.6921428571428285,3.869999999999891,0.650000000000091,2.2870409455466185,0.3841283241874811,23.0,1.0,1.5
2024-07-16 12:00:00,2024-07-16 12:25:00,LONG,2440.745,1.6334285714284695,3.019999999999982,1.4200000000000728,1.848871785901801,0.8693370648942741,25.0,1.0,1.5
2024-07-16 12:10:00,2024-07-16 12:25:00,LONG,2440.905,1.5160714285713246,2.8599999999996726,0.6610000000000582,1.8864546525323045,0.4359952885748622,15.0,2.0,1.5
2024-07-16 16:50:00,2024-07-16 17:28:00,LONG,2459.775,2.262642857142834,3.7729999999996835,1.7200000000002547,1.6675190201091046,0.7601729961803141,38.0,1.0,1.5
2024-07-16 17:00:00,2024-07-16 17:17:00,LONG,2461.278,2.229357142857095,0.0500000000001819,2.4039999999999964,0.02242799013176642,1.0783377655314048,4.0,17.0,-1.0
2024-07-16 17:20:00,2024-07-16 17:21:00,LONG,2461.908,2.1002857142856817,0.0,2.7729999999996835,0.0,1.3202965582912587,,1.0,-1.0
2024-07-16 18:35:00,2024-07-16 19:22:00,LONG,2464.858,1.604571428571457,1.2799999999997453,1.7699999999999818,0.7977207977206249,1.1030982905982598,37.0,47.0,-1.0
2024-07-16 23:35:00,2024-07-16 23:47:00,LONG,2468.275,0.849428571428494,0.569999999999709,0.9400000000000546,0.6710393541874077,1.1066263033974069,7.0,12.0,-1.0
2024-07-16 23:50:00,2024-07-16 23:51:00,LONG,2468.525,0.7107857142856508,0.0,0.7200000000002547,0.0,1.012963521254594,,1.0,-1.0
2024-07-17 01:00:00,2024-07-17 01:01:00,LONG,2471.535,1.9738571428570464,0.5500000000001819,2.1399999999998727,0.27864225229799966,1.0841716725772483,1.0,1.0,-1.0
2024-07-17 04:20:00,2024-07-17 04:56:00,SHORT,2470.578,1.9191428571428202,2.9229999999997744,1.7970000000000255,1.5230757778769402,0.9363555158553238,36.0,14.0,1.5
2024-07-17 05:30:00,2024-07-17 05:31:00,SHORT,2467.418,1.5242857142856272,0.0,1.849999999999909,0.0,1.213683223992512,,1.0,-1.0
2024-07-17 10:10:00,2024-07-17 10:37:00,LONG,2473.805,1.609285714285696,2.4100000000003092,1.6900000000000546,1.4975588104751314,1.0501553484243689,16.0,27.0,-1.0
2024-07-17 10:20:00,2024-07-17 10:21:00,LONG,2474.935,1.6049999999999531,0.0,1.699999999999818,0.0,1.0591900311525655,,1.0,-1.0
2024-07-17 13:00:00,2024-07-17 13:09:00,LONG,2474.825,1.9528571428571857,3.4900000000002365,0.9499999999998181,1.7871250914411938,0.48646671543515585,9.0,1.0,1.5
2024-07-17 17:25:00,2024-07-17 19:00:00,SHORT,2455.488,2.7540714285714136,4.062999999999647,4.137000000000171,1.4752703789194017,1.5021396892912495,39.0,95.0,-1.0
2024-07-17 17:40:00,2024-07-17 18:18:00,SHORT,2453.955,2.2439999999999793,2.5299999999997453,2.4900000000002365,1.1274509803920538,1.1096256684493135,24.0,38.0,-1.0
2024-07-17 22:20:00,2024-07-17 23:00:00,SHORT,2458.785,0.6672857142857538,0.9400000000000546,0.75,1.4086919289231412,1.1239563262683985,25.0,40.0,-1.0
2024-07-18 04:35:00,2024-07-18 04:49:00,LONG,2467.175,1.1125714285713977,0.4499999999998181,1.48700000000008,0.404468412942837,1.3365434001028311,11.0,14.0,-1.0
2024-07-18 08:00:00,2024-07-18 08:26:00,LONG,2472.678,1.5575714285714315,0.9169999999999163,1.9329999999999927,0.5887370448499865,1.241034577639175,19.0,26.0,-1.0
2024-07-18 10:50:00,2024-07-18 11:22:00,SHORT,2464.445,1.5482142857142986,2.450000000000273,1.2999999999997272,1.582468281430382,0.8396770472893208,32.0,1.0,1.5
2024-07-18 11:05:00,2024-07-18 11:42:00,SHORT,2463.675,1.4806428571428765,1.680000000000291,2.0,1.1346422885813965,1.3507646292633333,17.0,37.0,-1.0
2024-07-18 11:45:00,2024-07-18 11:53:00,SHORT,2464.218,1.4406428571428802,0.1430000000000291,1.550000000000182,0.09926124250088628,1.0759085725619615,4.0,8.0,-1.0
2024-07-18 18:00:00,2024-07-18 18:14:00,SHORT,2454.975,1.8314285714285947,2.9400000000000546,0.9230000000002292,1.6053042121684962,0.5039781591264838,14.0,1.0,1.5
2024-07-18 20:25:00,2024-07-18 23:58:00,SHORT,2444.455,1.808499999999997,2.849999999999909,1.25,1.5758916228918516,0.6911805363560973,213.0,95.0,1.5
2024-07-18 22:30:00,2024-07-18 23:28:00,SHORT,2444.008,0.7844285714286343,0.2529999999997017,0.9770000000003165,0.32252777271858857,1.2454926242946034,32.0,58.0,-1.0
2024-07-18 23:45:00,2024-07-18 23:46:00,SHORT,2443.558,0.4731428571428426,0.0,0.49699999999984357,0.0,1.0504227053137114,,1.0,-1.0
2024-07-19 03:25:00,2024-07-19 03:33:00,SHORT,2426.645,1.7318571428571496,0.15000000000009095,1.913000000000011,0.08661222469690939,1.1045945723005877,5.0,8.0,-1.0
2024-07-19 04:05:00,2024-07-19 04:22:00,SHORT,2428.495,1.3537857142858098,2.1399999999998727,0.599999999999909,1.5807523874846252,0.44320160396761116,17.0,1.0,1.5
2024-07-19 04:30:00,2024-07-19 04:42:00,SHORT,2425.155,1.210928571428667,0.6400000000003274,1.3799999999996544,0.5285200259543371,1.1396213059631708,5.0,12.0,-1.0
2024-07-19 05:30:00,2024-07-19 05:31:00,SHORT,2421.918,1.743214285714235,0.0,3.099999999999909,0.0,1.7783241139110835,,1.0,-1.0
2024-07-19 05:45:00,2024-07-19 05:47:00,SHORT,2422.695,1.8192142857142568,0.0,1.913000000000011,0.0,1.0515528681927275,,2.0,-1.0
2024-07-19 11:40:00,2024-07-19 11:54:00,SHORT,2412.745,1.8842857142857545,4.170000000000073,0.5700000000001637,2.2130401819560186,0.3025018953753647,14.0,1.0,1.5
2024-07-19 12:00:00,2024-07-19 12:01:00,SHORT,2406.265,2.2528571428571404,0.0,3.8299999999999272,0.0,1.70006341154087,,1.0,-1.0
2024-07-19 14:00:00,2024-07-19 14:11:00,SHORT,2399.898,3.5131428571428387,1.163000000000011,3.5169999999998254,0.3310426154847153,1.0010979180220765,6.0,11.0,-1.0
2024-07-19 16:50:00,2024-07-19 16:51:00,SHORT,2400.095,1.5463571428571024,0.0,1.830000000000382,0.0,1.1834264862121122,,1.0,-1.0
2024-07-19 17:55:00,2024-07-19 20:59:00,SHORT,2399.088,2.0470714285715013,2.1030000000000655,2.276999999999589,1.0273212603370625,1.1123207369410346,99.0,184.0,-1.0
2024-07-19 19:05:00,2024-07-19 19:20:00,SHORT,2397.988,1.153785714285732,0.3329999999996289,1.2970000000000255,0.2886151179344229,1.1241255494335467,4.0,15.0,-1.0
2024-07-22 00:25:00,2024-07-22 00:59:00,LONG,2408.735,1.2811428571428678,0.9229999999997744,1.48700000000008,0.720450490633181,1.1606824264050484,15.0,34.0,-1.0
2024-07-22 00:45:00,2024-07-22 00:51:00,LONG,2409.225,1.191857142857186,0.03999999999996362,1.349999999999909,0.03356106915974292,1.1326860841422774,4.0,6.0,-1.0
2024-07-22 01:30:00,2024-07-22 01:37:00,LONG,2411.678,1.6477142857142033,0.3569999999999709,2.0399999999999636,0.21666377666030182,1.2380787237732322,3.0,7.0,-1.0
2024-07-22 03:10:00,2024-07-22 03:35:00,SHORT,2407.605,1.6607142857142858,0.5399999999999636,1.6799999999998363,0.3251612903225587,1.0116129032257077,3.0,25.0,-1.0
2024-07-22 03:15:00,2024-07-22 03:39:00,LONG,2408.865,1.6785714285714286,0.5,1.7199999999998,0.2978723404255319,1.0246808510637107,21.0,24.0,-1.0
2024-07-22 09:30:00,2024-07-22 09:41:00,SHORT,2401.545,1.3984999999999803,1.4600000000000364,1.9299999999998363,1.043975688237438,1.3800500536287905,8.0,11.0,-1.0
2024-07-22 13:50:00,2024-07-22 14:27:00,SHORT,2392.795,3.2705714285714294,5.460000000000036,1.9099999999998545,1.6694330392242616,0.5839958067615523,37.0,24.0,1.5
2024-07-22 18:25:00,2024-07-22 19:10:00,LONG,2394.728,1.299214285714275,2.019999999999982,0.7100000000000364,1.5547858595854627,0.5464841387652203,45.0,10.0,1.5
2024-07-23 13:45:00,2024-07-23 14:08:00,SHORT,2401.975,2.2448571428570694,2.549999999999727,2.3330000000000837,1.1359297441770826,1.039264350260985,11.0,23.0,-1.0
2024-07-23 18:25:00,2024-07-23 18:54:00,SHORT,2404.058,1.5087857142857501,0.4099999999998545,1.5700000000001637,0.2717417033564279,1.0405718884628967,3.0,29.0,-1.0
2024-07-23 20:40:00,2024-07-23 20:50:00,LONG,2407.278,0.9189999999999665,1.7470000000002983,0.7429999999999382,1.9009793253540392,0.8084874863982211,10.0,1.0,1.5
2024-07-24 00:00:00,2024-07-24 00:53:00,LONG,2409.295,0.584499999999967,0.7899999999999636,0.9510000000000218,1.3515825491873537,1.6270316509838758,15.0,53.0,-1.0
2024-07-24 00:40:00,2024-07-24 00:50:00,LONG,2409.645,0.6927857142856867,0.23300000000017462,0.8200000000001637,0.33632333230256467,1.1836271780598773,1.0,10.0,-1.0
2024-07-24 01:10:00,2024-07-24 01:11:00,LONG,2411.915,1.0278571428571337,0.0,1.9699999999998,0.0,1.916608756080434,,1.0,-1.0
2024-07-24 02:50:00,2024-07-24 03:20:00,LONG,2413.115,2.0354999999999888,3.1700000000000728,1.5599999999999454,1.5573569147630018,0.7663964627855337,30.0,1.0,1.5
2024-07-24 11:15:00,2024-07-24 11:38:00,SHORT,2411.945,1.4682142857142415,1.5199999999999818,1.4899999999997817,1.035271223546601,1.0148382388712027,18.0,23.0,-1.0
2024-07-24 13:45:00,2024-07-24 13:46:00,LONG,2424.555,3.1864285714285807,0.0,5.679999999999836,0.0,1.7825599641335457,,1.0,-1.0
2024-07-24 14:15:00,2024-07-24 14:51:00,LONG,2423.818,4.1678571428571685,6.546999999999571,2.973000000000411,1.5708311910881478,0.7133161953728449,36.0,1.0,1.5
2024-07-24 15:20:00,2024-07-24 15:42:00,LONG,2427.615,3.0880000000000303,2.430000000000291,3.319999999999709,0.7869170984456824,1.0751295336786517,13.0,22.0,-1.0
2024-07-24 23:05:00,2024-07-24 23:16:00,SHORT,2397.025,1.6245714285715036,0.16000000000030923,2.0799999999999272,0.09848751319047774,1.2803376714736914,4.0,11.0,-1.0
2024-07-24 23:35:00,2024-07-25 00:05:00,SHORT,2399.725,1.3721428571428922,2.3299999999999272,1.0700000000001637,1.6980739198333237,0.7798021863613696,30.0,1.0,1.5
2024-07-25 04:05:00,2024-07-25 04:33:00,SHORT,2373.715,2.3125714285714105,0.6469999999999345,2.9699999999998,0.27977514208052734,1.284284655300146,4.0,28.0,-1.0
2024-07-25 05:00:00,2024-07-25 05:11:00,SHORT,2376.268,1.5266428571427955,2.4030000000002474,1.20699999999988,1.5740420156274189,0.7906236840873533,11.0,1.0,1.5
2024-07-25 06:10:00,2024-07-25 06:36:00,SHORT,2376.255,2.3564285714286535,3.6700000000000728,0.30999999999994543,1.5574416489845173,0.13155501667169098,26.0,5.0,1.5
2024-07-25 06:50:00,2024-07-25 07:09:00,SHORT,2371.025,2.400714285714327,4.0900000000001455,2.0,1.7036596251116052,0.8330853912525891,19.0,1.0,1.5
2024-07-25 07:00:00,2024-07-25 07:09:00,SHORT,2370.625,2.184285714285774,3.6900000000000546,0.9200000000000728,1.689339437540855,0.4211903204709178,9.0,1.0,1.5
2024-07-25 10:45:00,2024-07-25 10:55:00,LONG,2377.555,1.732357142857154,3.3730000000000473,0.6799999999998363,1.9470580959056758,0.3925287593286458,10.0,1.0,1.5
2024-07-25 12:50:00,2024-07-25 13:12:00,SHORT,2369.195,4.289928571428683,1.8010000000003856,5.489999999999782,0.4198205098320775,1.2797415874389342,3.0,22.0,-1.0
2024-07-25 14:30:00,2024-07-25 14:54:00,SHORT,2362.695,3.958071428571332,1.4570000000003347,4.089999999999691,0.3681085665819426,1.0333315287025981,12.0,24.0,-1.0
2024-07-25 15:40:00,2024-07-25 16:03:00,SHORT,2364.718,2.588857142857218,3.9329999999999927,1.9700000000002547,1.519203178457077,0.7609535371372576,23.0,1.0,1.5
2024-07-25 16:45:00,2024-07-25 16:46:00,SHORT,2361.215,2.605357142857104,0.0,3.0099999999997635,0.0,1.1553118574365269,,1.0,-1.0
2024-07-25 18:45:00,2024-07-25 19:20:00,SHORT,2357.715,2.053500000000018,1.7000000000002728,2.099999999999909,0.8278548819090616,1.022644265887456,19.0,35.0,-1.0
2024-07-26 09:25:00,2024-07-26 09:37:00,LONG,2373.195,1.5664285714284947,1.1499999999996362,1.637000000000171,0.7341541267667896,1.0450524395806438,6.0,12.0,-1.0
2024-07-26 09:55:00,2024-07-26 11:03:00,LONG,2373.648,1.4881428571428452,1.4899999999997817,1.7530000000001564,1.0012479600651392,1.1779783046943644,46.0,68.0,-1.0
2024-07-26 10:10:00,2024-07-26 11:01:00,LONG,2373.795,1.3929285714285535,1.3429999999998472,1.4769999999998618,0.9641556843237835,1.0603558791855971,31.0,51.0,-1.0
2024-07-26 12:45:00,2024-07-26 13:08:00,LONG,2377.825,2.450857142857168,1.650000000000091,2.619999999999891,0.6732338540452623,1.0690137561202524,16.0,23.0,-1.0
2024-07-26 13:15:00,2024-07-26 13:16:00,LONG,2378.125,3.072857142857109,0.0,3.6700000000000728,0.0,1.1943282194328586,,1.0,-1.0
2024-07-26 13:30:00,2024-07-26 14:02:00,LONG,2379.505,3.2364285714285677,5.742999999999938,3.130000000000109,1.7744868682409893,0.9671154270580794,32.0,2.0,1.5
2024-07-26 15:00:00,2024-07-26 15:01:00,LONG,2383.325,3.3644999999999072,0.0,3.4469999999996617,0.0,1.0245207311635478,,1.0,-1.0
2024-07-26 15:15:00,2024-07-26 16:22:00,LONG,2384.258,2.9744999999999373,4.667000000000371,2.592999999999847,1.5690031938142441,0.8717431501092291,67.0,1.0,1.5
2024-07-26 17:35:00,2024-07-26 18:15:00,LONG,2382.505,1.6500000000000585,2.8330000000000837,1.4900000000002365,1.7169696969696868,0.9030303030304143,40.0,3.0,1.5
2024-07-26 19:40:00,2024-07-26 19:57:00,LONG,2384.938,1.2134999999999374,1.856999999999971,0.943000000000211,1.5302843016069771,0.777091058920692,17.0,11.0,1.5
2024-07-29 05:05:00,2024-07-29 05:27:00,LONG,2394.975,0.9210000000000491,1.1330000000002656,1.25,1.2301845819763357,1.357220412594933,12.0,22.0,-1.0
2024-07-29 05:55:00,2024-07-29 06:02:00,SHORT,2392.578,1.4434285714286423,0.40299999999979264,1.48700000000008,0.2791963578779107,1.0301860649247871,5.0,7.0,-1.0
2024-07-29 07:50:00,2024-07-29 08:01:00,SHORT,2390.358,2.077857142857153,0.5900000000001455,2.2770000000000437,0.283946373324235,1.095840495015485,5.0,11.0,-1.0
2024-07-29 18:45:00,2024-07-29 19:17:00,SHORT,2378.848,1.542071428571457,0.8730000000000473,1.6570000000001528,0.566121636018363,1.0745286951689152,6.0,32.0,-1.0
2024-07-30 01:20:00,2024-07-30 01:21:00,SHORT,2378.835,1.4650000000000156,0.0,1.8899999999998727,0.0,1.2901023890783976,,1.0,-1.0
2024-07-30 06:25:00,2024-07-30 06:34:00,LONG,2389.538,1.470714285714296,0.19000000000005457,1.6030000000000655,0.12918892666346504,1.0899465760078075,4.0,9.0,-1.0
2024-07-30 06:40:00,2024-07-30 06:58:00,LONG,2388.328,1.4894285714286266,2.5570000000002437,0.4329999999999927,1.7167657778631347,0.29071551889505437,18.0,1.0,1.5
2024-07-30 07:55:00,2024-07-30 08:16:00,LONG,2390.218,1.5492857142856857,1.1770000000001346,1.7929999999996653,0.7597049331490174,1.157307514983669,11.0,21.0,-1.0
2024-07-30 08:35:00,2024-07-30 08:57:00,LONG,2390.378,1.2892857142856298,0.5369999999998072,1.6030000000000655,0.4165096952907365,1.243324099723124,9.0,22.0,-1.0
2024-07-30 10:20:00,2024-07-30 10:21:00,LONG,2390.205,1.071785714285787,0.0,1.0969999999997526,0.0,1.0235254915025322,,1.0,-1.0
2024-07-31 00:30:00,2024-07-31 01:00:00,LONG,2408.915,0.8000714285714626,0.6999999999998181,1.550000000000182,0.8749218819745591,1.9373270243729688,21.0,30.0,-1.0
2024-07-31 00:45:00,2024-07-31 00:58:00,LONG,2409.235,0.8149285714286114,0.3799999999996544,0.887000000000171,0.4662985362428697,1.0884389517049509,6.0,13.0,-1.0
2024-07-31 01:10:00,2024-07-31 01:11:00,LONG,2407.095,1.2957142857143416,0.0,2.169999999999618,0.0,1.6747519294373396,,1.0,-1.0
2024-07-31 08:35:00,2024-07-31 08:36:00,LONG,2417.375,1.8444999999999578,0.0,2.0599999999999454,0.0,1.1168338303063121,,1.0,-1.0
2024-07-31 10:50:00,2024-07-31 11:11:00,LONG,2418.585,1.3457142857143285,2.2599999999997635,0.6869999999998981,1.6794055201696223,0.5105095541400355,21.0,8.0,1.5
2024-07-31 11:10:00,2024-07-31 11:28:00,LONG,2420.475,1.4242857142857506,0.49299999999993815,1.606999999999971,0.34613841524568495,1.128284854563642,3.0,18.0,-1.0
2024-07-31 15:45:00,2024-07-31 16:30:00,LONG,2423.765,2.324357142857122,3.813000000000102,1.650000000000091,1.6404535816355337,0.7098736977966712,45.0,7.0,1.5
2024-07-31 16:15:00,2024-07-31 16:29:00,LONG,2424.165,1.900571428571441,2.963000000000193,0.5769999999997708,1.5590048105833745,0.3035929043895347,14.0,1.0,1.5
2024-07-31 17:45:00,2024-07-31 18:00:00,LONG,2426.465,1.4054285714285666,1.3399999999996908,5.071000000000367,0.9534458223213933,3.6081520634278,5.0,15.0,-1.0
2024-08-01 00:15:00,2024-08-01 00:17:00,LONG,2446.545,1.0261428571428886,0.0,1.099999999999909,0.0,1.0719754977027882,,2.0,-1.0
2024-08-01 05:05:00,2024-08-01 05:12:00,SHORT,2443.948,1.1239285714285805,0.5029999999997017,1.2699999999999818,0.4475373371462197,1.1299650460756023,1.0,7.0,-1.0
2024-08-01 07:40:00,2024-08-01 08:00:00,SHORT,2442.718,1.9644285714285357,2.9729999999999563,0.6900000000000546,1.5134172060213855,0.35124718202315974,20.0,3.0,1.5
2024-08-01 10:50:00,2024-08-01 11:22:00,SHORT,2434.875,1.5975714285713625,0.650000000000091,2.1100000000001273,0.4068675668426026,1.3207547169812663,10.0,32.0,-1.0
2024-08-01 15:45:00,2024-08-01 15:47:00,LONG,2445.555,3.5369999999999373,0.40000000000009095,3.556999999999789,0.113090189426095,1.0056545094712614,1.0,2.0,-1.0
2024-08-01 16:20:00,2024-08-01 16:38:00,SHORT,2445.255,2.868000000000003,1.900000000000091,3.380000000000109,0.6624825662482876,1.1785216178521987,3.0,18.0,-1.0
2024-08-01 18:10:00,2024-08-01 18:28:00,SHORT,2438.725,2.350285714285714,3.6169999999997344,0.9200000000000728,1.538961828349024,0.39144176999759966,18.0,12.0,1.5
2024-08-01 19:00:00,2024-08-01 19:08:00,SHORT,2438.448,2.096571428571451,0.25,2.23700000000008,0.1192423003543187,1.0669801035704818,4.0,8.0,-1.0
2024-08-01 22:20:00,2024-08-02 00:15:00,LONG,2444.785,1.3099999999999778,2.0700000000001637,1.0399999999999636,1.580152671755877,0.793893129770978,115.0,103.0,1.5
2024-08-01 22:40:00,2024-08-02 00:03:00,LONG,2445.245,1.4463571428570958,1.150000000000091,1.5,0.7951009926417006,1.0370882512717015,31.0,83.0,-1.0
2024-08-01 23:05:00,2024-08-01 23:26:00,LONG,2445.485,1.40949999999998,0.9099999999998545,1.5100000000002183,0.6456190138345991,1.071301880099496,6.0,21.0,-1.0
2024-08-02 09:00:00,2024-08-02 09:08:00,LONG,2463.265,1.5425000000000506,0.680000000000291,1.6199999999998909,0.44084278768250806,1.0502431118313373,6.0,8.0,-1.0
2024-08-02 09:10:00,2024-08-02 09:24:00,LONG,2463.375,1.537285714285807,0.7600000000002183,1.8099999999999454,0.4943778459252121,1.1773998699004604,9.0,14.0,-1.0
2024-08-02 12:45:00,2024-08-02 12:46:00,LONG,2475.105,4.17871428571425,0.0,4.800000000000182,0.0,1.1486786776520994,,1.0,-1.0
2024-08-02 16:15:00,2024-08-02 17:25:00,SHORT,2433.905,6.300285714285727,10.010000000000218,4.542999999999665,1.5888168337037183,0.721078409142388,70.0,1.0,1.5
2024-08-02 17:45:00,2024-08-02 18:15:00,SHORT,2428.638,3.018857142857184,2.23299999999972,3.5270000000000437,0.7396838917280819,1.168322922581865,13.0,30.0,-1.0
2024-08-05 00:15:00,2024-08-05 00:16:00,SHORT,2422.505,4.025500000000063,0.0,8.829999999999927,0.0,2.1935163333746837,,1.0,-1.0
2024-08-05 08:05:00,2024-08-05 08:57:00,SHORT,2430.415,4.563857142857224,7.179999999999836,3.7800000000002,1.5732306632860036,0.8282467837355911,52.0,1.0,1.5
2024-08-05 08:15:00,2024-08-05 08:57:00,SHORT,2429.945,4.3460000000000685,6.710000000000036,2.1099999999996726,1.543948458352492,0.48550391164280704,42.0,1.0,1.5
2024-08-05 10:10:00,2024-08-05 10:22:00,SHORT,2423.815,2.9807142857143196,4.731000000000222,0.6599999999998545,1.587203450754909,0.22142343637665607,12.0,5.0,1.5
2024-08-05 13:15:00,2024-08-05 13:17:00,SHORT,2386.935,6.7867857142856405,0.0,7.0900000000001455,0.0,1.0446771562385215,,2.0,-1.0
2024-08-05 13:30:00,2024-08-05 13:37:00,SHORT,2383.325,5.884642857142808,1.0099999999997635,7.380000000000109,0.1716331856526893,1.2541117921952103,2.0,7.0,-1.0
2024-08-05 22:50:00,2024-08-05 23:04:00,LONG,2409.455,1.3169285714285965,0.2899999999999636,1.5199999999999818,0.22020936160977456,1.154200791885846,5.0,14.0,-1.0
2024-08-05 23:05:00,2024-08-05 23:39:00,LONG,2409.245,1.2800000000000051,0.6400000000003274,1.4299999999998363,0.5000000000002538,1.1171874999998677,14.0,34.0,-1.0
2024-08-05 23:15:00,2024-08-05 23:25:00,LONG,2409.615,1.1392857142857338,0.27000000000043656,1.4299999999998363,0.23699059561166438,1.2551724137929383,4.0,10.0,-1.0
2024-08-06 01:25:00,2024-08-06 01:44:00,LONG,2416.105,3.116928571428616,0.9200000000000728,3.25,0.29516236221557013,1.0426931273918771,8.0,19.0,-1.0
2024-08-06 04:55:00,2024-08-06 04:56:00,SHORT,2407.875,1.5612142857141862,0.0,1.6599999999998545,0.0,1.0632749233654868,,1.0,-1.0
2024-08-06 16:25:00,2024-08-06 16:54:00,SHORT,2387.295,3.0077857142857414,1.7699999999999818,3.5299999999997453,0.5884727730413812,1.1736208411502527,6.0,29.0,-1.0
2024-08-06 22:40:00,2024-08-06 23:17:00,SHORT,2389.115,1.2677857142856672,2.0099999999997635,0.7200000000002547,1.5854414333200595,0.5679193193984979,37.0,7.0,1.5
2024-08-06 22:50:00,2024-08-06 23:19:00,SHORT,2388.615,1.2602142857142877,2.0,0.9500000000002728,1.5870316839539735,0.753840049878354,29.0,16.0,1.5
2024-08-06 23:10:00,2024-08-06 23:11:00,SHORT,2387.768,0.9592857142857351,0.0,1.2770000000000437,0.0,1.3311988086373956,,1.0,-1.0
2024-08-06 23:25:00,2024-08-06 23:41:00,SHORT,2386.185,1.0430714285714981,2.6599999999998545,0.650000000000091,2.550160925836847,0.6231596247346892,16.0,3.0,1.5
2024-08-07 00:35:00,2024-08-07 00:54:00,SHORT,2383.148,1.8157142857143884,1.3540000000002692,1.9269999999996799,0.745712037765645,1.061290322580409,8.0,19.0,-1.0
2024-08-07 01:40:00,2024-08-07 01:52:00,SHORT,2382.385,2.7401428571428306,2.580000000000382,2.8599999999996726,0.9415567488662139,1.0437412022312655,6.0,12.0,-1.0
2024-08-07 06:25:00,2024-08-07 06:26:00,LONG,2396.795,2.2474285714285998,0.0,4.019999999999982,0.0,1.788710907704012,,1.0,-1.0
2024-08-07 09:35:00,2024-08-07 09:36:00,LONG,2395.098,1.4330714285715334,0.0,2.163000000000011,0.0,1.509345561481231,,1.0,-1.0
2024-08-07 12:40:00,2024-08-07 12:49:00,LONG,2402.828,2.3920714285714633,3.936999999999898,1.79300000000012,1.6458538624622345,0.7495595568694591,9.0,1.0,1.5
2024-08-07 13:20:00,2024-08-07 13:41:00,LONG,2402.248,2.402071428571454,2.4270000000001346,3.2200000000002547,1.0103779476047912,1.340509679146067,17.0,21.0,-1.0
2024-08-07 19:50:00,2024-08-07 19:51:00,SHORT,2387.028,1.4323571428571995,0.0,1.8400000000001455,0.0,1.2845958210742043,,1.0,-1.0
2024-08-07 22:40:00,2024-08-07 23:18:00,SHORT,2383.665,1.1977857142856985,1.0299999999997453,1.25,0.8599200906432479,1.0435923430139085,22.0,38.0,-1.0
2024-08-07 23:00:00,2024-08-07 23:10:00,SHORT,2383.045,1.1706428571428984,0.4099999999998545,1.3600000000001273,0.35023491366146564,1.1617548355605047,2.0,10.0,-1.0
2024-08-08 01:20:00,2024-08-08 01:32:00,LONG,2389.335,1.9185714285714701,0.5199999999999818,2.050000000000182,0.27103499627697647,1.0685033507074433,3.0,12.0,-1.0
2024-08-08 06:20:00,2024-08-08 06:21:00,LONG,2397.775,1.8280714285714825,0.0,4.369999999999891,0.0,2.390497401633129,,1.0,-1.0
2024-08-08 07:20:00,2024-08-08 07:31:00,LONG,2397.045,2.20164285714288,0.569999999999709,2.23700000000008,0.2588975764849574,1.0160594361353794,6.0,11.0,-1.0
2024-08-08 07:35:00,2024-08-08 08:23:00,LONG,2396.935,1.878785714285706,1.0799999999999272,1.8800000000001091,0.5748393719347241,1.0006463141087192,12.0,48.0,-1.0
2024-08-08 07:55:00,2024-08-08 08:26:00,LONG,2396.715,1.7428571428571817,1.2999999999997272,2.0599999999999454,0.7459016393440892,1.1819672131146963,13.0,31.0,-1.0
2024-08-08 14:05:00,2024-08-08 14:06:00,LONG,2414.135,3.891428571428605,0.0,4.070000000000164,0.0,1.0458883994126615,,1.0,-1.0
2024-08-08 15:30:00,2024-08-08 15:31:00,LONG,2417.295,3.0927142857142695,0.0,3.3070000000002437,0.0,1.0692872650007772,,1.0,-1.0
2024-08-08 15:40:00,2024-08-08 16:23:00,LONG,2417.945,2.750785714285712,4.279999999999745,1.8500000000003638,1.555919088052673,0.6725351198360239,43.0,1.0,1.5
2024-08-08 19:20:00,2024-08-08 19:32:00,LONG,2423.798,1.3305714285714072,0.9100000000003092,1.5229999999996835,0.6839166845611195,1.144621000643972,8.0,12.0,-1.0
2024-08-08 22:50:00,2024-08-08 23:21:00,LONG,2425.445,1.296785714285696,0.8029999999998836,1.7800000000002,0.6192233544477295,1.3726246213166153,12.0,31.0,-1.0
2024-08-09 01:00:00,2024-08-09 01:21:00,SHORT,2421.945,1.3549999999999207,1.9800000000000182,1.569999999999709,1.4612546125462245,1.1586715867157202,14.0,21.0,-1.0
2024-08-09 01:55:00,2024-08-09 02:04:00,LONG,2427.155,2.099071428571343,1.6899999999995998,2.1070000000004256,0.8051179092794555,1.0037771803861286,5.0,9.0,-1.0
2024-08-09 02:15:00,2024-08-09 02:39:00,LONG,2425.415,2.201642857142815,0.8400000000001455,2.300000000000182,0.3815332706096831,1.0446744314311769,7.0,24.0,-1.0
2024-08-09 03:05:00,2024-08-09 03:49:00,SHORT,2422.095,1.7297142857143106,2.6969999999996617,0.9100000000003092,1.559217046580555,0.5260984473077365,44.0,2.0,1.5
2024-08-09 12:50:00,2024-08-09 13:17:00,LONG,2428.338,1.909000000000008,3.0,0.5940000000000509,1.5715034049240375,0.3111576741749861,27.0,13.0,1.5
2024-08-09 13:15:00,2024-08-09 13:38:00,LONG,2430.795,2.0930000000000097,2.212999999999738,4.086999999999989,1.0573339703773186,1.9526994744385906,16.0,23.0,-1.0
2024-08-09 14:25:00,2024-08-09 14:50:00,LONG,2431.945,3.2567857142856673,3.8529999999996107,4.207000000000335,1.1830683188945132,1.291764447856246,12.0,25.0,-1.0
2024-08-09 15:25:00,2024-08-09 16:46:00,LONG,2429.325,2.6407857142856495,4.12900000000036,1.8909999999996217,1.5635498093101745,0.7160747612992712,81.0,50.0,1.5
2024-08-09 19:10:00,2024-08-09 19:41:00,SHORT,2427.865,1.2531428571428478,0.556999999999789,1.343000000000302,0.4444824441402818,1.0717054263568382,3.0,31.0,-1.0
2024-08-09 19:40:00,2024-08-09 20:00:00,SHORT,2428.178,1.0995000000000346,0.849999999999909,1.6269999999999527,0.7730786721235856,1.4797635288766726,7.0,20.0,-1.0
2024-08-11 23:55:00,2024-08-12 00:53:00,SHORT,2427.765,1.0940714285715265,1.150000000000091,1.1700000000000728,1.051119670953831,1.069400013057358,42.0,58.0,-1.0
2024-08-12 01:15:00,2024-08-12 01:22:00,SHORT,2427.885,1.096642857142862,0.29000000000041837,1.3799999999996544,0.26444343125160163,1.258385983195146,4.0,7.0,-1.0
2024-08-12 01:45:00,2024-08-12 02:19:00,SHORT,2425.298,1.4384999999999764,1.6029999999996107,1.48700000000008,1.1143552311433,1.0337156760515152,19.0,34.0,-1.0
2024-08-12 02:30:00,2024-08-12 03:06:00,SHORT,2426.104,1.4530714285713853,1.4989999999997963,1.5010000000002037,1.0316079241015472,1.0329843189305157,15.0,36.0,-1.0
2024-08-12 09:55:00,2024-08-12 11:15:00,LONG,2442.545,1.5429285714285146,2.0329999999999018,1.6199999999998909,1.3176241840655374,1.049951391139267,49.0,80.0,-1.0
2024-08-12 13:25:00,2024-08-12 13:31:00,LONG,2445.895,1.5671428571428936,3.3099999999999454,0.6700000000000728,2.112123974475759,0.4275296262534549,6.0,4.0,1.5
2024-08-13 04:15:00,2024-08-13 04:29:00,SHORT,2464.235,1.1337857142857501,1.9200000000000728,0.6999999999998181,1.693441693441704,0.6174006174004374,14.0,1.0,1.5
2024-08-13 04:40:00,2024-08-13 04:52:00,SHORT,2462.075,1.134000000000047,2.019999999999982,0.8700000000003456,1.781305114638358,0.7671957671960402,12.0,1.0,1.5
2024-08-13 06:05:00,2024-08-13 06:39:00,SHORT,2462.165,1.8797142857143367,1.150000000000091,1.9700000000002547,0.6117951056391867,1.048031615747181,9.0,34.0,-1.0
2024-08-13 15:05:00,2024-08-13 15:27:00,LONG,2471.938,2.5228571428571547,0.9499999999998181,3.4600000000000364,0.3765571913929046,1.3714609286523296,17.0,22.0,-1.0
2024-08-13 19:25:00,2024-08-13 19:30:00,SHORT,2465.645,0.9680000000000096,2.4099999999998545,0.42000000000007276,2.489669421487428,0.433884297520732,5.0,4.0,1.5
2024-08-13 20:55:00,2024-08-13 22:00:00,SHORT,2464.855,1.0247142857142535,0.34999999999990905,2.04300000000012,0.3415586226124969,1.9937264742787244,1.0,65.0,-1.0
2024-08-14 01:10:00,2024-08-14 01:11:00,LONG,2468.205,1.1904285714285834,0.0,1.8609999999998763,0.0,1.5633025321011644,,1.0,-1.0
2024-08-14 04:35:00,2024-08-14 05:00:00,SHORT,2460.925,1.1163571428571035,0.9800000000000182,1.1799999999998363,0.8778552690511702,1.057009405592059,3.0,25.0,-1.0
2024-08-14 05:30:00,2024-08-14 05:43:00,SHORT,2460.665,0.8914999999999509,0.7300000000000182,0.9200000000000728,0.8188446438587307,1.031968592260374,2.0,13.0,-1.0
2024-08-14 05:45:00,2024-08-14 05:46:00,SHORT,2460.008,0.8624285714286088,0.0,1.0,0.0,1.1595163160509685,,1.0,-1.0
2024-08-14 10:00:00,2024-08-14 10:12:00,LONG,2473.945,1.2764285714285961,0.33999999999969077,1.7000000000002728,0.2663682148850352,1.331841074426601,5.0,12.0,-1.0
2024-08-14 13:00:00,2024-08-14 13:19:00,SHORT,2466.058,4.329000000000049,8.059999999999945,3.286999999999807,1.8618618618618283,0.7592977592977063,19.0,11.0,1.5
2024-08-14 17:05:00,2024-08-14 17:21:00,SHORT,2443.965,2.0477142857142616,3.100000000000364,0.8799999999996544,1.513883075206,0.4297474536066453,16.0,2.0,1.5
2024-08-14 23:30:00,2024-08-14 23:38:00,LONG,2447.775,0.5318571428572015,0.9699999999997999,0.11999999999989086,1.8237980123550497,0.22562449637366191,8.0,1.0,1.5
2024-08-15 01:30:00,2024-08-15 01:45:00,LONG,2450.595,1.9649999999999506,1.4500000000002728,2.419999999999618,0.7379134860052465,1.2315521628497093,6.0,15.0,-1.0
2024-08-15 02:10:00,2024-08-15 04:02:00,LONG,2451.755,1.9395714285714283,3.0899999999996908,1.2400000000002365,1.5931354496573498,0.6393164911248181,112.0,22.0,1.5
2024-08-15 02:40:00,2024-08-15 04:02:00,LONG,2452.375,1.625000000000065,2.4699999999998,1.5199999999999818,1.519999999999816,0.9353846153845667,82.0,1.0,1.5
2024-08-15 03:35:00,2024-08-15 04:02:00,LONG,2452.625,1.0576428571429395,2.2199999999998,0.6599999999998545,2.0990072263115267,0.624029175389832,27.0,1.0,1.5
2024-08-15 03:45:00,2024-08-15 03:54:00,LONG,2452.605,0.9147857142857642,1.5099999999997635,0.19099999999980355,1.6506597954240287,0.2087920668382216,9.0,3.0,1.5
2024-08-15 09:00:00,2024-08-15 09:01:00,LONG,2456.755,1.2407142857142455,0.0,1.3299999999999272,0.0,1.0719631548646853,,1.0,-1.0
2024-08-15 09:15:00,2024-08-15 10:03:00,LONG,2456.655,1.1894999999999851,1.919999999999618,1.150000000000091,1.6141235813363952,0.9667927700715472,48.0,22.0,1.5
2024-08-15 09:35:00,2024-08-15 10:02:00,LONG,2456.465,0.9980714285714904,1.6199999999998909,0.9600000000000364,1.6231303227651233,0.9618550060831372,27.0,2.0,1.5
2024-08-15 09:55:00,2024-08-15 10:02:00,LONG,2456.725,0.8821428571428507,1.3600000000001273,0.8399999999996908,1.5417004048584553,0.9522267206474297,7.0,1.0,1.5
2024-08-15 10:10:00,2024-08-15 10:32:00,LONG,2459.715,0.9757142857142428,0.4699999999997999,1.300000000000182,0.48169838945808846,1.3323572474380196,4.0,22.0,-1.0
2024-08-15 16:50:00,2024-08-15 17:04:00,LONG,2456.065,1.640999999999979,0.42000000000007276,2.0799999999999272,0.25594149908597086,1.267519804996925,4.0,14.0,-1.0
2024-08-15 18:15:00,2024-08-15 19:00:00,LONG,2456.288,1.3318571428571562,2.0799999999999272,0.4230000000002292,1.5617290571703684,0.3176016303766572,45.0,9.0,1.5
2024-08-16 04:45:00,2024-08-16 05:22:00,SHORT,2452.835,0.8491428571428189,0.3200000000001637,1.0900000000001455,0.37685060565296885,1.2836473755049398,5.0,37.0,-1.0
2024-08-16 04:55:00,2024-08-16 04:56:00,SHORT,2452.605,0.7253571428570922,0.0,0.7800000000002001,0.0,1.0753323485971014,,1.0,-1.0
2024-08-16 09:45:00,2024-08-16 10:14:00,LONG,2462.665,1.2550714285714224,2.4030000000002474,0.6900000000000546,1.9146320641968944,0.5497695065733772,29.0,1.0,1.5
2024-08-16 15:00:00,2024-08-16 16:21:00,LONG,2488.195,4.851285714285658,7.649999999999636,2.6470000000003893,1.5769015577607726,0.5456285520775918,81.0,33.0,1.5
2024-08-16 15:35:00,2024-08-16 15:59:00,LONG,2487.865,2.610071428571408,4.270000000000437,1.819999999999709,1.6359705536248756,0.6972989244956658,24.0,1.0,1.5
2024-08-16 20:45:00,2024-08-16 20:51:00,LONG,2508.278,1.4503571428571311,0.6700000000000728,1.8699999999998909,0.46195518345240555,1.2893376015759017,4.0,6.0,-1.0
2024-08-18 22:45:00,2024-08-19 00:25:00,LONG,2505.085,2.2362857142856813,1.6199999999998909,2.3609999999998763,0.7244154848600616,1.0557684936756981,72.0,100.0,-1.0
2024-08-18 23:15:00,2024-08-18 23:57:00,LONG,2504.475,1.3997857142857615,2.230000000000018,1.150000000000091,1.5931009848445783,0.8215543195387421,42.0,18.0,1.5
2024-08-19 00:10:00,2024-08-19 00:11:00,LONG,2506.355,0.8621428571429013,0.0,1.0799999999999272,0.0,1.2526926263461646,,1.0,-1.0
2024-08-19 01:50:00,2024-08-19 02:36:00,SHORT,2497.904,2.7716428571428815,1.84900000000016,3.2609999999999673,0.6671133675231815,1.176558513516974,10.0,46.0,-1.0
2024-08-19 02:00:00,2024-08-19 02:11:00,SHORT,2496.828,2.8909285714286006,0.3330000000000837,2.8969999999999345,0.11518790304650321,1.0021001655424275,5.0,11.0,-1.0
2024-08-19 06:35:00,2024-08-19 06:51:00,LONG,2504.465,1.9553571428571428,0.6329999999998108,2.6700000000000728,0.32372602739716355,1.3654794520548317,8.0,16.0,-1.0
2024-08-19 08:00:00,2024-08-19 08:24:00,LONG,2503.505,1.7483571428571654,2.813000000000102,0.43000000000029104,1.6089390039629414,0.24594517301973268,24.0,12.0,1.5
2024-08-19 09:15:00,2024-08-19 09:31:00,LONG,2502.588,1.2901428571429798,0.43699999999989814,2.2530000000001564,0.33872217916055763,1.7463182371829915,8.0,16.0,-1.0
2024-08-19 12:25:00,2024-08-19 12:52:00,SHORT,2492.325,1.8461428571429874,2.786999999999807,1.2400000000002365,1.5096339859163719,0.6716706647064182,27.0,1.0,1.5
2024-08-19 12:40:00,2024-08-19 13:05:00,SHORT,2491.315,1.8350000000000688,3.1599999999998545,1.6199999999998909,1.7220708446865047,0.8828337874658475,25.0,2.0,1.5
2024-08-19 12:50:00,2024-08-19 13:00:00,SHORT,2489.785,1.9838571428572322,1.1269999999999527,2.2600000000002183,0.5680852595952556,1.1391949305106082,3.0,10.0,-1.0
2024-08-19 13:00:00,2024-08-19 13:11:00,SHORT,2489.185,2.017428571428614,1.836999999999989,2.400000000000091,0.9105650757682802,1.1896331964311204,6.0,11.0,-1.0
2024-08-19 13:35:00,2024-08-19 13:36:00,SHORT,2486.768,2.9840714285714642,0.0,4.376999999999953,0.0,1.466787945520229,,1.0,-1.0
2024-08-19 15:45:00,2024-08-19 16:40:00,LONG,2502.745,2.171428571428578,4.220000000000255,1.699999999999818,1.9434210526316904,0.7828947368420192,55.0,2.0,1.5
2024-08-19 18:30:00,2024-08-19 22:25:00,LONG,2503.935,1.2810714285713922,1.8130000000001019,1.5299999999997453,1.4152216336772871,1.194312796208366,89.0,235.0,-1.0
2024-08-19 18:40:00,2024-08-19 19:11:00,LONG,2504.455,1.13149999999996,0.6300000000001091,1.5099999999997635,0.5567830313743981,1.3345117101191488,26.0,31.0,-1.0
2024-08-19 19:15:00,2024-08-19 19:16:00,LONG,2504.965,1.0107142857142597,0.0,1.550000000000182,0.0,1.533568904593859,,1.0,-1.0
2024-08-19 20:30:00,2024-08-19 20:42:00,LONG,2504.338,0.7411428571429042,0.10999999999967258,1.050000000000182,0.14841942945213168,1.416730917502083,3.0,12.0,-1.0
2024-08-20 00:30:00,2024-08-20 00:39:00,LONG,2505.108,0.8307142857142286,1.4669999999996435,0.7229999999999563,1.7659501289764765,0.8703353396388723,9.0,2.0,1.5
2024-08-20 05:50:00,2024-08-20 05:59:00,SHORT,2501.008,1.119785714285724,1.6929999999997563,0.43000000000029104,1.5118964087514437,0.38400204120712017,9.0,1.0,1.5
2024-08-20 10:55:00,2024-08-20 11:23:00,LONG,2522.735,1.5465000000000535,2.3299999999999272,1.0599999999999454,1.5066278693823774,0.6854186873584925,28.0,1.0,1.5
2024-08-20 12:40:00,2024-08-20 12:41:00,LONG,2525.565,2.2475714285715185,0.0,3.7600000000002183,0.0,1.6729167990847567,,1.0,-1.0
2024-08-20 13:10:00,2024-08-20 13:30:00,LONG,2525.905,2.529285714285769,4.649999999999636,2.4100000000003092,1.83846371081597,0.9528381813048178,20.0,8.0,1.5
2024-08-20 17:00:00,2024-08-20 17:08:00,SHORT,2507.958,2.871500000000034,1.3699999999998909,3.3359999999997854,0.4771025596377763,1.1617621452201796,3.0,8.0,-1.0
2024-08-21 04:45:00,2024-08-21 05:08:00,LONG,2514.875,1.144785714285685,1.9299999999998363,1.0199999999999818,1.6859050352529108,0.890996443501598,23.0,1.0,1.5
2024-08-21 07:40:00,2024-08-21 07:41:00,SHORT,2508.955,2.0831428571428723,0.0,3.3200000000001637,0.0,1.5937457138939086,,1.0,-1.0
2024-08-21 12:10:00,2024-08-21 12:27:00,LONG,2511.698,1.5325000000000273,1.887000000000171,1.663000000000011,1.2313213703100407,1.0851549755301673,9.0,17.0,-1.0
2024-08-21 14:55:00,2024-08-21 15:18:00,SHORT,2501.428,4.8879285714285094,0.38999999999987267,5.177000000000135,0.07978839999412966,1.0591398635121918,4.0,23.0,-1.0
2024-08-21 16:35:00,2024-08-21 16:36:00,LONG,2508.595,2.0030714285714373,0.0,2.019999999999982,0.0,1.0084513069215,,1.0,-1.0
2024-08-21 16:55:00,2024-08-21 17:10:00,LONG,2506.985,1.911857142857181,2.9529999999999745,0.5700000000001637,1.544571471269477,0.2981394306210167,15.0,1.0,1.5
2024-08-21 20:45:00,2024-08-21 22:15:00,LONG,2511.305,1.117428571428523,1.8290000000001783,0.6599999999998545,1.6367936589109948,0.5906417795959066,90.0,4.0,1.5
2024-08-22 03:40:00,2024-08-22 04:15:00,SHORT,2502.695,1.7051428571428136,2.5670000000000073,1.3799999999996544,1.5054457104558068,0.8093163538872175,35.0,1.0,1.5
2024-08-22 05:05:00,2024-08-22 05:15:00,SHORT,2501.525,1.0612857142856618,0.9700000000002547,1.2599999999997635,0.9139857315926934,1.187239197738428,3.0,10.0,-1.0
2024-08-22 07:00:00,2024-08-22 07:18:00,LONG,2507.854,2.1700000000000403,1.481000000000222,2.4089999999996508,0.6824884792627623,1.1101382488477447,11.0,18.0,-1.0
2024-08-22 16:20:00,2024-08-22 17:25:00,SHORT,2483.425,2.4702857142857346,3.8400000000001455,2.4600000000000364,1.5544760582928983,0.9958362248438649,65.0,28.0,1.5
2024-08-22 19:15:00,2024-08-22 19:16:00,SHORT,2480.925,1.2782142857142844,0.0,1.349999999999909,0.0,1.0561609388096533,,1.0,-1.0
2024-08-23 02:25:00,2024-08-23 02:31:00,LONG,2488.705,1.5128571428570987,0.2300000000000182,2.099999999999909,0.152030217186041,1.3881019830028132,5.0,6.0,-1.0
2024-08-23 10:50:00,2024-08-23 11:52:00,LONG,2498.355,1.4016428571428605,2.4729999999999563,1.0700000000001637,1.7643581511491262,0.7633898996077183,62.0,17.0,1.5
2024-08-23 11:50:00,2024-08-23 11:51:00,LONG,2501.165,1.2797142857142652,0.0,2.2669999999998254,0.0,1.7714891716900014,,1.0,-1.0
2024-08-23 12:40:00,2024-08-23 13:03:00,LONG,2500.715,1.3763571428570944,1.1829999999999927,1.4400000000000546,0.859515283616196,1.0462400747315104,16.0,23.0,-1.0
2024-08-23 13:10:00,2024-08-23 13:17:00,LONG,2500.495,1.5863571428571308,3.0399999999999636,0.2199999999997999,1.916340222432339,0.13868251609695267,7.0,1.0,1.5
2024-08-23 18:45:00,2024-08-23 19:00:00,LONG,2510.485,1.4694285714285797,0.6599999999998545,2.5100000000002183,0.44915419016128283,1.7081469959169189,10.0,15.0,-1.0
2024-08-23 19:25:00,2024-08-23 19:32:00,LONG,2511.508,1.4040714285714395,0.13000000000010914,1.462999999999738,0.09258788217945331,1.0419697817569402,3.0,7.0,-1.0
2024-08-23 19:55:00,2024-08-25 22:06:00,LONG,2510.698,1.337142857142778,2.0970000000002074,1.25,1.5682692307694788,0.9348290598291152,3011.0,6.0,1.5
2024-08-25 22:35:00,2024-08-25 23:04:00,LONG,2512.045,1.2502857142856751,1.949999999999818,0.6700000000000728,1.5596435100547479,0.5358775137112267,29.0,1.0,1.5
2024-08-26 12:40:00,2024-08-26 13:00:00,LONG,2525.385,1.7482142857143117,1.03899999999976,3.2270000000003165,0.5943207354441847,1.8458835546477532,2.0,20.0,-1.0
2024-08-26 14:50:00,2024-08-26 15:04:00,SHORT,2517.725,2.8096428571429573,4.567000000000007,0.9800000000000182,1.6254734968856699,0.3487987797127181,14.0,1.0,1.5
2024-08-26 20:50:00,2024-08-26 22:00:00,LONG,2518.038,0.6630000000000109,0.3569999999999709,0.6700000000000728,0.5384615384614857,1.0105580693816918,70.0,70.0,-1.0
2024-08-26 22:05:00,2024-08-26 23:41:00,SHORT,2517.185,0.6006428571427997,1.099999999999909,0.43899999999985084,1.8313711499584016,0.7308835771195742,96.0,1.0,1.5
2024-08-27 04:10:00,2024-08-27 04:46:00,SHORT,2508.145,1.2595714285714297,2.0,1.1100000000001273,1.587841669502097,0.8812521265737648,36.0,1.0,1.5
2024-08-27 04:25:00,2024-08-27 04:26:00,SHORT,2506.815,1.2245714285714127,0.0,1.5099999999997635,0.0,1.2330844610357539,,1.0,-1.0
2024-08-27 08:50:00,2024-08-27 09:09:00,SHORT,2510.575,2.0988571428571765,1.3469999999997526,2.7100000000000364,0.6417778382792075,1.2911788728559728,1.0,19.0,-1.0
2024-08-27 10:20:00,2024-08-27 11:09:00,SHORT,2508.605,1.7561428571429067,1.7600000000002183,1.7599999999997635,1.0021963719190743,1.0021963719188154,11.0,49.0,-1.0
2024-08-27 10:55:00,2024-08-27 11:10:00,SHORT,2508.858,1.656857142857169,0.34300000000030195,1.8469999999997526,0.20701845145732675,1.1147611657180603,7.0,15.0,-1.0
2024-08-27 14:10:00,2024-08-27 15:42:00,LONG,2515.265,3.372000000000006,4.940000000000055,3.7199999999998,1.4650059311981156,1.1032028469750277,74.0,92.0,-1.0
2024-08-27 16:55:00,2024-08-27 17:14:00,LONG,2514.275,1.3191428571429111,2.1799999999998363,1.2800000000002,1.6525882607752036,0.9703270521985092,19.0,2.0,1.5
2024-08-27 17:10:00,2024-08-27 17:11:00,LONG,2516.118,1.3615000000000756,0.0,1.5099999999997635,0.0,1.1090708777081746,,1.0,-1.0
2024-08-27 20:55:00,2024-08-27 22:30:00,LONG,2524.355,0.8539999999999444,1.4029999999997926,0.4499999999998181,1.6428571428570071,0.5269320843089548,95.0,1.0,1.5
2024-08-27 23:00:00,2024-08-27 23:01:00,LONG,2526.894,0.6025714285714068,0.0,1.6789999999996326,0.0,2.7863916548121983,,1.0,-1.0
2024-08-28 01:10:00,2024-08-28 01:38:00,SHORT,2521.155,1.057928571428582,1.8910000000000764,0.919999999999618,1.7874552697320103,0.8696239281611319,28.0,3.0,1.5
2024-08-28 03:45:00,2024-08-28 03:46:00,SHORT,2515.335,1.3400714285715236,0.0,1.4899999999997817,0.0,1.1118810297956114,,1.0,-1.0
2024-08-28 07:20:00,2024-08-28 07:30:00,SHORT,2507.705,1.9157857142857406,0.2899999999999636,2.4099999999998545,0.151373923418196,1.2579695015099175,5.0,10.0,-1.0
2024-08-28 14:30:00,2024-08-28 14:32:00,LONG,2508.558,3.512357142857159,0.0,3.8029999999998836,0.0,1.0827486628840648,,2.0,-1.0
2024-08-28 15:35:00,2024-08-28 15:58:00,LONG,2508.178,2.102285714285667,1.9600000000000364,2.2829999999999018,0.9323185648274371,1.0859608589290346,15.0,23.0,-1.0
2024-08-28 23:05:00,2024-08-29 00:03:00,LONG,2507.255,1.3828571428571195,2.1030000000000655,0.9900000000002365,1.5207644628099903,0.715909090909274,58.0,31.0,1.5
2024-08-29 13:20:00,2024-08-29 13:21:00,SHORT,2510.125,3.690428571428648,0.0,4.25,0.0,1.1516277629388527,,1.0,-1.0
2024-08-29 14:45:00,2024-08-29 15:09:00,LONG,2520.678,2.9614285714286064,4.820000000000164,1.413000000000011,1.6275928605885552,0.47713458755426724,24.0,1.0,1.5
2024-08-29 15:30:00,2024-08-29 16:10:00,LONG,2520.428,2.305285714285804,2.5970000000002074,3.1230000000000473,1.126541488504725,1.354712771890654,22.0,40.0,-1.0
2024-08-29 15:40:00,2024-08-29 16:09:00,LONG,2521.945,2.2028571428572183,1.0799999999999272,3.5670000000000073,0.4902723735408062,1.619260700389053,12.0,29.0,-1.0
2024-08-29 18:05:00,2024-08-29 18:21:00,LONG,2526.034,1.4580000000000186,0.12100000000009459,1.5660000000002583,0.08299039780527644,1.0740740740742376,4.0,16.0,-1.0
2024-08-30 03:05:00,2024-08-30 03:37:00,SHORT,2515.684,1.311714285714288,2.0690000000004147,1.2210000000000036,1.5773252014814723,0.9308429536048802,32.0,1.0,1.5
2024-08-30 13:00:00,2024-08-30 14:05:00,SHORT,2516.605,2.7411428571429366,5.286999999999807,2.362999999999829,1.928757556806211,0.8620491974149637,65.0,42.0,1.5
2024-08-30 19:00:00,2024-08-30 19:20:00,SHORT,2499.098,1.6164285714285143,0.8699999999998909,1.637000000000171,0.5382235969950907,1.0127264692886966,13.0,20.0,-1.0
2024-08-30 19:30:00,2024-08-30 19:37:00,SHORT,2500.415,1.580928571428558,0.4899999999997817,1.8699999999998909,0.3099444268737633,1.1828491392942075,3.0,7.0,-1.0
2024-09-02 05:10:00,2024-09-02 05:17:00,SHORT,2496.245,1.0515000000000003,0.5399999999999636,1.1700000000000728,0.5135520684735744,1.1126961483595552,1.0,7.0,-1.0
2024-09-02 08:10:00,2024-09-02 08:16:00,LONG,2500.805,1.5585000000000622,0.3700000000003456,2.049999999999727,0.23740776387573362,1.3153673403911745,4.0,6.0,-1.0
2024-09-02 14:10:00,2024-09-02 14:26:00,SHORT,2498.368,1.5385714285715235,0.8029999999998836,1.5470000000000255,0.5219127205198549,1.0054781801299453,6.0,16.0,-1.0
2024-09-02 15:35:00,2024-09-02 15:44:00,LONG,2501.375,0.9364285714285481,0.07000000000016371,1.4099999999998545,0.07475209763556952,1.5057208237985091,4.0,9.0,-1.0
2024-09-02 22:20:00,2024-09-02 22:21:00,SHORT,2498.325,0.7416428571429411,0.0,0.843000000000302,0.0,1.1366657035541647,,1.0,-1.0
2024-09-02 23:45:00,2024-09-02 23:46:00,SHORT,2497.585,0.5216428571428163,0.0,0.6300000000001091,0.0,1.207722853622103,,1.0,-1.0
2024-09-03 02:20:00,2024-09-03 02:43:00,SHORT,2494.265,1.7045714285713334,2.0099999999997635,2.0030000000001564,1.179182031511828,1.1750754274222157,11.0,23.0,-1.0
2024-09-03 06:50:00,2024-09-03 07:19:00,LONG,2497.415,1.5726428571428122,2.6900000000000546,1.5410000000001673,1.710496434573368,0.9798791842668374,29.0,1.0,1.5
2024-09-03 13:10:00,2024-09-03 13:34:00,SHORT,2493.778,3.565428571428551,5.722999999999956,2.08600000000024,1.6051366295376202,0.5850629056816157,24.0,2.0,1.5
2024-09-03 22:35:00,2024-09-03 22:43:00,LONG,2493.025,0.6649999999998987,1.25,0.44000000000005457,1.8796992481205872,0.6616541353385288,8.0,6.0,1.5
2024-09-04 00:00:00,2024-09-04 00:01:00,LONG,2494.238,0.7841428571427969,0.0,0.9139999999997599,0.0,1.1656039351427967,,1.0,-1.0
2024-09-04 00:15:00,2024-09-04 00:16:00,LONG,2494.195,0.9649999999999831,0.0,1.2699999999999818,0.0,1.3160621761658073,,1.0,-1.0
2024-09-04 04:05:00,2024-09-04 04:06:00,LONG,2495.345,0.8278571428570883,0.0,1.0,0.0,1.2079378774806662,,1.0,-1.0
2024-09-04 11:45:00,2024-09-04 12:26:00,LONG,2488.825,1.9472142857143484,2.100000000000364,1.949999999999818,1.0784637394080976,1.001430615164395,25.0,41.0,-1.0
2024-09-04 15:40:00,2024-09-04 19:38:00,LONG,2494.735,2.594428571428612,3.112999999999829,2.6600000000003092,1.1998788612960993,1.0252739386598686,59.0,238.0,-1.0
2024-09-04 16:05:00,2024-09-04 18:05:00,LONG,2495.125,2.0935714285714573,2.7229999999999563,2.130000000000109,1.3006482429204662,1.0174002047083288,34.0,120.0,-1.0
2024-09-04 16:15:00,2024-09-04 17:51:00,LONG,2495.645,1.9126428571428602,2.2029999999999745,2.081000000000131,1.1518093886544272,1.0880233035814986,24.0,96.0,-1.0
2024-09-04 17:05:00,2024-09-04 17:22:00,LONG,2496.735,1.3357142857142403,0.4600000000000364,1.4100000000003092,0.34438502673800686,1.0556149732622995,1.0,17.0,-1.0
2024-09-04 22:15:00,2024-09-04 22:28:00,LONG,2495.534,0.8506428571427997,0.08399999999983265,0.930000000000291,0.09874884541084361,1.0932907884797172,7.0,13.0,-1.0
2024-09-04 22:35:00,2024-09-04 23:30:00,LONG,2494.975,0.8487857142857008,1.3200000000001637,0.04999999999972715,1.5551628376674733,0.05890768324465129,55.0,34.0,1.5
2024-09-05 01:40:00,2024-09-05 01:48:00,LONG,2497.485,1.291642857142863,0.3799999999996544,1.3299999999999272,0.2941989714093423,1.0296963999335782,2.0,8.0,-1.0
2024-09-05 07:55:00,2024-09-05 07:56:00,LONG,2506.325,1.3229285714285521,0.0,2.2770000000000437,0.0,1.7211813616975906,,1.0,-1.0
2024-09-05 12:30:00,2024-09-05 12:31:00,LONG,2520.358,2.3451428571427835,0.0,3.594000000000051,0.0,1.5325292397661516,,1.0,-1.0
2024-09-05 16:40:00,2024-09-05 16:52:00,SHORT,2508.865,1.7987857142857462,0.556999999999789,1.9100000000003092,0.30965333756887214,1.0618274232618772,5.0,12.0,-1.0
2024-09-05 19:20:00,2024-09-05 19:44:00,LONG,2515.388,0.8205000000000382,0.6300000000001091,1.069999999999709,0.767824497257867,1.3040828762945267,18.0,24.0,-1.0
2024-09-05 19:30:00,2024-09-05 19:41:00,LONG,2515.878,0.7526428571428758,0.13999999999987267,1.1000000000003638,0.18601119863321333,1.4615165606913458,8.0,11.0,-1.0
2024-09-05 20:40:00,2024-09-05 22:34:00,LONG,2516.525,0.7540000000000029,0.26299999999991996,0.8000000000001819,0.3488063660476379,1.061007957559919,6.0,114.0,-1.0
2024-09-05 22:40:00,2024-09-05 23:00:00,LONG,2515.765,0.4912142857143473,0.8030000000003383,0.07999999999992724,1.6347244437986517,0.1628617129560624,20.0,6.0,1.5
2024-09-06 06:10:00,2024-09-06 06:20:00,LONG,2519.115,1.139357142857177,2.080000000000382,0.4299999999998363,1.8255908720459204,0.3774058052785109,10.0,3.0,1.5
2024-09-06 08:35:00,2024-09-06 08:49:00,SHORT,2516.675,1.2042857142856909,0.07000000000016371,1.2999999999997272,0.05812574139989982,1.079478054566817,5.0,14.0,-1.0
2024-09-06 09:00:00,2024-09-06 09:11:00,SHORT,2516.915,1.0694999999999644,0.650000000000091,1.2829999999999018,0.607760635811232,1.1996259934548337,6.0,11.0,-1.0
2024-09-06 11:00:00,2024-09-06 11:12:00,LONG,2519.315,1.17421428571434,0.15999999999985448,1.1799999999998363,0.136261329764454,1.0049273070136227,5.0,12.0,-1.0
2024-09-06 11:15:00,2024-09-06 11:29:00,LONG,2519.775,1.2101428571428576,0.4299999999998363,1.3899999999998727,0.35532994923844324,1.1486247196315789,10.0,14.0,-1.0
2024-09-06 13:15:00,2024-09-06 13:36:00,SHORT,2511.265,6.048857142857189,9.08999999999969,2.880000000000109,1.502763213830177,0.4761229984412784,21.0,9.0,1.5
2024-09-06 18:30:00,2024-09-06 19:48:00,SHORT,2493.928,2.541000000000005,3.3099999999999454,2.8070000000002437,1.3026367571821877,1.1046831955923804,33.0,78.0,-1.0
2024-09-06 19:00:00,2024-09-06 19:14:00,SHORT,2491.945,2.2841428571428293,1.3270000000002256,2.5399999999999636,0.5809619113141342,1.1120145099756058,3.0,14.0,-1.0
2024-09-06 19:30:00,2024-09-06 19:31:00,SHORT,2494.058,1.828000000000007,0.0,2.1269999999999527,0.0,1.1635667396060967,,1.0,-1.0
2024-09-08 22:50:00,2024-09-08 23:22:00,LONG,2497.815,0.8517857142856948,0.3089999999997417,1.1799999999998363,0.36276729559718934,1.385324947588938,10.0,32.0,-1.0
2024-09-09 01:55:00,2024-09-09 03:46:00,LONG,2497.575,1.5714285714286038,2.5600000000004,0.95699999999988,1.62909090909113,0.6089999999999111,111.0,65.0,1.5
2024-09-09 02:10:00,2024-09-09 02:29:00,LONG,2498.545,1.503071428571437,0.4600000000000364,1.5900000000001455,0.30604001330611,1.05783395903635,2.0,19.0,-1.0
2024-09-09 11:20:00,2024-09-09 11:21:00,LONG,2496.385,1.2252142857142385,0.0,1.3100000000004002,0.0,1.069200722905982,,1.0,-1.0
2024-09-09 13:05:00,2024-09-09 13:06:00,LONG,2502.298,1.7325714285714184,0.0,2.1099999999996726,0.0,1.2178430079153855,,1.0,-1.0
2024-09-10 06:50:00,2024-09-10 07:04:00,LONG,2504.935,1.1495000000000866,0.7330000000001746,2.0270000000000437,0.6376685515442535,1.7633753806001662,6.0,14.0,-1.0
2024-09-10 09:00:00,2024-09-10 09:23:00,SHORT,2500.275,1.3710000000000295,0.2300000000000182,1.5499999999997272,0.16776075857039624,1.1305616338436861,8.0,23.0,-1.0
2024-09-10 09:40:00,2024-09-10 09:50:00,SHORT,2503.215,1.2145000000000112,0.44000000000005457,1.599999999999909,0.3622890078221906,1.3174145738986367,6.0,10.0,-1.0
2024-09-10 16:10:00,2024-09-10 18:41:00,LONG,2512.775,2.2509285714285006,3.462999999999738,1.4169999999999163,1.5384761844317538,0.6295179767080079,151.0,12.0,1.5
2024-09-10 16:25:00,2024-09-10 19:08:00,LONG,2513.418,2.22849999999994,3.400000000000091,1.443000000000211,1.5256899259592474,0.6475207538704285,163.0,98.0,1.5
2024-09-10 17:15:00,2024-09-10 17:30:00,LONG,2514.965,1.502714285714189,0.5799999999999272,1.8299999999999272,0.38596824793228934,1.2177963684761208,10.0,15.0,-1.0
2024-09-10 20:40:00,2024-09-10 23:20:00,LONG,2516.508,0.8059285714285969,1.387000000000171,0.5299999999997453,1.7209961889569956,0.6576265177697599,160.0,80.0,1.5
2024-09-10 22:15:00,2024-09-10 22:43:00,LONG,2516.814,0.5309285714285384,0.11000000000012733,0.6489999999998872,0.207184178662973,1.2223866541099133,10.0,28.0,-1.0
2024-09-11 00:20:00,2024-09-11 00:50:00,LONG,2518.078,0.7549285714285686,0.9369999999998981,0.9429999999997563,1.2411770271547566,1.249124798939979,25.0,30.0,-1.0
2024-09-11 02:00:00,2024-09-11 02:13:00,LONG,2519.445,1.7435714285713857,0.7799999999997453,1.7510000000002037,0.4473576403112128,1.0042605489554877,5.0,13.0,-1.0
2024-09-11 04:00:00,2024-09-11 04:26:00,LONG,2519.745,0.9882857142856339,0.30999999999994543,1.2899999999999636,0.3136744723908347,1.3052905464007631,22.0,26.0,-1.0
2024-09-11 04:15:00,2024-09-11 04:26:00,LONG,2519.585,0.8699285714285452,0.4699999999997999,1.1300000000001091,0.5402742425484356,1.2989572214469172,7.0,11.0,-1.0
2024-09-11 05:00:00,2024-09-11 05:08:00,LONG,2519.918,0.7013571428571724,1.1199999999998909,0.6900000000000546,1.5969039617066718,0.9838069049801769,8.0,1.0,1.5
2024-09-11 05:15:00,2024-09-11 05:32:00,LONG,2521.645,0.784000000000073,0.6900000000000546,0.900000000000091,0.8801020408163143,1.1479591836734786,10.0,17.0,-1.0
2024-09-11 05:45:00,2024-09-11 05:46:00,LONG,2520.975,0.9088571428571868,0.0,1.1700000000000728,0.0,1.287331027978641,,1.0,-1.0
2024-09-11 05:55:00,2024-09-11 06:02:00,LONG,2521.148,0.9727857142857894,2.4169999999999163,0.5840000000002874,2.4846170790804183,0.6003377634190022,7.0,2.0,1.5
2024-09-11 10:10:00,2024-09-11 10:37:00,SHORT,2520.915,1.1469285714285564,1.2799999999997453,1.2300000000000182,1.1160241639158417,1.0724294700131083,16.0,27.0,-1.0
2024-09-11 14:00:00,2024-09-11 14:01:00,SHORT,2504.978,4.15407142857144,0.0,4.75,0.0,1.143456505665695,,1.0,-1.0
2024-09-11 23:10:00,2024-09-11 23:11:00,SHORT,2511.895,0.4691428571429047,0.0,0.5500000000001819,0.0,1.1723507917176867,,1.0,-1.0
2024-09-12 08:20:00,2024-09-12 08:41:00,LONG,2518.345,1.3147142857142495,0.8330000000000837,1.3699999999998909,0.6335977398675157,1.0420515049439856,7.0,21.0,-1.0
2024-09-12 09:00:00,2024-09-12 09:07:00,LONG,2517.785,1.1404285714285314,0.3530000000000655,1.1799999999998363,0.3095327571089246,1.0346987348113672,3.0,7.0,-1.0
2024-09-12 16:45:00,2024-09-12 16:56:00,LONG,2548.095,2.065285714285762,3.150000000000091,0.18999999999959982,1.5252126997302433,0.09199695649146905,11.0,4.0,1.5
2024-09-12 19:30:00,2024-09-12 19:31:00,LONG,2556.804,1.8518571428571053,0.0,2.356000000000222,0.0,1.2722363650391026,,1.0,-1.0
2024-09-12 22:20:00,2024-09-12 22:55:00,LONG,2558.374,0.82664285714288,0.9740000000001601,0.8289999999997235,1.1782597425042654,1.0028514646155542,15.0,35.0,-1.0
2024-09-13 00:25:00,2024-09-13 00:42:00,LONG,2558.815,1.0457857142857523,1.7089999999998327,0.6710000000002765,1.6341779933062488,0.6416228399701884,17.0,1.0,1.5
2024-09-13 00:55:00,2024-09-13 00:56:00,LONG,2561.475,1.5499285714285764,0.0,2.480999999999767,0.0,1.600718927139344,,1.0,-1.0
2024-09-13 05:10:00,2024-09-13 05:20:00,LONG,2567.685,0.989071428571411,1.6700000000000728,0.7199999999997999,1.6884523723551264,0.7279555138295211,10.0,3.0,1.5
2024-09-13 14:20:00,2024-09-13 16:00:00,LONG,2576.965,3.7785714285714675,5.682999999999993,3.4100000000003092,1.5040075614366555,0.902457466918787,100.0,55.0,1.5
2024-09-13 16:45:00,2024-09-13 17:03:00,LONG,2581.748,1.9169999999999487,3.0169999999998254,0.8930000000000291,1.573813249869539,0.4658320292123385,18.0,1.0,1.5
2024-09-13 18:15:00,2024-09-13 18:16:00,LONG,2583.445,1.572285714285694,0.0,1.5900000000001455,0.0,1.0112665818645432,,1.0,-1.0
2024-09-15 23:00:00,2024-09-16 00:06:00,SHORT,2579.298,1.0882857142857378,1.1529999999997926,1.1570000000001528,1.0594644263584108,1.0631399317407317,34.0,66.0,-1.0
2024-09-15 23:30:00,2024-09-15 23:31:00,SHORT,2578.905,0.8360000000000453,0.0,0.9899999999997817,0.0,1.1842105263154643,,1.0,-1.0
2024-09-16 05:00:00,2024-09-16 05:09:00,LONG,2586.085,0.6882857142856794,0.07000000000016371,0.6900000000000546,0.10170195101726251,1.0024906600250367,2.0,9.0,-1.0
2024-09-16 06:15:00,2024-09-16 06:16:00,LONG,2588.655,1.1672857142857538,0.0,1.7000000000002728,0.0,1.4563700893405345,,1.0,-1.0
2024-09-16 12:15:00,2024-09-16 12:32:00,SHORT,2581.125,1.4200714285714509,1.5770000000002256,1.5599999999999454,1.110507519742609,1.098536290930984,15.0,17.0,-1.0
2024-09-16 12:35:00,2024-09-16 12:53:00,SHORT,2580.155,1.8503571428571572,1.75,1.8899999999998727,0.9457633661455244,1.0214244354370976,1.0,18.0,-1.0
2024-09-16 13:30:00,2024-09-16 13:36:00,LONG,2585.275,2.0124999999999806,0.9499999999998181,2.4970000000002983,0.47204968944090797,1.240745341615067,5.0,6.0,-1.0
2024-09-16 15:15:00,2024-09-16 15:35:00,SHORT,2579.275,2.3759999999999764,1.7200000000002547,2.418999999999869,0.7239057239058383,1.018097643097598,6.0,20.0,-1.0
2024-09-16 16:10:00,2024-09-16 16:22:00,SHORT,2579.755,1.6544285714285902,0.3000000000001819,1.7329999999997199,0.18133149123575248,1.0474915810377257,2.0,12.0,-1.0
2024-09-16 19:40:00,2024-09-16 19:52:00,SHORT,2581.658,0.760071428571499,0.13299999999981083,0.9770000000003165,0.17498355417697387,1.285405507001519,4.0,12.0,-1.0
2024-09-16 23:35:00,2024-09-17 00:01:00,LONG,2583.165,0.5555714285714137,1.0100000000002183,0.36999999999989086,1.8179480586273378,0.6659809719720508,26.0,10.0,1.5
2024-09-17 15:15:00,2024-09-17 15:16:00,SHORT,2571.718,2.4750714285714497,0.0,3.1900000000000546,0.0,1.2888516925918554,,1.0,-1.0
2024-09-17 18:00:00,2024-09-17 18:41:00,SHORT,2569.108,2.194071428571468,0.5940000000000509,2.299999999999727,0.27072956343394744,1.0482794543736562,30.0,41.0,-1.0
2024-09-17 19:15:00,2024-09-17 19:23:00,LONG,2569.898,1.166642857142863,1.1700000000000728,1.3500000000003638,1.002877609747195,1.157166472785465,3.0,8.0,-1.0
2024-09-18 02:50:00,2024-09-18 03:26:00,LONG,2573.225,1.0969285714285044,1.930000000000291,0.6100000000001273,1.7594582275187682,0.5560981962624408,36.0,17.0,1.5
2024-09-18 03:20:00,2024-09-18 03:29:00,LONG,2574.058,0.9421428571427961,1.6469999999999345,0.79300000000012,1.7481425322214237,0.8416982562549203,9.0,1.0,1.5
2024-09-18 14:25:00,2024-09-18 14:52:00,SHORT,2568.825,2.655714285714274,0.6599999999998545,3.180000000000291,0.24852071005911788,1.1974179666488507,7.0,27.0,-1.0
2024-09-18 15:35:00,2024-09-18 16:50:00,SHORT,2570.748,2.010428571428552,2.76299999999992,2.1269999999999527,1.3743338307396877,1.0579833724152499,13.0,75.0,-1.0
2024-09-19 00:20:00,2024-09-19 00:21:00,SHORT,2557.215,1.149999999999961,0.0,1.4699999999998,0.0,1.2782608695650868,,1.0,-1.0
2024-09-19 00:50:00,2024-09-19 01:01:00,SHORT,2558.428,1.1892857142857534,3.0329999999999018,0.8270000000002256,2.550270270270104,0.6953753753755422,11.0,8.0,1.5
2024-09-19 10:55:00,2024-09-19 11:04:00,LONG,2588.505,1.7697142857143717,0.7699999999999818,1.8969999999999345,0.43509848240229343,1.0719244430092747,1.0,9.0,-1.0
2024-09-19 11:45:00,2024-09-19 12:20:00,LONG,2588.198,1.7899999999999636,2.836999999999989,1.1929999999997563,1.5849162011173445,0.6664804469272517,35.0,8.0,1.5
2024-09-19 13:40:00,2024-09-19 14:25:00,SHORT,2574.815,4.226642857142906,5.190000000000055,5.342999999999847,1.2279248981799118,1.2641238402649349,11.0,45.0,-1.0
2024-09-19 17:45:00,2024-09-19 18:10:00,LONG,2590.375,1.440714285714291,0.362999999999829,1.5709999999999127,0.2519583539909563,1.0904313336637927,5.0,25.0,-1.0
2024-09-19 19:25:00,2024-09-19 19:26:00,LONG,2587.255,1.021714285714292,0.0,1.0709999999999127,0.0,1.0482382550334652,,1.0,-1.0
2024-09-19 23:25:00,2024-09-19 23:46:00,SHORT,2586.925,0.4374999999999675,0.24000000000023647,0.5499999999997272,0.5485714285720098,1.2571428571423269,11.0,21.0,-1.0
2024-09-20 01:25:00,2024-09-20 01:32:00,SHORT,2585.205,1.1247857142857356,0.21000000000003638,1.7200000000002547,0.18670222899602804,1.5291801613007627,5.0,7.0,-1.0
2024-09-20 04:00:00,2024-09-20 04:09:00,LONG,2593.005,1.2582857142856807,0.9299999999998363,1.3699999999998909,0.7391008174385817,1.0887829246139296,5.0,9.0,-1.0
2024-09-20 05:40:00,2024-09-20 06:01:00,LONG,2593.878,0.9170000000000462,2.7669999999998254,0.3140000000003056,3.017448200653965,0.34242093784110117,21.0,1.0,1.5
2024-09-22 23:50:00,2024-09-22 23:57:00,LONG,2620.815,0.7457142857142897,0.29999999999972715,0.7699999999999818,0.4022988505743446,1.0325670498083992,2.0,7.0,-1.0
2024-09-23 05:15:00,2024-09-23 05:32:00,LONG,2628.295,0.9425714285714223,0.5599999999999454,0.9700000000002547,0.5941194301302886,1.0290997271903346,1.0,17.0,-1.0
2024-09-23 06:10:00,2024-09-23 06:11:00,LONG,2629.375,1.4592142857141945,0.0,1.699999999999818,0.0,1.165010524254684,,1.0,-1.0
2024-09-23 08:35:00,2024-09-23 09:23:00,SHORT,2616.295,2.4424285714285037,1.0170000000002801,2.549999999999727,0.41638884014752053,1.044042814528782,35.0,48.0,-1.0
2024-09-23 12:25:00,2024-09-23 12:45:00,LONG,2621.605,1.8745714285714061,3.0790000000001783,1.5599999999999454,1.6425087639080556,0.8321902149062451,20.0,1.0,1.5
2024-09-23 19:30:00,2024-09-23 19:49:00,SHORT,2626.988,0.8411428571428458,1.2729999999996835,0.40000000000009095,1.5134171195648616,0.47554347826098414,19.0,6.0,1.5
2024-09-23 23:10:00,2024-09-23 23:42:00,SHORT,2626.548,0.5187857142857085,0.863999999999578,0.41600000000016735,1.6654275092928854,0.8018725044750664,32.0,1.0,1.5
2024-09-24 08:10:00,2024-09-24 09:48:00,SHORT,2627.985,1.9739285714286845,2.1910000000002583,2.492999999999938,1.1099692419034506,1.2629636330738967,18.0,98.0,-1.0
2024-09-24 08:20:00,2024-09-24 09:10:00,SHORT,2627.765,1.973642857142977,1.9710000000000036,2.019999999999982,0.9986609243240699,1.023488111179401,8.0,50.0,-1.0
2024-09-24 13:50:00,2024-09-24 14:41:00,LONG,2635.435,2.961214285714277,4.483000000000175,2.5900000000001455,1.5139059748655868,0.8746411944907287,51.0,1.0,1.5
2024-09-24 14:00:00,2024-09-24 14:44:00,LONG,2636.028,2.9397142857143144,7.01700000000028,1.6399999999998727,2.386966663427033,0.5578773447370491,44.0,3.0,1.5
2024-09-24 15:55:00,2024-09-24 16:06:00,LONG,2643.025,2.588142857142787,5.029999999999745,1.050000000000182,1.9434785008555044,0.40569630733573286,11.0,1.0,1.5
2024-09-25 00:20:00,2024-09-25 00:37:00,LONG,2658.255,0.960071428571447,1.6799999999998363,0.7699999999999818,1.7498698013538618,0.8020236589539126,17.0,6.0,1.5
2024-09-25 06:05:00,2024-09-25 06:06:00,SHORT,2655.345,2.0097857142856292,0.0,3.100000000000364,0.0,1.5424529978322823,,1.0,-1.0
2024-09-25 09:00:00,2024-09-25 09:01:00,SHORT,2654.245,1.5280714285714307,0.0,1.650000000000091,0.0,1.0797924554761482,,1.0,-1.0
2024-09-25 09:15:00,2024-09-25 09:24:00,SHORT,2653.415,1.4450000000000338,0.8000000000001819,1.5399999999999636,0.5536332179931925,1.0657439446366281,1.0,9.0,-1.0
2024-09-25 12:00:00,2024-09-25 12:01:00,LONG,2659.455,1.5188571428571842,0.0,2.4299999999998363,0.0,1.599887133182693,,1.0,-1.0
2024-09-25 12:25:00,2024-09-25 12:26:00,LONG,2659.475,1.7571428571428183,0.0,1.849999999999909,0.0,1.052845528455256,,1.0,-1.0
2024-09-25 13:15:00,2024-09-25 13:16:00,LONG,2664.525,2.1333571428571565,0.0,2.2899999999999636,0.0,1.0734255198044425,,1.0,-1.0
2024-09-25 18:55:00,2024-09-25 20:17:00,LONG,2660.254,1.1534285714286139,1.2440000000001419,1.1859999999996944,1.0785236561804152,1.0282387911812676,30.0,82.0,-1.0
2024-09-25 20:00:00,2024-09-25 20:22:00,LONG,2659.798,0.7758571428571811,0.38000000000010914,1.01299999999992,0.4897808874978149,1.3056527343029074,3.0,22.0,-1.0
2024-09-26 09:45:00,2024-09-26 10:20:00,LONG,2668.325,1.417428571428575,5.190000000000055,1.0399999999999636,3.6615601693207305,0.7337230397097084,35.0,10.0,1.5
2024-09-26 09:55:00,2024-09-26 10:20:00,LONG,2668.765,1.4172142857142782,4.75,1.4169999999999163,3.351645582379938,0.9998487979435983,25.0,15.0,1.5
2024-09-26 10:10:00,2024-09-26 10:11:00,LONG,2669.185,1.4462857142857501,0.0,1.75,0.0,1.209996048992463,,1.0,-1.0
2024-09-26 12:40:00,2024-09-26 12:53:00,LONG,2673.465,3.962571428571469,6.449999999999818,3.4900000000002365,1.6277309106640083,0.8807412214291371,13.0,1.0,1.5
2024-09-26 14:20:00,2024-09-26 15:32:00,SHORT,2665.865,5.298214285714396,3.556999999999789,6.153000000000247,0.6713582743511427,1.1613346814964836,43.0,72.0,-1.0
2024-09-26 17:10:00,2024-09-26 17:23:00,LONG,2671.108,2.6852142857142423,0.4099999999998545,2.8700000000003456,0.15268800042555944,1.068816002979424,2.0,13.0,-1.0
2024-09-26 17:25:00,2024-09-26 17:33:00,LONG,2671.728,2.169642857142857,0.36599999999998545,2.2400000000002365,0.16869135802468466,1.0324279835392036,4.0,8.0,-1.0
2024-09-26 18:05:00,2024-09-26 18:15:00,LONG,2671.234,1.738499999999996,2.8409999999998945,0.9659999999998945,1.6341673856772512,0.5556514236410105,10.0,2.0,1.5
2024-09-27 02:50:00,2024-09-27 03:22:00,SHORT,2669.065,1.3830714285713839,0.5599999999999454,1.4899999999997817,0.40489593554715125,1.077312399937903,10.0,32.0,-1.0
2024-09-27 10:55:00,2024-09-27 11:05:00,SHORT,2664.198,1.3720714285714166,0.06999999999970896,1.5770000000002256,0.05101775209516029,1.1493570722059112,4.0,10.0,-1.0
2024-09-27 16:40:00,2024-09-27 17:04:00,SHORT,2652.975,2.9120714285715428,5.0,1.300000000000182,1.7169908508915415,0.44641762123186324,24.0,2.0,1.5
2024-09-27 16:55:00,2024-09-27 17:04:00,SHORT,2651.698,2.382071428571505,3.7229999999999563,0.9900000000002365,1.562925425050158,0.41560466580715666,9.0,2.0,1.5
2024-09-30 03:30:00,2024-09-30 04:27:00,SHORT,2653.865,1.4567857142857454,1.919999999999618,1.5200000000004366,1.3179700907082166,1.0433929884778455,36.0,57.0,-1.0
2024-09-30 07:10:00,2024-09-30 07:34:00,LONG,2658.945,1.9283571428571318,1.5499999999997272,1.9400000000000546,0.80379301403846,1.0060377078935037,14.0,24.0,-1.0
2024-09-30 08:40:00,2024-09-30 09:02:00,SHORT,2654.308,1.7657142857142714,3.3330000000000837,0.98700000000008,1.8876213592233637,0.5589805825243217,22.0,1.0,1.5
2024-09-30 12:15:00,2024-09-30 12:16:00,SHORT,2640.035,1.8987857142857203,0.0,2.850000000000364,0.0,1.5009592596774242,,1.0,-1.0
2024-09-30 13:05:00,2024-09-30 13:43:00,SHORT,2638.654,2.638142857142871,4.510000000000218,2.5,1.7095359289544247,0.9476363242540699,38.0,24.0,1.5
2024-09-30 14:00:00,2024-09-30 14:45:00,SHORT,2631.405,3.678071428571392,2.7910000000001673,3.81899999999996,0.7588215874002823,1.0383158875963718,19.0,45.0,-1.0
2024-09-30 15:25:00,2024-09-30 16:08:00,SHORT,2632.828,2.7393571428571186,0.4499999999998181,2.936999999999898,0.16427211806726055,1.0721493572527168,16.0,43.0,-1.0
2024-10-01 08:50:00,2024-10-01 09:00:00,LONG,2644.625,1.3530714285714112,2.3200000000001637,0.6700000000000728,1.7146175368211323,0.49516971968543205,10.0,4.0,1.5
2024-10-01 09:05:00,2024-10-01 09:32:00,LONG,2646.505,1.370928571428554,2.3730000000000473,1.2470000000002983,1.7309435731777776,0.9096024592301568,27.0,2.0,1.5
2024-10-01 11:45:00,2024-10-01 11:46:00,LONG,2650.295,1.3697142857143458,0.0,2.0300000000002,0.0,1.4820609094702522,,1.0,-1.0
2024-10-01 12:00:00,2024-10-01 12:12:00,LONG,2651.735,1.6628571428572545,2.9299999999998363,1.3600000000001273,1.762027491408718,0.8178694158075818,12.0,1.0,1.5
2024-10-01 16:05:00,2024-10-01 16:32:00,LONG,2664.615,3.436357142857235,5.389000000000124,2.8399999999996908,1.5682304766259891,0.8264565881642646,27.0,3.0,1.5
2024-10-02 01:55:00,2024-10-02 02:48:00,SHORT,2660.495,1.1804285714285925,1.7799999999997453,0.5500000000001819,1.5079269030615994,0.4659324700473441,53.0,2.0,1.5
2024-10-02 05:20:00,2024-10-02 05:28:00,SHORT,2654.345,1.2597142857143158,7.156999999999698,0.6530000000002474,5.681447040144782,0.5183715128148813,8.0,1.0,1.5
2024-10-02 10:10:00,2024-10-02 10:16:00,LONG,2654.195,1.2971428571428791,0.05999999999994543,1.3800000000001091,0.04625550660788666,1.063876651982445,5.0,6.0,-1.0
2024-10-02 11:50:00,2024-10-02 12:15:00,SHORT,2650.365,1.391857142857069,3.2169999999996435,1.0100000000002183,2.3113004208148107,0.725649184029755,25.0,2.0,1.5
2024-10-02 12:25:00,2024-10-02 12:26:00,SHORT,2645.265,2.1025714285713093,0.0,4.329999999999927,0.0,2.05938306835176,,1.0,-1.0
2024-10-03 00:00:00,2024-10-03 00:01:00,LONG,2660.648,0.6057857142856976,0.0,0.8330000000000837,0.0,1.375073694140018,,1.0,-1.0
2024-10-03 04:25:00,2024-10-03 05:20:00,SHORT,2655.595,1.0352142857142812,2.169999999999618,0.9400000000000546,2.0961843648654375,0.9080245635824757,55.0,40.0,1.5
2024-10-03 04:40:00,2024-10-03 04:41:00,SHORT,2655.264,0.9380714285714475,0.0,1.030999999999949,0.0,1.0990634280057103,,1.0,-1.0
2024-10-03 04:50:00,2024-10-03 04:52:00,SHORT,2655.235,0.9037857142857645,0.0,0.9099999999998545,0.0,1.0068758397215882,,2.0,-1.0
2024-10-03 05:55:00,2024-10-03 06:04:00,SHORT,2653.198,1.1590000000000404,2.0329999999999018,0.8700000000003456,1.7540983606555918,0.7506471095774937,9.0,1.0,1.5
2024-10-03 07:10:00,2024-10-03 07:17:00,SHORT,2653.865,1.4917142857143193,2.9099999999998545,1.0200000000004366,1.950775713464712,0.6837770542044527,7.0,3.0,1.5
2024-10-03 10:05:00,2024-10-03 10:29:00,SHORT,2644.595,1.7127142857142255,0.6799999999998363,2.1100000000001273,0.397030611393696,1.231962632413163,7.0,24.0,-1.0
2024-10-03 11:25:00,2024-10-03 11:36:00,SHORT,2644.355,1.511142857142821,0.8299999999999272,2.3200000000001637,0.5492531669502392,1.5352618642466946,3.0,11.0,-1.0
2024-10-03 11:55:00,2024-10-03 12:02:00,SHORT,2647.935,1.5156428571427958,0.15000000000009095,1.6300000000001091,0.09896790612193591,1.075451246524457,5.0,7.0,-1.0
2024-10-03 19:00:00,2024-10-03 19:01:00,LONG,2658.085,1.217142857142952,0.0,1.2570000000000618,0.0,1.03274647887321,,1.0,-1.0
2024-10-03 19:10:00,2024-10-03 19:46:00,LONG,2658.285,1.1230714285714904,1.0399999999999636,1.156999999999698,0.9260319277490738,1.030210519620612,17.0,36.0,-1.0
2024-10-04 01:35:00,2024-10-04 02:20:00,LONG,2657.674,0.9791428571428956,1.650000000000091,0.5790000000001783,1.6851473592063295,0.5913335278670978,45.0,1.0,1.5
2024-10-04 01:50:00,2024-10-04 02:23:00,LONG,2658.648,0.9998571428571462,1.70699999999988,0.75,1.7072438919844435,0.7501071581654497,33.0,19.0,1.5
2024-10-04 04:05:00,2024-10-04 04:22:00,LONG,2661.645,0.9586428571429094,1.4400000000000546,0.8299999999999272,1.5021235377393387,0.8658073168913156,17.0,1.0,1.5
2024-10-04 04:30:00,2024-10-04 04:31:00,LONG,2665.374,1.0588571428571478,0.0,2.74599999999964,0.0,2.593362115488045,,1.0,-1.0
2024-10-04 10:25:00,2024-10-04 10:40:00,SHORT,2659.095,1.151571428571385,0.7999999999997272,1.1900000000000546,0.6947028904600301,1.0333705495596945,6.0,15.0,-1.0
2024-10-04 17:35:00,2024-10-04 17:41:00,SHORT,2646.118,2.3257142857142816,0.6630000000000109,2.3769999999999527,0.2850737100737153,1.0220515970515784,4.0,6.0,-1.0
2024-10-06 22:15:00,2024-10-06 22:16:00,LONG,2651.835,1.4235000000000062,0.0,1.550000000000182,0.0,1.0888654724272393,,1.0,-1.0
2024-10-07 02:40:00,2024-10-07 04:06:00,SHORT,2646.315,1.7574285714285582,2.5799999999999272,1.7999999999997272,1.4680539749633903,1.024223703462704,67.0,86.0,-1.0
2024-10-07 02:50:00,2024-10-07 04:06:00,SHORT,2646.315,1.7609999999999673,2.5799999999999272,1.7999999999997272,1.4650766609880608,1.0221465076659628,57.0,76.0,-1.0
2024-10-07 06:25:00,2024-10-07 06:26:00,SHORT,2641.155,1.471928571428602,0.0,1.9399999999995998,0.0,1.317998738292514,,1.0,-1.0
2024-10-07 11:00:00,2024-10-07 11:42:00,LONG,2657.075,1.3695000000000164,2.07300000000032,1.3299999999999272,1.5136911281491752,0.9711573566994607,42.0,1.0,1.5
2024-10-07 14:45:00,2024-10-07 15:00:00,SHORT,2644.275,2.925285714285662,4.7270000000003165,2.619999999999891,1.6159105337697324,0.8956390096205287,15.0,8.0,1.5
2024-10-07 14:55:00,2024-10-07 14:56:00,SHORT,2640.728,3.010285714285666,0.0,3.6369999999997162,0.0,1.2081909643127573,,1.0,-1.0
2024-10-07 18:35:00,2024-10-07 18:36:00,SHORT,2642.558,1.2567142857142894,0.0,2.1159999999999854,0.0,1.683755825849705,,1.0,-1.0
2024-10-07 19:45:00,2024-10-07 19:53:00,SHORT,2643.345,1.2525714285714002,0.23999999999978172,1.2630000000003747,0.19160583941588846,1.0083257299273292,3.0,8.0,-1.0
2024-10-07 20:55:00,2024-10-07 22:19:00,SHORT,2642.625,0.795071428571451,1.0300000000002,0.8699999999998909,1.2954810888511719,1.094241308058407,70.0,84.0,-1.0
2024-10-08 18:35:00,2024-10-08 19:05:00,SHORT,2615.535,1.590499999999955,1.0499999999997272,2.1600000000003092,0.6601697579376026,1.3580635020436154,9.0,30.0,-1.0
2024-10-08 18:55:00,2024-10-08 19:04:00,SHORT,2615.638,1.4369285714284226,0.3530000000000655,1.48700000000008,0.2456628721977148,1.034846150022532,7.0,9.0,-1.0
2024-10-08 20:45:00,2024-10-08 23:17:00,LONG,2621.045,1.684428571428563,2.619999999999891,1.1700000000000728,1.5554236281909362,0.6945975744212154,152.0,1.0,1.5
2024-10-08 22:00:00,2024-10-09 01:13:00,LONG,2621.664,1.4594285714285238,2.000999999999749,1.84900000000016,1.3710845732183536,1.2669342208302214,77.0,193.0,-1.0
2024-10-08 22:25:00,2024-10-08 23:09:00,LONG,2621.285,1.16657142857142,1.8500000000003638,0.8409999999998945,1.5858437423466376,0.7209159931422122,44.0,1.0,1.5
2024-10-09 00:00:00,2024-10-09 00:45:00,LONG,2622.345,0.8887857142857294,0.75,0.9369999999998981,0.8438479466366489,1.0542473679979387,2.0,45.0,-1.0
2024-10-09 00:25:00,2024-10-09 00:39:00,LONG,2622.595,0.838285714285738,0.2130000000001928,0.8799999999996544,0.2540899795503251,1.0497614178591355,4.0,14.0,-1.0
2024-10-09 11:55:00,2024-10-09 12:03:00,LONG,2618.885,1.4828571428571908,2.7199999999998,0.5900000000001455,1.8342967244699406,0.3978805394991219,8.0,2.0,1.5
2024-10-09 19:15:00,2024-10-09 19:36:00,SHORT,2608.478,1.4018571428571573,0.9630000000001928,1.6100000000001273,0.6869458881077428,1.1484765107511234,16.0,21.0,-1.0
2024-10-09 19:25:00,2024-10-09 19:34:00,SHORT,2607.818,1.1909285714285553,0.30300000000033833,1.3799999999996544,0.25442331913901484,1.158759671324622,6.0,9.0,-1.0
2024-10-09 22:30:00,2024-10-09 22:57:00,SHORT,2607.955,0.7447857142856265,0.21000000000003638,0.8099999999999454,0.2819602953870582,1.0875611393498201,7.0,27.0,-1.0
2024-10-10 04:35:00,2024-10-10 04:46:00,LONG,2613.105,0.9306428571428569,1.4099999999998545,0.6300000000001091,1.515081740732057,0.6769514160719572,11.0,1.0,1.5
2024-10-10 05:40:00,2024-10-10 05:54:00,LONG,2614.915,0.9988571428571049,0.4800000000000182,1.6100000000001273,0.48054919908470467,1.6118421052633465,12.0,14.0,-1.0
2024-10-10 06:20:00,2024-10-10 06:34:00,LONG,2615.285,1.194571428571375,0.9700000000002547,1.4669999999996435,0.8120066969626987,1.2280554891171926,9.0,14.0,-1.0
2024-10-10 08:10:00,2024-10-10 09:06:00,LONG,2615.985,1.802142857142891,1.2100000000000364,1.8200000000001637,0.6714229092350452,1.0099088386841781,6.0,56.0,-1.0
2024-10-10 10:30:00,2024-10-10 11:24:00,LONG,2617.195,1.1077142857143372,1.582999999999629,1.8500000000003638,1.4290688676807954,1.6701057518702533,31.0,54.0,-1.0
2024-10-10 12:10:00,2024-10-10 12:30:00,SHORT,2613.958,1.4963571428571802,12.22400000000016,7.619999999999891,8.169172752875935,5.092367177430703,20.0,20.0,-1.0
2024-10-10 14:55:00,2024-10-10 15:05:00,LONG,2625.325,3.127714285714254,0.6330000000002656,3.2770000000000437,0.20238421485347144,1.0477299716817638,6.0,10.0,-1.0
2024-10-10 15:10:00,2024-10-10 15:20:00,LONG,2624.588,2.8659285714286074,1.449999999999818,3.673999999999978,0.5059442215187598,1.2819579792138935,7.0,10.0,-1.0
2024-10-10 16:10:00,2024-10-10 16:39:00,LONG,2628.285,2.3172142857143365,0.7300000000000182,2.586999999999989,0.3150334453315259,1.1164267439351145,7.0,29.0,-1.0
2024-10-10 18:30:00,2024-10-10 18:40:00,LONG,2626.044,1.6628571428571572,2.774000000000342,1.2860000000000582,1.6682130584194352,0.7733676975945301,10.0,1.0,1.5
2024-10-10 22:30:00,2024-10-10 23:12:00,LONG,2628.515,0.9033571428571706,1.4500000000002728,0.4800000000000182,1.6051237447618563,0.5313513086107415,42.0,12.0,1.5
2024-10-11 00:30:00,2024-10-11 00:31:00,LONG,2633.875,1.4527142857142994,0.0,1.900000000000091,0.0,1.3078965483332197,,1.0,-1.0
2024-10-11 01:40:00,2024-10-11 02:24:00,LONG,2635.735,1.6821428571428052,2.980000000000018,1.3800000000001091,1.771549893842953,0.8203821656051857,44.0,1.0,1.5
2024-10-11 05:35:00,2024-10-11 05:36:00,LONG,2645.465,0.8455000000000317,0.0,2.100000000000364,0.0,2.483737433471656,,1.0,-1.0
2024-10-11 13:10:00,2024-10-11 13:39:00,LONG,2647.435,2.9182857142856653,4.599999999999909,2.5900000000001455,1.5762678676326562,0.8875073428628022,29.0,1.0,1.5
2024-10-11 14:20:00,2024-10-11 15:15:00,LONG,2652.665,3.2500714285715406,5.143000000000029,1.8200000000001637,1.5824267598513861,0.5599876925782161,55.0,2.0,1.5
2024-10-11 16:55:00,2024-10-11 17:14:00,LONG,2660.338,1.560071428571486,0.7699999999999818,1.5730000000003201,0.49356714436149207,1.0082871663387056,8.0,19.0,-1.0
2024-10-11 17:55:00,2024-10-11 18:08:00,LONG,2659.374,1.536857142857181,0.6510000000002947,1.9289999999996326,0.4235917456778165,1.2551589514776997,1.0,13.0,-1.0
2024-10-11 18:55:00,2024-10-11 19:00:00,LONG,2658.525,1.033642857142825,0.4699999999997999,1.48700000000008,0.4547025084650269,1.4386013406123814,1.0,5.0,-1.0
2024-10-14 00:40:00,2024-10-14 00:41:00,SHORT,2646.365,1.2083571428570394,0.0,1.4700000000002547,0.0,1.216527753148036,,1.0,-1.0
2024-10-14 01:00:00,2024-10-14 01:01:00,SHORT,2643.598,1.3725714285713886,0.0,2.157000000000153,0.0,1.571502914238292,,1.0,-1.0
2024-10-14 01:20:00,2024-10-14 01:26:00,SHORT,2645.525,1.4301428571428525,0.5500000000001819,1.4600000000000364,0.38457696533825647,1.0208770352612415,3.0,6.0,-1.0
2024-10-14 08:00:00,2024-10-14 08:13:00,LONG,2661.365,1.7339999999998912,0.39900000000034197,2.1099999999996726,0.23010380622858537,1.216839677047177,3.0,13.0,-1.0
2024-10-14 16:20:00,2024-10-14 16:39:00,SHORT,2647.045,1.6716428571428423,1.0199999999999818,1.7300000000000182,0.6101781822843171,1.034910054266567,7.0,19.0,-1.0
2024-10-14 17:05:00,2024-10-14 17:36:00,SHORT,2648.165,1.1547857142856108,0.25,1.4900000000002365,0.21649038164163503,1.2902826745843496,19.0,31.0,-1.0
2024-10-14 17:40:00,2024-10-14 18:11:00,SHORT,2648.215,1.1097857142856031,1.0900000000001455,1.1299999999996544,0.982171590397346,1.0182145845399206,9.0,31.0,-1.0
2024-10-15 00:35:00,2024-10-15 00:36:00,SHORT,2648.445,0.9148571428571424,0.0,1.099999999999909,0.0,1.2023735165520562,,1.0,-1.0
2024-10-15 01:55:00,2024-10-15 02:02:00,SHORT,2648.235,1.5613571428570399,0.3400000000001455,1.699999999999818,0.2177592753557963,1.088796376778399,4.0,7.0,-1.0
2024-10-15 09:35:00,2024-10-15 10:27:00,LONG,2654.008,1.4916428571428761,2.4200000000000728,1.462999999999738,1.6223722645214091,0.9807977780968287,52.0,30.0,1.5
2024-10-15 13:05:00,2024-10-15 13:06:00,SHORT,2646.945,2.3897142857142626,0.0,3.06899999999996,0.0,1.284253945480627,,1.0,-1.0
2024-10-15 23:00:00,2024-10-15 23:36:00,SHORT,2661.788,0.516857142857199,0.6230000000000473,0.637000000000171,1.2053620784963675,1.232448866777422,31.0,36.0,-1.0
2024-10-16 07:25:00,2024-10-16 08:51:00,LONG,2675.188,1.9822142857142677,3.5470000000000255,1.5230000000001382,1.7894129941263668,0.7683326726965561,86.0,17.0,1.5
2024-10-16 13:30:00,2024-10-16 13:31:00,LONG,2683.835,2.335999999999948,0.0,2.650000000000091,0.0,1.1344178082192424,,1.0,-1.0
2024-10-16 15:40:00,2024-10-16 16:02:00,SHORT,2672.325,2.8169999999999424,4.6609999999996035,2.7100000000000364,1.6545970891017745,0.9620163294285026,22.0,1.0,1.5
2024-10-16 20:20:00,2024-10-16 22:00:00,SHORT,2673.778,0.7055000000000616,0.76299999999992,1.0700000000001637,1.0815024805100684,1.5166548547130692,100.0,100.0,-1.0
2024-10-17 01:35:00,2024-10-17 01:36:00,LONG,2679.485,1.374214285714223,0.0,2.4100000000003092,0.0,1.7537294038154723,,1.0,-1.0
2024-10-17 03:05:00,2024-10-17 03:06:00,LONG,2682.035,1.8269285714285226,0.0,2.269999999999982,0.0,1.2425225788794854,,1.0,-1.0
2024-10-17 06:35:00,2024-10-17 06:36:00,LONG,2684.345,1.7542857142857753,0.0,1.8099999999999454,0.0,1.0317589576546562,,1.0,-1.0
2024-10-17 13:00:00,2024-10-17 13:08:00,SHORT,2679.425,2.787857142857157,1.7400000000002365,2.8399999999996908,0.6241352805535021,1.018703561362938,3.0,8.0,-1.0
2024-10-17 15:25:00,2024-10-17 15:26:00,LONG,2693.074,3.181714285714276,0.0,3.4890000000000327,0.0,1.096578663793117,,1.0,-1.0
2024-10-17 19:25:00,2024-10-17 19:38:00,LONG,2692.485,1.0165714285714265,0.09999999999990905,1.2400000000002365,0.09836987071379494,1.2197863968523992,4.0,13.0,-1.0
2024-10-17 20:25:00,2024-10-17 20:39:00,LONG,2691.978,0.6056428571428764,0.11999999999989086,0.793999999999869,0.1981365727088594,1.3110036560912623,5.0,14.0,-1.0
2024-10-17 22:35:00,2024-10-17 23:48:00,LONG,2692.645,0.6783571428570992,1.0799999999999272,0.4899999999997817,1.5920817100136837,0.7223333684318611,73.0,26.0,1.5
2024-10-17 23:05:00,2024-10-17 23:06:00,LONG,2692.945,0.5249999999999285,0.0,0.6200000000003456,0.0,1.1809523809532,,1.0,-1.0
2024-10-17 23:30:00,2024-10-17 23:46:00,LONG,2692.785,0.39714285714285325,0.680000000000291,0.3799999999996544,1.7122302158280878,0.9568345323732399,16.0,1.0,1.5
2024-10-18 01:15:00,2024-10-18 01:17:00,LONG,2697.865,1.4228571428571155,0.0,1.90099999999984,0.0,1.3360441767067406,,2.0,-1.0
2024-10-18 07:35:00,2024-10-18 08:47:00,SHORT,2703.605,2.1067142857143284,1.9900000000002365,2.1100000000001273,0.9445989014715789,1.001559639248701,62.0,72.0,-1.0
2024-10-18 11:10:00,2024-10-18 11:25:00,LONG,2712.105,1.5842857142857352,0.8699999999998909,1.6100000000001273,0.5491433724074982,1.0162308385933942,6.0,15.0,-1.0
2024-10-18 15:05:00,2024-10-18 15:06:00,LONG,2718.008,2.513000000000017,0.0,2.5539999999996326,0.0,1.0163151611618046,,1.0,-1.0
2024-10-18 16:00:00,2024-10-18 17:13:00,LONG,2716.095,2.1506428571428517,3.7600000000002183,1.306999999999789,1.7483144574712939,0.6077252648708722,73.0,1.0,1.5
2024-10-18 19:15:00,2024-10-18 19:37:00,LONG,2719.785,1.2999285714285438,0.6200000000003456,1.3999999999996362,0.4769492829279094,1.0769822517718184,15.0,22.0,-1.0
2024-10-18 19:25:00,2024-10-18 19:37:00,LONG,2719.955,1.2562142857142848,0.45000000000027285,1.569999999999709,0.3582191391370799,1.2497867743217115,5.0,12.0,-1.0
2024-10-21 02:00:00,2024-10-21 02:11:00,LONG,2728.274,2.2479999999998848,0.2739999999998872,2.918999999999869,0.12188612099639737,1.298487544483994,5.0,11.0,-1.0
2024-10-21 04:55:00,2024-10-21 05:02:00,LONG,2730.244,0.7364285714285675,0.3109999999996944,1.0289999999999964,0.4223084384088986,1.397284190106695,3.0,7.0,-1.0
2024-10-21 13:05:00,2024-10-21 13:06:00,LONG,2739.095,2.4090000000000407,0.0,2.9299999999998363,0.0,1.2162723121626347,,1.0,-1.0
2024-10-21 19:35:00,2024-10-21 19:36:00,SHORT,2718.598,1.9009999999999698,0.2699999999999818,2.287000000000262,0.14203051025775176,1.2030510257760643,1.0,1.0,-1.0
2024-10-21 19:55:00,2024-10-21 23:26:00,SHORT,2719.764,1.9889999999999353,1.06899999999996,2.130999999999858,0.5374560080442408,1.0713926596279173,50.0,211.0,-1.0
2024-10-21 20:25:00,2024-10-21 22:46:00,SHORT,2719.008,1.445857142857059,0.3129999999996471,1.856999999999971,0.21648058492220698,1.2843592530382917,20.0,141.0,-1.0
2024-10-21 22:55:00,2024-10-21 23:13:00,SHORT,2720.508,0.720928571428593,0.31999999999970896,0.9060000000004038,0.4438719904880404,1.2567125730709674,10.0,18.0,-1.0
2024-10-22 05:25:00,2024-10-22 05:31:00,LONG,2733.975,1.060857142857133,0.2300000000000182,1.449999999999818,0.21680581739834937,1.36681928359801,5.0,6.0,-1.0
2024-10-22 09:05:00,2024-10-22 09:22:00,LONG,2735.415,1.6159999999999854,0.5799999999999272,1.6900000000000546,0.3589108910890671,1.045792079207964,7.0,17.0,-1.0
2024-10-22 09:50:00,2024-10-22 09:59:00,SHORT,2730.295,1.309571428571449,0.6199999999998909,1.3699999999998909,0.4734373295515619,1.0461437765898425,6.0,9.0,-1.0
2024-10-22 14:35:00,2024-10-22 15:09:00,LONG,2739.195,3.033428571428593,4.842999999999847,1.900000000000091,1.5965432796457892,0.6263539606292051,34.0,1.0,1.5
2024-10-22 19:00:00,2024-10-22 19:18:00,LONG,2744.928,1.253071428571437,2.3299999999999272,1.2429999999999382,1.8594311121244234,0.9919626061676462,18.0,2.0,1.5
2024-10-22 20:40:00,2024-10-22 22:16:00,LONG,2747.915,1.084214285714227,0.8600000000001273,1.1469999999999345,0.7932011331446364,1.0579089531589665,19.0,96.0,-1.0
2024-10-22 22:10:00,2024-10-22 23:44:00,LONG,2747.184,0.8494999999999371,0.8309999999996762,0.9490000000000691,0.9782224838136996,1.1171277221896874,24.0,94.0,-1.0
2024-10-22 23:35:00,2024-10-22 23:41:00,LONG,2747.285,0.4189285714284584,0.010000000000218279,0.6599999999998545,0.023870417732837795,1.5754475703325586,2.0,6.0,-1.0
2024-10-23 06:50:00,2024-10-23 07:12:00,LONG,2749.945,1.4732857142857614,2.2199999999998,1.3700000000003456,1.5068360321921945,0.929894308154961,22.0,1.0,1.5
2024-10-23 07:05:00,2024-10-23 07:06:00,LONG,2751.345,1.5669285714285641,0.0,2.019999999999982,0.0,1.2891461913661795,,1.0,-1.0
2024-10-23 10:35:00,2024-10-23 11:04:00,SHORT,2751.365,1.518428571428623,2.2799999999997453,0.5,1.5015523567595894,0.32928779753503445,29.0,3.0,1.5
2024-10-23 11:55:00,2024-10-23 12:09:00,SHORT,2749.785,1.609285714285696,2.5399999999999636,0.693000000000211,1.5783399911229425,0.4306258322238377,14.0,1.0,1.5
2024-10-23 16:00:00,2024-10-23 17:32:00,SHORT,2720.325,3.5549999999999664,5.609999999999673,2.8100000000004,1.5780590717298806,0.790436005625999,92.0,40.0,1.5
2024-10-23 16:40:00,2024-10-23 17:03:00,SHORT,2721.615,2.1730714285714123,3.9599999999995816,1.1600000000003092,1.822305492554796,0.5338066594354419,23.0,2.0,1.5
2024-10-23 19:25:00,2024-10-23 19:34:00,SHORT,2714.875,1.5782142857142714,0.1999999999998181,2.150000000000091,0.1267255035074668,1.3622991627065646,6.0,9.0,-1.0
2024-10-23 20:00:00,2024-10-23 22:22:00,SHORT,2716.008,1.5606428571428361,1.913000000000011,1.5970000000002074,1.2257769234290135,1.0232962606985767,27.0,142.0,-1.0
2024-10-23 20:40:00,2024-10-23 22:03:00,SHORT,2715.458,1.0589285714285583,0.69399999999996,1.2860000000000582,0.6553794266441524,1.2144350758853988,81.0,83.0,-1.0
2024-10-23 20:55:00,2024-10-23 20:56:00,SHORT,2715.014,0.9747857142856772,0.0,1.1039999999998145,0.0,1.1325566058472918,,1.0,-1.0
2024-10-24 02:05:00,2024-10-24 02:13:00,LONG,2724.085,1.8930714285713748,0.0,2.5799999999999272,0.0,1.3628645813681473,,8.0,-1.0
2024-10-24 03:25:00,2024-10-24 03:44:00,LONG,2723.365,1.6142142857142647,0.04000000000041837,1.949999999999818,0.024779857516078783,1.2080180538960932,4.0,19.0,-1.0
2024-10-24 04:15:00,2024-10-24 04:30:00,LONG,2724.005,1.2632857142857574,1.9329999999999927,0.7100000000000364,1.5301368313920034,0.5620264616080611,15.0,2.0,1.5
2024-10-24 08:05:00,2024-10-24 08:06:00,LONG,2734.485,1.6456428571428074,0.0,1.8110000000001492,0.0,1.1004817917445573,,1.0,-1.0
2024-10-24 10:10:00,2024-10-24 10:43:00,LONG,2737.265,1.1001428571427954,1.75,0.7199999999997999,1.5907025061681195,0.6544604596804159,33.0,20.0,1.5
2024-10-24 11:00:00,2024-10-24 11:06:00,LONG,2737.635,1.0263571428570881,0.15999999999985448,1.050000000000182,0.15589115456873007,1.0230357018583986,1.0,6.0,-1.0
2024-10-24 13:15:00,2024-10-24 13:40:00,LONG,2740.945,2.34699999999998,2.230000000000018,2.9770000000003165,0.9501491265445408,1.2684277801450115,17.0,25.0,-1.0
2024-10-24 15:30:00,2024-10-24 16:12:00,SHORT,2731.285,3.17307142857151,4.7599999999997635,1.9700000000002547,1.5001238097380856,0.6208495599127222,42.0,1.0,1.5
2024-10-24 15:50:00,2024-10-24 16:43:00,SHORT,2729.195,2.548285714285807,3.5670000000000073,3.3299999999999272,1.3997645475949738,1.306760847628582,27.0,53.0,-1.0
2024-10-24 18:45:00,2024-10-24 19:00:00,LONG,2735.905,1.3074999999999883,0.8299999999999272,1.4100000000003092,0.6347992351815944,1.078393881453401,6.0,15.0,-1.0
2024-10-24 19:55:00,2024-10-24 19:56:00,LONG,2736.898,1.0491428571428645,0.0,1.3099999999999454,0.0,1.2486383442265188,,1.0,-1.0
2024-10-24 20:35:00,2024-10-24 22:06:00,LONG,2736.028,0.8429999999999771,0.11000000000012733,0.8599999999996726,0.13048635824451996,1.0201660735464957,4.0,91.0,-1.0
2024-10-24 20:55:00,2024-10-24 22:06:00,LONG,2735.875,0.6851428571428316,0.2199999999997999,0.70699999999988,0.32110091743091257,1.0319015846537414,4.0,71.0,-1.0
2024-10-24 23:55:00,2024-10-25 00:04:00,SHORT,2733.688,0.45135714285710754,0.3330000000000837,0.5270000000000437,0.7377749643933433,1.1675898085141934,5.0,9.0,-1.0
2024-10-25 01:45:00,2024-10-25 01:46:00,SHORT,2730.595,1.5347857142857524,0.0,1.7900000000004184,0.0,1.166286591893016,,1.0,-1.0
2024-10-25 04:10:00,2024-10-25 04:11:00,SHORT,2726.055,1.179142857142811,0.0,1.6000000000003638,0.0,1.3569178580085999,,1.0,-1.0
2024-10-25 04:20:00,2024-10-25 04:21:00,SHORT,2725.0,1.0959285714285605,0.0,1.1480000000001382,0.0,1.0475135240827802,,1.0,-1.0
2024-10-25 12:15:00,2024-10-25 12:16:00,LONG,2726.245,1.9221428571428791,0.0,2.2199999999998,0.0,1.1549609810478203,,1.0,-1.0
2024-10-25 12:30:00,2024-10-25 12:49:00,LONG,2727.428,2.0838571428571737,4.157000000000153,1.0029999999997017,1.9948584355933803,0.4813189826556391,19.0,1.0,1.5
2024-10-25 12:40:00,2024-10-25 12:49:00,LONG,2728.475,2.0628571428571507,3.1100000000001273,0.8299999999999272,1.507617728531912,0.4023545706370823,9.0,1.0,1.5
2024-10-25 16:00:00,2024-10-25 16:07:00,LONG,2737.948,1.7811428571428027,0.38000000000010914,1.9400000000000546,0.2133461661855025,1.0891883221046517,3.0,7.0,-1.0
2024-10-25 16:50:00,2024-10-25 17:25:00,LONG,2738.275,1.8347142857143288,3.313000000000102,1.4100000000003092,1.8057307482675518,0.7685120298997067,35.0,1.0,1.5
2024-10-25 19:10:00,2024-10-25 19:39:00,LONG,2741.258,1.3075714285713989,2.007000000000062,1.0329999999999018,1.5349065880040154,0.7900142029934969,29.0,14.0,1.5
2024-10-25 19:25:00,2024-10-25 19:40:00,LONG,2741.455,1.2471428571428598,2.25,0.8969999999999345,1.8041237113402024,0.7192439862542415,15.0,2.0,1.5
2024-10-25 20:00:00,2024-10-25 20:33:00,LONG,2743.395,1.2882142857142753,2.5700000000001637,1.0070000000000618,1.9950097033547314,0.7817022456335447,33.0,23.0,1.5
2024-10-25 20:10:00,2024-10-25 20:23:00,LONG,2743.835,1.1846428571428598,0.2699999999999818,1.4470000000001164,0.22791679228216682,1.2214651793790525,11.0,13.0,-1.0
2024-10-27 23:10:00,2024-10-27 23:28:00,SHORT,2735.585,2.2080714285714618,0.9900000000002365,2.5700000000001637,0.4483550609776826,1.1639116229418611,12.0,18.0,-1.0
2024-10-27 23:50:00,2024-10-28 00:08:00,SHORT,2736.215,1.6925714285715199,2.8299999999999272,1.0799999999999272,1.6720121539499007,0.6380823767723737,18.0,1.0,1.5
2024-10-28 00:05:00,2024-10-28 00:21:00,SHORT,2733.585,1.7540000000000353,0.6300000000001091,1.7699999999999818,0.3591790193843195,1.0091220068414744,9.0,16.0,-1.0
2024-10-28 02:10:00,2024-10-28 02:21:00,SHORT,2731.835,2.2078571428571,1.2699999999999818,2.7599999999997635,0.5752183759301226,1.2500808799740355,2.0,11.0,-1.0
2024-10-28 04:35:00,2024-10-28 04:41:00,SHORT,2730.518,1.1702857142857153,0.08300000000008367,1.1869999999998981,0.07092285156257144,1.014282226562412,5.0,6.0,-1.0
2024-10-28 11:00:00,2024-10-28 11:01:00,SHORT,2730.645,1.7502142857142968,0.0,2.119999999999891,0.0,1.2112802513977179,,1.0,-1.0
2024-10-28 11:30:00,2024-10-28 11:42:00,SHORT,2731.155,1.5174285714285816,1.5700000000001637,1.5799999999999272,1.0346450762569264,1.0412351722838842,9.0,12.0,-1.0
2024-10-28 15:20:00,2024-10-28 15:33:00,LONG,2742.545,2.1488571428570986,0.7730000000001382,2.2100000000000364,0.35972610025269774,1.0284536630767567,7.0,13.0,-1.0
2024-10-28 16:00:00,2024-10-28 16:32:00,LONG,2741.735,1.9269285714285616,2.9200000000000728,1.800000000000182,1.51536494050492,0.9341290729140629,32.0,2.0,1.5
2024-10-29 04:00:00,2024-10-29 04:01:00,LONG,2753.215,1.4902142857142735,0.0,1.9909999999999854,0.0,1.3360494655610422,,1.0,-1.0
2024-10-29 04:15:00,2024-10-29 04:23:00,LONG,2754.565,1.3623571428571333,0.5399999999999636,1.6669999999999163,0.3963718345304642,1.22361453363388,4.0,8.0,-1.0
2024-10-29 06:45:00,2024-10-29 06:55:00,LONG,2755.855,1.6752142857143164,0.5900000000001455,1.8099999999999454,0.35219374920060914,1.0804587899202136,4.0,10.0,-1.0
2024-10-29 18:10:00,2024-10-29 18:24:00,LONG,2769.135,1.666928571428603,2.5229999999996835,0.75,1.513562154518357,0.4499292968247761,14.0,1.0,1.5
2024-10-29 20:20:00,2024-10-29 20:44:00,LONG,2772.358,0.8003571428570402,1.306999999999789,0.6230000000000473,1.6330209727799547,0.7784024988845856,24.0,11.0,1.5
2024-10-30 01:30:00,2024-10-30 01:31:00,LONG,2778.935,1.5076428571427576,0.0,1.5299999999997453,0.0,1.0148292035816482,,1.0,-1.0
2024-10-30 05:20:00,2024-10-30 05:21:00,LONG,2780.335,0.8661428571429042,0.0,1.4099999999998545,0.0,1.6279069767439296,,1.0,-1.0
2024-10-30 07:50:00,2024-10-30 07:51:00,LONG,2782.145,1.4312142857143044,0.0,1.599999999999909,0.0,1.1179318261215967,,1.0,-1.0
2024-10-30 09:20:00,2024-10-30 09:38:00,SHORT,2781.435,1.495357142857139,1.0599999999999454,1.54300000000012,0.7088607594936362,1.0318605206592661,6.0,18.0,-1.0
2024-10-30 10:00:00,2024-10-30 10:38:00,LONG,2784.805,1.3326428571428681,1.5830000000000837,1.3769999999999527,1.1878651444498574,1.0332850940665261,22.0,38.0,-1.0
2024-10-30 14:05:00,2024-10-30 14:55:00,SHORT,2776.908,3.8447857142856656,1.8730000000000473,4.1469999999999345,0.48715328738367353,1.078603674735724,25.0,50.0,-1.0
2024-10-30 17:05:00,2024-10-30 17:26:00,LONG,2785.658,1.6708571428571628,2.5300000000002,1.4229999999997744,1.51419288645701,0.851658686730361,21.0,2.0,1.5
2024-10-30 18:20:00,2024-10-30 18:34:00,LONG,2788.868,1.2866428571428514,0.32999999999992724,1.400000000000091,0.2564814300782214,1.0881030366957953,4.0,14.0,-1.0
2024-10-30 18:35:00,2024-10-30 19:03:00,LONG,2788.175,1.1778571428571598,0.8129999999996471,1.5100000000002183,0.690236506973614,1.281989084293678,19.0,28.0,-1.0
2024-10-30 18:50:00,2024-10-30 19:03:00,LONG,2788.198,1.0547857142857668,0.7899999999999636,1.5329999999999018,0.7489672919346475,1.4533757702984733,4.0,13.0,-1.0
2024-10-30 22:50:00,2024-10-30 23:31:00,LONG,2787.285,0.9109999999999933,0.6790000000000873,0.9699999999997999,0.7453347969265558,1.064763995609009,15.0,41.0,-1.0
2024-10-31 00:40:00,2024-10-31 01:02:00,LONG,2787.565,0.9409285714284904,1.900000000000091,0.8200000000001637,2.019281864419917,0.8714795414866227,22.0,13.0,1.5
2024-10-31 01:20:00,2024-10-31 01:37:00,LONG,2788.815,1.3006428571428452,0.4699999999997999,1.3200000000001637,0.36135976714796303,1.014882750288454,12.0,17.0,-1.0
2024-10-31 06:50:00,2024-10-31 06:57:00,SHORT,2782.715,1.39650000000006,2.400000000000091,1.2199999999998,1.7185821697099806,0.8736126029357304,7.0,1.0,1.5
2024-10-31 08:00:00,2024-10-31 08:10:00,SHORT,2781.735,1.8219285714285758,2.800000000000182,1.2029999999999745,1.5368330262281904,0.6602893323401263,10.0,1.0,1.5
2024-10-31 16:45:00,2024-10-31 17:03:00,SHORT,2739.275,2.281714285714283,0.9770000000003165,2.75,0.42818682694729676,1.205234159779616,6.0,18.0,-1.0
2024-10-31 18:15:00,2024-10-31 18:33:00,SHORT,2741.215,1.6262857142857814,0.8500000000003638,4.420000000000073,0.5226633872103216,2.717849613492554,12.0,18.0,-1.0
2024-11-01 02:55:00,2024-11-01 03:52:00,LONG,2748.595,1.780714285714339,3.0790000000001783,1.3799999999996544,1.7290814279984439,0.7749699157639224,57.0,2.0,1.5
2024-11-01 05:30:00,2024-11-01 05:38:00,LONG,2752.414,0.7454285714285496,1.3609999999998763,0.5590000000001965,1.8257953238787683,0.7499041778462036,8.0,1.0,1.5
2024-11-01 12:05:00,2024-11-01 12:18:00,LONG,2753.135,1.6092857142856636,1.3799999999996544,2.2400000000002365,0.8575233022634607,1.3919218819353882,11.0,13.0,-1.0
2024-11-01 13:00:00,2024-11-01 13:01:00,LONG,2759.754,3.830714285714326,0.0,3.8890000000001237,0.0,1.015215364534797,,1.0,-1.0
2024-11-01 15:30:00,2024-11-01 15:53:00,SHORT,2748.215,3.6813571428571583,5.579999999999927,1.5799999999999272,1.5157453578842945,0.4291895457808434,23.0,1.0,1.5
2024-11-04 00:45:00,2024-11-04 01:00:00,LONG,2738.985,1.2685714285714116,2.212999999999738,0.6100000000001273,1.744481981981799,0.4808558558559627,15.0,2.0,1.5
2024-11-04 03:00:00,2024-11-04 03:15:00,LONG,2740.015,1.3775714285715301,2.1700000000000728,0.819999999999709,1.5752359224307155,0.5952504407339562,15.0,7.0,1.5
2024-11-04 04:00:00,2024-11-04 04:27:00,LONG,2741.115,1.2089285714286169,0.7800000000002001,1.3699999999998909,0.6451994091581915,1.133234859674904,8.0,27.0,-1.0
2024-11-04 05:05:00,2024-11-04 05:06:00,LONG,2741.715,0.9628571428570792,0.0,1.3099999999999454,0.0,1.3605341246291134,,1.0,-1.0
2024-11-04 10:35:00,2024-11-04 10:36:00,LONG,2742.025,1.8828571428571195,0.0,1.930000000000291,0.0,1.0250379362672386,,1.0,-1.0
2024-11-04 12:20:00,2024-11-04 12:48:00,LONG,2740.725,1.5657142857143558,2.369999999999891,1.319999999999709,1.5136861313867238,0.8430656934304334,28.0,11.0,1.5
2024-11-04 17:30:00,2024-11-04 17:54:00,SHORT,2736.065,1.8859999999999673,0.9700000000002547,1.9600000000000364,0.5143160127254885,1.0392364793213522,18.0,24.0,-1.0
2024-11-04 19:25:00,2024-11-04 19:34:00,SHORT,2737.448,1.2162857142856995,0.3330000000000837,1.2800000000002,0.2737843551797761,1.052384308198439,5.0,9.0,-1.0
2024-11-04 19:40:00,2024-11-04 20:02:00,SHORT,2738.668,1.1171428571428155,1.893000000000029,0.8899999999998727,1.6945012787724678,0.7966751918157725,22.0,1.0,1.5
2024-11-05 00:50:00,2024-11-05 01:00:00,SHORT,2735.715,0.9064285714285104,1.4600000000000364,0.7929999999996653,1.6107171000789509,0.8748620961383815,10.0,1.0,1.5
2024-11-05 02:30:00,2024-11-05 02:31:00,SHORT,2730.435,1.8264999999999287,0.0,3.730000000000018,0.0,2.0421571311251925,,1.0,-1.0
2024-11-05 05:05:00,2024-11-05 05:17:00,LONG,2734.325,1.0538571428571035,1.7330000000001746,0.1799999999998363,1.6444354073473872,0.17080113867410887,12.0,6.0,1.5
2024-11-05 08:45:00,2024-11-05 08:56:00,LONG,2739.655,1.9087142857143005,3.0099999999997635,0.43000000000029104,1.5769777711247797,0.22528253873228157,11.0,3.0,1.5
2024-11-05 11:25:00,2024-11-05 11:45:00,LONG,2740.885,1.6080714285714879,1.5099999999997635,1.6900000000000546,0.9390130147024346,1.0509483409585525,17.0,20.0,-1.0
2024-11-05 16:25:00,2024-11-05 16:50:00,SHORT,2737.805,2.4728571428571677,1.569999999999709,2.9400000000000546,0.6348931253609389,1.1889081455805994,18.0,25.0,-1.0
2024-11-05 21:05:00,2024-11-05 21:27:00,LONG,2743.305,0.9193571428571171,1.400000000000091,0.31999999999970896,1.5228032009946253,0.3480693030841466,22.0,1.0,1.5
2024-11-05 23:25:00,2024-11-05 23:38:00,LONG,2743.655,0.7802142857141722,0.13999999999987267,0.8770000000004075,0.17943788336523872,1.1240501693680758,6.0,13.0,-1.0
2024-11-05 23:50:00,2024-11-06 00:02:00,LONG,2745.295,0.9252142857142189,0.9200000000000728,0.9900000000002365,0.9943642399445648,1.0700223886361702,6.0,12.0,-1.0
2024-11-06 10:15:00,2024-11-06 10:27:00,SHORT,2723.315,3.3393571428570925,1.2800000000002,3.630000000000109,0.38330730893463394,1.0870355714316762,3.0,12.0,-1.0
2024-11-06 17:15:00,2024-11-06 17:46:00,SHORT,2667.535,2.8378571428571115,4.519999999999982,1.650000000000091,1.5927510697206253,0.5814246161591122,31.0,1.0,1.5
2024-11-06 17:25:00,2024-11-06 17:49:00,SHORT,2666.695,2.57071428571427,3.880000000000109,2.2599999999997635,1.509308141150371,0.8791330925256149,24.0,1.0,1.5
2024-11-06 17:35:00,2024-11-06 17:50:00,SHORT,2665.905,2.3885714285713675,3.630000000000109,0.9699999999997999,1.5197368421053477,0.40610047846882613,15.0,2.0,1.5
2024-11-06 18:05:00,2024-11-06 18:06:00,SHORT,2663.205,2.449071428571415,0.0,2.519999999999982,0.0,1.0289614139469754,,1.0,-1.0
2024-11-06 19:35:00,2024-11-06 19:36:00,SHORT,2666.005,1.8319285714286317,0.0,2.0899999999996908,0.0,1.1408741763167118,,1.0,-1.0
2024-11-07 04:55:00,2024-11-07 05:00:00,SHORT,2654.455,1.4138571428570685,0.4600000000000364,1.6900000000000546,0.3253511164999923,1.195311710619481,2.0,5.0,-1.0
2024-11-08 02:40:00,2024-11-08 03:10:00,SHORT,2696.765,2.3307857142857364,0.73700000000008,2.713000000000193,0.31620238423588065,1.1639851674788495,7.0,30.0,-1.0
2024-11-08 04:50:00,2024-11-08 05:07:00,SHORT,2693.788,1.2547857142856824,0.38000000000010914,1.4969999999998436,0.30284055331027854,1.19303239027713,6.0,17.0,-1.0
2024-11-08 08:00:00,2024-11-08 08:01:00,SHORT,2685.135,2.2180714285713554,0.0,2.9099999999998545,0.0,1.311950536180057,,1.0,-1.0
2024-11-08 10:15:00,2024-11-08 10:16:00,SHORT,2685.185,1.9066428571428722,0.0,1.9600000000000364,0.0,1.027984864945877,,1.0,-1.0
2024-11-08 12:15:00,2024-11-08 12:21:00,LONG,2690.265,1.7614285714285285,0.5500000000001819,2.1099999999996726,0.31224655312257643,1.1978913219787566,1.0,6.0,-1.0
2024-11-08 12:40:00,2024-11-08 12:54:00,LONG,2689.765,1.9660714285713377,2.9600000000000364,0.6199999999998909,1.5055404178020864,0.3153496821071344,14.0,3.0,1.5
2024-11-08 13:40:00,2024-11-08 13:51:00,LONG,2694.675,2.452571428571381,4.029999999999745,1.6200000000003456,1.6431733457594808,0.6605312208762022,11.0,1.0,1.5
2024-11-08 16:50:00,2024-11-08 16:59:00,SHORT,2687.144,2.173285714285742,4.358999999999924,0.45100000000002183,2.0057187931373877,0.20751988430947957,9.0,5.0,1.5
2024-11-08 17:35:00,2024-11-08 18:00:00,SHORT,2686.135,2.3834999999999775,0.8000000000001819,2.3899999999998727,0.335640864275305,1.0027270820221923,8.0,25.0,-1.0
2024-11-11 00:40:00,2024-11-11 00:48:00,SHORT,2683.715,1.051642857142854,0.43000000000029104,1.1199999999998909,0.40888405895565394,1.0650003396045995,1.0,8.0,-1.0
2024-11-11 05:20:00,2024-11-11 05:21:00,SHORT,2669.235,1.6908571428571773,0.0,1.7999999999997272,0.0,1.0645488340653797,,1.0,-1.0
2024-11-11 05:50:00,2024-11-11 06:08:00,SHORT,2669.765,2.008785714285653,1.7899999999999636,2.0599999999999454,0.891085588308511,1.0254951463215203,8.0,18.0,-1.0
2024-11-11 08:30:00,2024-11-11 08:38:00,SHORT,2667.745,1.6947857142857694,0.27999999999974534,2.7200000000002547,0.16521262696490527,1.6049226619464039,6.0,8.0,-1.0
2024-11-11 11:50:00,2024-11-11 12:34:00,SHORT,2662.375,2.620000000000021,4.630000000000109,2.0100000000002183,1.7671755725191114,0.7671755725191611,44.0,1.0,1.5
2024-11-11 12:00:00,2024-11-11 12:01:00,SHORT,2660.235,2.5107142857142923,0.0,2.5899999999996908,0.0,1.0315789473682953,,1.0,-1.0
2024-11-11 12:45:00,2024-11-11 12:46:00,SHORT,2658.925,2.350928571428572,0.0,2.8029999999998836,0.0,1.1922948379059448,,1.0,-1.0
2024-11-12 00:45:00,2024-11-12 01:04:00,LONG,2624.225,1.0352142857142812,1.3600000000001273,1.1770000000001346,1.3137376664597988,1.1369626716347172,16.0,19.0,-1.0
2024-11-12 02:50:00,2024-11-12 03:47:00,LONG,2622.428,2.163000000000011,1.1570000000001528,2.5029999999997017,0.5349052242256805,1.1571890892277805,35.0,57.0,-1.0
2024-11-12 07:20:00,2024-11-12 07:21:00,SHORT,2600.115,2.8622857142857225,0.0,6.050000000000182,0.0,2.1136953483729863,,1.0,-1.0
2024-11-12 07:55:00,2024-11-12 08:02:00,SHORT,2598.125,3.714357142857222,0.40099999999983993,5.170000000000073,0.10795946231798695,1.3918963096863421,4.0,7.0,-1.0
2024-11-12 08:55:00,2024-11-12 09:07:00,SHORT,2600.495,2.9643571428571573,4.730000000000018,1.4100000000003092,1.5956242018264604,0.4756511891280748,12.0,3.0,1.5
2024-11-12 10:15:00,2024-11-12 10:16:00,SHORT,2590.865,2.877071428571331,0.0,3.630000000000109,0.0,1.261699644976371,,1.0,-1.0
2024-11-12 11:15:00,2024-11-12 11:29:00,SHORT,2595.465,3.0307857142856847,3.0100000000002183,3.2100000000000364,0.9931418066980149,1.0591312955150938,7.0,14.0,-1.0
2024-11-12 18:30:00,2024-11-12 18:55:00,SHORT,2597.404,2.0989285714285546,1.1089999999999236,2.3040000000000873,0.5283648119788686,1.09770290964783,12.0,25.0,-1.0
2024-11-12 20:25:00,2024-11-12 20:41:00,SHORT,2598.064,1.3862857142857072,0.7789999999999964,1.7339999999999236,0.5619332234130258,1.2508244023082777,6.0,16.0,-1.0
2024-11-13 01:00:00,2024-11-13 01:09:00,LONG,2601.685,0.981214285714259,2.0030000000001564,0.7199999999997999,2.0413481837375667,0.73378466914155,9.0,1.0,1.5
2024-11-13 02:40:00,2024-11-13 02:53:00,LONG,2608.365,1.9775714285714068,4.0300000000002,1.25,2.037853066531945,0.63208842014015,13.0,1.0,1.5
2024-11-13 04:10:00,2024-11-13 04:42:00,LONG,2610.195,1.7173571428571515,1.7399999999997817,2.4470000000001164,1.0131847107264826,1.4248637857173172,19.0,32.0,-1.0
2024-11-13 06:55:00,2024-11-13 07:05:00,SHORT,2605.285,1.546214285714346,0.8099999999999454,2.0300000000002,0.5238601191850508,1.3128840024022588,6.0,10.0,-1.0
2024-11-13 11:05:00,2024-11-13 11:06:00,LONG,2611.088,1.6037857142857124,0.0,2.993000000000393,0.0,1.8662094152231572,,1.0,-1.0
2024-11-13 14:05:00,2024-11-13 14:35:00,LONG,2613.375,3.434500000000006,2.880000000000109,3.5100000000002183,0.8385500072791102,1.0219828213714404,9.0,30.0,-1.0
2024-11-13 16:00:00,2024-11-13 16:26:00,SHORT,2603.255,3.798285714285709,6.75,2.5899999999996908,1.7771174966150167,0.6818865653677546,26.0,1.0,1.5
2024-11-13 16:10:00,2024-11-13 16:28:00,SHORT,2601.745,3.653999999999964,5.599999999999909,3.150000000000091,1.5325670498084194,0.8620689655172747,18.0,1.0,1.5
2024-11-13 20:00:00,2024-11-13 20:01:00,SHORT,2575.875,1.7305714285714007,0.0,4.670000000000073,0.0,2.69853062572239,,1.0,-1.0
2024-11-14 00:25:00,2024-11-14 01:02:00,SHORT,2573.515,2.9401428571428108,6.871000000000095,0.8299999999999272,2.336961274962413,0.28229920800736513,37.0,1.0,1.5
2024-11-14 03:35:00,2024-11-14 04:47:00,SHORT,2561.275,1.760285714285796,2.150000000000091,2.0399999999999636,1.2213926310663803,1.1589027755233796,28.0,72.0,-1.0
2024-11-14 06:05:00,2024-11-14 06:31:00,SHORT,2558.225,1.8442857142856286,3.20699999999988,1.0599999999999454,1.7388845855925796,0.5747482571649855,26.0,2.0,1.5
2024-11-14 07:05:00,2024-11-14 07:13:00,SHORT,2554.315,2.115428571428668,3.5909999999998945,1.9200000000000728,1.6975283630468743,0.9076175040518568,8.0,1.0,1.5
2024-11-14 07:40:00,2024-11-14 08:08:00,SHORT,2556.015,2.6324285714285907,1.6269999999999527,2.7029999999999745,0.6180604547674383,1.0268084875454324,21.0,28.0,-1.0
2024-11-14 07:55:00,2024-11-14 08:10:00,SHORT,2556.824,2.5208571428571696,2.436000000000149,2.6839999999997417,0.9663379802788656,1.0647172163662015,6.0,15.0,-1.0
2024-11-14 08:20:00,2024-11-14 08:36:00,SHORT,2555.585,2.4053571428571234,0.7899999999999636,3.119999999999891,0.3284335560504701,1.2971046770600987,4.0,16.0,-1.0
2024-11-14 09:05:00,2024-11-14 09:18:00,SHORT,2555.775,2.4039285714285534,4.2270000000003165,1.4099999999998545,1.7583717129699858,0.586539890060856,13.0,1.0,1.5
2024-11-14 11:25:00,2024-11-14 11:32:00,SHORT,2545.705,2.4718571428570613,0.650000000000091,2.5300000000002,0.2629601803155977,1.0235219326129565,2.0,7.0,-1.0
2024-11-14 15:15:00,2024-11-14 16:18:00,LONG,2567.508,3.75314285714288,7.037000000000262,3.1140000000000327,1.8749619366626649,0.8297046285018307,63.0,2.0,1.5
2024-11-14 17:30:00,2024-11-14 17:45:00,LONG,2570.185,2.0569285714286383,0.5300000000002001,2.0599999999999454,0.25766572906908913,1.0014932110983192,7.0,15.0,-1.0
2024-11-14 18:40:00,2024-11-14 19:08:00,LONG,2570.415,2.0254999999999654,3.119999999999891,1.5099999999997635,1.540360404838284,0.7454949395210019,28.0,7.0,1.5
2024-11-14 19:00:00,2024-11-14 19:15:00,LONG,2571.995,1.7871428571428234,2.800000000000182,1.6599999999998545,1.566746602717957,0.9288569144683614,15.0,1.0,1.5
2024-11-14 21:20:00,2024-11-15 01:05:00,SHORT,2566.515,2.58257142857149,2.6169999999997344,3.3600000000001273,1.0133311206990654,1.3010288748755576,100.0,225.0,-1.0
2024-11-14 23:40:00,2024-11-15 00:34:00,SHORT,2566.455,0.9259999999999309,0.6669999999999163,0.9700000000002547,0.7203023758098986,1.0475161987044568,48.0,54.0,-1.0
2024-11-14 23:50:00,2024-11-15 00:20:00,SHORT,2566.395,0.8145714285713309,0.34999999999990905,0.8200000000001637,0.4296737986670742,1.0066643283061794,3.0,30.0,-1.0
2024-11-15 00:25:00,2024-11-15 00:34:00,SHORT,2566.335,0.6397142857142951,0.5470000000000255,1.0900000000001455,0.8550692273336583,1.7038856632427215,3.0,9.0,-1.0
2024-11-15 03:45:00,2024-11-15 03:56:00,LONG,2569.615,1.328000000000007,0.24000000000023647,1.699999999999818,0.18072289156644217,1.280120481927567,5.0,11.0,-1.0
2024-11-15 09:35:00,2024-11-15 09:54:00,LONG,2567.055,2.015285714285613,0.6200000000003456,2.269999999999982,0.3076486850501622,1.1263911533281825,5.0,19.0,-1.0
2024-11-15 10:05:00,2024-11-15 10:22:00,LONG,2564.345,1.779357142857082,2.8100000000004,1.3299999999999272,1.5792220304286038,0.7474609610212203,17.0,7.0,1.5
2024-11-15 10:35:00,2024-11-15 10:36:00,LONG,2569.605,2.0243571428571676,0.0,2.536999999999807,0.0,1.2532373593026662,,1.0,-1.0
2024-11-15 11:25:00,2024-11-15 11:26:00,LONG,2570.235,2.2110000000000127,0.0,2.4270000000001346,0.0,1.0976933514247493,,1.0,-1.0
2024-11-15 12:20:00,2024-11-15 13:00:00,LONG,2567.044,2.069714285714391,3.1840000000001965,1.7460000000000946,1.5383765875207234,0.8435946990612948,40.0,2.0,1.5
2024-11-15 16:10:00,2024-11-15 16:18:00,LONG,2572.615,2.7941428571427878,0.5500000000001819,3.006999999999607,0.1968403292602571,1.076179763791491,2.0,8.0,-1.0
2024-11-18 00:40:00,2024-11-18 00:41:00,LONG,2573.035,1.6071428571428572,0.0,2.230000000000018,0.0,1.3875555555555668,,1.0,-1.0
2024-11-18 03:25:00,2024-11-18 04:49:00,LONG,2589.405,1.9097857142857524,3.230000000000018,1.0900000000001455,1.691289224669909,0.5707446609567914,84.0,22.0,1.5
2024-11-18 03:50:00,2024-11-18 04:30:00,LONG,2589.485,1.643428571428623,2.4899999999997817,1.0199999999999818,1.5151251738523928,0.6206536856745174,40.0,1.0,1.5
2024-11-18 10:35:00,2024-11-18 11:30:00,LONG,2591.585,2.206499999999973,3.699999999999818,1.099999999999909,1.6768638114660608,0.49852707908448785,55.0,7.0,1.5
2024-11-18 10:55:00,2024-11-18 10:56:00,LONG,2593.945,2.0778571428571206,0.0,2.117000000000189,0.0,1.0188380886903734,,1.0,-1.0
2024-11-18 12:50:00,2024-11-18 13:04:00,LONG,2594.865,1.8252142857142775,2.900000000000091,1.2899999999999636,1.5888545376277328,0.706766328806777,14.0,7.0,1.5
2024-11-18 16:45:00,2024-11-18 17:07:00,LONG,2611.045,1.7702142857142462,1.2899999999999636,1.9800000000000182,0.7287253359157444,1.1185086551265333,11.0,22.0,-1.0
2024-11-18 17:50:00,2024-11-18 18:01:00,LONG,2610.895,1.5271428571428325,0.5500000000001819,1.7199999999998,0.3601496725913317,1.12628624883057,3.0,11.0,-1.0
2024-11-18 20:00:00,2024-11-18 20:34:00,LONG,2610.505,1.2074285714285062,0.900000000000091,1.3699999999998909,0.7453857075249618,1.1346426881211256,18.0,34.0,-1.0
2024-11-18 21:10:00,2024-11-18 21:45:00,LONG,2610.448,1.0293571428571144,1.7270000000003165,0.3330000000000837,1.6777461661234543,0.32350287974472974,35.0,4.0,1.5
2024-11-19 00:25:00,2024-11-19 00:26:00,LONG,2612.225,0.7862857142857332,0.0,1.0299999999997453,0.0,1.3099563953484819,,1.0,-1.0
2024-11-19 01:45:00,2024-11-19 02:11:00,LONG,2615.645,1.9450000000000014,3.4600000000000364,1.5700000000001637,1.7789203084833078,0.8071979434448137,26.0,1.0,1.5
2024-11-19 04:35:00,2024-11-19 04:47:00,LONG,2622.795,1.2827857142857673,1.9699999999998,0.8800000000001091,1.5357202516841728,0.686007015980902,12.0,1.0,1.5
2024-11-19 05:10:00,2024-11-19 05:11:00,LONG,2622.485,1.1358571428572108,0.0,1.7699999999999818,0.0,1.5582945541440236,,1.0,-1.0
2024-11-19 05:40:00,2024-11-19 05:46:00,LONG,2622.935,1.212571428571469,0.2800000000002001,1.6300000000001091,0.23091423185689622,1.3442507068803466,3.0,6.0,-1.0
2024-11-19 05:55:00,2024-11-19 06:03:00,LONG,2622.435,1.2009285714285787,2.0700000000001637,1.0470000000000255,1.7236662106704406,0.8718253732231172,8.0,1.0,1.5
2024-11-19 21:50:00,2024-11-19 23:27:00,LONG,2632.475,1.1757142857142557,1.7989999999999782,0.75,1.5301336573511748,0.6379100850546943,97.0,79.0,1.5
2024-11-19 23:10:00,2024-11-19 23:11:00,LONG,2633.445,1.0686428571428093,0.0,1.3170000000000073,0.0,1.232404251052799,,1.0,-1.0
2024-11-20 01:35:00,2024-11-20 01:36:00,LONG,2638.485,1.8170714285714828,0.0,2.3270000000002256,0.0,1.2806321003184946,,1.0,-1.0
2024-11-20 02:55:00,2024-11-20 03:54:00,LONG,2640.048,1.3987142857143422,1.0970000000002074,1.4539999999997235,0.7842916964560455,1.0395260953934893,33.0,59.0,-1.0
2024-11-20 10:05:00,2024-11-20 10:15:00,SHORT,2621.715,1.6584285714285605,0.03000000000020009,1.7399999999997817,0.018089413386286675,1.0491859763974978,4.0,10.0,-1.0
2024-11-20 10:45:00,2024-11-20 10:57:00,SHORT,2623.585,1.620357142857204,1.1399999999998727,1.800000000000182,0.7035486003966328,1.1108662111528145,2.0,12.0,-1.0
2024-11-20 11:10:00,2024-11-20 11:11:00,SHORT,2622.595,1.5877142857143554,0.0,1.6100000000001273,0.0,1.014036350548893,,1.0,-1.0
2024-11-20 21:40:00,2024-11-20 23:39:00,LONG,2649.995,1.2634285714285138,2.050000000000182,1.2300000000000182,1.62256897331546,0.973541383989204,119.0,94.0,1.5
2024-11-21 05:05:00,2024-11-21 05:13:00,LONG,2657.208,0.7995714285713932,0.3469999999997526,1.4500000000002728,0.4339824906196848,1.813471502591095,4.0,8.0,-1.0
2024-11-21 09:50:00,2024-11-21 11:14:00,LONG,2666.945,2.316571428571381,4.109999999999673,2.1910000000002583,1.774173655648637,0.9457942772571609,84.0,1.0,1.5
2024-11-21 10:10:00,2024-11-21 10:11:00,LONG,2668.165,2.2853571428571677,0.4099999999998545,3.2100000000000364,0.1794030317236412,1.4045944678856077,1.0,1.0,-1.0
2024-11-21 20:50:00,2024-11-21 21:24:00,LONG,2670.695,1.2150000000000156,1.0599999999999454,1.6200000000003456,0.8724279835390385,1.3333333333336006,17.0,34.0,-1.0
2024-11-21 23:40:00,2024-11-22 00:04:00,SHORT,2668.855,1.014357142857177,0.2800000000002001,1.2699999999999818,0.27603689881013094,1.252024505316467,18.0,24.0,-1.0
2024-11-24 23:15:00,2024-11-24 23:25:00,LONG,2715.805,3.5797857142857277,0.7989999999999782,4.661000000000058,0.22319771734141414,1.3020332422132324,5.0,10.0,-1.0
2024-11-24 23:40:00,2024-11-25 00:34:00,LONG,2717.455,4.504714285714239,3.730000000000018,4.739999999999782,0.8280214378587638,1.052230996099287,2.0,54.0,-1.0
2024-11-25 10:25:00,2024-11-25 10:37:00,SHORT,2669.655,1.9817857142857715,0.9970000000002983,2.2799999999997453,0.5030816363310064,1.1504775635247977,4.0,12.0,-1.0
2024-11-25 13:05:00,2024-11-25 13:06:00,LONG,2682.575,2.518571428571412,0.0,2.669999999999618,0.0,1.0601247872942399,,1.0,-1.0
2024-11-25 13:20:00,2024-11-25 13:21:00,LONG,2685.205,2.683357142857111,0.0,3.25,0.0,1.211169377379097,,1.0,-1.0
2024-11-25 20:20:00,2024-11-25 23:15:00,SHORT,2626.395,2.005285714285687,2.2669999999998254,2.0830000000000837,1.1305122177102653,1.038754719669501,160.0,175.0,-1.0
2024-11-25 21:55:00,2024-11-25 23:00:00,SHORT,2624.645,0.9783571428571511,0.5169999999998254,1.5700000000001637,0.5284368839890118,1.6047309629847488,65.0,65.0,-1.0
2024-11-26 03:30:00,2024-11-26 04:46:00,LONG,2628.225,2.2075714285714576,3.0729999999998654,2.2899999999999636,1.3920274380378421,1.0373390280204189,32.0,76.0,-1.0
2024-11-26 04:20:00,2024-11-26 04:31:00,LONG,2628.735,1.4142857142857597,0.900000000000091,1.6700000000000728,0.6363636363636802,1.1808080808080943,1.0,11.0,-1.0
2024-11-26 06:15:00,2024-11-26 07:25:00,SHORT,2622.555,2.502357142857136,4.940000000000055,2.1130000000002838,1.97413866925473,0.8444038478007608,70.0,1.0,1.5
2024-11-26 06:30:00,2024-11-26 07:25:00,SHORT,2622.515,2.4215714285714642,4.900000000000091,1.1400000000003274,2.023479440740967,0.470768686213331,55.0,1.0,1.5
2024-11-26 06:40:00,2024-11-26 07:25:00,SHORT,2622.015,2.141571428571459,4.400000000000091,1.1400000000003274,2.0545660729771327,0.5323193916351263,45.0,14.0,1.5
2024-11-26 08:35:00,2024-11-26 08:50:00,SHORT,2613.885,2.3782142857143884,1.5100000000002183,2.3899999999998727,0.6349301696952138,1.004955699053815,7.0,15.0,-1.0
2024-11-26 12:35:00,2024-11-26 12:43:00,LONG,2632.735,2.0585714285714403,0.01999999999998181,2.5100000000002183,0.009715475364321435,1.219292158223555,4.0,8.0,-1.0
2024-11-26 17:35:00,2024-11-26 18:00:00,SHORT,2626.304,1.9385714285714195,3.4100000000003092,1.2309999999997672,1.7590272660281707,0.6350036845982616,25.0,9.0,1.5
2024-11-26 17:55:00,2024-11-26 18:04:00,SHORT,2624.784,1.724428571428559,3.0,1.6399999999998727,1.739706735150373,0.9510396818821301,9.0,2.0,1.5
2024-11-27 04:05:00,2024-11-27 04:29:00,LONG,2637.775,1.321285714285685,2.4600000000000364,1.0399999999999636,1.861822899773017,0.7871121202292038,24.0,3.0,1.5
2024-11-27 05:15:00,2024-11-27 05:16:00,LONG,2639.155,1.0028571428571402,0.0,1.080000000000382,0.0,1.0769230769234606,,1.0,-1.0
2024-11-27 06:10:00,2024-11-27 06:12:00,LONG,2641.235,1.9281428571429646,0.0,2.3710000000000946,0.0,1.2296806697784497,,2.0,-1.0
2024-11-27 06:20:00,2024-11-27 06:21:00,LONG,2643.275,2.1107857142858393,0.0,2.867000000000189,0.0,1.3582619877500008,,1.0,-1.0
2024-11-27 08:15:00,2024-11-27 08:16:00,LONG,2648.748,1.4785000000000375,0.0,3.3229999999998654,0.0,2.247548190733704,,1.0,-1.0
2024-11-27 08:40:00,2024-11-27 08:54:00,LONG,2648.035,1.9677857142857778,3.8900000000003274,1.18100000000004,1.9768412646558071,0.6001669752078125,14.0,1.0,1.5
2024-11-27 10:45:00,2024-11-27 11:06:00,LONG,2648.408,1.2877142857143034,0.8299999999999272,1.8330000000000837,0.644552917683538,1.4234524073663646,10.0,21.0,-1.0
2024-11-27 15:10:00,2024-11-27 15:11:00,SHORT,2639.445,3.5921428571427896,0.0,4.279999999999745,0.0,1.1914893617020792,,1.0,-1.0
2024-11-27 15:55:00,2024-11-27 17:01:00,SHORT,2642.508,4.117999999999971,6.843999999999596,2.2760000000002947,1.6619718309858291,0.5526954832443688,66.0,1.0,1.5
2024-11-27 16:10:00,2024-11-27 17:03:00,SHORT,2640.775,3.538428571428572,5.619999999999891,2.8600000000001273,1.5882756671645697,0.808268400016185,53.0,33.0,1.5
2024-11-27 18:40:00,2024-11-27 18:41:00,SHORT,2637.905,1.6452857142858193,0.0,1.7989999999999782,0.0,1.0934271077536724,,1.0,-1.0
2024-11-27 19:00:00,2024-11-27 19:26:00,SHORT,2638.465,1.4871428571429337,2.2600000000002183,0.819999999999709,1.5196926032661588,0.5513928914503042,26.0,1.0,1.5
2024-11-27 19:20:00,2024-11-27 19:34:00,SHORT,2637.505,1.2215000000000404,2.4200000000000728,0.4099999999998545,1.981170691772405,0.33565288579602204,14.0,1.0,1.5
2024-11-27 20:50:00,2024-11-27 21:28:00,SHORT,2637.675,1.2772142857144055,2.2400000000002365,0.4099999999998545,1.7538169006207913,0.3210111291313363,38.0,5.0,1.5
2024-11-27 21:20:00,2024-11-27 21:29:00,SHORT,2636.625,0.892142857143004,1.849999999999909,0.42000000000007276,2.07365892714127,0.4707766212970417,9.0,1.0,1.5
2024-11-28 02:10:00,2024-11-28 03:32:00,SHORT,2628.015,3.7480714285714254,2.5599999999999454,3.950000000000273,0.6830179330322121,1.0538753263583913,21.0,82.0,-1.0
2024-11-28 05:50:00,2024-11-28 06:26:00,LONG,2632.925,1.4299999999999986,2.6899999999996,1.1700000000000728,1.881118881118603,0.8181818181818699,36.0,14.0,1.5
2024-11-28 11:40:00,2024-11-28 11:41:00,LONG,2646.225,1.4257857142857315,0.0,1.4600000000000364,0.0,1.0239967937478214,,1.0,-1.0
2024-11-28 17:50:00,2024-11-28 18:00:00,SHORT,2641.095,0.9014285714285961,1.5499999999997272,0.04000000000041837,1.7194928684624078,0.044374009509179226,10.0,5.0,1.5
2024-11-28 23:20:00,2024-11-28 23:55:00,SHORT,2638.215,0.7772142857142755,1.1400000000003274,0.8099999999999454,1.4667769506483588,1.0421836228287276,19.0,35.0,-1.0
2024-11-29 00:00:00,2024-11-29 00:01:00,SHORT,2637.754,0.8357857142856508,0.0,1.0109999999999673,0.0,1.2096402016922156,,1.0,-1.0
2024-11-29 00:40:00,2024-11-29 00:47:00,SHORT,2638.415,0.8822857142857369,1.3299999999999272,0.3000000000001819,1.5074481865283764,0.34002590673594874,7.0,1.0,1.5
2024-11-29 04:45:00,2024-11-29 05:27:00,LONG,2660.445,1.5742142857142685,2.9400000000000546,1.1400000000003274,1.867598348382468,0.7241707881484986,42.0,11.0,1.5
2024-11-29 05:55:00,2024-11-29 06:07:00,LONG,2662.205,1.4248571428572308,2.769999999999982,0.34999999999990905,1.94405454180857,0.24563866051726613,12.0,1.0,1.5
2024-11-29 06:40:00,2024-11-29 07:06:00,LONG,2664.314,1.9376428571429838,1.0509999999999309,2.368999999999687,0.5424116194196952,1.2226195303569674,20.0,26.0,-1.0
2024-11-29 07:25:00,2024-11-29 07:31:00,LONG,2661.665,1.355714285714352,0.32999999999992724,1.8699999999998909,0.2434141201263833,1.3793466807163957,1.0,6.0,-1.0
2024-11-29 10:55:00,2024-11-29 11:53:00,LONG,2662.608,1.8037142857142499,1.6169999999997344,2.1140000000000327,0.8964834468555651,1.1720259781403868,18.0,58.0,-1.0
2024-11-29 14:40:00,2024-11-29 15:00:00,SHORT,2655.675,2.6437857142857086,4.5900000000001455,2.480000000000018,1.7361467592468098,0.9380487936670988,20.0,1.0,1.5
2024-11-29 14:50:00,2024-11-29 15:02:00,SHORT,2654.825,2.8538571428571555,4.329999999999927,2.0230000000001382,1.5172448315562574,0.7088651949742657,12.0,5.0,1.5
2024-12-02 04:15:00,2024-12-02 04:31:00,SHORT,2627.215,2.29185714285716,0.387000000000171,3.069999999999709,0.1688586922646124,1.3395250264911676,5.0,16.0,-1.0
2024-12-02 05:55:00,2024-12-02 05:56:00,SHORT,2623.035,2.111071428571352,0.0,2.8099999999999454,0.0,1.3310776518355831,,1.0,-1.0
2024-12-02 06:55:00,2024-12-02 07:09:00,SHORT,2625.785,2.096785714285683,0.6499999999996362,2.8700000000003456,0.3099982967124865,1.368761710100679,6.0,14.0,-1.0
2024-12-02 08:20:00,2024-12-02 08:25:00,LONG,2632.495,2.0514285714285245,0.19000000000005457,2.0899999999996908,0.09261838440114292,1.0188022284121288,5.0,5.0,-1.0
2024-12-02 10:55:00,2024-12-02 11:02:00,LONG,2635.725,1.7187857142857215,2.869999999999891,1.280999999999949,1.6697834850184226,0.7452936042887093,7.0,1.0,1.5
2024-12-02 11:40:00,2024-12-02 11:51:00,LONG,2645.465,2.641000000000044,0.7399999999997817,3.130000000000109,0.28019689511539925,1.185157137447958,6.0,11.0,-1.0
2024-12-02 12:05:00,2024-12-02 12:47:00,LONG,2642.555,2.848785714285733,2.4700000000002547,3.5399999999999636,0.8670360805356502,1.24263470651654,8.0,42.0,-1.0
2024-12-03 03:05:00,2024-12-03 03:18:00,SHORT,2636.905,1.7249999999999415,0.40000000000009095,2.2599999999997635,0.23188405797107509,1.3101449275361392,3.0,13.0,-1.0
2024-12-03 05:10:00,2024-12-03 05:27:00,SHORT,2637.615,1.1872857142856705,0.6299999999996544,1.399000000000342,0.5306220671396635,1.1783178919507586,4.0,17.0,-1.0
2024-12-03 05:55:00,2024-12-03 06:02:00,LONG,2641.048,1.2035714285714545,2.0700000000001637,0.5239999999998872,1.7198813056380813,0.4353709198812026,7.0,2.0,1.5
2024-12-03 16:05:00,2024-12-03 16:18:00,SHORT,2639.345,3.5847142857143615,0.5199999999999818,3.7200000000002547,0.14506037540349084,1.0377396086558495,5.0,13.0,-1.0
2024-12-03 19:20:00,2024-12-03 19:21:00,SHORT,2641.378,1.4845714285714362,0.0,1.7269999999998618,0.0,1.1632986913009016,,1.0,-1.0
2024-12-03 20:55:00,2024-12-03 21:01:00,SHORT,2642.015,1.0666428571428241,0.36999999999989086,1.1400000000003274,0.34688274291827714,1.0687738565596383,3.0,6.0,-1.0
2024-12-04 00:30:00,2024-12-04 00:36:00,SHORT,2641.965,0.6701428571427966,1.2300000000000182,0.599999999999909,1.8354295459392251,0.8953314858238632,6.0,2.0,1.5
2024-12-04 04:05:00,2024-12-04 04:45:00,LONG,2645.155,1.2959285714285411,2.0599999999999454,0.3700000000003456,1.5895937827261153,0.2855095629171008,40.0,1.0,1.5
2024-12-04 09:15:00,2024-12-04 09:16:00,SHORT,2640.205,2.057142857142805,0.0,2.0700000000001637,0.0,1.0062500000001051,,1.0,-1.0
2024-12-04 09:30:00,2024-12-04 10:51:00,SHORT,2641.205,1.9714285714285,2.1700000000000728,1.9800000000000182,1.1007246376812363,1.004347826087002,18.0,81.0,-1.0
2024-12-04 10:15:00,2024-12-04 10:31:00,SHORT,2640.755,1.6435714285714766,0.25,1.7399999999997817,0.15210777922641885,1.0586701434157424,6.0,16.0,-1.0
2024-12-04 17:45:00,2024-12-04 18:13:00,LONG,2652.035,1.7934285714285838,0.3000000000001819,1.8209999999999127,0.16727736179713706,1.0153735861079576,12.0,28.0,-1.0
2024-12-04 19:50:00,2024-12-04 20:09:00,LONG,2652.665,1.9074999999999298,0.3400000000001455,2.0799999999999272,0.17824377457413265,1.090432503276542,4.0,19.0,-1.0
2024-12-05 03:20:00,2024-12-05 03:57:00,SHORT,2647.425,1.400714285714295,0.9200000000000728,1.5,0.6568077511474214,1.0708822029576677,20.0,37.0,-1.0
2024-12-05 03:30:00,2024-12-05 03:52:00,SHORT,2646.948,1.4066428571428722,0.44299999999975626,1.5,0.3149342405929275,1.0663687604732532,10.0,22.0,-1.0
2024-12-05 09:20:00,2024-12-05 09:39:00,SHORT,2642.745,1.9005714285714086,0.9899999999997817,2.5100000000002183,0.520895971136391,1.3206554419724679,10.0,19.0,-1.0
2024-12-05 09:45:00,2024-12-05 10:07:00,SHORT,2644.635,1.9114999999999978,0.18000000000029104,2.299999999999727,0.09416688464571868,1.2032435260265393,15.0,22.0,-1.0
2024-12-05 09:55:00,2024-12-05 10:07:00,SHORT,2644.565,1.860571428571445,0.11000000000012733,2.369999999999891,0.05912162162168954,1.2738022113021414,5.0,12.0,-1.0
2024-12-05 12:55:00,2024-12-05 12:56:00,LONG,2653.165,1.4914285714285143,0.0,2.3400000000001455,0.0,1.568965517241537,,1.0,-1.0
2024-12-05 14:45:00,2024-12-05 14:58:00,SHORT,2644.495,2.7778571428571013,4.779999999999745,2.0100000000002183,1.720750835690343,0.7235793263050522,13.0,8.0,1.5
2024-12-05 20:50:00,2024-12-05 21:02:00,SHORT,2630.355,1.3003571428571377,0.2699999999999818,1.7899999999999636,0.20763526503706456,1.3765449052457892,1.0,12.0,-1.0
2024-12-06 01:05:00,2024-12-06 01:06:00,SHORT,2619.135,1.804285714285665,0.0,6.989999999999782,0.0,3.874109263657942,,1.0,-1.0
2024-12-06 07:15:00,2024-12-06 07:25:00,LONG,2638.595,1.6311428571427118,0.9500000000002728,1.6399999999998727,0.5824137327029693,1.0054300227710748,6.0,10.0,-1.0
2024-12-06 08:05:00,2024-12-06 08:06:00,LONG,2640.705,1.5659999999999659,0.0,2.106999999999971,0.0,1.3454661558109942,,1.0,-1.0
2024-12-06 08:35:00,2024-12-06 08:58:00,LONG,2641.145,1.6674285714286075,3.369999999999891,1.4670000000000982,2.0210760795064022,0.8797978067169693,23.0,1.0,1.5
2024-12-06 16:15:00,2024-12-06 17:03:00,LONG,2638.648,2.778571428571435,2.8469999999997526,2.79300000000012,1.024627249357235,1.0051928020565961,22.0,48.0,-1.0
2024-12-06 20:10:00,2024-12-06 20:19:00,SHORT,2634.365,1.2166428571428176,0.4499999999998181,1.2200000000002547,0.36987025186389116,1.0027593494982752,3.0,9.0,-1.0
2024-12-08 23:55:00,2024-12-09 00:00:00,LONG,2639.935,3.676571428571411,0.0,5.101000000000113,0.0,1.3874339446689836,,5.0,-1.0
2024-12-09 02:55:00,2024-12-09 03:07:00,LONG,2645.925,2.2520000000000175,0.5799999999999272,3.100000000000364,0.2575488454706584,1.3765541740676464,6.0,12.0,-1.0
2024-12-09 03:30:00,2024-12-09 03:55:00,LONG,2642.425,2.3736428571428405,0.6789999999996326,2.8100000000004,0.28605819866976384,1.183834371520745,14.0,25.0,-1.0
2024-12-09 08:35:00,2024-12-09 08:36:00,LONG,2648.305,2.0626428571429187,0.0,2.369999999999891,0.0,1.1490113238908988,,1.0,-1.0
2024-12-09 08:45:00,2024-12-09 08:55:00,LONG,2648.895,1.7940714285714745,1.3899999999998727,1.9769999999998618,0.7747740574112243,1.1019628140302327,7.0,10.0,-1.0
2024-12-09 08:55:00,2024-12-09 08:56:00,LONG,2649.265,1.8278571428571533,0.0,2.2599999999997635,0.0,1.2364204767485936,,1.0,-1.0
2024-12-09 09:10:00,2024-12-09 09:48:00,LONG,2652.105,1.882857142857087,3.8600000000001273,1.5509999999999309,2.050075872534271,0.8237481031866342,38.0,1.0,1.5
2024-12-09 10:40:00,2024-12-09 11:24:00,LONG,2655.885,1.7542857142857105,3.3899999999998727,0.9400000000000546,1.9324104234527004,0.5358306188925405,44.0,1.0,1.5
2024-12-09 12:10:00,2024-12-09 12:23:00,LONG,2657.325,2.1366428571428253,0.1000000000003638,2.2899999999999636,0.046802393608301206,1.0717748136261815,5.0,13.0,-1.0
2024-12-09 13:45:00,2024-12-09 14:27:00,LONG,2664.104,2.5669285714285315,4.364000000000033,2.418999999999869,1.7000862620697723,0.9423713721234018,42.0,1.0,1.5
2024-12-09 16:15:00,2024-12-09 16:32:00,LONG,2669.295,2.696928571428511,1.150000000000091,2.8099999999999454,0.4264109966364286,1.041926000476736,11.0,17.0,-1.0
2024-12-09 16:40:00,2024-12-09 16:54:00,LONG,2668.655,2.4935714285713857,1.0,2.9100000000003092,0.4010312231452375,1.1670008593527652,5.0,14.0,-1.0
2024-12-10 09:25:00,2024-12-10 09:44:00,SHORT,2663.285,1.885071428571499,0.6799999999998363,1.9900000000002365,0.3607290364138287,1.0556629153879076,12.0,19.0,-1.0
2024-12-10 09:35:00,2024-12-10 09:44:00,SHORT,2663.225,1.9029285714286743,0.6199999999998909,2.050000000000182,0.3258135955856763,1.077286888630344,2.0,9.0,-1.0
2024-12-10 11:25:00,2024-12-10 12:00:00,LONG,2671.325,2.2867857142857053,3.980000000000018,1.6899999999995998,1.7404341714821325,0.7390285803527874,35.0,4.0,1.5
2024-12-10 13:35:00,2024-12-10 13:52:00,LONG,2675.975,2.3809285714286426,3.8730000000000473,2.1900000000000546,1.6266762667626389,0.9198091980919764,17.0,1.0,1.5
2024-12-10 19:05:00,2024-12-10 19:22:00,LONG,2692.354,1.232571428571386,1.8810000000003129,0.918999999999869,1.5260778859530186,0.7455957348167948,17.0,1.0,1.5
2024-12-10 20:30:00,2024-12-10 20:42:00,LONG,2691.565,0.9025714285714587,1.4400000000000546,0.5100000000002183,1.5954415954416028,0.5650522317191213,12.0,2.0,1.5
2024-12-11 02:15:00,2024-12-11 02:30:00,LONG,2700.298,1.82721428571436,3.7020000000002256,1.1229999999995925,2.026034947812871,0.614596771040759,15.0,7.0,1.5
2024-12-11 02:35:00,2024-12-11 02:42:00,LONG,2702.755,1.8514285714285765,0.19299999999975626,2.6100000000001273,0.10424382716036189,1.4097222222222872,5.0,7.0,-1.0
2024-12-11 08:20:00,2024-12-11 08:48:00,LONG,2693.124,2.4684999999999815,2.730000000000018,2.649999999999636,1.1059347782054036,1.0735264330563727,13.0,28.0,-1.0
2024-12-11 13:00:00,2024-12-11 13:20:00,LONG,2697.035,1.6897857142856927,0.9600000000000364,2.7469999999998436,0.5681193727015548,1.6256499133448155,9.0,20.0,-1.0
2024-12-11 13:40:00,2024-12-11 13:41:00,LONG,2700.225,2.785285714285692,0.0,3.6709999999998217,0.0,1.3179976406626126,,1.0,-1.0
2024-12-11 14:50:00,2024-12-11 15:03:00,LONG,2704.214,3.0774999999999375,6.1340000000000146,2.8659999999999854,1.9931762794476489,0.9312753858651645,13.0,1.0,1.5
2024-12-11 21:40:00,2024-12-11 23:02:00,LONG,2717.975,1.085214285714171,0.6900000000000546,1.2300000000000182,0.6358191272297627,1.1334167050616781,9.0,82.0,-1.0
2024-12-12 06:35:00,2024-12-12 06:56:00,LONG,2714.325,1.8407142857142844,3.0790000000001783,1.1199999999998909,1.6727202173070441,0.6084594489716136,21.0,1.0,1.5
2024-12-12 19:25:00,2024-12-12 19:58:00,SHORT,2684.805,1.4464285714286038,2.4409999999998035,0.6200000000003456,1.6876049382714313,0.4286419753088713,33.0,2.0,1.5
2024-12-12 20:45:00,2024-12-12 20:46:00,SHORT,2681.615,1.029357142857082,0.0,1.0900000000001455,0.0,1.0589133300952702,,1.0,-1.0
2024-12-12 23:25:00,2024-12-13 00:00:00,SHORT,2680.575,0.9500000000000455,1.5709999999999127,0.7300000000000182,1.6536842105261447,0.7684210526315614,35.0,1.0,1.5
2024-12-13 01:55:00,2024-12-13 01:56:00,LONG,2689.775,2.6945714285713427,0.0,3.331000000000131,0.0,1.2361891633973947,,1.0,-1.0
2024-12-13 02:30:00,2024-12-13 02:37:00,LONG,2689.148,2.779357142857017,1.9369999999998981,3.5230000000001382,0.6969237490683817,1.2675593019969718,5.0,7.0,-1.0
2024-12-13 04:05:00,2024-12-13 04:15:00,LONG,2688.095,1.476285714285788,0.24000000000023647,1.5899999999996908,0.1625701567642318,1.077027288561765,5.0,10.0,-1.0
2024-12-13 05:50:00,2024-12-13 05:51:00,LONG,2688.755,1.2392857142856428,0.0,1.300000000000182,0.0,1.0489913544670662,,1.0,-1.0
2024-12-13 08:40:00,2024-12-13 08:41:00,SHORT,2682.835,1.698571428571508,0.0,1.7799999999997453,0.0,1.0479394449114916,,1.0,-1.0
2024-12-13 17:10:00,2024-12-13 17:44:00,SHORT,2660.015,1.914928571428488,3.269999999999982,0.7600000000002183,1.7076354955426065,0.3968816442240859,34.0,2.0,1.5
2024-12-15 23:15:00,2024-12-15 23:39:00,SHORT,2648.898,1.451642857142815,0.29300000000012005,2.449999999999818,0.20184027948638486,1.6877429513358484,2.0,24.0,-1.0
2024-12-16 00:15:00,2024-12-16 00:45:00,SHORT,2650.365,1.3017142857143296,2.0799999999999272,1.2000000000002728,1.5978928884985732,0.9218612818263419,30.0,12.0,1.5
2024-12-16 03:50:00,2024-12-16 04:43:00,LONG,2653.724,1.4370714285713737,0.6199999999998909,1.5090000000000146,0.4314329738057957,1.050052189472688,34.0,53.0,-1.0
2024-12-16 09:25:00,2024-12-16 09:43:00,LONG,2657.998,2.0288571428572078,0.03699999999980719,2.2339999999999236,0.01823686804665836,1.101112519363397,4.0,18.0,-1.0
2024-12-16 09:50:00,2024-12-16 09:51:00,LONG,2658.388,1.75028571428574,0.0,2.4729999999999563,0.0,1.4129121776036109,,1.0,-1.0
2024-12-16 10:00:00,2024-12-16 11:23:00,LONG,2658.998,1.7316428571428528,2.657000000000153,1.4540000000001783,1.534381058449954,0.8396650579549786,83.0,64.0,1.5
2024-12-16 10:50:00,2024-12-16 11:00:00,LONG,2659.758,1.419071428571442,0.3200000000001637,1.6099999999996726,0.22549957215494285,1.134544722403745,5.0,10.0,-1.0
2024-12-16 11:05:00,2024-12-16 11:20:00,LONG,2658.648,1.3811428571429067,2.326999999999771,0.843000000000302,1.6848365742653921,0.6103640877122364,15.0,4.0,1.5
2024-12-16 15:55:00,2024-12-16 16:24:00,SHORT,2654.214,2.0877142857142905,3.1700000000000728,1.71100000000024,1.51840700697964,0.8195565895717567,29.0,1.0,1.5
2024-12-16 17:50:00,2024-12-16 17:51:00,SHORT,2652.815,1.2807142857141767,0.0,1.3200000000001637,0.0,1.0306748466259825,,1.0,-1.0
2024-12-16 21:20:00,2024-12-16 21:21:00,SHORT,2651.555,0.8582857142857198,0.21000000000003638,0.900000000000091,0.24467376830896226,1.0486018641811912,1.0,1.0,-1.0
2024-12-16 23:45:00,2024-12-16 23:46:00,SHORT,2651.748,0.5734285714285241,0.0,0.6069999999999709,0.0,1.0585450921774158,,1.0,-1.0
2024-12-16 23:55:00,2024-12-17 00:01:00,SHORT,2651.565,0.5619999999999956,0.09999999999990905,1.5499999999997272,0.17793594306033778,2.7580071174372582,5.0,6.0,-1.0
2024-12-17 10:35:00,2024-12-17 10:48:00,SHORT,2641.428,2.048428571428563,3.2229999999999563,0.7460000000000946,1.573401213473728,0.3641816026222668,13.0,1.0,1.5
2024-12-17 20:10:00,2024-12-17 20:44:00,LONG,2645.894,0.9852857142856725,0.830000000000382,1.1899999999995998,0.8423952443095434,1.2077714948524796,25.0,34.0,-1.0
2024-12-18 00:05:00,2024-12-18 00:06:00,LONG,2648.025,0.9067857142858234,0.0,1.1100000000001273,0.0,1.2241039779440654,,1.0,-1.0
2024-12-18 04:55:00,2024-12-18 05:15:00,SHORT,2644.925,1.1806428571428245,1.1900000000000546,1.31899999999996,1.0079254643354847,1.11718797265412,13.0,20.0,-1.0
2024-12-18 07:40:00,2024-12-18 08:20:00,SHORT,2643.835,1.4278571428571272,1.8899999999998727,1.949999999999818,1.3236618309153831,1.365682841420598,22.0,40.0,-1.0
2024-12-18 09:20:00,2024-12-18 09:55:00,LONG,2648.198,1.8758571428570576,0.900000000000091,2.8029999999998836,0.47978067169301064,1.4942502475059078,11.0,35.0,-1.0
2024-12-18 10:35:00,2024-12-18 11:29:00,LONG,2648.184,1.2123571428572046,1.16399999999976,1.6190000000001419,0.9601131208387326,1.3354150709951589,33.0,54.0,-1.0
2024-12-18 10:50:00,2024-12-18 11:00:00,LONG,2649.195,1.2112857142857527,0.1299999999996544,1.2200000000002547,0.10732397688377779,1.0071942446044948,5.0,10.0,-1.0
2024-12-18 11:45:00,2024-12-18 11:52:00,LONG,2646.965,1.0897142857142756,0.21000000000003638,1.0900000000001455,0.1927110644992486,1.0002621919246315,3.0,7.0,-1.0
2024-12-18 12:55:00,2024-12-18 13:03:00,SHORT,2643.795,1.1085714285714272,1.7770000000000437,0.599999999999909,1.6029639175258146,0.5412371134019804,8.0,1.0,1.5
2024-12-18 13:45:00,2024-12-18 13:53:00,SHORT,2642.835,1.7626428571428019,1.0799999999999272,1.9899999999997817,0.6127162945252443,1.128986505652949,1.0,8.0,-1.0
2024-12-18 16:00:00,2024-12-18 16:13:00,SHORT,2636.725,1.8475000000000168,0.8600000000001273,2.0900000000001455,0.4654939106901865,1.1312584573748994,8.0,13.0,-1.0
2024-12-18 16:20:00,2024-12-18 16:42:00,SHORT,2637.145,1.6485714285714559,2.5,1.1799999999998363,1.5164644714037876,0.7157712305024885,22.0,1.0,1.5
2024-12-18 16:35:00,2024-12-18 16:43:00,SHORT,2636.905,1.5421428571429001,2.4050000000002,0.9899999999997817,1.5595182955072655,0.641963872162879,8.0,4.0,1.5
2024-12-18 18:10:00,2024-12-18 18:27:00,SHORT,2637.185,1.4686428571429002,0.650000000000091,1.5,0.4425854773600995,1.0213511016000867,13.0,17.0,-1.0
2024-12-18 23:20:00,2024-12-19 00:25:00,SHORT,2589.005,2.6711428571428377,2.7100000000000364,3.0830000000000837,1.0145470103754621,1.1541876136485583,27.0,65.0,-1.0
2024-12-19 02:55:00,2024-12-19 03:26:00,LONG,2611.985,3.163500000000048,1.8299999999999272,4.2800000000002,0.5784732100521257,1.3529318792477114,2.0,31.0,-1.0
2024-12-19 03:40:00,2024-12-19 04:10:00,LONG,2610.245,2.62128571428564,1.5100000000002183,3.2799999999997453,0.576053190909686,1.2512943484657948,13.0,30.0,-1.0
2024-12-19 04:15:00,2024-12-19 04:37:00,LONG,2609.005,1.8305714285713097,2.3599999999996726,2.25,1.2892149211798642,1.2291243951928377,11.0,22.0,-1.0
2024-12-19 08:15:00,2024-12-19 08:42:00,LONG,2616.738,2.821857142857133,1.2100000000000364,3.493999999999687,0.42879562598087806,1.238191667088437,5.0,27.0,-1.0
2024-12-19 17:40:00,2024-12-19 18:09:00,SHORT,2592.095,2.0857142857143054,1.419999999999618,2.2100000000000364,0.6808219178080296,1.059589041095898,10.0,29.0,-1.0
2024-12-19 20:15:00,2024-12-19 20:50:00,LONG,2598.985,1.512714285714375,1.2399999999997817,2.0700000000001637,0.8197185758804382,1.3684011710265644,28.0,35.0,-1.0
2024-12-19 21:45:00,2024-12-19 21:46:00,SHORT,2593.735,1.3418571428571144,0.0,2.019999999999982,0.0,1.50537634408604,,1.0,-1.0
2024-12-20 00:50:00,2024-12-20 01:02:00,SHORT,2591.675,1.2852142857142488,2.200000000000273,0.9399999999995998,1.711776802089963,0.7313955427107639,12.0,1.0,1.5
2024-12-20 04:55:00,2024-12-20 05:03:00,LONG,2597.804,1.12471428571426,0.543999999999869,1.219000000000051,0.48367839451278677,1.0838308141750985,1.0,8.0,-1.0
2024-12-20 09:05:00,2024-12-20 09:28:00,LONG,2605.648,1.9017857142856818,0.6499999999996362,1.943000000000211,0.3417840375585,1.0216713615024757,17.0,23.0,-1.0
2024-12-20 09:45:00,2024-12-20 11:00:00,LONG,2605.358,1.6504999999999979,1.5169999999998254,1.8100000000004002,0.9191154195697228,1.0966373826115738,32.0,75.0,-1.0
2024-12-20 10:05:00,2024-12-20 10:59:00,LONG,2605.648,1.5598571428571242,1.2269999999998618,1.8500000000003638,0.7866104954665386,1.186006044509818,12.0,54.0,-1.0
2024-12-20 13:40:00,2024-12-20 13:41:00,LONG,2608.755,2.705500000000029,0.0,2.9900000000002365,0.0,1.1051561633709865,,1.0,-1.0
2024-12-20 17:40:00,2024-12-20 17:41:00,LONG,2626.695,1.8576428571428616,0.0,2.7970000000000255,0.0,1.5056715499673266,,1.0,-1.0
2024-12-20 18:20:00,2024-12-20 18:21:00,LONG,2626.048,1.6607857142855988,0.0,1.8999999999996362,0.0,1.144036815620694,,1.0,-1.0
2024-12-20 19:00:00,2024-12-20 19:08:00,LONG,2626.248,1.526928571428503,1.0,1.6030000000000655,0.654909482153746,1.0498198998924977,1.0,8.0,-1.0
2024-12-23 00:30:00,2024-12-23 00:31:00,SHORT,2620.165,1.4169285714286681,0.0,2.7400000000002365,0.0,1.9337601451832784,,1.0,-1.0
2024-12-23 05:05:00,2024-12-23 05:13:00,LONG,2626.455,0.930500000000068,0.2600000000002183,1.0099999999997635,0.279419666845996,1.085437936592896,6.0,8.0,-1.0
2024-12-23 06:30:00,2024-12-23 08:00:00,LONG,2630.825,1.6335714285714207,2.3100000000004,3.269999999999982,1.414079580236369,2.0017490161783984,40.0,90.0,-1.0
2024-12-23 08:35:00,2024-12-23 08:52:00,LONG,2631.195,1.8028571428570948,0.7599999999997635,2.1900000000000546,0.4215530903326852,1.214738510301172,14.0,17.0,-1.0
2024-12-23 17:40:00,2024-12-23 18:17:00,SHORT,2612.384,1.4302142857143931,2.1799999999998363,0.9609999999997854,1.5242471158165818,0.6719272836236321,37.0,2.0,1.5
2024-12-23 18:35:00,2024-12-23 18:36:00,SHORT,2610.935,1.2609999999999673,0.3200000000001637,1.3099999999999454,0.25376685170513247,1.0388580491673112,1.0,1.0,-1.0
2024-12-23 19:20:00,2024-12-23 20:48:00,SHORT,2611.175,1.2865000000000302,2.080000000000382,1.2729999999996835,1.6167897396038347,0.9895064127474961,88.0,46.0,1.5
2024-12-23 19:45:00,2024-12-23 19:47:00,SHORT,2609.995,1.209428571428654,0.0,1.3699999999998909,0.0,1.1327663595557032,,2.0,-1.0
2024-12-23 20:35:00,2024-12-23 20:36:00,SHORT,2610.104,1.0642142857143102,0.0,1.481000000000222,0.0,1.3916370226191441,,1.0,-1.0
2024-12-24 01:30:00,2024-12-24 02:01:00,LONG,2616.205,1.2756428571429166,2.2800000000002,1.1900000000000546,1.7873341172518793,0.9328629822498453,31.0,1.0,1.5
2024-12-24 03:50:00,2024-12-24 04:45:00,LONG,2617.995,1.0624285714285244,1.7300000000000182,0.8800000000001091,1.62834476267321,0.8282909775448483,55.0,1.0,1.5
2024-12-24 05:40:00,2024-12-24 05:56:00,LONG,2619.405,1.0067142857143219,1.1729999999997744,1.1910000000002583,1.1651766709235314,1.1830566198384431,8.0,16.0,-1.0
2024-12-24 07:00:00,2024-12-24 07:01:00,LONG,2620.255,1.2811428571428678,0.0,1.3070000000002437,0.0,1.0201828724355073,,1.0,-1.0
2024-12-24 07:20:00,2024-12-24 07:37:00,LONG,2619.885,1.2197857142856978,0.9129999999995562,1.4570000000003347,0.748492123908998,1.1944720969728266,6.0,17.0,-1.0
2024-12-24 13:20:00,2024-12-24 13:33:00,SHORT,2613.215,1.3681428571428569,2.0700000000001637,0.9400000000000546,1.512999895583288,0.687062754516068,13.0,5.0,1.5
2024-12-24 15:50:00,2024-12-24 16:02:00,SHORT,2610.635,1.5028571428570754,0.16000000000030923,2.1899999999996,0.10646387832720673,1.4572243346005596,5.0,12.0,-1.0
2024-12-24 18:35:00,2024-12-25 23:00:00,LONG,2616.555,1.2218571428571263,2.700000000000273,0.7899999999999636,2.209750964574087,0.6465567637086193,1705.0,7.0,1.5
2024-12-26 04:20:00,2024-12-26 05:01:00,LONG,2627.765,1.0369285714286565,1.300000000000182,1.056999999999789,1.253702555624513,1.019356616380508,23.0,41.0,-1.0
2024-12-26 05:35:00,2024-12-26 05:56:00,LONG,2627.875,0.9029285714286094,0.32999999999992724,1.3699999999998909,0.36547741476139445,1.51728502491873,3.0,21.0,-1.0
2024-12-26 18:15:00,2024-12-26 18:27:00,LONG,2632.865,1.5058571428570693,2.5600000000004,0.7999999999997272,1.7000284602982332,0.5312588938429337,12.0,1.0,1.5
2024-12-26 19:25:00,2024-12-26 20:07:00,LONG,2633.855,1.3006428571428452,1.9929999999999382,1.0210000000001855,1.532319182821648,0.7849964303367966,42.0,1.0,1.5
2024-12-26 21:45:00,2024-12-26 21:55:00,LONG,2634.195,0.6326428571427901,0.05999999999994543,1.1100000000001273,0.09484023935862312,1.754544428136325,5.0,10.0,-1.0
2024-12-27 11:00:00,2024-12-27 11:38:00,SHORT,2625.795,1.5277142857143449,0.7950000000000728,1.6199999999998909,0.5203852627641943,1.0604077052551708,7.0,38.0,-1.0
2024-12-27 12:50:00,2024-12-27 13:02:00,SHORT,2627.005,1.4775714285714392,2.7070000000003347,0.25,1.8320603306586296,0.16919655805858913,12.0,1.0,1.5
2024-12-27 15:25:00,2024-12-27 15:43:00,SHORT,2614.524,2.4640714285713847,1.77599999999984,2.7600000000002183,0.720758326810975,1.1200973997740018,11.0,18.0,-1.0
2024-12-27 16:40:00,2024-12-27 16:48:00,SHORT,2617.398,1.8219999999999865,0.8500000000003638,1.8669999999997344,0.4665203073547586,1.0246981339186325,4.0,8.0,-1.0
2024-12-27 17:00:00,2024-12-27 17:01:00,SHORT,2615.348,1.8453571428571454,0.0,2.0970000000002074,0.0,1.1363653957810282,,1.0,-1.0
2024-12-30 01:00:00,2024-12-30 01:02:00,LONG,2623.548,0.9904285714285704,0.25700000000006185,1.5,0.2594836290206887,1.514495889225445,1.0,2.0,-1.0
2024-12-30 02:10:00,2024-12-30 03:17:00,LONG,2623.455,1.5153571428570234,2.519999999999982,0.70699999999988,1.6629743106293908,0.46655668159316993,67.0,8.0,1.5
2024-12-30 02:20:00,2024-12-30 03:17:00,LONG,2623.748,1.3845714285713646,2.2269999999998618,0.900000000000091,1.6084399504745928,0.6500206355758282,57.0,30.0,1.5
2024-12-30 03:05:00,2024-12-30 03:18:00,LONG,2624.428,1.1535714285714025,1.9570000000003347,0.4800000000000182,1.6964705882356226,0.41609907120745554,13.0,1.0,1.5
2024-12-30 06:30:00,2024-12-30 06:41:00,SHORT,2621.688,1.2604285714286172,2.074000000000069,0.4670000000000982,1.6454720616570278,0.3705088972005632,11.0,1.0,1.5
2024-12-30 15:00:00,2024-12-30 15:01:00,SHORT,2606.965,2.748499999999922,0.0,3.3799999999996544,0.0,1.2297616881934694,,1.0,-1.0
2024-12-31 07:40:00,2024-12-31 07:41:00,LONG,2611.155,1.2127142857142903,0.0,1.6000000000003638,0.0,1.3193544587115684,,1.0,-1.0
2024-12-31 09:20:00,2024-12-31 10:05:00,LONG,2614.725,1.663857142857101,1.4500000000002728,1.7199999999998,0.8714690478236597,1.0337425946594747,17.0,45.0,-1.0
2024-12-31 14:55:00,2024-12-31 15:12:00,LONG,2613.665,2.023071428571484,3.0700000000001637,1.3400000000001455,1.5174946156834064,0.6623592133602204,17.0,6.0,1.5
2024-12-31 17:45:00,2024-12-31 18:20:00,LONG,2624.025,1.475785714285686,1.3399999999996908,1.4800000000000182,0.9079909007306534,1.0028556217027564,20.0,35.0,-1.0
2024-12-31 18:00:00,2024-12-31 18:01:00,LONG,2625.125,1.4487857142857072,0.0,2.0100000000002183,0.0,1.3873687324361876,,1.0,-1.0
2024-12-31 18:20:00,2024-12-31 18:21:00,LONG,2625.615,1.5284285714285488,0.0,2.9799999999995634,0.0,1.9497149266284002,,1.0,-1.0
2025-01-02 00:20:00,2025-01-02 00:48:00,LONG,2625.965,1.0874285714286154,1.7999999999997272,0.7300000000000182,1.6552811350496033,0.671308460325791,28.0,13.0,1.5
2025-01-02 01:15:00,2025-01-02 01:16:00,LONG,2631.205,1.5002857142856425,0.0,1.7999999999997272,0.0,1.1997714721004278,,1.0,-1.0
2025-01-02 02:50:00,2025-01-02 03:38:00,LONG,2633.848,1.632499999999904,1.349999999999909,1.643000000000029,0.8269525267993804,1.0064318529862946,11.0,48.0,-1.0
2025-01-02 08:55:00,2025-01-02 09:02:00,LONG,2636.348,1.7964285714285455,3.3600000000001273,0.900000000000091,1.8703777335985075,0.5009940357853462,7.0,1.0,1.5
2025-01-02 14:10:00,2025-01-02 14:11:00,LONG,2646.775,3.466214285714354,0.0,4.0900000000001455,0.0,1.1799616708224476,,1.0,-1.0
2025-01-02 18:35:00,2025-01-02 20:21:00,LONG,2655.105,1.8866428571429228,2.842999999999847,1.45699999999988,1.5069094763940665,0.7722712300760084,106.0,41.0,1.5
2025-01-02 23:25:00,2025-01-02 23:50:00,LONG,2658.595,0.7723571428571502,0.8030000000003383,0.7799999999997453,1.0396744659210793,1.009895496161688,18.0,25.0,-1.0
2025-01-03 00:45:00,2025-01-03 01:00:00,LONG,2659.848,0.9672142857142652,2.4670000000000982,0.9229999999997744,2.5506240307216683,0.9542869802818933,15.0,1.0,1.5
2025-01-03 03:05:00,2025-01-03 05:23:00,LONG,2662.795,2.4449999999999688,2.3899999999998727,2.6700000000000728,0.9775051124743981,1.0920245398773443,22.0,138.0,-1.0
2025-01-03 04:05:00,2025-01-03 04:21:00,LONG,2662.175,1.2954285714284717,1.9600000000000364,0.5900000000001455,1.5130127922365804,0.45544772827540103,16.0,1.0,1.5
2025-01-03 04:45:00,2025-01-03 05:08:00,LONG,2662.215,0.8703571428571065,0.7529999999997017,1.1269999999999527,0.8651620845298534,1.2948707427164543,14.0,23.0,-1.0
2025-01-03 07:15:00,2025-01-03 07:22:00,SHORT,2654.908,1.502714285714319,2.5799999999999272,1.0,1.7168932408022712,0.6654624964350077,7.0,1.0,1.5
2025-01-03 09:50:00,2025-01-03 10:03:00,SHORT,2653.475,1.8857142857142921,0.6300000000001091,2.2200000000002547,0.33409090909096584,1.1772727272728583,4.0,13.0,-1.0
2025-01-03 18:00:00,2025-01-03 19:06:00,SHORT,2641.098,1.3972142857142964,1.5,1.699999999999818,1.0735647461786124,1.2167067123356308,26.0,66.0,-1.0
2025-01-03 18:10:00,2025-01-03 18:30:00,SHORT,2640.098,1.4361428571428405,0.5,1.5,0.3481547796677649,1.0444643390032946,16.0,20.0,-1.0
2025-01-03 18:40:00,2025-01-03 19:06:00,SHORT,2641.298,1.3099999999999454,0.5629999999996471,1.5,0.42977099236616073,1.145038167938979,13.0,26.0,-1.0
2025-01-06 08:30:00,2025-01-06 08:31:00,SHORT,2627.805,2.0876428571429124,0.0,2.700000000000273,0.0,1.293324665549075,,1.0,-1.0
2025-01-06 13:05:00,2025-01-06 13:06:00,LONG,2647.605,2.8544285714285382,0.0,3.2170000000000982,0.0,1.127020669636202,,1.0,-1.0
2025-01-06 18:10:00,2025-01-06 18:24:00,LONG,2635.265,1.740500000000111,2.9400000000000546,1.599999999999909,1.6891697787991193,0.9192760700946895,14.0,1.0,1.5
2025-01-07 00:15:00,2025-01-07 00:47:00,SHORT,2633.565,0.6867857142856012,0.7899999999999636,1.150000000000091,1.150286011440594,1.6744669786795554,16.0,32.0,-1.0
2025-01-07 02:45:00,2025-01-07 04:27:00,LONG,2638.625,1.4779285714285575,1.5,1.481000000000222,1.014934029288106,1.0020781982506066,59.0,102.0,-1.0
2025-01-07 03:10:00,2025-01-07 04:27:00,LONG,2638.615,1.2273571428571748,1.5100000000002183,1.4710000000000036,1.2302857475413203,1.1985101553861093,34.0,77.0,-1.0
2025-01-07 04:30:00,2025-01-07 04:52:00,LONG,2638.055,0.9823571428572515,1.4800000000000182,0.23999999999978172,1.5065803824618602,0.24431033229088725,22.0,14.0,1.5
2025-01-07 10:15:00,2025-01-07 11:05:00,LONG,2643.205,1.4790714285714526,2.480000000000018,1.0900000000001455,1.676727676631076,0.7369488578742353,50.0,11.0,1.5
2025-01-07 14:20:00,2025-01-07 15:00:00,LONG,2659.798,3.0901428571428693,3.100000000000364,8.10299999999961,1.0031898663955647,2.622208866903844,22.0,40.0,-1.0
2025-01-07 17:25:00,2025-01-07 17:39:00,LONG,2654.648,2.244499999999984,1.199999999999818,2.663000000000011,0.5346402316773565,1.1864557807975185,6.0,14.0,-1.0
2025-01-07 20:30:00,2025-01-07 20:48:00,SHORT,2647.668,1.1821428571428376,0.7029999999999745,1.2269999999998618,0.5946827794561816,1.0379456193352476,8.0,18.0,-1.0
2025-01-08 01:45:00,2025-01-08 02:48:00,SHORT,2647.645,1.3326428571428681,1.849999999999909,1.5399999999999636,1.3882188990726545,1.1555984349037527,46.0,63.0,-1.0
2025-01-08 07:50:00,2025-01-08 08:05:00,LONG,2651.735,0.9403571428571728,1.0899999999996908,1.1300000000001091,1.1591340676031283,1.20167109760737,10.0,15.0,-1.0
2025-01-08 10:20:00,2025-01-08 11:00:00,LONG,2653.675,1.0702857142857087,1.319999999999709,1.3170000000000073,1.2333155365720783,1.2305125467165108,23.0,40.0,-1.0
2025-01-08 12:10:00,2025-01-08 12:19:00,SHORT,2649.648,1.4432142857142805,2.300000000000182,0.8999999999996362,1.5936649344223046,0.6236080178171222,9.0,4.0,1.5
2025-01-08 13:35:00,2025-01-08 13:58:00,LONG,2655.275,3.150214285714258,4.809999999999945,0.12100000000009459,1.5268802575788456,0.03841008548174363,23.0,5.0,1.5
2025-01-08 13:50:00,2025-01-08 14:03:00,LONG,2658.335,3.2517857142856883,5.559999999999945,1.18100000000004,1.7098297638660045,0.36318506315212945,13.0,3.0,1.5
2025-01-08 15:00:00,2025-01-08 15:01:00,LONG,2664.864,3.061428571428613,0.0,5.75,0.0,1.8782081194586773,,1.0,-1.0
2025-01-08 15:15:00,2025-01-08 15:23:00,LONG,2665.875,2.9465714285714575,0.07000000000016371,3.0700000000001637,0.02375642393101625,1.0418888781150457,5.0,8.0,-1.0
2025-01-08 15:55:00,2025-01-08 16:11:00,LONG,2665.698,2.644642857142929,0.887000000000171,2.793999999999869,0.3353950033761528,1.056475354490131,7.0,16.0,-1.0
2025-01-08 23:00:00,2025-01-08 23:02:00,LONG,2662.255,1.2764285714286612,0.44299999999975626,1.2800000000002,0.3470621152767852,1.002797985450562,2.0,2.0,-1.0
2025-01-09 00:55:00,2025-01-09 01:00:00,SHORT,2659.775,0.8846428571427752,0.38999999999987267,1.069999999999709,0.44085587404107573,1.2095276544204532,2.0,5.0,-1.0
2025-01-09 01:05:00,2025-01-09 01:06:00,SHORT,2658.478,1.058214285714192,0.0,1.1369999999997162,0.0,1.07445156935521,,1.0,-1.0
2025-01-09 02:05:00,2025-01-09 02:38:00,SHORT,2658.385,1.4838571428571348,2.230000000000018,0.819999999999709,1.5028400885722741,0.5526138442281693,33.0,3.0,1.5
2025-01-09 04:15:00,2025-01-09 04:34:00,SHORT,2657.635,1.053571428571526,1.6900000000000546,0.6399999999998727,1.604067796610073,0.607457627118467,19.0,1.0,1.5
2025-01-09 09:40:00,2025-01-09 11:27:00,LONG,2665.725,2.1566428571427423,5.5900000000001455,1.8009999999999309,2.591991521213732,0.8350942271387531,107.0,17.0,1.5
2025-01-09 13:30:00,2025-01-09 13:31:00,LONG,2676.598,2.0257142857142623,0.0,2.844000000000051,0.0,1.403949224259562,,1.0,-1.0
2025-01-09 14:45:00,2025-01-09 14:59:00,LONG,2674.598,2.4558571428571474,0.8769999999999527,2.54300000000012,0.3571054621604129,1.035483683322716,9.0,14.0,-1.0
2025-01-10 02:10:00,2025-01-10 02:23:00,LONG,2671.275,1.2197857142857953,2.4699999999998,0.930000000000291,2.0249458335770276,0.7624289980677642,13.0,2.0,1.5
2025-01-10 04:15:00,2025-01-10 04:24:00,LONG,2673.595,0.8902857142858076,0.14000000000032742,1.0299999999997453,0.15725288831870815,1.1569319640560753,5.0,9.0,-1.0
2025-01-10 08:05:00,2025-01-10 08:06:00,LONG,2678.648,1.9232142857143313,0.0,2.800000000000182,0.0,1.4558960074281009,,1.0,-1.0
2025-01-10 08:55:00,2025-01-10 08:56:00,LONG,2679.705,2.1479999999999757,0.0,3.036999999999807,0.0,1.4138733705772075,,1.0,-1.0
2025-01-10 09:45:00,2025-01-10 10:19:00,LONG,2679.548,1.82521428571418,2.9270000000001346,1.5,1.6036473212540312,0.8218213125660868,34.0,15.0,1.5
2025-01-10 10:00:00,2025-01-10 10:19:00,LONG,2679.884,1.695857142857059,2.5909999999998945,1.2100000000000364,1.5278409569539346,0.71350349591447,19.0,1.0,1.5
2025-01-10 10:45:00,2025-01-10 10:51:00,LONG,2680.048,1.5217857142857352,0.45000000000027285,1.6099999999996726,0.29570523351343503,1.0579676132360998,4.0,6.0,-1.0
2025-01-10 11:30:00,2025-01-10 11:47:00,LONG,2682.475,1.3582142857143416,0.4630000000001928,1.7869999999998072,0.3408887720222158,1.315698133052657,7.0,17.0,-1.0
2025-01-10 17:25:00,2025-01-10 18:16:00,LONG,2694.248,2.7812857142857217,3.4609999999997854,3.0799999999999272,1.2443885150751672,1.1074015100929393,21.0,51.0,-1.0
2025-01-13 05:05:00,2025-01-13 05:33:00,SHORT,2685.545,1.528785714285667,2.4600000000000364,0.9600000000000364,1.6091202167921121,0.6279493528944973,28.0,1.0,1.5
2025-01-13 09:00:00,2025-01-13 09:09:00,SHORT,2685.479,2.3348571428570852,0.29999999999972715,2.83600000000024,0.12848751835524608,1.2146353401861338,4.0,9.0,-1.0
2025-01-13 10:40:00,2025-01-13 11:41:00,SHORT,2679.749,2.55228571428568,3.880999999999858,1.0060000000003129,1.5205977834993492,0.394156498376933,61.0,17.0,1.5
2025-01-13 14:35:00,2025-01-13 14:36:00,SHORT,2665.495,2.910857142857172,0.0,4.414000000000215,0.0,1.5163918335297013,,1.0,-1.0
2025-01-13 15:10:00,2025-01-13 15:28:00,SHORT,2669.308,3.2102857142857437,4.9529999999999745,1.6669999999999163,1.5428533285866637,0.5192684229262775,18.0,9.0,1.5
2025-01-13 18:20:00,2025-01-13 18:21:00,SHORT,2660.205,1.4069285714286122,0.0,2.119999999999891,0.0,1.506828451033031,,1.0,-1.0
2025-01-13 20:20:00,2025-01-13 20:33:00,SHORT,2659.395,1.2135714285713806,0.4600000000000364,1.3200000000001637,0.37904649794000966,1.0876986462626852,4.0,13.0,-1.0
2025-01-14 01:50:00,2025-01-14 02:16:00,LONG,2670.415,1.458071428571397,0.9600000000000364,1.5700000000001637,0.6584039582619312,1.076764806740938,8.0,26.0,-1.0
2025-01-14 03:05:00,2025-01-14 03:18:00,LONG,2671.345,1.461714285714184,0.7600000000002183,1.6469999999999345,0.5199374511338837,1.1267591868647717,7.0,13.0,-1.0
2025-01-14 11:05:00,2025-01-14 11:50:00,SHORT,2666.499,1.6557857142857497,2.0599999999999454,1.80600000000004,1.2441223415727802,1.090720848971141,17.0,45.0,-1.0
2025-01-14 11:40:00,2025-01-14 11:49:00,SHORT,2666.129,1.4680714285714527,0.42000000000007276,2.006000000000313,0.28608962195304444,1.366418527709041,6.0,9.0,-1.0
2025-01-14 16:35:00,2025-01-14 17:05:00,LONG,2671.795,2.099357142857213,2.099999999999909,2.4900000000002365,1.0003062161885523,1.1860773706237333,17.0,30.0,-1.0
2025-01-15 01:05:00,2025-01-15 01:06:00,SHORT,2672.375,0.9195714285715114,0.0,0.9600000000000364,0.0,1.0439645797731318,,1.0,-1.0
2025-01-15 04:55:00,2025-01-15 05:19:00,LONG,2675.375,0.7946428571427921,0.6100000000001273,0.8699999999998909,0.7676404494384252,1.0948314606741094,11.0,24.0,-1.0
2025-01-15 09:15:00,2025-01-15 09:24:00,LONG,2685.345,1.410928571428615,0.7800000000002001,1.419999999999618,0.5528274186200812,1.0064294031283367,6.0,9.0,-1.0
2025-01-15 10:45:00,2025-01-15 11:09:00,LONG,2688.315,1.5330000000000967,0.6100000000001273,1.9200000000000728,0.39791258969346954,1.2524461839530017,5.0,24.0,-1.0
2025-01-15 11:25:00,2025-01-15 11:34:00,LONG,2687.305,1.542928571428612,0.2300000000000182,1.6599999999998545,0.1490671728160812,1.0758761168463196,2.0,9.0,-1.0
2025-01-15 15:35:00,2025-01-15 16:22:00,SHORT,2680.055,3.9416428571428566,3.2899999999999636,4.593000000000302,0.8346773462841726,1.165250167624164,26.0,47.0,-1.0
2025-01-15 20:50:00,2025-01-15 20:51:00,LONG,2695.795,1.0330714285714424,0.0,1.0760000000000218,0.0,1.0415543110004912,,1.0,-1.0
2025-01-16 00:40:00,2025-01-16 01:00:00,LONG,2696.285,1.7319285714285277,1.0100000000002183,2.0399999999999636,0.5831649276200525,1.1778776755887412,6.0,20.0,-1.0
2025-01-16 04:10:00,2025-01-16 05:09:00,LONG,2697.128,1.0876428571427823,0.7300000000000182,1.3830000000002656,0.6711762001708123,1.2715571025156005,8.0,59.0,-1.0
2025-01-16 05:20:00,2025-01-16 05:30:00,SHORT,2695.095,0.7127142857143879,1.3899999999998727,0.3530000000000655,1.9502906394062365,0.4952896372018649,10.0,2.0,1.5
2025-01-16 15:55:00,2025-01-16 16:37:00,LONG,2716.719,3.0637142857142408,4.645999999999731,2.880999999999858,1.5164599459105936,0.9403618390375502,42.0,1.0,1.5
2025-01-16 23:20:00,2025-01-16 23:31:00,SHORT,2713.685,0.8129285714285613,1.4899999999997817,0.30999999999994543,1.8328793603371587,0.381337316580203,11.0,1.0,1.5
2025-01-16 23:50:00,2025-01-16 23:57:00,SHORT,2713.955,0.709785714285707,0.19700000000011642,0.79300000000012,0.2775485559023506,1.1172386032003416,5.0,7.0,-1.0
2025-01-17 02:55:00,2025-01-17 04:53:00,LONG,2715.775,1.3949999999999818,1.599999999999909,1.4800000000000182,1.146953405017871,1.060931899641604,13.0,118.0,-1.0
2025-01-17 07:35:00,2025-01-17 07:50:00,SHORT,2711.579,1.424071428571389,2.2640000000001237,1.099999999999909,1.589807894868968,0.7724331644680321,15.0,1.0,1.5
2025-01-17 09:10:00,2025-01-17 09:11:00,SHORT,2710.018,1.270928571428515,0.0,1.7399999999997817,0.0,1.3690777271959773,,1.0,-1.0
2025-01-17 11:20:00,2025-01-17 11:57:00,SHORT,2705.758,1.2957857142856872,1.8389999999999418,1.4470000000001164,1.4192161402348118,1.1166969847308337,28.0,37.0,-1.0
2025-01-19 23:15:00,2025-01-19 23:16:00,SHORT,2699.249,1.3030714285713916,0.08399999999983265,3.1159999999999854,0.06446308172985203,2.3912733651264064,1.0,1.0,-1.0
2025-01-20 06:10:00,2025-01-20 06:43:00,LONG,2707.845,1.5392857142856624,2.4200000000000728,0.5399999999999636,1.57215777262191,0.3508120649651854,33.0,1.0,1.5
2025-01-20 09:00:00,2025-01-20 09:05:00,LONG,2707.728,1.6619285714285266,1.0369999999998072,2.3589999999999236,0.6239738685691191,1.4194352516439517,3.0,5.0,-1.0
2025-01-20 10:25:00,2025-01-20 10:26:00,LONG,2709.225,1.5337857142856788,0.0,2.2159999999998945,0.0,1.4447911330507726,,1.0,-1.0
2025-01-20 12:05:00,2025-01-20 12:24:00,LONG,2709.605,1.9887857142856384,0.2899999999999636,2.0300000000002,0.14581762022769262,1.020723341594077,5.0,19.0,-1.0
2025-01-20 13:05:00,2025-01-20 13:30:00,LONG,2708.695,1.5244285714285783,1.6329999999998108,2.9100000000003092,1.071221066441629,1.9089120044983667,25.0,25.0,-1.0
2025-01-20 13:50:00,2025-01-20 13:51:00,SHORT,2703.775,2.845499999999934,0.0,3.2729999999996835,0.0,1.1502372166577963,,1.0,-1.0
2025-01-20 16:20:00,2025-01-20 16:26:00,SHORT,2705.705,2.1805000000000683,2.519999999999982,2.230000000000018,1.1556982343498752,1.022701215317564,4.0,6.0,-1.0
2025-01-20 18:05:00,2025-01-20 18:25:00,SHORT,2705.875,2.124214285714223,0.9600000000000364,2.7399999999997817,0.45193180671848093,1.2898886983421793,4.0,20.0,-1.0
2025-01-21 01:35:00,2025-01-21 01:46:00,LONG,2712.505,2.7866428571429163,4.179999999999836,1.4900000000002365,1.5000128162406496,0.5346935636839738,11.0,3.0,1.5
2025-01-21 04:45:00,2025-01-21 06:21:00,LONG,2726.655,1.7719285714285238,2.75,1.6200000000003456,1.5519812956020895,0.9142580723185169,96.0,1.0,1.5
2025-01-21 06:00:00,2025-01-21 06:02:00,LONG,2726.495,1.1609999999999931,0.0,1.199999999999818,0.0,1.0335917312659992,,2.0,-1.0
2025-01-21 10:50:00,2025-01-21 11:25:00,SHORT,2719.095,1.7677857142856996,2.75,1.3700000000003456,1.5556184088246119,0.7749808073055476,35.0,9.0,1.5
2025-01-21 14:10:00,2025-01-21 14:38:00,LONG,2728.725,2.5720714285714297,3.8630000000002838,2.5299999999997453,1.501902302202337,0.9836429781442534,28.0,1.0,1.5
2025-01-21 17:50:00,2025-01-21 17:58:00,LONG,2742.205,1.9640000000000717,0.01999999999998181,2.3299999999999272,0.010183299388992404,1.186354378818657,5.0,8.0,-1.0
2025-01-21 21:00:00,2025-01-21 21:47:00,LONG,2742.815,1.086428571428574,1.9400000000000546,0.9700000000002547,1.7856673241289087,0.8928336620646636,47.0,21.0,1.5
2025-01-21 21:30:00,2025-01-21 21:47:00,LONG,2743.205,0.9642857142857467,1.550000000000182,0.9200000000000728,1.607407407407542,0.9540740740741175,17.0,2.0,1.5
2025-01-21 23:45:00,2025-01-22 00:18:00,LONG,2744.235,1.3085714285714078,0.9200000000000728,1.4900000000002365,0.7030567685590187,1.1386462882098056,24.0,33.0,-1.0
2025-01-22 02:05:00,2025-01-22 02:44:00,LONG,2748.065,1.6011428571429016,1.51299999999992,1.98700000000008,0.9449500356887175,1.2409885795860256,9.0,39.0,-1.0
2025-01-22 03:50:00,2025-01-22 04:16:00,LONG,2749.108,1.311428571428548,1.9969999999998436,0.4230000000002292,1.5227668845314983,0.3225490196080236,26.0,1.0,1.5
2025-01-22 20:30:00,2025-01-22 20:45:00,SHORT,2755.175,0.7571428571429156,0.45000000000027285,0.7899999999999636,0.5943396226418239,1.0433962264149657,7.0,15.0,-1.0
2025-01-22 21:45:00,2025-01-22 21:54:00,SHORT,2755.415,0.8014285714285246,0.7899999999999636,0.900000000000091,0.985739750445645,1.1229946524065961,3.0,9.0,-1.0
2025-01-23 00:25:00,2025-01-23 00:32:00,SHORT,2754.198,1.1392857142857988,0.5299999999997453,1.4270000000001346,0.4652037617552278,1.2525391849530032,4.0,7.0,-1.0
2025-01-23 01:20:00,2025-01-23 01:47:00,SHORT,2753.965,1.1478571428571545,3.2170000000000982,0.9629999999997381,2.8026135656503373,0.8389545737396513,27.0,20.0,1.5
2025-01-23 02:55:00,2025-01-23 03:21:00,SHORT,2752.405,1.2700000000000142,2.3070000000002437,0.7699999999999818,1.8165354330710377,0.6062992125984041,26.0,3.0,1.5
2025-01-23 04:55:00,2025-01-23 05:03:00,SHORT,2751.425,0.7578571428570869,0.2300000000000182,0.8999999999996362,0.30348727615461757,1.1875589066914078,3.0,8.0,-1.0
2025-01-23 16:15:00,2025-01-23 16:16:00,LONG,2750.695,2.5871428571428106,0.009999999999763531,3.1600000000003092,0.00386526780774964,1.2214246272778886,1.0,1.0,-1.0
2025-01-23 18:50:00,2025-01-23 19:25:00,LONG,2755.728,1.3037857142857578,2.049999999999727,0.900000000000091,1.5723442721741752,0.6902974853449215,35.0,13.0,1.5
2025-01-23 19:50:00,2025-01-23 19:56:00,LONG,2756.348,1.2535714285714417,0.6199999999998909,1.5399999999999636,0.4945868945868024,1.2284900284899867,4.0,6.0,-1.0
2025-01-23 23:55:00,2025-01-24 00:06:00,LONG,2754.365,0.7376428571428733,1.1300000000001091,0.32999999999992724,1.5319066524645282,0.44737096930365844,11.0,2.0,1.5
2025-01-24 01:55:00,2025-01-24 02:00:00,LONG,2762.175,1.586714285714314,3.230000000000018,1.5100000000002183,2.0356531916808973,0.9516521112812947,5.0,2.0,1.5
2025-01-24 04:05:00,2025-01-24 04:20:00,LONG,2773.175,1.8560714285714053,0.13999999999987267,1.930000000000291,0.07542813161432527,1.0398306715414436,6.0,15.0,-1.0
2025-01-24 04:25:00,2025-01-24 04:37:00,LONG,2772.075,1.6205714285714683,2.6700000000000728,1.3799999999996544,1.6475669957686927,0.8515514809588631,12.0,1.0,1.5
2025-01-24 04:50:00,2025-01-24 05:29:00,LONG,2772.285,1.6107142857143313,2.450000000000273,0.6799999999998363,1.5210643015522327,0.4221729490021037,39.0,9.0,1.5
2025-01-24 05:00:00,2025-01-24 05:37:00,LONG,2773.475,1.570714285714335,2.7200000000002547,1.3299999999999272,1.731696225557179,0.8467485220554068,37.0,2.0,1.5
2025-01-24 05:10:00,2025-01-24 05:37:00,LONG,2773.525,1.5921428571429195,2.6700000000000728,0.38000000000010914,1.676985195154758,0.23867205024680663,27.0,17.0,1.5
2025-01-24 09:05:00,2025-01-24 09:36:00,LONG,2775.225,1.7795000000000332,2.4400000000000546,3.2469999999998436,1.3711716774374876,1.8246698510816426,25.0,31.0,-1.0
2025-01-24 09:15:00,2025-01-24 09:33:00,LONG,2775.635,1.7709285714286125,2.0299999999997453,2.1270000000004075,1.146291291896736,1.2010648166823303,15.0,18.0,-1.0
2025-01-27 04:15:00,2025-01-27 04:39:00,SHORT,2757.925,1.613357142857142,2.450000000000273,0.9099999999998545,1.5185726302742213,0.5640412626731292,24.0,7.0,1.5
2025-01-27 15:00:00,2025-01-27 15:01:00,SHORT,2743.245,3.7240714285713756,0.0,5.579999999999927,0.0,1.4983600897635094,,1.0,-1.0
2025-01-27 16:40:00,2025-01-27 16:51:00,SHORT,2739.315,2.4819285714286576,5.519999999999982,1.599999999999909,2.2240768987249853,0.6446599706448888,11.0,1.0,1.5
2025-01-28 06:15:00,2025-01-28 06:24:00,LONG,2742.125,0.9773571428571424,0.6900000000000546,1.2199999999998,0.7059855294892033,1.2482642695313313,2.0,9.0,-1.0
2025-01-28 12:45:00,2025-01-28 13:01:00,LONG,2743.975,1.3676428571428525,2.3229999999998654,0.5799999999999272,1.6985428526661215,0.4240873243849694,16.0,1.0,1.5
2025-01-28 16:45:00,2025-01-28 18:31:00,LONG,2758.675,1.734000000000021,2.75,1.3900000000003274,1.5859284890426566,0.8016147635526589,106.0,48.0,1.5
2025-01-28 17:40:00,2025-01-28 18:05:00,LONG,2758.405,1.3564285714286208,2.119999999999891,0.9670000000000982,1.5629278567665819,0.7129015271195831,25.0,6.0,1.5
2025-01-28 17:55:00,2025-01-28 18:31:00,LONG,2759.545,1.1909285714285878,1.8800000000001091,0.7400000000002365,1.578600131949929,0.6213638817251346,36.0,2.0,1.5
2025-01-28 20:30:00,2025-01-28 21:01:00,LONG,2763.755,0.953857142857162,1.1199999999998909,1.0399999999999636,1.1741800209673623,1.0903100194697617,23.0,31.0,-1.0
2025-01-28 21:40:00,2025-01-28 23:00:00,LONG,2763.625,0.7157142857142195,0.17000000000007276,1.7699999999999818,0.23752495009992405,2.4730538922157725,5.0,80.0,-1.0
2025-01-29 02:20:00,2025-01-29 02:59:00,LONG,2764.895,0.9086428571429549,0.5500000000001819,1.1100000000001273,0.6052983256034682,1.2216020753085537,21.0,39.0,-1.0
2025-01-29 02:30:00,2025-01-29 02:59:00,LONG,2764.935,0.9060000000000465,0.5100000000002183,1.150000000000091,0.5629139072849803,1.2693156732892183,11.0,29.0,-1.0
2025-01-29 07:15:00,2025-01-29 08:00:00,SHORT,2758.668,1.2509999999999764,1.393000000000029,1.3769999999999527,1.1135091926459275,1.1007194244604146,12.0,45.0,-1.0
2025-01-29 13:10:00,2025-01-29 13:17:00,SHORT,2756.455,1.6352857142857309,3.069999999999709,0.7899999999999636,1.877347776709858,0.4830960076875766,7.0,3.0,1.5
2025-01-29 16:05:00,2025-01-29 16:06:00,SHORT,2751.765,2.8541428571428957,0.0,3.099999999999909,0.0,1.0861404474697969,,1.0,-1.0
2025-01-29 17:55:00,2025-01-29 18:02:00,SHORT,2752.795,1.5885714285715753,2.5799999999999272,0.5799999999999272,1.6241007194242647,0.3651079136689852,7.0,1.0,1.5
2025-01-29 18:50:00,2025-01-29 19:00:00,SHORT,2751.315,1.546214285714346,4.947000000000116,0.9299999999998363,3.199427172356397,0.6014690257309189,10.0,1.0,1.5
2025-01-30 01:10:00,2025-01-30 02:00:00,LONG,2760.238,0.9615000000000821,0.9570000000003347,0.9729999999999563,0.9953198127927748,1.011960478419005,30.0,50.0,-1.0
2025-01-30 01:35:00,2025-01-30 01:43:00,LONG,2760.735,1.0852857142858088,0.4600000000000364,1.1200000000003456,0.42385152033697177,1.031986310385907,5.0,8.0,-1.0
2025-01-30 01:50:00,2025-01-30 03:44:00,LONG,2760.048,1.164785714285829,1.7570000000000618,1.1329999999998108,1.5084319617341289,0.9727111056598876,114.0,46.0,1.5
2025-01-30 02:50:00,2025-01-30 03:05:00,LONG,2760.148,0.9309285714286618,0.40699999999969805,0.9329999999999927,0.4371978822984132,1.0022251208469755,3.0,15.0,-1.0
2025-01-30 06:35:00,2025-01-30 06:56:00,LONG,2761.575,1.1271428571428064,2.7400000000002365,0.6769999999996799,2.4309252218000656,0.6006337135612132,21.0,2.0,1.5
2025-01-30 06:45:00,2025-01-30 06:56:00,LONG,2761.905,1.1321428571427856,2.4099999999998545,0.5900000000001455,2.1287066246056843,0.5211356466878586,11.0,5.0,1.5
2025-01-30 10:00:00,2025-01-30 10:24:00,LONG,2774.805,1.9426428571428005,3.4400000000000546,0.9400000000000546,1.7707835423025395,0.48387689818734225,24.0,1.0,1.5
2025-01-30 13:35:00,2025-01-30 13:36:00,LONG,2782.145,1.92364285714286,0.0,3.1399999999998727,0.0,1.6323196316511883,,1.0,-1.0
2025-01-30 15:00:00,2025-01-30 15:47:00,LONG,2788.615,2.7126428571428147,4.5,2.3799999999996544,1.6588988071727884,0.8773731469045918,47.0,9.0,1.5
2025-01-30 17:05:00,2025-01-30 17:45:00,LONG,2790.935,2.7688571428571516,4.179999999999836,1.98700000000008,1.5096481271281994,0.7176246001444906,40.0,15.0,1.5
2025-01-30 20:05:00,2025-01-30 20:36:00,LONG,2793.855,1.388785714285697,2.6929999999997563,1.1900000000000546,1.9391040477291086,0.8568636527285384,31.0,1.0,1.5
2025-01-30 23:55:00,2025-01-31 00:07:00,LONG,2795.965,1.7971428571428143,3.4099999999998545,0.9500000000002728,1.8974562798091852,0.5286168521464283,12.0,7.0,1.5
2025-01-31 15:30:00,2025-01-31 16:03:00,LONG,2810.285,2.649499999999989,1.1700000000000728,2.799999999999727,0.4415927533497179,1.0568031704094125,12.0,33.0,-1.0
2025-01-31 16:05:00,2025-01-31 16:16:00,LONG,2809.185,2.4628571428571115,0.9299999999998363,2.519999999999982,0.37761020881664364,1.0232018561484975,7.0,11.0,-1.0
2025-01-31 16:25:00,2025-01-31 17:11:00,LONG,2806.425,2.2985714285713845,3.3899999999998727,3.5300000000002,1.4748290863890343,1.5357364822872512,42.0,46.0,-1.0
2025-02-03 00:20:00,2025-02-03 00:38:00,SHORT,2790.318,5.025785714285705,0.7430000000003929,5.279999999999745,0.14783758047789997,1.0505819985502844,4.0,18.0,-1.0
2025-02-03 00:50:00,2025-02-03 00:51:00,SHORT,2790.805,3.4166428571428633,0.0,4.682999999999993,0.0,1.3706436978654857,,1.0,-1.0
2025-02-03 07:55:00,2025-02-03 07:56:00,LONG,2789.155,2.0657142857142907,0.0,2.300000000000182,0.0,1.1134163208852859,,1.0,-1.0
2025-02-03 11:40:00,2025-02-03 12:26:00,LONG,2799.965,1.9962142857142615,3.299999999999727,1.1100000000001273,1.6531291372954786,0.556052527999498,46.0,3.0,1.5
2025-02-03 11:55:00,2025-02-03 12:28:00,LONG,2801.048,1.8504999999999785,3.3470000000002074,1.0199999999999818,1.8087003512565503,0.5512023777357437,33.0,1.0,1.5
2025-02-03 16:40:00,2025-02-03 16:48:00,LONG,2821.535,4.023571428571456,1.050000000000182,4.029999999999745,0.2609621871117068,1.0015977276761237,4.0,8.0,-1.0
2025-02-04 03:00:00,2025-02-04 03:39:00,LONG,2821.395,1.9781428571429518,2.6230000000000473,2.4200000000000728,1.3259911894272733,1.2233696829637972,10.0,39.0,-1.0
2025-02-04 19:00:00,2025-02-04 19:21:00,LONG,2843.225,1.273142857142927,0.6829999999999927,1.4400000000000546,0.5364676840215088,1.1310592459604834,11.0,21.0,-1.0
2025-02-04 19:30:00,2025-02-04 20:17:00,LONG,2843.235,1.3185714285714312,0.7999999999997272,1.3400000000001455,0.6067172264353282,1.0162513542796316,7.0,47.0,-1.0
2025-02-04 20:55:00,2025-02-04 21:06:00,LONG,2844.135,1.2425714285714093,0.51299999999992,1.4700000000002547,0.4128535295469643,1.1830305817431526,7.0,11.0,-1.0
2025-02-04 21:25:00,2025-02-05 00:30:00,LONG,2841.255,1.2147142857142756,2.6599999999998545,1.106999999999971,2.189815359284857,0.9113254145595509,185.0,97.0,1.5
2025-02-05 09:30:00,2025-02-05 10:31:00,LONG,2870.255,2.143071428571505,3.599999999999909,1.2100000000000364,1.679832016798218,0.5646102056460989,61.0,9.0,1.5
2025-02-05 11:20:00,2025-02-05 13:15:00,LONG,2868.875,2.506857142857143,1.8400000000001455,2.9299999999998363,0.7339867791201856,1.1687941645770943,98.0,115.0,-1.0
2025-02-05 14:15:00,2025-02-05 14:30:00,SHORT,2863.005,3.238285714285634,0.8800000000001091,3.862999999999829,0.27174872066353084,1.1929151226398216,10.0,15.0,-1.0
2025-02-05 15:00:00,2025-02-05 15:49:00,LONG,2874.305,3.331428571428595,5.710000000000036,2.980000000000018,1.7139794168096043,0.8945111492281295,49.0,7.0,1.5
2025-02-06 01:50:00,2025-02-06 02:02:00,LONG,2869.958,1.892142857142939,3.1269999999999527,1.8730000000000473,1.6526236315589824,0.9898829747074189,12.0,1.0,1.5
2025-02-06 02:25:00,2025-02-06 02:26:00,LONG,2870.795,1.7865000000000302,0.0,2.650000000000091,0.0,1.4833473271760684,,1.0,-1.0
2025-02-06 09:15:00,2025-02-06 09:16:00,SHORT,2856.095,3.080714285714326,0.0,3.4700000000002547,0.0,1.126362160908948,,1.0,-1.0
2025-02-06 11:45:00,2025-02-06 11:55:00,LONG,2866.705,2.095499999999934,0.5599999999999454,2.4699999999998,0.26723932235741493,1.1787162968264746,6.0,10.0,-1.0
2025-02-06 13:50:00,2025-02-06 14:46:00,SHORT,2857.435,2.5733571428571134,4.019999999999982,2.2400000000002365,1.5621617120493072,0.870458267410655,56.0,38.0,1.5
2025-02-06 16:45:00,2025-02-06 18:49:00,SHORT,2851.198,2.2338571428572,3.212999999999738,2.367000000000189,1.4383193707231305,1.0596022254908808,15.0,124.0,-1.0
2025-02-06 17:30:00,2025-02-06 17:54:00,SHORT,2849.165,1.8835714285714207,0.38000000000010914,2.630000000000109,0.2017444065226223,1.396283655669385,7.0,24.0,-1.0
2025-02-06 18:50:00,2025-02-06 19:53:00,SHORT,2852.175,1.7119285714285135,2.019999999999982,1.8399999999996908,1.1799557725205785,1.074811198731445,47.0,63.0,-1.0
2025-02-07 01:15:00,2025-02-07 01:16:00,LONG,2862.495,1.2502142857142644,0.0,3.4299999999998363,0.0,2.7435296806260943,,1.0,-1.0
2025-02-07 06:30:00,2025-02-07 06:40:00,SHORT,2861.035,1.6387857142857294,0.32999999999992724,1.9900000000002365,0.2013686091617896,1.2143137340366583,6.0,10.0,-1.0
2025-02-07 07:20:00,2025-02-07 08:16:00,SHORT,2864.015,1.8535714285714806,1.1299999999996544,2.019999999999982,0.6096339113678119,1.0897880539498632,9.0,56.0,-1.0
2025-02-07 09:05:00,2025-02-07 09:06:00,LONG,2869.645,1.7830714285714424,0.30999999999994543,2.369999999999891,0.17385730881701728,1.329167167407692,1.0,1.0,-1.0
2025-02-07 13:50:00,2025-02-07 14:16:00,SHORT,2861.715,4.282571428571373,5.7400000000002365,4.899999999999636,1.3403162319034685,1.1441723930881946,15.0,26.0,-1.0
2025-02-07 14:00:00,2025-02-07 14:10:00,SHORT,2858.178,4.794499999999938,2.2029999999999745,4.916999999999916,0.4594848263635422,1.025550109500465,5.0,10.0,-1.0
2025-02-07 18:35:00,2025-02-09 23:00:00,SHORT,2862.308,2.727571428571472,7.860000000000127,2.0,2.881684386948097,0.7332530246687151,3145.0,1.0,1.5
2025-02-07 20:40:00,2025-02-07 20:47:00,SHORT,2859.755,1.4666428571427852,0.4169999999999163,1.7100000000000364,0.2843227974479674,1.1659280183120675,3.0,7.0,-1.0
2025-02-07 21:55:00,2025-02-09 23:00:00,SHORT,2860.135,1.3355714285714189,5.687000000000353,1.069999999999709,4.258102470852792,0.8011552037648965,2945.0,2.0,1.5
2025-02-10 00:25:00,2025-02-10 01:01:00,LONG,2867.015,2.1014285714285768,3.5100000000002183,1.2899999999999636,1.6702923181510174,0.6138681169272415,36.0,21.0,1.5
2025-02-10 00:50:00,2025-02-10 01:01:00,LONG,2867.005,1.725000000000039,3.519999999999982,0.21000000000003638,2.040579710144871,0.12173913043480095,11.0,5.0,1.5
2025-02-10 02:10:00,2025-02-10 04:01:00,LONG,2872.115,2.531000000000014,4.0300000000002,1.0,1.5922560252865183,0.39510075069142414,111.0,1.0,1.5
2025-02-10 03:20:00,2025-02-10 04:11:00,LONG,2873.365,1.8717142857143634,3.2100000000000364,1.0899999999996908,1.71500534269572,0.5823538391083437,51.0,22.0,1.5
2025-02-10 10:50:00,2025-02-10 11:03:00,LONG,2901.485,1.9684285714286358,3.2399999999997817,0.8400000000001455,1.6459830176353676,0.42673633790556836,13.0,6.0,1.5
2025-02-10 13:10:00,2025-02-10 13:19:00,LONG,2904.725,2.1947857142857368,4.130000000000109,1.5,1.8817326781007238,0.6834380186806321,9.0,1.0,1.5
2025-02-10 14:50:00,2025-02-10 15:02:00,LONG,2908.135,3.369499999999919,0.9599999999995816,3.900000000000091,0.2849087401690472,1.157441756937286,9.0,12.0,-1.0
2025-02-10 15:05:00,2025-02-10 15:49:00,LONG,2908.695,3.421428571428513,2.9600000000000364,3.7400000000002365,0.8651356993737206,1.0931106471817162,35.0,44.0,-1.0
2025-02-10 15:35:00,2025-02-10 15:46:00,LONG,2909.875,2.8717857142856764,1.7800000000002,2.900000000000091,0.6198234050492011,1.0098246486755829,5.0,11.0,-1.0
2025-02-11 11:35:00,2025-02-11 12:08:00,SHORT,2904.695,1.9314285714285364,3.7970000000000255,1.9099999999998545,1.9659023668639541,0.9889053254437296,33.0,17.0,1.5
2025-02-11 11:55:00,2025-02-11 12:08:00,SHORT,2903.775,1.7578571428571195,2.8769999999999527,1.3399999999996908,1.6366517675741517,0.7622917513204356,13.0,2.0,1.5
2025-02-11 13:45:00,2025-02-11 13:46:00,SHORT,2893.105,4.9300714285713765,0.0,4.989999999999782,0.0,1.012155720722645,,1.0,-1.0
2025-02-11 15:50:00,2025-02-11 17:00:00,LONG,2905.535,3.861142857142795,2.9400000000000546,4.369999999999891,0.761432588426843,1.1317892555867888,32.0,70.0,-1.0
2025-02-11 16:45:00,2025-02-11 17:00:00,LONG,2904.415,2.3207142857142378,0.9700000000002547,3.25,0.41797476146518453,1.4004309018159724,10.0,15.0,-1.0
2025-02-11 18:10:00,2025-02-11 18:24:00,LONG,2905.375,1.6900000000000222,1.099999999999909,2.099999999999909,0.6508875739644346,1.242603550295788,8.0,14.0,-1.0
2025-02-11 21:10:00,2025-02-11 21:28:00,SHORT,2897.575,1.4433571428571992,0.1999999999998181,1.5399999999999636,0.13856584351944098,1.0669569951006408,4.0,18.0,-1.0
2025-02-11 21:30:00,2025-02-11 21:54:00,SHORT,2898.095,1.3340714285714708,0.32999999999992724,1.6100000000001273,0.24736306687363255,1.2068319323232355,5.0,24.0,-1.0
2025-02-11 21:55:00,2025-02-11 21:56:00,SHORT,2897.325,1.187857142857118,0.569999999999709,1.4600000000000364,0.4798556825012683,1.229104028863556,1.0,1.0,-1.0
2025-02-12 00:00:00,2025-02-12 00:01:00,SHORT,2896.365,1.5073571428570176,0.0,1.6300000000001091,0.0,1.0813628394068817,,1.0,-1.0
2025-02-12 04:30:00,2025-02-12 04:31:00,SHORT,2886.055,1.820928571428567,0.0,2.050000000000182,0.0,1.1257992390068887,,1.0,-1.0
2025-02-12 05:55:00,2025-02-12 06:09:00,SHORT,2886.145,1.6969285714285758,0.7100000000000364,2.349999999999909,0.4184029970114275,1.3848549901081215,5.0,14.0,-1.0
2025-02-12 11:40:00,2025-02-12 11:59:00,SHORT,2883.625,2.480999999999962,4.4659999999998945,1.9400000000000546,1.800080612656172,0.7819427650141412,19.0,1.0,1.5
2025-02-12 12:40:00,2025-02-12 12:41:00,SHORT,2881.665,2.1682142857143196,0.0,2.400000000000091,0.0,1.1069016636468703,,1.0,-1.0
2025-02-12 16:35:00,2025-02-12 16:53:00,LONG,2896.225,2.5449999999999755,4.769999999999982,1.199999999999818,1.874263261296671,0.4715127701374576,18.0,6.0,1.5
2025-02-12 18:20:00,2025-02-12 18:56:00,LONG,2902.775,2.0769285714285224,0.31999999999970896,2.2200000000002547,0.15407366647164533,1.0688860611481343,18.0,36.0,-1.0
2025-02-12 20:30:00,2025-02-12 21:17:00,LONG,2899.948,1.5844285714285238,2.599999999999909,0.6829999999999927,1.64097015598232,0.4310702371292122,47.0,8.0,1.5
2025-02-13 02:00:00,2025-02-13 03:16:00,LONG,2906.815,2.076428571428486,3.380000000000109,1.70699999999988,1.6277949776402985,0.8220846233229895,76.0,9.0,1.5
2025-02-13 02:55:00,2025-02-13 03:19:00,LONG,2908.595,1.4560714285713792,2.1900000000000546,1.3669999999997344,1.5040470934511554,0.9388275692909949,24.0,8.0,1.5
2025-02-13 07:30:00,2025-02-13 07:35:00,LONG,2917.408,2.109571428571436,2.867000000000189,2.549999999999727,1.3590438139094774,1.208776325590711,1.0,5.0,-1.0
2025-02-13 08:15:00,2025-02-13 08:27:00,LONG,2914.115,3.0852142857143656,1.2300000000000182,3.169999999999618,0.3986757113421112,1.0274813048409117,6.0,12.0,-1.0
2025-02-13 11:40:00,2025-02-13 11:46:00,LONG,2917.625,1.670071428571386,0.3730000000000473,2.3400000000001455,0.22334374064414675,1.4011376758908034,5.0,6.0,-1.0
2025-02-13 17:55:00,2025-02-13 18:14:00,LONG,2918.745,1.6819285714285732,0.19000000000005457,2.9670000000000982,0.11296555824524403,1.764046375334494,4.0,19.0,-1.0
2025-02-13 18:45:00,2025-02-13 18:46:00,LONG,2920.895,2.1176428571427874,0.0,3.0700000000001637,0.0,1.449725098661035,,1.0,-1.0
2025-02-14 09:00:00,2025-02-14 09:40:00,LONG,2936.685,2.1207142857143872,2.0,2.4169999999999163,0.943078477601841,1.1397103401817854,32.0,40.0,-1.0
2025-02-14 09:50:00,2025-02-14 10:17:00,LONG,2935.128,1.5985714285714039,2.606999999999971,1.093000000000302,1.6308310991957173,0.6837354781056507,27.0,15.0,1.5
2025-02-14 12:30:00,2025-02-14 12:42:00,SHORT,2930.705,1.85235714285711,2.799999999999727,0.443000000000211,1.5115875525391154,0.23915474491971866,12.0,4.0,1.5
2025-02-14 14:45:00,2025-02-14 15:14:00,SHORT,2921.995,5.031214285714278,7.739999999999782,1.900000000000091,1.5383960134587944,0.3776424322444356,29.0,1.0,1.5
2025-02-14 20:30:00,2025-02-14 20:31:00,SHORT,2879.855,1.503857142857149,0.0,2.099999999999909,0.0,1.3964092333997629,,1.0,-1.0
2025-02-14 21:50:00,2025-02-16 23:00:00,SHORT,2882.825,1.5175714285714028,1.1899999999995998,3.019999999999982,0.7841476042546682,1.990021651134353,9.0,2950.0,-1.0
2025-02-17 05:15:00,2025-02-17 05:27:00,LONG,2900.625,1.6381428571429038,3.650000000000091,1.2800000000002,2.2281329031132735,0.7813726345165384,12.0,6.0,1.5
2025-02-17 10:15:00,2025-02-17 10:25:00,LONG,2902.235,1.653357142857138,0.5199999999999818,1.9800000000000182,0.31451159977533877,1.197563399144612,1.0,10.0,-1.0
2025-02-17 13:20:00,2025-02-17 13:28:00,SHORT,2896.555,1.7987142857143357,1.1269999999999527,2.400000000000091,0.6265586530060718,1.3342863950440926,3.0,8.0,-1.0
2025-02-17 18:05:00,2025-02-17 19:18:00,SHORT,2898.165,0.8764285714285377,1.5399999999999636,0.5500000000001819,1.7571312143439544,0.6275468622659204,73.0,1.0,1.5
2025-02-17 19:00:00,2025-02-17 23:00:00,SHORT,2897.675,0.7752142857143228,1.050000000000182,0.9099999999998545,1.3544642034462215,1.1738689763196677,18.0,240.0,-1.0
2025-02-18 00:40:00,2025-02-18 00:50:00,LONG,2899.425,0.7152142857141826,0.7599999999997635,0.9100000000003092,1.0626185958252496,1.2723459502652719,8.0,10.0,-1.0
2025-02-18 06:00:00,2025-02-18 07:05:00,LONG,2911.585,2.1030714285713787,3.269999999999982,1.4800000000000182,1.5548687294093955,0.7037326359406564,65.0,1.0,1.5
2025-02-18 09:05:00,2025-02-18 09:14:00,LONG,2912.255,1.7488571428571373,0.13000000000010914,1.8400000000001455,0.07433425910805153,1.0521156673746985,4.0,9.0,-1.0
2025-02-18 11:45:00,2025-02-18 11:58:00,LONG,2912.545,1.361928571428572,2.099999999999909,1.0300000000002,1.541931085120822,0.756280484607059,13.0,1.0,1.5
2025-02-18 13:25:00,2025-02-18 13:45:00,LONG,2917.158,2.109714285714387,3.686999999999898,1.5630000000001019,1.7476300108341039,0.7408586132177808,20.0,7.0,1.5
2025-02-18 18:40:00,2025-02-18 19:35:00,LONG,2931.805,1.6074285714286296,3.143000000000029,1.199999999999818,1.9552968361179708,0.7465339495199451,55.0,1.0,1.5
2025-02-18 20:45:00,2025-02-18 20:46:00,LONG,2934.805,1.1278571428571078,0.0,1.2599999999997635,0.0,1.117162761241117,,1.0,-1.0
2025-02-18 21:20:00,2025-02-18 21:50:00,LONG,2934.055,1.1599999999999844,2.4200000000000728,1.0,2.086206896551815,0.862068965517253,30.0,9.0,1.5
2025-02-19 01:25:00,2025-02-19 01:32:00,SHORT,2931.295,1.4433571428570693,0.4099999999998545,1.5399999999999636,0.2840599792150371,1.066956995100737,3.0,7.0,-1.0
2025-02-19 04:50:00,2025-02-19 04:51:00,SHORT,2927.605,1.2105000000000083,0.0,1.6399999999998727,0.0,1.3548120611316492,,1.0,-1.0
2025-02-19 17:15:00,2025-02-19 17:33:00,SHORT,2927.865,2.216428571428586,4.519999999999982,1.7700000000004366,2.039316790203008,0.7985820174027055,18.0,1.0,1.5
2025-02-19 23:00:00,2025-02-19 23:19:00,LONG,2933.208,1.173857142857157,1.8469999999997526,0.54300000000012,1.573445296336633,0.4625775830596075,19.0,1.0,1.5
2025-02-20 03:00:00,2025-02-20 04:05:00,LONG,2941.975,1.9792857142857818,1.8400000000001455,2.0899999999996908,0.9296282930350472,1.0559364850232649,13.0,65.0,-1.0
2025-02-20 04:25:00,2025-02-20 04:50:00,LONG,2940.475,1.2660000000000764,0.680000000000291,1.2899999999999636,0.5371248025278436,1.0189573459714738,15.0,25.0,-1.0
2025-02-20 06:50:00,2025-02-20 06:51:00,LONG,2948.195,1.5373571428571526,0.0,2.4600000000000364,0.0,1.6001486781582628,,1.0,-1.0
2025-02-20 13:55:00,2025-02-20 14:05:00,SHORT,2933.825,3.51385714285714,7.679999999999836,3.3600000000001273,2.185632394194369,0.9562141724600931,10.0,1.0,1.5
2025-02-20 14:45:00,2025-02-20 16:21:00,SHORT,2935.405,4.8007857142856665,3.930000000000291,6.139999999999873,0.8186160003571532,1.278957313534973,19.0,96.0,-1.0
2025-02-21 01:55:00,2025-02-21 02:05:00,SHORT,2928.575,3.4842857142857286,2.336999999999989,3.580000000000382,0.6707257072570667,1.0274702747028523,5.0,10.0,-1.0
2025-02-21 06:15:00,2025-02-21 06:30:00,SHORT,2927.725,2.8802857142858165,1.3600000000001273,3.1900000000000546,0.47217537942667165,1.1075290149786523,1.0,15.0,-1.0
2025-02-21 12:25:00,2025-02-21 12:53:00,LONG,2933.075,2.0095714285714945,1.9700000000002547,3.049999999999727,0.9803085234947985,1.517736546527148,19.0,28.0,-1.0
2025-02-24 00:30:00,2025-02-24 00:54:00,SHORT,2934.058,1.7250000000000065,2.592999999999847,1.3270000000002256,1.503188405797007,0.7692753623189684,24.0,1.0,1.5
2025-02-24 04:55:00,2025-02-24 04:56:00,LONG,2940.485,1.856000000000092,0.75,2.0700000000001637,0.40409482758618687,1.115301724137964,1.0,1.0,-1.0
2025-02-24 05:10:00,2025-02-24 05:31:00,LONG,2940.725,1.7047857142858251,1.1300000000001091,1.856999999999971,0.6628399044706289,1.0892864624794865,11.0,21.0,-1.0
2025-02-24 07:30:00,2025-02-24 07:44:00,LONG,2941.635,1.7023571428571163,2.6099999999996726,1.4100000000003092,1.5331682960599164,0.8282633323544932,14.0,1.0,1.5
2025-02-24 08:25:00,2025-02-24 08:38:00,LONG,2942.115,1.9164285714285663,0.36000000000012733,1.9169999999999163,0.18784942228854998,1.0002981736861312,5.0,13.0,-1.0
2025-02-24 09:00:00,2025-02-24 09:16:00,LONG,2946.805,2.5973571428570983,1.2400000000002365,3.6900000000000546,0.47740835464630554,1.420674861810127,6.0,16.0,-1.0
2025-02-24 13:00:00,2025-02-24 13:15:00,LONG,2947.885,1.9899999999999116,3.0399999999999636,0.08000000000038199,1.5276381909548233,0.04020100502531937,15.0,4.0,1.5
2025-02-24 23:20:00,2025-02-24 23:36:00,LONG,2950.605,1.1828571428571715,2.5729999999998654,1.0369999999998072,2.1752415458935532,0.8766908212558544,16.0,1.0,1.5
2025-02-25 03:15:00,2025-02-25 03:16:00,SHORT,2945.845,1.6247142857142924,0.0,1.650000000000091,0.0,1.0155631759430748,,1.0,-1.0
2025-02-25 05:55:00,2025-02-25 06:28:00,SHORT,2937.708,1.4514285714286157,2.343000000000302,1.20699999999988,1.6142716535434658,0.8315944881888683,33.0,1.0,1.5
2025-02-25 06:10:00,2025-02-25 06:22:00,SHORT,2936.515,1.485928571428628,0.8799999999996544,1.7600000000002183,0.592222275633067,1.1844445512667459,5.0,12.0,-1.0
2025-02-25 15:05:00,2025-02-25 15:06:00,SHORT,2928.765,3.055285714285804,0.0,4.9900000000002365,0.0,1.6332351428438132,,1.0,-1.0
2025-02-26 03:10:00,2025-02-26 03:50:00,LONG,2920.545,2.143857142857184,0.8800000000001091,2.200000000000273,0.4104751116146229,1.0261877790365572,1.0,40.0,-1.0
2025-02-26 11:10:00,2025-02-26 11:39:00,SHORT,2912.995,1.506500000000025,1.0499999999997272,1.6530000000002474,0.6969797543974177,1.0972452704946698,19.0,29.0,-1.0
2025-02-26 13:10:00,2025-02-26 13:54:00,SHORT,2911.795,1.9507142857142494,3.7400000000002365,1.569999999999709,1.917246429879322,0.8048333943609057,44.0,20.0,1.5
2025-02-26 18:15:00,2025-02-26 18:33:00,LONG,2915.875,2.072857142857109,0.2199999999997999,2.2199999999998,0.10613370089583904,1.070985527222526,12.0,18.0,-1.0
2025-02-27 00:15:00,2025-02-27 00:16:00,LONG,2918.435,0.9995714285714062,0.0,1.0099999999997635,0.0,1.0104330427323858,,1.0,-1.0
2025-02-27 07:25:00,2025-02-27 07:26:00,SHORT,2891.925,2.6949999999999688,0.0,3.919999999999618,0.0,1.4545454545453296,,1.0,-1.0
2025-02-27 07:35:00,2025-02-27 07:49:00,SHORT,2890.715,2.843571428571425,2.8600000000001273,3.230000000000018,1.0057774428536004,1.1358955036423088,9.0,14.0,-1.0
2025-02-27 10:10:00,2025-02-27 10:27:00,SHORT,2887.995,3.3852857142856334,1.6199999999998909,3.8099999999999454,0.47854158754270615,1.1254589188504982,11.0,17.0,-1.0
2025-02-27 12:20:00,2025-02-27 12:43:00,SHORT,2884.958,2.4367142857143205,1.2899999999999636,2.6970000000001164,0.529401418772329,1.1068183150612971,6.0,23.0,-1.0
2025-02-27 12:55:00,2025-02-27 13:03:00,SHORT,2884.865,2.5067142857142892,0.6599999999998545,2.830000000000382,0.26329287057610845,1.1289679147434117,5.0,8.0,-1.0
2025-02-27 21:50:00,2025-02-28 00:27:00,SHORT,2876.815,1.5640714285713264,2.3400000000001455,2.8200000000001637,1.4960953555283454,1.8029867105085113,100.0,157.0,-1.0
2025-02-27 23:45:00,2025-02-28 00:20:00,SHORT,2875.685,1.1604999999999563,1.0099999999997635,1.1900000000000546,0.8703145196034481,1.0254200775528646,26.0,35.0,-1.0
2025-02-28 01:45:00,2025-02-28 01:52:00,LONG,2880.265,2.4581428571429376,0.5700000000001637,4.239999999999782,0.23188237345272364,1.7248794095424829,2.0,7.0,-1.0
2025-02-28 02:35:00,2025-02-28 03:20:00,SHORT,2874.225,2.8942142857143347,4.48700000000008,2.0100000000002183,1.5503344110170552,0.6944890051581376,45.0,32.0,1.5
2025-02-28 05:35:00,2025-02-28 05:36:00,SHORT,2861.775,1.8726428571428642,0.0,2.130000000000109,0.0,1.137429911889286,,1.0,-1.0
2025-02-28 05:55:00,2025-02-28 05:56:00,SHORT,2863.855,1.9681428571428634,0.0,2.0799999999999272,0.0,1.056833853523949,,1.0,-1.0
2025-02-28 06:30:00,2025-02-28 07:19:00,SHORT,2864.555,2.0142857142857338,3.369999999999891,0.49000000000023647,1.6730496453900006,0.24326241134763277,49.0,35.0,1.5
2025-02-28 13:30:00,2025-02-28 13:54:00,SHORT,2856.115,3.1861428571429378,4.876999999999953,1.8800000000001091,1.5306909384387215,0.5900551495314725,24.0,8.0,1.5
2025-03-03 10:10:00,2025-03-03 10:45:00,LONG,2868.148,2.2504285714285612,3.731999999999971,0.8000000000001819,1.658350790325647,0.3554878435854313,35.0,3.0,1.5
2025-03-03 14:15:00,2025-03-03 14:33:00,LONG,2873.705,2.589285714285747,3.9600000000000364,1.5,1.5293793103448223,0.5793103448275789,18.0,13.0,1.5
2025-03-03 14:30:00,2025-03-03 14:31:00,LONG,2878.685,2.375,0.0,2.6599999999998545,0.0,1.1199999999999388,,1.0,-1.0
2025-03-03 15:10:00,2025-03-03 15:21:00,LONG,2880.255,3.341214285714289,5.489999999999782,0.6199999999998909,1.64311520619101,0.18556128011626363,11.0,1.0,1.5
2025-03-03 19:20:00,2025-03-03 19:45:00,LONG,2888.645,2.136857142857025,1.3029999999998836,2.3969999999999345,0.6097740339617388,1.121740874448487,12.0,25.0,-1.0
2025-03-03 19:30:00,2025-03-03 19:43:00,LONG,2889.005,2.079928571428419,0.9429999999997563,2.2400000000002365,0.45338095401619405,1.0769600604418286,2.0,13.0,-1.0
2025-03-03 20:20:00,2025-03-03 20:21:00,SHORT,2882.965,2.585214285714333,0.0,2.6829999999999927,0.0,1.0378249937833064,,1.0,-1.0
2025-03-04 02:10:00,2025-03-04 03:17:00,SHORT,2887.015,2.6600000000000494,2.4400000000000546,2.9100000000003092,0.9172932330827103,1.0939849624061109,21.0,67.0,-1.0
2025-03-04 04:40:00,2025-03-04 04:41:00,LONG,2891.778,1.3887857142857942,0.0,2.0899999999996908,0.0,1.504911793447204,,1.0,-1.0
2025-03-04 10:40:00,2025-03-04 11:37:00,LONG,2914.245,2.7289999999999446,4.260000000000218,1.699999999999818,1.561011359472446,0.6229388054231779,57.0,21.0,1.5
2025-03-04 16:25:00,2025-03-04 16:46:00,SHORT,2907.675,3.366642857142909,1.080000000000382,4.6729999999997744,0.3207943479092168,1.3880296183140441,4.0,21.0,-1.0
2025-03-05 08:45:00,2025-03-05 09:22:00,LONG,2919.648,2.4437857142856956,2.70699999999988,2.893000000000029,1.107707596527595,1.1838190161634676,19.0,37.0,-1.0
2025-03-05 13:30:00,2025-03-05 13:31:00,SHORT,2908.595,2.7992142857142426,0.0,4.720000000000255,0.0,1.686187450560223,,1.0,-1.0
2025-03-06 05:45:00,2025-03-06 05:46:00,SHORT,2916.525,1.480928571428519,0.09000000000014552,1.9699999999998,0.06077268123291766,1.3302464669849117,1.0,1.0,-1.0
2025-03-06 12:50:00,2025-03-06 12:58:00,SHORT,2899.985,2.6697857142856134,0.7300000000000182,2.819999999999709,0.273430184337979,1.056264547716441,3.0,8.0,-1.0
2025-03-06 13:15:00,2025-03-06 13:16:00,SHORT,2905.135,3.3050714285714093,0.0,4.089999999999691,0.0,1.2374921657192628,,1.0,-1.0
2025-03-06 16:00:00,2025-03-06 17:30:00,LONG,2915.215,3.763499999999957,5.73299999999972,2.880000000000109,1.5233160621761088,0.7652451175767615,90.0,9.0,1.5
2025-03-06 20:30:00,2025-03-06 20:57:00,SHORT,2913.475,1.933642857142851,4.266999999999825,1.050000000000182,2.2067156735989713,0.5430165121348526,27.0,3.0,1.5
2025-03-06 23:05:00,2025-03-06 23:06:00,SHORT,2910.678,1.4325000000000858,0.0,1.5900000000001455,0.0,1.1099476439790927,,1.0,-1.0
2025-03-07 02:30:00,2025-03-07 02:38:00,SHORT,2904.455,2.6128571428571377,0.4499999999998181,3.0900000000001455,0.1722252597046874,1.1826134499727208,1.0,8.0,-1.0
2025-03-07 03:40:00,2025-03-07 04:07:00,SHORT,2904.755,1.7925714285714938,0.9900000000002365,2.3399999999996908,0.5522792476889865,1.3053873127189384,10.0,27.0,-1.0
2025-03-07 05:15:00,2025-03-07 05:33:00,LONG,2909.918,1.3348571428570852,2.45699999999988,1.1330000000002656,1.8406464041095785,0.8487799657536602,18.0,2.0,1.5
2025-03-07 07:35:00,2025-03-07 07:52:00,LONG,2913.825,1.8647857142856148,3.0900000000001455,1.3999999999996362,1.657026851036287,0.7507565020874077,17.0,2.0,1.5
2025-03-07 10:35:00,2025-03-07 10:48:00,LONG,2919.435,1.6258571428571227,1.7699999999999818,2.2599999999997635,1.0886565328178566,1.3900360249537422,7.0,13.0,-1.0
2025-03-07 11:30:00,2025-03-07 11:41:00,LONG,2920.455,1.8021428571428584,0.6399999999998727,2.069999999999709,0.3551327784382961,1.148632580261431,3.0,11.0,-1.0
2025-03-07 16:30:00,2025-03-07 17:13:00,SHORT,2915.235,4.298928571428503,7.630000000000109,3.819999999999709,1.7748608457257329,0.8885935033645722,43.0,20.0,1.5
2025-03-07 19:25:00,2025-03-07 19:26:00,SHORT,2905.915,2.2723571428572478,0.0,2.5900000000001455,0.0,1.1397856222299174,,1.0,-1.0
2025-03-07 19:40:00,2025-03-07 20:34:00,SHORT,2906.625,1.9585714285714662,2.150000000000091,2.519999999999982,1.0977388767323375,1.286652078774583,18.0,54.0,-1.0
2025-03-07 19:55:00,2025-03-07 20:04:00,SHORT,2905.015,1.951428571428583,0.5399999999999636,2.1900000000000546,0.2767203513909021,1.122254758418762,3.0,9.0,-1.0
2025-03-09 23:00:00,2025-03-09 23:19:00,LONG,2912.348,2.0683571428571668,3.2669999999998254,1.2730000000001382,1.5795144524638958,0.6154643091481068,19.0,1.0,1.5
2025-03-09 23:10:00,2025-03-09 23:11:00,LONG,2914.375,1.873642857142873,0.0,2.4899999999997817,0.0,1.3289619152909402,,1.0,-1.0
2025-03-09 23:25:00,2025-03-10 00:08:00,LONG,2915.185,1.4950714285714315,2.26299999999992,1.0,1.5136400554201337,0.6688643638622126,43.0,11.0,1.5
2025-03-10 10:25:00,2025-03-10 10:33:00,SHORT,2902.879,2.743499999999975,4.489999999999782,2.450000000000273,1.6365955895752953,0.893019865135883,8.0,1.0,1.5
2025-03-10 19:35:00,2025-03-10 19:36:00,SHORT,2885.205,3.0512142857142277,0.0,5.110000000000127,0.0,1.6747430765269833,,1.0,-1.0
2025-03-10 19:50:00,2025-03-10 20:58:00,SHORT,2885.925,3.189857142857136,2.0,3.4699999999998,0.6269873258990564,1.0878230104348001,9.0,68.0,-1.0
2025-03-11 07:20:00,2025-03-11 07:21:00,LONG,2900.495,2.245714285714257,0.0,2.650000000000091,0.0,1.1800254452926764,,1.0,-1.0
2025-03-11 11:25:00,2025-03-11 12:15:00,LONG,2913.385,1.572857142857239,1.8829999999998108,2.050000000000182,1.1971843778381352,1.3033605812897724,8.0,50.0,-1.0
2025-03-11 16:15:00,2025-03-11 17:11:00,LONG,2916.288,2.1842857142857417,3.387000000000171,1.3429999999998472,1.550621321124977,0.6148463047742847,56.0,21.0,1.5
2025-03-11 17:05:00,2025-03-11 17:13:00,LONG,2917.775,1.7459999999999323,2.630000000000109,0.8000000000001819,1.5063001145476582,0.45819014891192034,8.0,3.0,1.5
2025-03-11 17:45:00,2025-03-11 18:06:00,LONG,2918.165,1.9864285714285674,0.8699999999998909,2.269999999999982,0.43797195253500526,1.1427544048903204,10.0,21.0,-1.0
2025-03-11 19:15:00,2025-03-11 19:16:00,LONG,2920.315,1.5899999999999506,0.0,1.7100000000000364,0.0,1.075471698113264,,1.0,-1.0
2025-03-12 10:25:00,2025-03-12 10:48:00,SHORT,2913.275,1.7829999999999668,0.6700000000000728,1.79300000000012,0.375771172181764,1.005608524958022,12.0,23.0,-1.0
2025-03-12 11:20:00,2025-03-12 11:33:00,SHORT,2913.675,1.5159285714286332,1.1400000000003274,1.5199999999999818,0.7520143240825488,1.0026857654430985,10.0,13.0,-1.0
2025-03-12 18:20:00,2025-03-12 19:17:00,LONG,2935.265,1.9111428571428795,1.7800000000002,2.069999999999709,0.9313798774107681,1.0831215428313494,16.0,57.0,-1.0
2025-03-13 00:55:00,2025-03-13 01:00:00,LONG,2938.425,0.7896428571429104,1.3999999999996362,0.49000000000023647,1.7729534147438792,0.6205336951608185,5.0,1.0,1.5
2025-03-13 05:35:00,2025-03-13 05:44:00,LONG,2941.038,1.3077857142857607,0.5470000000000255,1.550000000000182,0.4182642416298042,1.1852094598285967,4.0,9.0,-1.0
2025-03-13 08:20:00,2025-03-13 08:31:00,SHORT,2941.085,1.9048571428571515,0.3000000000001819,2.0399999999999636,0.1574921253938251,1.0709464526773422,4.0,11.0,-1.0
2025-03-13 12:00:00,2025-03-13 12:01:00,LONG,2948.295,1.6842857142857415,0.0,1.7699999999999818,0.0,1.0508905852417025,,1.0,-1.0
2025-03-13 18:25:00,2025-03-13 19:39:00,LONG,2981.195,2.231071428571405,3.3599999999996726,2.0,1.506002881382933,0.8964302865375474,74.0,1.0,1.5
2025-03-13 18:55:00,2025-03-13 19:42:00,LONG,2983.148,2.133714285714242,2.17699999999968,2.79300000000012,1.0202865559720187,1.3089850026781764,45.0,47.0,-1.0
2025-03-13 20:25:00,2025-03-13 20:26:00,LONG,2984.175,1.808071428571306,0.0,2.3400000000001455,0.0,1.2941966578439639,,1.0,-1.0
2025-03-14 00:10:00,2025-03-14 00:28:00,LONG,2986.348,1.4662142857142888,0.599999999999909,1.6599999999998545,0.409217128659751,1.13216738929205,9.0,18.0,-1.0
2025-03-14 01:50:00,2025-03-14 02:58:00,LONG,2987.795,2.8427142857143344,0.6199999999998909,3.5670000000000073,0.21810141213122075,1.2547866726971015,17.0,68.0,-1.0
2025-03-14 11:35:00,2025-03-14 13:00:00,LONG,2997.005,4.079571428571431,2.4099999999998545,4.957000000000335,0.5907483279055563,1.215078614700505,64.0,85.0,-1.0
2025-03-14 12:30:00,2025-03-14 12:49:00,LONG,2998.015,2.435428571428539,1.400000000000091,3.1599999999998545,0.5748474894416217,1.2975129047395164,9.0,19.0,-1.0
2025-03-14 12:40:00,2025-03-14 12:48:00,LONG,2998.385,2.4325714285713667,0.9629999999997381,2.5900000000001455,0.39587737843542037,1.064716936810047,2.0,8.0,-1.0
2025-03-14 18:05:00,2025-03-14 18:58:00,SHORT,2985.605,1.594214285714283,2.505999999999858,0.7699999999999818,1.5719342264437508,0.4829965500246321,53.0,13.0,1.5
2025-03-14 20:00:00,2025-03-14 20:36:00,SHORT,2982.505,1.4797857142856563,0.8800000000001091,1.7100000000000364,0.5946806970122127,1.1555727180577038,3.0,36.0,-1.0
2025-03-17 01:20:00,2025-03-17 01:21:00,LONG,2992.595,2.037642857142828,0.0,3.119999999999891,0.0,1.5311809864338732,,1.0,-1.0
2025-03-17 03:40:00,2025-03-17 04:01:00,SHORT,2986.485,1.246928571428563,1.4100000000003092,1.349999999999909,1.1307784842759043,1.0826602509021512,2.0,21.0,-1.0
2025-03-17 04:05:00,2025-03-17 04:24:00,SHORT,2986.495,1.159500000000045,2.0099999999997635,0.8900000000003274,1.7335058214745023,0.7675722294094807,19.0,1.0,1.5
2025-03-17 09:10:00,2025-03-17 09:25:00,LONG,2990.625,1.484285714285761,2.3200000000001637,0.9899999999997817,1.563041385948088,0.6669874879690331,15.0,1.0,1.5
2025-03-17 13:55:00,2025-03-17 14:04:00,SHORT,2988.135,2.920428571428569,1.1900000000000546,3.0099999999997635,0.4074744411290118,1.0306706452085488,5.0,9.0,-1.0
2025-03-17 18:05:00,2025-03-17 18:06:00,LONG,2998.378,1.2810000000000465,0.0,1.3500000000003638,0.0,1.0538641686185126,,1.0,-1.0
2025-03-17 22:20:00,2025-03-17 23:01:00,LONG,3000.415,0.6802857142857063,0.42000000000007276,0.7300000000000182,0.6173876522470693,1.0730785384292707,7.0,41.0,-1.0
2025-03-17 23:00:00,2025-03-17 23:01:00,LONG,3000.568,0.6575714285715029,0.0,0.8830000000002656,0.0,1.342819900065427,,1.0,-1.0
2025-03-18 01:55:00,2025-03-18 02:03:00,LONG,3005.535,2.0919285714286224,2.6530000000002474,2.9200000000000728,1.26820773722138,1.3958411581930557,3.0,8.0,-1.0
2025-03-18 02:05:00,2025-03-18 02:47:00,LONG,3005.745,2.273357142857224,4.170000000000073,0.849999999999909,1.8342916391742523,0.3738963772896692,42.0,6.0,1.5
2025-03-18 07:55:00,2025-03-18 08:06:00,LONG,3016.309,1.9088571428570569,3.0659999999998035,0.5040000000003602,1.6061966771441096,0.26403233048964825,11.0,1.0,1.5
2025-03-18 11:15:00,2025-03-18 11:39:00,LONG,3024.259,1.9216428571428747,3.206000000000131,1.0799999999999272,1.6683641229603174,0.562019105675904,24.0,1.0,1.5
2025-03-18 11:30:00,2025-03-18 11:42:00,LONG,3025.729,1.9896428571428584,3.5900000000001455,1.1099999999996726,1.8043439238916534,0.5578890683897112,12.0,1.0,1.5
2025-03-18 16:05:00,2025-03-18 16:22:00,LONG,3031.785,2.2477857142856856,3.4200000000000728,0.7699999999999818,1.5214973465951136,0.3425593441164283,17.0,3.0,1.5
2025-03-18 18:40:00,2025-03-18 19:19:00,LONG,3035.265,1.2173571428570864,2.5399999999999636,0.5599999999999454,2.0864871208121305,0.46001290852547083,39.0,4.0,1.5
2025-03-19 07:25:00,2025-03-19 07:47:00,LONG,3039.988,2.496571428571412,1.73700000000008,3.6029999999996107,0.6957541771572809,1.4431792172120304,9.0,22.0,-1.0
2025-03-19 19:30:00,2025-03-19 23:52:00,LONG,3045.295,3.856214285714259,5.809999999999945,2.0599999999999454,1.5066590105025246,0.5342026784225727,262.0,2.0,1.5
2025-03-19 20:45:00,2025-03-19 20:46:00,LONG,3046.705,1.4511428571428755,0.0,1.9200000000000728,0.0,1.3230950974601634,,1.0,-1.0
2025-03-20 10:00:00,2025-03-20 10:01:00,SHORT,3039.138,1.9441428571428463,0.0,2.007000000000062,0.0,1.0323315453009414,,1.0,-1.0
2025-03-20 14:20:00,2025-03-20 14:38:00,SHORT,3032.468,3.349785714285742,0.8530000000000655,4.380000000000109,0.2546431541463381,1.3075463249248571,3.0,18.0,-1.0
2025-03-20 17:50:00,2025-03-20 18:04:00,LONG,3039.595,1.8121428571427844,2.880000000000109,1.0099999999997635,1.5892786756012276,0.5573512022072233,14.0,1.0,1.5
2025-03-20 18:40:00,2025-03-20 19:22:00,LONG,3042.258,1.8762142857142083,2.8170000000000073,0.6430000000000291,1.501427646857339,0.34271138691136327,42.0,1.0,1.5
2025-03-21 00:55:00,2025-03-21 01:01:00,SHORT,3042.625,1.205999999999936,0.4699999999997999,1.2429999999999382,0.38971807628509525,1.0306799336650116,5.0,6.0,-1.0
2025-03-21 01:40:00,2025-03-21 01:41:00,SHORT,3038.618,1.7279285714285249,0.0,3.0399999999999636,0.0,1.7593319829688991,,1.0,-1.0
2025-03-21 09:30:00,2025-03-21 10:02:00,SHORT,3029.215,1.971214285714268,1.0,2.1599999999998545,0.5073015182809771,1.0957712794868368,20.0,32.0,-1.0
2025-03-21 10:20:00,2025-03-21 10:30:00,LONG,3032.945,1.6085714285714598,0.2300000000000182,1.6700000000000728,0.1429840142096,1.0381882770870587,4.0,10.0,-1.0
2025-03-21 15:50:00,2025-03-21 16:05:00,SHORT,3010.405,3.1171428571428157,0.01999999999998181,3.3899999999998727,0.006416131988995166,1.087534372135629,4.0,15.0,-1.0
2025-03-21 16:35:00,2025-03-21 16:57:00,SHORT,3013.155,2.639857142857051,0.2300000000000182,3.0,0.0871259267276467,1.1364251312300844,5.0,22.0,-1.0
2025-03-21 17:50:00,2025-03-21 18:16:00,SHORT,3014.305,1.7088571428571413,1.2999999999997272,1.8900000000003274,0.760742350777303,1.1060023407458872,7.0,26.0,-1.0
2025-03-24 04:20:00,2025-03-24 04:53:00,SHORT,3017.495,1.547642857142851,0.4470000000001164,1.7899999999999636,0.288826325748911,1.1565975908062762,15.0,33.0,-1.0
2025-03-24 04:45:00,2025-03-24 04:53:00,SHORT,3017.875,1.1936428571428743,0.2199999999997999,1.4099999999998545,0.1843097361017985,1.1812578541079337,5.0,8.0,-1.0
2025-03-24 10:50:00,2025-03-24 11:00:00,LONG,3029.605,2.1455714285714618,0.13000000000010914,2.4670000000000982,0.06058991943543178,1.149810240362236,4.0,10.0,-1.0
2025-03-24 11:20:00,2025-03-24 11:42:00,LONG,3027.185,1.9980000000000473,0.5630000000001019,2.4169999999999163,0.2817817817818261,1.2097097097096392,2.0,22.0,-1.0
2025-03-24 19:20:00,2025-03-24 20:16:00,SHORT,3006.058,1.5069285714285863,1.2530000000001564,1.556999999999789,0.83149262928388,1.0332274731002906,34.0,56.0,-1.0
2025-03-25 00:30:00,2025-03-25 00:51:00,LONG,3011.665,1.0722142857143158,1.6700000000000728,0.9470000000001164,1.5575244820465235,0.8832189727533981,21.0,12.0,1.5
2025-03-25 10:45:00,2025-03-25 11:31:00,LONG,3023.765,1.4808571428571082,2.269999999999982,1.2170000000000982,1.532896006174054,0.8218213389929468,46.0,1.0,1.5
2025-03-25 14:35:00,2025-03-25 14:52:00,LONG,3029.905,3.4061428571429,0.7699999999999818,4.220000000000255,0.2260621566078012,1.2389380530974041,8.0,17.0,-1.0
2025-03-25 17:45:00,2025-03-25 17:58:00,SHORT,3021.055,1.6278571428571726,0.4499999999998181,1.6900000000000546,0.27643703378663176,1.038174637999137,4.0,13.0,-1.0
2025-03-25 20:25:00,2025-03-25 20:48:00,SHORT,3019.655,0.8502142857142709,0.03000000000020009,0.9299999999998363,0.03528522221312346,1.0938418885993393,3.0,23.0,-1.0
2025-03-26 00:35:00,2025-03-26 00:36:00,SHORT,3018.125,0.9083571428571824,0.0,1.4099999999998545,0.0,1.5522528898322798,,1.0,-1.0
2025-03-26 01:20:00,2025-03-26 01:27:00,SHORT,3017.925,1.2726428571428576,0.5,1.3999999999996362,0.39288320143682987,1.1000729640228377,3.0,7.0,-1.0
2025-03-26 02:55:00,2025-03-26 03:02:00,LONG,3024.015,1.661642857142819,0.15000000000009095,1.75,0.09027210591932776,1.0531745690581853,4.0,7.0,-1.0
2025-03-26 12:30:00,2025-03-26 12:39:00,LONG,3027.245,1.9738571428571114,0.6700000000000728,1.9899999999997817,0.33943692552656757,1.008178331041376,5.0,9.0,-1.0
2025-03-26 13:45:00,2025-03-26 13:46:00,SHORT,3018.978,2.5410714285714806,0.0,2.586999999999989,0.0,1.0180744905129755,,1.0,-1.0
2025-03-26 15:50:00,2025-03-26 16:15:00,SHORT,3015.425,2.5109999999999673,0.680000000000291,2.8299999999999272,0.270808442851573,1.1270410195141236,5.0,25.0,-1.0
2025-03-26 17:25:00,2025-03-26 17:37:00,SHORT,3016.505,1.4902857142856192,1.1199999999998909,1.599999999999909,0.751533742331263,1.073619631901848,7.0,12.0,-1.0
2025-03-26 22:00:00,2025-03-26 22:08:00,LONG,3020.248,1.2832142857142637,0.40000000000009095,1.7429999999999382,0.31171722794329915,1.3583078207625692,3.0,8.0,-1.0
2025-03-27 05:10:00,2025-03-27 05:11:00,LONG,3033.598,1.8017142857141997,0.0,2.1700000000000728,0.0,1.2044084998415188,,1.0,-1.0
2025-03-27 09:45:00,2025-03-27 09:46:00,LONG,3037.175,1.575285714285753,0.0,2.3100000000004,0.0,1.4664006529429947,,1.0,-1.0
2025-03-27 11:40:00,2025-03-27 12:24:00,LONG,3052.395,2.3929285714285533,3.4099999999998545,2.394999999999982,1.4250320885943204,1.0008656458016179,20.0,44.0,-1.0
2025-03-27 16:05:00,2025-03-27 16:50:00,LONG,3052.175,2.91771428571438,1.8729999999995925,4.420000000000073,0.6419408538972152,1.5148844496670344,21.0,45.0,-1.0
2025-03-27 20:35:00,2025-03-27 20:59:00,LONG,3056.415,0.8764285714286351,0.36000000000012733,0.900000000000091,0.4107579462103844,1.0268948655257015,19.0,24.0,-1.0
2025-03-28 00:15:00,2025-03-28 00:16:00,LONG,3060.025,1.3207142857142375,0.0,2.1770000000001346,0.0,1.6483504597081122,,1.0,-1.0
2025-03-28 02:55:00,2025-03-28 03:34:00,LONG,3071.695,2.242714285714231,2.2199999999998,2.2470000000002983,0.9898719663672195,1.0019109497421794,35.0,39.0,-1.0
2025-03-28 04:25:00,2025-03-28 05:26:00,LONG,3073.765,1.7021428571428194,2.730000000000018,1.4600000000000364,1.603860679815405,0.8577423415862762,61.0,49.0,1.5
2025-03-28 04:55:00,2025-03-28 04:56:00,LONG,3073.685,1.1712142857143135,0.0,1.1900000000000546,0.0,1.0160395194243075,,1.0,-1.0
2025-03-28 07:40:00,2025-03-28 07:46:00,LONG,3081.905,2.0207142857143157,0.4899999999997817,2.0570000000002437,0.24248851184152853,1.0179568752210317,5.0,6.0,-1.0
2025-03-28 10:15:00,2025-03-28 10:16:00,SHORT,3069.565,1.9770000000000567,0.0,2.630000000000109,0.0,1.3302984319676447,,1.0,-1.0
2025-03-28 17:00:00,2025-03-28 17:16:00,LONG,3084.695,2.4680714285713554,1.0029999999997017,3.0399999999999636,0.4063901831967192,1.2317309640263003,8.0,16.0,-1.0
2025-03-31 09:10:00,2025-03-31 09:20:00,LONG,3122.678,1.9884285714285852,0.4670000000000982,2.5029999999997017,0.23485882606513866,1.2587829585457138,4.0,10.0,-1.0
2025-03-31 12:10:00,2025-03-31 12:15:00,LONG,3122.448,2.3905714285714175,1.150000000000091,2.699999999999818,0.48105653161232664,1.1294370742200797,5.0,5.0,-1.0
2025-03-31 19:45:00,2025-03-31 22:01:00,LONG,3122.535,1.7637857142857294,2.963000000000193,0.8299999999999272,1.6799092860325737,0.4705787065159714,136.0,135.0,1.5
2025-04-01 00:30:00,2025-04-01 00:49:00,LONG,3124.335,1.9792142857142412,3.01299999999992,0.40000000000009095,1.5223212674582203,0.20210040059191595,19.0,6.0,1.5
2025-04-01 08:55:00,2025-04-01 09:21:00,SHORT,3130.805,2.5222142857142313,1.3959999999997308,3.150000000000091,0.5534819178158832,1.248902608252449,1.0,26.0,-1.0
2025-04-01 11:05:00,2025-04-01 11:16:00,SHORT,3131.315,2.46521428571428,0.7770000000000437,3.019999999999982,0.31518558224439014,1.2250456349781198,6.0,11.0,-1.0
2025-04-01 14:25:00,2025-04-01 14:50:00,SHORT,3126.615,4.17114285714287,2.4899999999997817,4.870000000000346,0.5969586958010281,1.1675457223098265,7.0,25.0,-1.0
2025-04-01 15:25:00,2025-04-01 15:42:00,SHORT,3126.375,3.3987857142856552,5.375,0.7399999999997817,1.5814471554967384,0.2177248176869286,17.0,7.0,1.5
2025-04-02 00:10:00,2025-04-02 00:19:00,SHORT,3113.445,1.4157142857143623,0.6770000000001346,1.5599999999999454,0.47820383451066456,1.1019172552975809,1.0,9.0,-1.0
2025-04-02 03:40:00,2025-04-02 03:52:00,LONG,3127.618,2.0935714285713596,0.47699999999986176,2.2530000000001564,0.22784032753320657,1.0761514841352176,3.0,12.0,-1.0
2025-04-02 07:25:00,2025-04-02 07:43:00,SHORT,3116.545,2.500428571428626,0.9099999999998545,2.8099999999999454,0.3639376106952432,1.123807347311843,13.0,18.0,-1.0
2025-04-02 09:40:00,2025-04-02 10:28:00,LONG,3128.885,2.354499999999981,2.299999999999727,3.4270000000001346,0.9768528349967065,1.4555107241453227,20.0,48.0,-1.0
2025-04-02 10:10:00,2025-04-02 10:26:00,LONG,3129.935,2.071214285714242,0.2130000000001928,2.1469999999999345,0.10283822464402395,1.0365899920681352,9.0,16.0,-1.0
2025-04-02 12:10:00,2025-04-02 12:23:00,SHORT,3118.875,2.6002857142856817,1.949999999999818,2.6100000000001273,0.7499175914734039,1.0037358532030063,8.0,13.0,-1.0
2025-04-02 14:40:00,2025-04-02 15:22:00,LONG,3125.595,3.834714285714296,3.6100000000001273,4.849999999999909,0.9413999925492986,1.2647617628431722,8.0,42.0,-1.0
2025-04-02 18:05:00,2025-04-02 18:29:00,SHORT,3122.875,2.4119285714285588,4.380000000000109,2.119999999999891,1.815974175970677,0.8789646696478405,24.0,12.0,1.5
2025-04-02 18:55:00,2025-04-02 19:02:00,SHORT,3121.448,2.1062142857142265,0.5529999999998836,2.3070000000002437,0.26255638077792204,1.0953301454879887,2.0,7.0,-1.0
2025-04-03 01:55:00,2025-04-03 02:28:00,LONG,3153.255,5.22257142857133,1.849999999999909,5.557000000000244,0.3542316319273376,1.0640352316867017,7.0,33.0,-1.0
2025-04-03 09:15:00,2025-04-03 09:48:00,SHORT,3127.288,2.485785714285709,3.7400000000002365,2.117000000000189,1.5045544668257642,0.8516421941899,33.0,3.0,1.5
2025-04-03 09:35:00,2025-04-03 09:42:00,SHORT,3125.218,2.7510000000000088,1.1299999999996544,2.9570000000003347,0.41075972373669606,1.0748818611415214,4.0,7.0,-1.0
2025-04-03 16:40:00,2025-04-03 17:03:00,LONG,3109.098,4.903500000000024,1.5270000000000437,5.670000000000073,0.31141021719180917,1.1563169164882319,4.0,23.0,-1.0
2025-04-04 04:20:00,2025-04-04 04:21:00,SHORT,3098.278,3.110785714285742,0.0,3.3700000000003456,0.0,1.0833275929371178,,1.0,-1.0
2025-04-04 09:55:00,2025-04-04 10:02:00,SHORT,3090.525,3.559357142857217,0.9900000000002365,3.98299999999972,0.2781401135839743,1.119022295358209,4.0,7.0,-1.0
2025-04-04 11:55:00,2025-04-04 12:04:00,LONG,3110.098,8.508785714285718,1.8769999999999527,10.333000000000084,0.22059551891741583,1.2143918470824366,2.0,9.0,-1.0
2025-04-04 17:15:00,2025-04-04 17:30:00,SHORT,3023.685,5.443857142857106,8.349999999999909,3.4099999999998545,1.533838927231211,0.6263941008213489,15.0,1.0,1.5
2025-04-04 17:40:00,2025-04-04 19:18:00,SHORT,3023.648,4.925499999999959,5.829999999999927,8.016999999999825,1.18363617906811,1.6276520150238336,66.0,98.0,-1.0
2025-04-04 18:45:00,2025-04-04 18:51:00,SHORT,3020.295,3.275499999999998,2.4769999999998618,3.5799999999999272,0.756220424362651,1.0929629064264783,1.0,6.0,-1.0
2025-04-07 02:50:00,2025-04-07 02:59:00,LONG,3034.955,8.755142857142735,0.8200000000001637,11.279999999999745,0.09365923701989404,1.2883856019319146,5.0,9.0,-1.0
2025-04-07 04:50:00,2025-04-07 05:04:00,LONG,3029.245,5.08278571428569,8.583000000000084,3.2100000000000364,1.6886409308731398,0.6315434449612941,14.0,1.0,1.5
2025-04-07 05:15:00,2025-04-07 05:16:00,LONG,3037.845,5.037571428571417,0.0,8.809999999999945,0.0,1.748858576978696,,1.0,-1.0
2025-04-07 05:30:00,2025-04-07 05:37:00,LONG,3039.485,5.141928571428577,4.809999999999945,5.930000000000291,0.9354466778723819,1.1532637837387858,1.0,7.0,-1.0
2025-04-07 07:35:00,2025-04-07 07:53:00,SHORT,3018.845,7.099857142857023,0.9899999999997817,9.943000000000211,0.13943942534052173,1.4004507132940833,11.0,18.0,-1.0
2025-04-07 18:25:00,2025-04-07 18:37:00,SHORT,2969.515,4.9878571428572025,1.1700000000000728,5.960000000000036,0.23456966919663214,1.194901904625512,6.0,12.0,-1.0
2025-04-07 18:40:00,2025-04-07 18:41:00,SHORT,2971.475,4.1607142857143185,0.0,4.980000000000018,0.0,1.1969098712446302,,1.0,-1.0
2025-04-08 00:10:00,2025-04-08 00:30:00,LONG,2984.975,2.682142857142805,6.690000000000055,1.58199999999988,2.4942743009321595,0.5898268974700066,20.0,8.0,1.5
2025-04-08 07:25:00,2025-04-08 07:37:00,LONG,3009.805,3.6028571428571143,1.4900000000002365,4.859999999999673,0.41356066613805464,1.3489294210942893,8.0,12.0,-1.0
2025-04-08 11:45:00,2025-04-08 11:53:00,LONG,3010.735,2.8040000000000225,5.539999999999964,1.4100000000003092,1.9757489300998285,0.5028530670471819,8.0,6.0,1.5
2025-04-08 12:05:00,2025-04-08 12:06:00,LONG,3018.255,3.585642857142862,0.0,4.25,0.0,1.185282575350105,,1.0,-1.0
2025-04-08 15:40:00,2025-04-08 16:01:00,SHORT,3004.925,3.9987857142856944,6.510000000000218,3.449999999999818,1.627994212528866,0.8627619098654536,21.0,1.0,1.5
2025-04-08 15:55:00,2025-04-08 15:56:00,SHORT,3001.285,3.7980714285714448,0.0,3.9200000000000728,0.0,1.032102758919015,,1.0,-1.0
2025-04-08 18:40:00,2025-04-08 19:17:00,SHORT,2986.675,3.8799999999999466,7.3400000000001455,3.369999999999891,1.891752577319651,0.8685567010309116,37.0,1.0,1.5
2025-04-09 04:15:00,2025-04-09 04:58:00,LONG,3008.605,3.433785714285737,5.25,1.650000000000091,1.528924760260427,0.48051921036758927,43.0,1.0,1.5
2025-04-09 09:30:00,2025-04-09 10:13:00,LONG,3047.555,4.4249999999999545,1.8700000000003456,6.7029999999999745,0.42259887005657965,1.5148022598870154,5.0,43.0,-1.0
2025-04-09 10:30:00,2025-04-09 11:01:00,LONG,3042.605,3.437357142857146,2.8400000000001455,6.010000000000218,0.8262161544376285,1.7484362986514344,21.0,31.0,-1.0
2025-04-09 10:40:00,2025-04-09 11:01:00,LONG,3042.805,3.0671428571428287,2.6400000000003274,6.210000000000036,0.8607359105730071,2.0246856078249027,11.0,21.0,-1.0
2025-04-09 11:10:00,2025-04-09 11:18:00,LONG,3045.355,3.9716428571428293,7.389999999999873,2.0399999999999636,1.8606909699116765,0.5136413502868494,8.0,4.0,1.5
2025-04-09 15:05:00,2025-04-09 15:18:00,LONG,3071.605,5.485857142857152,8.259999999999764,4.940000000000055,1.5056899559906838,0.9004973828806626,13.0,1.0,1.5
2025-04-09 17:10:00,2025-04-09 17:11:00,LONG,3089.045,4.024000000000082,0.0,5.175000000000182,0.0,1.2860337972167188,,1.0,-1.0
2025-04-09 18:55:00,2025-04-09 19:05:00,SHORT,3066.785,8.400285714285669,2.619999999999891,11.800000000000182,0.3118941532600819,1.4047141253699147,5.0,10.0,-1.0
2025-04-10 06:10:00,2025-04-10 06:11:00,LONG,3125.115,3.9771428571429106,0.0,4.289999999999964,0.0,1.0786637931034246,,1.0,-1.0
2025-04-10 08:50:00,2025-04-10 09:39:00,SHORT,3107.867,4.715571428571463,4.7020000000002256,5.157999999999902,0.9971219970311532,1.0938228967856962,21.0,49.0,-1.0
2025-04-10 16:20:00,2025-04-10 17:06:00,LONG,3161.705,6.60935714285714,5.430000000000291,7.389999999999873,0.821562503377291,1.1181117679480204,18.0,46.0,-1.0
2025-04-10 18:15:00,2025-04-10 18:26:00,LONG,3160.305,3.9380000000000046,6.2400000000002365,1.1599999999998545,1.5845606907060004,0.2945657694260673,11.0,1.0,1.5
2025-04-11 00:10:00,2025-04-11 00:21:00,LONG,3189.805,3.168571428571405,6.870000000000346,2.8299999999999272,2.1681695220921,0.8931469792605788,11.0,1.0,1.5
2025-04-11 03:45:00,2025-04-11 04:05:00,LONG,3217.885,3.3907142857142714,0.8399999999996908,3.480000000000018,0.2477354118389661,1.0263324204761,6.0,20.0,-1.0
2025-04-11 14:55:00,2025-04-11 15:24:00,LONG,3229.875,6.395785714285661,9.893000000000029,2.4600000000000364,1.5467997900403343,0.38462827084800033,29.0,1.0,1.5
2025-04-11 15:10:00,2025-04-11 16:08:00,LONG,3236.326,5.757999999999973,8.69900000000007,2.2910000000001673,1.510767627648508,0.39788120875307015,58.0,8.0,1.5
2025-04-14 00:55:00,2025-04-14 01:04:00,SHORT,3220.575,3.1024285714285207,5.309999999999945,2.0100000000002183,1.7115623704931724,0.6478795413731988,9.0,2.0,1.5
2025-04-14 02:45:00,2025-04-14 02:56:00,LONG,3235.715,4.347142857142899,1.4899999999997817,4.940000000000055,0.34275386132101127,1.1363785737758807,3.0,11.0,-1.0
2025-04-14 03:35:00,2025-04-14 04:26:00,LONG,3233.025,3.75142857142857,2.5399999999999636,4.160000000000309,0.6770753998476676,1.1089108910891918,38.0,51.0,-1.0
2025-04-14 07:30:00,2025-04-14 07:39:00,LONG,3232.215,2.7764285714286285,1.2100000000000364,3.8700000000003456,0.4358116799588413,1.3938770259841453,7.0,9.0,-1.0
2025-04-14 08:00:00,2025-04-14 08:01:00,SHORT,3222.165,3.351428571428609,0.0,6.690000000000055,0.0,1.996163682864444,,1.0,-1.0
2025-04-14 08:40:00,2025-04-14 08:58:00,SHORT,3221.965,4.400000000000058,0.8200000000001637,7.7599999999997635,0.18636363636367112,1.7636363636362866,10.0,18.0,-1.0
2025-04-14 10:05:00,2025-04-14 10:20:00,SHORT,3221.775,3.1457142857142832,9.450000000000273,2.0,3.0040871934605797,0.6357856494096281,15.0,1.0,1.5
2025-04-14 13:50:00,2025-04-14 14:47:00,SHORT,3204.595,6.531857142857136,9.599999999999909,7.260000000000218,1.4697198346565061,1.1114756249590267,17.0,57.0,-1.0
2025-04-14 15:35:00,2025-04-14 15:36:00,SHORT,3200.625,3.639285714285766,0.0,6.300000000000182,0.0,1.7311089303238723,,1.0,-1.0
2025-04-14 15:50:00,2025-04-14 16:03:00,SHORT,3196.415,3.851428571428609,0.42000000000007276,4.820000000000164,0.10905044510387539,1.2514836795252529,5.0,13.0,-1.0
2025-04-14 19:45:00,2025-04-14 20:34:00,LONG,3211.665,2.551428571428557,1.9400000000000546,3.380000000000109,0.7603583426651993,1.3247480403136,24.0,49.0,-1.0
2025-04-15 10:30:00,2025-04-15 10:39:00,SHORT,3222.735,2.068571428571496,0.680000000000291,2.349999999999909,0.3287292817680858,1.136049723756825,6.0,9.0,-1.0
2025-04-15 13:50:00,2025-04-15 13:51:00,SHORT,3211.755,3.804999999999999,0.0,4.059999999999945,0.0,1.067017082785794,,1.0,-1.0
2025-04-15 19:35:00,2025-04-15 20:00:00,LONG,3227.265,1.6835714285713752,3.5900000000001455,0.5799999999999272,2.1323716588885717,0.34450572761982345,25.0,6.0,1.5
2025-04-15 19:50:00,2025-04-15 20:01:00,LONG,3228.555,1.6121428571428364,2.5700000000001637,1.5399999999999636,1.59415152857788,0.9552503322995023,11.0,1.0,1.5
2025-04-16 03:20:00,2025-04-16 03:45:00,LONG,3272.135,3.3357142857143054,5.609999999999673,3.230000000000018,1.681798715203318,0.96830835117773,25.0,1.0,1.5
2025-04-16 09:10:00,2025-04-16 10:08:00,LONG,3306.935,7.32628571428573,3.6700000000000728,7.599999999999909,0.5009359644333604,1.037360580297934,9.0,58.0,-1.0
2025-04-16 10:15:00,2025-04-16 11:08:00,LONG,3302.075,3.3192857142857326,4.5900000000001455,4.699999999999818,1.382827630729539,1.4159672907251364,36.0,53.0,-1.0
2025-04-16 10:35:00,2025-04-16 11:02:00,LONG,3304.385,2.7828571428572104,2.2799999999997453,4.7400000000002365,0.81930184804917,1.7032854209446022,16.0,27.0,-1.0
2025-04-16 10:45:00,2025-04-16 10:48:00,LONG,3305.215,2.860714285714331,0.06999999999970896,3.130000000000109,0.024469413233356052,1.0941323345817935,3.0,3.0,-1.0
2025-04-16 13:05:00,2025-04-16 13:15:00,LONG,3309.885,4.22000000000006,1.099999999999909,5.3400000000001455,0.26066350710897945,1.2654028436019122,6.0,10.0,-1.0
2025-04-16 18:00:00,2025-04-16 18:01:00,LONG,3332.155,3.2009999999999894,0.0,5.890000000000327,0.0,1.8400499843799896,,1.0,-1.0
2025-04-17 04:40:00,2025-04-17 04:59:00,SHORT,3338.295,2.5942857142856934,0.7800000000002001,3.230000000000018,0.3006607929516214,1.2450440528634532,11.0,19.0,-1.0
2025-04-17 07:05:00,2025-04-17 07:16:00,SHORT,3324.065,3.949285714285744,7.760000000000218,2.7399999999997817,1.964912280701795,0.6937963465363837,11.0,2.0,1.5
2025-04-17 09:00:00,2025-04-17 09:20:00,SHORT,3321.325,3.4314285714286012,0.9099999999998545,3.7100000000000364,0.2651956702747263,1.0811823480432985,10.0,20.0,-1.0
2025-04-17 18:40:00,2025-04-17 18:46:00,LONG,3316.535,2.2107142857142725,0.18000000000029104,2.4600000000000364,0.08142164781919514,1.1127625201938842,4.0,6.0,-1.0
2025-04-21 03:20:00,2025-04-21 04:02:00,LONG,3381.005,3.0157142857142065,3.980000000000018,3.450000000000273,1.3197536712458957,1.144007579346402,18.0,42.0,-1.0
2025-04-21 08:40:00,2025-04-21 09:11:00,LONG,3389.855,2.950000000000013,5.360000000000127,2.0399999999999636,1.816949152542408,0.6915254237287982,31.0,1.0,1.5
2025-04-21 12:30:00,2025-04-21 12:31:00,LONG,3403.385,4.34357142857136,0.0,5.070000000000164,0.0,1.1672422298964549,,1.0,-1.0
2025-04-21 12:40:00,2025-04-21 12:41:00,LONG,3407.095,4.1764285714285245,0.0,5.029999999999745,0.0,1.2043783136650799,,1.0,-1.0
2025-04-21 15:55:00,2025-04-21 16:07:00,LONG,3422.695,5.077857142857089,1.3099999999999454,7.130000000000109,0.25798283865521776,1.404135602757105,6.0,12.0,-1.0
2025-04-21 23:10:00,2025-04-21 23:18:00,LONG,3433.575,3.0707142857142378,6.980000000000018,2.980000000000018,2.273086764363847,0.9704582461037662,8.0,1.0,1.5
2025-04-22 04:50:00,2025-04-22 05:11:00,LONG,3481.935,3.925714285714256,5.139999999999873,4.6599999999998545,1.3093158660844024,1.1870451237263184,7.0,21.0,-1.0
2025-04-22 05:35:00,2025-04-22 05:36:00,LONG,3482.045,3.835714285714143,0.0,4.369999999999891,0.0,1.139292364990703,,1.0,-1.0
2025-04-22 10:45:00,2025-04-22 11:15:00,SHORT,3452.815,4.897428571428593,4.720000000000255,5.389999999999873,0.963771075199861,1.1005775625692475,19.0,30.0,-1.0
2025-04-22 11:20:00,2025-04-22 11:50:00,SHORT,3452.225,5.1157142857143425,4.380000000000109,6.119999999999891,0.8561854230661945,1.1963138788047685,17.0,30.0,-1.0
2025-04-22 14:15:00,2025-04-22 14:30:00,SHORT,3424.495,10.891428571428476,1.319999999999709,11.990000000000236,0.12119622245537834,1.1008656873032843,5.0,15.0,-1.0
2025-04-22 20:20:00,2025-04-22 22:00:00,SHORT,3381.025,5.067142857142926,68.40000000000009,1.4800000000000182,13.498731322243984,0.29207781223569174,100.0,8.0,1.5
2025-04-22 23:50:00,2025-04-23 00:15:00,SHORT,3337.125,6.22928571428575,5.3400000000001455,6.510000000000218,0.857241142070882,1.0450636394909132,6.0,25.0,-1.0
2025-04-23 04:45:00,2025-04-23 05:16:00,SHORT,3343.785,4.145000000000047,2.3399999999996908,5.269999999999982,0.5645355850421386,1.271411338962587,24.0,31.0,-1.0
2025-04-23 05:00:00,2025-04-23 05:14:00,SHORT,3343.635,3.48785714285717,2.1900000000000546,3.669999999999618,0.6278926889207562,1.0522219946752867,9.0,14.0,-1.0
2025-04-23 05:35:00,2025-04-23 05:36:00,SHORT,3327.315,5.122857142857129,0.0,15.079999999999927,0.0,2.943669827105404,,1.0,-1.0
2025-04-23 10:20:00,2025-04-23 11:00:00,LONG,3328.955,5.190000000000055,7.059999999999945,7.619999999999891,1.3603082851637516,1.4682080924855128,10.0,40.0,-1.0
2025-04-23 12:40:00,2025-04-23 12:59:00,SHORT,3319.695,6.131428571428581,9.289999999999964,4.0099999999997635,1.515144454799619,0.654007455731554,19.0,2.0,1.5
2025-04-23 15:10:00,2025-04-23 15:12:00,SHORT,3277.145,9.40607142857136,0.0,9.5300000000002,0.0,1.0131753806432302,,2.0,-1.0
2025-04-24 02:45:00,2025-04-24 03:11:00,LONG,3343.815,6.827642857142727,1.1199999999998909,9.679999999999836,0.16403904296608088,1.417766014206956,5.0,26.0,-1.0
2025-04-24 12:00:00,2025-04-24 13:00:00,LONG,3338.735,4.111428571428568,5.690000000000055,6.460000000000036,1.3839471855455323,1.5712300208478214,40.0,60.0,-1.0
2025-04-24 12:30:00,2025-04-24 12:31:00,LONG,3341.205,3.7392857142856752,0.0,5.3400000000001455,0.0,1.4280802292264148,,1.0,-1.0
2025-04-24 19:05:00,2025-04-24 19:30:00,LONG,3334.935,1.9071428571429092,2.8899999999998727,1.2999999999997272,1.5153558052433376,0.6816479400747447,25.0,5.0,1.5
2025-04-24 19:25:00,2025-04-24 19:37:00,LONG,3336.815,1.8467142857143048,3.5,1.5900000000001455,1.8952579871586406,0.860988628452147,12.0,2.0,1.5
2025-04-24 22:25:00,2025-04-24 22:26:00,LONG,3362.985,5.225142857142828,0.0,10.258000000000266,0.0,1.963199912510998,,1.0,-1.0
2025-04-24 23:45:00,2025-04-24 23:55:00,LONG,3352.875,4.253571428571344,1.800000000000182,5.289999999999964,0.4231738035264996,1.2436607892527451,5.0,10.0,-1.0
2025-04-25 03:40:00,2025-04-25 03:52:00,SHORT,3341.965,3.5535714285714612,8.740000000000236,3.0799999999999272,2.45949748743723,0.8667336683416801,12.0,4.0,1.5
2025-04-25 06:45:00,2025-04-25 07:14:00,SHORT,3301.555,7.7621428571428295,2.619999999999891,8.370000000000346,0.3375356584153732,1.0783104812736288,7.0,29.0,-1.0
2025-04-25 14:15:00,2025-04-25 14:28:00,SHORT,3279.265,7.4050000000000376,1.900000000000091,7.680000000000291,0.2565833896016315,1.037137069547637,4.0,13.0,-1.0
2025-04-25 14:45:00,2025-04-25 15:13:00,SHORT,3280.485,5.735714285714331,8.800000000000182,1.2899999999999636,1.5342465753424854,0.22490660024905787,28.0,1.0,1.5
2025-04-25 19:30:00,2025-04-25 19:31:00,LONG,3298.555,2.2764285714285313,0.0,3.0,0.0,1.3178537809852757,,1.0,-1.0
2025-04-27 23:00:00,2025-04-27 23:15:00,LONG,3311.405,5.955071428571338,6.349999999999909,8.850000000000364,1.0663180242530386,1.4861282700220337,10.0,15.0,-1.0
2025-04-28 08:25:00,2025-04-28 09:28:00,SHORT,3283.835,3.9814285714286206,6.420000000000073,3.380000000000109,1.6124865446716883,0.8489415141729627,63.0,39.0,1.5
2025-04-28 13:25:00,2025-04-28 13:35:00,LONG,3299.845,4.017857142857143,1.180000000000291,4.429999999999836,0.2936888888889613,1.102577777777737,7.0,10.0,-1.0
2025-04-28 18:05:00,2025-04-28 18:24:00,LONG,3337.005,2.7685714285713794,8.509999999999764,2.5799999999999272,3.0737874097006914,0.9318885448916311,19.0,2.0,1.5
2025-04-28 18:20:00,2025-04-28 18:21:00,LONG,3345.325,3.1514285714285637,0.0,8.009999999999764,0.0,2.541704442429668,,1.0,-1.0
2025-04-29 02:35:00,2025-04-29 02:55:00,SHORT,3328.705,5.162142857142856,7.819999999999709,3.880000000000109,1.5148747751486917,0.7516258475162798,20.0,1.0,1.5
2025-04-29 06:35:00,2025-04-29 06:41:00,SHORT,3318.855,3.8607142857142662,0.5100000000002183,4.130000000000109,0.13209990749311917,1.0697502312673788,4.0,6.0,-1.0
2025-04-29 10:10:00,2025-04-29 10:18:00,SHORT,3311.895,3.0578571428571064,5.889999999999873,1.3400000000001455,1.9261854706844008,0.4382153702406508,8.0,1.0,1.5
2025-04-29 13:35:00,2025-04-29 13:42:00,LONG,3319.495,4.933571428571375,1.5,5.769999999999982,0.30403938033879,1.1695381497032085,4.0,7.0,-1.0
2025-04-29 19:30:00,2025-04-29 19:45:00,LONG,3323.365,2.438571428571387,0.75,2.6099999999996726,0.30755711775044464,1.070298769771413,8.0,15.0,-1.0
2025-04-29 22:35:00,2025-04-29 22:50:00,SHORT,3316.405,2.26499999999997,0.7300000000000182,2.419999999999618,0.32229580573952665,1.0684326710815233,10.0,15.0,-1.0
2025-04-29 23:00:00,2025-04-29 23:16:00,SHORT,3315.455,2.434285714285644,4.819999999999709,2.130000000000109,1.980046948356745,0.87500000000007,16.0,1.0,1.5
2025-04-30 02:05:00,2025-04-30 02:10:00,SHORT,3307.095,4.465285714285756,0.25,5.350000000000364,0.05598745880922622,1.1981316185175224,4.0,5.0,-1.0
2025-04-30 03:30:00,2025-04-30 04:10:00,SHORT,3306.945,3.121428571428526,4.700000000000273,1.7699999999999818,1.5057208237987363,0.5670480549199108,40.0,19.0,1.5
2025-04-30 11:35:00,2025-04-30 11:52:00,SHORT,3279.665,3.3721428571428924,5.2599999999997635,1.5900000000001455,1.5598390171572956,0.4715102732472316,17.0,3.0,1.5
2025-04-30 15:35:00,2025-04-30 15:45:00,LONG,3306.125,6.092285714285708,3.6399999999998727,6.800000000000182,0.5974769028748097,1.1161656427332298,6.0,10.0,-1.0
2025-04-30 17:20:00,2025-04-30 18:01:00,LONG,3306.995,3.4371428571428817,3.6900000000000546,4.210000000000036,1.0735660847880382,1.2248545303408165,23.0,41.0,-1.0
2025-04-30 17:45:00,2025-04-30 17:59:00,LONG,3310.185,2.9350000000000103,0.07000000000016371,5.639999999999873,0.023850085178931335,1.9216354344122157,5.0,14.0,-1.0
2025-05-01 02:55:00,2025-05-01 03:13:00,SHORT,3240.955,5.450714285714347,10.349999999999909,2.0599999999999454,1.8988337046258301,0.3779321189883228,18.0,1.0,1.5
2025-05-01 07:45:00,2025-05-01 08:22:00,SHORT,3231.355,4.017571428571403,3.1900000000000546,4.019999999999982,0.7940120186324549,1.0006044874302191,8.0,37.0,-1.0
2025-05-01 11:25:00,2025-05-01 11:40:00,SHORT,3222.945,2.942142857142861,4.940000000000055,2.369999999999891,1.6790483126972728,0.805535324107755,15.0,1.0,1.5
2025-05-01 16:00:00,2025-05-01 16:49:00,SHORT,3212.485,4.737142857142869,3.800000000000182,4.809999999999945,0.8021712907117372,1.0153799758745337,14.0,49.0,-1.0
2025-05-01 23:40:00,2025-05-01 23:52:00,LONG,3238.475,2.330714285714261,0.8600000000001273,3.7799999999997453,0.3689855960772881,1.62182041066494,6.0,12.0,-1.0
2025-05-02 17:55:00,2025-05-02 18:43:00,SHORT,3231.025,4.264285714285734,6.9900000000002365,1.7300000000000182,1.6391959798995455,0.40569514237856186,48.0,1.0,1.5
2025-05-05 06:40:00,2025-05-05 07:05:00,LONG,3262.375,3.369999999999988,3.099999999999909,3.5300000000002,0.9198813056379584,1.0474777448071848,19.0,25.0,-1.0
2025-05-05 07:30:00,2025-05-05 07:48:00,LONG,3261.755,2.8971428571428532,5.269999999999982,1.150000000000091,1.8190335305719882,0.3969428007889866,18.0,3.0,1.5
2025-05-05 12:00:00,2025-05-05 12:42:00,LONG,3316.395,2.9542857142857883,4.510000000000218,2.769999999999982,1.5265957446808867,0.9376208897485196,42.0,1.0,1.5
2025-05-05 13:10:00,2025-05-05 13:32:00,LONG,3317.825,3.5667142857142022,2.900000000000091,4.029999999999745,0.813073256698887,1.1298914567228293,8.0,22.0,-1.0
2025-05-05 14:20:00,2025-05-05 14:21:00,LONG,3319.265,5.273571428571456,0.0,6.059999999999945,0.0,1.149126371393726,,1.0,-1.0
2025-05-05 17:30:00,2025-05-05 17:37:00,LONG,3314.335,2.801428571428492,1.7799999999997453,2.8200000000001637,0.6353901070881474,1.006629270780301,3.0,7.0,-1.0
2025-05-05 17:50:00,2025-05-05 18:25:00,LONG,3315.175,2.4192857142857065,3.6299999999996544,1.6400000000003274,1.5004428697961418,0.6778860348392282,35.0,13.0,1.5
2025-05-05 23:00:00,2025-05-05 23:01:00,LONG,3332.215,2.7264285714285443,0.0,3.1400000000003274,0.0,1.151689808750459,,1.0,-1.0
2025-05-05 23:20:00,2025-05-05 23:21:00,LONG,3333.105,2.7671428571428414,0.0,3.5100000000002183,0.0,1.2684563758390124,,1.0,-1.0
2025-05-06 04:10:00,2025-05-06 05:22:00,LONG,3359.985,4.74607142857144,5.619999999999891,5.720000000000255,1.184137256377429,1.2052073143201651,41.0,72.0,-1.0
2025-05-06 09:05:00,2025-05-06 09:07:00,LONG,3379.735,4.022142857142853,0.0,4.760000000000218,0.0,1.1834487657610215,,2.0,-1.0
2025-05-06 18:15:00,2025-05-06 19:47:00,LONG,3414.175,3.127142857142774,5.059999999999945,1.7100000000000364,1.618090452261332,0.5468250342622464,92.0,51.0,1.5
2025-05-06 19:15:00,2025-05-06 19:16:00,LONG,3416.145,2.0807142857142287,0.0,2.699999999999818,0.0,1.2976313079299173,,1.0,-1.0
2025-05-07 00:00:00,2025-05-07 00:17:00,SHORT,3397.185,6.830714285714261,14.809999999999945,2.2800000000002,2.168148070689114,0.33378646868140666,17.0,8.0,1.5
2025-05-07 01:15:00,2025-05-07 02:18:00,SHORT,3371.275,9.168571428571536,11.539999999999964,12.75,1.2586475537550452,1.3906201308818784,18.0,63.0,-1.0
2025-05-07 02:05:00,2025-05-07 02:18:00,SHORT,3373.765,6.984999999999998,1.9800000000000182,10.260000000000218,0.2834645669291366,1.4688618468146344,6.0,13.0,-1.0
2025-05-07 03:40:00,2025-05-07 03:48:00,SHORT,3374.205,4.7653571428571535,0.42000000000007276,5.610000000000127,0.08813610132655333,1.1772464962902136,5.0,8.0,-1.0
2025-05-07 06:35:00,2025-05-07 06:44:00,LONG,3391.245,3.759999999999991,1.1100000000001273,4.2199999999998,0.29521276595748136,1.1223404255318643,2.0,9.0,-1.0
2025-05-07 08:10:00,2025-05-07 08:34:00,LONG,3386.445,3.983571428571427,2.0399999999999636,4.200000000000273,0.5121032813340416,1.0543302850995848,6.0,24.0,-1.0
2025-05-07 19:10:00,2025-05-08 00:17:00,SHORT,3372.295,7.279285714285671,9.260000000000218,7.889999999999873,1.2721028358355786,1.0838975566676368,170.0,307.0,-1.0
2025-05-07 22:55:00,2025-05-07 23:15:00,SHORT,3369.285,3.008571428571421,0.9899999999997817,3.1200000000003456,0.32905982905975734,1.0370370370371547,4.0,20.0,-1.0
2025-05-07 23:05:00,2025-05-07 23:15:00,SHORT,3369.445,2.8728571428571934,0.2600000000002183,2.9600000000000364,0.0905022376927646,1.0303331675783138,4.0,10.0,-1.0
2025-05-08 03:05:00,2025-05-08 03:06:00,LONG,3404.025,4.747285714285714,0.0,5.070000000000164,0.0,1.0679786945924332,,1.0,-1.0
2025-05-08 04:00:00,2025-05-08 04:10:00,LONG,3398.395,3.86114285714286,0.6100000000001273,7.199999999999818,0.15798431256478054,1.8647328696166454,4.0,10.0,-1.0
2025-05-08 18:10:00,2025-05-08 19:10:00,SHORT,3308.355,4.344285714285694,6.690000000000055,1.5,1.5399539625123513,0.3452811575139773,60.0,4.0,1.5
2025-05-08 18:20:00,2025-05-08 19:16:00,SHORT,3306.575,3.781428571428575,7.4399999999996,3.180000000000291,1.9675103891196504,0.8409520211561018,56.0,41.0,1.5
2025-05-08 18:35:00,2025-05-08 19:05:00,SHORT,3307.465,3.2278571428571468,5.400000000000091,2.2899999999999636,1.6729364903740027,0.7094489931400632,30.0,26.0,1.5
2025-05-08 23:20:00,2025-05-08 23:32:00,LONG,3317.085,3.4335714285714403,0.30999999999994543,3.7200000000002547,0.09028500104013358,1.0834200124818678,3.0,12.0,-1.0
2025-05-09 06:25:00,2025-05-09 07:04:00,LONG,3320.715,4.5807142857142935,7.7599999999997635,3.850000000000364,1.6940589427724388,0.8404802744426166,39.0,1.0,1.5
2025-05-09 06:50:00,2025-05-09 07:11:00,LONG,3323.545,4.286428571428522,8.449999999999818,3.2899999999999636,1.9713381103149277,0.7675387435427432,21.0,1.0,1.5
2025-05-09 07:40:00,2025-05-09 07:41:00,LONG,3329.775,3.9864285714285352,0.0,4.130000000000109,0.0,1.0360150510661539,,1.0,-1.0
2025-05-09 08:20:00,2025-05-09 10:21:00,LONG,3324.285,3.502142857142904,5.300000000000182,2.849999999999909,1.5133591678564462,0.8137874770548276,121.0,14.0,1.5
2025-05-09 08:35:00,2025-05-09 08:49:00,LONG,3323.325,3.3464285714286297,5.130000000000109,1.1199999999998909,1.5329775880469643,0.3346851654215197,14.0,4.0,1.5
2025-05-09 11:10:00,2025-05-09 11:11:00,LONG,3330.875,2.7771428571428,0.0,3.1799999999998363,0.0,1.1450617283950264,,1.0,-1.0
2025-05-09 16:45:00,2025-05-09 16:57:00,LONG,3340.845,3.1764285714285245,0.45000000000027285,3.8299999999999272,0.14166854058924921,1.2057566899033005,4.0,12.0,-1.0
2025-05-12 00:15:00,2025-05-12 00:41:00,SHORT,3282.665,5.622857142857226,8.7199999999998,4.570000000000164,1.5508130081300227,0.8127540650406675,26.0,2.0,1.5
2025-05-12 02:50:00,2025-05-12 03:20:00,SHORT,3272.085,5.097571428571492,1.849999999999909,6.710000000000036,0.3629179160944764,1.3163130902670646,12.0,30.0,-1.0
2025-05-12 14:15:00,2025-05-12 14:16:00,LONG,3241.265,6.511000000000032,0.0,7.099999999999909,0.0,1.0904622945783864,,1.0,-1.0
2025-05-12 22:20:00,2025-05-12 22:45:00,LONG,3236.485,2.3978571428571547,1.2799999999997453,2.5599999999999454,0.5338099493594384,1.0676198987190664,2.0,25.0,-1.0
2025-05-13 06:25:00,2025-05-13 06:26:00,LONG,3253.835,3.9964285714284284,0.0,5.320000000000164,0.0,1.3311885612154595,,1.0,-1.0
2025-05-13 13:30:00,2025-05-13 13:40:00,SHORT,3240.615,5.225714285714275,9.009999999999764,4.7400000000002365,1.7241662110442446,0.907053034445099,10.0,1.0,1.5
2025-05-13 13:45:00,2025-05-13 14:01:00,SHORT,3233.895,5.2128571428571115,8.300000000000182,4.150000000000091,1.5922170457660076,0.7961085228830038,16.0,1.0,1.5
2025-05-13 19:50:00,2025-05-13 19:57:00,LONG,3249.885,1.7882857142857833,1.0299999999997453,2.3700000000003456,0.5759706023324763,1.3252915801247627,2.0,7.0,-1.0
2025-05-13 22:20:00,2025-05-13 22:35:00,LONG,3251.385,1.9400000000000222,0.6999999999998181,2.350000000000364,0.36082474226794337,1.2113402061857408,10.0,15.0,-1.0
2025-05-14 05:25:00,2025-05-14 05:35:00,SHORT,3223.865,2.941071428571474,1.8649999999997817,3.0600000000004,0.6341226472373174,1.0404371584700653,6.0,10.0,-1.0
2025-05-14 15:35:00,2025-05-14 16:42:00,SHORT,3181.105,4.57971428571435,7.639999999999873,4.199999999999818,1.6682263397591353,0.9170877784015944,67.0,48.0,1.5
2025-05-14 16:40:00,2025-05-14 16:42:00,SHORT,3179.105,3.5778571428570882,5.639999999999873,0.0,1.576362547414642,0.0,2.0,,1.5
2025-05-14 17:15:00,2025-05-14 18:04:00,SHORT,3184.405,3.901428571428499,6.269999999999982,3.669999999999618,1.607103625045796,0.9406810692053389,49.0,10.0,1.5
2025-05-15 01:55:00,2025-05-15 02:25:00,SHORT,3172.115,4.947857142857207,8.399999999999636,3.080000000000382,1.6977046340406148,0.6224916991483296,30.0,16.0,1.5
2025-05-15 07:30:00,2025-05-15 07:40:00,SHORT,3143.875,5.160285714285659,9.079999999999927,1.7600000000002183,1.759592492110076,0.34106638613591883,10.0,2.0,1.5
2025-05-15 18:00:00,2025-05-15 19:23:00,LONG,3222.075,3.0757142857142816,6.039999999999964,2.4600000000000364,1.9637714816534975,0.7998142127264412,83.0,1.0,1.5
2025-05-16 00:15:00,2025-05-16 00:27:00,LONG,3238.945,3.8057142857142674,0.7300000000000182,4.260000000000218,0.19181681681682253,1.1193693693694322,6.0,12.0,-1.0
2025-05-16 09:00:00,2025-05-16 09:20:00,SHORT,3204.135,3.6835714285713754,0.6900000000000546,3.7199999999998,0.18731820826063417,1.009889470622415,4.0,20.0,-1.0
2025-05-16 12:50:00,2025-05-16 13:01:00,SHORT,3176.795,7.287142857142986,1.7800000000002,8.049999999999727,0.2442658302293899,1.1046853558125287,7.0,11.0,-1.0
2025-05-16 15:05:00,2025-05-16 15:12:00,SHORT,3172.815,5.496714285714169,0.40000000000009095,5.829999999999927,0.07277074616006175,1.0606336252826458,4.0,7.0,-1.0
2025-05-16 20:00:00,2025-05-16 20:05:00,LONG,3197.605,2.605000000000018,5.099999999999909,2.5599999999999454,1.957773512475959,0.9827255278310663,5.0,1.0,1.5
2025-05-18 23:50:00,2025-05-18 23:51:00,LONG,3234.255,4.602857142857147,0.0,6.730000000000018,0.0,1.4621353196772218,,1.0,-1.0
2025-05-19 04:50:00,2025-05-19 05:01:00,SHORT,3215.825,3.4714285714286297,2.349999999999909,4.960000000000036,0.6769547325102505,1.4288065843621265,8.0,11.0,-1.0
2025-05-19 10:25:00,2025-05-19 11:37:00,LONG,3240.735,3.437857142857086,5.170000000000073,2.2200000000002547,1.503843756492878,0.6457510907958462,72.0,9.0,1.5
2025-05-19 11:05:00,2025-05-19 11:47:00,LONG,3242.665,3.3492857142857377,5.619999999999891,2.6700000000000728,1.677969716357388,0.79718490083175,42.0,1.0,1.5
2025-05-19 14:55:00,2025-05-19 15:50:00,SHORT,3233.755,4.922857142857181,3.5300000000002,5.519999999999982,0.7170632617527919,1.121300058038293,48.0,55.0,-1.0
2025-05-20 02:05:00,2025-05-20 02:06:00,SHORT,3215.485,4.541285714285713,0.0,5.5,0.0,1.2111107615841963,,1.0,-1.0
2025-05-20 03:25:00,2025-05-20 03:37:00,SHORT,3212.415,3.642857142857078,5.6599999999998545,0.9099999999998545,1.5537254901960662,0.24980392156859196,12.0,2.0,1.5
2025-05-20 04:25:00,2025-05-20 04:51:00,SHORT,3212.765,2.3778571428571404,1.8699999999998909,2.930000000000291,0.7864223490537248,1.2322018624212712,2.0,26.0,-1.0
2025-05-20 04:35:00,2025-05-20 04:51:00,SHORT,3211.995,2.482857142857191,0.9800000000000182,3.700000000000273,0.39470655926352094,1.4902186421174572,4.0,16.0,-1.0
2025-05-20 10:40:00,2025-05-20 11:16:00,LONG,3235.815,2.0392857142857275,3.880000000000109,1.7000000000002728,1.9026269702277119,0.8336252189143141,36.0,1.0,1.5
2025-05-20 16:50:00,2025-05-20 16:51:00,LONG,3279.665,2.87642857142857,0.0,3.0399999999999636,0.0,1.056866153464105,,1.0,-1.0
2025-05-21 17:35:00,2025-05-21 19:03:00,LONG,3311.215,3.7440714285713574,6.639999999999873,1.5700000000001637,1.77347043897972,0.41932960680700365,88.0,3.0,1.5
2025-05-21 22:40:00,2025-05-21 23:19:00,LONG,3317.848,2.744428571428508,4.199999999999818,1.400000000000091,1.5303732236739058,0.5101244078913572,39.0,18.0,1.5
2025-05-22 00:30:00,2025-05-22 00:31:00,LONG,3322.485,2.669071428571507,0.0,2.8299999999999272,0.0,1.0602938421601364,,1.0,-1.0
2025-05-22 00:40:00,2025-05-22 01:01:00,LONG,3323.385,2.663357142857194,2.099999999999909,2.687000000000353,0.7884785582105871,1.0088770885296274,15.0,21.0,-1.0
2025-05-22 00:50:00,2025-05-22 01:00:00,LONG,3324.945,2.725000000000039,0.5399999999999636,3.650000000000091,0.1981651376146627,1.3394495412844178,5.0,10.0,-1.0
2025-05-22 04:55:00,2025-05-22 05:13:00,LONG,3338.348,1.9296428571428155,0.8000000000001819,2.313000000000102,0.41458449009819687,1.198667406996192,10.0,18.0,-1.0
2025-05-22 05:20:00,2025-05-22 05:30:00,LONG,3338.148,1.7224285714285412,0.5,2.180000000000291,0.290287799618484,1.2656548063367592,8.0,10.0,-1.0
2025-05-22 06:15:00,2025-05-22 06:54:00,SHORT,3331.375,2.9137142857143448,5.400000000000091,2.1230000000000473,1.8533045695234296,0.7286232594626412,39.0,3.0,1.5
2025-05-22 08:10:00,2025-05-22 08:16:00,SHORT,3326.648,3.00228571428579,4.5900000000001455,2.7970000000000255,1.5288351732013803,0.931623524933369,6.0,2.0,1.5
2025-05-22 16:05:00,2025-05-22 16:22:00,SHORT,3292.445,4.695357142857184,1.5470000000000255,5.552999999999884,0.3294744048071829,1.1826576405263205,7.0,17.0,-1.0
2025-05-23 01:55:00,2025-05-23 02:07:00,LONG,3304.848,5.191428571428593,0.5,5.849999999999909,0.09631260319207445,1.1268574573472536,3.0,12.0,-1.0
2025-05-23 14:15:00,2025-05-23 16:44:00,LONG,3352.398,6.966999999999904,10.5,6.2830000000003565,1.5071049232094367,0.901822879288136,149.0,1.0,1.5
2025-05-23 14:35:00,2025-05-23 16:45:00,LONG,3353.398,6.530785714285685,10.899999999999636,3.2029999999999745,1.6690181667048987,0.4904463475188924,130.0,14.0,1.5
2025-05-23 17:00:00,2025-05-23 17:18:00,LONG,3359.425,2.352785714285704,1.2529999999997017,3.2600000000002183,0.5325601870122317,1.3855915480130927,15.0,18.0,-1.0
2025-05-23 17:10:00,2025-05-23 17:17:00,LONG,3359.885,2.18042857142856,0.7929999999996653,2.3100000000004,0.3636899692064264,1.0594247526700442,5.0,7.0,-1.0
2025-05-23 19:15:00,2025-05-23 19:29:00,LONG,3365.025,1.828285714285682,0.5899999999996908,2.0599999999999454,0.32270667291747995,1.1267385528988805,6.0,14.0,-1.0
2025-05-26 01:00:00,2025-05-26 01:19:00,SHORT,3337.735,4.398357142857127,2.519999999999982,4.7199999999998,0.5729411955762683,1.0731279536190044,12.0,19.0,-1.0
2025-05-26 01:20:00,2025-05-26 01:21:00,SHORT,3336.598,4.498357142857133,0.0,5.847000000000207,0.0,1.2998078663639596,,1.0,-1.0
2025-05-26 04:15:00,2025-05-26 04:37:00,LONG,3348.585,1.922785714285705,1.3899999999998727,2.3400000000001455,0.7229094691481226,1.2169842861919906,19.0,22.0,-1.0
2025-05-26 08:05:00,2025-05-26 08:06:00,SHORT,3335.805,2.752500000000022,0.0,3.2600000000002183,0.0,1.1843778383288617,,1.0,-1.0
2025-05-26 10:25:00,2025-05-26 11:50:00,SHORT,3330.915,2.8751428571429187,1.9800000000000182,2.9600000000000364,0.6886614329722662,1.029514061413088,65.0,85.0,-1.0
2025-05-26 11:30:00,2025-05-26 11:47:00,SHORT,3329.865,1.5180714285714723,0.569999999999709,1.5330000000003565,0.3754764033310919,1.0098339058017396,1.0,17.0,-1.0
2025-05-26 15:50:00,2025-05-26 16:38:00,LONG,3338.608,1.641571428571394,2.6899999999996,1.443000000000211,1.6386737446695323,0.8790357671222426,48.0,6.0,1.5
2025-05-26 16:00:00,2025-05-26 16:09:00,LONG,3338.948,1.5367857142856727,0.34999999999990905,1.5499999999997272,0.227748082732924,1.0085986521030337,4.0,9.0,-1.0
2025-05-27 00:05:00,2025-05-27 00:06:00,LONG,3347.048,1.3894999999999007,0.0,2.0,0.0,1.4393666786614918,,1.0,-1.0
2025-05-27 01:10:00,2025-05-27 01:17:00,LONG,3343.288,2.746642857142888,0.3769999999999527,2.7829999999999018,0.13725847138062774,1.0132369386003222,4.0,7.0,-1.0
2025-05-27 12:25:00,2025-05-27 13:01:00,SHORT,3294.645,3.136428571428561,3.400000000000091,3.3029999999998836,1.0840355272147901,1.053108631291244,31.0,36.0,-1.0
2025-05-27 12:50:00,2025-05-27 13:00:00,SHORT,3293.135,3.0808571428571474,1.8900000000003274,3.612999999999829,0.613465640359931,1.172725586571398,6.0,10.0,-1.0
2025-05-27 15:25:00,2025-05-27 15:34:00,LONG,3295.935,2.816428571428657,0.17000000000007276,2.836999999999989,0.06036013187930374,1.0073040831853572,4.0,9.0,-1.0
2025-05-27 15:30:00,2025-05-27 15:38:00,SHORT,3293.798,2.8012142857143902,4.399999999999636,1.2800000000002,1.5707473799625828,0.45694469235286056,8.0,1.0,1.5
2025-05-27 18:25:00,2025-05-27 18:53:00,LONG,3300.935,1.7660714285713246,2.813000000000102,1.0499999999997272,1.592800808898028,0.5945399393325398,28.0,1.0,1.5
2025-05-27 22:45:00,2025-05-27 22:58:00,LONG,3305.148,1.7050000000000247,0.29999999999972715,2.1330000000002656,0.17595307917872305,1.2510263929620145,3.0,13.0,-1.0
2025-05-27 23:10:00,2025-05-27 23:31:00,LONG,3306.665,2.243071428571414,3.5830000000000837,0.8600000000001273,1.5973633092380186,0.3834028595994606,21.0,1.0,1.5
2025-05-28 06:35:00,2025-05-28 07:01:00,LONG,3304.475,3.2099999999999715,5.01299999999992,0.9200000000000728,1.5616822429906432,0.28660436137074174,26.0,1.0,1.5
2025-05-28 10:20:00,2025-05-28 10:21:00,LONG,3320.298,2.0582142857143544,0.0,2.1229999999995925,0.0,1.0314766614608122,,1.0,-1.0
2025-05-28 12:20:00,2025-05-28 12:30:00,SHORT,3308.348,3.0290714285713745,1.900000000000091,3.70699999999988,0.6272549343269213,1.2238073902893212,7.0,10.0,-1.0
2025-05-28 14:30:00,2025-05-28 14:54:00,SHORT,3306.498,4.158285714285739,6.3530000000000655,1.400000000000091,1.527793046585138,0.3366772021437604,24.0,7.0,1.5
2025-05-28 17:25:00,2025-05-28 18:02:00,SHORT,3296.548,2.4677142857143672,2.1829999999999927,2.5570000000002437,0.8846242908416952,1.0361815445178368,25.0,37.0,-1.0
2025-05-28 20:35:00,2025-05-28 20:49:00,SHORT,3295.235,2.04071428571433,4.480000000000018,1.0099999999997635,2.195309765488236,0.4949247462371853,14.0,1.0,1.5
2025-05-29 02:00:00,2025-05-29 02:44:00,SHORT,3262.215,6.568285714285756,1.5970000000002074,7.7199999999998,0.24313802253254557,1.1753447300882651,5.0,44.0,-1.0
2025-05-29 02:30:00,2025-05-29 02:41:00,SHORT,3262.655,4.884499999999987,0.47000000000025466,5.642999999999574,0.09622274541923553,1.1552871327668317,4.0,11.0,-1.0
2025-05-29 17:10:00,2025-05-29 17:29:00,LONG,3321.665,2.6799999999999664,0.7330000000001746,3.2170000000000982,0.2735074626866357,1.2003731343284099,4.0,19.0,-1.0
2025-05-29 17:40:00,2025-05-29 17:41:00,LONG,3322.798,2.39192857142861,0.0,3.332999999999629,0.0,1.3934362588465392,,1.0,-1.0
2025-05-30 00:20:00,2025-05-30 00:37:00,SHORT,3313.155,1.90949999999998,2.9570000000003347,1.0929999999998472,1.5485729248496285,0.5724011521339925,17.0,3.0,1.5
2025-05-30 07:55:00,2025-05-30 08:06:00,SHORT,3294.748,3.604071428571355,1.2429999999999382,4.299999999999727,0.3448877261826801,1.1930951106882575,2.0,11.0,-1.0
2025-05-30 12:00:00,2025-05-30 12:01:00,SHORT,3289.515,2.868785714285715,0.0,3.1700000000000728,0.0,1.1049971366681026,,1.0,-1.0
2025-05-30 12:35:00,2025-05-30 13:16:00,LONG,3301.455,5.71914285714284,6.54300000000012,6.806999999999789,1.1440525553279957,1.1902133186790895,35.0,41.0,-1.0
2025-05-30 18:00:00,2025-05-30 20:28:00,LONG,3292.825,2.634499999999954,2.769999999999982,2.6369999999997162,1.0514329094704993,1.000948946669107,122.0,148.0,-1.0
2025-06-02 04:10:00,2025-06-02 04:31:00,LONG,3311.198,2.1089285714286103,3.25,0.5729999999998654,1.5410668924639852,0.271701947502048,21.0,1.0,1.5
2025-06-02 09:15:00,2025-06-02 09:16:00,LONG,3350.455,2.804071428571433,0.0,3.6359999999999673,0.0,1.2966859413607628,,1.0,-1.0
2025-06-02 09:55:00,2025-06-02 10:11:00,LONG,3348.125,2.450928571428579,1.0599999999999454,2.9270000000001346,0.432489144056165,1.1942412496721873,10.0,16.0,-1.0
2025-06-02 11:05:00,2025-06-02 11:24:00,LONG,3348.598,2.8237142857142317,4.637000000000171,2.382999999999811,1.6421633107356985,0.843923909743954,19.0,1.0,1.5
2025-06-02 11:20:00,2025-06-02 11:31:00,LONG,3351.978,2.868714285714207,5.826999999999771,2.75,2.031223544644167,0.9586175987251894,11.0,1.0,1.5
2025-06-02 15:35:00,2025-06-02 16:06:00,LONG,3373.265,3.3532857142856756,5.900000000000091,2.4400000000000546,1.759468325309978,0.727644527755318,31.0,1.0,1.5
2025-06-02 17:10:00,2025-06-02 17:26:00,LONG,3374.638,2.733500000000049,0.7100000000000364,3.1399999999998727,0.2597402597402684,1.1487104444850251,3.0,16.0,-1.0
2025-06-02 17:30:00,2025-06-02 18:02:00,LONG,3373.785,2.546357142857135,1.9630000000001928,2.786999999999807,0.7709052147326092,1.0945047546915039,18.0,32.0,-1.0
2025-06-02 17:40:00,2025-06-02 18:02:00,LONG,3374.548,2.450642857142871,1.2000000000002728,3.549999999999727,0.4896674342010471,1.4485994928443235,8.0,22.0,-1.0
2025-06-02 20:15:00,2025-06-02 20:29:00,LONG,3381.195,1.464642857142865,0.4699999999997999,1.550000000000182,0.32089734211154175,1.0582784686662976,9.0,14.0,-1.0
2025-06-02 20:35:00,2025-06-02 20:47:00,LONG,3380.265,1.5429285714285794,2.430000000000291,0.9400000000000546,1.5749270867091292,0.6092310541178971,12.0,1.0,1.5
2025-06-02 23:55:00,2025-06-02 23:56:00,LONG,3387.198,2.3497142857142665,0.0,2.5229999999996835,0.0,1.0737475680932593,,1.0,-1.0
2025-06-03 01:50:00,2025-06-03 02:17:00,SHORT,3372.698,4.143428571428591,2.812999999999647,4.666999999999916,0.6789063577436711,1.1263618811198202,7.0,27.0,-1.0
2025-06-03 02:05:00,2025-06-03 02:17:00,SHORT,3372.298,4.158214285714329,0.6399999999998727,5.067000000000007,0.15391222193589496,1.2185519196083374,7.0,12.0,-1.0
2025-06-03 02:20:00,2025-06-03 02:21:00,SHORT,3372.498,3.9049285714285946,0.0,4.157000000000153,0.0,1.06455212277528,,1.0,-1.0
2025-06-03 06:05:00,2025-06-03 06:21:00,SHORT,3362.365,2.8167857142856456,3.3599999999996726,3.4329999999999927,1.1928489920120848,1.2187650564219874,7.0,16.0,-1.0
2025-06-03 10:45:00,2025-06-03 11:13:00,SHORT,3356.295,1.7910714285714155,3.2100000000000364,0.8699999999998909,1.7922233300100034,0.4857427716848878,28.0,22.0,1.5
2025-06-03 18:45:00,2025-06-03 19:00:00,LONG,3352.045,1.2004285714285743,2.0529999999998836,0.8470000000002074,1.7102225395691004,0.7055813399977909,15.0,1.0,1.5
2025-06-03 20:25:00,2025-06-03 22:00:00,LONG,3353.725,1.1266428571428346,1.8699999999998909,1.1199999999998909,1.6597983896531412,0.9941038483483665,95.0,34.0,1.5
2025-06-03 20:50:00,2025-06-03 20:59:00,LONG,3353.748,1.0564285714286012,0.387000000000171,1.143000000000029,0.36632860040583104,1.081947261663283,4.0,9.0,-1.0
2025-06-03 23:55:00,2025-06-04 00:01:00,LONG,3359.698,1.6487857142856552,0.20000000000027285,1.7999999999997272,0.1213013906339696,1.0917125157040715,5.0,6.0,-1.0
2025-06-04 02:40:00,2025-06-04 02:41:00,LONG,3366.048,2.723357142857172,0.0,2.9329999999999927,0.0,1.0769795682849284,,1.0,-1.0
2025-06-04 03:05:00,2025-06-04 03:32:00,LONG,3365.235,2.471142857142825,2.119999999999891,3.849999999999909,0.857902647704904,1.557983581916968,22.0,27.0,-1.0
2025-06-04 09:50:00,2025-06-04 10:11:00,LONG,3361.765,2.2359999999999736,2.6100000000001273,2.799999999999727,1.1672629695886216,1.252236135956959,7.0,21.0,-1.0
2025-06-04 15:25:00,2025-06-04 17:47:00,LONG,3373.988,4.3066428571428,6.626999999999953,3.987999999999829,1.5387855970013196,0.9260113114291599,142.0,14.0,1.5
2025-06-04 15:40:00,2025-06-04 17:35:00,LONG,3373.315,3.9111428571427496,6.032999999999902,3.26700000000028,1.542515888669752,0.8353057199211992,115.0,2.0,1.5
2025-06-04 16:00:00,2025-06-04 16:14:00,LONG,3373.948,3.2159285714285164,0.8000000000001819,3.2829999999999018,0.2487617439975732,1.0208560069297783,3.0,14.0,-1.0
2025-06-05 05:15:00,2025-06-05 05:33:00,SHORT,3367.398,2.553857142857201,4.0330000000003565,1.75,1.579179951893598,0.6852380153269408,18.0,3.0,1.5
2025-06-05 06:55:00,2025-06-05 07:04:00,SHORT,3365.845,2.3462142857142356,0.7799999999997453,2.519999999999982,0.3324504520959804,1.0740706913873566,5.0,9.0,-1.0
2025-06-05 08:15:00,2025-06-05 08:16:00,LONG,3372.815,2.068785714285663,0.0,2.0700000000001637,0.0,1.0005869557712601,,1.0,-1.0
2025-06-05 12:55:00,2025-06-05 13:01:00,LONG,3382.848,5.1974285714285156,1.0,7.9529999999999745,0.19240283656753546,1.5301797592216047,4.0,6.0,-1.0
2025-06-05 13:55:00,2025-06-05 14:05:00,SHORT,3377.905,6.459071428571406,10.140000000000327,3.492999999999938,1.5698851006890098,0.5407898083536921,10.0,1.0,1.5
2025-06-05 14:40:00,2025-06-05 14:41:00,SHORT,3373.975,6.575357142857164,1.4099999999998545,8.450000000000273,0.2144370213459117,1.2851012981370207,1.0,1.0,-1.0
2025-06-05 18:40:00,2025-06-05 18:54:00,SHORT,3353.748,2.0694285714285536,1.300000000000182,2.199999999999818,0.6281927378159154,1.0630954024574664,8.0,14.0,-1.0
2025-06-05 18:55:00,2025-06-05 19:04:00,SHORT,3353.248,2.1455714285714294,0.51299999999992,2.45699999999988,0.23909714361804638,1.1451494773286606,1.0,9.0,-1.0
2025-06-06 00:00:00,2025-06-06 00:35:00,LONG,3363.448,1.6518571428570925,0.5869999999999891,1.8099999999999454,0.3553576061575758,1.095736400588083,12.0,35.0,-1.0
2025-06-06 06:30:00,2025-06-06 06:44:00,SHORT,3363.015,2.9292857142857622,4.920000000000073,1.4700000000002547,1.6795903438185782,0.5018288222385572,14.0,1.0,1.5
2025-06-06 08:10:00,2025-06-06 08:26:00,SHORT,3358.398,2.979285714285749,0.2830000000003565,3.606999999999971,0.09498921122044941,1.2106928794053944,5.0,16.0,-1.0
2025-06-06 16:10:00,2025-06-06 16:30:00,SHORT,3329.185,3.7343571428571067,6.0,2.8099999999999454,1.6067022436449343,0.752472217440363,20.0,1.0,1.5
2025-06-09 05:25:00,2025-06-09 05:44:00,LONG,3311.765,1.8212142857142095,3.3830000000002656,1.7170000000000982,1.857551868847539,0.942777581676369,19.0,11.0,1.5
2025-06-09 11:45:00,2025-06-09 11:52:00,SHORT,3319.445,2.164500000000089,4.5900000000001455,1.5399999999999636,2.1205821205821005,0.7114807114806654,7.0,1.0,1.5
2025-06-09 12:15:00,2025-06-09 12:27:00,SHORT,3313.725,2.7526428571429085,0.849999999999909,3.1900000000000546,0.30879414588573334,1.1588862651477783,5.0,12.0,-1.0
2025-06-09 17:35:00,2025-06-09 18:54:00,LONG,3334.598,2.0347857142856225,2.2469999999998436,2.050000000000182,1.1042931863656835,1.0074770948153138,55.0,79.0,-1.0
2025-06-10 03:10:00,2025-06-10 03:27:00,SHORT,3305.498,2.994785714285789,0.6730000000002292,3.3769999999999527,0.22472392491718876,1.1276265890714374,7.0,17.0,-1.0
2025-06-10 03:40:00,2025-06-10 04:29:00,SHORT,3308.048,2.510285714285796,5.402999999999793,1.3770000000004075,2.1523446391985726,0.5485431368087036,49.0,19.0,1.5
2025-06-10 04:25:00,2025-06-10 04:26:00,SHORT,3303.135,1.9207142857143091,0.0,3.599999999999909,0.0,1.8743027147637825,,1.0,-1.0
2025-06-10 08:50:00,2025-06-10 10:24:00,LONG,3329.455,2.6038571428571555,4.190000000000055,2.5900000000001455,1.6091512591210972,0.9946782246118906,94.0,63.0,1.5
2025-06-10 09:00:00,2025-06-10 09:49:00,LONG,3329.575,2.44457142857144,2.130000000000109,2.6269999999999527,0.8713183730715693,1.0746259934548612,20.0,49.0,-1.0
2025-06-10 09:55:00,2025-06-10 09:56:00,LONG,3329.545,1.8469285714285693,0.0,2.1399999999998727,0.0,1.1586804346984667,,1.0,-1.0
2025-06-10 17:10:00,2025-06-10 17:42:00,SHORT,3322.325,2.293785714285702,2.0270000000000437,2.5300000000002,0.8836919627565398,1.102980101516613,12.0,32.0,-1.0
2025-06-10 18:30:00,2025-06-10 18:40:00,SHORT,3321.605,1.7102142857142684,0.6069999999999709,1.7599999999997635,0.3549262832560531,1.0291108048280055,5.0,10.0,-1.0
2025-06-10 18:45:00,2025-06-10 18:56:00,SHORT,3322.175,1.5964285714285,2.4400000000000546,1.449999999999818,1.5284116331097222,0.9082774049216269,11.0,1.0,1.5
2025-06-11 05:20:00,2025-06-11 05:41:00,LONG,3340.855,1.6972142857141859,1.5399999999999636,2.2800000000002,0.9073692184672681,1.3433778039646764,17.0,21.0,-1.0
2025-06-11 05:30:00,2025-06-11 05:40:00,LONG,3341.545,1.738214285714191,0.849999999999909,1.9369999999998981,0.48900760221900047,1.1143620299979475,7.0,10.0,-1.0
2025-06-11 07:30:00,2025-06-11 07:37:00,LONG,3338.915,2.4177857142856607,2.2330000000001746,2.657000000000153,0.9235723359627503,1.0989394073681042,1.0,7.0,-1.0
2025-06-11 12:30:00,2025-06-11 12:31:00,LONG,3355.398,4.71828571428562,0.0,8.92300000000023,0.0,1.8911529611239812,,1.0,-1.0
2025-06-11 13:55:00,2025-06-11 14:41:00,SHORT,3329.598,6.433571428571343,1.4229999999997744,8.050000000000182,0.22118352392580337,1.251249028533408,7.0,46.0,-1.0
2025-06-12 00:25:00,2025-06-12 00:31:00,LONG,3367.038,3.773142857142862,2.9270000000001346,3.7829999999999018,0.775745873088025,1.0026124488868422,3.0,6.0,-1.0
2025-06-12 00:35:00,2025-06-12 01:00:00,LONG,3368.698,3.9957142857142247,2.437000000000353,6.492999999999938,0.6099034680015277,1.6249910618519936,12.0,25.0,-1.0
2025-06-12 00:45:00,2025-06-12 00:58:00,LONG,3370.548,4.127142857142839,0.5870000000004438,4.399999999999636,0.14222914503299153,1.0661128418136931,2.0,13.0,-1.0
2025-06-12 01:15:00,2025-06-12 01:28:00,LONG,3369.698,4.012142857142927,6.197000000000116,1.143000000000029,1.5445611536407355,0.2848851700195857,13.0,1.0,1.5
2025-06-12 02:25:00,2025-06-12 04:09:00,LONG,3373.995,3.803357142857099,3.5529999999998836,3.806999999999789,0.9341746952879776,1.0009578004394175,16.0,104.0,-1.0
2025-06-12 08:35:00,2025-06-12 09:48:00,SHORT,3358.245,5.972571428571395,3.099999999999909,7.7800000000002,0.5190394182931374,1.3026215078454293,31.0,73.0,-1.0
2025-06-12 12:05:00,2025-06-12 12:06:00,LONG,3383.349,4.332285714285717,0.0,4.390000000000327,0.0,1.0133219019983601,,1.0,-1.0
2025-06-12 12:20:00,2025-06-12 12:38:00,LONG,3381.769,4.317642857142898,8.316000000000258,1.0709999999999127,1.9260509206412644,0.2480520125068016,18.0,1.0,1.5
2025-06-12 13:55:00,2025-06-12 14:11:00,LONG,3391.848,5.819642857142818,1.099999999999909,6.480000000000018,0.18901503528688346,1.1134703896900995,5.0,16.0,-1.0
2025-06-12 14:20:00,2025-06-12 14:22:00,LONG,3391.095,5.82321428571413,0.0,6.209999999999582,0.0,1.0664213431462308,,2.0,-1.0
2025-06-12 19:05:00,2025-06-12 19:44:00,LONG,3385.765,1.5827142857142786,2.3830000000002656,0.3170000000000073,1.5056413033669043,0.20028883473238207,39.0,1.0,1.5
2025-06-12 22:55:00,2025-06-12 23:41:00,SHORT,3383.198,1.9759285714285397,0.9130000000000109,2.6770000000001346,0.46206123703142676,1.3548060586343667,6.0,46.0,-1.0
2025-06-13 03:25:00,2025-06-13 04:00:00,LONG,3430.005,5.539357142857203,2.380000000000109,6.180000000000291,0.42965274464547415,1.1156529251718628,4.0,35.0,-1.0
2025-06-13 03:40:00,2025-06-13 04:00:00,LONG,3429.868,5.157928571428621,1.6300000000001091,6.04300000000012,0.3160183351567117,1.1715943554306252,6.0,20.0,-1.0
2025-06-13 04:05:00,2025-06-13 05:02:00,LONG,3427.685,5.172857142857181,2.450000000000273,5.436999999999898,0.47362607014641767,1.0510632421982604,18.0,57.0,-1.0
2025-06-13 04:20:00,2025-06-13 04:35:00,LONG,3429.865,4.386142857142853,0.27000000000043656,4.4099999999998545,0.061557502524282895,1.0054392078949617,3.0,15.0,-1.0
2025-06-13 04:35:00,2025-06-13 04:58:00,LONG,3428.405,3.5537857142857256,1.0399999999999636,3.9200000000000728,0.29264566960785166,1.1030490623681153,5.0,23.0,-1.0
2025-06-13 06:20:00,2025-06-13 06:40:00,LONG,3422.915,3.5083571428571565,5.720000000000255,1.9400000000000546,1.6303927357127523,0.5529653684060643,20.0,1.0,1.5
2025-06-13 09:10:00,2025-06-13 09:20:00,LONG,3424.648,3.3172142857143365,2.5,3.5530000000003383,0.7536444090351083,1.0710794341207979,4.0,10.0,-1.0
2025-06-13 09:45:00,2025-06-13 09:55:00,LONG,3423.965,2.9662142857142237,1.5199999999999818,3.4670000000000982,0.5124376911407083,1.1688299178848072,8.0,10.0,-1.0
2025-06-13 14:45:00,2025-06-13 14:51:00,LONG,3439.319,5.22449999999997,0.3789999999999054,5.583999999999833,0.0725428270647732,1.0688104124796374,5.0,6.0,-1.0
2025-06-13 16:05:00,2025-06-13 16:06:00,SHORT,3420.965,3.977857142857179,0.0,5.819999999999709,0.0,1.4630992996946521,,1.0,-1.0
2025-06-15 23:20:00,2025-06-15 23:45:00,LONG,3447.925,3.949071428571447,1.199999999999818,7.6460000000001855,0.303868902273543,1.9361513556532655,11.0,25.0,-1.0
2025-06-16 08:20:00,2025-06-16 08:21:00,SHORT,3413.845,3.274714285714286,0.0,4.050000000000182,0.0,1.2367491166078293,,1.0,-1.0
2025-06-16 08:45:00,2025-06-16 09:27:00,SHORT,3416.005,2.9884999999999633,3.2800000000002,3.2929999999996653,1.0975405721934886,1.1018905805587103,16.0,42.0,-1.0
2025-06-16 13:50:00,2025-06-16 13:51:00,SHORT,3389.748,5.6936428571428745,0.0,18.699999999999818,0.0,3.2843647677233587,,1.0,-1.0
2025-06-16 16:00:00,2025-06-16 16:17:00,SHORT,3403.155,2.7495000000000607,4.180000000000291,0.819999999999709,1.5202764138935074,0.2982360429167816,17.0,1.0,1.5
2025-06-16 16:10:00,2025-06-16 17:25:00,SHORT,3400.615,2.7887857142857553,4.266999999999825,0.5300000000002001,1.5300566042567598,0.19004687139827095,75.0,1.0,1.5
2025-06-16 16:20:00,2025-06-16 17:34:00,SHORT,3398.665,2.6561428571429,5.266999999999825,2.0329999999999018,1.9829505727961156,0.7653955789812876,74.0,8.0,1.5
2025-06-17 02:25:00,2025-06-17 02:54:00,LONG,3397.055,2.7104285714285004,3.1600000000003092,3.606999999999971,1.1658672850894822,1.3307858535814294,20.0,29.0,-1.0
2025-06-17 02:40:00,2025-06-17 02:41:00,LONG,3399.575,2.585428571428565,0.0,3.0799999999999272,0.0,1.191291855453616,,1.0,-1.0
2025-06-17 08:30:00,2025-06-17 08:54:00,SHORT,3384.698,2.9592142857143244,5.592999999999847,1.5,1.8900287238407114,0.5068913080209448,24.0,1.0,1.5
2025-06-17 09:25:00,2025-06-17 09:41:00,SHORT,3379.848,3.262571428571456,1.112999999999829,3.3899999999998727,0.3411419563884201,1.0390577108327748,5.0,16.0,-1.0
2025-06-17 22:40:00,2025-06-17 23:35:00,LONG,3390.798,2.460142857142858,0.5,2.492999999999938,0.20324022995180296,1.0133557865396645,6.0,55.0,-1.0
2025-06-17 23:25:00,2025-06-17 23:36:00,LONG,3389.665,1.516857142857069,0.0729999999998654,1.75,0.04812582407224361,1.1537012620079672,5.0,11.0,-1.0
2025-06-18 07:10:00,2025-06-18 07:30:00,SHORT,3381.365,2.5905714285713657,4.5,2.4830000000001746,1.7370684901290816,0.9584757913312917,20.0,2.0,1.5
2025-06-18 15:45:00,2025-06-18 17:36:00,LONG,3390.298,2.9297142857143563,4.200000000000273,3.4429999999997563,1.4335868929198947,1.175199921981554,16.0,111.0,-1.0
2025-06-18 23:15:00,2025-06-18 23:24:00,SHORT,3374.245,2.1658571428570537,3.4400000000000546,0.3400000000001455,1.5882857331311506,0.15698172943744584,9.0,3.0,1.5
2025-06-19 05:40:00,2025-06-19 05:41:00,SHORT,3368.945,2.019000000000038,0.0,3.5899999999996908,0.0,1.778107974244489,,1.0,-1.0
2025-06-19 11:20:00,2025-06-19 11:53:00,LONG,3373.428,2.280142857142859,0.9070000000001528,3.150000000000091,0.39778209385383523,1.3814923876950453,10.0,33.0,-1.0
2025-06-19 15:45:00,2025-06-19 15:53:00,SHORT,3366.555,2.482785714285683,1.349999999999909,3.200000000000273,0.5437440662849612,1.2888748237867713,2.0,8.0,-1.0
2025-06-20 01:50:00,2025-06-20 01:51:00,SHORT,3358.598,3.0966428571428617,0.0,3.800000000000182,0.0,1.227135377021255,,1.0,-1.0
2025-06-20 04:00:00,2025-06-20 04:27:00,SHORT,3354.075,2.927785714285684,0.30999999999994543,2.9900000000002365,0.10588206592010736,1.0212496035522638,6.0,27.0,-1.0
2025-06-20 15:20:00,2025-06-20 16:40:00,LONG,3368.055,2.84728571428572,4.393000000000029,2.0299999999997453,1.5428729115448367,0.7129597110028693,80.0,1.0,1.5
2025-06-22 23:25:00,2025-06-23 00:04:00,LONG,3374.855,4.230071428571462,3.4099999999998545,5.639999999999873,0.8061329595919959,1.3333108187973455,15.0,39.0,-1.0
2025-06-23 01:15:00,2025-06-23 01:24:00,SHORT,3361.548,3.9082857142857717,7.392999999999574,3.450000000000273,1.891622194604732,0.8827399663718677,9.0,1.0,1.5
2025-06-23 02:55:00,2025-06-23 03:06:00,SHORT,3361.335,2.25142857142857,1.1599999999998545,2.9200000000000728,0.5152284263958747,1.2969543147208453,8.0,11.0,-1.0
2025-06-23 03:40:00,2025-06-23 04:02:00,SHORT,3362.225,2.1778571428571922,0.13999999999987267,2.300000000000182,0.06428337159718507,1.0560839619547988,4.0,22.0,-1.0
2025-06-23 04:20:00,2025-06-23 04:21:00,SHORT,3358.985,1.9186428571428482,0.0,2.619999999999891,0.0,1.3655485648337233,,1.0,-1.0
2025-06-23 05:10:00,2025-06-23 05:23:00,SHORT,3358.465,1.8239285714285285,3.7800000000002,0.7899999999999636,2.0724495790093616,0.4331309966712258,13.0,6.0,1.5
2025-06-23 06:35:00,2025-06-23 06:57:00,SHORT,3354.215,3.1454285714285106,1.836999999999989,3.5,0.5840221636842662,1.1127259514942536,9.0,22.0,-1.0
2025-06-23 12:25:00,2025-06-23 12:32:00,LONG,3362.155,3.8445000000000227,0.7199999999997999,4.0900000000001455,0.18728053062811698,1.0638574587072758,5.0,7.0,-1.0
2025-06-24 04:20:00,2025-06-24 05:05:00,SHORT,3348.735,2.43607142857143,4.23700000000008,1.0899999999996908,1.7392757660167448,0.44744172408725,45.0,2.0,1.5
2025-06-24 09:00:00,2025-06-24 09:01:00,SHORT,3324.695,3.243357142857186,0.0,3.519999999999982,0.0,1.0852952187988436,,1.0,-1.0
2025-06-24 18:35:00,2025-06-24 19:30:00,LONG,3317.098,1.753571428571409,3.050000000000182,1.3029999999998836,1.739307535641671,0.7430549898166425,55.0,1.0,1.5
2025-06-24 20:45:00,2025-06-24 22:17:00,LONG,3322.958,1.5495714285713933,2.2399999999997817,1.9729999999999563,1.4455609846039301,1.2732552779570396,75.0,92.0,-1.0
2025-06-24 23:00:00,2025-06-24 23:48:00,LONG,3322.148,1.281428571428543,2.326999999999771,0.6000000000003638,1.8159420289853687,0.46822742474945817,48.0,1.0,1.5
2025-06-25 03:10:00,2025-06-25 03:11:00,LONG,3331.115,1.766000000000044,0.0,1.9799999999995634,0.0,1.1211778029442323,,1.0,-1.0
2025-06-25 23:00:00,2025-06-25 23:12:00,LONG,3334.348,1.77771428571428,2.787000000000262,1.300000000000182,1.5677434908391108,0.7312761170042834,12.0,5.0,1.5
2025-06-26 01:30:00,2025-06-26 01:52:00,SHORT,3330.795,2.59757142857146,1.0599999999999454,2.7029999999999745,0.4080734752240845,1.0405873618214592,16.0,22.0,-1.0
2025-06-26 03:40:00,2025-06-26 04:10:00,LONG,3337.885,1.8342857142857352,0.7399999999997817,1.887000000000171,0.403426791277135,1.0287383177570908,11.0,30.0,-1.0
2025-06-26 10:15:00,2025-06-26 10:51:00,SHORT,3338.925,2.070500000000006,0.9250000000001819,2.1229999999995925,0.4467519922724846,1.0253561941558014,7.0,36.0,-1.0
2025-06-26 10:35:00,2025-06-26 10:53:00,SHORT,3339.748,1.9218571428571067,1.599999999999909,1.9369999999998981,0.8325280606555842,1.007879283431171,2.0,18.0,-1.0
2025-06-26 11:25:00,2025-06-26 11:34:00,SHORT,3338.949,1.6957142857142702,2.7910000000001673,1.150000000000091,1.6459140690818324,0.6781802864364541,9.0,2.0,1.5
2025-06-26 13:55:00,2025-06-26 13:56:00,SHORT,3319.478,6.374785714285703,0.0,6.476999999999862,0.0,1.0160341524084644,,1.0,-1.0
2025-06-26 15:45:00,2025-06-26 16:10:00,SHORT,3322.635,2.769214285714205,1.4600000000000364,3.212999999999738,0.527225360468444,1.1602569062910482,2.0,25.0,-1.0
2025-06-27 05:45:00,2025-06-27 05:46:00,SHORT,3296.785,3.0754285714285743,0.0,3.8700000000003456,0.0,1.258361204013489,,1.0,-1.0
2025-06-27 06:05:00,2025-06-27 06:08:00,SHORT,3292.705,3.75,0.0,4.099999999999909,0.0,1.093333333333309,,3.0,-1.0
2025-06-27 06:25:00,2025-06-27 06:38:00,SHORT,3294.398,3.5116428571428906,5.903000000000247,0.5499999999997272,1.6809795984785851,0.15662184976498802,13.0,7.0,1.5
2025-06-27 09:10:00,2025-06-27 09:11:00,SHORT,3285.285,2.9007142857142623,0.0,3.3400000000001455,0.0,1.1514405318887568,,1.0,-1.0
2025-06-27 09:50:00,2025-06-27 10:08:00,SHORT,3285.185,2.594785714285763,3.2899999999999636,3.869999999999891,1.2679274368926317,1.4914526385332523,7.0,18.0,-1.0
2025-06-27 10:40:00,2025-06-27 10:53:00,SHORT,3284.825,2.731928571428593,5.279999999999745,1.7100000000000364,1.9327006039688304,0.6259314456035852,13.0,1.0,1.5
2025-06-27 11:20:00,2025-06-27 11:51:00,SHORT,3282.835,2.769071428571546,6.7800000000002,2.6900000000000546,2.4484742177624983,0.9714447855134306,31.0,1.0,1.5
2025-06-27 11:30:00,2025-06-27 11:51:00,SHORT,3282.625,2.626928571428672,6.570000000000164,2.019999999999982,2.5010196590259883,0.7689588601571271,21.0,1.0,1.5
2025-06-27 12:30:00,2025-06-27 12:45:00,SHORT,3276.448,4.246214285714229,6.73299999999972,4.099999999999909,1.5856477198176078,0.9655659663229346,15.0,3.0,1.5
2025-06-27 18:30:00,2025-06-27 18:50:00,SHORT,3271.048,2.9459999999999775,0.8029999999998836,3.3070000000002437,0.2725729803122504,1.1225390359810825,14.0,20.0,-1.0
2025-06-29 23:55:00,2025-06-30 00:05:00,SHORT,3263.585,3.23957142857135,0.9400000000000546,3.4299999999998363,0.29016183798564804,1.0587820258411358,4.0,10.0,-1.0
2025-06-30 08:00:00,2025-06-30 08:01:00,LONG,3295.875,2.3760714285714846,0.0,3.3200000000001637,0.0,1.3972643920036434,,1.0,-1.0
2025-06-30 13:20:00,2025-06-30 13:30:00,SHORT,3280.275,3.0531428571428347,1.6700000000000728,3.269999999999982,0.5469773535467245,1.071027512633354,7.0,10.0,-1.0
2025-06-30 13:55:00,2025-06-30 14:00:00,SHORT,3284.558,3.2298571428570995,0.1799999999998363,3.4899999999997817,0.055730019018924805,1.0805431465345128,5.0,5.0,-1.0
2025-06-30 14:55:00,2025-06-30 15:14:00,LONG,3287.548,3.1419285714285445,2.5270000000000437,4.079999999999927,0.8042830836383684,1.2985654852569957,8.0,19.0,-1.0
2025-06-30 15:50:00,2025-06-30 16:14:00,LONG,3289.305,2.5618571428570767,3.9400000000000546,2.0599999999999454,1.537946801985228,0.8041041655049345,24.0,1.0,1.5
2025-06-30 17:55:00,2025-06-30 18:08:00,LONG,3293.965,1.9178571428570714,3.2399999999997817,1.3500000000003638,1.6893854748602843,0.7039106145253555,13.0,6.0,1.5
2025-06-30 22:10:00,2025-06-30 22:11:00,LONG,3304.035,1.7156428571429063,0.0,1.7399999999997817,0.0,1.0141970939671197,,1.0,-1.0
2025-07-01 00:10:00,2025-07-01 00:11:00,LONG,3312.085,1.7177857142857127,0.0,1.9369999999998981,0.0,1.1276144538233857,,1.0,-1.0
2025-07-01 02:40:00,2025-07-01 03:27:00,LONG,3317.798,2.49264285714282,4.050000000000182,2.4429999999997563,1.6247814998424905,0.9800842479295383,47.0,2.0,1.5
2025-07-01 03:15:00,2025-07-01 03:27:00,LONG,3318.045,2.144714285714307,3.8029999999998836,1.0199999999999818,1.77319656297868,0.47558782388595233,12.0,1.0,1.5
2025-07-01 12:40:00,2025-07-01 12:46:00,LONG,3355.705,2.6643571428570403,2.1599999999998545,2.7100000000000364,0.8107021259483426,1.0171309080186046,1.0,6.0,-1.0
2025-07-01 19:20:00,2025-07-01 20:10:00,SHORT,3338.635,1.2400714285714847,1.9370000000003529,0.5199999999999818,1.5620067968437137,0.41933068371634213,50.0,1.0,1.5
2025-07-01 19:35:00,2025-07-01 20:37:00,SHORT,3337.775,1.3127142857143619,1.0770000000002256,1.8399999999996908,0.8204374795952923,1.401675916856795,35.0,62.0,-1.0
2025-07-01 19:50:00,2025-07-01 20:37:00,SHORT,3337.775,1.2905714285714436,1.0770000000002256,1.8399999999996908,0.8345140580032645,1.425725038742272,20.0,47.0,-1.0
2025-07-01 20:00:00,2025-07-01 20:37:00,SHORT,3337.648,1.2705714285714618,0.9500000000002728,1.9669999999996435,0.7476950753318795,1.548122329660124,10.0,37.0,-1.0
2025-07-02 01:20:00,2025-07-02 02:03:00,SHORT,3334.048,2.815642857142783,4.932999999999993,2.050000000000182,1.7519977675740561,0.7280752936402066,43.0,1.0,1.5
2025-07-02 05:25:00,2025-07-02 05:32:00,LONG,3342.648,1.3754999999999395,1.0499999999997272,1.8130000000001019,0.7633587786257894,1.3180661577609463,5.0,7.0,-1.0
2025-07-02 12:35:00,2025-07-02 13:00:00,LONG,3346.525,3.2437857142857474,4.4229999999997744,3.369999999999891,1.3635302666636473,1.0389095633408494,15.0,25.0,-1.0
2025-07-02 13:55:00,2025-07-02 14:58:00,LONG,3337.185,3.889928571428462,6.139999999999873,3.549999999999727,1.5784351530509306,0.912613158522881,63.0,23.0,1.5
2025-07-03 02:15:00,2025-07-03 02:50:00,SHORT,3347.448,2.2804285714285015,1.3829999999998108,2.75,0.606464950197267,1.20591367537434,12.0,35.0,-1.0
2025-07-03 07:20:00,2025-07-03 07:27:00,LONG,3357.635,2.064142857142997,0.4099999999998545,2.2600000000002183,0.1986296629523695,1.0948854592013604,4.0,7.0,-1.0
2025-07-03 07:30:00,2025-07-03 07:40:00,LONG,3358.045,2.281285714285819,1.1199999999998909,2.7970000000000255,0.49095121798477526,1.2260629970567525,6.0,10.0,-1.0
2025-07-03 14:10:00,2025-07-03 14:23:00,SHORT,3331.098,4.416428571428502,7.849999999999909,3.2469999999998436,1.7774543102054094,0.7352094452530896,13.0,1.0,1.5
2025-07-03 19:40:00,2025-07-03 20:11:00,SHORT,3328.698,0.8585714285713623,1.2999999999997272,0.5770000000002256,1.5141430948417294,0.6720465890186175,31.0,1.0,1.5
2025-07-04 02:25:00,2025-07-04 02:36:00,LONG,3331.268,1.8282857142857145,0.98700000000008,1.8730000000000473,0.539849976558881,1.0244569463979003,5.0,11.0,-1.0
2025-07-04 08:30:00,2025-07-04 09:03:00,LONG,3343.345,1.9014285714286285,0.680000000000291,2.069999999999709,0.35762584522929336,1.0886551465062004,2.0,33.0,-1.0
2025-07-04 11:10:00,2025-07-04 11:39:00,SHORT,3335.438,1.87471428571439,0.47299999999995634,2.2100000000000364,0.25230511316006327,1.1788463003885845,11.0,29.0,-1.0
2025-07-04 11:55:00,2025-07-04 11:56:00,SHORT,3334.458,1.5629285714285939,0.0,1.6700000000000728,0.0,1.0685069238152134,,1.0,-1.0
2025-07-04 12:35:00,2025-07-04 12:36:00,SHORT,3333.069,1.7660714285714545,0.0,2.5790000000001783,0.0,1.4603033367038207,,1.0,-1.0
2025-07-04 15:05:00,2025-07-04 16:06:00,SHORT,3331.848,1.4577857142857868,1.31899999999996,1.599999999999909,0.9047969033268911,1.0975550002448728,27.0,61.0,-1.0
2025-07-07 01:00:00,2025-07-07 01:07:00,SHORT,3323.155,2.5747142857142404,5.357000000000426,1.5599999999999454,2.080619208788972,0.6058924707318321,7.0,3.0,1.5
2025-07-07 03:25:00,2025-07-07 04:02:00,SHORT,3312.848,2.6535714285714027,4.253000000000156,0.98700000000008,1.602745625841259,0.371951547779307,37.0,8.0,1.5
2025-07-07 03:50:00,2025-07-07 04:27:00,SHORT,3310.125,2.427142857142826,5.119999999999891,2.0300000000002,2.1094761624484812,0.8363743378458848,37.0,25.0,1.5
2025-07-07 06:30:00,2025-07-07 07:07:00,SHORT,3310.045,2.573500000000032,4.4099999999998545,2.369999999999891,1.7136195842237418,0.9209248105692097,37.0,11.0,1.5
2025-07-07 06:45:00,2025-07-07 07:07:00,SHORT,3309.525,2.520214285714246,3.8899999999998727,2.0,1.5435195419890335,0.7935833120766499,22.0,1.0,1.5
2025-07-07 07:20:00,2025-07-07 07:29:00,SHORT,3309.705,2.7057142857142935,0.8899999999998727,2.742999999999938,0.3289334741287799,1.0137803590284853,4.0,9.0,-1.0
2025-07-07 11:55:00,2025-07-07 12:19:00,SHORT,3301.715,3.403071428571398,1.6200000000003456,3.699999999999818,0.47604055160264974,1.0872531116847788,3.0,24.0,-1.0
2025-07-07 12:25:00,2025-07-07 12:37:00,SHORT,3302.665,3.207999999999921,0.7100000000000364,4.882999999999811,0.22132169576061528,1.5221321695760384,5.0,12.0,-1.0
2025-07-07 13:15:00,2025-07-07 13:38:00,LONG,3309.495,3.5049285714284713,2.769999999999982,3.5599999999999454,0.7903156779229422,1.01571256801648,14.0,23.0,-1.0
2025-07-07 18:25:00,2025-07-07 18:26:00,LONG,3329.998,1.6997857142857487,0.0,1.7000000000002728,0.0,1.0001260663110199,,1.0,-1.0
2025-07-08 00:30:00,2025-07-08 00:48:00,SHORT,3331.998,2.1357142857143248,1.1390000000001237,2.400000000000091,0.5333110367893458,1.1237458193980154,10.0,18.0,-1.0
2025-07-08 13:40:00,2025-07-08 13:48:00,SHORT,3321.349,2.9008571428571486,4.381000000000313,1.9989999999997963,1.5102432778490165,0.6891066679798358,8.0,1.0,1.5
2025-07-08 16:05:00,2025-07-08 16:23:00,SHORT,3297.015,3.2275714285713417,0.6859999999996944,3.8400000000001455,0.21254370822812332,1.189749037312519,11.0,18.0,-1.0
2025-07-08 16:50:00,2025-07-08 16:57:00,SHORT,3296.845,2.3182142857142805,1.0199999999999818,4.2029999999999745,0.439993837621315,1.8130334309043221,5.0,7.0,-1.0
2025-07-08 19:15:00,2025-07-08 19:46:00,SHORT,3303.248,1.9014999999999742,0.25,2.336999999999989,0.13147515119642567,1.2290297133841812,14.0,31.0,-1.0
2025-07-08 23:40:00,2025-07-08 23:41:00,SHORT,3298.005,1.5294285714285902,0.0,2.630000000000109,0.0,1.7195964879507322,,1.0,-1.0
2025-07-09 01:30:00,2025-07-09 01:36:00,LONG,3306.898,2.0387142857141822,0.1499999999996362,2.350000000000364,0.07357578305637354,1.1526872678861595,4.0,6.0,-1.0
2025-07-09 04:35:00,2025-07-09 05:03:00,SHORT,3295.398,1.4464285714285714,2.900000000000091,0.6999999999998181,2.0049382716050013,0.4839506172838249,28.0,13.0,1.5
2025-07-09 04:50:00,2025-07-09 05:03:00,SHORT,3294.775,1.286142857142782,2.2770000000000437,1.143000000000029,1.770409863379011,0.888703765411604,13.0,2.0,1.5
2025-07-09 05:35:00,2025-07-09 05:36:00,SHORT,3290.905,2.103285714285643,0.0,2.4429999999997563,0.0,1.1615159953812995,,1.0,-1.0
2025-07-09 08:05:00,2025-07-09 08:19:00,SHORT,3290.535,2.8452142857142917,4.277000000000044,1.1400000000003274,1.503225968418158,0.4006728089775952,14.0,2.0,1.5
2025-07-09 08:50:00,2025-07-09 08:51:00,SHORT,3285.248,2.9362142857142834,0.0,3.387000000000171,0.0,1.1535261634272127,,1.0,-1.0
2025-07-09 15:40:00,2025-07-09 15:41:00,LONG,3308.905,2.340214285714215,0.0,2.550000000000182,0.0,1.0896438055124265,,1.0,-1.0
2025-07-09 17:45:00,2025-07-09 17:56:00,LONG,3310.748,1.7545714285714828,0.5,2.099999999999909,0.28496987461324635,1.1968734733755828,5.0,11.0,-1.0
2025-07-09 18:05:00,2025-07-09 18:22:00,LONG,3310.098,1.8921428571429064,3.0570000000002437,1.6489999999998872,1.6156285390714344,0.8714986787466146,17.0,1.0,1.5
2025-07-09 19:00:00,2025-07-09 19:01:00,LONG,3314.898,1.8340714285714381,0.0,3.450000000000273,0.0,1.881060871597288,,1.0,-1.0
2025-07-09 20:45:00,2025-07-09 22:02:00,LONG,3313.515,1.2444285714285408,1.8830000000002656,1.1399999999998727,1.5131443003102036,0.9160831133049369,77.0,1.0,1.5
2025-07-09 22:00:00,2025-07-09 22:01:00,LONG,3315.548,1.3510714285713934,0.0,1.8999999999996362,0.0,1.406291303198287,,1.0,-1.0
2025-07-09 23:15:00,2025-07-09 23:41:00,LONG,3318.145,1.4370714285714712,1.2400000000002365,1.6799999999998363,0.8628659476118493,1.1690441870866848,7.0,26.0,-1.0
2025-07-09 23:55:00,2025-07-10 00:07:00,LONG,3317.425,1.3263571428571075,2.1399999999998727,1.0600000000004002,1.6134417577682705,0.7991814314182777,12.0,7.0,1.5
2025-07-10 05:40:00,2025-07-10 05:41:00,LONG,3322.875,1.6745714285713933,0.0,1.9969999999998436,0.0,1.192543934482102,,1.0,-1.0
2025-07-10 10:40:00,2025-07-10 11:15:00,LONG,3326.398,1.9281428571428347,2.9769999999998618,1.4329999999999927,1.5439727346817274,0.7432021930799485,35.0,16.0,1.5
2025-07-10 17:50:00,2025-07-10 18:01:00,SHORT,3316.675,1.3674285714286205,0.2899999999999636,2.480000000000018,0.21207689093185045,1.8136230672795135,7.0,11.0,-1.0
2025-07-10 22:00:00,2025-07-10 22:16:00,LONG,3325.498,1.1080714285714552,0.6999999999998181,1.8029999999998836,0.6317282279376792,1.6271514213883687,12.0,16.0,-1.0
2025-07-10 23:20:00,2025-07-10 23:43:00,LONG,3323.865,1.4457857142857458,2.2600000000002183,0.5899999999996908,1.5631638753027206,0.4080826046141738,23.0,2.0,1.5
2025-07-11 03:40:00,2025-07-11 03:41:00,LONG,3335.085,1.625785714285712,0.0,1.7699999999999818,0.0,1.0887043627257054,,1.0,-1.0
2025-07-11 04:00:00,2025-07-11 04:20:00,LONG,3334.345,1.4248571428571657,0.7100000000000364,1.5599999999999454,0.49829556847806045,1.094846601162968,12.0,20.0,-1.0
2025-07-11 05:15:00,2025-07-11 05:22:00,LONG,3334.265,1.285785714285664,2.5830000000000837,1.25,2.0088883950893055,0.9721682128771004,7.0,2.0,1.5
2025-07-11 08:45:00,2025-07-11 08:50:00,LONG,3339.045,2.235142857142916,0.9029999999997926,2.3470000000002074,0.4040010226254878,1.0500447398696804,4.0,5.0,-1.0
2025-07-11 12:40:00,2025-07-11 12:50:00,LONG,3352.155,2.999642857142914,4.542999999999665,0.6670000000003711,1.5145136325751662,0.22235980473877884,10.0,5.0,1.5
2025-07-11 14:20:00,2025-07-11 14:49:00,LONG,3353.455,4.596857142857094,6.930000000000291,2.519999999999982,1.5075517434272656,0.5482006339735241,29.0,1.0,1.5
2025-07-11 19:10:00,2025-07-11 19:57:00,LONG,3357.445,1.6285714285714417,2.049999999999727,1.7100000000000364,1.2587719298243838,1.0500000000000138,22.0,47.0,-1.0
2025-07-13 23:45:00,2025-07-14 00:00:00,LONG,3368.048,2.4497142857143706,1.5270000000000437,3.562999999999647,0.623337998600416,1.4544553300674519,8.0,15.0,-1.0
2025-07-14 03:15:00,2025-07-14 03:30:00,SHORT,3355.685,2.024785714285794,0.5369999999998072,2.663000000000011,0.26521325007926777,1.3152009030937553,8.0,15.0,-1.0
2025-07-14 04:15:00,2025-07-14 04:25:00,SHORT,3354.125,1.7497857142857356,0.5599999999999454,2.0100000000002183,0.32003918847202273,1.1487120871944612,7.0,10.0,-1.0
2025-07-14 06:20:00,2025-07-14 06:39:00,SHORT,3358.895,2.2037857142857837,1.0599999999999454,2.3600000000001273,0.48099050335457716,1.0708845169027563,5.0,19.0,-1.0
2025-07-14 09:15:00,2025-07-14 09:30:00,LONG,3368.055,1.9542857142857233,0.7899999999999636,3.0099999999997635,0.40423976608185086,1.540204678362445,7.0,15.0,-1.0
2025-07-14 13:50:00,2025-07-14 14:02:00,SHORT,3356.835,3.2754285714285225,4.949999999999818,1.9200000000000728,1.5112526168876153,0.5861828332170582,12.0,3.0,1.5
2025-07-14 14:10:00,2025-07-14 14:22:00,SHORT,3351.555,3.088999999999974,5.449999999999818,2.3400000000001455,1.764325024279658,0.7575267076724393,12.0,2.0,1.5
2025-07-14 15:15:00,2025-07-14 17:22:00,SHORT,3346.075,3.5452142857142723,3.169999999999618,3.6200000000003456,0.894163157576508,1.0210948360970529,50.0,127.0,-1.0
2025-07-14 16:40:00,2025-07-14 17:26:00,SHORT,3348.095,1.973071428571432,2.1399999999998727,1.9900000000002365,1.0846034102015771,1.008579806682955,10.0,46.0,-1.0
2025-07-14 17:10:00,2025-07-14 17:22:00,SHORT,3348.065,1.5975714285714275,0.8400000000001455,1.6300000000001091,0.5257980863812056,1.0202986676205643,3.0,12.0,-1.0
2025-07-15 06:05:00,2025-07-15 06:06:00,LONG,3361.985,1.7171428571427896,0.0,2.537000000000262,0.0,1.4774542429286632,,1.0,-1.0
2025-07-15 08:50:00,2025-07-15 08:58:00,LONG,3363.248,2.280714285714339,0.5,3.099999999999909,0.21922956467271645,1.3592233009708021,4.0,8.0,-1.0
2025-07-15 13:05:00,2025-07-15 13:26:00,SHORT,3348.355,4.33428571428567,9.115999999999985,3.119999999999891,2.1032300593276383,0.7198417930125068,21.0,1.0,1.5
2025-07-15 14:00:00,2025-07-15 14:11:00,SHORT,3343.135,4.305857142857154,0.8760000000002037,4.349999999999909,0.20344381407389966,1.010251816462602,5.0,11.0,-1.0
2025-07-15 17:20:00,2025-07-15 17:42:00,SHORT,3330.198,1.9132142857143728,3.132999999999811,0.9110000000000582,1.637558334888757,0.47616203098750176,22.0,1.0,1.5
2025-07-15 17:45:00,2025-07-15 18:03:00,SHORT,3327.229,1.699785714285781,1.5539999999996326,1.8200000000001637,0.914232886498046,1.0707232004034664,8.0,18.0,-1.0
2025-07-15 18:50:00,2025-07-15 19:08:00,SHORT,3329.669,1.5237142857141797,2.3040000000000873,1.3290000000001783,1.5120945059067816,0.872210763172876,18.0,2.0,1.5
2025-07-16 01:50:00,2025-07-16 02:02:00,LONG,3332.055,2.180500000000003,0.36000000000012733,2.2199999999998,0.16509974776433242,1.0181151112129314,4.0,12.0,-1.0
2025-07-16 02:40:00,2025-07-16 02:54:00,SHORT,3328.035,1.695999999999945,2.9699999999998,0.7300000000000182,1.7511792452829575,0.43042452830191147,14.0,1.0,1.5
2025-07-16 05:50:00,2025-07-16 05:51:00,LONG,3338.515,1.3059285714286293,0.0,1.6599999999998545,0.0,1.2711261827925906,,1.0,-1.0
2025-07-16 06:00:00,2025-07-16 06:01:00,LONG,3339.175,1.3550000000000506,0.0,1.4700000000002547,0.0,1.0848708487086345,,1.0,-1.0
2025-07-16 09:20:00,2025-07-16 09:27:00,LONG,3340.775,1.2490714285714017,0.650000000000091,1.4400000000000546,0.5203865728827969,1.1528564076171555,5.0,7.0,-1.0
2025-07-16 10:55:00,2025-07-16 10:56:00,SHORT,3334.695,1.496214285714294,0.0,2.6529999999997926,0.0,1.7731417386736474,,1.0,-1.0
2025-07-16 12:25:00,2025-07-16 12:30:00,SHORT,3333.738,2.2182142857141764,0.8429999999998472,3.5100000000002183,0.38003542102715965,1.582353888262936,3.0,5.0,-1.0
2025-07-16 17:35:00,2025-07-16 18:56:00,LONG,3354.298,2.986928571428507,2.8770000000004075,3.899999999999636,0.9631967859962832,1.3056890738215579,33.0,81.0,-1.0
2025-07-17 06:00:00,2025-07-17 06:13:00,SHORT,3337.255,1.6928571428570973,5.760000000000218,1.5199999999999818,3.402531645569841,0.8978902953586632,13.0,1.0,1.5
2025-07-17 09:25:00,2025-07-17 09:48:00,SHORT,3329.855,1.7643571428571445,2.6900000000000546,1.5700000000001637,1.5246346301769453,0.8898425164973998,23.0,1.0,1.5
2025-07-17 17:45:00,2025-07-17 17:46:00,LONG,3337.948,1.4975000000001077,0.0,1.5,0.0,1.0016694490817308,,1.0,-1.0
2025-07-17 18:20:00,2025-07-17 18:21:00,LONG,3336.979,1.3514285714286416,0.0,1.5,0.0,1.1099365750527965,,1.0,-1.0
2025-07-17 18:30:00,2025-07-17 19:06:00,LONG,3337.529,1.3156428571429128,2.369000000000142,0.5900000000001455,1.8006406428145167,0.44844997013962146,36.0,1.0,1.5
2025-07-17 18:55:00,2025-07-17 19:18:00,LONG,3338.329,1.0872857142856966,1.6759999999999309,0.3400000000001455,1.541453159900106,0.31270529496794863,23.0,1.0,1.5
2025-07-17 22:25:00,2025-07-17 22:36:00,LONG,3339.195,1.1970714285714297,2.5529999999998836,0.7200000000002547,2.132704815323011,0.60146786801143,11.0,5.0,1.5
2025-07-18 01:15:00,2025-07-18 01:31:00,SHORT,3337.698,1.63121428571435,2.4699999999998,1.336999999999989,1.5142093970309514,0.8196348031702548,16.0,1.0,1.5
2025-07-18 17:00:00,2025-07-18 19:31:00,SHORT,3352.515,1.971214285714333,3.0099999999997635,1.0399999999999636,1.5269775700255708,0.5275935790121803,151.0,6.0,1.5
2025-07-18 18:05:00,2025-07-18 18:06:00,SHORT,3350.995,1.2494999999999306,0.0,1.4900000000002365,0.0,1.192476990796574,,1.0,-1.0
2025-07-20 22:15:00,2025-07-20 22:16:00,SHORT,3345.198,1.5140714285713395,0.0,1.9500000000002728,0.0,1.2879181016184096,,1.0,-1.0
2025-07-21 08:45:00,2025-07-21 09:09:00,LONG,3366.035,1.5785000000000113,0.20000000000027285,1.9369999999998981,0.1267025657271279,1.2271143490654952,5.0,24.0,-1.0
2025-07-21 13:35:00,2025-07-21 13:36:00,LONG,3388.225,2.7362857142857786,0.0,3.75,0.0,1.3704709199122576,,1.0,-1.0
2025-07-21 16:30:00,2025-07-21 16:39:00,LONG,3398.225,2.040071428571374,0.4230000000002292,2.380000000000109,0.20734568117374624,1.1666258184238092,6.0,9.0,-1.0
2025-07-21 18:15:00,2025-07-21 18:39:00,LONG,3394.655,1.2006428571429686,0.38999999999987267,1.3070000000002437,0.32482598607875013,1.088583496936267,20.0,24.0,-1.0
2025-07-21 20:35:00,2025-07-21 20:52:00,LONG,3397.748,1.0487142857142382,0.5,1.2229999999999563,0.4767742814330689,1.1661898923852447,7.0,17.0,-1.0
2025-07-21 22:10:00,2025-07-21 22:38:00,LONG,3399.185,1.0052857142856542,1.6100000000001273,0.9299999999998363,1.6015347449199326,0.9251101321584828,28.0,1.0,1.5
2025-07-21 23:45:00,2025-07-22 00:00:00,LONG,3395.615,1.825499999999985,1.6200000000003456,2.0799999999999272,0.8874281018900898,1.1394138592166225,3.0,15.0,-1.0
2025-07-22 00:35:00,2025-07-22 01:12:00,SHORT,3394.435,2.9806428571428762,4.739999999999782,2.380000000000109,1.5902609695894108,0.7984854657432796,37.0,9.0,1.5
2025-07-22 04:25:00,2025-07-22 04:58:00,SHORT,3389.598,1.495071428571464,1.800000000000182,1.7669999999998254,1.2039558549520784,1.1818833309443872,26.0,33.0,-1.0
2025-07-22 05:50:00,2025-07-22 06:05:00,SHORT,3385.105,1.79014285714272,0.7899999999999636,1.9400000000000546,0.44130556220574324,1.083712393264817,12.0,15.0,-1.0
2025-07-22 07:20:00,2025-07-22 07:36:00,SHORT,3384.295,1.395071428571425,1.180000000000291,1.6700000000000728,0.8458348266859924,1.1970713225129834,11.0,16.0,-1.0
2025-07-23 04:30:00,2025-07-23 05:40:00,SHORT,3422.715,1.8562857142857345,3.380000000000109,1.3699999999998909,1.8208403878713642,0.738032938279139,70.0,3.0,1.5
2025-07-23 14:10:00,2025-07-23 15:04:00,SHORT,3416.475,4.093500000000014,6.339999999999691,1.9700000000002547,1.5487968730914057,0.48125076340545936,54.0,1.0,1.5
2025-07-23 15:15:00,2025-07-23 15:50:00,SHORT,3412.705,3.064285714285753,4.599999999999909,2.9400000000000546,1.5011655011654526,0.959440559440565,35.0,1.0,1.5
2025-07-23 18:25:00,2025-07-23 19:31:00,SHORT,3394.065,2.2670714285713984,3.5,1.699999999999818,1.5438419609943808,0.7498660953400476,66.0,11.0,1.5
2025-07-23 18:50:00,2025-07-23 19:00:00,SHORT,3392.985,1.9206428571428984,0.2300000000000182,2.1299999999996544,0.11975157127450577,1.109003681802764,5.0,10.0,-1.0
2025-07-23 22:15:00,2025-07-23 22:17:00,SHORT,3388.695,1.695642857142827,0.0,2.4529999999999745,0.0,1.446648974261774,,2.0,-1.0
2025-07-24 04:05:00,2025-07-24 05:12:00,SHORT,3383.085,2.684071428571412,4.320000000000164,1.4400000000000546,1.6094951699178397,0.5364983899726132,67.0,19.0,1.5
2025-07-24 04:40:00,2025-07-24 05:04:00,SHORT,3382.995,1.6223571428570918,2.507000000000062,0.5399999999999636,1.5452824373707557,0.3328490291903196,24.0,2.0,1.5
2025-07-24 07:05:00,2025-07-24 07:06:00,SHORT,3373.315,3.08735714285714,0.0,3.299999999999727,0.0,1.0688753672812212,,1.0,-1.0
2025-07-24 07:45:00,2025-07-24 07:46:00,SHORT,3371.615,2.859999999999965,0.0,4.850000000000364,0.0,1.695804195804344,,1.0,-1.0
2025-07-24 10:30:00,2025-07-24 10:44:00,SHORT,3363.245,1.705928571428623,0.849999999999909,1.7699999999999818,0.49826236234972016,1.0375580957165764,3.0,14.0,-1.0
2025-07-24 10:50:00,2025-07-24 10:51:00,SHORT,3364.148,1.7673571428572035,0.0,2.356999999999971,0.0,1.333629713454248,,1.0,-1.0
2025-07-24 12:10:00,2025-07-24 12:26:00,SHORT,3361.495,2.161857142857116,0.599999999999909,2.9100000000003092,0.27753915284473774,1.346064891297325,11.0,16.0,-1.0
2025-07-24 16:20:00,2025-07-24 16:28:00,LONG,3372.275,1.8729285714286041,0.5399999999999636,2.8200000000001637,0.2883185233209778,1.505663399565295,4.0,8.0,-1.0
2025-07-24 22:05:00,2025-07-24 22:06:00,SHORT,3367.215,1.197642857142942,0.0,1.6799999999998363,0.0,1.402755412417012,,1.0,-1.0
2025-07-25 05:05:00,2025-07-25 05:37:00,SHORT,3360.385,1.6728571428571481,3.830000000000382,0.862999999999829,2.2894961571308787,0.5158838599486579,32.0,1.0,1.5
2025-07-25 05:20:00,2025-07-25 05:42:00,SHORT,3358.815,1.5197857142857498,2.550000000000182,0.7829999999999018,1.6778681205057908,0.515204211119912,22.0,1.0,1.5
2025-07-25 06:05:00,2025-07-25 06:06:00,SHORT,3355.755,1.798142857142953,0.0,3.643000000000029,0.0,2.02597918487319,,1.0,-1.0
2025-07-25 10:05:00,2025-07-25 10:30:00,SHORT,3345.595,1.8107142857143441,3.049999999999727,1.6900000000000546,1.6844181459564025,0.9333333333333333,25.0,1.0,1.5
2025-07-25 13:10:00,2025-07-25 13:26:00,SHORT,3338.745,3.0401428571428823,2.1469999999999345,3.9900000000002365,0.7062168131196568,1.3124383252667366,8.0,16.0,-1.0
2025-07-25 19:50:00,2025-07-25 19:51:00,LONG,3338.665,0.9606428571429271,0.0,1.6799999999998363,0.0,1.748828909212283,,1.0,-1.0
2025-07-25 20:05:00,2025-07-25 20:18:00,LONG,3337.645,1.0939285714286078,0.5399999999999636,1.1799999999998363,0.4936336924583245,1.0786810316681135,3.0,13.0,-1.0
2025-07-28 01:10:00,2025-07-28 01:12:00,SHORT,3334.865,2.758071428571384,0.0,3.2600000000002183,0.0,1.181985341724388,,2.0,-1.0
2025-07-28 05:45:00,2025-07-28 05:46:00,LONG,3342.545,1.5106428571428816,0.0,3.119999999999891,0.0,2.0653458792376833,,1.0,-1.0
2025-07-28 07:15:00,2025-07-28 07:31:00,LONG,3340.615,1.9368571428570769,1.180000000000291,2.2799999999997453,0.6092344003542055,1.1771647735653312,10.0,16.0,-1.0
2025-07-28 08:35:00,2025-07-28 08:42:00,SHORT,3335.535,2.2950000000000403,3.4699999999998,0.75,1.5119825708059864,0.32679738562090926,7.0,1.0,1.5
2025-07-28 16:15:00,2025-07-28 16:27:00,SHORT,3312.215,2.1170714285714047,0.4170000000003711,2.132999999999811,0.19697020817184321,1.0075238705758522,9.0,12.0,-1.0
2025-07-28 17:00:00,2025-07-28 17:20:00,SHORT,3310.475,1.6990000000000367,1.8699999999998909,1.7699999999999818,1.1006474396703063,1.0417892878163293,8.0,20.0,-1.0
2025-07-28 17:25:00,2025-07-28 17:26:00,SHORT,3310.309,1.8242857142857116,0.0,2.755999999999858,0.0,1.510728269381287,,1.0,-1.0
2025-07-28 17:35:00,2025-07-28 18:03:00,SHORT,3309.425,1.7959285714285735,0.08000000000038199,2.1399999999998727,0.04454520144793169,1.1915841387264121,3.0,28.0,-1.0
2025-07-28 19:10:00,2025-07-28 19:18:00,SHORT,3314.985,1.1987857142858047,2.187000000000353,1.1399999999998727,1.8243460644701561,0.9509622832626475,8.0,1.0,1.5
2025-07-29 07:15:00,2025-07-29 08:02:00,LONG,3314.255,2.811714285714191,5.9699999999998,2.2100000000000364,2.123259831317956,0.7859973579921135,47.0,1.0,1.5
2025-07-29 09:50:00,2025-07-29 09:58:00,LONG,3326.505,2.3480714285714646,1.569999999999709,2.6700000000000728,0.6686338332368689,1.1371033979253626,4.0,8.0,-1.0
2025-07-29 13:45:00,2025-07-29 14:16:00,SHORT,3315.808,3.569428571428521,4.132999999999811,4.139999999999873,1.157888417513771,1.1598495157287887,20.0,31.0,-1.0
2025-07-29 23:00:00,2025-07-29 23:17:00,LONG,3328.048,1.1825714285714963,0.0,1.3999999999996362,0.0,1.1838608359503373,,17.0,-1.0
2025-07-30 06:10:00,2025-07-30 06:45:00,SHORT,3323.725,2.0823571428571603,0.9270000000001346,2.1600000000003092,0.445168593283771,1.0372860426029593,26.0,35.0,-1.0
2025-07-30 07:50:00,2025-07-30 07:59:00,LONG,3329.948,2.290571428571476,0.09999999999990905,2.712999999999738,0.04365722838963134,1.1844206062116611,5.0,9.0,-1.0
2025-07-30 23:05:00,2025-07-30 23:31:00,SHORT,3278.448,1.8863571428571504,0.5599999999999454,2.157000000000153,0.2968684918020071,1.1434738157447089,7.0,26.0,-1.0
2025-07-31 02:50:00,2025-07-31 02:51:00,LONG,3294.805,2.218071428571388,0.0,3.299999999999727,0.0,1.4877789585546333,,1.0,-1.0
2025-07-31 04:05:00,2025-07-31 04:54:00,LONG,3294.798,1.9292857142857298,3.2170000000000982,1.3129999999996471,1.6674564975935213,0.6805627545351689,49.0,10.0,1.5
2025-07-31 04:15:00,2025-07-31 04:54:00,LONG,3294.875,1.8630714285714345,3.1399999999998727,1.0700000000001637,1.6853889506574427,0.5743204385999403,39.0,15.0,1.5
2025-07-31 04:30:00,2025-07-31 04:31:00,LONG,3296.375,1.689071428571489,0.0,2.1100000000001273,0.0,1.2492070875798507,,1.0,-1.0
2025-07-31 05:20:00,2025-07-31 05:32:00,LONG,3296.298,1.4231428571428555,0.19700000000011642,1.4429999999997563,0.13842601887179448,1.01395302148146,2.0,12.0,-1.0
2025-07-31 05:40:00,2025-07-31 05:52:00,LONG,3295.845,1.3817142857142244,2.400000000000091,1.2799999999997453,1.7369727047147832,0.9263854425143316,12.0,5.0,1.5
2025-07-31 07:15:00,2025-07-31 07:45:00,LONG,3300.765,2.356000000000027,8.110000000000127,1.5899999999996908,3.4422750424448365,0.6748726655346657,30.0,21.0,1.5
2025-07-31 07:35:00,2025-07-31 07:45:00,LONG,3301.648,2.521714285714292,7.226999999999862,2.4729999999999563,2.8659075458870897,0.980682075685455,10.0,1.0,1.5
2025-07-31 09:45:00,2025-07-31 10:06:00,LONG,3308.305,2.511357142857183,0.830000000000382,2.5399999999999636,0.3304985921102751,1.0114053300719283,4.0,21.0,-1.0
2025-07-31 11:25:00,2025-07-31 11:30:00,SHORT,3301.945,2.483357142857195,0.8200000000001637,2.7029999999999745,0.33019817643173266,1.0884459401155937,3.0,5.0,-1.0
2025-07-31 15:20:00,2025-07-31 16:05:00,SHORT,3296.025,3.5677142857143087,5.566000000000258,2.1399999999998727,1.5601025066069334,0.5998238167694007,45.0,1.0,1.5
2025-07-31 23:45:00,2025-08-01 00:00:00,SHORT,3290.298,1.6392142857142906,2.9699999999998,0.900000000000091,1.8118436533181,0.5490435313086076,15.0,2.0,1.5
2025-08-01 04:00:00,2025-08-01 04:11:00,LONG,3292.225,1.808785714285737,1.5100000000002183,2.049999999999727,0.8348142005292734,1.1333570272083016,6.0,11.0,-1.0
2025-08-01 04:25:00,2025-08-01 04:33:00,LONG,3292.555,1.6340714285714253,2.5300000000002,0.806999999999789,1.5482799318093663,0.4938584604623451,8.0,3.0,1.5
2025-08-01 08:30:00,2025-08-01 08:38:00,SHORT,3286.665,2.190214285714319,0.15999999999985448,2.4830000000001746,0.07305221276450213,1.1336790268402281,4.0,8.0,-1.0
2025-08-01 14:40:00,2025-08-01 19:30:00,LONG,3344.665,5.640285714285743,9.532999999999902,4.367000000000189,1.6901626057443637,0.77425155767188,290.0,110.0,1.5
2025-08-01 15:05:00,2025-08-01 16:17:00,LONG,3348.848,5.15885714285722,2.199999999999818,6.048999999999978,0.42645104120509797,1.1725465219317461,29.0,72.0,-1.0
2025-08-01 16:30:00,2025-08-01 16:56:00,LONG,3342.498,2.7449285714285128,5.757000000000062,1.969000000000051,2.0973223346952197,0.7173228551354784,26.0,9.0,1.5
2025-08-01 16:40:00,2025-08-01 16:56:00,LONG,3342.398,2.7372857142857225,5.856999999999971,1.5889999999999418,2.1397108710401165,0.580502061479023,16.0,8.0,1.5
2025-08-01 19:00:00,2025-08-01 19:27:00,LONG,3347.748,1.7553571428571624,2.900000000000091,0.20000000000027285,1.6520854526958626,0.11393692777228032,27.0,2.0,1.5
2025-08-03 22:20:00,2025-08-03 22:30:00,LONG,3361.095,2.046428571428513,0.3200000000001637,3.2599999999997635,0.15636998254807746,1.5930191972076087,2.0,10.0,-1.0
2025-08-03 23:45:00,2025-08-03 23:46:00,LONG,3360.048,1.7093571428570808,0.0,1.75,0.0,1.023776691320918,,1.0,-1.0
2025-08-04 02:10:00,2025-08-04 02:20:00,SHORT,3350.865,2.216428571428586,0.1299999999996544,2.6829999999999927,0.0586529165322317,1.2105059619722738,4.0,10.0,-1.0
2025-08-04 12:55:00,2025-08-04 13:03:00,LONG,3367.615,2.7675714285714355,4.483000000000175,1.7399999999997817,1.6198317245651754,0.6287100603932505,8.0,1.0,1.5
2025-08-04 14:55:00,2025-08-04 15:32:00,LONG,3373.759,3.071214285714307,1.6059999999997672,3.19399999999996,0.5229202037350649,1.0399795334558022,2.0,37.0,-1.0
2025-08-04 16:00:00,2025-08-04 16:31:00,LONG,3375.009,2.403999999999899,2.9890000000000327,2.574000000000069,1.2433444259568045,1.0707154742097242,13.0,31.0,-1.0
2025-08-04 19:25:00,2025-08-04 19:46:00,LONG,3376.468,0.9744285714285914,0.5199999999999818,1.51299999999992,0.5336460929482184,1.5527048819820002,13.0,21.0,-1.0
2025-08-05 00:00:00,2025-08-05 00:01:00,LONG,3378.598,1.3922857142856628,0.0,1.663000000000011,0.0,1.1944387441001956,,1.0,-1.0
2025-08-05 00:20:00,2025-08-05 00:42:00,LONG,3377.308,1.4159285714285619,2.606999999999971,0.9329999999999927,1.8411945719618543,0.6589315441658672,22.0,7.0,1.5
2025-08-05 01:25:00,2025-08-05 01:26:00,LONG,3379.748,1.7262857142856904,0.0,2.143000000000029,0.0,1.24139357828537,,1.0,-1.0
2025-08-05 02:30:00,2025-08-05 02:31:00,LONG,3376.765,1.8832857142857458,0.0,2.4699999999998,0.0,1.3115375862852394,,1.0,-1.0
2025-08-05 17:30:00,2025-08-05 18:19:00,LONG,3380.798,2.195071428571477,1.8570000000004256,2.5229999999996835,0.8459861377763622,1.1493931209526143,12.0,49.0,-1.0
2025-08-06 03:25:00,2025-08-06 03:33:00,SHORT,3376.665,1.4242142857143076,2.1900000000000546,1.2899999999999636,1.5376899543608151,0.9057625758563225,8.0,1.0,1.5
2025-08-06 04:40:00,2025-08-06 04:41:00,SHORT,3374.598,1.149214285714249,0.0,1.199999999999818,0.0,1.044191683758965,,1.0,-1.0
2025-08-06 07:00:00,2025-08-06 07:21:00,SHORT,3373.635,1.8573571428571216,3.8700000000003456,0.6399999999998727,2.0836057377996946,0.34457562588925583,21.0,4.0,1.5
2025-08-06 11:45:00,2025-08-06 12:11:00,SHORT,3364.905,1.8042857142857625,3.0700000000001637,0.7999999999997272,1.7015043547110509,0.4433887569277863,26.0,13.0,1.5
2025-08-06 12:00:00,2025-08-06 12:14:00,SHORT,3363.325,1.6640714285714304,2.919999999999618,1.1100000000001273,1.7547323689743146,0.6670386745075231,14.0,1.0,1.5
2025-08-06 12:30:00,2025-08-06 12:36:00,SHORT,3363.315,1.859785714285668,2.8400000000001455,1.1599999999998545,1.5270576487307688,0.6237277720166827,6.0,3.0,1.5
2025-08-06 14:00:00,2025-08-06 14:09:00,LONG,3373.395,3.052642857142863,0.25300000000015643,3.150000000000091,0.0828790041416614,1.0318927393125672,4.0,9.0,-1.0
2025-08-06 16:20:00,2025-08-06 17:18:00,LONG,3375.658,2.6073571428571216,1.8299999999999272,3.01299999999992,0.701860121085916,1.1555762540064987,43.0,58.0,-1.0
2025-08-06 16:55:00,2025-08-06 17:16:00,LONG,3375.895,2.037571428571482,1.5929999999998472,2.119999999999891,0.7818130828015591,1.0404543223724916,8.0,21.0,-1.0
2025-08-07 00:00:00,2025-08-07 00:13:00,SHORT,3367.048,1.9221428571427819,2.1529999999997926,2.657000000000153,1.1201040505387692,1.3823114083984986,4.0,13.0,-1.0
2025-08-07 01:05:00,2025-08-07 01:15:00,LONG,3373.695,2.4893571428571186,3.849999999999909,1.650000000000091,1.5465840291526571,0.6628217267797624,10.0,1.0,1.5
2025-08-07 04:15:00,2025-08-07 04:29:00,LONG,3378.835,1.5933571428571602,1.5900000000001455,1.7770000000000437,0.9978930380598823,1.1152553010265989,5.0,14.0,-1.0
2025-08-07 04:50:00,2025-08-07 04:57:00,LONG,3378.535,1.5195714285714206,0.900000000000091,2.0099999999997635,0.5922722572154433,1.322741374447534,5.0,7.0,-1.0
2025-08-07 09:50:00,2025-08-07 10:52:00,SHORT,3377.455,3.032642857142816,5.599999999999909,1.2200000000002547,1.846574180936001,0.40228937513257645,62.0,1.0,1.5
2025-08-07 10:25:00,2025-08-07 10:26:00,SHORT,3374.435,2.729285714285652,0.0,2.9900000000002365,0.0,1.095524731745728,,1.0,-1.0
2025-08-07 14:50:00,2025-08-07 19:33:00,LONG,3387.925,6.1463571428570765,9.502999999999702,3.9160000000001673,1.5461190716916786,0.6371253588072253,283.0,37.0,1.5
2025-08-07 15:45:00,2025-08-07 16:01:00,LONG,3387.898,2.4361428571429378,4.306999999999789,1.5230000000001382,1.7679587169411555,0.6251685920366279,16.0,1.0,1.5
2025-08-07 19:25:00,2025-08-07 19:30:00,LONG,3389.669,1.5501428571428408,3.5260000000002947,0.7239999999997053,2.2746290664457027,0.4670537277668409,5.0,1.0,1.5
2025-08-08 00:05:00,2025-08-08 00:15:00,LONG,3401.41,4.219285714285694,0.9190000000003238,4.221000000000004,0.21780937870331124,1.0004062976130073,5.0,10.0,-1.0
2025-08-08 02:25:00,2025-08-08 03:07:00,SHORT,3386.549,3.0069999999999646,4.65099999999984,2.980000000000018,1.5467243099434302,0.991020951114085,42.0,22.0,1.5
2025-08-08 17:05:00,2025-08-08 17:59:00,LONG,3397.449,2.3192857142857326,1.8260000000000218,22.84999999999991,0.7873113643363137,9.852171234986024,25.0,54.0,-1.0
2025-08-08 17:25:00,2025-08-08 17:26:00,LONG,3398.265,2.325285714285688,0.0,2.7799999999997453,0.0,1.1955520058977966,,1.0,-1.0
2025-08-08 20:20:00,2025-08-08 20:35:00,LONG,3395.135,3.1822857142857566,2.412999999999556,4.25,0.7582600107737776,1.3355180463278689,12.0,15.0,-1.0
2025-08-08 20:55:00,2025-08-10 22:00:00,LONG,3398.579,2.7828571428571456,5.868999999999687,2.381000000000313,2.1089835728951627,0.8555954825463128,2945.0,1.0,1.5
2025-08-10 23:35:00,2025-08-10 23:56:00,SHORT,3393.648,1.922499999999965,3.150000000000091,0.806999999999789,1.6384915474643165,0.41976592977883154,21.0,1.0,1.5
2025-08-11 03:40:00,2025-08-11 03:54:00,SHORT,3374.739,1.9661428571428132,0.8299999999999272,3.25,0.42214633437474536,1.6529826346000513,3.0,14.0,-1.0
2025-08-11 05:00:00,2025-08-11 05:12:00,SHORT,3374.495,1.6675714285713639,0.6799999999998363,3.019999999999982,0.4077786344554989,1.8110168765527879,8.0,12.0,-1.0
2025-08-11 05:35:00,2025-08-11 05:47:00,SHORT,3375.999,2.0874285714285827,1.3039999999996326,2.1159999999999854,0.6246920339445236,1.0136873802354105,6.0,12.0,-1.0
2025-08-11 08:45:00,2025-08-11 09:08:00,SHORT,3362.025,3.199071428571447,4.920000000000073,2.2229999999999563,1.5379462790542036,0.6948891419384913,23.0,3.0,1.5
2025-08-11 08:55:00,2025-08-11 09:08:00,SHORT,3361.635,2.818285714285724,4.5300000000002,1.6399999999998727,1.6073600973236666,0.5819140308190932,13.0,2.0,1.5
2025-08-11 12:10:00,2025-08-11 12:11:00,SHORT,3353.515,2.9543571428571016,0.34600000000000364,3.180000000000291,0.11711515679021586,1.0763762965113197,1.0,1.0,-1.0
2025-08-11 15:50:00,2025-08-11 16:06:00,SHORT,3349.025,2.3787857142856734,3.619999999999891,1.069999999999709,1.5217848241899932,0.4498093264869886,16.0,11.0,1.5
2025-08-11 19:35:00,2025-08-11 19:55:00,LONG,3353.465,1.4591428571428489,0.6499999999996362,2.050000000000182,0.44546700606985307,1.4049344037596783,11.0,20.0,-1.0
2025-08-12 03:00:00,2025-08-12 03:21:00,LONG,3353.798,1.9347857142857134,1.3570000000004256,3.1399999999998727,0.7013696607230763,1.622918743308533,9.0,21.0,-1.0
2025-08-12 05:20:00,2025-08-12 05:31:00,LONG,3354.375,1.678071428571489,0.3000000000001819,1.8670000000001892,0.17877665687661837,1.112586727961593,3.0,11.0,-1.0
2025-08-12 14:10:00,2025-08-12 15:10:00,SHORT,3335.735,6.445714285714238,4.836999999999989,6.5099999999997635,0.750421099290784,1.00997340425529,9.0,60.0,-1.0
2025-08-12 16:20:00,2025-08-12 22:17:00,LONG,3347.505,3.8858571428570485,6.059999999999945,2.099999999999909,1.5595014889158725,0.5404213080401353,357.0,168.0,1.5
2025-08-12 19:00:00,2025-08-12 19:06:00,LONG,3348.898,1.2497857142857032,0.1999999999998181,1.3330000000000837,0.16002743327413146,1.0665828427731232,4.0,6.0,-1.0
2025-08-12 23:10:00,2025-08-12 23:46:00,LONG,3351.075,1.2344999999999604,0.7899999999999636,1.569999999999709,0.639935196435795,1.271769947346909,17.0,36.0,-1.0
2025-08-13 03:20:00,2025-08-13 03:31:00,LONG,3351.715,2.1456428571427426,1.043999999999869,2.2760000000002947,0.48656746229897624,1.06075435267505,6.0,11.0,-1.0
2025-08-13 17:05:00,2025-08-13 17:15:00,SHORT,3357.309,1.453285714285682,0.330000000000382,1.4599999999995816,0.22707166027747225,1.0046200727413053,2.0,10.0,-1.0
2025-08-13 22:15:00,2025-08-13 23:00:00,LONG,3357.395,0.9706428571428205,1.4900000000002365,0.8699999999998909,1.5350651262053203,0.8963131944954693,45.0,15.0,1.5
2025-08-14 04:30:00,2025-08-14 04:31:00,SHORT,3358.865,1.6242142857142556,0.0,2.4900000000002365,0.0,1.5330489467436543,,1.0,-1.0
2025-08-14 04:55:00,2025-08-14 05:30:00,SHORT,3360.235,1.4416428571428241,2.5900000000001455,1.4200000000000728,1.796561462617196,0.9849873656047898,35.0,22.0,1.5
2025-08-14 05:20:00,2025-08-14 05:21:00,SHORT,3358.795,1.4695000000000553,0.0,2.0900000000001455,0.0,1.4222524668254963,,1.0,-1.0
2025-08-14 06:35:00,2025-08-14 06:54:00,SHORT,3358.545,1.9482857142857353,1.430000000000291,1.9600000000000364,0.7339785892360998,1.0060126118199229,8.0,19.0,-1.0
2025-08-15 04:55:00,2025-08-15 05:02:00,LONG,3345.265,1.1942857142857,1.8299999999999272,1.0499999999997272,1.5322966507176607,0.8791866028705955,7.0,2.0,1.5
2025-08-15 09:05:00,2025-08-15 09:17:00,SHORT,3339.055,2.4216428571428423,0.7300000000000182,2.4600000000000364,0.30144824941746506,1.0158393062561049,4.0,12.0,-1.0
2025-08-15 10:20:00,2025-08-15 10:57:00,SHORT,3339.798,2.111642857142897,3.7929999999996653,0.5770000000002256,1.7962317762065525,0.27324696411064525,37.0,3.0,1.5
2025-08-15 12:25:00,2025-08-15 12:34:00,SHORT,3336.378,2.036642857142884,3.0300000000002,3.1669999999999163,1.4877424332761282,1.5550099954406147,7.0,9.0,-1.0
2025-08-15 20:40:00,2025-08-17 22:00:00,SHORT,3336.098,0.9793571428570951,1.4529999999999745,2.75,1.483626285464272,2.807964408139587,19.0,2960.0,-1.0
2025-08-18 07:40:00,2025-08-18 07:52:00,LONG,3350.349,2.0567142857143415,0.75,2.331000000000131,0.3646593040216613,1.133361116899387,1.0,12.0,-1.0
2025-08-18 11:30:00,2025-08-18 11:55:00,SHORT,3347.345,1.2861428571428146,2.4969999999998436,1.0900000000001455,1.9414639564589007,0.8474952793514685,25.0,8.0,1.5
2025-08-18 11:40:00,2025-08-18 11:56:00,SHORT,3346.725,1.3004285714285484,2.319999999999709,0.9230000000002292,1.7840272437655993,0.709766011205286,16.0,1.0,1.5
2025-08-18 12:15:00,2025-08-18 12:16:00,SHORT,3345.185,1.3370714285713023,0.0,2.0799999999999272,0.0,1.5556386559111988,,1.0,-1.0
2025-08-18 15:50:00,2025-08-18 18:41:00,SHORT,3334.348,2.0281428571428086,3.0529999999998836,1.900000000000091,1.505318024934824,0.9368176375291227,171.0,1.0,1.5
2025-08-18 16:00:00,2025-08-18 16:01:00,SHORT,3333.165,1.9503571428570987,0.0,2.1640000000002146,0.0,1.1095403772204244,,1.0,-1.0
2025-08-18 17:00:00,2025-08-18 17:17:00,SHORT,3332.335,1.6404999999999421,0.7899999999999636,1.663000000000011,0.48156049984760224,1.0137153306919047,3.0,17.0,-1.0
2025-08-18 17:50:00,2025-08-18 18:40:00,SHORT,3333.348,1.3374999999999286,2.01299999999992,0.8000000000001819,1.505046728971983,0.5981308411216633,50.0,7.0,1.5
2025-08-18 18:10:00,2025-08-18 19:09:00,SHORT,3332.815,1.1379999999999524,2.4099999999998545,0.4600000000000364,2.117750439367272,0.4042179261863406,59.0,22.0,1.5
2025-08-18 23:05:00,2025-08-18 23:13:00,LONG,3334.398,0.9124285714284659,0.1999999999998181,1.1230000000000473,0.21919524033175022,1.2307812744639486,6.0,8.0,-1.0
2025-08-18 23:45:00,2025-08-19 00:00:00,SHORT,3331.505,0.9697857142856979,4.650000000000091,0.4699999999997999,4.794873683435396,0.4846431464975554,15.0,1.0,1.5
2025-08-19 08:25:00,2025-08-19 10:05:00,LONG,3338.405,1.6507142857143273,2.549999999999727,1.6000000000003638,1.5447858070097482,0.9692773691044798,100.0,51.0,1.5
2025-08-19 09:55:00,2025-08-19 10:06:00,LONG,3339.165,1.2214285714285649,2.769999999999982,0.650000000000091,2.2678362573099387,0.5321637426901358,11.0,3.0,1.5
2025-08-19 14:10:00,2025-08-19 14:37:00,SHORT,3334.565,3.420928571428476,5.900000000000091,1.9829999999997199,1.7246779278809758,0.5796671747436337,27.0,20.0,1.5
2025-08-19 14:30:00,2025-08-19 14:31:00,SHORT,3332.605,3.0905714285713333,0.0,3.6399999999998727,0.0,1.1777757233983495,,1.0,-1.0
2025-08-19 18:40:00,2025-08-19 18:49:00,SHORT,3318.015,1.232142857142922,0.09999999999990905,2.0100000000002183,0.08115942028977699,1.6313043478261782,6.0,9.0,-1.0
2025-08-19 20:35:00,2025-08-19 22:06:00,SHORT,3316.175,0.8849999999999584,1.2600000000002183,1.1399999999998727,1.4237288135596355,1.2881355932202556,13.0,91.0,-1.0
2025-08-19 23:40:00,2025-08-19 23:51:00,SHORT,3315.345,0.89621428571432,1.7799999999997453,0.36000000000012733,1.9861321431414267,0.4016896469276791,11.0,1.0,1.5
2025-08-20 02:55:00,2025-08-20 03:05:00,SHORT,3313.825,1.8385714285714454,0.11699999999973443,1.9400000000000546,0.0636363636362186,1.055167055167075,4.0,10.0,-1.0
2025-08-20 05:30:00,2025-08-20 05:31:00,LONG,3319.775,1.1268571428571315,0.0,1.4900000000002365,0.0,1.3222616632862272,,1.0,-1.0
2025-08-20 07:35:00,2025-08-20 08:03:00,LONG,3324.905,1.557357142857167,1.5429999999996653,1.6600000000003092,0.9907810851715351,1.0659083612348745,12.0,28.0,-1.0
2025-08-20 08:50:00,2025-08-20 09:15:00,LONG,3324.505,1.542642857142807,2.380000000000109,1.1199999999998909,1.542806871324842,0.7260267629762921,25.0,14.0,1.5
2025-08-20 09:05:00,2025-08-20 09:06:00,LONG,3326.329,1.6871428571428169,0.0,1.7940000000003238,0.0,1.0633361558003867,,1.0,-1.0
2025-08-20 10:25:00,2025-08-20 10:26:00,LONG,3326.619,1.3814285714284844,0.0,1.6200000000003456,0.0,1.172699069286777,,1.0,-1.0
2025-08-20 14:25:00,2025-08-20 14:47:00,LONG,3344.225,3.2361428571428275,5.123000000000047,2.019999999999982,1.5830574316867814,0.6241998852249151,22.0,1.0,1.5
2025-08-20 16:10:00,2025-08-20 17:26:00,LONG,3343.155,1.9938571428571257,3.0429999999996653,0.5100000000002183,1.52618757612652,0.2557856272839119,76.0,14.0,1.5
2025-08-20 18:10:00,2025-08-20 19:10:00,LONG,3344.698,1.3280000000000396,2.349999999999909,0.8689999999996871,1.7695783132528908,0.654367469879263,60.0,19.0,1.5
2025-08-20 19:05:00,2025-08-20 19:06:00,LONG,3346.598,1.2462142857143266,0.0,1.4529999999999745,0.0,1.1659311056341477,,1.0,-1.0
2025-08-20 20:15:00,2025-08-20 22:00:00,LONG,3347.735,0.9857857142856769,2.76299999999992,0.40000000000009095,2.8028403738859757,0.4057676979930067,105.0,44.0,1.5
2025-08-20 22:45:00,2025-08-20 23:01:00,LONG,3350.035,1.3362857142857203,0.41000000000030923,1.3869999999997162,0.3068206115033303,1.0379516784261247,4.0,16.0,-1.0
2025-08-21 03:25:00,2025-08-21 03:49:00,SHORT,3342.645,1.2373571428571657,2.0670000000000073,1.1529999999997926,1.6704958725393735,0.9318247416727357,24.0,1.0,1.5
2025-08-21 06:10:00,2025-08-21 06:22:00,SHORT,3338.245,1.4552857142856672,2.7799999999997453,1.0599999999999454,1.9102778050455331,0.7283793069598369,12.0,2.0,1.5
2025-08-21 17:25:00,2025-08-21 17:26:00,SHORT,3338.248,1.5432857142856327,0.0,1.887000000000171,0.0,1.2227159122467737,,1.0,-1.0
2025-08-22 01:00:00,2025-08-22 01:22:00,SHORT,3338.815,1.395714285714348,2.157000000000153,1.1199999999998909,1.545445240532282,0.8024564994881153,22.0,1.0,1.5
2025-08-22 01:45:00,2025-08-22 01:51:00,SHORT,3336.865,1.2926428571428719,2.2199999999998,1.1900000000000546,1.717411725700218,0.9205945736862781,6.0,2.0,1.5
2025-08-22 12:00:00,2025-08-22 12:01:00,SHORT,3327.595,1.3528571428571468,0.0,1.7600000000002183,0.0,1.3009503695883309,,1.0,-1.0
2025-08-22 13:10:00,2025-08-22 13:17:00,SHORT,3324.655,3.0577857142858256,0.3900000000003274,3.742999999999938,0.12754327361079176,1.2240883926276538,4.0,7.0,-1.0
2025-08-22 16:00:00,2025-08-24 22:07:00,LONG,3370.898,3.3968571428570806,4.4669999999996435,3.769999999999982,1.315039111783921,1.1098494406594481,111.0,3247.0,-1.0
2025-08-22 18:45:00,2025-08-22 18:46:00,LONG,3373.335,1.178785714285693,0.0,1.4200000000000728,0.0,1.2046294613101483,,1.0,-1.0
2025-08-22 20:40:00,2025-08-24 22:00:00,LONG,3371.548,1.0664999999999705,0.6000000000003638,1.1629999999995562,0.562587904360413,1.0904828879508563,17.0,2960.0,-1.0
2025-08-25 01:25:00,2025-08-25 01:39:00,SHORT,3364.555,1.5537857142857578,2.3399999999996908,0.8099999999999454,1.505999172527686,0.521307405875002,14.0,1.0,1.5
2025-08-25 02:40:00,2025-08-25 03:05:00,SHORT,3363.665,1.6876428571427888,0.5799999999999272,1.6900000000000546,0.3436746095568337,1.001396707157139,7.0,25.0,-1.0
2025-08-25 11:15:00,2025-08-25 11:16:00,LONG,3367.598,1.4319285714286707,0.0,1.5399999999999636,0.0,1.0754726392975507,,1.0,-1.0
2025-08-25 11:25:00,2025-08-25 11:44:00,LONG,3367.645,1.4664285714286507,2.3299999999999272,0.40000000000009095,1.5888943010227579,0.2727715538237199,19.0,1.0,1.5
2025-08-25 12:15:00,2025-08-25 12:30:00,LONG,3369.498,1.3794285714284993,0.7570000000000618,2.063000000000102,0.5487779618890545,1.4955468102735572,9.0,15.0,-1.0
2025-08-26 04:15:00,2025-08-26 04:16:00,LONG,3375.095,1.2693571428570587,0.0,1.4399999999995998,0.0,1.1344325023912967,,1.0,-1.0
2025-08-26 08:25:00,2025-08-26 08:26:00,LONG,3378.735,2.4345714285713194,0.0,2.6600000000003092,0.0,1.0925947658727262,,1.0,-1.0
2025-08-26 09:15:00,2025-08-26 09:16:00,LONG,3377.985,1.7628571428570663,0.0,1.8700000000003456,0.0,1.060777957860858,,1.0,-1.0
2025-08-26 12:40:00,2025-08-26 12:50:00,LONG,3378.045,2.115714285714278,0.8099999999999454,2.3600000000001273,0.3828494260634462,1.1154625253207935,1.0,10.0,-1.0
2025-08-26 17:10:00,2025-08-26 17:25:00,LONG,3383.165,1.4973571428571242,2.400000000000091,0.44000000000005457,1.6028240232791915,0.29385107093454377,15.0,1.0,1.5
2025-08-26 18:20:00,2025-08-26 18:45:00,LONG,3382.695,1.3387857142857424,2.1529999999997926,0.6300000000001091,1.6081737181879348,0.4705756815878644,25.0,7.0,1.5
2025-08-26 23:05:00,2025-08-27 00:19:00,LONG,3390.748,1.3821428571429482,2.5470000000000255,1.2429999999999382,1.8427906976743156,0.899328165374573,74.0,55.0,1.5
2025-08-27 05:40:00,2025-08-27 06:11:00,SHORT,3377.565,1.639571428571409,1.9099999999998545,1.7300000000000182,1.1649385727976946,1.0551537858325584,18.0,31.0,-1.0
2025-08-27 05:50:00,2025-08-27 06:07:00,SHORT,3377.305,1.6124285714285438,1.6499999999996362,1.6400000000003274,1.023301142907562,1.0170993177994585,8.0,17.0,-1.0
2025-08-27 18:25:00,2025-08-27 19:00:00,LONG,3395.125,1.1830714285714359,0.9499999999998181,1.6970000000001164,0.8029946265771521,1.4344019803176649,20.0,35.0,-1.0
2025-08-27 19:00:00,2025-08-27 19:01:00,LONG,3395.148,1.2804285714286314,0.0,1.5399999999999636,0.0,1.202722302800317,,1.0,-1.0
2025-08-27 19:25:00,2025-08-27 19:35:00,LONG,3395.178,1.1493571428571678,0.4169999999999163,1.26299999999992,0.36281150953941343,1.0988751475979426,8.0,10.0,-1.0
2025-08-27 23:00:00,2025-08-27 23:49:00,LONG,3397.648,1.650000000000091,1.5270000000000437,2.2530000000001564,0.9254545454545209,1.365454545454565,46.0,49.0,-1.0
2025-08-28 07:40:00,2025-08-28 08:36:00,LONG,3394.755,1.8440714285714617,2.9099999999998545,1.0399999999999636,1.5780299802454674,0.5639694774760518,56.0,33.0,1.5
2025-08-28 07:50:00,2025-08-28 08:36:00,LONG,3395.125,1.6383571428571682,2.5399999999999636,1.4099999999998545,1.5503335222565697,0.860618215110854,46.0,23.0,1.5
2025-08-28 08:25:00,2025-08-28 08:37:00,LONG,3395.345,1.6628571428571246,4.130000000000109,0.8699999999998909,2.48367697594511,0.5231958762885999,12.0,1.0,1.5
2025-08-28 11:00:00,2025-08-28 11:23:00,LONG,3397.715,1.672857142857018,2.5799999999999272,1.6700000000000728,1.5422715627669374,0.9982920580701437,23.0,10.0,1.5
2025-08-28 16:05:00,2025-08-28 16:21:00,LONG,3411.615,2.16371428571428,3.2700000000004366,1.849999999999909,1.5112901096001001,0.8550112240855274,16.0,1.0,1.5
2025-08-29 00:55:00,2025-08-29 00:56:00,SHORT,3413.245,1.5635000000000088,0.0,1.7400000000002365,0.0,1.1128877518389682,,1.0,-1.0
2025-08-29 01:10:00,2025-08-29 01:35:00,SHORT,3411.445,1.6170714285714374,2.7070000000003347,0.8699999999998909,1.6740138698707752,0.5380096294005214,25.0,6.0,1.5
2025-08-29 05:10:00,2025-08-29 05:31:00,SHORT,3407.505,1.1267142857142776,0.7000000000002728,1.4099999999998545,0.6212755166732529,1.2514263978697924,12.0,21.0,-1.0
2025-08-29 10:20:00,2025-08-29 11:11:00,SHORT,3406.375,1.4414285714285922,2.1900000000000546,1.1100000000001273,1.5193260654113143,0.7700693756195024,51.0,22.0,1.5
2025-08-29 12:45:00,2025-08-29 13:13:00,LONG,3415.185,2.222928571428643,3.9299999999998363,1.8699999999998909,1.7679380482631,0.841232608206601,28.0,1.0,1.5
2025-08-29 18:45:00,2025-08-29 18:54:00,LONG,3445.148,2.029499999999968,0.1269999999999527,2.393000000000029,0.06257698940623538,1.1791081547179436,4.0,9.0,-1.0
2025-09-01 00:40:00,2025-09-01 01:08:00,SHORT,3443.385,2.0027142857142866,3.7400000000002365,1.8099999999999454,1.8674655824239705,0.9037734503173988,28.0,22.0,1.5
2025-09-01 08:25:00,2025-09-01 09:01:00,LONG,3478.845,2.984999999999997,0.5300000000002001,3.569999999999709,0.17755443886103872,1.1959798994973911,3.0,36.0,-1.0
2025-09-01 10:35:00,2025-09-01 11:36:00,SHORT,3470.525,2.7221428571428015,1.8800000000001091,2.7899999999999636,0.6906323799528226,1.0249278404618287,15.0,61.0,-1.0
2025-09-01 11:40:00,2025-09-01 11:47:00,SHORT,3470.715,1.7035714285714545,1.7200000000002547,1.9699999999998,1.009643605870155,1.1563941299789007,4.0,7.0,-1.0
2025-09-01 14:10:00,2025-09-01 14:32:00,LONG,3477.785,2.6709285714285085,3.380000000000109,2.819999999999709,1.2654774957880524,1.0558125852431433,12.0,22.0,-1.0
2025-09-02 01:55:00,2025-09-02 01:57:00,LONG,3497.195,5.172857142857148,0.0,5.700000000000273,0.0,1.101905550952827,,2.0,-1.0
2025-09-02 05:15:00,2025-09-02 05:24:00,LONG,3496.015,1.8507142857143077,0.7400000000002365,3.0099999999997635,0.3998456194520721,1.6263990737165646,5.0,9.0,-1.0
2025-09-02 22:05:00,2025-09-02 22:34:00,LONG,3533.425,1.970357142857048,1.3299999999999272,2.0600000000004,0.6750045314482463,1.0454957404388976,23.0,29.0,-1.0
2025-09-03 01:50:00,2025-09-03 02:06:00,LONG,3538.525,3.9334285714286517,6.839999999999691,2.019999999999982,1.7389409457396985,0.5135468874845495,16.0,2.0,1.5
2025-09-03 08:45:00,2025-09-03 09:31:00,LONG,3540.345,2.83400000000006,1.4400000000000546,3.6599999999998545,0.5081157374735441,1.2914608327451578,26.0,46.0,-1.0
2025-09-03 14:15:00,2025-09-03 15:31:00,LONG,3558.415,5.096214285714301,7.730000000000018,4.300000000000182,1.5168121995318644,0.8437635780061161,76.0,40.0,1.5
2025-09-03 19:05:00,2025-09-03 19:16:00,LONG,3571.145,2.8000000000000194,0.2899999999999636,3.849999999999909,0.10357142857141487,1.374999999999958,7.0,11.0,-1.0
2025-09-04 04:10:00,2025-09-04 06:26:00,SHORT,3530.755,5.02764285714287,6.610000000000127,5.5099999999997635,1.3147314134712595,1.0959410118345219,111.0,136.0,-1.0
2025-09-04 05:00:00,2025-09-04 05:01:00,SHORT,3529.348,2.1007142857142753,0.0,2.257000000000062,0.0,1.074396463787862,,1.0,-1.0
2025-09-04 05:45:00,2025-09-04 05:46:00,SHORT,3529.425,2.338285714285738,0.0,4.489999999999782,0.0,1.9202101661777953,,1.0,-1.0
2025-09-04 09:10:00,2025-09-04 09:27:00,LONG,3543.675,3.105714285714222,0.4499999999998181,4.0,0.14489420423177513,1.287948482060744,6.0,17.0,-1.0
2025-09-04 11:45:00,2025-09-04 11:55:00,LONG,3546.795,2.747928571428637,2.8600000000001273,2.75,1.0407839671441041,1.000753814561594,6.0,10.0,-1.0
2025-09-04 16:50:00,2025-09-04 16:51:00,LONG,3552.275,2.335000000000069,0.0,2.4200000000000728,0.0,1.0364025695931485,,1.0,-1.0
2025-09-04 17:40:00,2025-09-04 17:46:00,LONG,3546.375,2.3878571428571314,0.3400000000001455,2.7199999999998,0.1423870774753832,1.1390966198024943,3.0,6.0,-1.0
2025-09-04 20:25:00,2025-09-04 20:34:00,LONG,3549.368,1.2148571428570645,0.3710000000000946,1.3429999999998472,0.305385700846758,1.1054797742238403,4.0,9.0,-1.0
2025-09-05 01:15:00,2025-09-05 01:48:00,LONG,3554.145,2.7085714285715636,1.7199999999998,2.8769999999999527,0.6350210970463079,1.062183544303727,26.0,33.0,-1.0
2025-09-05 03:20:00,2025-09-05 03:53:00,LONG,3554.345,2.5297142857142325,3.880000000000109,0.5199999999999818,1.5337700474362623,0.2055568104811356,33.0,1.0,1.5
2025-09-05 04:35:00,2025-09-05 05:08:00,LONG,3558.165,1.493857142857158,2.6900000000000546,1.2799999999997453,1.8007076599407277,0.8568423065887086,33.0,1.0,1.5
2025-09-05 05:45:00,2025-09-05 05:52:00,LONG,3558.115,1.809285714285709,0.43000000000029104,2.0299999999997453,0.2376628503752109,1.1219897354913746,4.0,7.0,-1.0
2025-09-05 07:25:00,2025-09-05 08:16:00,SHORT,3548.738,2.4071428571428766,4.042999999999665,1.8769999999999527,1.6795845697327851,0.7797626112759385,51.0,23.0,1.5
2025-09-05 08:45:00,2025-09-05 08:46:00,SHORT,3547.355,2.0442857142857065,0.0,2.349999999999909,0.0,1.1495457721872415,,1.0,-1.0
2025-09-05 14:55:00,2025-09-05 15:13:00,LONG,3590.005,6.240428571428473,2.119999999999891,6.440000000000055,0.3397202573083229,1.0319804042762881,9.0,18.0,-1.0
2025-09-05 15:30:00,2025-09-05 16:09:00,LONG,3590.015,5.706928571428501,8.670000000000073,1.0099999999997635,1.5192059776963154,0.1769778589934148,39.0,3.0,1.5
2025-09-05 19:00:00,2025-09-05 19:14:00,LONG,3595.295,1.8359285714285696,0.26299999999991996,2.9400000000000546,0.14325176049484042,1.6013694899428397,3.0,14.0,-1.0
2025-09-08 00:45:00,2025-09-08 00:54:00,SHORT,3588.575,2.6992142857142363,1.1899999999995998,3.850000000000364,0.44086903596270616,1.4263409987034872,3.0,9.0,-1.0
2025-09-08 05:25:00,2025-09-08 05:35:00,SHORT,3582.705,1.569571428571375,1.5099999999997635,2.4099999999998545,0.9620460544278424,1.5354509875306777,5.0,10.0,-1.0
2025-09-08 11:25:00,2025-09-08 11:40:00,LONG,3616.715,2.114571428571383,1.319999999999709,2.630000000000109,0.6242399675718255,1.243750844480554,7.0,15.0,-1.0
2025-09-08 11:45:00,2025-09-08 11:55:00,LONG,3615.315,2.2757142857141974,3.5399999999999636,1.300000000000182,1.5555555555556,0.571249215317114,10.0,1.0,1.5
2025-09-08 12:25:00,2025-09-08 12:53:00,LONG,3617.765,2.8609285714285306,4.510000000000218,1.819999999999709,1.5764112550871086,0.6361570918532017,28.0,1.0,1.5
2025-09-08 13:40:00,2025-09-08 13:41:00,LONG,3631.325,4.152071428571519,0.0,8.445999999999913,0.0,2.034165390768742,,1.0,-1.0
2025-09-08 17:25:00,2025-09-08 17:42:00,LONG,3636.195,2.465071428571556,0.8099999999999454,2.536000000000058,0.32859088406591086,1.028773434557068,5.0,17.0,-1.0
2025-09-08 23:35:00,2025-09-08 23:49:00,SHORT,3630.095,1.8059999999999425,0.3999999999996362,1.9529999999999745,0.2214839424139806,1.0813953488372297,5.0,14.0,-1.0
2025-09-09 01:25:00,2025-09-09 01:26:00,LONG,3644.315,3.093285714285717,0.0,3.4400000000000546,0.0,1.1120860850690601,,1.0,-1.0
2025-09-09 07:15:00,2025-09-09 07:29:00,SHORT,3646.285,3.842357142857184,2.5599999999999454,4.393000000000029,0.6662576915211803,1.1433086089268074,3.0,14.0,-1.0
2025-09-09 11:35:00,2025-09-09 11:48:00,LONG,3653.025,2.0835714285713687,0.8299999999999272,2.3299999999999272,0.3983544737744023,1.1182721974631442,3.0,13.0,-1.0
2025-09-09 17:10:00,2025-09-09 18:46:00,SHORT,3643.855,2.403071428571398,4.387000000000171,1.949999999999818,1.8255803584699097,0.8114615224563149,96.0,11.0,1.5
2025-09-09 17:55:00,2025-09-09 18:30:00,SHORT,3642.615,2.005714285714378,0.7299999999995634,2.230000000000018,0.36396011395987954,1.1118233618233198,8.0,35.0,-1.0
2025-09-09 18:20:00,2025-09-09 18:30:00,SHORT,3643.025,1.6890000000000132,0.5100000000002183,1.819999999999709,0.30195381882783556,1.0775606867967404,5.0,10.0,-1.0
2025-09-10 00:10:00,2025-09-10 00:11:00,SHORT,3630.298,2.712642857142847,0.0,2.98700000000008,0.0,1.1011401637833762,,1.0,-1.0
2025-09-10 03:50:00,2025-09-10 04:04:00,LONG,3636.055,1.753571428571409,2.9700000000002547,1.5299999999997453,1.6936863543789829,0.872505091649559,14.0,1.0,1.5
2025-09-10 05:55:00,2025-09-10 06:01:00,LONG,3642.835,1.7099999999999065,1.3899999999998727,1.900000000000091,0.8128654970759934,1.111111111111225,3.0,6.0,-1.0
2025-09-10 06:05:00,2025-09-10 06:07:00,LONG,3643.995,1.9949999999998909,0.0,2.130000000000109,0.0,1.067669172932444,,2.0,-1.0
2025-09-10 07:10:00,2025-09-10 07:27:00,LONG,3646.885,2.982142857142727,0.9029999999997926,3.2170000000000982,0.3028023952095245,1.078754491018044,5.0,17.0,-1.0
2025-09-10 07:45:00,2025-09-10 08:02:00,LONG,3646.515,3.0949999999998647,1.7699999999999818,3.75,0.5718901453958188,1.2116316639742049,4.0,17.0,-1.0
2025-09-10 08:35:00,2025-09-10 09:36:00,LONG,3644.625,2.424999999999987,4.449999999999818,1.2600000000002183,1.8350515463916874,0.5195876288660722,61.0,1.0,1.5
2025-09-10 14:10:00,2025-09-10 14:25:00,LONG,3653.705,3.4732857142856313,1.349999999999909,3.619999999999891,0.38868095257679386,1.0422407765392934,9.0,15.0,-1.0
2025-09-10 23:50:00,2025-09-11 00:35:00,LONG,3645.125,1.6180714285714461,1.8400000000001455,1.7100000000000364,1.1371562265484376,1.056813667063976,25.0,45.0,-1.0
2025-09-11 01:20:00,2025-09-11 01:21:00,LONG,3647.048,2.1342142857143114,0.0,2.912999999999556,0.0,1.364905117306245,,1.0,-1.0
2025-09-11 05:40:00,2025-09-11 05:41:00,SHORT,3629.248,2.1407142857143038,0.0,3.907000000000153,0.0,1.8250917584251478,,1.0,-1.0
2025-09-11 07:15:00,2025-09-11 07:16:00,SHORT,3625.145,3.0981428571428102,0.0,3.2530000000001564,0.0,1.0499838612994623,,1.0,-1.0
2025-09-11 08:25:00,2025-09-11 08:57:00,SHORT,3629.175,2.4009285714286244,3.800000000000182,1.1799999999998363,1.5827209710529073,0.4914765120637058,32.0,28.0,1.5
2025-09-11 10:25:00,2025-09-11 10:36:00,SHORT,3620.955,2.1247857142857356,1.2199999999998,3.800000000000182,0.5741755471138947,1.7884156385518544,8.0,11.0,-1.0
2025-09-11 15:10:00,2025-09-11 16:08:00,LONG,3633.815,3.409928571428606,5.449999999999818,2.8600000000001273,1.598273947925107,0.8387272460671856,58.0,47.0,1.5
2025-09-11 16:45:00,2025-09-11 17:04:00,LONG,3636.085,2.762928571428639,0.9400000000000546,3.7770000000000437,0.34021871202917303,1.3670277397171562,13.0,19.0,-1.0
2025-09-11 17:50:00,2025-09-11 18:17:00,LONG,3635.445,2.1077142857141746,1.3899999999998727,2.7899999999999636,0.659482174325581,1.3237088247255506,20.0,27.0,-1.0
2025-09-11 19:15:00,2025-09-11 20:33:00,LONG,3635.385,1.7864285714286845,2.062999999999647,1.830000000000382,1.154818072770621,1.024390243902588,53.0,78.0,-1.0
2025-09-11 19:30:00,2025-09-11 20:32:00,LONG,3635.955,1.6592857142858455,1.4929999999999382,1.7300000000000182,0.8997847610846957,1.0426173052087102,38.0,62.0,-1.0
2025-09-11 20:20:00,2025-09-11 20:32:00,LONG,3635.925,1.3325714285714898,0.2199999999997999,1.7000000000002728,0.16509433962248377,1.2757289879932852,3.0,12.0,-1.0
2025-09-11 23:15:00,2025-09-11 23:47:00,LONG,3634.235,1.2294999999999487,1.4200000000000728,1.550000000000182,1.154941032940327,1.2606750711673416,15.0,32.0,-1.0
2025-09-12 01:00:00,2025-09-12 01:01:00,LONG,3639.748,2.3057142857143,0.0,2.342999999999847,0.0,1.0161710037173997,,1.0,-1.0
2025-09-12 17:40:00,2025-09-12 18:00:00,LONG,3649.295,1.27857142857137,0.6100000000001273,1.4800000000000182,0.4770949720671605,1.157541899441408,10.0,20.0,-1.0
2025-09-14 22:10:00,2025-09-14 22:20:00,SHORT,3643.498,1.4008571428571162,3.893000000000029,0.7799999999997453,2.779012849276027,0.556801957984736,10.0,2.0,1.5
2025-09-15 04:55:00,2025-09-15 04:56:00,LONG,3645.445,1.0221428571429507,0.0,1.580000000000382,0.0,1.5457721872818535,,1.0,-1.0
2025-09-15 19:40:00,2025-09-15 20:00:00,LONG,3681.805,1.7331428571428336,0.7000000000002728,2.5599999999999454,0.4038905374218576,1.4770853939993291,9.0,20.0,-1.0
2025-09-16 04:50:00,2025-09-16 04:51:00,LONG,3684.785,1.3724285714285998,0.0,1.9200000000000728,0.0,1.3989799104819645,,1.0,-1.0
2025-09-16 06:30:00,2025-09-16 06:31:00,LONG,3686.155,1.898928571428639,0.0,2.0600000000004,0.0,1.0848222681965234,,1.0,-1.0
2025-09-16 10:45:00,2025-09-16 10:53:00,LONG,3694.958,1.584785714285707,0.5369999999998072,1.680000000000291,0.3388470726099669,1.0600802271602372,5.0,8.0,-1.0
2025-09-16 18:00:00,2025-09-16 18:22:00,SHORT,3686.925,1.6167142857142542,0.6400000000003274,1.76299999999992,0.39586462843530784,1.0904833436422798,3.0,22.0,-1.0
2025-09-16 20:00:00,2025-09-16 20:11:00,LONG,3690.305,1.171214285714281,1.9200000000000728,0.5899999999996908,1.639324266634209,0.503750686100854,11.0,1.0,1.5
2025-09-16 22:30:00,2025-09-16 23:08:00,LONG,3691.945,1.1728571428570507,1.8029999999998836,1.050000000000182,1.537271619975661,0.8952496954935263,38.0,22.0,1.5
2025-09-16 23:50:00,2025-09-16 23:51:00,LONG,3694.565,1.1550714285714807,0.0,1.2100000000000364,0.0,1.0475542638055622,,1.0,-1.0
2025-09-17 00:05:00,2025-09-17 00:06:00,LONG,3694.655,1.3615000000000106,0.0,1.8100000000004002,0.0,1.3294160852004304,,1.0,-1.0
2025-09-17 04:50:00,2025-09-17 05:01:00,SHORT,3680.975,0.886428571428561,0.7300000000000182,1.3400000000001455,0.823529411764736,1.5116841257052585,8.0,11.0,-1.0
2025-09-17 05:30:00,2025-09-17 05:31:00,SHORT,3678.798,1.7566428571428463,0.0,2.800000000000182,0.0,1.5939494978246975,,1.0,-1.0
2025-09-17 10:05:00,2025-09-17 10:06:00,SHORT,3663.815,2.201428571428583,0.0,2.3200000000001637,0.0,1.0538611291369928,,1.0,-1.0
2025-09-18 11:10:00,2025-09-18 11:32:00,LONG,3667.595,2.500499999999907,3.180000000000291,3.0,1.2717456508699898,1.1997600479904467,11.0,22.0,-1.0
2025-09-18 14:50:00,2025-09-19 01:07:00,SHORT,3641.335,5.735714285714233,5.537000000000262,6.76299999999992,0.9653549190536037,1.1791033623910305,591.0,617.0,-1.0
2025-09-18 17:55:00,2025-09-18 18:01:00,SHORT,3643.335,1.581857142857221,3.099999999999909,0.4499999999998181,1.959721845931391,0.28447575182864365,6.0,1.0,1.5
2025-09-19 12:20:00,2025-09-19 12:51:00,SHORT,3648.045,2.5459285714286386,3.869999999999891,2.019999999999982,1.5200740678393245,0.7934236736525825,31.0,1.0,1.5
2025-09-19 14:35:00,2025-09-19 15:12:00,LONG,3665.215,3.5182857142856716,5.319999999999709,2.5300000000002,1.512100048724964,0.7191002111418554,37.0,8.0,1.5
2025-09-19 17:00:00,2025-09-19 17:38:00,LONG,3669.785,1.9862142857142382,3.0100000000002183,1.2199999999998,1.5154457510700206,0.6142338260149461,38.0,1.0,1.5
2025-09-19 20:20:00,2025-09-19 20:37:00,LONG,3682.725,1.302428571428566,2.0230000000001382,1.2399999999997817,1.553252166282881,0.9520675660851715,17.0,1.0,1.5
2025-09-21 22:20:00,2025-09-21 22:21:00,LONG,3690.785,1.9727142857142488,0.0,3.7199999999998,0.0,1.885726699978209,,1.0,-1.0
2025-09-22 00:55:00,2025-09-22 00:56:00,LONG,3690.645,2.0792857142856582,0.0,3.3099999999999454,0.0,1.5918928203366707,,1.0,-1.0
2025-09-22 01:05:00,2025-09-22 01:06:00,LONG,3692.255,2.624499999999963,0.0,5.300000000000182,0.0,2.019432272813967,,1.0,-1.0
2025-09-22 03:10:00,2025-09-22 03:38:00,LONG,3689.965,2.3885714285714323,4.449999999999818,1.3299999999999272,1.8630382775118826,0.5568181818181505,28.0,10.0,1.5
2025-09-22 03:20:00,2025-09-22 03:44:00,LONG,3691.245,2.2292857142857168,3.7600000000002183,1.8299999999999272,1.6866388977892661,0.8208907401473551,24.0,1.0,1.5
2025-09-22 10:15:00,2025-09-22 10:47:00,LONG,3724.115,2.270500000000019,3.4200000000000728,1.356999999999971,1.5062761506276345,0.5976657123981324,32.0,1.0,1.5
2025-09-22 13:15:00,2025-09-22 13:33:00,LONG,3723.505,3.964357142857222,1.819999999999709,5.079999999999927,0.4590908271922202,1.2814183528224277,8.0,18.0,-1.0
2025-09-22 15:05:00,2025-09-22 15:34:00,LONG,3726.975,3.715428571428577,5.820000000000164,2.8099999999999454,1.5664410950477192,0.7563057520762684,29.0,11.0,1.5
2025-09-22 19:45:00,2025-09-22 20:15:00,LONG,3746.935,1.6035714285714155,1.4700000000002547,1.7269999999998618,0.916703786191703,1.0769710467705238,12.0,30.0,-1.0
2025-09-23 04:15:00,2025-09-23 04:29:00,SHORT,3744.275,2.08907142857145,1.25,2.130000000000109,0.5983519677231791,1.0195917530003495,3.0,14.0,-1.0
2025-09-23 06:45:00,2025-09-23 07:00:00,LONG,3755.785,2.808642857142851,0.6040000000002692,4.036999999999807,0.21505048193087123,1.437348999262415,4.0,15.0,-1.0
2025-09-23 08:00:00,2025-09-23 08:29:00,LONG,3755.495,2.5524999999999767,3.9100000000003092,2.549999999999727,1.5318315377082645,0.9990205680704213,29.0,8.0,1.5
2025-09-23 12:30:00,2025-09-23 13:40:00,LONG,3782.885,3.5392142857142193,5.76299999999992,2.6900000000000546,1.6283275141778926,0.7600557024360022,70.0,61.0,1.5
2025-09-23 20:35:00,2025-09-23 22:00:00,SHORT,3763.715,2.493857142857028,1.3700000000003456,3.0329999999999018,0.5493498310135109,1.2161883485135068,16.0,85.0,-1.0
2025-09-23 22:10:00,2025-09-23 22:37:00,SHORT,3763.785,1.8289999999999185,2.425999999999931,2.5799999999999272,1.3264078731547506,1.4106068890104113,18.0,27.0,-1.0
2025-09-24 07:00:00,2025-09-24 07:01:00,LONG,3774.925,2.6847857142857134,0.0,3.330000000000382,0.0,1.2403224519117078,,1.0,-1.0
2025-09-24 07:30:00,2025-09-24 08:11:00,LONG,3775.785,2.557500000000021,3.213000000000193,2.980000000000018,1.2563049853373085,1.1652003910068403,13.0,41.0,-1.0
2025-09-24 13:40:00,2025-09-24 13:41:00,SHORT,3762.425,3.5649285714285464,0.0,3.7229999999999563,0.0,1.04434070007413,,1.0,-1.0
2025-09-25 04:00:00,2025-09-25 04:34:00,SHORT,3734.095,2.6540714285713745,2.5470000000000255,5.100000000000364,0.9596576688107512,1.9215760152866632,17.0,34.0,-1.0
2025-09-25 08:40:00,2025-09-25 09:50:00,LONG,3753.715,3.7242142857143596,7.2199999999998,3.5100000000002183,1.9386639559637737,0.9424806766528334,70.0,49.0,1.5
2025-09-25 08:50:00,2025-09-25 09:22:00,LONG,3757.048,3.6795000000000266,0.20000000000027285,3.9029999999997926,0.05435521130595771,1.0607419486342613,5.0,32.0,-1.0
2025-09-25 20:00:00,2025-09-25 22:07:00,LONG,3749.335,3.07664285714288,2.980000000000018,3.2200000000002547,0.9685882107120457,1.0465953149305418,48.0,127.0,-1.0
2025-09-25 22:25:00,2025-09-25 23:11:00,LONG,3749.255,1.6524285714286049,2.0799999999999272,2.6700000000000728,1.2587533500474795,1.6158035791475862,26.0,46.0,-1.0
2025-09-26 02:55:00,2025-09-26 02:56:00,SHORT,3738.195,2.4185714285713726,0.0,2.6399999999998727,0.0,1.0915534554045798,,1.0,-1.0
2025-09-26 05:20:00,2025-09-26 05:38:00,LONG,3746.125,1.6157142857143103,2.4899999999997817,1.25,1.5411140583552791,0.7736516357205895,18.0,2.0,1.5
2025-09-26 07:50:00,2025-09-26 08:24:00,LONG,3748.155,2.775499999999998,4.2199999999998,1.2000000000002728,1.5204467663483348,0.43235453071528507,34.0,12.0,1.5
2025-09-26 13:40:00,2025-09-26 14:01:00,LONG,3757.975,5.111999999999982,7.75,3.769999999999982,1.516040688575905,0.7374804381846626,21.0,1.0,1.5
2025-09-26 16:40:00,2025-09-26 16:51:00,LONG,3777.365,3.3630714285714345,0.5300000000002001,3.3899999999998727,0.15759403606403136,1.008007136333669,5.0,11.0,-1.0
2025-09-26 18:15:00,2025-09-26 19:03:00,LONG,3777.535,2.6009285714285397,2.813000000000102,2.699999999999818,1.0815368137753523,1.0380907917501419,21.0,48.0,-1.0
2025-09-26 18:25:00,2025-09-26 19:03:00,LONG,3777.655,2.5152142857142996,2.6929999999997563,2.8200000000001637,1.070684122341078,1.1211768380996243,11.0,38.0,-1.0
2025-09-26 18:45:00,2025-09-26 19:00:00,LONG,3779.285,2.4582857142856613,0.8400000000001455,2.7469999999998436,0.34170153417022,1.1174453742444979,7.0,15.0,-1.0
2025-09-28 22:50:00,2025-09-28 23:46:00,SHORT,3768.145,3.3035714285714612,1.9769999999998618,3.630000000000109,0.5984432432431955,1.098810810810833,15.0,56.0,-1.0
2025-09-29 01:15:00,2025-09-29 01:23:00,LONG,3778.525,3.9871428571428686,2.0099999999997635,5.360000000000127,0.5041203869580188,1.3443210318882401,6.0,8.0,-1.0
2025-09-29 02:05:00,2025-09-29 02:06:00,LONG,3783.845,6.199999999999981,0.0,6.319999999999709,0.0,1.0193548387096336,,1.0,-1.0
2025-09-29 04:10:00,2025-09-29 04:16:00,LONG,3795.448,2.579499999999988,0.20000000000027285,2.7729999999996835,0.07753440589272098,1.0750145377009872,4.0,6.0,-1.0
2025-09-29 04:20:00,2025-09-29 04:21:00,LONG,3798.575,2.5854285714285328,0.0,2.899999999999636,0.0,1.1216709028620708,,1.0,-1.0
2025-09-29 05:45:00,2025-09-29 05:57:00,LONG,3805.695,4.103571428571415,7.099999999999909,2.769999999999982,1.7302001740643873,0.6750217580504764,12.0,2.0,1.5
2025-09-29 07:40:00,2025-09-29 07:46:00,LONG,3810.445,3.881714285714257,1.3599999999996726,4.367000000000189,0.35036066539076177,1.1250184012955082,4.0,6.0,-1.0
2025-09-29 14:00:00,2025-09-29 14:17:00,LONG,3826.755,5.056642857142833,3.5899999999996908,5.690000000000055,0.7099571991580511,1.125252496715793,11.0,17.0,-1.0
2025-09-29 14:50:00,2025-09-29 15:34:00,LONG,3826.778,4.997071428571319,5.717000000000098,6.25,1.1440700982004193,1.250732571935018,14.0,44.0,-1.0
2025-09-30 03:05:00,2025-09-30 03:13:00,LONG,3849.365,2.8550000000001154,5.130000000000109,2.2199999999998,1.7968476357267607,0.7775831873904414,8.0,1.0,1.5
2025-09-30 05:40:00,2025-09-30 05:48:00,LONG,3868.565,3.12021428571422,0.6799999999998363,3.650000000000091,0.21793374997133685,1.1697914520523396,2.0,8.0,-1.0
2025-09-30 05:50:00,2025-09-30 06:15:00,LONG,3868.825,3.3016428571428214,2.680000000000291,4.149999999999636,0.811717110529487,1.2569500032450411,20.0,25.0,-1.0
2025-09-30 11:40:00,2025-09-30 12:43:00,SHORT,3814.725,3.547857142857148,5.980000000000018,2.849999999999909,1.6855244614455434,0.8033017918260251,63.0,17.0,1.5
2025-09-30 11:50:00,2025-09-30 11:57:00,SHORT,3813.925,3.5771428571428845,0.41000000000030923,3.649999999999636,0.11461661341861593,1.0203674121404656,5.0,7.0,-1.0
2025-09-30 12:00:00,2025-09-30 12:36:00,SHORT,3812.995,3.6450000000000142,2.199999999999818,3.7800000000002,0.6035665294924032,1.0370370370370878,5.0,36.0,-1.0
2025-09-30 15:15:00,2025-09-30 16:48:00,LONG,3835.985,7.04835714285712,11.239999999999782,4.900000000000091,1.5946978525897368,0.6951974624279366,93.0,2.0,1.5
2025-09-30 15:40:00,2025-09-30 17:19:00,LONG,3838.448,6.2766428571428605,9.697000000000116,4.032999999999902,1.5449341663537328,0.6425409397653272,99.0,4.0,1.5
2025-09-30 18:45:00,2025-09-30 19:18:00,LONG,3847.348,2.540928571428562,4.217000000000098,2.300000000000182,1.659629494279414,0.90518089562316,33.0,1.0,1.5
2025-10-01 00:35:00,2025-10-01 00:41:00,LONG,3861.135,1.738785714285736,3.462999999999738,1.5900000000001455,1.991619767489452,0.9144312533377875,6.0,1.0,1.5
2025-10-01 04:25:00,2025-10-01 04:56:00,SHORT,3860.775,2.7747857142857617,3.480000000000018,3.3299999999999272,1.2541508996833584,1.2000926712486983,15.0,31.0,-1.0
2025-10-01 14:10:00,2025-10-01 14:28:00,SHORT,3869.965,5.407857142857113,2.5900000000001455,5.782999999999902,0.47893276977945104,1.0693699643375918,2.0,18.0,-1.0
2025-10-01 19:50:00,2025-10-01 20:04:00,SHORT,3868.305,2.5549999999999335,4.4669999999996435,2.450000000000273,1.7483365949118432,0.9589041095891728,14.0,1.0,1.5
2025-10-02 02:40:00,2025-10-02 03:25:00,LONG,3864.625,2.9359285714285437,4.519999999999982,1.1700000000000728,1.539546991703777,0.398511057587066,45.0,1.0,1.5
2025-10-02 04:05:00,2025-10-02 04:22:00,LONG,3866.648,1.8527857142856712,0.016999999999825377,2.0,0.009175372990383623,1.0794556459385733,4.0,17.0,-1.0
2025-10-02 04:25:00,2025-10-02 04:34:00,LONG,3865.768,1.6267857142856232,0.38000000000010914,1.900000000000091,0.23358946212960816,1.1679473106477611,5.0,9.0,-1.0
2025-10-02 05:15:00,2025-10-02 05:34:00,LONG,3868.545,1.7208571428571173,2.3600000000001273,1.900000000000091,1.3714095965466657,1.104100946372309,12.0,19.0,-1.0
2025-10-02 05:40:00,2025-10-02 06:05:00,LONG,3867.805,1.9502142857143423,3.143000000000029,1.3699999999998909,1.6116177709408903,0.7024869062007074,25.0,9.0,1.5
2025-10-02 05:50:00,2025-10-02 06:06:00,LONG,3867.985,1.9968571428572173,3.099999999999909,1.4500000000002728,1.5524395478608208,0.7261410788382838,16.0,11.0,1.5
2025-10-02 12:55:00,2025-10-02 13:03:00,LONG,3884.245,3.5523571428571876,5.4900000000002365,2.4299999999998363,1.5454527175115587,0.6840528421771717,8.0,3.0,1.5
2025-10-02 13:10:00,2025-10-02 13:31:00,LONG,3890.805,3.9826428571429267,6.153000000000247,3.6399999999998727,1.544953996807611,0.9139659594310549,21.0,6.0,1.5
2025-10-02 17:10:00,2025-10-02 18:50:00,SHORT,3845.385,4.18999999999999,5.010000000000218,5.809999999999945,1.1957040572792914,1.3866348448687253,36.0,100.0,-1.0
2025-10-02 17:55:00,2025-10-02 18:33:00,SHORT,3844.005,3.341428571428586,0.7800000000002001,3.569999999999709,0.23343309106461638,1.0684053014107677,5.0,38.0,-1.0
2025-10-02 20:55:00,2025-10-02 22:12:00,LONG,3855.545,1.773357142857159,2.6599999999998545,2.8099999999999454,1.4999798606355026,1.584565191122523,72.0,77.0,-1.0
2025-10-03 00:10:00,2025-10-03 00:11:00,LONG,3861.115,1.7964285714285455,0.0,3.2899999999999636,0.0,1.8314115308151155,,1.0,-1.0
2025-10-03 06:50:00,2025-10-03 07:24:00,LONG,3858.095,3.0405000000000655,4.680000000000291,2.1399999999998727,1.5392205229403684,0.7038316066435871,34.0,1.0,1.5
2025-10-03 07:15:00,2025-10-03 07:41:00,LONG,3859.725,2.6067142857142636,4.023000000000138,2.099999999999909,1.543322189949099,0.8056118814051344,26.0,1.0,1.5
2025-10-03 08:35:00,2025-10-03 08:51:00,LONG,3862.575,1.992428571428588,0.9700000000002547,2.17699999999968,0.4868430486844286,1.092636409263471,2.0,16.0,-1.0
2025-10-03 10:35:00,2025-10-03 10:36:00,LONG,3864.985,2.0074285714285907,0.0,3.180000000000291,0.0,1.5841161400513681,,1.0,-1.0
2025-10-03 12:40:00,2025-10-03 13:01:00,LONG,3870.435,3.253785714285771,5.300000000000182,2.0,1.6288718635435921,0.6146686277522778,21.0,1.0,1.5
2025-10-03 15:20:00,2025-10-03 15:21:00,LONG,3885.825,5.534714285714342,0.0,5.730000000000018,0.0,1.0352837932013452,,1.0,-1.0
2025-10-03 19:00:00,2025-10-03 19:03:00,LONG,3886.605,2.605142857142807,0.0,3.3400000000001455,0.0,1.2820794033780143,,3.0,-1.0
2025-10-05 22:20:00,2025-10-05 22:51:00,LONG,3891.645,2.6389285714285506,4.072999999999865,2.4899999999997817,1.5434294221139144,0.9435647584246101,31.0,1.0,1.5
2025-10-06 01:30:00,2025-10-06 01:48:00,LONG,3906.065,3.703071428571385,6.070000000000164,1.8699999999998909,1.6391798314141406,0.5049862083598322,18.0,1.0,1.5
2025-10-06 05:45:00,2025-10-06 06:04:00,LONG,3932.645,4.7893571428571375,0.3000000000001819,5.157000000000153,0.06263888681753518,1.0767624643928086,4.0,19.0,-1.0
2025-10-06 06:55:00,2025-10-06 07:22:00,LONG,3934.175,4.100071428571482,2.049999999999727,4.820000000000164,0.4999912893502867,1.1755892754481876,24.0,27.0,-1.0
2025-10-06 09:25:00,2025-10-06 09:26:00,LONG,3943.475,3.9914285714285467,0.0,4.4699999999998,0.0,1.1198997852540729,,1.0,-1.0
2025-10-06 16:55:00,2025-10-06 19:04:00,LONG,3953.835,5.1393571428570795,7.809999999999945,2.98700000000008,1.519645314172153,0.5812010951898047,129.0,40.0,1.5
2025-10-07 00:05:00,2025-10-07 00:21:00,LONG,3969.898,3.155928571428506,6.116999999999734,2.8200000000001637,1.9382567956000736,0.8935563452007131,16.0,5.0,1.5
2025-10-07 03:10:00,2025-10-07 03:11:00,LONG,3967.525,2.345785714285707,0.0,2.8299999999999272,0.0,1.206418805761064,,1.0,-1.0
2025-10-07 06:30:00,2025-10-07 06:55:00,SHORT,3960.425,3.588357142857116,6.140000000000327,2.899999999999636,1.711089436073118,0.8081692776239666,25.0,1.0,1.5
2025-10-07 08:45:00,2025-10-07 09:11:00,SHORT,3952.225,3.8076428571428744,2.0099999999997635,4.75,0.5278856435364316,1.2474909486558932,6.0,26.0,-1.0
2025-10-07 11:10:00,2025-10-07 11:20:00,LONG,3961.398,2.660500000000021,0.3569999999999709,3.0030000000001564,0.134185303514365,1.1287352001503974,6.0,10.0,-1.0
2025-10-07 18:40:00,2025-10-07 22:10:00,LONG,3982.148,4.169071428571409,6.42699999999968,3.8700000000003456,1.5415902821799294,0.9282642589135143,210.0,28.0,1.5
2025-10-07 18:50:00,2025-10-07 22:10:00,LONG,3982.348,4.135499999999995,6.226999999999862,4.070000000000164,1.5057429573207277,0.98416152823121,200.0,18.0,1.5
2025-10-07 20:00:00,2025-10-07 20:47:00,LONG,3980.848,2.4971428571428924,4.23700000000008,0.9400000000000546,1.6967391304347907,0.3764302059496733,47.0,21.0,1.5
2025-10-07 20:20:00,2025-10-07 20:21:00,LONG,3982.698,2.196642857142803,0.0,2.7899999999999636,0.0,1.2701199882938397,,1.0,-1.0
2025-10-08 01:10:00,2025-10-08 01:11:00,LONG,3988.248,3.3672857142857344,0.0,3.643000000000029,0.0,1.081880276611092,,1.0,-1.0
2025-10-08 08:00:00,2025-10-08 09:33:00,LONG,4035.815,3.5167142857143454,4.489999999999782,5.289999999999964,1.276759962627369,1.5042450339196132,48.0,93.0,-1.0
2025-10-08 09:35:00,2025-10-08 09:36:00,LONG,4038.275,3.0421428571428675,0.0,3.25,0.0,1.0683258980981414,,1.0,-1.0
2025-10-08 18:55:00,2025-10-08 19:06:00,LONG,4049.765,3.7974285714285867,4.583000000000084,10.257000000000062,1.2068693100594559,2.701038296591684,9.0,11.0,-1.0
2025-10-08 20:00:00,2025-10-08 22:00:00,SHORT,4044.348,5.971142857142793,9.472999999999956,2.106999999999971,1.586463467151548,0.3528637733862854,120.0,5.0,1.5
2025-10-08 20:30:00,2025-10-08 22:00:00,SHORT,4042.125,3.92871428571425,7.25,2.4600000000000364,1.8453874404567274,0.6261590487618782,90.0,22.0,1.5
2025-10-09 10:20:00,2025-10-09 10:57:00,LONG,4038.695,2.3539285714286313,4.4099999999998545,1.6200000000003456,1.8734638142921072,0.688211197087066,37.0,1.0,1.5
2025-10-09 10:30:00,2025-10-09 10:57:00,LONG,4039.435,2.1981428571428814,3.6700000000000728,1.599999999999909,1.6695912133619435,0.72788717748744,27.0,13.0,1.5
2025-10-09 15:20:00,2025-10-09 15:35:00,SHORT,4021.345,8.352714285714358,14.049999999999727,5.080000000000382,1.6820879440386742,0.6081855342147525,15.0,1.0,1.5
2025-10-09 16:10:00,2025-10-09 16:33:00,SHORT,4016.435,5.893285714285737,9.829999999999927,3.150000000000091,1.667999903037336,0.5345065813395523,23.0,1.0,1.5
2025-10-09 18:20:00,2025-10-09 19:14:00,SHORT,3961.198,8.109785714285797,6.182999999999993,13.077000000000226,0.7624122532742543,1.6124963668231616,42.0,54.0,-1.0
2025-10-09 18:30:00,2025-10-09 19:11:00,SHORT,3959.615,6.429285714285827,4.599999999999909,7.290000000000418,0.7154760582157271,1.1338740139984897,32.0,41.0,-1.0
2025-10-09 20:35:00,2025-10-09 22:00:00,SHORT,3975.675,3.5649999999999245,2.9200000000000728,3.8729999999995925,0.8190743338008792,1.0863955119213673,15.0,85.0,-1.0
2025-10-09 23:35:00,2025-10-10 00:17:00,LONG,3987.045,3.4980714285713606,5.679999999999836,3.480000000000018,1.6237518632715835,0.9948338880607928,42.0,3.0,1.5
2025-10-10 07:00:00,2025-10-10 07:01:00,SHORT,3960.345,4.953071428571353,0.0,7.380000000000109,0.0,1.4899845694591105,,1.0,-1.0
2025-10-10 07:30:00,2025-10-10 07:49:00,SHORT,3962.465,5.746642857142855,0.3200000000001637,5.929999999999836,0.055684685468562936,1.0319068275887504,3.0,19.0,-1.0
2025-10-10 16:50:00,2025-10-10 18:13:00,SHORT,3985.335,8.762571428571391,10.490000000000236,9.070000000000164,1.1971371743454624,1.0350842870651378,20.0,83.0,-1.0
2025-10-10 18:45:00,2025-10-10 19:21:00,LONG,3999.445,5.423071428571445,8.419999999999618,3.75,1.5526256865507724,0.6914900622999597,36.0,23.0,1.5
2025-10-10 20:15:00,2025-10-10 20:52:00,LONG,4008.515,5.522714285714301,9.0,2.0799999999999272,1.629633461807078,0.37662640006206705,37.0,4.0,1.5
2025-10-10 20:50:00,2025-10-10 20:51:00,LONG,4018.865,5.39049999999991,0.0,6.6599999999998545,0.0,1.2355069103051601,,1.0,-1.0
2025-10-13 00:35:00,2025-10-13 00:36:00,LONG,4051.815,7.837571428571404,0.0,11.159999999999854,0.0,1.423910467892737,,1.0,-1.0
2025-10-13 01:05:00,2025-10-13 01:17:00,LONG,4049.298,9.167642857142871,3.800000000000182,11.842999999999847,0.41450131284722247,1.2918260652761469,5.0,12.0,-1.0
2025-10-13 02:10:00,2025-10-13 02:54:00,LONG,4049.165,7.12014285714281,3.230000000000018,8.039999999999964,0.4536425834152661,1.1291908268293196,2.0,44.0,-1.0
2025-10-13 02:20:00,2025-10-13 02:37:00,LONG,4049.925,6.35492857142851,0.7599999999997635,7.160000000000309,0.11959221751392948,1.1266845755263664,4.0,17.0,-1.0
2025-10-13 03:25:00,2025-10-13 04:33:00,LONG,4051.575,4.108357142857195,6.7400000000002365,3.6399999999998727,1.6405584435906273,0.8859989220577841,68.0,28.0,1.5
2025-10-13 03:35:00,2025-10-13 03:50:00,LONG,4052.905,3.9883571428571094,3.1399999999998727,4.140000000000327,0.7872915808513814,1.0380213836704169,10.0,15.0,-1.0
2025-10-13 08:00:00,2025-10-13 08:35:00,LONG,4073.098,3.9856428571428233,2.907000000000153,4.072999999999865,0.729367909819217,1.021917955518891,14.0,35.0,-1.0
2025-10-13 09:35:00,2025-10-13 09:51:00,LONG,4071.815,2.98164285714282,5.779999999999745,1.3600000000001273,1.938528615576203,0.45612438013563994,16.0,2.0,1.5
2025-10-13 10:25:00,2025-10-13 10:49:00,LONG,4076.055,3.0302142857143672,5.350000000000364,2.7599999999997635,1.7655517054428749,0.9108266742096421,24.0,1.0,1.5
2025-10-13 13:45:00,2025-10-13 14:38:00,LONG,4091.385,5.181500000000012,7.779999999999745,3.5400000000004184,1.5014957058766238,0.6831998456046338,53.0,1.0,1.5
2025-10-13 15:50:00,2025-10-13 16:02:00,LONG,4102.225,4.15364285714278,6.4299999999993815,3.100000000000364,1.548038726762962,0.7463328231673728,12.0,1.0,1.5
2025-10-13 17:20:00,2025-10-13 17:46:00,LONG,4110.915,4.4747857142857095,4.300000000000182,4.739999999999782,0.9609398694271492,1.0592686002521592,8.0,26.0,-1.0
2025-10-14 01:10:00,2025-10-14 01:11:00,LONG,4140.255,4.978000000000001,0.0,8.789999999999964,0.0,1.7657693852952918,,1.0,-1.0
2025-10-14 04:40:00,2025-10-14 04:56:00,LONG,4162.528,4.480000000000018,6.826999999999316,3.1630000000004657,1.5238839285712698,0.7060267857143868,16.0,1.0,1.5
2025-10-14 07:30:00,2025-10-14 08:02:00,SHORT,4120.015,9.507357142857115,3.619999999999891,10.799999999999272,0.38075775902871173,1.135962375002744,2.0,32.0,-1.0
2025-10-14 07:40:00,2025-10-14 08:02:00,SHORT,4119.598,8.763285714285596,1.4229999999997744,11.216999999999643,0.16238201587790874,1.2799993479288356,3.0,22.0,-1.0
2025-10-14 15:55:00,2025-10-14 16:08:00,LONG,4137.675,4.998500000000084,3.880000000000109,8.650000000000546,0.7762328698609671,1.730519155746804,7.0,13.0,-1.0
2025-10-14 16:35:00,2025-10-14 16:36:00,LONG,4140.255,5.746571428571444,0.0,7.556999999999789,0.0,1.3150449957738373,,1.0,-1.0
2025-10-14 19:20:00,2025-10-14 19:34:00,LONG,4148.745,2.7544285714285643,1.4600000000000364,3.0999999999994543,0.5300554950469519,1.1254602977022061,6.0,14.0,-1.0
2025-10-15 00:10:00,2025-10-15 00:22:00,LONG,4168.345,3.2454285714284197,1.069999999999709,3.680000000000291,0.3296945153621935,1.1339026322741104,3.0,12.0,-1.0
2025-10-15 05:05:00,2025-10-15 05:06:00,LONG,4184.585,3.6231428571429336,0.0,5.739999999999782,0.0,1.584259916410284,,1.0,-1.0
2025-10-15 20:35:00,2025-10-15 20:36:00,LONG,4210.505,3.0997857142857095,0.0,3.287000000000262,0.0,1.0603958798996185,,1.0,-1.0
2025-10-16 02:35:00,2025-10-16 02:57:00,LONG,4232.525,4.002357142857169,6.579999999999927,3.8799999999991996,1.644031195902386,0.969428729498482,22.0,2.0,1.5
2025-10-16 04:10:00,2025-10-16 04:45:00,LONG,4234.775,3.7552142857143087,4.410000000000764,4.559999999999491,1.1743670705497178,1.214311528731335,27.0,35.0,-1.0
2025-10-16 04:55:00,2025-10-16 05:06:00,LONG,4233.315,2.911857142857246,1.1700000000000728,3.5399999999999636,0.40180542609038017,1.2157189815041392,7.0,11.0,-1.0
2025-10-16 06:40:00,2025-10-16 07:00:00,SHORT,4218.345,6.205214285714192,2.949999999999818,6.649999999999636,0.4754066280662355,1.0716793480137248,7.0,20.0,-1.0
2025-10-16 14:00:00,2025-10-16 15:06:00,LONG,4255.995,7.674285714285945,12.523000000000138,3.069999999999709,1.6318131049887998,0.4000372300818562,66.0,1.0,1.5
2025-10-16 14:50:00,2025-10-16 15:29:00,LONG,4262.398,6.923142857142856,10.550000000000182,4.313000000000102,1.523874375799622,0.6229829557178969,39.0,1.0,1.5
2025-10-16 16:55:00,2025-10-16 17:36:00,LONG,4282.495,9.287785714285812,14.480000000000473,4.069999999999709,1.559036830245595,0.438209937783074,41.0,1.0,1.5
2025-10-16 18:20:00,2025-10-16 18:21:00,LONG,4290.989,6.103714285714302,0.0,6.993999999999687,0.0,1.145859663904828,,1.0,-1.0
2025-10-16 19:05:00,2025-10-16 19:53:00,LONG,4292.615,6.309928571428633,9.539999999999964,5.1799999999993815,1.5119030099955648,0.8209284687396352,48.0,11.0,1.5
2025-10-16 19:40:00,2025-10-16 19:54:00,LONG,4296.298,4.8022857142857776,12.806999999999789,3.592999999999847,2.6668550690146757,0.7481853879104772,14.0,1.0,1.5
2025-10-17 04:30:00,2025-10-17 04:32:00,LONG,4364.835,5.671928571428517,0.0,7.0900000000001455,0.0,1.2500157416852795,,2.0,-1.0
2025-10-17 05:45:00,2025-10-17 06:13:00,LONG,4362.495,7.985928571428758,6.9099999999998545,8.05999999999949,0.865271951557612,1.009275243061369,13.0,28.0,-1.0
2025-10-17 07:25:00,2025-10-17 07:26:00,SHORT,4338.048,10.88950000000003,0.0,13.300000000000182,0.0,1.221360025712856,,1.0,-1.0
2025-10-17 08:25:00,2025-10-17 10:39:00,SHORT,4341.155,13.887571428571325,21.73999999999978,8.340000000000146,1.5654284920741013,0.6005369652207159,134.0,26.0,1.5
2025-10-17 09:10:00,2025-10-17 10:34:00,SHORT,4341.585,8.595428571428588,13.75,3.3729999999995925,1.5996875415503227,0.39241789655626086,84.0,31.0,1.5
2025-10-17 09:40:00,2025-10-17 09:41:00,SHORT,4338.035,6.744499999999854,0.0,6.9229999999997744,0.0,1.0264660093409332,,1.0,-1.0
2025-10-17 10:30:00,2025-10-17 10:31:00,SHORT,4328.995,5.237142857142836,0.0,9.840000000000146,0.0,1.8788870703764673,,1.0,-1.0
2025-10-17 14:55:00,2025-10-17 16:29:00,SHORT,4248.635,20.158285714285608,33.94000000000051,10.489999999999782,1.6836749156674662,0.5203815517192424,94.0,7.0,1.5
2025-10-17 15:45:00,2025-10-17 16:07:00,SHORT,4245.725,11.350214285714173,19.94000000000051,7.402999999999338,1.7567950258963638,0.6522343819814085,22.0,1.0,1.5
2025-10-17 17:50:00,2025-10-17 18:06:00,SHORT,4219.495,12.434571428571287,2.2470000000002983,12.920000000000073,0.18070586613361672,1.0390386250316117,8.0,16.0,-1.0
2025-10-20 01:20:00,2025-10-20 02:31:00,LONG,4255.475,10.169142857142885,15.269999999999527,7.216000000000349,1.501601483479383,0.7095976623960765,71.0,2.0,1.5
2025-10-20 17:20:00,2025-10-20 17:21:00,LONG,4347.835,4.6089285714287405,0.0,5.949999999999818,0.0,1.290972491282362,,1.0,-1.0
2025-10-21 03:10:00,2025-10-21 03:24:00,SHORT,4341.915,5.97878571428568,2.430000000000291,7.0900000000001455,0.4064370452672458,1.1858595271376486,11.0,14.0,-1.0
2025-10-21 03:30:00,2025-10-21 04:41:00,SHORT,4347.375,5.565714285714291,8.359999999999673,3.2399999999997817,1.5020533880902889,0.5821355236139233,71.0,7.0,1.5
2025-10-21 04:10:00,2025-10-21 04:51:00,SHORT,4343.545,3.864999999999912,6.730000000000473,1.9399999999995998,1.741267787839748,0.501940491591111,41.0,10.0,1.5
2025-10-21 09:35:00,2025-10-21 10:15:00,SHORT,4266.365,7.51435714285695,13.859999999999673,6.430000000000291,1.844469159038416,0.8556952880676646,40.0,1.0,1.5
2025-10-21 11:15:00,2025-10-21 11:16:00,SHORT,4260.018,7.984071428571367,0.0,12.186999999999898,0.0,1.5264141997011897,,1.0,-1.0
2025-10-22 01:15:00,2025-10-22 03:34:00,SHORT,4108.305,19.473500000000026,25.957000000000335,20.75,1.3329396359154904,1.0655506200734317,25.0,139.0,-1.0
2025-10-22 04:15:00,2025-10-22 04:47:00,LONG,4129.055,8.349357142857182,4.019999999999527,8.550000000000182,0.4814741939070854,1.0240309348025254,20.0,32.0,-1.0
2025-10-22 05:40:00,2025-10-22 05:58:00,LONG,4137.995,6.261928571428468,7.199999999999818,6.626999999999498,1.149805514047465,1.0583001585544676,9.0,18.0,-1.0
2025-10-22 07:45:00,2025-10-22 07:57:00,LONG,4142.119,8.745142857142842,5.566000000000713,10.293999999999869,0.6364675901725866,1.177110559330881,3.0,12.0,-1.0
2025-10-22 10:50:00,2025-10-22 10:51:00,SHORT,4034.698,12.475214285714369,0.0,22.477000000000317,0.0,1.8017325783124385,,1.0,-1.0
2025-10-22 12:40:00,2025-10-22 12:54:00,SHORT,4044.995,11.078714285714309,17.159999999999854,8.260000000000218,1.5489161970831935,0.7455738804141973,14.0,9.0,1.5
2025-10-22 14:30:00,2025-10-22 14:45:00,SHORT,4040.525,14.042642857142775,21.090000000000146,12.712999999999738,1.5018540466029684,0.9053139162855861,15.0,1.0,1.5
2025-10-22 15:20:00,2025-10-22 16:32:00,SHORT,4037.685,13.66371428571428,14.730000000000018,22.940000000000055,1.0780377642556946,1.6788992744077165,52.0,72.0,-1.0
2025-10-22 16:40:00,2025-10-22 16:41:00,SHORT,4050.545,9.581357142857152,0.0,10.090000000000146,0.0,1.053086723473426,,1.0,-1.0
2025-10-22 22:50:00,2025-10-22 23:10:00,LONG,4098.595,8.39814285714296,5.682999999999993,9.240000000000236,0.6766972289791869,1.1002432510589224,10.0,20.0,-1.0
2025-10-23 04:10:00,2025-10-23 04:20:00,LONG,4091.195,4.265428571428531,1.6399999999998727,4.830000000000382,0.38448656976352125,1.1323598365598162,5.0,10.0,-1.0
2025-10-23 07:00:00,2025-10-23 07:34:00,LONG,4120.355,8.347642857142935,0.4930000000003929,9.889999999999418,0.05905858796756515,1.1847655882326966,5.0,34.0,-1.0
2025-10-23 14:20:00,2025-10-23 16:20:00,LONG,4145.885,9.678785714285693,5.6899999999996,13.460000000000036,0.58788366309229,1.3906703172623551,33.0,120.0,-1.0
2025-10-23 14:55:00,2025-10-23 15:21:00,LONG,4147.945,7.992642857142722,3.6030000000000655,11.019999999999527,0.450789565403914,1.37876797411902,6.0,26.0,-1.0
2025-10-23 22:30:00,2025-10-23 22:44:00,SHORT,4119.985,5.09328571428562,8.569999999999709,2.2100000000000364,1.6826073542198152,0.4339045802597409,14.0,3.0,1.5
2025-10-23 23:05:00,2025-10-23 23:32:00,SHORT,4114.375,5.168857142857113,8.699999999999818,2.0399999999999636,1.6831573710684617,0.3946713835608819,27.0,8.0,1.5
2025-10-24 04:55:00,2025-10-24 05:03:00,SHORT,4111.315,4.262642857142964,1.126999999999498,5.190000000000509,0.26438996598342035,1.2175545017344254,4.0,8.0,-1.0
2025-10-24 05:55:00,2025-10-24 05:56:00,SHORT,4104.048,4.369785714285756,0.0,6.75,0.0,1.5446981708811987,,1.0,-1.0
2025-10-24 10:15:00,2025-10-24 10:30:00,SHORT,4065.935,5.405642857143026,11.829999999999927,1.4800000000000182,2.18845386434802,0.27378797288547163,15.0,2.0,1.5
2025-10-24 11:35:00,2025-10-24 11:46:00,SHORT,4055.495,6.291642857142896,1.0599999999999454,6.789999999999964,0.16847745876047757,1.07920938206009,4.0,11.0,-1.0
2025-10-24 12:10:00,2025-10-24 12:30:00,SHORT,4061.945,5.511642857142858,2.330000000000382,29.952999999999975,0.4227414693571445,5.434495807576164,18.0,20.0,-1.0
2025-10-24 15:00:00,2025-10-24 16:07:00,LONG,4119.745,9.010214285714548,14.502999999999702,6.710000000000036,1.6096176561520648,0.7447103683914111,67.0,18.0,1.5
2025-10-24 20:55:00,2025-10-26 22:00:00,SHORT,4111.555,3.61907142857126,47.50400000000036,1.889999999999418,13.126018907771053,0.5222334063590321,2945.0,3.0,1.5
2025-10-26 22:20:00,2025-10-26 22:44:00,SHORT,4100.998,9.198071428571277,21.399999999999636,3.300000000000182,2.3265746701560097,0.35877086035118627,24.0,2.0,1.5
2025-10-27 02:45:00,2025-10-27 03:22:00,SHORT,4071.525,5.158071428571345,6.450000000000273,5.380000000000109,1.250467367371599,1.0430254940246597,17.0,37.0,-1.0
2025-10-27 03:30:00,2025-10-27 03:39:00,SHORT,4075.549,4.290428571428622,0.5940000000000509,4.985999999999876,0.13844770752173632,1.1621216661671736,4.0,9.0,-1.0
2025-10-27 13:40:00,2025-10-27 13:47:00,SHORT,4025.215,7.775571428571506,11.800000000000182,4.0099999999997635,1.5175733524408028,0.515717724007387,7.0,1.0,1.5
2025-10-27 16:20:00,2025-10-27 16:56:00,SHORT,3991.935,6.516928571428609,8.20699999999988,7.633000000000266,1.2593355765752672,1.1712572750090764,10.0,36.0,-1.0
2025-10-27 22:30:00,2025-10-27 23:30:00,SHORT,3990.615,5.915499999999968,8.139999999999873,6.8400000000001455,1.3760459808976278,1.1562843377567718,38.0,60.0,-1.0
2025-10-28 04:00:00,2025-10-28 04:16:00,SHORT,3989.285,4.08000000000009,7.6599999999998545,4.050000000000182,1.8774509803920798,0.9926470588235522,16.0,1.0,1.5
2025-10-28 05:30:00,2025-10-28 06:12:00,SHORT,3964.455,7.152857142857134,11.509999999999764,5.680000000000291,1.609147193928469,0.7940882764130635,42.0,3.0,1.5
2025-10-28 13:15:00,2025-10-28 13:16:00,LONG,3932.665,6.4749285714285305,0.0,9.480000000000018,0.0,1.4641088153206443,,1.0,-1.0
2025-10-28 16:45:00,2025-10-28 17:08:00,LONG,3956.165,5.536000000000058,8.86999999999989,3.550000000000182,1.602239884393027,0.6412572254335521,23.0,1.0,1.5
2025-10-28 19:00:00,2025-10-28 19:12:00,LONG,3956.998,4.608857142857199,1.45699999999988,6.253000000000156,0.31613043208725544,1.356735478271668,5.0,12.0,-1.0
2025-10-29 12:40:00,2025-10-29 13:00:00,LONG,4025.858,5.22971428571431,1.9269999999996799,7.443000000000211,0.36847137237755945,1.423213505244789,10.0,20.0,-1.0
2025-10-29 17:55:00,2025-10-29 18:01:00,SHORT,3993.958,4.3657142857143425,15.873000000000047,1.6469999999999345,3.6358311518324244,0.37725785340312146,6.0,5.0,1.5
2025-10-30 03:40:00,2025-10-30 04:00:00,SHORT,3932.345,5.899285714285692,2.6099999999996726,8.300000000000182,0.4424264438793505,1.4069499939460346,10.0,20.0,-1.0
2025-10-30 06:15:00,2025-10-30 06:36:00,LONG,3966.055,7.898642857142899,4.330000000000382,9.159999999999854,0.5481954404464151,1.1596928948010716,5.0,21.0,-1.0
2025-10-30 06:40:00,2025-10-30 07:00:00,LONG,3965.345,7.728357142857216,11.680000000000291,5.6899999999996,1.5113173193342009,0.7362496187509233,20.0,3.0,1.5
2025-10-30 06:55:00,2025-10-30 06:56:00,LONG,3976.595,7.866928571428649,0.0,8.75,0.0,1.112251105441394,,1.0,-1.0
2025-10-30 08:25:00,2025-10-30 09:01:00,LONG,3972.735,5.8159285714285875,11.679999999999836,4.75,2.008277759355431,0.8167225476830848,36.0,1.0,1.5
2025-10-30 12:55:00,2025-10-30 12:56:00,SHORT,3960.965,7.306428571428602,0.0,10.269999999999982,0.0,1.4056114967249893,,1.0,-1.0
2025-10-30 18:05:00,2025-10-30 18:29:00,LONG,4005.295,4.864500000000005,7.5900000000001455,3.380000000000109,1.5602836879432906,0.694829890019551,24.0,2.0,1.5
2025-10-30 18:15:00,2025-10-30 18:30:00,LONG,4006.989,4.902642857142837,8.346000000000004,3.369999999999891,1.7023471305564133,0.6873843553768182,15.0,1.0,1.5
2025-10-30 22:25:00,2025-10-30 22:33:00,LONG,4020.455,3.6064285714285234,6.599999999999909,2.5299999999997453,1.8300653594771235,0.7015250544661696,8.0,1.0,1.5
2025-10-31 07:45:00,2025-10-31 08:54:00,LONG,4017.915,5.968071428571387,8.893000000000029,11.460000000000036,1.490096106662852,1.9202183045492276,22.0,69.0,-1.0
2025-10-31 07:55:00,2025-10-31 08:52:00,LONG,4020.755,6.1152142857142735,6.052999999999884,6.619999999999891,0.9898263114246497,1.082545875042326,12.0,57.0,-1.0
2025-10-31 11:15:00,2025-10-31 11:27:00,SHORT,4003.765,3.9935714285713857,2.3299999999999272,4.019999999999982,0.5834376676801883,1.0066177785727124,7.0,12.0,-1.0
2025-10-31 11:30:00,2025-10-31 11:40:00,SHORT,4003.198,3.907642857142816,1.5629999999996471,4.287000000000262,0.3999853766427567,1.0970808123275686,5.0,10.0,-1.0
2025-10-31 14:15:00,2025-10-31 14:28:00,LONG,4025.025,7.161928571428624,0.6900000000000546,7.660000000000309,0.09634276481794302,1.0695443166745144,9.0,13.0,-1.0
2025-10-31 20:15:00,2025-10-31 20:28:00,SHORT,3997.625,4.335214285714301,0.650000000000091,4.472999999999956,0.1499349183596336,1.0317829074192932,1.0,13.0,-1.0
2025-11-03 04:25:00,2025-11-03 05:03:00,LONG,4005.235,4.234071428571464,2.1700000000000728,4.670000000000073,0.5125090675979008,1.1029573021576746,15.0,38.0,-1.0
2025-11-03 05:20:00,2025-11-03 05:30:00,LONG,4007.425,4.074000000000102,7.169999999999618,2.6400000000003274,1.7599410898378591,0.6480117820324648,10.0,3.0,1.5
2025-11-03 06:15:00,2025-11-03 06:32:00,LONG,4016.885,3.8130714285713827,1.449999999999818,4.050000000000182,0.38027087274970867,1.0621358859562637,9.0,17.0,-1.0
2025-11-03 09:05:00,2025-11-03 09:06:00,LONG,4025.255,4.567857142857098,0.0,5.757000000000062,0.0,1.2603283815481103,,1.0,-1.0
2025-11-03 12:40:00,2025-11-03 12:48:00,SHORT,4007.965,3.2321428571428896,0.3400000000001455,4.679999999999836,0.10519337016578982,1.4479558011049072,4.0,8.0,-1.0
2025-11-03 14:20:00,2025-11-03 14:28:00,LONG,4016.018,4.114214285714264,4.199999999999818,6.699999999999818,1.0208510564419133,1.6285004948002213,2.0,8.0,-1.0
2025-11-03 16:00:00,2025-11-03 16:08:00,LONG,4011.498,7.6250714285714105,1.7109999999997854,8.273000000000138,0.2243913405963134,1.0849734428717503,4.0,8.0,-1.0
2025-11-03 17:55:00,2025-11-03 18:15:00,SHORT,4005.849,3.027571428571361,4.874000000000251,0.8799999999996544,1.6098711838815891,0.2906620110412739,20.0,1.0,1.5
2025-11-03 19:40:00,2025-11-03 19:52:00,SHORT,4000.355,3.927857142857257,0.9200000000000728,4.179999999999836,0.23422440443718212,1.064193489725332,5.0,12.0,-1.0
2025-11-03 23:05:00,2025-11-03 23:06:00,SHORT,3997.785,3.087642857142847,1.599999999999909,5.920000000000073,0.5181946468642006,1.9173201933976747,1.0,1.0,-1.0
2025-11-04 05:40:00,2025-11-04 05:47:00,SHORT,3976.105,4.203571428571422,3.5300000000002,4.300000000000182,0.8397621070518756,1.0229396771453294,5.0,7.0,-1.0
2025-11-04 09:30:00,2025-11-04 09:31:00,LONG,3998.445,3.8854999999999955,0.0,6.630000000000109,0.0,1.7063440998584782,,1.0,-1.0
2025-11-04 12:10:00,2025-11-04 12:11:00,LONG,3996.445,2.7888571428570685,0.0,2.7899999999999636,0.0,1.0004097940784893,,1.0,-1.0
2025-11-04 17:15:00,2025-11-04 17:57:00,SHORT,3961.555,4.897428571428561,9.406999999999698,3.400000000000091,1.9208039204246552,0.6942418762032754,42.0,20.0,1.5
2025-11-04 17:50:00,2025-11-04 18:18:00,SHORT,3956.625,4.842642857142794,7.4699999999998,3.269999999999982,1.5425461303597292,0.6752511173060806,28.0,1.0,1.5
2025-11-04 20:45:00,2025-11-04 21:27:00,SHORT,3937.245,4.164999999999964,6.5,2.9900000000002365,1.5606242496998937,0.7178871548620078,42.0,3.0,1.5
2025-11-04 21:00:00,2025-11-04 21:01:00,SHORT,3934.195,3.9745714285714127,0.0,4.1599999999998545,0.0,1.0466537272661598,,1.0,-1.0
2025-11-04 21:10:00,2025-11-04 23:05:00,SHORT,3934.005,3.6381428571428387,3.730000000000018,4.170000000000073,1.0252483606235623,1.1461891860054445,35.0,115.0,-1.0
2025-11-05 07:10:00,2025-11-05 07:56:00,LONG,3966.125,4.084071428571373,6.199999999999818,2.6399999999998727,1.5180929394686435,0.6464137677737328,46.0,13.0,1.5
2025-11-05 07:25:00,2025-11-05 07:56:00,LONG,3965.885,3.8199999999999688,6.4399999999996,0.7200000000002547,1.6858638743454588,0.18848167539273836,31.0,7.0,1.5
2025-11-05 10:50:00,2025-11-05 10:51:00,SHORT,3961.995,4.136428571428529,0.0,5.559999999999945,0.0,1.3441547228457957,,1.0,-1.0
2025-11-05 11:20:00,2025-11-05 11:40:00,SHORT,3958.555,3.652571428571361,1.3599999999996726,3.8600000000001273,0.3723404255318321,1.0567897371715187,5.0,20.0,-1.0
2025-11-05 15:40:00,2025-11-05 16:14:00,LONG,3982.855,6.519714285714242,1.2399999999997817,7.367000000000189,0.19019238354000023,1.129957491564084,4.0,34.0,-1.0
2025-11-05 17:25:00,2025-11-05 19:42:00,LONG,3982.145,3.9307142857143327,6.210000000000036,3.4099999999998545,1.5798655278938665,0.8675268035616462,137.0,78.0,1.5
2025-11-05 18:05:00,2025-11-05 18:42:00,LONG,3981.885,2.9464285714286365,3.9299999999998363,3.130000000000109,1.3338181818180967,1.0623030303030438,18.0,37.0,-1.0
2025-11-05 19:35:00,2025-11-05 19:36:00,LONG,3985.625,2.6118571428571613,0.0,2.7100000000000364,0.0,1.037575890171204,,1.0,-1.0
2025-11-06 00:15:00,2025-11-06 00:56:00,SHORT,3972.125,2.9636428571429536,2.730000000000018,3.0100000000002183,0.9211636258465453,1.0156419464462578,26.0,41.0,-1.0
2025-11-06 04:55:00,2025-11-06 05:08:00,LONG,3988.595,2.0295714285714115,1.5400000000004184,2.3599999999996726,0.7587808826636883,1.1628070669386814,11.0,13.0,-1.0
2025-11-06 10:50:00,2025-11-06 10:51:00,LONG,4008.205,2.4033571428571707,0.0,2.4600000000000364,0.0,1.0235682230213723,,1.0,-1.0
2025-11-06 11:10:00,2025-11-06 11:22:00,LONG,4009.638,2.1805000000000354,0.3400000000001455,2.2199999999998,0.1559275395552121,1.0181151112129163,6.0,12.0,-1.0
2025-11-06 11:25:00,2025-11-06 11:33:00,LONG,4009.205,2.211428571428639,3.4700000000002547,2.1700000000000728,1.569121447028491,0.9812661498708041,8.0,1.0,1.5
2025-11-06 12:15:00,2025-11-06 12:35:00,LONG,4013.598,3.03478571428572,0.7669999999998254,3.619999999999891,0.2527361310517931,1.1928354555510714,4.0,20.0,-1.0
2025-11-06 13:45:00,2025-11-06 14:00:00,LONG,4015.255,3.5885714285714454,0.5299999999997453,4.900000000000091,0.14769108280247611,1.3654458598726305,3.0,15.0,-1.0
2025-11-06 20:45:00,2025-11-06 21:52:00,SHORT,3981.118,3.0752857142856556,4.663000000000011,2.23700000000008,1.5162818785711292,0.7274120871464143,67.0,3.0,1.5
2025-11-06 20:55:00,2025-11-06 23:00:00,SHORT,3980.388,2.8669999999999294,6.632999999999811,1.5470000000000255,2.3135681897453693,0.5395884199511907,125.0,5.0,1.5
2025-11-07 01:00:00,2025-11-07 01:01:00,LONG,3993.298,2.790214285714228,0.0,4.502999999999702,0.0,1.6138545426617803,,1.0,-1.0
2025-11-07 04:45:00,2025-11-07 05:23:00,LONG,3996.235,2.7638571428571077,2.449999999999818,3.180000000000291,0.8864423424819841,1.1505659792217047,26.0,38.0,-1.0
2025-11-07 06:30:00,2025-11-07 06:31:00,LONG,4001.995,3.379999999999979,0.0,5.1599999999998545,0.0,1.5266272189348777,,1.0,-1.0
2025-11-07 07:50:00,2025-11-07 08:10:00,LONG,4005.405,2.986928571428572,4.5099999999997635,1.3700000000003456,1.5099122366500868,0.45866513618874705,20.0,3.0,1.5
2025-11-07 09:10:00,2025-11-07 09:33:00,LONG,4010.575,2.856071428571405,3.400000000000091,4.419999999999618,1.1904464174065692,1.5475803426283647,8.0,23.0,-1.0
2025-11-07 11:00:00,2025-11-07 11:01:00,LONG,4011.425,2.82214285714284,0.0,3.5100000000002183,0.0,1.2437357630980348,,1.0,-1.0
2025-11-07 12:10:00,2025-11-07 12:29:00,SHORT,4005.565,4.457857142857132,7.4900000000002365,2.5599999999999454,1.6801794584201821,0.5742669443999251,19.0,1.0,1.5
2025-11-07 15:55:00,2025-11-07 16:05:00,SHORT,3990.775,5.100928571428605,0.9900000000002365,5.949999999999818,0.1940823099436128,1.1664542870345302,6.0,10.0,-1.0
2025-11-07 16:15:00,2025-11-07 16:22:00,SHORT,3996.075,4.47735714285711,0.7599999999997635,5.730000000000018,0.16974299251785602,1.279772825167922,5.0,7.0,-1.0
2025-11-07 18:30:00,2025-11-07 20:18:00,LONG,4004.165,3.957357142857258,4.630000000000109,7.570000000000164,1.169972745158198,1.9128928036387778,33.0,108.0,-1.0
2025-11-07 18:50:00,2025-11-07 19:37:00,LONG,4005.955,3.543571428571535,2.8400000000001455,4.150000000000091,0.8014513202983439,1.1711348518443767,13.0,47.0,-1.0
2025-11-07 21:30:00,2025-11-09 23:01:00,SHORT,4000.315,2.649285714285757,3.617000000000189,6.382999999999811,1.365273658668154,2.4093286600160666,2970.0,2971.0,-1.0
2025-11-09 23:50:00,2025-11-10 00:03:00,LONG,4008.295,4.219571428571369,8.11999999999989,2.7400000000002365,1.9243660493618189,0.6493550462132893,13.0,1.0,1.5
2025-11-10 10:10:00,2025-11-10 10:46:00,LONG,4081.085,4.2675714285714355,2.163000000000011,4.420000000000073,0.5068456465704835,1.0357178723261962,31.0,36.0,-1.0
2025-11-11 02:20:00,2025-11-11 02:30:00,LONG,4136.665,4.681714285714212,0.7399999999997817,6.119999999999891,0.1580617600390136,1.3072134749176099,3.0,10.0,-1.0
2025-11-11 02:55:00,2025-11-11 03:16:00,LONG,4137.855,4.390999999999882,7.400000000000546,2.699999999999818,1.68526531541807,0.6148941015713711,21.0,1.0,1.5
2025-11-11 04:25:00,2025-11-11 05:02:00,LONG,4143.835,2.478142857142757,2.3599999999996726,3.23700000000008,0.9523260506138455,1.306220095693865,15.0,37.0,-1.0
2025-11-11 09:00:00,2025-11-11 09:01:00,LONG,4141.365,3.684500000000168,0.0,7.1599999999998545,0.0,1.9432758854660137,,1.0,-1.0
2025-11-11 11:25:00,2025-11-11 12:12:00,LONG,4140.909,2.901428571428499,3.6159999999999854,3.844000000000051,1.2462826193993368,1.324864598719893,17.0,47.0,-1.0
2025-11-11 11:35:00,2025-11-11 12:12:00,LONG,4140.935,2.9872142857142796,3.589999999999236,3.8700000000008004,1.2017885751175106,1.2955213887762445,7.0,37.0,-1.0
2025-11-11 16:50:00,2025-11-11 17:13:00,SHORT,4113.575,3.832714285714246,2.0,3.9899999999997817,0.5218234000521877,1.0410376831040575,6.0,23.0,-1.0
2025-11-11 23:10:00,2025-11-11 23:11:00,LONG,4132.775,2.410642857142778,0.0,2.769999999999527,0.0,1.1490710835875035,,1.0,-1.0
2025-11-12 09:55:00,2025-11-12 10:25:00,LONG,4124.475,3.3606428571428557,3.6299999999991996,3.630000000000109,1.0801504814127572,1.0801504814130278,22.0,30.0,-1.0
2025-11-12 11:40:00,2025-11-12 11:56:00,LONG,4128.225,3.2835714285713817,0.42999999999938154,4.760000000000218,0.13095497063283507,1.4496410702633022,5.0,16.0,-1.0
2025-11-12 19:45:00,2025-11-12 20:06:00,LONG,4197.598,4.689714285714282,2.04700000000048,5.502999999999702,0.43648714512012227,1.1734190325331406,9.0,21.0,-1.0
2025-11-12 20:10:00,2025-11-12 20:37:00,LONG,4197.335,5.225285714285811,2.0799999999999272,5.510000000000218,0.3980643573830336,1.0544877928753262,5.0,27.0,-1.0
2025-11-12 20:50:00,2025-11-12 21:15:00,LONG,4195.615,3.9680714285715504,3.5900000000001455,4.889999999999418,0.9047216171943998,1.23233668748744,3.0,25.0,-1.0
2025-11-12 21:05:00,2025-11-12 21:15:00,LONG,4195.948,3.6285714285715716,0.5999999999994543,5.222999999999956,0.1653543307085045,1.439409448818829,4.0,10.0,-1.0
2025-11-13 02:30:00,2025-11-13 02:39:00,SHORT,4185.355,5.568357142857102,2.0999999999994543,6.970000000000255,0.37713098246459686,1.2517156894185806,4.0,9.0,-1.0
2025-11-13 04:55:00,2025-11-13 05:09:00,LONG,4209.165,4.398071428571451,6.619999999999891,2.7969999999995707,1.5052052035794585,0.6359605671315964,14.0,1.0,1.5
2025-11-13 10:40:00,2025-11-13 10:53:00,LONG,4233.279,3.7487142857142834,1.155999999999949,5.084000000000742,0.3083723943447143,1.356198315613171,6.0,13.0,-1.0
2025-11-13 11:50:00,2025-11-13 12:47:00,LONG,4231.785,4.66171428571423,7.010000000000218,2.619999999999891,1.5037386614366914,0.5620250061289365,57.0,1.0,1.5
2025-11-13 16:35:00,2025-11-13 16:36:00,SHORT,4199.915,6.555500000000133,0.0,7.880000000000109,0.0,1.2020440851193577,,1.0,-1.0
2025-11-13 18:05:00,2025-11-13 18:25:00,SHORT,4201.545,5.0428571428571685,7.890000000000327,1.4799999999995634,1.5645892351275357,0.29348441926336805,20.0,9.0,1.5
2025-11-13 19:45:00,2025-11-13 21:08:00,SHORT,4165.569,7.194857142857018,5.574000000000524,12.415999999999258,0.7747200381225547,1.7256770709236025,21.0,83.0,-1.0
2025-11-13 19:55:00,2025-11-13 20:29:00,SHORT,4163.655,6.255999999999923,3.6599999999998545,6.630000000000109,0.5850383631713394,1.0597826086956827,11.0,34.0,-1.0
2025-11-13 20:40:00,2025-11-13 21:07:00,SHORT,4164.535,4.7909285714285295,3.9700000000002547,6.130000000000109,0.8286493820166692,1.2795014387309689,13.0,27.0,-1.0
2025-11-14 04:30:00,2025-11-14 04:31:00,LONG,4202.925,3.167857142857104,0.0,5.25,0.0,1.6572717023675514,,1.0,-1.0
2025-11-14 05:50:00,2025-11-14 06:16:00,SHORT,4191.885,4.894999999999982,8.289999999999964,1.6199999999998909,1.6935648621041868,0.33094994892745594,26.0,1.0,1.5
2025-11-14 14:45:00,2025-11-14 14:53:00,SHORT,4063.459,12.222642857142903,0.49399999999968713,14.816000000000258,0.04041679085067874,1.2121764640567732,5.0,8.0,-1.0
2025-11-14 15:20:00,2025-11-14 15:47:00,SHORT,4074.795,12.355857142857174,3.630000000000109,14.13000000000011,0.29378779294956353,1.1435871940433169,4.0,27.0,-1.0
2025-11-14 16:10:00,2025-11-14 16:19:00,SHORT,4083.845,9.706428571428628,1.8099999999999454,12.889999999999873,0.18647435425711303,1.327985870924992,1.0,9.0,-1.0
2025-11-17 09:20:00,2025-11-17 10:32:00,LONG,4082.905,4.770214285714246,6.359999999999673,5.050000000000182,1.3332734378508926,1.0586526511238359,58.0,72.0,-1.0
2025-11-17 11:00:00,2025-11-17 11:07:00,SHORT,4063.085,5.15949999999998,2.1799999999998363,6.019999999999982,0.42252156216684655,1.1667797267177062,3.0,7.0,-1.0
2025-11-17 14:15:00,2025-11-17 14:34:00,SHORT,4067.045,6.0457142857142765,3.1100000000001273,7.369999999999891,0.5144139886578668,1.2190453686200216,10.0,19.0,-1.0
2025-11-17 15:15:00,2025-11-17 15:16:00,SHORT,4062.305,7.195000000000001,0.0,7.320000000000164,0.0,1.0173731758165618,,1.0,-1.0
2025-11-17 23:55:00,2025-11-18 00:23:00,SHORT,4036.345,5.946642857142868,9.299999999999727,3.6700000000000728,1.5639076069330347,0.6171549373596257,28.0,16.0,1.5
2025-11-18 01:40:00,2025-11-18 01:54:00,SHORT,4032.655,6.439785714285757,10.080000000000382,6.099999999999909,1.5652694743614406,0.9472364874607424,14.0,1.0,1.5
2025-11-18 06:10:00,2025-11-18 07:11:00,SHORT,4012.465,5.118571428571353,7.687000000000353,3.5399999999999636,1.5017862126710373,0.6915992185319596,61.0,1.0,1.5
2025-11-18 12:50:00,2025-11-18 13:03:00,LONG,4033.805,4.96550000000002,9.710000000000036,4.899999999999636,1.9554929010170168,0.9868089819755547,13.0,8.0,1.5
2025-11-18 13:20:00,2025-11-18 13:35:00,LONG,4048.568,6.017071428571431,11.82699999999977,3.5700000000001637,1.9655741402437912,0.5933118864184317,15.0,2.0,1.5
2025-11-18 17:30:00,2025-11-18 17:32:00,LONG,4066.105,5.091428571428521,0.0,5.420000000000073,0.0,1.0645342312009227,,2.0,-1.0
2025-11-19 04:35:00,2025-11-19 05:16:00,LONG,4075.275,3.488571428571374,9.922999999999774,3.0,2.8444307944307745,0.8599508599508735,41.0,1.0,1.5
2025-11-19 07:30:00,2025-11-19 07:41:00,LONG,4090.745,3.4497857142857162,5.180000000000291,2.8969999999999345,1.5015425388741337,0.8397623040768383,11.0,1.0,1.5
2025-11-19 12:35:00,2025-11-19 12:53:00,LONG,4118.445,3.3028571428571274,1.1900000000005093,4.969999999999345,0.3602941176472147,1.5047577854669367,6.0,18.0,-1.0
2025-11-19 14:10:00,2025-11-19 14:11:00,LONG,4117.465,5.924285714285751,0.0,5.940000000000509,0.0,1.002652519893979,,1.0,-1.0
2025-11-19 19:10:00,2025-11-19 21:15:00,SHORT,4077.865,6.054285714285697,12.329999999999927,4.0900000000001455,2.036573855592254,0.6755545068428763,125.0,70.0,1.5
2025-11-19 20:40:00,2025-11-19 21:15:00,SHORT,4076.915,4.2857142857143185,11.38000000000011,1.2200000000002547,2.6553333333333384,0.2846666666667239,35.0,14.0,1.5
2025-11-20 03:30:00,2025-11-20 03:33:00,SHORT,4069.915,6.0771428571426895,0.0,6.1599999999998545,0.0,1.0136342266102532,,3.0,-1.0
2025-11-20 03:40:00,2025-11-20 03:59:00,SHORT,4065.735,6.159714285714115,1.1200000000003456,6.929999999999836,0.18182661533472416,1.125052182383232,10.0,19.0,-1.0
2025-11-20 20:15:00,2025-11-20 20:26:00,LONG,4080.305,5.523357142857192,0.8900000000003274,6.279999999999745,0.1611338859648567,1.1369896672571762,4.0,11.0,-1.0
2025-11-20 20:55:00,2025-11-20 23:02:00,LONG,4077.105,4.3685714285714505,3.730000000000018,4.730000000000018,0.8538260300850228,1.082733812949639,32.0,127.0,-1.0
2025-11-20 21:15:00,2025-11-20 23:00:00,LONG,4079.095,4.123571428571528,1.7400000000002365,5.746999999999844,0.42196431664650486,1.3936947860730275,12.0,105.0,-1.0
2025-11-21 01:00:00,2025-11-21 01:01:00,SHORT,4065.395,5.044285714285674,0.0,6.400000000000091,0.0,1.2687623902577456,,1.0,-1.0
2025-11-21 04:30:00,2025-11-21 04:31:00,SHORT,4053.175,4.53957142857137,0.0,6.589999999999691,0.0,1.4516788872454427,,1.0,-1.0
2025-11-21 07:45:00,2025-11-21 08:03:00,SHORT,4031.965,5.103571428571513,9.890000000000327,3.3599999999996726,1.9378586424073099,0.6583624912525492,18.0,10.0,1.5
2025-11-21 14:45:00,2025-11-21 15:39:00,LONG,4067.415,6.1328571428571195,9.090000000000146,7.039999999999964,1.4821802935010775,1.147915210808291,15.0,54.0,-1.0
2025-11-21 15:20:00,2025-11-21 15:31:00,LONG,4073.369,6.649214285714281,2.875999999999749,6.7840000000001055,0.4325323077914309,1.0202709235248153,5.0,11.0,-1.0
2025-11-21 18:45:00,2025-11-21 18:46:00,LONG,4084.359,4.683571428571407,0.0,5.094000000000051,0.0,1.0876315388134976,,1.0,-1.0
2025-11-24 03:10:00,2025-11-24 03:30:00,SHORT,4046.405,3.403357142857203,2.0300000000002,4.489999999999782,0.5964698721850756,1.3192855793648253,15.0,20.0,-1.0
2025-11-24 05:30:00,2025-11-24 05:43:00,SHORT,4045.365,3.7242857142857377,3.099999999999909,3.9200000000000728,0.8323743766781445,1.0525508247027364,3.0,13.0,-1.0
2025-11-24 05:45:00,2025-11-24 05:46:00,SHORT,4041.655,3.8471428571428987,0.0,4.709999999999582,0.0,1.2242851838097555,,1.0,-1.0
2025-11-24 07:15:00,2025-11-24 07:38:00,LONG,4055.305,3.67928571428573,7.820000000000164,3.619999999999891,2.125412541254161,0.9838866239564795,23.0,14.0,1.5
2025-11-24 07:30:00,2025-11-24 07:31:00,LONG,4058.255,3.761428571428561,0.0,4.940000000000055,0.0,1.3133308013672798,,1.0,-1.0
2025-11-24 10:40:00,2025-11-24 10:52:00,LONG,4069.955,4.32021428571433,0.6829999999999927,5.429999999999836,0.1580940098870724,1.256882099102176,4.0,12.0,-1.0
2025-11-24 12:20:00,2025-11-24 12:33:00,LONG,4069.425,2.914714285714321,4.4099999999998545,1.7400000000002365,1.5130127922363674,0.5969710336715928,13.0,7.0,1.5
2025-11-25 02:15:00,2025-11-25 02:16:00,LONG,4145.005,5.130499999999951,0.0,8.907000000000153,0.0,1.736088100575039,,1.0,-1.0
2025-11-25 07:35:00,2025-11-25 08:18:00,SHORT,4135.205,3.8193571428571107,5.420000000000073,3.9329999999999927,1.4190869817284446,1.0297544463354036,24.0,43.0,-1.0
2025-11-25 09:20:00,2025-11-25 10:03:00,SHORT,4126.705,6.044000000000129,4.899999999999636,6.579999999999927,0.8107213765717293,1.088682991396391,11.0,43.0,-1.0
2025-11-25 09:50:00,2025-11-25 10:03:00,SHORT,4125.905,5.511000000000097,0.2669999999998254,7.380000000000109,0.04844855743056082,1.3391399020141497,4.0,13.0,-1.0
2025-11-25 13:15:00,2025-11-25 14:27:00,LONG,4142.195,5.659499999999882,8.353000000000065,7.509999999999309,1.4759254351091509,1.326972347380416,24.0,72.0,-1.0
2025-11-25 15:20:00,2025-11-25 16:17:00,SHORT,4127.465,8.303285714285655,7.1599999999998545,12.819999999999709,0.8623092407480574,1.543967104244423,36.0,57.0,-1.0
2025-11-25 21:00:00,2025-11-25 21:10:00,SHORT,4128.145,3.378071428571405,0.467000000000553,3.6899999999996,0.13824456050594777,1.0923392468228863,3.0,10.0,-1.0
2025-11-26 01:05:00,2025-11-26 01:13:00,LONG,4143.498,3.7730714285713867,2.097000000000662,4.3729999999995925,0.5557806258639153,1.1590027071539855,3.0,8.0,-1.0
2025-11-26 04:30:00,2025-11-26 04:31:00,LONG,4160.325,3.0495714285713285,0.0,3.2899999999999636,0.0,1.078840118049398,,1.0,-1.0
2025-11-26 04:50:00,2025-11-26 05:09:00,LONG,4161.255,2.8791428571426616,5.170000000000073,1.3500000000003638,1.7956733154710216,0.4688895504616051,19.0,6.0,1.5
2025-11-26 09:25:00,2025-11-26 09:47:00,LONG,4162.445,4.288357142857096,1.2100000000000364,4.336999999999534,0.28215933507671426,1.0113430051467285,5.0,22.0,-1.0
2025-11-26 10:25:00,2025-11-26 10:30:00,LONG,4163.005,2.806928571428606,1.8400000000001455,3.6500000000005457,0.6555207776675502,1.3003537165688732,2.0,5.0,-1.0
2025-11-26 14:50:00,2025-11-26 15:00:00,SHORT,4148.345,6.3264999999998635,12.670000000000073,2.8299999999999272,2.0026871097763923,0.4473247451197326,10.0,5.0,1.5
2025-11-26 18:10:00,2025-11-26 18:11:00,LONG,4170.885,2.5437857142856695,0.0,2.6500000000005457,0.0,1.0417544155226546,,1.0,-1.0
2025-11-26 19:25:00,2025-11-26 19:43:00,LONG,4167.245,3.5197857142857822,0.8599999999996726,4.880000000000109,0.24433305598951202,1.3864480386387201,2.0,18.0,-1.0
2025-11-27 13:55:00,2025-11-27 14:09:00,SHORT,4154.705,3.199499999999911,1.2600000000002183,3.9600000000000364,0.3938115330521185,1.2376933895921696,2.0,14.0,-1.0
2025-11-27 15:15:00,2025-11-27 16:04:00,LONG,4158.775,2.67164285714281,2.800000000000182,2.8799999999991996,1.0480442745235206,1.0779883966523944,14.0,49.0,-1.0
2025-11-27 17:10:00,2025-11-27 17:32:00,SHORT,4155.095,1.9407142857142259,0.6300000000001091,1.9600000000000364,0.3246227456754435,1.0099374309901124,9.0,22.0,-1.0
2025-11-28 02:45:00,2025-11-28 03:09:00,LONG,4188.465,2.3845000000001813,3.1899999999996,3.0200000000004366,1.3378066680643144,1.2665128957853666,20.0,24.0,-1.0
2025-11-28 03:00:00,2025-11-28 03:07:00,LONG,4191.115,2.455928571428688,0.5399999999999636,3.130000000000109,0.21987610156179307,1.27446703312682,5.0,7.0,-1.0
2025-11-28 15:40:00,2025-11-28 16:21:00,LONG,4197.195,6.153642857142911,9.63000000000011,3.3099999999994907,1.5649266984712928,0.5378927696717678,41.0,3.0,1.5
2025-12-01 00:10:00,2025-12-01 00:28:00,LONG,4222.755,5.4652857142857885,9.609999999999673,4.699999999999818,1.758371017068688,0.8599733382125697,18.0,14.0,1.5
2025-12-01 01:20:00,2025-12-01 01:31:00,LONG,4229.675,6.551500000000033,10.199999999999818,3.3900000000003274,1.5568953674730621,0.5174387544837534,11.0,1.0,1.5
2025-12-01 01:35:00,2025-12-01 01:56:00,LONG,4241.315,6.74292857142869,10.44000000000051,5.399999999999636,1.5482886833826395,0.8008389741633413,21.0,1.0,1.5
2025-12-01 02:40:00,2025-12-01 03:14:00,LONG,4239.509,6.078285714285812,4.145999999999731,7.16399999999976,0.6821002162263243,1.1786217918585482,20.0,34.0,-1.0
2025-12-01 02:55:00,2025-12-01 03:11:00,LONG,4242.475,5.510857142857276,1.1799999999993815,5.520000000000437,0.21412277063447407,1.0016590626296693,5.0,16.0,-1.0
2025-12-01 04:40:00,2025-12-01 04:53:00,LONG,4241.765,2.743928571428764,4.899999999999636,0.8200000000006185,1.7857607705320864,0.29884159833418855,13.0,2.0,1.5
2025-12-01 06:15:00,2025-12-01 06:45:00,SHORT,4229.295,6.061642857142813,3.4099999999998545,7.220000000000255,0.5625537631240742,1.1910962374651415,8.0,30.0,-1.0
2025-12-01 06:35:00,2025-12-01 06:45:00,SHORT,4231.195,4.428785714285628,1.519999999999527,5.3200000000006185,0.3432091995547601,1.2012321984421739,4.0,10.0,-1.0
2025-12-01 09:55:00,2025-12-01 09:56:00,LONG,4249.755,3.3955000000000837,0.0,5.5900000000001455,0.0,1.6462965689883693,,1.0,-1.0
2025-12-01 11:35:00,2025-12-01 12:03:00,LONG,4255.648,3.3624285714286737,2.5670000000000073,3.4130000000004657,0.7634362917958748,1.0150401495518773,9.0,28.0,-1.0
2025-12-01 14:05:00,2025-12-01 14:06:00,LONG,4247.705,5.7652857142855805,0.0,9.279999999999745,0.0,1.6096340164035912,,1.0,-1.0
2025-12-01 19:50:00,2025-12-01 19:59:00,SHORT,4231.955,4.189214285714245,2.8659999999999854,4.960000000000036,0.6841378369622703,1.1839929069549555,3.0,9.0,-1.0
2025-12-02 03:55:00,2025-12-02 04:04:00,SHORT,4216.515,3.151428571428499,0.9400000000005093,3.9099999999998545,0.2982774252041576,1.2407071622846606,4.0,9.0,-1.0
2025-12-02 07:50:00,2025-12-02 08:13:00,SHORT,4211.305,3.029285714285769,4.430000000000291,3.4299999999993815,1.4623909455317838,1.1322801226123667,18.0,23.0,-1.0
2025-12-02 08:50:00,2025-12-02 09:06:00,SHORT,4211.465,3.579999999999992,6.079999999999927,1.5100000000002183,1.698324022346352,0.4217877094972686,16.0,14.0,1.5
2025-12-02 14:45:00,2025-12-02 14:46:00,LONG,4222.988,5.77349999999998,0.0,8.853000000000065,0.0,1.533385294881804,,1.0,-1.0
2025-12-02 23:40:00,2025-12-02 23:49:00,LONG,4208.605,3.1525000000000154,5.660000000000764,1.4399999999995998,1.7954004758130806,0.4567803330688637,9.0,1.0,1.5
2025-12-03 00:30:00,2025-12-03 00:40:00,LONG,4209.545,3.1333571428571565,1.4700000000002547,3.600000000000364,0.4691453712358601,1.148927439761207,8.0,10.0,-1.0
2025-12-03 02:00:00,2025-12-03 02:01:00,LONG,4220.905,4.246928571428531,0.0,5.1899999999996,0.0,1.2220596397395613,,1.0,-1.0
2025-12-03 07:10:00,2025-12-03 07:32:00,SHORT,4205.855,3.335928571428667,5.789999999999964,3.2000000000007276,1.7356486735326888,0.9592531529025737,22.0,1.0,1.5
2025-12-03 07:20:00,2025-12-03 07:21:00,SHORT,4203.215,3.434285714285774,0.0,4.760000000000218,0.0,1.3860232945091908,,1.0,-1.0
2025-12-03 08:30:00,2025-12-03 08:42:00,SHORT,4204.525,2.8882857142855625,0.6199999999998909,2.930000000000291,0.21466020377878445,1.0144425759225995,9.0,12.0,-1.0
2025-12-03 14:30:00,2025-12-03 14:31:00,LONG,4239.105,7.352857142857374,0.0,12.329999999999927,0.0,1.676899164561818,,1.0,-1.0
2025-12-04 00:30:00,2025-12-04 00:54:00,LONG,4214.575,2.654285714285574,1.0700000000006185,3.2299999999995634,0.4031216361681768,1.2168998923572734,6.0,24.0,-1.0
2025-12-04 01:35:00,2025-12-04 01:51:00,LONG,4214.225,3.45757142857136,2.4899999999997817,4.350000000000364,0.7201586580175523,1.2581084989465419,10.0,16.0,-1.0
2025-12-04 05:10:00,2025-12-04 05:11:00,SHORT,4194.125,2.2397857142857123,0.0,3.0299999999997453,0.0,1.35280798545768,,1.0,-1.0
2025-12-05 02:10:00,2025-12-05 02:45:00,SHORT,4201.575,3.7816428571428724,5.096999999999753,4.270000000000437,1.3478269081842027,1.1291388852162867,14.0,35.0,-1.0
2025-12-05 09:50:00,2025-12-05 11:00:00,LONG,4224.325,2.566928571428499,2.980000000000473,2.5799999999999272,1.160920499763692,1.0050922447616661,34.0,70.0,-1.0
2025-12-05 12:15:00,2025-12-05 12:21:00,LONG,4227.225,2.5819285714285667,2.069999999999709,3.3100000000004,0.8017262843388381,1.2819874401749989,3.0,6.0,-1.0
2025-12-05 15:10:00,2025-12-05 15:21:00,LONG,4239.645,4.71807142857142,7.529999999999745,2.9600000000000364,1.5959910980575693,0.6273749867530708,11.0,1.0,1.5
2025-12-08 02:00:00,2025-12-08 02:30:00,SHORT,4200.115,4.408285714285479,1.8299999999999272,4.470000000000255,0.4151273575734064,1.013999611122025,5.0,30.0,-1.0
2025-12-08 07:30:00,2025-12-08 07:38:00,LONG,4215.895,2.5142857142857014,0.20999999999912689,4.080000000000837,0.08352272727238044,1.6227272727276139,4.0,8.0,-1.0
2025-12-08 08:55:00,2025-12-08 09:08:00,SHORT,4209.595,3.565714285714226,5.5600000000004,0.8499999999994543,1.5592948717950101,0.23838141025626122,13.0,6.0,1.5
2025-12-08 10:10:00,2025-12-08 10:30:00,SHORT,4209.155,2.9981428571428035,6.009999999999309,0.7300000000004729,2.0045742602561547,0.24348406156208138,20.0,3.0,1.5
2025-12-08 10:25:00,2025-12-08 10:26:00,SHORT,4205.565,2.827857142857153,0.0,4.240000000000691,0.0,1.4993685274061497,,1.0,-1.0
2025-12-08 10:40:00,2025-12-08 11:01:00,SHORT,4206.205,2.995000000000021,4.546999999999571,1.7600000000002183,1.5181969949914988,0.5876460767947266,21.0,1.0,1.5
2025-12-08 18:10:00,2025-12-08 18:56:00,SHORT,4189.365,3.261428571428561,4.989999999999782,2.6500000000005457,1.5300043802014274,0.8125273762594779,46.0,38.0,1.5
2025-12-08 18:50:00,2025-12-08 18:56:00,SHORT,4189.365,2.7828571428572104,4.989999999999782,1.8200000000006185,1.7931211498972086,0.6540041067763871,6.0,2.0,1.5
2025-12-08 21:45:00,2025-12-08 21:57:00,SHORT,4188.775,1.5232142857141429,0.6099999999996726,1.800000000000182,0.4004689331768449,1.1817116060963615,3.0,12.0,-1.0
2025-12-09 10:50:00,2025-12-09 11:14:00,LONG,4204.535,2.861214285714271,0.4400000000005093,2.876999999999498,0.15378086227144225,1.0055171380780683,4.0,24.0,-1.0
2025-12-09 11:30:00,2025-12-09 11:58:00,LONG,4205.205,2.3622142857144093,1.1199999999998909,2.449999999999818,0.474131414229919,1.037162468627972,2.0,28.0,-1.0
2025-12-09 12:45:00,2025-12-09 12:46:00,LONG,4205.925,2.4726428571428705,0.0,3.550000000000182,0.0,1.4357107779415397,,1.0,-1.0
2025-12-09 16:10:00,2025-12-09 16:18:00,LONG,4218.255,6.302642857142668,2.2100000000000364,6.380000000000109,0.35064655416663576,1.0122737627073022,1.0,8.0,-1.0
2025-12-09 20:05:00,2025-12-09 20:22:00,LONG,4212.915,2.53171428571438,2.8900000000003274,2.667000000000371,1.141519015912512,1.0534364067262103,7.0,17.0,-1.0
2025-12-09 20:35:00,2025-12-09 21:18:00,LONG,4211.315,2.5807857142858017,2.3100000000004,2.699999999999818,0.8950762503114917,1.046193019844349,15.0,43.0,-1.0
2025-12-10 02:00:00,2025-12-10 02:20:00,LONG,4215.545,3.234785714285668,2.119999999999891,4.170000000000073,0.655375714885042,1.2891116655994403,11.0,20.0,-1.0
2025-12-10 03:20:00,2025-12-10 03:30:00,LONG,4209.948,2.5214285714285194,0.4499999999998181,2.9000000000005457,0.17847025495743862,1.1501416430597302,3.0,10.0,-1.0
2025-12-10 06:30:00,2025-12-10 06:31:00,SHORT,4203.025,2.9505000000001798,0.0,4.210000000000036,0.0,1.4268768005422063,,1.0,-1.0
2025-12-10 17:15:00,2025-12-10 17:35:00,LONG,4201.765,2.9050714285713832,1.6199999999998909,3.157000000000153,0.5576454967912966,1.0867202675125478,12.0,20.0,-1.0
2025-12-10 23:05:00,2025-12-10 23:14:00,LONG,4228.648,3.3685714285713533,0.4970000000002983,3.8530000000000655,0.14754028838007488,1.1438083121289677,5.0,9.0,-1.0
2025-12-10 23:30:00,2025-12-10 23:50:00,LONG,4227.545,2.6571428571427793,4.059999999999491,1.1300000000001091,1.527956989247165,0.4252688172043546,20.0,1.0,1.5
2025-12-11 01:00:00,2025-12-11 01:01:00,LONG,4244.265,3.999500000000093,0.0,4.440000000000509,0.0,1.1101387673460197,,1.0,-1.0
2025-12-11 01:40:00,2025-12-11 02:10:00,LONG,4237.895,3.9330714285715658,2.6599999999998545,5.6200000000008,0.6763162196029396,1.4289087045749134,22.0,30.0,-1.0
2025-12-11 02:00:00,2025-12-11 02:09:00,LONG,4239.305,3.8460000000001338,1.25,5.180000000000291,0.3250130005200095,1.3468538741549951,2.0,9.0,-1.0
2025-12-11 06:15:00,2025-12-11 06:26:00,SHORT,4208.275,3.438142857142858,0.8699999999998909,6.110000000000582,0.25304358665389265,1.7771222005237073,5.0,11.0,-1.0
2025-12-11 07:30:00,2025-12-11 07:36:00,SHORT,4212.455,2.5421428571428675,1.25,3.980000000000473,0.4917111548187673,1.5656083169431412,2.0,6.0,-1.0
2025-12-11 10:40:00,2025-12-11 11:37:00,LONG,4214.858,3.2626428571427044,4.0770000000002256,3.7330000000001746,1.2496004553715399,1.1441644591370908,26.0,57.0,-1.0
2025-12-11 13:15:00,2025-12-11 13:28:00,SHORT,4209.145,3.304785714285767,4.110000000000582,4.489999999999782,1.243650982341782,1.358635744699158,1.0,13.0,-1.0
2025-12-11 21:15:00,2025-12-11 21:29:00,LONG,4274.775,3.0102142857142877,4.600000000000364,1.6700000000000728,1.5281304131173634,0.5547777804143275,14.0,1.0,1.5
2025-12-12 02:55:00,2025-12-12 03:07:00,SHORT,4270.185,3.351214285714247,1.1400000000003274,3.4199999999991633,0.3401752030181974,1.0205256090540495,3.0,12.0,-1.0
2025-12-12 04:10:00,2025-12-12 05:20:00,SHORT,4268.785,2.377214285714282,2.9799999999995634,3.1700000000000728,1.2535681019198328,1.3334935849283702,50.0,70.0,-1.0
2025-12-12 17:25:00,2025-12-12 17:41:00,SHORT,4282.025,10.831928571428632,2.389999999999418,12.570000000000618,0.22064399559497824,1.1604581693011249,4.0,16.0,-1.0
2025-12-12 17:55:00,2025-12-12 18:12:00,SHORT,4294.075,7.423357142857185,2.449999999999818,8.730000000000473,0.33003935454691524,1.1760177817122204,7.0,17.0,-1.0
2025-12-15 00:50:00,2025-12-15 01:02:00,LONG,4305.415,3.4704285714286534,6.699999999999818,2.3170000000000073,1.930597291400717,0.667640884205313,12.0,1.0,1.5
2025-12-15 07:25:00,2025-12-15 07:34:00,LONG,4343.815,2.4383571428573174,0.5700000000006185,3.019999999999527,0.23376395113829823,1.2385388288364634,3.0,9.0,-1.0
2025-12-15 08:00:00,2025-12-15 08:28:00,LONG,4340.485,3.111500000000043,6.0,2.019999999999527,1.9283303872729929,0.649204563715089,28.0,2.0,1.5
2025-12-15 09:10:00,2025-12-15 09:11:00,LONG,4348.755,2.812642857143146,0.0,2.8400000000001455,0.0,1.0097264900829914,,1.0,-1.0
2025-12-15 12:50:00,2025-12-15 12:57:00,LONG,4345.905,2.271714285714162,1.0900000000001455,2.649999999999636,0.4798138598919277,1.166519934599325,2.0,7.0,-1.0
2025-12-15 14:05:00,2025-12-15 14:25:00,SHORT,4330.558,5.4088571428572845,9.393000000000029,2.6469999999999345,1.7365960593734742,0.48938249432145836,20.0,1.0,1.5
2025-12-15 16:10:00,2025-12-15 16:34:00,SHORT,4303.185,8.227571428571277,12.830000000000837,2.319999999999709,1.5593908981995643,0.2819787126907482,24.0,6.0,1.5
2025-12-16 07:00:00,2025-12-16 07:16:00,SHORT,4289.025,3.1828571428571064,5.359999999999673,0.020000000000436557,1.6840215439855537,0.006283662477695579,16.0,5.0,1.5
2025-12-16 10:25:00,2025-12-16 10:26:00,SHORT,4277.545,3.255357142857195,0.0,3.4700000000002547,0.0,1.0659352715305055,,1.0,-1.0
2025-12-16 10:50:00,2025-12-16 12:00:00,SHORT,4275.905,3.6755000000001536,2.319999999999709,3.740000000000691,0.6312066385524723,1.017548632839215,37.0,70.0,-1.0
2025-12-16 15:45:00,2025-12-16 15:58:00,LONG,4328.055,7.986928571428572,1.1799999999993815,8.650000000000546,0.1477413988927564,1.08301957662974,4.0,13.0,-1.0
2025-12-17 01:40:00,2025-12-17 02:08:00,LONG,4322.905,3.328285714285747,4.6599999999998545,4.5,1.4001201819898128,1.352047386041707,20.0,28.0,-1.0
2025-12-17 04:35:00,2025-12-17 04:36:00,LONG,4326.665,2.8568571428571494,0.0,6.289999999999964,0.0,2.201720172017184,,1.0,-1.0
2025-12-17 04:50:00,2025-12-17 05:23:00,LONG,4330.485,2.86428571428574,7.150000000000546,2.639999999999418,2.4962593516211156,0.9216957605982922,33.0,14.0,1.5
2025-12-17 09:55:00,2025-12-17 10:18:00,SHORT,4316.715,2.960500000000008,0.9600000000000364,3.019999999999527,0.32426954906266975,1.0200979564261168,4.0,23.0,-1.0
2025-12-17 12:05:00,2025-12-17 12:16:00,SHORT,4315.765,2.3954999999998887,1.0399999999999636,2.462999999999738,0.4341473596326495,1.0281778334376341,8.0,11.0,-1.0
2025-12-17 13:15:00,2025-12-17 13:30:00,LONG,4328.745,3.5582857142857,5.960000000000036,3.0999999999994543,1.67496386703069,0.8712060382205021,15.0,1.0,1.5
2025-12-17 18:50:00,2025-12-17 19:27:00,LONG,4332.935,4.536500000000095,7.549999999999272,4.387000000000626,1.6642786288987357,0.967045078805364,37.0,1.0,1.5
2025-12-18 19:40:00,2025-12-18 20:05:00,SHORT,4329.335,4.818571428571496,6.8100000000004,4.829999999999927,1.4132819448562743,1.0023717758671513,16.0,25.0,-1.0
2025-12-18 21:20:00,2025-12-18 23:02:00,SHORT,4332.015,2.851642857142841,3.7000000000007276,3.1829999999999927,1.2974976830401141,1.1161986824637464,16.0,102.0,-1.0
2025-12-19 03:35:00,2025-12-19 04:57:00,SHORT,4318.605,3.9164285714283715,1.8799999999991996,4.100000000000364,0.4800291811050545,1.0468721502828382,53.0,82.0,-1.0
2025-12-19 03:55:00,2025-12-19 04:39:00,SHORT,4317.835,3.283571428571187,1.1099999999996726,3.6099999999996726,0.3380465520991203,1.0994126604306969,33.0,44.0,-1.0
2025-12-19 09:20:00,2025-12-19 09:45:00,LONG,4327.625,2.3719285714286604,5.850000000000364,2.0100000000002183,2.4663474568615658,0.8474116903063209,25.0,10.0,1.5
2025-12-19 09:35:00,2025-12-19 09:44:00,LONG,4327.205,2.0990714285714733,3.6400000000003274,0.819999999999709,1.734100112294671,0.39064892639587845,9.0,4.0,1.5
2025-12-19 10:05:00,2025-12-19 10:18:00,LONG,4330.275,2.355500000000055,1.2400000000006912,2.469999999999345,0.5264275100830661,1.0486096370194384,2.0,13.0,-1.0
2025-12-22 17:35:00,2025-12-22 18:43:00,LONG,4436.645,4.199500000000106,2.0799999999999272,4.660000000000764,0.49529705917368133,1.1096559114181799,25.0,68.0,-1.0
2025-12-22 17:45:00,2025-12-22 18:29:00,LONG,4436.885,3.443071428571589,1.8400000000001455,3.686999999999898,0.5344065722050668,1.0708462128912344,15.0,44.0,-1.0
2025-12-23 03:55:00,2025-12-23 04:50:00,LONG,4486.425,3.4341428571429526,1.7200000000002547,6.0700000000006185,0.5008527808977681,1.767544407005414,18.0,55.0,-1.0
2025-12-23 05:00:00,2025-12-23 05:14:00,LONG,4482.685,2.6654999999998705,1.9799999999995634,2.730000000000473,0.7428249859312173,1.0241980866631422,8.0,14.0,-1.0
2025-12-23 13:00:00,2025-12-23 13:01:00,LONG,4492.825,2.7436428571427314,0.0,5.329999999999927,0.0,1.942672671890927,,1.0,-1.0
2025-12-23 13:10:00,2025-12-23 13:20:00,LONG,4494.158,2.904071428571245,3.0169999999998254,3.693000000000211,1.0388862926433389,1.2716629362718899,9.0,10.0,-1.0
2025-12-23 14:00:00,2025-12-23 14:05:00,SHORT,4471.115,6.403071428571301,16.716999999999643,5.380000000000109,2.610778309516635,0.8402217685709206,5.0,2.0,1.5
2025-12-23 20:40:00,2025-12-23 20:58:00,LONG,4492.135,2.8643571428572483,6.123999999999796,2.0399999999999636,2.1380015460959574,0.7122016907308656,18.0,1.0,1.5
2025-12-24 05:50:00,2025-12-24 05:51:00,SHORT,4492.208,4.16285714285732,0.0,4.697000000000116,0.0,1.12831159917637,,1.0,-1.0
2025-12-24 07:25:00,2025-12-24 07:46:00,SHORT,4491.285,3.309857142857124,5.166999999999462,1.7200000000002547,1.56109456601478,0.5196598903708339,21.0,1.0,1.5
2025-12-24 08:45:00,2025-12-24 09:15:00,SHORT,4485.908,4.499142857142748,4.722999999999956,5.206999999999425,1.0497555089858543,1.1573315552167671,12.0,30.0,-1.0
2025-12-24 11:25:00,2025-12-24 11:51:00,SHORT,4486.905,3.348857142857209,4.109999999999673,3.5100000000002183,1.2272843614024886,1.0481187611978946,12.0,26.0,-1.0
2025-12-24 13:15:00,2025-12-24 13:16:00,SHORT,4479.635,4.023857142857261,0.0,7.010000000000218,0.0,1.7421095608336028,,1.0,-1.0
2025-12-24 16:10:00,2025-12-24 16:36:00,SHORT,4465.898,7.7981428571429205,2.1829999999999927,9.706999999999425,0.2799384468829543,1.2447835565243635,8.0,26.0,-1.0
2025-12-26 04:25:00,2025-12-26 04:39:00,LONG,4509.135,3.914714285714386,2.2299999999995634,3.930000000000291,0.5696456592342642,1.0039046819691761,9.0,14.0,-1.0
2025-12-26 05:30:00,2025-12-26 06:23:00,LONG,4510.215,3.5519285714285616,7.26299999999992,1.7600000000002183,2.0448046332977894,0.49550545981062855,53.0,44.0,1.5
2025-12-26 08:45:00,2025-12-26 09:42:00,LONG,4516.575,2.824857142857257,3.6030000000000655,3.3499999999994543,1.2754627288358167,1.1859006776572891,15.0,57.0,-1.0
2025-12-26 16:25:00,2025-12-26 16:41:00,LONG,4545.405,6.296785714285696,1.4099999999998545,6.670000000000073,0.223923770631252,1.0592706029153343,4.0,16.0,-1.0
2025-12-29 01:35:00,2025-12-29 02:20:00,SHORT,4498.538,11.573714285714297,7.1299999999992,11.887000000000626,0.6160511503899766,1.0270687271650574,8.0,45.0,-1.0
2025-12-29 01:50:00,2025-12-29 02:21:00,SHORT,4500.935,9.73928571428561,6.330000000000837,9.969999999999345,0.6499449944995428,1.0236890355701673,7.0,31.0,-1.0
2025-12-29 06:05:00,2025-12-29 06:12:00,SHORT,4504.305,4.989785714285712,2.8200000000006185,5.983999999999469,0.5651545299684881,1.1992498962164508,3.0,7.0,-1.0
2025-12-29 08:20:00,2025-12-29 08:38:00,SHORT,4483.348,7.483142857142801,13.539999999999964,2.657000000000153,1.8094001756328597,0.3550647168875035,18.0,4.0,1.5
2025-12-29 10:10:00,2025-12-29 10:29:00,SHORT,4471.095,5.146071428571498,8.840000000000146,1.949999999999818,1.717815254354922,0.3789298355194265,19.0,1.0,1.5
2025-12-29 16:40:00,2025-12-29 16:54:00,SHORT,4334.535,9.908214285714232,5.916999999999462,11.13000000000011,0.5971812709511799,1.1233103846015382,2.0,14.0,-1.0
2025-12-29 18:25:00,2025-12-29 19:14:00,SHORT,4327.555,6.922357142857176,5.010000000000218,7.813000000000102,0.7237419128496974,1.1286617894400226,4.0,49.0,-1.0
2025-12-29 21:35:00,2025-12-29 23:00:00,SHORT,4328.355,5.0102142857142224,1.2599999999993088,8.193000000000211,0.2514862495187053,1.635259398657092,5.0,85.0,-1.0
2025-12-30 02:45:00,2025-12-30 03:25:00,LONG,4358.639,5.566785714285613,8.725999999999658,1.9400000000005093,1.567511387694841,0.3484955411561894,40.0,1.0,1.5
2025-12-30 05:30:00,2025-12-30 06:14:00,LONG,4376.355,4.131571428571403,3.410000000000764,4.156999999999243,0.8253518204766603,1.0061546972786168,8.0,44.0,-1.0
2025-12-30 11:55:00,2025-12-30 12:08:00,LONG,4383.965,3.223357142857302,6.079999999999927,1.1400000000003274,1.8862321891549356,0.3536685354666562,13.0,2.0,1.5
2025-12-30 15:55:00,2025-12-30 16:56:00,SHORT,4364.885,8.781928571428514,10.300000000000182,10.80999999999949,1.1728631036137807,1.2309369077732182,18.0,61.0,-1.0
2025-12-30 16:30:00,2025-12-30 16:56:00,SHORT,4365.185,7.262857142857099,3.1200000000008004,10.509999999999309,0.4295830055075872,1.4470889063728483,8.0,26.0,-1.0
2025-12-30 23:15:00,2025-12-30 23:16:00,SHORT,4339.755,3.868642857143056,0.0,5.430000000000291,0.0,1.4035929912667817,,1.0,-1.0
2025-12-30 23:25:00,2025-12-30 23:26:00,SHORT,4333.755,4.511500000000199,0.0,5.039999999999964,0.0,1.1171450737004858,,1.0,-1.0
2025-12-31 05:30:00,2025-12-31 05:31:00,SHORT,4332.845,5.023857142857001,0.0,9.219999999999345,0.0,1.8352432678362451,,1.0,-1.0
2025-12-31 10:40:00,2025-12-31 11:10:00,SHORT,4306.948,6.134071428571327,3.9329999999999927,6.836999999999534,0.6411728402249823,1.1145941288120809,10.0,30.0,-1.0
2025-12-31 11:50:00,2025-12-31 12:24:00,SHORT,4311.665,4.814357142857132,8.319999999999709,3.319999999999709,1.7281642705597275,0.689604011809855,34.0,1.0,1.5
2025-12-31 20:20:00,2025-12-31 20:32:00,SHORT,4314.595,4.640928571428503,2.0700000000006185,8.399999999999636,0.44603142843964544,1.809982608160261,2.0,12.0,-1.0
2026-01-02 01:25:00,2026-01-02 02:50:00,LONG,4348.975,4.567428571428601,8.679999999999382,4.5,1.9004128612534492,0.9852370824471349,85.0,1.0,1.5
2026-01-02 02:00:00,2026-01-02 02:17:00,LONG,4349.975,4.696214285714307,1.8499999999994543,4.937000000000808,0.39393432399945616,1.0512723013979497,3.0,17.0,-1.0
2026-01-02 02:25:00,2026-01-02 02:48:00,LONG,4347.645,3.7000714285715213,7.8799999999992,2.780000000000655,2.1296886160496133,0.7513368467791779,23.0,3.0,1.5
2026-01-02 02:45:00,2026-01-02 02:56:00,LONG,4354.725,3.8779285714285834,6.9229999999997744,3.1900000000005093,1.7852314379915004,0.8226041148626291,11.0,1.0,1.5
2026-01-02 07:10:00,2026-01-02 07:11:00,LONG,4377.045,3.2138571428569906,0.0,4.800000000000182,0.0,1.49353247099626,,1.0,-1.0
2026-01-02 09:40:00,2026-01-02 10:00:00,LONG,4388.355,3.7355714285713475,0.7600000000002183,4.156999999999243,0.20344946269462097,1.1128150216067665,6.0,20.0,-1.0
2026-01-02 09:50:00,2026-01-02 09:59:00,LONG,4388.885,3.7850714285713627,0.07999999999992724,4.247000000000298,0.02113566454679098,1.1220395916288655,4.0,9.0,-1.0
2026-01-02 10:20:00,2026-01-02 10:27:00,LONG,4388.515,2.950499999999855,0.9429999999993015,3.267000000000735,0.3196068462970167,1.1072699542453466,2.0,7.0,-1.0
2026-01-02 10:30:00,2026-01-02 10:31:00,LONG,4388.495,2.8914999999999185,0.0,3.819999999999709,0.0,1.3211136088534727,,1.0,-1.0
2026-01-02 11:40:00,2026-01-02 11:53:00,LONG,4394.598,3.17049999999985,0.6000000000003638,3.880000000000109,0.18924459864387075,1.2237817378963232,4.0,13.0,-1.0
2026-01-02 12:05:00,2026-01-02 12:06:00,LONG,4395.685,2.9316428571427684,0.0,2.98700000000008,0.0,1.0188826352850031,,1.0,-1.0
2026-01-02 12:15:00,2026-01-02 12:16:00,LONG,4397.128,3.1366428571428253,0.0,3.152999999999338,0.0,1.005214856648172,,1.0,-1.0
2026-01-02 12:50:00,2026-01-02 13:00:00,LONG,4389.585,3.451714285714388,6.399999999999636,2.75,1.8541511464281155,0.7967055707308761,10.0,1.0,1.5
2026-01-02 13:10:00,2026-01-02 13:20:00,LONG,4399.425,3.956000000000131,2.5029999999997017,9.449999999999818,0.632709807886658,2.388776541961452,6.0,10.0,-1.0
2026-01-05 01:55:00,2026-01-05 02:08:00,LONG,4401.655,10.389999999999873,3.1599999999998545,13.289999999999964,0.3041385948026846,1.279114533205017,5.0,13.0,-1.0
2026-01-05 04:15:00,2026-01-05 05:16:00,LONG,4402.675,4.0922142857144275,6.670000000000073,1.0299999999997453,1.6299244209386776,0.2516974742978118,61.0,1.0,1.5
2026-01-05 05:10:00,2026-01-05 05:11:00,LONG,4407.875,2.750071428571573,0.0,2.9669999999996435,0.0,1.0788810680240208,,1.0,-1.0
2026-01-05 10:20:00,2026-01-05 10:38:00,LONG,4433.575,2.9077142857142593,5.210000000000036,1.756999999999607,1.7917853984475085,0.6042546919523122,18.0,1.0,1.5
2026-01-05 10:30:00,2026-01-05 11:01:00,LONG,4436.425,3.108714285714281,3.25,3.199999999999818,1.045448279031296,1.029364459353833,24.0,31.0,-1.0
2026-01-05 11:10:00,2026-01-05 11:16:00,LONG,4432.955,3.1582857142857392,0.4600000000000364,4.5,0.14564863397866062,1.4248235932693936,4.0,6.0,-1.0
2026-01-05 13:20:00,2026-01-05 13:29:00,SHORT,4405.615,5.758071428571384,9.199999999999818,5.130000000000109,1.5977571855655843,0.8909233002121505,9.0,1.0,1.5
2026-01-05 16:30:00,2026-01-05 17:01:00,LONG,4444.898,6.492357142857145,9.226999999999862,9.793000000000575,1.4212095540910523,1.5083889848504066,24.0,31.0,-1.0
2026-01-06 07:05:00,2026-01-06 07:06:00,LONG,4468.815,3.8524285714284554,0.0,4.649999999999636,0.0,1.2070308154410365,,1.0,-1.0
2026-01-06 07:45:00,2026-01-06 07:52:00,LONG,4465.285,3.3198571428568875,0.8500000000003638,5.319999999999709,0.25603511338710805,1.6024785920220674,5.0,7.0,-1.0
2026-01-06 08:00:00,2026-01-06 08:20:00,LONG,4460.925,3.6693571428568896,5.529999999999745,3.619999999999891,1.5070759767184165,0.9865488310525777,20.0,3.0,1.5
2026-01-06 12:40:00,2026-01-06 13:11:00,LONG,4461.639,3.1783571428572293,6.130000000000109,3.161000000000058,1.928669348495386,0.9945389576825316,31.0,1.0,1.5
2026-01-06 15:55:00,2026-01-06 17:05:00,LONG,4478.025,7.4749285714285305,11.950000000000728,6.846999999999753,1.5986774837792153,0.9159953750155,70.0,11.0,1.5
2026-01-06 20:10:00,2026-01-06 20:45:00,LONG,4485.115,3.3817142857143545,5.682999999999993,2.0169999999998254,1.6805086177762394,0.596443055086114,35.0,1.0,1.5
2026-01-06 20:35:00,2026-01-06 20:47:00,LONG,4486.395,2.9666428571428827,4.70299999999952,2.7000000000007276,1.5852936219390055,0.9101196638819701,12.0,1.0,1.5
2026-01-07 00:10:00,2026-01-07 00:18:00,LONG,4492.935,2.662571428571352,1.1699999999991633,3.530000000000655,0.439424830990148,1.3257860285441192,2.0,8.0,-1.0
2026-01-07 03:10:00,2026-01-07 03:19:00,SHORT,4474.395,4.184285714285644,3.030000000000655,5.569999999999709,0.7241379310346514,1.3311710481392496,4.0,9.0,-1.0
2026-01-07 07:55:00,2026-01-07 08:09:00,SHORT,4460.935,3.8694285714285406,1.8500000000003638,4.649999999999636,0.4781067710257199,1.201727829875128,12.0,14.0,-1.0
2026-01-07 13:05:00,2026-01-07 13:06:00,SHORT,4429.615,6.094357142857201,0.0,15.61999999999989,0.0,2.5630266874508782,,1.0,-1.0
2026-01-07 14:20:00,2026-01-07 14:35:00,SHORT,4445.285,6.756357142857074,4.849999999999454,6.770000000000437,0.7178424552537087,1.0020192622821584,10.0,15.0,-1.0
2026-01-07 20:00:00,2026-01-07 20:56:00,LONG,4458.485,3.608571428571395,2.880000000000109,4.969999999999345,0.7980997624703465,1.377276326207274,18.0,56.0,-1.0
2026-01-09 05:20:00,2026-01-09 05:21:00,SHORT,4458.705,2.795785714286012,0.0,4.949999999999818,0.0,1.7705219590707972,,1.0,-1.0
2026-01-09 06:15:00,2026-01-09 06:30:00,LONG,4468.085,4.010428571428617,6.4399999999996,1.930000000000291,1.605813415024995,0.4812453246892702,15.0,8.0,1.5
2026-01-09 10:15:00,2026-01-09 10:26:00,LONG,4473.495,2.581000000000131,0.11999999999989086,3.6700000000000728,0.046493607128975115,1.4219294846958104,6.0,11.0,-1.0
2026-01-09 14:35:00,2026-01-09 14:44:00,LONG,4495.715,9.615285714285553,2.1829999999999927,9.800000000000182,0.22703433521030805,1.0192104833078643,3.0,9.0,-1.0
2026-01-09 14:50:00,2026-01-09 14:51:00,LONG,4490.535,8.351928571428484,0.0,11.550000000000182,0.0,1.3829141259076538,,1.0,-1.0
2026-01-09 16:35:00,2026-01-09 17:48:00,LONG,4504.648,5.8973571428571505,6.806999999999789,7.333000000000538,1.1542458486246494,1.2434383440525103,28.0,73.0,-1.0
2026-01-09 16:45:00,2026-01-09 17:48:00,LONG,4505.035,5.343071428571485,6.420000000000073,7.720000000000255,1.2015560873227018,1.4448618370921276,18.0,63.0,-1.0
2026-01-09 17:30:00,2026-01-09 17:40:00,LONG,4507.748,4.49042857142844,2.050000000000182,4.6229999999995925,0.4565265803455506,1.0295231126522475,4.0,10.0,-1.0
2026-01-09 19:35:00,2026-01-09 20:13:00,LONG,4499.485,4.071714285714409,7.302999999999884,3.5499999999992724,1.7935934320397742,0.871868640796932,38.0,6.0,1.5
2026-01-09 20:10:00,2026-01-09 20:11:00,LONG,4506.478,3.5280714285714305,0.0,4.693000000000211,0.0,1.3301884882473816,,1.0,-1.0
2026-01-12 02:30:00,2026-01-12 02:31:00,LONG,4570.075,6.479000000000009,0.0,7.936999999999898,0.0,1.2250347275813995,,1.0,-1.0
2026-01-12 03:50:00,2026-01-12 03:51:00,LONG,4573.035,4.2092857142858,0.0,4.609999999999673,0.0,1.0951976921770592,,1.0,-1.0
2026-01-12 05:05:00,2026-01-12 05:30:00,LONG,4570.115,3.439071428571424,5.480000000000473,2.949999999999818,1.5934533823500265,0.8577896857539932,25.0,1.0,1.5
2026-01-12 05:15:00,2026-01-12 05:33:00,LONG,4571.888,3.369071428571455,6.186999999999898,2.143000000000029,1.836411050098541,0.6360803103865027,18.0,15.0,1.5
2026-01-12 05:30:00,2026-01-12 05:31:00,LONG,4576.725,3.774071428571525,0.0,4.5,0.0,1.1923462724984082,,1.0,-1.0
2026-01-12 06:20:00,2026-01-12 07:08:00,LONG,4574.405,4.128357142857112,6.350000000000364,2.5299999999997453,1.5381421181031152,0.6128345761890184,48.0,21.0,1.5
2026-01-12 06:30:00,2026-01-12 07:09:00,LONG,4574.775,4.0633571428571225,7.860000000000582,2.899999999999636,1.9343611018336122,0.7136955719232005,39.0,11.0,1.5
2026-01-12 14:50:00,2026-01-12 15:25:00,LONG,4604.365,9.956142857142822,15.480000000000473,4.079999999999927,1.5548189918643722,0.40979725366965963,35.0,8.0,1.5
2026-01-12 15:00:00,2026-01-12 15:33:00,LONG,4606.885,10.203071428571418,16.079999999999927,1.3400000000001455,1.5759960236063315,0.13133300196720915,33.0,4.0,1.5
2026-01-12 16:45:00,2026-01-12 18:13:00,LONG,4615.735,5.534071428571484,4.713000000000648,5.839999999999236,0.8516333879733134,1.0552809220799526,67.0,88.0,-1.0
2026-01-13 00:55:00,2026-01-13 00:57:00,SHORT,4587.045,4.536928571428624,0.0,4.729999999999563,0.0,1.0425555363130048,,2.0,-1.0
2026-01-13 02:25:00,2026-01-13 02:33:00,SHORT,4583.575,5.334071428571535,1.8499999999994543,5.5900000000001455,0.34682700162020225,1.0479799670581367,5.0,8.0,-1.0
2026-01-13 04:40:00,2026-01-13 04:41:00,LONG,4598.645,2.4757857142857183,0.0,2.630000000000109,0.0,1.062289028014237,,1.0,-1.0
2026-01-13 10:00:00,2026-01-13 10:01:00,SHORT,4583.0,3.0870714285714973,0.0,3.69800000000032,0.0,1.1978990721674108,,1.0,-1.0
2026-01-13 20:00:00,2026-01-13 20:32:00,SHORT,4591.979,5.828142857142991,11.574000000000524,4.675999999999476,1.9858813148026033,0.8023138956294723,32.0,1.0,1.5
2026-01-13 20:20:00,2026-01-13 20:31:00,SHORT,4592.498,4.8536428571429235,8.393000000000029,1.4270000000005894,1.7292166414033465,0.29400597489379077,11.0,1.0,1.5
2026-01-14 10:25:00,2026-01-14 10:58:00,LONG,4634.785,3.3969285714284263,3.230000000000473,3.7100000000000364,0.9508589692370956,1.0921630885043785,18.0,33.0,-1.0
2026-01-14 12:45:00,2026-01-14 12:59:00,LONG,4635.775,3.4981428571428035,5.8200000000006185,1.3599999999996726,1.6637399436437683,0.38877771878947415,14.0,2.0,1.5
2026-01-14 15:25:00,2026-01-14 18:16:00,SHORT,4615.325,9.573071428571504,14.340000000000146,10.443000000000211,1.497951844086466,1.090872462189339,138.0,171.0,-1.0
2026-01-14 16:05:00,2026-01-14 17:40:00,SHORT,4615.905,8.71807142857142,13.399999999999636,8.710000000000036,1.5370371887622187,0.9990741726954735,95.0,20.0,1.5
2026-01-15 01:10:00,2026-01-15 01:11:00,SHORT,4608.915,4.683142857142944,0.0,5.899999999999636,0.0,1.259837715819556,,1.0,-1.0
2026-01-15 01:55:00,2026-01-15 02:07:00,SHORT,4599.665,8.241928571428682,2.2600000000002183,9.283000000000357,0.2742076663749177,1.1263140561762006,5.0,12.0,-1.0
2026-01-15 04:40:00,2026-01-15 05:16:00,SHORT,4590.675,4.842357142857184,8.787000000000262,4.800000000000182,1.8146121280958598,0.9912527842107884,36.0,2.0,1.5
2026-01-15 05:30:00,2026-01-15 05:31:00,SHORT,4585.245,4.618357142857088,0.0,7.600000000000364,0.0,1.6456068175140564,,1.0,-1.0
2026-01-15 12:20:00,2026-01-15 12:54:00,LONG,4615.815,2.8017142857144273,2.7000000000007276,3.5599999999994907,0.9636956965125504,1.2706506220678755,6.0,34.0,-1.0
2026-01-15 12:35:00,2026-01-15 12:48:00,LONG,4617.045,2.787428571428726,1.3299999999999272,3.537000000000262,0.4771422714226617,1.2689114391144147,7.0,13.0,-1.0
2026-01-15 15:45:00,2026-01-15 16:06:00,LONG,4614.858,6.381214285714187,2.0399999999999636,6.563000000000102,0.319688370999697,1.0284876367015106,9.0,21.0,-1.0
2026-01-15 17:30:00,2026-01-15 18:02:00,LONG,4613.678,4.075928571428774,6.356999999999971,2.813000000000102,1.5596446033330735,0.6901494839037462,32.0,2.0,1.5
2026-01-15 17:45:00,2026-01-15 18:22:00,LONG,4614.815,3.541928571428668,6.0330000000003565,1.4899999999997817,1.7033093351080464,0.42067477363011224,37.0,10.0,1.5
2026-01-16 00:30:00,2026-01-16 01:00:00,SHORT,4603.405,3.620571428571501,8.356999999999971,3.092999999999847,2.3081991792928753,0.8542850378787286,30.0,1.0,1.5
2026-01-16 08:15:00,2026-01-16 08:44:00,LONG,4607.115,4.298571428571514,3.2399999999997817,5.456999999999425,0.753738783648987,1.26949152542357,11.0,29.0,-1.0
2026-01-16 17:40:00,2026-01-16 18:03:00,SHORT,4580.388,7.1923571428571575,1.9729999999999563,7.697000000000116,0.2743189695410737,1.0701637651078169,6.0,23.0,-1.0
2026-01-19 02:05:00,2026-01-19 05:33:00,LONG,4662.145,7.62578571428581,12.019999999999527,7.490000000000691,1.5762310206909946,0.9821938722942681,208.0,43.0,1.5
2026-01-19 02:50:00,2026-01-19 03:10:00,LONG,4660.165,5.13264285714279,7.789999999999964,1.3170000000000073,1.517736615778573,0.2565929554531965,20.0,1.0,1.5
2026-01-19 05:00:00,2026-01-19 05:01:00,LONG,4668.775,2.8214285714285063,0.0,4.769999999999527,0.0,1.6906329113922764,,1.0,-1.0
2026-01-19 11:15:00,2026-01-19 11:27:00,SHORT,4662.205,3.164785714285569,0.6499999999996362,3.449999999999818,0.20538515358736373,1.0901211998104063,4.0,12.0,-1.0
2026-01-19 11:45:00,2026-01-19 11:47:00,SHORT,4662.435,3.2069285714283717,0.0,3.449999999999818,0.0,1.0757957101810913,,2.0,-1.0
2026-01-20 08:40:00,2026-01-20 08:55:00,LONG,4722.725,4.206500000000103,6.639999999999418,1.6000000000003638,1.5785094496610614,0.3803637228100142,15.0,2.0,1.5
2026-01-20 09:20:00,2026-01-20 09:30:00,LONG,4728.325,4.541571428571452,7.640000000000327,4.1799999999993815,1.6822371111321448,0.9203862728443748,10.0,1.0,1.5
2026-01-20 11:10:00,2026-01-20 11:39:00,LONG,4726.115,3.372857142857161,5.230000000000473,1.0770000000002256,1.5506141465482048,0.3193138500635976,29.0,4.0,1.5
2026-01-20 11:35:00,2026-01-20 11:36:00,LONG,4731.015,3.2676428571428784,0.0,4.3100000000004,0.0,1.3189935952085428,,1.0,-1.0
2026-01-20 16:25:00,2026-01-20 16:55:00,LONG,4740.905,8.07264285714265,12.110000000000582,5.170000000000073,1.5001282992825193,0.6404346248794683,30.0,1.0,1.5
2026-01-20 20:10:00,2026-01-20 20:18:00,LONG,4759.915,3.6107142857144288,1.0799999999999272,8.319999999999709,0.2991097922848345,2.3042532146387993,3.0,8.0,-1.0
2026-01-20 21:10:00,2026-01-20 23:44:00,LONG,4760.205,4.563928571428538,13.199999999999818,3.626999999999498,2.8922450896001064,0.7947100712104757,154.0,111.0,1.5
2026-01-21 10:00:00,2026-01-21 10:11:00,LONG,4866.145,5.8042857142856645,0.4099999999998545,6.290000000000873,0.07063746000489801,1.0836820083683605,4.0,11.0,-1.0
2026-01-21 16:10:00,2026-01-21 16:52:00,SHORT,4846.875,12.949071428571383,27.26000000000022,5.710000000000036,2.1051702548997135,0.44095825955529516,42.0,6.0,1.5
2026-01-21 16:40:00,2026-01-21 16:41:00,SHORT,4834.565,10.52099999999999,0.0,10.5600000000004,0.0,1.003706871970384,,1.0,-1.0
2026-01-21 23:15:00,2026-01-21 23:16:00,SHORT,4802.875,8.577428571428625,0.0,11.75,0.0,1.369874421238458,,1.0,-1.0
2026-01-22 03:00:00,2026-01-22 03:25:00,SHORT,4785.025,6.901499999999942,0.9699999999993452,7.0900000000001455,0.14054915598049023,1.0273129029921328,8.0,25.0,-1.0
2026-01-22 03:15:00,2026-01-22 03:26:00,SHORT,4786.505,6.463357142857084,0.9700000000002547,7.640000000000327,0.15007680661314543,1.182048250024927,5.0,11.0,-1.0
2026-01-22 05:10:00,2026-01-22 05:11:00,LONG,4800.345,3.5942857142855638,0.0,3.9400000000005093,0.0,1.0961844197140191,,1.0,-1.0
2026-01-22 08:20:00,2026-01-22 08:31:00,LONG,4828.535,4.7634285714285785,1.8100000000004002,5.029999999999745,0.37997840690987233,1.0559620921304633,6.0,11.0,-1.0
2026-01-22 08:45:00,2026-01-22 09:02:00,LONG,4826.845,4.3798571428571575,7.0,1.180000000000291,1.5982256433673583,0.26941517988199254,17.0,2.0,1.5
2026-01-22 11:30:00,2026-01-22 11:48:00,LONG,4827.795,2.9729285714285782,6.359999999999673,2.9099999999998545,2.139304677926893,0.9788328007495704,18.0,5.0,1.5
2026-01-22 15:10:00,2026-01-22 15:26:00,LONG,4838.965,8.449285714285647,14.229999999999563,5.180000000000291,1.6841660326316297,0.6130695747739001,16.0,1.0,1.5
2026-01-22 20:40:00,2026-01-22 20:57:00,LONG,4922.675,4.678357142857229,2.069999999999709,5.869999999999891,0.4424630135730704,1.2547139563643672,8.0,17.0,-1.0
2026-01-22 21:05:00,2026-01-22 21:32:00,LONG,4919.525,5.058357142857209,10.550000000000182,1.9299999999993815,2.085657398647226,0.3815468037334396,27.0,1.0,1.5
2026-01-23 00:45:00,2026-01-23 00:59:00,LONG,4954.335,7.140000000000067,11.430000000000291,4.730000000000473,1.6008403361344794,0.6624649859944578,14.0,1.0,1.5
2026-01-23 01:10:00,2026-01-23 01:50:00,LONG,4948.665,8.49142857142871,14.11999999999989,6.760000000000218,1.6628532974427594,0.7960969044414663,40.0,2.0,1.5
2026-01-23 02:25:00,2026-01-23 02:49:00,LONG,4952.815,6.192142857143024,9.3100000000004,6.149999999999636,1.5035182835390715,0.9931941400391348,24.0,1.0,1.5
2026-01-23 04:25:00,2026-01-23 05:22:00,LONG,4952.885,4.137642857142899,7.199999999999818,2.2399999999997817,1.7401211870111766,0.5413710359589936,57.0,2.0,1.5
2026-01-23 10:45:00,2026-01-23 11:03:00,SHORT,4926.665,4.4309285714286615,7.019999999999527,3.8299999999999272,1.5843180242772619,0.8643786371769524,18.0,9.0,1.5
2026-01-23 14:00:00,2026-01-23 14:31:00,LONG,4940.825,7.666928571428538,6.890000000000327,8.289999999999964,0.8986649524395596,1.08126741011953,12.0,31.0,-1.0
2026-01-23 19:40:00,2026-01-23 19:53:00,LONG,4978.498,5.8502857142857465,9.856999999999971,3.532999999999447,1.6848749755811538,0.6039021293220354,13.0,2.0,1.5
2026-01-23 20:35:00,2026-01-25 23:00:00,LONG,4982.565,5.822928571428422,28.58300000000054,5.469999999999345,4.908698372198793,0.9393898504678893,3025.0,1.0,1.5
2026-01-23 21:35:00,2026-01-23 21:57:00,LONG,4982.615,3.6790714285714006,6.119999999999891,2.119999999999891,1.6634632185916307,0.5762323567670161,22.0,1.0,1.5
2026-01-26 03:10:00,2026-01-26 03:20:00,LONG,5084.625,8.00071428571417,2.949999999999818,10.0,0.3687170788322297,1.2498884028211947,6.0,10.0,-1.0
2026-01-26 03:55:00,2026-01-26 04:32:00,LONG,5076.525,6.669285714285771,1.4600000000000364,12.239999999999782,0.2189139980721895,1.8352789975366335,14.0,37.0,-1.0
2026-01-26 07:45:00,2026-01-26 08:51:00,LONG,5092.345,8.629071428571478,5.880000000000109,10.789999999999964,0.6814174675308637,1.2504242303839894,53.0,66.0,-1.0
2026-01-26 08:10:00,2026-01-26 08:43:00,LONG,5095.995,5.656714285714315,2.230000000000473,5.849999999999454,0.39422178447870365,1.0341692552465076,28.0,33.0,-1.0
2026-01-26 09:25:00,2026-01-26 09:26:00,LONG,5096.565,4.752500000000055,0.0,6.619999999999891,0.0,1.3929510783797612,,1.0,-1.0
2026-01-26 21:05:00,2026-01-26 21:16:00,SHORT,5045.749,11.615285714285749,19.15099999999984,8.096000000000458,1.6487756281746773,0.6970125573444235,11.0,1.0,1.5
2026-01-27 02:05:00,2026-01-27 05:49:00,LONG,5065.165,11.095214285714194,16.980000000000473,8.159999999999854,1.5303895501922231,0.7354522220004693,224.0,186.0,1.5
2026-01-27 04:15:00,2026-01-27 04:36:00,LONG,5074.035,5.811428571428418,1.8900000000003274,6.720000000000255,0.32522123893811805,1.15634218289093,3.0,21.0,-1.0
2026-01-27 08:10:00,2026-01-27 08:29:00,LONG,5086.525,7.093500000000014,0.8400000000001455,11.420000000000073,0.11841827024742989,1.60992457883979,8.0,19.0,-1.0
2026-01-27 09:25:00,2026-01-27 09:46:00,LONG,5088.215,4.9010000000001,5.960000000000036,5.6599999999998545,1.2160783513568485,1.1548663538052926,14.0,21.0,-1.0
2026-01-27 13:40:00,2026-01-27 13:54:00,SHORT,5073.275,7.195428571428563,3.839999999999236,8.670000000000073,0.5336721728080266,1.2049317026683724,3.0,14.0,-1.0
2026-01-27 23:45:00,2026-01-28 00:01:00,LONG,5170.555,9.302857142857127,6.170000000000073,9.570000000000618,0.6632371007371097,1.0287162162162844,10.0,16.0,-1.0
2026-01-28 00:30:00,2026-01-28 00:53:00,LONG,5166.135,6.656499999999921,10.80999999999949,2.530000000000655,1.62397656426044,0.38007962142277246,23.0,2.0,1.5
2026-01-28 04:50:00,2026-01-28 05:07:00,LONG,5242.935,5.5014999999999805,9.839999999999236,4.3100000000004,1.7886031082430738,0.7834227028992848,17.0,1.0,1.5
2026-01-28 08:50:00,2026-01-28 08:51:00,LONG,5292.965,8.690928571428556,0.0,8.779999999999745,0.0,1.010248781570247,,1.0,-1.0
2026-01-28 12:00:00,2026-01-28 12:21:00,SHORT,5255.755,9.87042857142855,4.239999999999782,11.289999999999964,0.42956594734630915,1.1438206475330341,7.0,21.0,-1.0
2026-01-29 00:25:00,2026-01-29 01:09:00,LONG,5496.865,36.476142857142804,29.82000000000062,52.516999999999825,0.8175206495047825,1.4397629761918722,11.0,44.0,-1.0
2026-01-29 01:10:00,2026-01-29 01:32:00,LONG,5479.105,27.40000000000009,41.70000000000073,16.849999999999454,1.5218978102189995,0.614963503649613,22.0,1.0,1.5
2026-01-29 05:45:00,2026-01-29 06:02:00,LONG,5557.835,12.801071428571438,22.93000000000029,6.0600000000004,1.79125631225067,0.47339787406191186,17.0,1.0,1.5
2026-01-29 08:15:00,2026-01-29 08:42:00,SHORT,5529.065,13.454357142857264,20.55999999999949,13.320000000000618,1.5281294960208869,0.9900138563715789,27.0,1.0,1.5
2026-01-29 11:55:00,2026-01-29 12:13:00,SHORT,5522.445,11.161928571428493,4.139999999999418,16.450000000000728,0.3709036456833001,1.473759654949617,5.0,18.0,-1.0
2026-01-29 13:55:00,2026-01-29 14:07:00,SHORT,5510.155,12.442785714285687,4.109999999999673,14.86999999999989,0.33031188468358336,1.1950700061423942,3.0,12.0,-1.0
2026-01-29 20:00:00,2026-01-29 20:22:00,SHORT,5294.205,21.863071428571466,11.86999999999989,27.13000000000011,0.5429246315541804,1.2409052446558642,4.0,22.0,-1.0
2026-01-30 04:20:00,2026-01-30 05:15:00,SHORT,5205.135,24.021428571428455,6.690000000000509,24.67999999999938,0.27850133809101274,1.0274159976211508,7.0,55.0,-1.0
2026-01-30 04:40:00,2026-01-30 05:15:00,SHORT,5203.055,21.774499999999858,3.600000000000364,26.75999999999931,0.16533100645251958,1.2289604812969062,14.0,35.0,-1.0
2026-01-30 07:25:00,2026-01-30 07:35:00,SHORT,5174.175,22.64028571428584,56.837000000000444,6.989999999999782,2.5104365164498232,0.30874168675305835,10.0,4.0,1.5
2026-01-30 08:25:00,2026-01-30 08:33:00,SHORT,5151.755,22.25964285714294,87.55400000000009,17.75,3.9333065926484405,0.7974072231937975,8.0,3.0,1.5
2026-01-30 12:55:00,2026-01-30 12:56:00,SHORT,5063.545,24.417571428571332,0.0,30.77300000000014,0.0,1.260280945220958,,1.0,-1.0
2026-01-30 14:10:00,2026-01-30 14:23:00,SHORT,5051.875,28.907785714285897,11.590000000000146,35.30000000000018,0.40093005097490053,1.2211243140132773,8.0,13.0,-1.0
2026-01-30 21:35:00,2026-01-30 21:51:00,SHORT,4854.205,29.63285714285725,4.529999999999745,31.86999999999989,0.15287084799690548,1.0754953478281755,3.0,16.0,-1.0
2026-02-02 02:20:00,2026-02-02 02:32:00,SHORT,4724.188,37.562499999999936,9.260000000000218,44.340000000000146,0.24652246256240223,1.180432612312818,4.0,12.0,-1.0
2026-02-02 02:45:00,2026-02-02 03:15:00,SHORT,4728.635,29.311857142857075,71.15999999999985,28.420000000000073,2.427686504242555,0.9695735026781018,30.0,1.0,1.5
2026-02-02 03:10:00,2026-02-02 03:21:00,SHORT,4690.458,27.801142857142818,32.982999999999265,33.67700000000059,1.1863900764613746,1.2113530790101354,5.0,11.0,-1.0
2026-02-02 04:35:00,2026-02-02 04:46:00,SHORT,4666.195,34.10157142857133,9.079999999999927,40.25,0.26626338962175883,1.180297514567828,5.0,11.0,-1.0
2026-02-02 07:30:00,2026-02-02 07:40:00,SHORT,4534.755,42.59471428571435,11.186999999999898,47.44999999999982,0.26263822137555354,1.1139879864369429,2.0,10.0,-1.0
2026-02-02 16:25:00,2026-02-02 17:08:00,SHORT,4670.398,34.314214285714115,25.610000000000582,36.720000000000255,0.7463379399207949,1.0701104706712672,8.0,43.0,-1.0
2026-02-02 18:00:00,2026-02-02 19:40:00,SHORT,4651.665,22.6915000000001,33.90700000000015,30.170000000000073,1.4942599651852015,1.3295727475045696,19.0,100.0,-1.0
2026-02-02 19:15:00,2026-02-02 19:33:00,SHORT,4635.165,20.96621428571429,4.1599999999998545,21.81999999999971,0.1984144559103522,1.0407219778759564,6.0,18.0,-1.0
2026-02-02 19:50:00,2026-02-02 19:51:00,SHORT,4690.688,20.358785714285595,0.0,21.529999999999745,0.0,1.0575286906670627,,1.0,-1.0
2026-02-03 01:10:00,2026-02-03 02:05:00,LONG,4828.748,22.791214285714368,27.5,23.45299999999952,1.2066053021684378,1.0290368782456651,19.0,55.0,-1.0
2026-02-03 05:15:00,2026-02-03 05:29:00,LONG,4820.755,11.383071428571384,20.609999999999673,5.5900000000001455,1.8105833851019155,0.49108011269869634,14.0,1.0,1.5
2026-02-03 12:55:00,2026-02-03 13:25:00,LONG,4913.405,12.131142857143004,18.86999999999989,11.079999999999927,1.5555006005793546,0.9133517039967798,30.0,8.0,1.5
2026-02-03 19:45:00,2026-02-03 20:03:00,SHORT,4934.845,16.572357142857072,26.44000000000051,4.4299999999993815,1.59542784240542,0.2673126074831652,18.0,4.0,1.5
2026-02-04 03:00:00,2026-02-04 03:35:00,LONG,5047.655,13.165499999999936,20.07000000000062,11.239999999999782,1.5244388743306914,0.8537465345030448,35.0,1.0,1.5
2026-02-04 06:55:00,2026-02-04 07:04:00,LONG,5076.275,10.143357142857244,6.0700000000006185,10.659999999999854,0.5984212045885612,1.0509341088819317,5.0,9.0,-1.0
2026-02-04 08:05:00,2026-02-04 08:30:00,LONG,5085.585,10.350714285714405,2.699999999999818,11.329999999999927,0.26085156303910717,1.0946104478641718,3.0,25.0,-1.0
2026-02-04 08:55:00,2026-02-04 09:10:00,LONG,5083.138,9.501071428571581,3.306999999999789,10.340000000000146,0.3480660075931008,1.0882983122204242,5.0,15.0,-1.0
2026-02-05 07:50:00,2026-02-05 08:12:00,LONG,4916.925,14.49407142857152,23.159999999999854,4.670000000000073,1.5978947057170958,0.32220070275038865,22.0,18.0,1.5
2026-02-05 08:00:00,2026-02-05 08:12:00,LONG,4919.075,13.23835714285724,21.01000000000022,6.819999999999709,1.587054932366451,0.5151696639095013,12.0,8.0,1.5
2026-02-05 14:10:00,2026-02-05 14:11:00,SHORT,4813.895,22.985428571428656,0.0,29.219999999999345,0.0,1.2712401645762823,,1.0,-1.0
2026-02-05 15:50:00,2026-02-05 16:07:00,SHORT,4810.805,24.27064285714284,3.480000000000473,25.75999999999931,0.1433830995117754,1.061364552707682,7.0,17.0,-1.0
2026-02-05 17:40:00,2026-02-05 18:16:00,LONG,4870.345,17.2591428571429,14.329999999999927,19.329999999999927,0.8302845696690717,1.1199860943268094,7.0,36.0,-1.0
2026-02-05 21:05:00,2026-02-05 21:34:00,SHORT,4808.345,15.155499999999913,46.36000000000058,10.979999999999563,3.0589554947049487,0.7244894592721868,29.0,2.0,1.5
2026-02-05 21:15:00,2026-02-05 21:34:00,SHORT,4804.065,13.979785714285558,42.07999999999993,4.5900000000001455,3.0100604444172228,0.32833121292479833,19.0,6.0,1.5
2026-02-06 02:00:00,2026-02-06 02:18:00,SHORT,4769.365,28.317428571428472,9.659999999999854,28.44000000000051,0.3411326694312398,1.0043284801889008,4.0,18.0,-1.0
2026-02-06 03:45:00,2026-02-06 05:25:00,LONG,4820.525,16.765357142857347,27.75,13.6299999999992,1.6551988581896993,0.8129859616981722,100.0,38.0,1.5
2026-02-06 05:15:00,2026-02-06 05:16:00,LONG,4831.305,9.52328571428565,0.0,12.570000000000618,0.0,1.3199225957428395,,1.0,-1.0
2026-02-06 07:20:00,2026-02-06 08:00:00,LONG,4851.065,13.51757142857137,10.420000000000073,21.099999999999454,0.7708485252000129,1.560931274637211,6.0,40.0,-1.0
2026-02-06 08:50:00,2026-02-06 09:03:00,LONG,4860.599,11.570499999999877,10.58600000000024,17.333999999999833,0.9149129251113048,1.4981202195237904,10.0,13.0,-1.0
2026-02-06 11:20:00,2026-02-06 12:21:00,LONG,4888.725,10.766071428571324,14.4399999999996,11.510000000000218,1.3412506219936728,1.0690993531265855,49.0,61.0,-1.0
2026-02-06 16:35:00,2026-02-06 17:30:00,LONG,4941.195,13.029142857142817,27.0600000000004,11.73700000000008,2.076882592868771,0.9008267181264069,55.0,2.0,1.5
2026-02-06 19:20:00,2026-02-06 19:38:00,LONG,4958.825,6.532642857143011,2.0900000000001455,10.319999999999709,0.3199317712149026,1.5797587937499866,7.0,18.0,-1.0
2026-02-06 19:45:00,2026-02-06 19:46:00,LONG,4961.455,4.99692857142866,0.0,7.559999999999491,0.0,1.5129293708991378,,1.0,-1.0
2026-02-06 21:05:00,2026-02-06 21:12:00,LONG,4953.595,6.992642857142982,4.539999999999964,7.400000000000546,0.6492538075732489,1.0582551048551618,2.0,7.0,-1.0
2026-02-09 03:00:00,2026-02-09 05:37:00,LONG,5015.685,12.29242857142851,19.17999999999938,8.789999999999964,1.5603100631050046,0.7150743198484555,157.0,117.0,1.5
2026-02-09 04:30:00,2026-02-09 04:51:00,LONG,5019.445,7.910642857142908,3.2100000000000364,11.036000000000058,0.4057824449882186,1.3950825741090196,9.0,21.0,-1.0
2026-02-09 05:50:00,2026-02-09 06:20:00,LONG,5034.795,7.402642857142837,10.819999999999709,11.210000000000036,1.4616401478236185,1.5143240348524267,14.0,30.0,-1.0
2026-02-09 06:50:00,2026-02-09 07:00:00,LONG,5036.765,9.426214285714325,2.889999999999418,14.150000000000546,0.30659179946495474,1.5011328589723705,6.0,10.0,-1.0
2026-02-09 15:20:00,2026-02-09 15:33:00,LONG,5032.398,9.571214285714111,18.966999999999643,5.350000000000364,1.981671231445479,0.5589677380837367,13.0,2.0,1.5
2026-02-09 20:50:00,2026-02-09 20:55:00,LONG,5081.205,4.754999999999915,0.8900000000003274,5.186999999999898,0.18717139852793763,1.090851735015771,4.0,5.0,-1.0
2026-02-09 23:05:00,2026-02-09 23:06:00,SHORT,5046.048,9.18671428571432,0.0,16.210000000000036,0.0,1.7645046417963803,,1.0,-1.0
2026-02-10 00:10:00,2026-02-10 00:47:00,SHORT,5034.445,17.171285714285595,26.289999999999964,9.61999999999989,1.5310443514505196,0.5602376059700971,37.0,15.0,1.5
2026-02-10 00:35:00,2026-02-10 00:36:00,SHORT,5017.925,11.354499999999982,0.0,15.699999999999818,0.0,1.3827117002069527,,1.0,-1.0
2026-02-10 00:45:00,2026-02-10 01:08:00,SHORT,5016.785,11.683071428571436,8.63000000000011,14.090000000000146,0.7386756173462302,1.2060184760612236,2.0,23.0,-1.0
2026-02-10 11:25:00,2026-02-10 11:53:00,LONG,5047.585,5.547714285714327,8.779999999999745,2.8599999999996726,1.5826337745274184,0.5155276304268827,28.0,22.0,1.5
2026-02-10 15:35:00,2026-02-10 15:36:00,SHORT,5007.615,13.91628571428542,0.0,24.26000000000022,0.0,1.7432812532080102,,1.0,-1.0
2026-02-10 17:05:00,2026-02-10 17:17:00,SHORT,5022.455,8.299285714285945,2.069999999999709,10.75,0.24941905499608502,1.2952921938204305,4.0,12.0,-1.0
2026-02-11 14:10:00,2026-02-11 14:38:00,SHORT,5073.685,15.729785714285754,24.24000000000069,9.32299999999941,1.5410254430857238,0.5926972032131553,28.0,6.0,1.5
2026-02-11 14:30:00,2026-02-11 14:39:00,SHORT,5069.315,15.774000000000083,25.909999999999854,1.5200000000004366,1.6425763915303486,0.09636110054522813,9.0,3.0,1.5
2026-02-11 15:35:00,2026-02-11 15:55:00,SHORT,5046.015,15.289071428571399,7.130000000000109,15.779999999999745,0.4663461763070808,1.0321097702840818,4.0,20.0,-1.0
2026-02-11 16:40:00,2026-02-11 17:12:00,SHORT,5073.698,10.529214285714131,5.88300000000072,11.269999999999527,0.5587311493871561,1.070355270030973,22.0,32.0,-1.0
2026-02-11 19:00:00,2026-02-11 19:57:00,LONG,5087.005,7.4974285714286975,7.010000000000218,10.050000000000182,0.9349872337182406,1.3404595861438224,22.0,57.0,-1.0
2026-02-11 21:10:00,2026-02-11 21:27:00,LONG,5088.085,4.298785714285649,4.519999999999527,7.029999999999745,1.0514597145372337,1.6353455294684203,10.0,17.0,-1.0
2026-02-12 11:10:00,2026-02-12 11:25:00,SHORT,5060.785,4.309000000000067,0.5399999999999636,4.640000000000327,0.12531909955905204,1.0768159665816328,4.0,15.0,-1.0
2026-02-12 17:45:00,2026-02-12 18:08:00,SHORT,4951.105,18.469857142857173,30.049999999999272,7.733000000000175,1.626975226043937,0.4186821771380484,23.0,3.0,1.5
2026-02-12 18:55:00,2026-02-12 19:48:00,SHORT,4935.245,15.33714285714268,7.899999999999636,20.94000000000051,0.5150894187779256,1.3653129657228507,7.0,53.0,-1.0
2026-02-13 03:35:00,2026-02-13 04:16:00,LONG,4978.305,7.467642857142956,18.5,3.550000000000182,2.47735468258292,0.47538427692809826,41.0,6.0,1.5
2026-02-13 13:30:00,2026-02-13 13:32:00,LONG,4993.165,8.84192857142872,6.020000000000437,12.819999999999709,0.6808469386931155,1.4499099259210813,1.0,2.0,-1.0
2026-02-13 20:15:00,2026-02-13 20:33:00,LONG,5031.165,5.531928571428709,1.8500000000003638,6.180000000000291,0.33442225005493365,1.1171510839671248,10.0,18.0,-1.0
2026-02-16 00:55:00,2026-02-16 01:10:00,SHORT,5015.265,6.854571428571295,8.579999999999927,7.789999999999964,1.2517193947730536,1.1364678421074739,6.0,15.0,-1.0
2026-02-16 06:15:00,2026-02-16 06:24:00,SHORT,4986.735,3.827642857142759,2.4099999999998545,3.910000000000764,0.6296303207867361,1.0215164125629743,3.0,9.0,-1.0
2026-02-16 13:35:00,2026-02-16 13:36:00,SHORT,4993.415,4.784357142857126,0.0,4.899999999999636,0.0,1.0241710335766134,,1.0,-1.0
2026-02-16 18:40:00,2026-02-16 19:12:00,LONG,4995.115,2.7493571428570767,2.4200000000000728,3.8099999999994907,0.88020576238606,1.3857784936736939,10.0,32.0,-1.0
2026-02-17 03:10:00,2026-02-17 03:27:00,SHORT,4961.215,4.830500000000029,7.739999999999782,3.25,1.6023186005588934,0.6728081979091151,17.0,2.0,1.5
2026-02-17 03:55:00,2026-02-17 04:06:00,SHORT,4956.505,5.059785714285551,10.260000000000218,3.1099999999996726,2.027753857447488,0.6146505357369287,11.0,1.0,1.5
2026-02-17 04:30:00,2026-02-17 05:06:00,SHORT,4953.505,4.958571428571369,13.697000000000116,3.5399999999999636,2.7622875252089303,0.7139152981849624,36.0,1.0,1.5
2026-02-17 10:00:00,2026-02-17 10:11:00,LONG,4927.115,5.898357142857094,11.730000000000473,3.5969999999997526,1.9886893444906932,0.6098308245637036,11.0,1.0,1.5
2026-02-18 07:00:00,2026-02-18 07:14:00,LONG,4934.665,4.295142857142829,7.430000000000291,3.7899999999999636,1.729860972527186,0.8823920707776198,14.0,1.0,1.5
2026-02-18 11:40:00,2026-02-18 11:50:00,SHORT,4911.075,3.4704999999999018,5.019999999999527,4.630000000000109,1.4464774528165016,1.3341017144504366,6.0,10.0,-1.0
2026-02-18 11:55:00,2026-02-18 12:00:00,SHORT,4912.735,3.631428571428517,3.589999999999236,4.600000000000364,0.9885916601099539,1.2667191188042104,1.0,5.0,-1.0
2026-02-18 17:20:00,2026-02-18 17:34:00,LONG,4999.385,4.669785714285679,1.1099999999996726,6.23700000000008,0.23769827309291547,1.3356073236765496,2.0,14.0,-1.0
2026-02-18 18:00:00,2026-02-18 18:14:00,LONG,5001.515,3.796214285714281,1.3130000000001019,4.039999999999964,0.34587088640942004,1.0642181120288927,6.0,14.0,-1.0
2026-02-18 21:25:00,2026-02-18 21:55:00,SHORT,4981.285,3.594500000000088,5.579999999999927,2.180000000000291,1.5523716789538993,0.6064821254695334,30.0,1.0,1.5
2026-02-19 04:50:00,2026-02-19 04:51:00,LONG,4981.758,3.6340000000001447,0.0,4.862999999999374,0.0,1.3381948266370889,,1.0,-1.0
2026-02-19 08:05:00,2026-02-19 08:08:00,LONG,5010.175,3.641428571428605,0.3499999999994543,4.130000000000109,0.09611612397003363,1.134170262848195,1.0,3.0,-1.0
2026-02-19 08:35:00,2026-02-19 08:36:00,LONG,5015.305,3.7117142857143466,0.0,4.039999999999964,0.0,1.088445847124905,,1.0,-1.0
2026-02-19 09:05:00,2026-02-19 09:19:00,LONG,5018.835,3.978500000000232,1.430000000000291,5.670000000000073,0.3594319467136377,1.425160236269886,13.0,14.0,-1.0
2026-02-19 16:40:00,2026-02-19 16:48:00,LONG,5006.085,6.661000000000058,2.619999999999891,6.670000000000073,0.3933343341840366,1.001351148476207,2.0,8.0,-1.0
2026-02-19 17:05:00,2026-02-19 17:37:00,LONG,4995.925,7.4035714285714675,5.569999999999709,9.900000000000546,0.7523396044379693,1.3371924746744517,20.0,32.0,-1.0
2026-02-19 17:35:00,2026-02-19 17:37:00,LONG,4995.018,6.919285714285771,0.0,8.993000000000393,0.0,1.2997006297099665,,2.0,-1.0
2026-02-20 05:45:00,2026-02-20 05:46:00,LONG,5006.625,4.158642857142825,0.0,8.739999999999782,0.0,2.1016471719825818,,1.0,-1.0
2026-02-20 13:15:00,2026-02-20 13:32:00,LONG,5029.155,5.24235714285708,2.6400000000003274,8.6899999999996,0.5035902606516293,1.6576512746446643,16.0,17.0,-1.0
2026-02-20 18:45:00,2026-02-20 20:19:00,LONG,5072.148,7.494714285714314,12.11700000000019,5.400000000000546,1.6167394163505902,0.7205077864400373,94.0,5.0,1.5
2026-02-23 00:20:00,2026-02-23 01:40:00,LONG,5145.195,11.400357142857176,18.07000000000062,10.569999999999709,1.585038062717383,0.9271639359668901,80.0,25.0,1.5
2026-02-23 00:50:00,2026-02-23 01:40:00,LONG,5143.325,12.478642857142924,19.94000000000051,4.246999999999389,1.5979301778467532,0.3403414977589775,50.0,1.0,1.5
2026-02-23 03:20:00,2026-02-23 05:04:00,LONG,5161.585,6.802500000000042,9.329999999999927,7.0600000000004,1.3715545755236853,1.0378537302462854,30.0,104.0,-1.0
2026-02-23 06:00:00,2026-02-23 06:29:00,LONG,5158.978,3.962000000000119,2.287000000000262,7.1599999999998545,0.5772337203433098,1.807168096920656,22.0,29.0,-1.0
2026-02-23 18:45:00,2026-02-23 19:44:00,LONG,5208.775,5.539642857142943,8.400000000000546,2.449999999999818,1.5163432402811658,0.44226677841527845,59.0,21.0,1.5
2026-02-23 19:30:00,2026-02-23 20:01:00,LONG,5211.898,4.459785714285707,6.766999999999825,3.693000000000211,1.5173374761759486,0.8280666912248031,31.0,1.0,1.5
2026-02-23 21:45:00,2026-02-23 21:46:00,LONG,5231.205,3.97650000000015,0.0,4.390000000000327,0.0,1.1039859172639663,,1.0,-1.0
2026-02-23 23:00:00,2026-02-23 23:01:00,LONG,5241.998,5.314285714285883,0.0,13.942999999999302,0.0,2.62368279569871,,1.0,-1.0
2026-02-23 23:10:00,2026-02-23 23:24:00,LONG,5244.275,5.963785714285872,5.300000000000182,6.519999999999527,0.888697256057401,1.0932653036780444,5.0,14.0,-1.0
2026-02-24 03:15:00,2026-02-24 03:44:00,SHORT,5186.955,6.477428571428716,11.17699999999968,2.680000000000291,1.7255304133032512,0.41374443121171584,29.0,2.0,1.5
2026-02-24 03:55:00,2026-02-24 04:01:00,SHORT,5171.765,5.428857142857006,11.067000000000007,4.799999999999272,2.038550602599916,0.8841639913687636,6.0,1.0,1.5
2026-02-24 12:10:00,2026-02-24 12:17:00,SHORT,5167.355,3.9465000000000146,10.136999999999716,1.6000000000003638,2.568605093120405,0.4054225262892076,7.0,1.0,1.5
2026-02-24 13:15:00,2026-02-24 13:39:00,SHORT,5152.685,8.099285714285738,19.600000000000364,5.819999999999709,2.4199664873446007,0.7185818855277862,24.0,15.0,1.5
2026-02-24 14:45:00,2026-02-24 15:42:00,SHORT,5132.705,15.346214285714268,14.930000000000291,16.51000000000022,0.9728783739126183,1.0758353619087226,17.0,57.0,-1.0
2026-02-24 16:30:00,2026-02-24 16:37:00,SHORT,5136.905,6.24214285714301,1.9399999999995998,9.270000000000437,0.3107907083189579,1.485066941297665,3.0,7.0,-1.0
2026-02-25 03:25:00,2026-02-25 03:40:00,LONG,5185.995,6.5735714285714755,2.2700000000004366,6.949999999999818,0.3453221775508626,1.0572639356731148,6.0,15.0,-1.0
2026-02-25 06:30:00,2026-02-25 07:18:00,LONG,5192.638,6.732500000000008,2.2269999999998618,7.4229999999997744,0.3307835128109705,1.102562198291833,30.0,48.0,-1.0
2026-02-25 12:45:00,2026-02-25 13:05:00,SHORT,5181.585,4.535714285714415,3.2100000000000364,6.720000000000255,0.7077165354330587,1.48157480314962,10.0,20.0,-1.0
2026-02-25 14:00:00,2026-02-25 14:15:00,LONG,5186.845,4.5840714285714705,4.019999999999527,5.180000000000291,0.8769496860244771,1.1299998441809902,8.0,15.0,-1.0
2026-02-25 18:25:00,2026-02-25 18:48:00,LONG,5206.805,2.762428571428635,0.569999999999709,3.2100000000000364,0.20634017686289863,1.162020996017983,8.0,23.0,-1.0
2026-02-26 03:00:00,2026-02-26 04:11:00,LONG,5187.225,6.25285714285714,9.579999999999927,4.530000000000655,1.532099611606112,0.724468814256445,71.0,1.0,1.5
2026-02-26 06:30:00,2026-02-26 06:49:00,LONG,5196.835,4.784357142857451,1.3100000000004002,4.837000000000444,0.2738089906093433,1.0110031202878704,6.0,19.0,-1.0
2026-02-26 09:15:00,2026-02-26 09:32:00,SHORT,5176.815,6.70357142857152,2.4099999999998545,6.789999999999964,0.35950985615340975,1.0128929142248075,8.0,17.0,-1.0
2026-02-27 00:45:00,2026-02-27 01:21:00,SHORT,5173.595,5.906214285714084,7.0600000000004,6.0900000000001455,1.1953511434688522,1.0311173461366956,23.0,36.0,-1.0
2026-02-27 04:35:00,2026-02-27 04:54:00,LONG,5187.505,3.289785714285764,0.8099999999994907,5.190000000000509,0.24621664459241152,1.5776103523895615,2.0,19.0,-1.0
2026-02-27 05:00:00,2026-02-27 05:24:00,LONG,5184.065,3.139071428571502,5.210000000000036,2.399999999999636,1.659726488725028,0.7645573076659186,24.0,1.0,1.5
2026-02-27 05:20:00,2026-02-27 05:27:00,LONG,5188.788,2.842857142857156,4.317000000000007,2.4399999999996,1.5185427135678349,0.8582914572862874,7.0,1.0,1.5
2026-02-27 06:35:00,2026-02-27 06:51:00,LONG,5193.725,4.205499999999899,2.3799999999991996,4.230000000000473,0.5659255736533721,1.0058257044348053,7.0,16.0,-1.0
2026-02-27 10:00:00,2026-02-27 10:01:00,SHORT,5172.235,4.046428571428611,0.0,4.130000000000109,0.0,1.0206531332745095,,1.0,-1.0
2026-02-27 11:00:00,2026-02-27 11:47:00,SHORT,5175.775,4.736928571428507,3.5399999999999636,5.140000000000327,0.7473196917834064,1.0850913038889811,18.0,47.0,-1.0
2026-02-27 11:10:00,2026-02-27 11:26:00,SHORT,5173.605,4.575000000000013,1.3699999999998909,5.02100000000064,0.29945355191254364,1.0974863387979512,8.0,16.0,-1.0
2026-02-27 12:50:00,2026-02-27 13:00:00,LONG,5186.348,3.268999999999908,5.016999999999825,3.1229999999995925,1.5347200978892523,0.95533802386041,10.0,3.0,1.5
2026-02-27 15:25:00,2026-02-27 15:26:00,LONG,5231.195,11.496142857142852,0.0,11.590000000000146,0.0,1.008164228996074,,1.0,-1.0
2026-02-27 17:00:00,2026-02-27 17:30:00,LONG,5232.085,9.609999999999932,3.7100000000000364,11.710000000000036,0.38605619146722814,1.2185223725286285,12.0,30.0,-1.0
2026-02-27 18:00:00,2026-02-27 18:21:00,LONG,5235.698,5.677642857142798,2.5469999999995707,7.913000000000466,0.44860165813270547,1.393712179350179,4.0,21.0,-1.0
2026-03-02 01:10:00,2026-03-02 01:24:00,LONG,5339.675,15.41478571428557,5.869999999999891,21.050000000000182,0.3808032176898768,1.3655720157363076,7.0,14.0,-1.0
2026-03-02 01:50:00,2026-03-02 02:03:00,LONG,5336.815,17.00835714285709,0.5700000000006185,17.55999999999949,0.0335129369176022,1.0324336355656825,5.0,13.0,-1.0
2026-03-02 02:30:00,2026-03-02 03:04:00,LONG,5334.265,12.828642857142833,20.47399999999925,6.039999999999964,1.5959599334078878,0.47082143195193593,34.0,1.0,1.5
2026-03-02 09:05:00,2026-03-02 09:20:00,LONG,5397.525,8.725500000000011,2.4600000000000364,11.989999999999782,0.2819322674918381,1.3741332874906615,4.0,15.0,-1.0
2026-03-02 09:30:00,2026-03-02 09:50:00,LONG,5396.805,8.84385714285697,6.009999999999309,8.900000000000546,0.6795677387047665,1.0063482320255388,2.0,20.0,-1.0
2026-03-02 18:00:00,2026-03-02 18:48:00,SHORT,5299.415,10.142857142857208,10.140000000000327,12.949999999999818,0.9997183098591808,1.2767605633802555,11.0,48.0,-1.0
2026-03-03 01:15:00,2026-03-03 01:45:00,LONG,5371.385,8.340714285714316,8.36999999999989,9.570000000000618,1.0035111758156894,1.1473837458251963,10.0,30.0,-1.0
2026-03-03 07:20:00,2026-03-03 07:38:00,SHORT,5312.425,11.019285714285745,1.4099999999998545,12.470000000000255,0.12795747715043695,1.1316522979192525,2.0,18.0,-1.0
2026-03-03 07:45:00,2026-03-03 08:05:00,SHORT,5324.235,8.791000000000167,0.17000000000007276,11.5,0.019337959276540726,1.308156068706607,4.0,20.0,-1.0
2026-03-03 08:20:00,2026-03-03 08:21:00,SHORT,5315.815,8.588857142857185,0.0,11.63000000000011,0.0,1.3540800372575823,,1.0,-1.0
2026-03-03 13:35:00,2026-03-03 14:24:00,SHORT,5158.065,21.52907142857157,33.17999999999938,17.07300000000032,1.5411719037712737,0.7930207327633496,49.0,1.0,1.5
2026-03-03 16:10:00,2026-03-03 16:37:00,SHORT,5107.685,23.898000000000074,8.17700000000059,26.672999999999774,0.3421625240606144,1.116118503640459,7.0,27.0,-1.0
2026-03-03 16:55:00,2026-03-03 17:06:00,SHORT,5106.365,16.90185714285729,25.716999999999643,2.680000000000291,1.52154877316944,0.15856245721097323,11.0,3.0,1.5
2026-03-03 17:20:00,2026-03-03 17:33:00,SHORT,5095.585,15.562142857142915,24.3100000000004,9.529999999999745,1.5621242025061015,0.6123835314636983,13.0,1.0,1.5
2026-03-04 00:15:00,2026-03-04 00:16:00,LONG,5125.735,9.685071428571389,0.0,13.126999999999498,0.0,1.3553849444284187,,1.0,-1.0
2026-03-04 16:05:00,2026-03-04 17:23:00,SHORT,5149.295,13.558500000000095,27.68000000000029,9.61999999999989,2.0415237673784046,0.7095180145296178,78.0,37.0,1.5
2026-03-05 01:45:00,2026-03-05 02:23:00,LONG,5175.405,7.57264285714278,12.640000000000327,6.279999999999745,1.6691662657876227,0.8293009611665801,38.0,10.0,1.5
2026-03-05 02:00:00,2026-03-05 02:23:00,LONG,5176.665,7.132642857142725,11.38000000000011,4.3100000000004,1.595481538600243,0.6042640976597206,23.0,10.0,1.5
2026-03-05 02:10:00,2026-03-05 02:54:00,LONG,5178.575,7.164285714285662,11.090000000000146,4.649999999999636,1.547956131605216,0.6490528414755272,44.0,35.0,1.5
2026-03-05 02:25:00,2026-03-05 02:39:00,LONG,5183.855,6.932142857142805,3.040000000000873,7.6799999999993815,0.43853683668225185,1.1078825347758077,6.0,14.0,-1.0
2026-03-05 16:00:00,2026-03-05 16:21:00,SHORT,5093.595,16.29807142857148,27.090000000000146,9.859999999999673,1.662159852392706,0.6049795549867644,21.0,3.0,1.5
2026-03-05 18:45:00,2026-03-05 19:17:00,SHORT,5078.815,9.190000000000055,16.86999999999989,3.0700000000006185,1.835690968443938,0.33405875952128405,32.0,2.0,1.5
2026-03-05 23:00:00,2026-03-05 23:03:00,LONG,5089.098,5.60457142857136,0.0,8.199999999999818,0.0,1.463091353996723,,3.0,-1.0
2026-03-06 05:25:00,2026-03-06 05:30:00,LONG,5129.635,4.345999999999874,0.3400000000001455,7.100000000000364,0.07823285780031186,1.6336861481823677,4.0,5.0,-1.0
2026-03-06 06:55:00,2026-03-06 07:08:00,SHORT,5115.395,5.540071428571276,9.900000000000546,3.7299999999995634,1.7869805701320438,0.6732765178375127,13.0,1.0,1.5
2026-03-06 11:00:00,2026-03-06 11:20:00,SHORT,5084.615,7.536928571428624,4.619999999999891,8.030000000000655,0.6129817944027789,1.0654207378906564,11.0,20.0,-1.0
2026-03-06 11:50:00,2026-03-06 11:51:00,SHORT,5078.035,7.0676428571428005,0.0,7.100000000000364,0.0,1.0045782085359423,,1.0,-1.0
2026-03-06 16:00:00,2026-03-06 16:33:00,LONG,5149.355,15.276500000000008,3.550000000000182,16.279999999999745,0.23238307203876413,1.0656891303636131,16.0,33.0,-1.0
2026-03-06 16:15:00,2026-03-06 16:26:00,LONG,5148.835,11.919571428571349,4.069999999999709,12.789999999999964,0.3414552296942382,1.073025156705063,1.0,11.0,-1.0
2026-03-06 17:30:00,2026-03-06 17:42:00,LONG,5150.325,9.514285714285636,1.9099999999998545,12.9399999999996,0.20075075075073712,1.3600600600600292,6.0,12.0,-1.0
2026-03-06 19:45:00,2026-03-06 20:10:00,LONG,5160.125,6.522142857142886,3.4399999999996,6.670000000000073,0.5274340159894226,1.0226700251889236,9.0,25.0,-1.0
2026-03-06 20:20:00,2026-03-06 20:21:00,LONG,5158.065,5.454071428571491,0.0,5.75,0.0,1.0542582867320491,,1.0,-1.0
2026-03-09 01:25:00,2026-03-09 02:10:00,SHORT,5071.475,16.977642857142914,16.350000000000364,23.222999999999956,0.9630312133183738,1.3678577288618994,39.0,45.0,-1.0
2026-03-09 01:50:00,2026-03-09 02:10:00,SHORT,5073.905,17.181214285714173,18.779999999999745,20.793000000000575,1.0930542910238266,1.2102171391511907,14.0,20.0,-1.0
2026-03-09 02:25:00,2026-03-09 02:39:00,SHORT,5077.395,12.654571428571282,3.3900000000003274,13.839999999999236,0.26788738118356514,1.0936759161002887,2.0,14.0,-1.0
2026-03-09 05:40:00,2026-03-09 05:41:00,LONG,5120.605,9.132571428571412,0.0,14.659999999999854,0.0,1.6052433988236636,,1.0,-1.0
2026-03-09 13:05:00,2026-03-09 13:30:00,SHORT,5091.358,6.811857142857077,7.113000000000284,12.73700000000008,1.044208627812899,1.8698278212361097,19.0,25.0,-1.0
2026-03-09 22:40:00,2026-03-09 22:59:00,LONG,5135.985,9.202357142857116,16.613000000000284,3.9099999999998545,1.8052983319491487,0.42489113814005824,19.0,1.0,1.5
2026-03-10 01:15:00,2026-03-10 01:25:00,LONG,5150.275,8.381999999999996,14.590000000000146,5.609999999999673,1.7406346933906172,0.6692913385826385,10.0,2.0,1.5
2026-03-10 05:10:00,2026-03-10 05:32:00,LONG,5172.815,4.099142857142981,1.5,5.869999999999891,0.3659301596152395,1.4320066912942773,5.0,22.0,-1.0
2026-03-10 06:35:00,2026-03-10 06:38:00,LONG,5178.215,4.689285714285753,0.0,5.0,0.0,1.0662604722010574,,3.0,-1.0
2026-03-10 08:25:00,2026-03-10 08:40:00,LONG,5183.995,5.981785714285771,9.890000000000327,5.960000000000036,1.653352438951618,0.9963579915218785,15.0,1.0,1.5
2026-03-10 09:40:00,2026-03-10 10:00:00,LONG,5187.305,5.627214285714347,1.6099999999996726,6.5700000000006185,0.28610959495303656,1.167540396796279,6.0,20.0,-1.0
2026-03-10 17:00:00,2026-03-10 17:18:00,LONG,5228.885,4.718857142857424,6.239999999999782,5.470000000000255,1.3223540808911318,1.1591789779607502,12.0,18.0,-1.0
2026-03-10 19:25:00,2026-03-10 19:33:00,SHORT,5200.665,10.320714285714141,19.36700000000019,3.3100000000004,1.8765174060489063,0.32071423627937057,8.0,3.0,1.5
2026-03-10 20:00:00,2026-03-10 22:02:00,SHORT,5196.598,8.717142857142855,14.019999999999527,2.199999999999818,1.6083251392985367,0.2523762700753643,122.0,7.0,1.5
2026-03-10 22:45:00,2026-03-10 23:20:00,SHORT,5189.935,6.456571428571546,4.550000000000182,6.979999999999563,0.7047083812726944,1.0810691211610775,7.0,35.0,-1.0
2026-03-10 22:55:00,2026-03-10 23:07:00,SHORT,5188.578,6.884928571428645,1.373000000000502,7.519999999999527,0.1994210957682601,1.0922408158606507,3.0,12.0,-1.0
2026-03-10 23:35:00,2026-03-11 00:00:00,SHORT,5192.675,5.051714285714362,4.920000000000073,5.399999999999636,0.9739268140942251,1.0689440642496715,13.0,25.0,-1.0
2026-03-11 05:20:00,2026-03-11 05:30:00,SHORT,5202.485,3.308142857142879,12.210000000000036,2.1700000000000728,3.690892602668726,0.6559571619812761,10.0,1.0,1.5
2026-03-11 05:45:00,2026-03-11 06:06:00,SHORT,5197.575,4.5297857142856754,2.3499999999994543,5.079999999999927,0.5187883375119076,1.1214658530047084,4.0,21.0,-1.0
2026-03-11 06:40:00,2026-03-11 07:04:00,SHORT,5194.605,5.4333571428569485,3.2899999999999636,6.850000000000364,0.605518818935953,1.2607306716448463,4.0,24.0,-1.0
2026-03-11 07:15:00,2026-03-11 07:37:00,SHORT,5196.535,5.123857142856975,11.599999999999454,3.199999999999818,2.2639194803021954,0.624529511807496,22.0,1.0,1.5
2026-03-11 10:30:00,2026-03-11 10:42:00,SHORT,5184.115,4.60835714285713,7.279999999999745,3.9600000000000364,1.5797386735278565,0.8593083993366192,12.0,2.0,1.5
2026-03-11 11:15:00,2026-03-11 11:16:00,SHORT,5181.198,5.684785714285681,0.0,7.8969999999999345,0.0,1.3891464686443733,,1.0,-1.0
2026-03-11 12:20:00,2026-03-11 12:34:00,SHORT,5190.485,5.957928571428446,11.63000000000011,5.472999999999956,1.9520207166921024,0.9186078574768436,14.0,10.0,1.5
2026-03-11 12:45:00,2026-03-11 13:00:00,SHORT,5176.645,7.503571428571441,12.69000000000051,3.3499999999994543,1.6911946692052053,0.4464540694906452,15.0,7.0,1.5
2026-03-11 13:30:00,2026-03-11 13:45:00,SHORT,5175.805,8.959714285714329,15.780000000000655,2.4600000000000364,1.7612168755381876,0.2745623266048052,15.0,1.0,1.5
2026-03-12 05:20:00,2026-03-12 05:23:00,SHORT,5141.195,3.930071428571474,0.0,4.630000000000109,0.0,1.1780956362116424,,3.0,-1.0
2026-03-12 12:35:00,2026-03-12 12:45:00,SHORT,5169.725,5.000928571428501,1.3900000000003274,6.509999999999309,0.2779483810150237,1.3017582448972562,5.0,10.0,-1.0
2026-03-12 16:25:00,2026-03-12 17:12:00,SHORT,5131.448,7.077142857142852,10.682999999999993,6.056999999999789,1.509507468712152,0.8558538554702978,47.0,18.0,1.5
2026-03-13 02:25:00,2026-03-13 02:43:00,LONG,5121.285,5.669785714285679,0.8500000000003638,5.899999999999636,0.14991748239420952,1.0406037013240035,4.0,18.0,-1.0
2026-03-13 03:55:00,2026-03-13 04:17:00,LONG,5115.435,4.206928571428632,2.319999999999709,4.710000000000036,0.5514712124555657,1.1195816425284744,9.0,22.0,-1.0
2026-03-13 08:40:00,2026-03-13 08:41:00,SHORT,5075.845,7.58714285714281,0.0,8.359999999999673,0.0,1.1018640557333472,,1.0,-1.0
2026-03-13 11:25:00,2026-03-13 11:58:00,LONG,5095.235,5.4552857142857,11.38000000000011,3.4299999999993815,2.086050226516903,0.6287480032470667,33.0,6.0,1.5
2026-03-13 11:50:00,2026-03-13 11:57:00,LONG,5095.015,4.975499999999946,8.139999999999418,1.5,1.6360164807556037,0.3014772384684989,7.0,1.0,1.5
2026-03-13 13:20:00,2026-03-13 13:27:00,LONG,5113.335,6.177142857142956,0.9899999999997817,6.180000000000291,0.16026827012022113,1.000462534690133,3.0,7.0,-1.0
2026-03-13 20:45:00,2026-03-15 22:00:00,SHORT,5018.288,6.680714285714267,21.07299999999941,5.650000000000546,3.154303432053807,0.8457179514595088,2955.0,2.0,1.5
2026-03-13 20:55:00,2026-03-15 22:00:00,SHORT,5018.098,6.198785714285675,20.88299999999981,3.100000000000364,3.3688856112372147,0.5000979454502076,2945.0,2.0,1.5
2026-03-15 23:15:00,2026-03-15 23:20:00,SHORT,5001.885,9.005928571428415,20.140000000000327,5.859999999999673,2.2363046564565363,0.6506824869331856,5.0,1.0,1.5
2026-03-16 02:45:00,2026-03-16 02:46:00,SHORT,5000.695,6.781214285714408,0.0,7.770000000000437,0.0,1.145812486175086,,1.0,-1.0
2026-03-16 05:50:00,2026-03-16 06:03:00,LONG,5019.575,4.3478571428572,0.27000000000043656,6.760000000000218,0.06209955643183936,1.55478889436507,5.0,13.0,-1.0
2026-03-16 08:55:00,2026-03-16 09:45:00,SHORT,4990.875,7.569285714285668,12.970000000000255,4.483000000000175,1.713503821836413,0.592261960932366,50.0,1.0,1.5
2026-03-16 20:05:00,2026-03-16 20:31:00,LONG,5018.435,5.594285714285759,3.139999999999418,6.450000000000728,0.5612870275790539,1.1529622063331137,6.0,26.0,-1.0
2026-03-17 07:40:00,2026-03-17 08:21:00,SHORT,5022.935,4.851642857142971,6.020000000000437,6.4399999999996,1.2408168072671133,1.3273854217274308,14.0,41.0,-1.0
2026-03-17 09:30:00,2026-03-17 10:04:00,SHORT,5014.685,5.035499999999956,7.770000000000437,3.339999999999236,1.5430443848675413,0.6632906364808391,34.0,1.0,1.5
2026-03-17 11:25:00,2026-03-17 12:15:00,SHORT,5006.865,5.349571428571186,7.769999999999527,5.420000000000073,1.4524527999572505,1.0131652735867287,37.0,50.0,-1.0
2026-03-17 11:50:00,2026-03-17 12:01:00,SHORT,5006.365,4.191214285714003,7.25,2.860000000000582,1.7298089541047914,0.6823798081021669,11.0,1.0,1.5
2026-03-17 16:45:00,2026-03-17 17:02:00,SHORT,4998.865,6.091000000000155,1.606999999999971,6.770000000000437,0.2638318831062108,1.1114759481202208,8.0,17.0,-1.0
2026-03-17 19:55:00,2026-03-17 20:04:00,SHORT,5000.055,3.3624285714286737,2.1469999999999345,3.630000000000109,0.6385265751794658,1.079576836470238,4.0,9.0,-1.0
2026-03-17 22:30:00,2026-03-17 22:48:00,SHORT,4997.495,3.210428571428565,4.479999999999563,3.3299999999999272,1.3954523205623195,1.0372446936323383,16.0,18.0,-1.0
2026-03-18 01:15:00,2026-03-18 01:29:00,LONG,5012.365,4.236714285714307,3.3100000000004,4.789999999999964,0.781265805712064,1.1305931146103643,5.0,14.0,-1.0
2026-03-18 10:10:00,2026-03-18 10:29:00,SHORT,4988.725,3.7214285714285325,8.079999999999927,2.7399999999997817,2.1712092130518266,0.7362763915546515,19.0,3.0,1.5
2026-03-18 14:10:00,2026-03-18 14:26:00,SHORT,4880.625,14.152928571428674,21.8100000000004,6.609999999999673,1.541023816373206,0.4670411474656671,16.0,2.0,1.5
2026-03-18 22:10:00,2026-03-18 22:37:00,SHORT,4818.095,10.626214285714273,14.25,11.210000000000036,1.3410232107927178,1.0549382591569414,11.0,27.0,-1.0
2026-03-18 23:15:00,2026-03-18 23:28:00,SHORT,4829.985,9.370714285714257,1.8999999999996362,9.829999999999927,0.20275935665824368,1.0490128820794222,3.0,13.0,-1.0
2026-03-19 03:40:00,2026-03-19 03:57:00,LONG,4856.005,5.615928571428477,1.319999999999709,5.617000000000189,0.23504572453348557,1.0001907838673667,1.0,17.0,-1.0
2026-03-19 10:10:00,2026-03-19 10:20:00,SHORT,4704.215,15.565714285714225,33.55000000000018,2.199999999999818,2.15537812041118,0.1413362701908846,10.0,1.0,1.5
2026-03-19 11:25:00,2026-03-19 11:42:00,SHORT,4685.995,13.941357142857084,27.9399999999996,9.510000000000218,2.00410904861689,0.682143058423312,17.0,7.0,1.5
2026-03-20 00:00:00,2026-03-20 00:14:00,LONG,4651.455,7.264285714285636,11.270000000000437,6.100000000000364,1.5514257620453078,0.8397246804327042,14.0,1.0,1.5
2026-03-20 00:35:00,2026-03-20 01:00:00,LONG,4653.095,7.654285714285639,10.050000000000182,13.88000000000011,1.3129899216125787,1.8133631952221299,25.0,25.0,-1.0
2026-03-20 01:40:00,2026-03-20 01:56:00,LONG,4686.095,11.503571428571442,13.090000000000146,12.180000000000291,1.1379074821484123,1.0588016144054881,6.0,16.0,-1.0
2026-03-20 04:50:00,2026-03-20 04:51:00,LONG,4722.365,4.79357142857147,0.0,4.880000000000109,0.0,1.018030099836104,,1.0,-1.0
2026-03-20 11:45:00,2026-03-20 12:00:00,SHORT,4665.445,10.069285714285668,7.9099999999998545,12.909999999999854,0.7855572107540503,1.2821167624317145,7.0,15.0,-1.0
2026-03-20 13:45:00,2026-03-20 13:51:00,SHORT,4651.595,12.609285714285761,22.030000000000655,10.529999999999745,1.7471251345380843,0.8350988500537919,6.0,1.0,1.5
2026-03-20 17:10:00,2026-03-20 17:33:00,SHORT,4581.785,14.458642857142943,22.139999999999418,7.779999999999745,1.5312640486905509,0.5380864633609941,23.0,1.0,1.5
2026-03-20 17:30:00,2026-03-20 17:53:00,SHORT,4561.605,12.770785714285791,7.549999999999272,13.840000000000146,0.5911930690022942,1.0837234536414073,6.0,23.0,-1.0
2026-03-22 22:40:00,2026-03-22 23:34:00,SHORT,4506.425,17.739214285714233,26.69000000000051,9.260000000000218,1.5045762213659335,0.5220073364499291,54.0,1.0,1.5
2026-03-22 23:05:00,2026-03-22 23:48:00,SHORT,4494.708,19.397428571428595,35.482999999999265,10.410000000000764,1.829263083471996,0.5366690724838731,43.0,1.0,1.5
2026-03-23 00:00:00,2026-03-23 00:01:00,SHORT,4440.065,16.385285714285796,0.0,29.26000000000022,0.0,1.785748537450853,,1.0,-1.0
2026-03-23 01:25:00,2026-03-23 02:38:00,SHORT,4421.495,33.317928571428574,51.35999999999967,32.36999999999989,1.5415123989443593,0.9715489944281359,73.0,8.0,1.5
2026-03-23 02:25:00,2026-03-23 02:53:00,SHORT,4398.815,21.698357142857212,44.277000000000044,14.860000000000582,2.0405692333520924,0.6848444747298429,28.0,1.0,1.5
2026-03-23 04:25:00,2026-03-23 04:36:00,SHORT,4368.375,10.824999999999948,8.399999999999636,13.25,0.7759815242493928,1.2240184757505832,9.0,11.0,-1.0
2026-03-23 04:45:00,2026-03-23 04:53:00,SHORT,4368.525,10.009071428571392,18.027000000000044,7.760000000000218,1.801066175683498,0.7752966951408612,8.0,1.0,1.5
2026-03-23 13:45:00,2026-03-23 14:17:00,LONG,4442.175,27.55957142857148,46.94300000000021,9.230000000000473,1.7033283743786232,0.3349108684045636,32.0,1.0,1.5
2026-03-23 15:00:00,2026-03-23 15:17:00,LONG,4469.595,22.509785714285822,17.170000000000073,29.699999999999818,0.7627793626264129,1.3194261543392094,6.0,17.0,-1.0
2026-03-23 18:25:00,2026-03-23 18:36:00,LONG,4425.895,14.959785714285838,23.06999999999971,4.880000000000109,1.5421343888615349,0.32620788112893595,11.0,4.0,1.5
2026-03-23 20:50:00,2026-03-23 22:00:00,SHORT,4407.515,9.446428571428637,3.097000000000662,10.399999999999636,0.32784877126660844,1.1009451795840748,7.0,70.0,-1.0
2026-03-24 04:40:00,2026-03-24 05:05:00,SHORT,4340.645,9.616928571428486,20.220000000000255,8.36999999999989,2.1025423917645676,0.8703402482229959,25.0,8.0,1.5
2026-03-24 04:55:00,2026-03-24 04:56:00,SHORT,4333.115,9.640499999999975,0.0,11.150000000000546,0.0,1.1565790156112832,,1.0,-1.0
2026-03-24 08:40:00,2026-03-24 09:03:00,LONG,4400.215,12.46828571428549,18.81999999999971,4.300000000000182,1.5094296386260035,0.34487499713561054,23.0,3.0,1.5
2026-03-24 09:30:00,2026-03-24 09:58:00,LONG,4411.165,10.65628571428572,18.89300000000003,6.25,1.7729442046277197,0.586508298254551,28.0,1.0,1.5
2026-03-24 15:20:00,2026-03-24 17:05:00,LONG,4413.638,15.751500000000046,16.76000000000022,21.279999999999745,1.0640256483509614,1.3509824461162228,29.0,105.0,-1.0
2026-03-24 15:30:00,2026-03-24 17:05:00,LONG,4416.105,15.36792857142856,14.293000000000575,23.74699999999939,0.930053776185136,1.5452310237925535,19.0,95.0,-1.0
2026-03-24 16:40:00,2026-03-24 16:41:00,LONG,4424.148,9.965214285714344,0.0,15.510000000000218,0.0,1.5564140976109881,,1.0,-1.0
2026-03-25 04:00:00,2026-03-25 04:01:00,LONG,4572.848,6.62364285714297,0.0,7.4099999999998545,0.0,1.1187197377359912,,1.0,-1.0
2026-03-25 04:10:00,2026-03-25 04:36:00,LONG,4573.635,6.10264285714298,0.75,7.770000000000437,0.12289757365075774,1.2732188630219217,24.0,26.0,-1.0
2026-03-25 04:25:00,2026-03-25 04:35:00,LONG,4573.985,5.048357142857315,0.4000000000005457,6.17699999999968,0.07923369695951228,1.2235663652955358,9.0,10.0,-1.0
2026-03-25 06:35:00,2026-03-25 07:14:00,SHORT,4546.105,9.021214285714255,3.0399999999999636,12.63000000000011,0.3369834596229494,1.4000332549466903,24.0,39.0,-1.0
2026-03-25 09:15:00,2026-03-25 09:23:00,LONG,4563.535,7.092214285714233,2.4600000000000364,7.170000000000073,0.34685923195456553,1.010967761428546,5.0,8.0,-1.0
2026-03-25 20:05:00,2026-03-25 20:38:00,SHORT,4526.945,13.25742857142872,24.11999999999989,9.69000000000051,1.8193573414365782,0.7309109717463288,33.0,1.0,1.5
2026-03-25 20:20:00,2026-03-25 20:38:00,SHORT,4523.935,9.991928571428812,21.110000000000582,5.539999999999964,2.1127052549557934,0.5544475183540831,18.0,1.0,1.5
2026-03-25 22:15:00,2026-03-25 22:25:00,SHORT,4507.975,9.579071428571426,2.8770000000004075,11.579999999999927,0.3003422640131068,1.2088854422215023,3.0,10.0,-1.0
2026-03-25 23:00:00,2026-03-25 23:01:00,SHORT,4503.878,11.918357142857205,0.0,12.860000000000582,0.0,1.0790077731231367,,1.0,-1.0
2026-03-26 05:20:00,2026-03-26 05:21:00,SHORT,4504.725,4.343928571428672,0.0,6.009999999999309,0.0,1.3835402450051528,,1.0,-1.0
2026-03-26 08:20:00,2026-03-26 08:21:00,SHORT,4431.435,10.627214285714217,0.0,14.849999999999454,0.0,1.3973558451683596,,1.0,-1.0
2026-03-26 11:55:00,2026-03-26 12:08:00,SHORT,4422.795,9.353857142857189,6.460000000000036,11.859999999999673,0.6906241886463954,1.2679261420040213,7.0,13.0,-1.0
2026-03-26 19:00:00,2026-03-26 19:01:00,SHORT,4389.845,8.273642857142931,0.0,9.300000000000182,0.0,1.124051419740841,,1.0,-1.0
2026-03-26 19:40:00,2026-03-26 19:54:00,SHORT,4378.525,7.424642857142966,15.039999999999964,5.539999999999964,2.025686661215031,0.7461638366443634,14.0,1.0,1.5
2026-03-26 22:55:00,2026-03-26 23:05:00,LONG,4410.398,13.384857142857268,3.199999999999818,14.300000000000182,0.23907614148182935,1.0683715072469993,5.0,10.0,-1.0
2026-03-27 07:35:00,2026-03-27 07:43:00,LONG,4453.095,6.555285714285674,2.6700000000000728,6.890000000000327,0.40730490117027973,1.0510602131323161,2.0,8.0,-1.0
2026-03-27 10:30:00,2026-03-27 10:41:00,SHORT,4426.765,4.9835714285715245,9.86999999999989,2.759999999999309,1.9805073813959555,0.5538196932777638,11.0,1.0,1.5
2026-03-27 11:55:00,2026-03-27 12:15:00,SHORT,4419.745,6.972428571428736,7.449999999999818,7.193000000000211,1.0684942733623761,1.0316348064826826,13.0,20.0,-1.0
2026-03-27 12:20:00,2026-03-27 12:29:00,SHORT,4422.185,7.38857142857153,5.300000000000182,7.399999999999636,0.7173240525908887,1.0015467904098365,3.0,9.0,-1.0
2026-03-27 14:10:00,2026-03-27 14:11:00,LONG,4459.305,13.22078571428574,0.0,14.860000000000582,0.0,1.1239876601239809,,1.0,-1.0
2026-03-27 19:50:00,2026-03-27 19:51:00,LONG,4515.385,7.481642857142755,0.0,8.63000000000011,0.0,1.1534899706901958,,1.0,-1.0
2026-03-30 00:35:00,2026-03-30 01:21:00,SHORT,4447.375,14.599071428571474,17.350000000000364,19.029999999999745,1.188431749573135,1.3035075616355032,23.0,46.0,-1.0
2026-03-30 08:30:00,2026-03-30 09:16:00,LONG,4532.615,6.84500000000006,7.75,8.36999999999989,1.1322132943754466,1.2227903579254664,32.0,46.0,-1.0
2026-03-30 09:20:00,2026-03-30 09:33:00,LONG,4530.845,6.7190714285714295,5.51299999999992,7.369999999999891,0.8205002817140854,1.0968777573431538,2.0,13.0,-1.0
2026-03-30 09:35:00,2026-03-30 11:04:00,LONG,4533.415,6.799785714285657,6.359999999999673,8.159999999999854,0.9353235921299637,1.2000378163177299,45.0,89.0,-1.0
2026-03-30 12:15:00,2026-03-30 12:16:00,LONG,4566.955,10.487428571428675,0.0,10.960000000000036,0.0,1.0450607530104001,,1.0,-1.0
2026-03-30 17:10:00,2026-03-30 17:11:00,SHORT,4522.525,7.194357142857241,0.0,8.320000000000618,0.0,1.1564619096316266,,1.0,-1.0
2026-03-31 04:40:00,2026-03-31 05:10:00,LONG,4563.615,6.012428571428635,6.770000000000437,8.61999999999989,1.12600090289169,1.433696866015601,26.0,30.0,-1.0
2026-03-31 04:50:00,2026-03-31 05:10:00,LONG,4565.515,5.448857142857183,4.869999999999891,10.520000000000437,0.8937654029678302,1.9306800901893584,16.0,20.0,-1.0
2026-03-31 05:00:00,2026-03-31 05:09:00,LONG,4568.815,5.467642857142891,1.5700000000006185,7.519999999999527,0.2871438462644979,1.375364155355438,6.0,9.0,-1.0
2026-03-31 05:45:00,2026-03-31 05:55:00,LONG,4579.455,7.590714285714122,2.0600000000004,9.63000000000011,0.2713842100311116,1.2686553119413233,4.0,10.0,-1.0
2026-03-31 20:30:00,2026-03-31 20:37:00,LONG,4675.145,5.828571428571389,0.13999999999941792,8.350000000000364,0.02401960784303755,1.4325980392157585,4.0,7.0,-1.0
2026-04-01 01:25:00,2026-04-01 01:32:00,LONG,4707.995,11.394285714285745,0.13000000000010914,11.396999999999935,0.011409227683058696,1.0002382146439233,5.0,7.0,-1.0
2026-04-01 02:15:00,2026-04-01 02:22:00,LONG,4695.745,10.087642857142653,1.8299999999999272,12.029999999999745,0.1814100703123305,1.1925481671351785,1.0,7.0,-1.0
2026-04-01 10:35:00,2026-04-01 11:09:00,LONG,4729.835,6.419285714285771,10.289999999999964,2.8270000000002256,1.6029820852342074,0.4403916768666163,34.0,4.0,1.5
2026-04-01 14:10:00,2026-04-01 14:26:00,LONG,4744.325,10.783571428571381,10.260000000000218,14.090000000000146,0.951447307412093,1.306617208716983,12.0,16.0,-1.0
2026-04-02 00:05:00,2026-04-02 00:06:00,LONG,4789.995,7.209714285714329,0.0,8.239999999999782,0.0,1.1429024332249769,,1.0,-1.0
2026-04-02 01:15:00,2026-04-02 01:16:00,SHORT,4727.175,13.664071428571463,0.0,25.17999999999938,0.0,1.8427889616668869,,1.0,-1.0
2026-04-02 09:40:00,2026-04-02 10:05:00,SHORT,4621.255,9.144785714285652,3.7570000000005166,13.659999999999854,0.4108352144470119,1.4937474126551373,6.0,25.0,-1.0
2026-04-02 13:10:00,2026-04-02 13:29:00,SHORT,4587.225,12.307428571428577,6.600000000000364,12.839999999999236,0.5362614913177004,1.0432723558361339,14.0,19.0,-1.0
2026-04-02 13:35:00,2026-04-02 13:45:00,SHORT,4589.735,13.448142857142752,3.9169999999994616,19.0,0.29126698322653627,1.412834485908846,5.0,10.0,-1.0
2026-04-02 16:30:00,2026-04-02 17:30:00,LONG,4657.895,10.561214285714348,12.352999999999156,11.330000000000837,1.1696571687508008,1.0727933070467464,24.0,60.0,-1.0
2026-04-02 17:35:00,2026-04-02 18:46:00,LONG,4653.135,8.514357142857339,13.779999999999745,7.600000000000364,1.618442798298605,0.89260996132585,71.0,17.0,1.5
2026-04-02 18:40:00,2026-04-02 19:01:00,LONG,4662.495,6.2427142857141655,10.319999999999709,4.760000000000218,1.6531270738460686,0.7624888441383595,21.0,1.0,1.5
2026-04-02 20:25:00,2026-04-02 20:57:00,LONG,4667.505,5.601857142857041,8.779999999999745,1.230000000000473,1.5673373626093219,0.21957004054786594,32.0,28.0,1.5
2026-04-05 22:50:00,2026-04-05 22:53:00,SHORT,4628.645,16.026642857142697,0.0,19.769999999999527,0.0,1.2335708841972792,,3.0,-1.0
2026-04-05 23:15:00,2026-04-06 00:27:00,SHORT,4624.325,15.632785714285546,23.9399999999996,9.270000000000437,1.531396926788471,0.5929845242827917,72.0,1.0,1.5
2026-04-06 00:15:00,2026-04-06 00:16:00,SHORT,4614.405,9.340428571428804,0.0,14.5,0.0,1.5523912943731164,,1.0,-1.0
2026-04-06 12:20:00,2026-04-06 12:31:00,SHORT,4663.675,6.5069285714286185,4.190000000000509,8.949999999999818,0.6439289987596376,1.3754569305245676,5.0,11.0,-1.0
2026-04-06 16:35:00,2026-04-06 16:38:00,SHORT,4664.115,6.5992142857144245,0.0,6.743000000000393,0.0,1.0217883081319585,,3.0,-1.0
2026-04-06 20:35:00,2026-04-06 20:36:00,SHORT,4652.115,3.3064285714284387,0.0,4.150000000000546,0.0,1.2551306977751129,,1.0,-1.0
2026-04-06 20:45:00,2026-04-06 20:46:00,SHORT,4650.095,3.3557142857141895,0.0,3.4899999999997817,0.0,1.0400170285227404,,1.0,-1.0
2026-04-06 20:55:00,2026-04-06 22:00:00,SHORT,4648.605,3.3562142857142265,1.756999999999607,11.360000000000582,0.523506501798262,3.384765999106369,4.0,65.0,-1.0
2026-04-07 01:45:00,2026-04-07 02:46:00,SHORT,4633.945,13.853,17.920000000000073,14.760000000000218,1.293582617483583,1.0654731827041233,11.0,61.0,-1.0
2026-04-07 13:15:00,2026-04-07 13:24:00,SHORT,4650.645,8.448214285714325,0.4400000000005093,8.802999999999884,0.05208201225962462,1.0419953498203154,4.0,9.0,-1.0
2026-04-07 14:50:00,2026-04-07 15:30:00,SHORT,4639.488,13.984000000000053,14.753000000000611,16.947000000000116,1.0549914187643417,1.2118850114416513,16.0,40.0,-1.0
2026-04-08 01:40:00,2026-04-08 02:00:00,LONG,4799.845,11.899785714285567,21.219999999999345,2.699999999999818,1.7832253882122397,0.2268948420439619,20.0,3.0,1.5
2026-04-08 04:35:00,2026-04-08 04:49:00,LONG,4804.065,5.947928571428682,2.410000000000764,6.4399999999996,0.40518307694167316,1.0827298819516125,7.0,14.0,-1.0
2026-04-08 14:25:00,2026-04-08 14:52:00,SHORT,4767.375,12.72092857142856,22.636999999999716,5.630000000000109,1.7795084590635022,0.44257775431938146,27.0,3.0,1.5
2026-04-08 16:10:00,2026-04-08 16:48:00,SHORT,4753.798,6.909999999999919,8.792999999999665,7.690000000000509,1.2725036179449736,1.1128798842258465,8.0,38.0,-1.0
2026-04-08 17:15:00,2026-04-08 17:24:00,SHORT,4755.248,5.884285714285592,9.199999999999818,4.5,1.5634862830784186,0.7647487254188069,9.0,1.0,1.5
2026-04-08 20:15:00,2026-04-08 22:00:00,SHORT,4724.235,5.8673571428573394,8.5,8.039999999999964,1.4486931327075467,1.3702932690551322,44.0,105.0,-1.0
2026-04-08 20:35:00,2026-04-08 22:00:00,SHORT,4722.415,4.59021428571441,6.680000000000291,9.859999999999673,1.4552697508675527,2.1480478658013427,24.0,85.0,-1.0
2026-04-09 00:00:00,2026-04-09 00:24:00,SHORT,4705.018,6.0564285714286985,6.932999999999993,6.819999999999709,1.1447340488264874,1.1260761882296724,7.0,24.0,-1.0
2026-04-09 04:15:00,2026-04-09 04:53:00,SHORT,4720.095,4.735142857142948,5.990000000000691,4.9429999999993015,1.2650093525615167,1.0438966994507466,19.0,38.0,-1.0
2026-04-09 09:20:00,2026-04-09 09:45:00,LONG,4731.075,4.977357142857012,2.300000000000182,7.3969999999999345,0.46209261943376995,1.486130046065781,8.0,25.0,-1.0
2026-04-09 09:55:00,2026-04-09 10:15:00,LONG,4728.938,4.603142857142822,3.6400000000003274,4.903000000000247,0.790764074235072,1.065141828564397,6.0,20.0,-1.0
2026-04-09 12:55:00,2026-04-09 13:04:00,LONG,4745.665,6.1305000000000165,1.5100000000002183,7.1599999999998545,0.24630943642447015,1.1679308376151758,3.0,9.0,-1.0
2026-04-09 14:45:00,2026-04-09 15:17:00,LONG,4761.405,10.106214285714357,17.420000000000073,3.75,1.7236919292938524,0.3710588251924179,32.0,2.0,1.5
2026-04-09 17:35:00,2026-04-09 18:02:00,LONG,4798.605,5.590928571428451,2.410000000000764,8.856999999999971,0.4310554086340299,1.5841733420209045,5.0,27.0,-1.0
2026-04-09 19:25:00,2026-04-09 20:36:00,SHORT,4773.405,6.277428571428767,9.779999999999745,4.4099999999998545,1.5579627691046398,0.7025169541668113,71.0,5.0,1.5
2026-04-10 00:00:00,2026-04-10 00:07:00,SHORT,4757.125,4.102357142857143,6.4399999999996,1.0399999999999636,1.56982919227612,0.25351278881478406,7.0,3.0,1.5
2026-04-10 05:45:00,2026-04-10 06:00:00,LONG,4766.065,3.89621428571432,2.850000000000364,5.876999999999498,0.7314792747539689,1.5083872623607577,7.0,15.0,-1.0
2026-04-10 11:15:00,2026-04-10 11:44:00,LONG,4758.165,4.039999999999899,8.609999999999673,3.9899999999997817,2.1311881188118535,0.9876237623762083,29.0,1.0,1.5
2026-04-10 13:05:00,2026-04-10 13:19:00,LONG,4774.025,8.009071428571588,3.4600000000000364,8.199999999999818,0.43201013136889016,1.023839039660342,1.0,14.0,-1.0
2026-04-10 13:20:00,2026-04-10 13:35:00,LONG,4775.755,8.542357142857261,4.119999999999891,11.140000000000327,0.4823024758973993,1.3040897042469244,9.0,15.0,-1.0
2026-04-10 19:35:00,2026-04-10 20:02:00,SHORT,4762.475,4.059285714285774,6.5770000000002256,2.25,1.6202357909555132,0.5542847087805656,27.0,1.0,1.5
2026-04-13 02:50:00,2026-04-13 02:51:00,LONG,4718.345,6.587142857142941,0.0,7.220000000000255,0.0,1.096074604207355,,1.0,-1.0
2026-04-13 03:15:00,2026-04-13 03:41:00,LONG,4715.265,5.301428571428589,8.210000000000036,1.8299999999999272,1.5486391808137985,0.345189975747762,26.0,6.0,1.5
2026-04-13 04:25:00,2026-04-13 04:43:00,LONG,4712.395,4.208785714285698,6.70299999999952,3.8100000000004,1.5926208780950333,0.9052492235630536,18.0,7.0,1.5
2026-04-13 05:45:00,2026-04-13 05:57:00,LONG,4722.578,4.446928571428608,7.166999999999462,2.2830000000003565,1.611674189247661,0.5133880527491644,12.0,10.0,1.5
2026-04-13 07:40:00,2026-04-13 08:40:00,LONG,4732.035,5.493785714285683,7.779999999999745,5.889999999999418,1.416145515062435,1.072120447778559,11.0,60.0,-1.0
2026-04-13 12:15:00,2026-04-13 12:25:00,SHORT,4713.775,5.840999999999959,10.289999999999964,2.910000000000764,1.7616846430405813,0.49820236260927653,10.0,1.0,1.5
2026-04-13 13:45:00,2026-04-13 13:46:00,LONG,4739.125,7.00192857142864,0.0,12.340000000000146,0.0,1.7623715915003044,,1.0,-1.0
2026-04-13 20:40:00,2026-04-13 22:00:00,LONG,4739.645,2.9102142857141837,16.079999999999927,1.730000000000473,5.525366320595118,0.5944579436960329,80.0,12.0,1.5
2026-04-14 02:15:00,2026-04-14 02:30:00,LONG,4771.055,5.144285714285745,1.3400000000001455,8.930000000000291,0.2604831991113847,1.7359066925854392,3.0,15.0,-1.0
2026-04-14 10:30:00,2026-04-14 10:35:00,LONG,4784.165,5.074071428571382,0.23999999999978172,8.636999999999716,0.04729929473368773,1.7021833692300792,4.0,5.0,-1.0
2026-04-14 12:20:00,2026-04-14 12:30:00,SHORT,4765.965,5.269071428571416,3.5100000000002183,7.519999999999527,0.6661515311725185,1.4271964428537642,3.0,10.0,-1.0
2026-04-14 12:50:00,2026-04-14 12:51:00,SHORT,4764.185,6.927142857142826,0.0,7.239999999999782,0.0,1.0451639513301443,,1.0,-1.0
2026-04-14 15:30:00,2026-04-14 16:28:00,LONG,4806.925,7.625999999999879,12.01299999999992,2.1900000000005093,1.5752688172043157,0.28717545239975667,58.0,31.0,1.5
2026-04-14 20:40:00,2026-04-14 22:00:00,LONG,4841.915,2.7976428571428835,4.0600000000004,5.296999999999571,1.4512216917304126,1.8933796308114814,80.0,80.0,-1.0
2026-04-14 22:00:00,2026-04-14 22:01:00,LONG,4848.515,3.2652857142856453,0.0,10.990000000000691,0.0,3.365708535678631,,1.0,-1.0
2026-04-15 05:35:00,2026-04-15 05:43:00,SHORT,4819.905,4.600928571428605,7.447000000000116,3.8900000000003274,1.6185863102168954,0.8454815021813018,8.0,1.0,1.5
2026-04-15 06:05:00,2026-04-15 07:01:00,SHORT,4817.385,5.859928571428684,13.670000000000073,4.609999999999673,2.3327929399431655,0.7866990090078398,56.0,42.0,1.5
2026-04-15 06:15:00,2026-04-15 07:01:00,SHORT,4816.765,5.721071428571447,13.050000000000182,5.229999999999563,2.2810412634996187,0.9141644297396049,46.0,32.0,1.5
2026-04-15 06:50:00,2026-04-15 07:01:00,SHORT,4814.545,5.05885714285705,10.829999999999927,2.9899999999997817,2.1407997289054808,0.5910425844346225,11.0,1.0,1.5
2026-04-15 07:40:00,2026-04-15 08:57:00,SHORT,4810.205,5.963714285714299,5.989999999999782,7.210000000000036,1.004407607914492,1.2089781056867759,31.0,77.0,-1.0
2026-04-15 08:20:00,2026-04-15 08:54:00,SHORT,4809.898,5.06421428571431,4.693000000000211,5.23700000000008,0.9266985429978228,1.0341189579542838,12.0,34.0,-1.0
2026-04-15 09:20:00,2026-04-15 09:45:00,SHORT,4804.125,6.234785714285863,10.390000000000327,3.0100000000002183,1.6664566315717244,0.4827752128037629,25.0,1.0,1.5
2026-04-15 13:20:00,2026-04-15 13:38:00,LONG,4816.645,4.914357142857106,8.25,1.25,1.6787546692635409,0.25435676807023344,18.0,3.0,1.5
2026-04-15 16:15:00,2026-04-15 17:40:00,SHORT,4806.555,6.810999999999955,11.38000000000011,5.739999999999782,1.6708266040229314,0.8427543679341977,85.0,14.0,1.5
2026-04-15 16:50:00,2026-04-15 17:25:00,SHORT,4801.785,5.336714285714346,3.8299999999999272,5.880000000000109,0.7176700484514064,1.1018015365259604,24.0,35.0,-1.0
2026-04-15 19:55:00,2026-04-15 20:36:00,SHORT,4795.605,3.7224285714284115,5.6799999999993815,2.0700000000006185,1.5258855585830056,0.5560885750472023,41.0,1.0,1.5
2026-04-16 02:15:00,2026-04-16 02:33:00,LONG,4822.195,4.503000000000092,0.9530000000004293,6.067000000000007,0.21163668665343324,1.3473240062180512,5.0,18.0,-1.0
2026-04-16 07:35:00,2026-04-16 07:48:00,LONG,4828.855,5.805642857143084,1.0300000000006548,6.196999999999207,0.17741360006900433,1.0674097860454177,6.0,13.0,-1.0
2026-04-16 18:25:00,2026-04-16 18:53:00,SHORT,4786.825,5.1497857142858265,0.38699999999971624,5.710000000000036,0.07514875792329652,1.1087839993342132,4.0,28.0,-1.0
2026-04-16 19:10:00,2026-04-16 19:19:00,SHORT,4789.705,3.461000000000045,0.4470000000001164,3.730000000000473,0.12915342386596665,1.077723201387005,4.0,9.0,-1.0
2026-04-16 20:20:00,2026-04-16 22:00:00,SHORT,4788.525,2.8400000000001455,2.389999999999418,7.079999999999927,0.8415492957743999,2.49295774647872,39.0,100.0,-1.0
2026-04-17 00:40:00,2026-04-17 00:41:00,LONG,4798.355,3.3985714285714885,0.0,3.9199999999991633,0.0,1.1534258091632474,,1.0,-1.0
2026-04-17 02:40:00,2026-04-17 02:59:00,SHORT,4791.235,4.475214285714368,7.089999999999236,3.2600000000002183,1.5842816784509517,0.7284567379056425,19.0,1.0,1.5
2026-04-17 04:10:00,2026-04-17 04:40:00,LONG,4795.055,2.85835714285739,4.559999999999491,1.7470000000002983,1.5953219881547178,0.6111902441462893,30.0,6.0,1.5
2026-04-17 07:10:00,2026-04-17 07:25:00,SHORT,4786.985,4.196928571428608,2.4600000000000364,4.970000000000255,0.586142927651177,1.1841993294416489,8.0,15.0,-1.0
2026-04-17 11:40:00,2026-04-17 11:41:00,LONG,4798.405,4.28228571428573,0.0,5.550000000000182,0.0,1.2960368294636087,,1.0,-1.0
2026-04-17 15:20:00,2026-04-17 15:43:00,LONG,4869.985,9.455214285714192,3.7130000000006476,11.759999999999309,0.39269337402649773,1.2437581682064467,14.0,23.0,-1.0
2026-04-17 16:55:00,2026-04-17 17:08:00,LONG,4866.645,4.344071428571364,2.6699999999991633,8.94000000000051,0.6146307775784541,2.057977210319631,5.0,13.0,-1.0
2026-04-17 18:05:00,2026-04-17 18:51:00,LONG,4862.965,5.381857142857045,4.832999999999629,6.067000000000007,0.8980171475592073,1.127306028189972,20.0,46.0,-1.0
2026-04-20 00:50:00,2026-04-20 00:59:00,SHORT,4763.415,6.873071428571426,4.210000000000036,10.770000000000437,0.6125354644939415,1.566985024370537,2.0,9.0,-1.0
2026-04-20 04:40:00,2026-04-20 04:41:00,SHORT,4787.095,3.373214285714247,0.0,4.079999999999927,0.0,1.2095288512440368,,1.0,-1.0
2026-04-20 05:05:00,2026-04-20 05:30:00,SHORT,4786.915,3.912000000000002,2.7200000000002547,6.079999999999927,0.6952965235174471,1.5541922290388352,8.0,25.0,-1.0
2026-04-20 08:55:00,2026-04-20 09:18:00,LONG,4796.085,3.8594999999999606,1.680000000000291,4.3100000000004,0.4352895452779656,1.1167249643737387,10.0,23.0,-1.0
2026-04-20 10:15:00,2026-04-20 10:44:00,LONG,4799.985,4.967642857143021,0.7800000000006548,5.170000000000073,0.15701611859618397,1.040735042489232,7.0,29.0,-1.0
2026-04-21 05:45:00,2026-04-21 05:46:00,SHORT,4790.345,3.9067142857143153,0.0,5.050000000000182,0.0,1.2926463597469926,,1.0,-1.0
2026-04-21 19:10:00,2026-04-21 19:24:00,SHORT,4707.085,6.052928571428505,3.006999999999607,6.920000000000073,0.496784319278684,1.1432482505517056,4.0,14.0,-1.0
2026-04-22 01:15:00,2026-04-22 01:23:00,LONG,4740.205,4.658142857142853,8.61999999999989,0.569999999999709,1.8505228938571252,0.12236636305081626,8.0,4.0,1.5
2026-04-22 05:05:00,2026-04-22 05:06:00,LONG,4755.425,2.6553571428572207,0.0,3.2600000000002183,0.0,1.2277067921991047,,1.0,-1.0
2026-04-22 06:25:00,2026-04-22 07:17:00,LONG,4766.875,4.333785714285633,5.289999999999964,4.3400000000001455,1.2206418011306657,1.0014339162395658,43.0,52.0,-1.0
2026-04-22 07:20:00,2026-04-22 07:40:00,LONG,4766.145,3.282142857142844,1.6599999999998545,4.180000000000291,0.5057671381936465,1.2735582154516716,2.0,20.0,-1.0
2026-04-22 10:00:00,2026-04-22 10:01:00,SHORT,4748.715,3.563571428571387,0.0,8.88000000000011,0.0,2.4918821407096208,,1.0,-1.0
2026-04-22 14:10:00,2026-04-22 14:32:00,SHORT,4745.225,7.475499999999816,12.180000000000291,5.309999999999491,1.629322453347681,0.7103203799076478,22.0,11.0,1.5
2026-04-22 16:10:00,2026-04-22 17:02:00,SHORT,4730.115,4.742857142857117,6.4299999999993815,5.960000000000036,1.3557228915661421,1.2566265060241109,20.0,52.0,-1.0
2026-04-22 16:40:00,2026-04-22 17:01:00,SHORT,4728.015,4.404285714285639,1.9000000000005457,6.469999999999345,0.431397988971912,1.4690236782353612,5.0,21.0,-1.0
2026-04-22 16:55:00,2026-04-22 17:01:00,SHORT,4728.495,4.152857142857166,2.3400000000001455,5.989999999999782,0.5634674922600938,1.4423804609562516,1.0,6.0,-1.0
2026-04-23 05:35:00,2026-04-23 05:46:00,SHORT,4702.715,4.1676428571427095,2.1400000000003274,5.979999999999563,0.5134796990420355,1.434863831902186,7.0,11.0,-1.0
2026-04-23 14:40:00,2026-04-23 15:45:00,LONG,4730.725,7.105071428571526,10.179999999999382,8.600000000000364,1.4327794030419858,1.2104030320395234,38.0,65.0,-1.0
2026-04-23 16:40:00,2026-04-23 16:41:00,LONG,4733.905,5.231428571428751,0.0,6.529999999999745,0.0,1.2482250136536497,,1.0,-1.0
2026-04-23 17:15:00,2026-04-23 17:16:00,SHORT,4708.775,6.916428571428696,0.0,8.69000000000051,0.0,1.256428792729577,,1.0,-1.0
2026-04-23 22:35:00,2026-04-23 22:36:00,SHORT,4691.478,3.657142857142909,0.0,4.886999999999716,0.0,1.3362890624999035,,1.0,-1.0
2026-04-23 23:05:00,2026-04-23 23:29:00,SHORT,4689.895,3.943071428571394,3.2700000000004366,4.479999999999563,0.8293027552851568,1.136170135680931,12.0,24.0,-1.0
2026-04-24 05:00:00,2026-04-24 05:27:00,SHORT,4673.405,4.4719285714285695,4.069999999999709,4.990000000000691,0.9101218713561734,1.1158496653730368,12.0,27.0,-1.0
2026-04-24 08:45:00,2026-04-24 09:24:00,LONG,4691.745,4.647857142856992,4.789999999999964,5.75,1.030582449669612,1.2371292454280407,30.0,39.0,-1.0
2026-04-24 15:50:00,2026-04-24 16:07:00,LONG,4729.145,6.003357142857112,0.839999999999236,7.180000000000291,0.13992171047139534,1.1959974776018727,3.0,17.0,-1.0
2026-04-24 16:30:00,2026-04-24 16:42:00,LONG,4725.615,5.532142857142779,1.3500000000003638,5.729999999999563,0.24402840542292265,1.0357650096836026,1.0,12.0,-1.0
2026-04-24 18:10:00,2026-04-24 18:22:00,LONG,4723.615,3.6957142857140752,1.1000000000003638,3.719999999999345,0.29764205643614167,1.0065713181289873,3.0,12.0,-1.0
2026-04-27 08:50:00,2026-04-27 08:51:00,SHORT,4706.885,3.81499999999973,0.0,4.4299999999993815,0.0,1.161205766710274,,1.0,-1.0
2026-04-27 11:35:00,2026-04-27 12:00:00,SHORT,4701.915,3.582142857142961,1.9099999999998545,4.239999999999782,0.5332003988035331,1.1836490528413803,5.0,25.0,-1.0
2026-04-27 13:30:00,2026-04-27 13:31:00,SHORT,4694.355,5.458571428571564,0.0,7.5600000000004,0.0,1.3849777545145638,,1.0,-1.0
2026-04-27 13:45:00,2026-04-27 13:47:00,SHORT,4689.645,5.493571428571548,0.0,5.539999999999964,0.0,1.0084514367442179,,2.0,-1.0
2026-04-27 14:45:00,2026-04-27 14:53:00,SHORT,4690.845,5.854285714285846,10.789999999999964,2.3599999999996726,1.8430941922888735,0.40312347486572314,8.0,3.0,1.5
2026-04-27 17:00:00,2026-04-27 17:01:00,SHORT,4673.985,3.231428571428426,0.0,4.390000000000327,0.0,1.3585322723255382,,1.0,-1.0
2026-04-27 17:15:00,2026-04-27 17:23:00,SHORT,4671.265,3.169999999999878,3.1500000000005457,5.539999999999964,0.9936908517352262,1.7476340694006869,3.0,8.0,-1.0
2026-04-27 19:50:00,2026-04-27 20:59:00,SHORT,4679.705,2.38571428571426,2.5299999999997453,2.6099999999996726,1.0604790419160723,1.094011976047779,16.0,69.0,-1.0
2026-04-28 03:30:00,2026-04-28 04:01:00,SHORT,4672.195,3.1273571428571034,5.649999999999636,2.980000000000473,1.8066372793092274,0.9528812552818936,31.0,1.0,1.5
2026-04-28 14:20:00,2026-04-28 15:00:00,SHORT,4567.985,10.43407142857151,10.899999999999636,12.570000000000618,1.0446545315141584,1.2047071065260602,32.0,40.0,-1.0
2026-04-28 15:05:00,2026-04-28 15:49:00,SHORT,4572.645,9.652642857142967,5.830000000000837,10.459999999999127,0.6039796650807018,1.0836410457534658,17.0,44.0,-1.0
2026-04-28 19:00:00,2026-04-28 20:21:00,LONG,4595.555,3.380928571428545,4.199999999999818,4.039999999999964,1.2422622694525578,1.1949379925210728,41.0,81.0,-1.0
2026-04-28 19:20:00,2026-04-28 20:20:00,LONG,4595.845,2.846642857142797,3.9099999999998545,3.4600000000000364,1.3735477881213238,1.215466840639388,21.0,60.0,-1.0
2026-04-29 00:55:00,2026-04-29 01:00:00,LONG,4600.045,4.565714285714226,1.6499999999996362,6.100000000000364,0.3613892365456071,1.3360450563204975,3.0,5.0,-1.0
2026-04-29 09:05:00,2026-04-29 09:18:00,SHORT,4572.085,5.2192857142858236,0.7899999999999636,8.079999999999927,0.15136170795126946,1.5481045572738006,5.0,13.0,-1.0
2026-04-29 11:20:00,2026-04-29 11:35:00,SHORT,4565.985,4.402857142857036,2.399999999999636,5.0,0.5451005840362706,1.1356262167424025,11.0,15.0,-1.0
2026-04-29 14:25:00,2026-04-29 14:33:00,SHORT,4533.105,8.449071428571383,2.4199999999991633,8.510000000000218,0.2864220074901593,1.0072112742736201,6.0,8.0,-1.0
2026-04-29 14:40:00,2026-04-29 15:06:00,SHORT,4538.565,8.139071428571308,6.710000000000036,8.260000000000218,0.824418369943938,1.0148577847596232,13.0,26.0,-1.0
2026-04-29 17:20:00,2026-04-29 17:29:00,LONG,4552.995,4.843571428571457,1.2700000000004366,7.260000000000218,0.26220321486515275,1.498893968441269,4.0,9.0,-1.0
2026-04-29 18:40:00,2026-04-29 18:49:00,SHORT,4520.365,8.801928571428691,2.219999999999345,9.860000000000582,0.25221745234397014,1.1202090450956874,5.0,9.0,-1.0
2026-04-30 16:55:00,2026-04-30 17:01:00,SHORT,4607.398,5.1407142857144335,2.2399999999997817,5.399999999999636,0.43573711268578635,1.0504376823675523,2.0,6.0,-1.0
2026-04-30 20:10:00,2026-04-30 20:53:00,SHORT,4616.195,3.61792857142856,0.9799999999995634,3.880000000000109,0.27087323053827034,1.0724368719275374,21.0,43.0,-1.0
2026-05-01 13:30:00,2026-05-01 13:31:00,LONG,4598.475,6.707142857143026,0.0,7.3100000000004,0.0,1.0898828541001386,,1.0,-1.0
2026-05-01 16:35:00,2026-05-01 16:36:00,LONG,4640.315,6.477428571428585,0.0,6.489999999999782,0.0,1.0019408054342194,,1.0,-1.0
2026-05-01 17:05:00,2026-05-01 17:29:00,LONG,4638.755,5.435714285714312,1.3299999999999272,8.0,0.2446780551905242,1.471747700394211,1.0,24.0,-1.0
2026-05-01 19:00:00,2026-05-01 19:12:00,SHORT,4620.845,4.542142857142933,0.4499999999998181,5.149999999999636,0.09907218116051814,1.1338260732818637,4.0,12.0,-1.0
2026-05-01 20:35:00,2026-05-01 20:52:00,SHORT,4611.538,4.160714285714286,1.76299999999992,4.200000000000728,0.4237253218883928,1.009442060086012,3.0,17.0,-1.0
2026-05-03 23:05:00,2026-05-04 00:02:00,SHORT,4614.958,6.819571428571375,10.802999999999884,4.400000000000546,1.5841171418396587,0.645201835054655,57.0,1.0,1.5
2026-05-04 09:40:00,2026-05-04 09:57:00,SHORT,4581.145,3.0914285714285534,6.700000000000728,2.2799999999997453,2.167282809612078,0.7375231053603656,17.0,1.0,1.5
2026-05-04 17:55:00,2026-05-04 18:24:00,SHORT,4522.215,5.170714285714179,8.319999999999709,3.0299999999997453,1.609062025141571,0.5859925404060963,29.0,8.0,1.5
2026-05-04 18:15:00,2026-05-04 18:27:00,SHORT,4517.765,4.5192857142856155,8.110000000000582,2.2899999999999636,1.79453137347891,0.5067172435593519,12.0,1.0,1.5
2026-05-05 03:10:00,2026-05-05 03:23:00,LONG,4541.845,3.1971428571426777,0.8000000000001819,3.780000000000655,0.2502234137623587,1.182305630027081,5.0,13.0,-1.0
2026-05-05 03:30:00,2026-05-05 03:51:00,LONG,4538.055,3.1492857142857247,0.75,3.280000000000655,0.2381492401905186,1.0415060104334093,7.0,21.0,-1.0
2026-05-05 08:10:00,2026-05-05 08:56:00,LONG,4550.945,4.436928571428455,6.920000000000073,3.449999999999818,1.559637458344794,0.7775649178163582,46.0,1.0,1.5
2026-05-05 08:45:00,2026-05-05 08:57:00,LONG,4551.665,4.2772142857141136,7.420000000000073,3.4470000000001164,1.7347739683706884,0.805898365090823,12.0,2.0,1.5
2026-05-05 12:55:00,2026-05-05 13:04:00,LONG,4564.425,5.5947142857142875,10.729999999999563,1.980000000000473,1.9178816740289795,0.3539054720017186,9.0,1.0,1.5
2026-05-05 14:20:00,2026-05-05 14:21:00,LONG,4578.945,7.2085714285714335,0.0,9.569999999999709,0.0,1.3275862068965105,,1.0,-1.0
2026-05-05 17:50:00,2026-05-05 18:13:00,SHORT,4558.615,3.479285714285847,0.5399999999999636,3.7399999999997817,0.15520427017037985,1.0749332785874552,4.0,23.0,-1.0
2026-05-05 19:00:00,2026-05-05 19:54:00,SHORT,4558.685,2.9457142857144,4.580000000000837,1.769999999999527,1.5548011639187496,0.6008729388940935,54.0,1.0,1.5
2026-05-05 19:50:00,2026-05-05 20:15:00,SHORT,4554.675,2.7080714285714618,3.2899999999999636,3.0599999999994907,1.2148867143195983,1.1299554242606058,8.0,25.0,-1.0
2026-05-06 05:50:00,2026-05-06 05:56:00,LONG,4652.675,4.436714285714321,7.6799999999993815,2.5600000000004,1.7310107222202802,0.5770035740735634,6.0,2.0,1.5
2026-05-06 08:40:00,2026-05-06 08:50:00,LONG,4677.385,4.843142857142864,23.090000000000146,4.130000000000109,4.7675653353784675,0.8527520500265685,10.0,1.0,1.5
2026-05-06 22:40:00,2026-05-06 22:56:00,LONG,4698.355,3.8551428571428397,1.0,4.089999999999236,0.2593937597272672,1.0609204772843246,3.0,16.0,-1.0
2026-05-06 23:00:00,2026-05-06 23:25:00,LONG,4696.315,3.7415714285714006,1.8500000000003638,4.029999999999745,0.49444465656151515,1.0770875491580478,7.0,25.0,-1.0
2026-05-06 23:55:00,2026-05-07 00:02:00,LONG,4698.745,2.960714285714143,1.7799999999997453,3.319999999999709,0.6012062726175545,1.1213510253316807,5.0,7.0,-1.0
2026-05-07 06:00:00,2026-05-07 06:20:00,LONG,4705.815,3.9409999999998684,7.720000000000255,2.4199999999991633,1.9588936818067781,0.6140573458511149,20.0,1.0,1.5
2026-05-07 09:40:00,2026-05-07 09:53:00,LONG,4737.625,4.674285714285751,1.6499999999996362,4.819999999999709,0.3529951100243693,1.031173594131959,3.0,13.0,-1.0
2026-05-07 11:50:00,2026-05-07 11:51:00,LONG,4739.445,4.169071428571377,0.0,5.279999999999745,0.0,1.2664690664244753,,1.0,-1.0
2026-05-07 12:40:00,2026-05-07 12:57:00,LONG,4751.055,6.010999999999967,1.3999999999996362,6.186999999999898,0.23290633837957808,1.0292796539677145,10.0,17.0,-1.0
2026-05-07 14:05:00,2026-05-07 14:25:00,LONG,4747.455,7.68500000000001,11.890000000000327,6.506999999999607,1.5471698113207952,0.8467143786596745,20.0,11.0,1.5
2026-05-07 18:20:00,2026-05-07 18:35:00,SHORT,4706.465,8.79428571428564,0.9600000000000364,9.550000000000182,0.10916179337232473,1.0859324236517516,5.0,15.0,-1.0
2026-05-07 19:15:00,2026-05-07 19:16:00,SHORT,4702.075,7.16571428571433,0.0,8.550000000000182,0.0,1.193181818181836,,1.0,-1.0
2026-05-08 01:15:00,2026-05-08 01:31:00,LONG,4717.305,7.219071428571364,1.0299999999997453,7.75,0.14267762969116096,1.0735452719483212,7.0,16.0,-1.0
2026-05-08 06:15:00,2026-05-08 06:48:00,LONG,4727.485,6.102357142856947,6.869999999999891,6.420000000000073,1.125794482225856,1.052052485573536,14.0,33.0,-1.0
2026-05-08 13:25:00,2026-05-08 13:32:00,LONG,4727.045,8.29264285714284,13.010000000000218,2.569999999999709,1.568860521805072,0.3099132621858963,7.0,4.0,1.5
2026-05-08 16:50:00,2026-05-08 17:15:00,SHORT,4712.985,4.07642857142868,1.9200000000000728,4.270000000000437,0.4710005256702348,1.0474855440687667,6.0,25.0,-1.0
2026-05-08 19:00:00,2026-05-08 20:10:00,LONG,4722.845,3.0257142857141326,3.8099999999994907,3.6900000000005093,1.259206798866751,1.2195467422098618,41.0,70.0,-1.0
2026-05-10 23:50:00,2026-05-11 00:00:00,SHORT,4695.315,3.8244999999997162,12.569999999999709,2.8200000000006185,3.2867041443327603,0.737351287750249,10.0,1.0,1.5
2026-05-11 02:05:00,2026-05-11 02:31:00,SHORT,4683.755,9.081214285714461,5.539999999999964,11.050000000000182,0.6100505753635683,1.2167976277558818,2.0,26.0,-1.0
2026-05-11 03:30:00,2026-05-11 04:01:00,SHORT,4686.485,6.524428571428416,10.019999999999527,2.240000000000691,1.5357666790742126,0.34332508594086425,31.0,1.0,1.5
2026-05-11 10:35:00,2026-05-11 11:02:00,SHORT,4662.895,4.756428571428452,2.730000000000473,5.469999999999345,0.5739600540622853,1.1500225259046817,4.0,27.0,-1.0
2026-05-11 12:30:00,2026-05-11 12:49:00,LONG,4693.145,5.766928571428577,5.089999999999236,7.167000000000371,0.8826188736265805,1.242775926774652,7.0,19.0,-1.0
2026-05-11 14:35:00,2026-05-11 16:41:00,LONG,4726.695,9.436714285714256,11.430000000000291,10.009999999999309,1.2112266678777766,1.0607505639068588,49.0,126.0,-1.0
2026-05-11 19:45:00,2026-05-11 19:46:00,LONG,4731.105,2.7862142857143226,0.0,3.6899999999996,0.0,1.324377675801618,,1.0,-1.0
2026-05-12 00:45:00,2026-05-12 00:54:00,LONG,4759.545,6.8409285714286465,2.2799999999997453,7.529999999999745,0.33328808745675803,1.100727762521747,1.0,9.0,-1.0
2026-05-12 06:00:00,2026-05-12 06:23:00,SHORT,4706.625,5.710714285714208,9.36999999999989,3.8299999999999272,1.6407754846779268,0.6706691682301402,23.0,1.0,1.5
2026-05-12 07:45:00,2026-05-12 08:01:00,SHORT,4699.565,5.039999999999964,2.0299999999997453,5.700000000000728,0.40277777777773016,1.1309523809525335,3.0,16.0,-1.0
2026-05-12 10:25:00,2026-05-12 10:32:00,SHORT,4700.025,5.128571428571571,7.819999999999709,2.7600000000002183,1.5247910863508758,0.538161559888607,7.0,1.0,1.5
2026-05-12 14:15:00,2026-05-12 14:33:00,SHORT,4688.345,9.49142857142871,17.266999999999825,5.109999999999673,1.8192203491871917,0.5383804936784646,18.0,1.0,1.5
2026-05-12 22:25:00,2026-05-12 22:26:00,LONG,4716.865,6.406000000000014,0.0,9.764000000000124,0.0,1.5241960661879648,,1.0,-1.0
2026-05-13 00:15:00,2026-05-13 00:34:00,LONG,4724.175,5.0990714285716034,1.8999999999996362,5.1270000000004075,0.37261686301419017,1.0054771877233004,8.0,19.0,-1.0
2026-05-13 04:55:00,2026-05-13 05:03:00,SHORT,4699.335,3.4428571428571297,1.1899999999995998,4.420000000000073,0.34564315352685604,1.2838174273859182,3.0,8.0,-1.0
2026-05-13 07:25:00,2026-05-13 07:46:00,LONG,4707.485,4.653357142857138,1.1900000000005093,4.75,0.2557293505457987,1.0207684160437176,3.0,21.0,-1.0
2026-05-14 05:45:00,2026-05-14 05:55:00,LONG,4699.715,4.123857142857235,3.3099999999994907,4.6599999999998545,0.8026466207086265,1.1300100460733105,1.0,10.0,-1.0
2026-05-14 06:50:00,2026-05-14 07:33:00,LONG,4699.455,5.5355714285714,10.890000000000327,5.170000000000073,1.9672765748794212,0.9339595860538517,43.0,23.0,1.5
2026-05-14 14:40:00,2026-05-14 16:10:00,SHORT,4686.605,8.403499999999894,12.799999999999272,5.480000000000473,1.5231748676146168,0.6521092401976012,90.0,2.0,1.5
2026-05-14 17:25:00,2026-05-14 17:26:00,SHORT,4676.965,3.650000000000026,0.0,5.079999999999927,0.0,1.3917808219177783,,1.0,-1.0
2026-05-14 18:00:00,2026-05-14 18:01:00,SHORT,4669.745,3.4297142857143235,0.0,5.993000000000393,0.0,1.747375874708526,,1.0,-1.0
2026-05-15 03:05:00,2026-05-15 03:34:00,SHORT,4617.355,6.017142857142842,10.139999999999418,4.830000000000837,1.6851851851850927,0.8027065527066938,29.0,1.0,1.5
2026-05-15 06:35:00,2026-05-15 07:11:00,SHORT,4572.125,9.16571428571433,7.869999999999891,10.699999999999818,0.8586346633416299,1.1673940149625681,13.0,36.0,-1.0
2026-05-15 10:15:00,2026-05-15 10:51:00,SHORT,4557.325,7.793571428571405,7.729999999999563,10.210000000000036,0.9918430941251417,1.3100540738704147,29.0,36.0,-1.0
2026-05-15 11:15:00,2026-05-15 11:39:00,SHORT,4564.115,6.729285714285717,10.469999999999345,3.4099999999998545,1.5558857870713383,0.5067402611187554,24.0,1.0,1.5
2026-05-15 18:45:00,2026-05-15 19:04:00,LONG,4559.065,4.091214285714419,3.550000000000182,5.019999999999527,0.8677130436300946,1.2270195715556171,8.0,19.0,-1.0
2026-05-17 22:25:00,2026-05-17 22:30:00,SHORT,4540.815,5.945285714285676,2.319999999999709,7.170000000000073,0.39022514837681876,1.2059975490785215,1.0,5.0,-1.0
2026-05-17 23:25:00,2026-05-18 00:05:00,SHORT,4537.925,6.3110000000000195,10.38000000000011,6.0,1.6447472666772425,0.95072096339724,40.0,28.0,1.5
2026-05-18 00:15:00,2026-05-18 00:20:00,SHORT,4522.755,6.959999999999842,0.06999999999970896,10.599999999999454,0.01005747126432623,1.5229885057470827,5.0,5.0,-1.0
2026-05-18 01:55:00,2026-05-18 02:14:00,SHORT,4525.225,13.038071428571454,3.4600000000000364,13.269999999999527,0.26537667161554573,1.017788564259575,5.0,19.0,-1.0
2026-05-18 04:50:00,2026-05-18 04:55:00,LONG,4543.135,6.417142857142802,2.2399999999997817,7.390000000000327,0.34906500445232874,1.1516028495103012,3.0,5.0,-1.0
2026-05-18 08:20:00,2026-05-18 09:03:00,LONG,4549.575,5.8292857142857555,7.25,8.75,1.2437201323367146,1.5010415390270695,34.0,43.0,-1.0
2026-05-18 09:50:00,2026-05-18 10:05:00,LONG,4543.025,4.808571428571473,1.8900000000003274,5.6799999999993815,0.39304812834231045,1.181224004753277,10.0,15.0,-1.0
2026-05-18 11:00:00,2026-05-18 11:10:00,SHORT,4538.055,4.8857142857142595,8.240000000000691,3.0499999999992724,1.6865497076024898,0.6242690058478076,10.0,2.0,1.5
2026-05-18 13:45:00,2026-05-18 14:04:00,LONG,4574.015,9.12021428571448,10.0,9.69000000000051,1.096465465253769,1.0624750358309583,11.0,19.0,-1.0
2026-05-19 01:55:00,2026-05-19 02:11:00,SHORT,4563.565,6.733571428571395,10.759999999999309,2.7000000000007276,1.5979632969130273,0.40097592022923917,16.0,4.0,1.5
2026-05-19 03:40:00,2026-05-19 04:14:00,SHORT,4547.395,5.691214285714328,8.930000000000291,4.069999999999709,1.5690851814200226,0.7151373671196894,34.0,1.0,1.5
2026-05-19 06:00:00,2026-05-19 06:13:00,SHORT,4539.045,6.261428571428756,5.640000000000327,6.699999999999818,0.9007529089664871,1.0700433493040689,1.0,13.0,-1.0
2026-05-19 10:15:00,2026-05-19 10:42:00,SHORT,4539.315,4.6949999999999035,7.759999999999309,3.5399999999999636,1.652822151224594,0.75399361022365,27.0,23.0,1.5
2026-05-19 14:20:00,2026-05-19 15:18:00,SHORT,4486.455,15.304999999999966,2.149999999999636,18.449999999999818,0.14047696831098602,1.2054884024828396,5.0,58.0,-1.0
2026-05-19 15:20:00,2026-05-19 15:31:00,SHORT,4494.795,8.767642857142748,1.199999999999818,12.590000000000146,0.13686688880378065,1.4359617750332327,4.0,11.0,-1.0
2026-05-19 22:50:00,2026-05-19 23:10:00,SHORT,4481.165,3.884714285714316,2.0399999999999636,3.980000000000473,0.5251351450740865,1.0245283712721323,2.0,20.0,-1.0
2026-05-20 02:05:00,2026-05-20 02:43:00,SHORT,4479.385,10.195000000000034,17.829999999999927,7.5,1.7488965179009188,0.7356547327121113,38.0,18.0,1.5
2026-05-20 02:15:00,2026-05-20 02:23:00,SHORT,4477.185,9.352142857142942,0.8500000000003638,9.699999999999818,0.09088826090281055,1.037195447949257,4.0,8.0,-1.0
2026-05-20 04:15:00,2026-05-20 04:47:00,SHORT,4465.575,4.825928571428774,8.166999999999462,4.8200000000006185,1.6923168006155391,0.9987715169546324,32.0,1.0,1.5
2026-05-20 07:00:00,2026-05-20 08:30:00,LONG,4477.105,6.27214285714282,12.080000000000837,2.5,1.9259765402575186,0.39858786015260456,90.0,1.0,1.5
2026-05-20 08:00:00,2026-05-20 08:30:00,LONG,4480.975,5.446714285714214,8.210000000000036,4.457000000000335,1.507330762976395,0.8182914994623955,30.0,1.0,1.5
2026-05-20 08:10:00,2026-05-20 08:42:00,LONG,4482.175,5.543142857142747,7.010000000000218,5.5700000000006185,1.2646255347663138,1.0048451110768801,20.0,32.0,-1.0
2026-05-20 09:50:00,2026-05-20 09:51:00,LONG,4489.295,5.021499999999962,0.0,6.529999999999745,0.0,1.3004082445484006,,1.0,-1.0
2026-05-20 17:35:00,2026-05-20 17:57:00,LONG,4535.765,4.500571428571415,0.5199999999995271,5.29700000000048,0.11554088369720356,1.1769616556628832,2.0,22.0,-1.0
2026-05-20 18:00:00,2026-05-20 18:34:00,LONG,4532.165,3.9646428571428,7.4399999999996,2.1899999999996,1.8765876948021962,0.5523826682279946,34.0,1.0,1.5
2026-05-20 18:15:00,2026-05-20 18:25:00,LONG,4535.988,3.7100714285714145,0.46999999999934516,4.240000000000691,0.12668219710808143,1.142835139870428,3.0,10.0,-1.0
2026-05-21 06:15:00,2026-05-21 06:21:00,SHORT,4530.345,5.468357142857258,1.9200000000000728,7.5,0.35111093694894596,1.3715270974567682,3.0,6.0,-1.0
2026-05-21 12:45:00,2026-05-21 12:46:00,SHORT,4510.015,5.605928571428714,0.0,7.9399999999996,0.0,1.4163576825553506,,1.0,-1.0
2026-05-21 14:40:00,2026-05-21 15:13:00,SHORT,4504.615,8.65407142857144,8.05999999999949,9.170000000000073,0.9313535330190804,1.059616860767441,28.0,33.0,-1.0
2026-05-21 19:55:00,2026-05-21 19:56:00,LONG,4542.925,5.326928571428717,0.5379999999995562,6.199999999999818,0.10099628571803076,1.1638977164540687,1.0,1.0,-1.0
2026-05-21 20:10:00,2026-05-21 23:24:00,LONG,4542.375,4.201214285714416,3.380000000000109,5.1599999999998545,0.8045293027526066,1.2282163320127808,112.0,194.0,-1.0
2026-05-21 20:35:00,2026-05-21 23:24:00,LONG,4541.255,3.27235714285715,4.5,4.039999999999964,1.37515552354135,1.2345840700237785,87.0,169.0,-1.0
2026-05-21 20:50:00,2026-05-21 23:24:00,LONG,4541.485,2.9300000000000312,4.270000000000437,4.269999999999527,1.4573378839591777,1.4573378839588673,72.0,154.0,-1.0
2026-05-21 23:10:00,2026-05-21 23:18:00,LONG,4543.445,2.127642857142941,0.5300000000006548,2.5499999999992724,0.24910195722996192,1.1985094168593147,6.0,8.0,-1.0
2026-05-22 01:05:00,2026-05-22 01:07:00,SHORT,4525.085,5.235499999999969,0.4899999999997817,5.769999999999527,0.09359182504054715,1.1020914907839865,1.0,2.0,-1.0
2026-05-22 01:30:00,2026-05-22 01:50:00,SHORT,4525.505,5.6633571428570315,4.690000000000509,6.039999999999964,0.8281307149975207,1.0665052278431666,10.0,20.0,-1.0
2026-05-22 02:05:00,2026-05-22 04:28:00,SHORT,4525.865,5.589999999999951,7.670000000000073,5.780000000000655,1.372093023255839,1.0339892665475323,28.0,143.0,-1.0
2026-05-22 02:30:00,2026-05-22 02:49:00,SHORT,4519.665,4.69764285714278,1.4700000000002547,5.239999999999782,0.3129228944608071,1.1154530387580117,3.0,19.0,-1.0
2026-05-22 03:05:00,2026-05-22 03:42:00,SHORT,4522.015,4.091214285714094,3.1770000000005894,4.729999999999563,0.7765420674967323,1.1561359708084744,21.0,37.0,-1.0
2026-05-22 03:20:00,2026-05-22 03:32:00,SHORT,4520.265,3.7933571428569457,1.4270000000005894,4.829999999999927,0.37618393055546895,1.2732784755305797,6.0,12.0,-1.0
2026-05-22 05:10:00,2026-05-22 05:21:00,SHORT,4525.215,2.9376428571428863,2.1500000000005457,3.269999999999527,0.7318793007028799,1.1131373550220762,7.0,11.0,-1.0
2026-05-22 08:55:00,2026-05-22 09:15:00,SHORT,4521.695,4.413571428571426,6.759999999999309,3.740000000000691,1.5316394238548372,0.84738630846431,20.0,11.0,1.5
2026-05-25 07:25:00,2026-05-25 07:32:00,SHORT,4554.115,3.7040714285715564,0.2569999999996071,4.360000000000582,0.06938311124813189,1.1770831324605366,4.0,7.0,-1.0
2026-05-25 11:30:00,2026-05-25 11:45:00,LONG,4573.085,2.4235714285713845,3.7799999999997453,1.0900000000001455,1.5596816976126553,0.4497494842323111,15.0,3.0,1.5
2026-05-25 12:50:00,2026-05-25 13:01:00,LONG,4566.535,4.240785714285656,1.9700000000002547,4.279999999999745,0.46453655825241186,1.00924693874109,6.0,11.0,-1.0
2026-05-25 13:25:00,2026-05-25 14:03:00,SHORT,4561.678,4.231714285714328,1.8230000000003201,4.449999999999818,0.43079467963007606,1.0515832826952405,22.0,38.0,-1.0
2026-05-25 23:40:00,2026-05-25 23:46:00,SHORT,4556.305,4.433642857142786,1.4700000000002547,4.729999999999563,0.3315557990044287,1.066842809041178,4.0,6.0,-1.0
2026-05-26 04:20:00,2026-05-26 04:30:00,SHORT,4535.275,2.814285714285753,5.219999999999345,2.780000000000655,1.8548223350251225,0.9878172588834678,10.0,1.0,1.5
2026-05-26 06:15:00,2026-05-26 06:23:00,SHORT,4530.705,3.352142857142813,0.7600000000002183,3.7200000000002547,0.22672064777334747,1.1097379075219316,5.0,8.0,-1.0
2026-05-26 06:45:00,2026-05-26 07:05:00,SHORT,4529.515,4.025714285714263,1.1900000000005093,4.369999999999891,0.295599716110845,1.0855216465578215,8.0,20.0,-1.0
2026-05-26 08:20:00,2026-05-26 09:14:00,SHORT,4526.965,5.056928571428606,7.819999999999709,2.4099999999998545,1.5463932087517152,0.4765738661242388,54.0,3.0,1.5
2026-05-26 09:30:00,2026-05-26 09:59:00,SHORT,4517.885,4.763571428571465,5.8270000000002256,5.449999999999818,1.2232418653471664,1.1440995651521497,14.0,29.0,-1.0
2026-05-26 17:25:00,2026-05-26 17:26:00,SHORT,4501.225,3.1057142857141895,0.0,6.259999999999309,0.0,2.015639374424863,,1.0,-1.0
2026-05-26 19:10:00,2026-05-26 19:16:00,SHORT,4499.345,3.1742857142858156,0.48000000000047294,4.479999999999563,0.15121512151229538,1.4113411341132287,2.0,6.0,-1.0
2026-05-27 05:40:00,2026-05-27 05:41:00,SHORT,4493.285,5.4916428571428435,0.0,5.930000000000291,0.0,1.0798225875681786,,1.0,-1.0
2026-05-27 08:25:00,2026-05-27 08:40:00,SHORT,4488.965,4.36335714285711,3.110000000000582,6.220000000000255,0.7127539411005366,1.4255078822008647,7.0,15.0,-1.0
2026-05-27 09:40:00,2026-05-27 09:52:00,SHORT,4488.445,3.855785714285633,0.27700000000004366,4.420000000000073,0.07184009188419431,1.1463292640003395,7.0,12.0,-1.0
2026-05-27 10:10:00,2026-05-27 10:19:00,SHORT,4485.395,3.387428571428505,5.860000000000582,1.8699999999998909,1.7299257759786133,0.5520411605937708,9.0,1.0,1.5
2026-05-27 12:40:00,2026-05-27 13:00:00,SHORT,4446.905,10.177857142856997,16.800000000000182,4.420000000000073,1.6506421503263802,0.43427608955015723,20.0,1.0,1.5
2026-05-27 14:55:00,2026-05-27 16:16:00,SHORT,4433.815,8.622142857142924,5.9399999999996,8.63000000000011,0.6889238671194909,1.0009112749565123,16.0,81.0,-1.0
2026-05-27 15:05:00,2026-05-27 15:30:00,SHORT,4429.295,8.43214285714287,1.4200000000000728,10.019999999999527,0.16840321897501898,1.1883100381193832,6.0,25.0,-1.0
2026-05-27 19:20:00,2026-05-27 19:21:00,LONG,4452.995,2.600999999999918,0.0,2.7600000000002183,0.0,1.0611303344868532,,1.0,-1.0
2026-05-28 10:05:00,2026-05-28 10:06:00,LONG,4401.285,4.538857142857198,0.0,7.766999999999825,0.0,1.7112237189978003,,1.0,-1.0
2026-05-28 10:25:00,2026-05-28 10:26:00,LONG,4400.945,4.927857142857257,0.0,5.139999999999418,0.0,1.0430497173501982,,1.0,-1.0
2026-05-28 18:50:00,2026-05-28 19:09:00,LONG,4502.678,4.048000000000035,0.819999999999709,4.0900000000001455,0.20256916996040067,1.0103754940711736,12.0,19.0,-1.0
2026-05-29 06:00:00,2026-05-29 06:09:00,LONG,4518.955,4.825785714285693,3.3100000000004,4.8400000000001455,0.685898669350747,1.0029454863013032,2.0,9.0,-1.0
2026-05-29 11:50:00,2026-05-29 11:52:00,LONG,4533.745,4.04128571428568,0.02999999999974534,5.420000000000073,0.007423380112348233,1.3411573403089836,2.0,2.0,-1.0
2026-05-29 14:40:00,2026-05-29 14:52:00,LONG,4540.125,8.324499999999976,21.43000000000029,7.529999999999745,2.5743287885158694,0.9045588323622761,12.0,1.0,1.5
2026-05-29 14:50:00,2026-05-29 14:51:00,LONG,4556.725,9.594500000000087,0.0,16.950000000000728,0.0,1.7666371358591457,,1.0,-1.0
2026-05-29 15:50:00,2026-05-29 17:33:00,LONG,4568.688,11.340714285714316,4.407000000000153,11.342999999999847,0.3885998614347923,1.0002015494110816,47.0,103.0,-1.0
2026-05-29 16:15:00,2026-05-29 17:33:00,LONG,4564.805,7.386428571428626,8.289999999999964,7.460000000000036,1.122328594913438,1.009960351996903,22.0,78.0,-1.0
2026-05-29 16:30:00,2026-05-29 16:50:00,LONG,4568.545,6.788571428571426,4.550000000000182,7.779999999999745,0.6702441077441348,1.1460437710437341,7.0,20.0,-1.0
2026-05-29 17:05:00,2026-05-29 17:21:00,LONG,4567.275,4.933571428571538,0.8600000000005821,7.759999999999309,0.17431591139435185,1.5728970609524817,4.0,16.0,-1.0
2026-06-01 02:40:00,2026-06-01 03:10:00,SHORT,4522.925,4.918214285714255,7.420000000000073,2.8599999999996726,1.508677655943674,0.5815118727760609,30.0,1.0,1.5
2026-06-01 02:50:00,2026-06-01 03:11:00,SHORT,4522.175,4.4999285714286215,6.887000000000626,3.2100000000000364,1.5304687375991315,0.7133446562643853,21.0,13.0,1.5
2026-06-01 06:10:00,2026-06-01 06:22:00,SHORT,4513.835,5.1724285714288145,8.949999999999818,2.4399999999996,1.730328389537818,0.47173198552756085,12.0,1.0,1.5
2026-06-01 09:45:00,2026-06-01 10:08:00,SHORT,4495.225,5.218571428571457,1.5,5.75,0.28743498494388015,1.1018341089515407,4.0,23.0,-1.0
2026-06-01 17:00:00,2026-06-01 17:29:00,SHORT,4476.105,4.583857142857141,4.899999999999636,6.770000000000437,1.0689687412346889,1.4769221179918057,9.0,29.0,-1.0
2026-06-01 17:35:00,2026-06-01 17:43:00,LONG,4482.605,4.743142857142824,7.930000000000291,1.0399999999999636,1.6718872357087653,0.21926389976506824,8.0,3.0,1.5
2026-06-01 22:55:00,2026-06-01 23:00:00,LONG,4485.388,2.8567142857145233,0.6099999999996726,4.382999999999811,0.2135320298043383,1.5342801420211094,5.0,5.0,-1.0
2026-06-01 23:10:00,2026-06-01 23:35:00,LONG,4485.845,2.7512142857144033,2.219999999999345,4.0600000000004,0.8069164265126958,1.475712023262538,16.0,25.0,-1.0
2026-06-02 08:05:00,2026-06-02 08:17:00,LONG,4535.265,3.7781428571430036,3.632999999999811,3.980000000000473,0.961583544447298,1.0534276099369393,1.0,12.0,-1.0
2026-06-02 12:45:00,2026-06-02 12:46:00,SHORT,4520.135,4.607499999999878,0.0,4.889999999999418,0.0,1.061313076505599,,1.0,-1.0
2026-06-02 20:20:00,2026-06-02 22:00:00,SHORT,4489.238,2.289285714285662,2.813000000000102,3.5469999999995707,1.2287675507021005,1.5493915756628742,35.0,100.0,-1.0
2026-06-03 01:10:00,2026-06-03 01:52:00,SHORT,4470.965,6.0014999999999805,7.98700000000008,6.119999999999891,1.33083395817714,1.0197450637340517,18.0,42.0,-1.0
2026-06-03 02:00:00,2026-06-03 02:13:00,SHORT,4473.605,6.143428571428558,1.0499999999992724,7.030000000000655,0.17091433355024935,1.1443121570087595,2.0,13.0,-1.0
2026-06-03 06:20:00,2026-06-03 06:21:00,SHORT,4459.955,6.260285714285601,0.0,8.460000000000036,0.0,1.3513760211766082,,1.0,-1.0
2026-06-03 07:55:00,2026-06-03 07:56:00,SHORT,4453.165,5.570214285714363,0.0,5.630000000000109,0.0,1.0107331084980116,,1.0,-1.0
2026-06-03 08:45:00,2026-06-03 08:51:00,SHORT,4454.045,5.0792857142857555,11.460000000000036,3.019999999999527,2.256222753480512,0.5945717901841236,6.0,2.0,1.5
2026-06-03 14:30:00,2026-06-03 14:53:00,SHORT,4448.965,8.9969285714284,2.056999999999789,10.359999999999673,0.2286335813015362,1.151504084727313,12.0,23.0,-1.0
2026-06-03 14:40:00,2026-06-03 14:51:00,SHORT,4448.005,8.838857142856991,1.0969999999997526,9.38000000000011,0.12411106801135247,1.061223170416374,2.0,11.0,-1.0
2026-06-03 15:30:00,2026-06-03 17:09:00,SHORT,4440.875,5.9164285714285665,7.329999999999927,7.390000000000327,1.2389230954967894,1.2490643486659987,57.0,99.0,-1.0
2026-06-03 18:05:00,2026-06-03 18:30:00,SHORT,4437.145,3.4884285714286176,2.410000000000764,5.132999999999811,0.6908554813876541,1.4714361767475408,15.0,25.0,-1.0
2026-06-04 02:10:00,2026-06-04 02:11:00,LONG,4462.745,7.044285714285836,0.0,7.479999999999563,0.0,1.0618535793955797,,1.0,-1.0
2026-06-04 02:40:00,2026-06-04 02:51:00,LONG,4462.038,6.068285714285594,11.757000000000517,1.462999999999738,1.9374499741043658,0.2410895051555716,11.0,1.0,1.5
2026-06-04 05:40:00,2026-06-04 05:46:00,LONG,4474.385,4.032000000000088,0.1999999999998181,4.900000000000546,0.04960317460312841,1.2152777777778867,5.0,6.0,-1.0
2026-06-04 08:20:00,2026-06-04 08:30:00,SHORT,4459.675,4.490714285714083,1.2600000000002183,9.670000000000073,0.2805789724829625,2.153332272944284,5.0,10.0,-1.0
2026-06-04 08:35:00,2026-06-04 08:56:00,SHORT,4460.535,4.7185714285713924,1.050000000000182,5.319999999999709,0.22252497729340992,1.12745988495302,14.0,21.0,-1.0
2026-06-04 08:45:00,2026-06-04 08:56:00,SHORT,4459.905,4.633571428571421,0.42000000000007276,5.949999999999818,0.09064282410977383,1.2841066748882008,4.0,11.0,-1.0
2026-06-04 10:55:00,2026-06-04 11:02:00,LONG,4473.495,3.8047857142856367,1.7399999999997817,5.099999999999454,0.45731879024531963,1.3404171438225132,5.0,7.0,-1.0
2026-06-05 01:30:00,2026-06-05 02:01:00,SHORT,4453.725,6.897642857142988,11.579999999999927,5.589999999999236,1.6788343844169944,0.8104217796968718,31.0,1.0,1.5
2026-06-05 04:05:00,2026-06-05 04:55:00,SHORT,4440.455,3.691285714285706,3.0599999999994907,4.5600000000004,0.8289794496689687,1.2353419249972086,26.0,50.0,-1.0
2026-06-05 04:15:00,2026-06-05 04:16:00,SHORT,4439.045,3.6743571428571937,0.0,3.8099999999994907,0.0,1.036916078614182,,1.0,-1.0
2026-06-05 06:10:00,2026-06-05 06:11:00,SHORT,4436.165,4.914285714285858,0.0,5.460000000000036,0.0,1.111046511627882,,1.0,-1.0
2026-06-05 09:10:00,2026-06-05 09:11:00,LONG,4465.785,3.452714285714267,0.0,6.976999999999862,0.0,2.020729033058848,,1.0,-1.0
2026-06-05 11:05:00,2026-06-05 11:06:00,LONG,4466.615,2.449999999999818,0.0,3.4600000000000364,0.0,1.4122448979593034,,1.0,-1.0
2026-06-05 12:45:00,2026-06-05 12:46:00,SHORT,4439.975,7.300500000000089,0.0,8.920000000000073,0.0,1.221834120950615,,1.0,-1.0
2026-06-05 17:15:00,2026-06-05 17:39:00,SHORT,4338.365,6.698071428571503,2.7899999999999636,6.8400000000001455,0.41653780939075274,1.0211894681838158,5.0,24.0,-1.0
2026-06-05 19:50:00,2026-06-05 20:27:00,SHORT,4318.145,5.761928571428533,6.647000000000844,8.229999999999563,1.1536068032778266,1.4283412052015652,16.0,37.0,-1.0
2026-06-07 22:55:00,2026-06-07 23:01:00,SHORT,4316.698,8.640999999999947,1.1130000000002838,9.819999999999709,0.1288045365120114,1.1364425413724997,1.0,6.0,-1.0
2026-06-08 02:50:00,2026-06-08 04:00:00,SHORT,4311.745,7.090499999999987,8.340000000000146,8.480000000000473,1.1762217050983936,1.1959664339610026,26.0,70.0,-1.0
2026-06-08 05:05:00,2026-06-08 05:30:00,SHORT,4310.305,4.742142857142816,8.726999999999862,3.6700000000000728,1.840307275192034,0.7739117336948557,25.0,17.0,1.5
2026-06-08 10:00:00,2026-06-08 10:34:00,SHORT,4290.345,7.617857142857247,4.510000000000218,14.80999999999949,0.5920300046882531,1.9441162681668076,2.0,34.0,-1.0
2026-06-08 17:55:00,2026-06-08 18:25:00,LONG,4338.895,4.343142857142733,6.859999999999673,2.9500000000007276,1.5795013485954568,0.6792316294982462,30.0,1.0,1.5
2026-06-09 02:10:00,2026-06-09 03:15:00,LONG,4332.795,5.964785714285816,9.269999999999527,3.6900000000005093,1.554121211395346,0.6186307734681673,65.0,1.0,1.5
2026-06-09 09:10:00,2026-06-09 09:22:00,SHORT,4328.185,4.751428571428538,0.8000000000001819,7.539999999999964,0.16837041491284765,1.5868911605532205,4.0,12.0,-1.0
2026-06-09 13:05:00,2026-06-09 13:18:00,LONG,4341.255,4.800285714285694,2.9899999999997817,6.640000000000327,0.6228795905005226,1.3832509969645403,4.0,13.0,-1.0
2026-06-09 17:35:00,2026-06-09 18:23:00,SHORT,4262.438,9.703857142857162,6.743000000000393,11.497000000000298,0.694878325260981,1.1847866091539732,18.0,48.0,-1.0
2026-06-09 17:45:00,2026-06-09 18:01:00,SHORT,4256.798,8.351499999999955,1.1030000000000655,8.650000000000546,0.13207208285937513,1.0357420822607426,8.0,16.0,-1.0
2026-06-09 20:20:00,2026-06-09 22:00:00,SHORT,4258.005,4.070999999999718,9.409999999999854,3.9399999999996,2.311471382952716,0.9678211741586521,100.0,25.0,1.5
2026-06-10 01:20:00,2026-06-10 02:05:00,SHORT,4200.558,11.5117142857144,17.292999999999665,7.8770000000004075,1.5022089300339587,0.6842595120498661,45.0,1.0,1.5
2026-06-10 07:05:00,2026-06-10 07:11:00,LONG,4207.005,6.197857142857044,0.8699999999998909,6.8100000000004,0.1403710960009066,1.0987668549038505,5.0,6.0,-1.0
2026-06-10 13:10:00,2026-06-10 13:20:00,SHORT,4151.075,11.947571428571402,18.396999999999935,6.029999999999745,1.539810840218572,0.5047050805303924,10.0,1.0,1.5
2026-06-10 18:25:00,2026-06-10 18:50:00,SHORT,4112.155,6.502214285714217,15.306999999999789,2.6500000000005457,2.3541211235732806,0.4075534707957512,25.0,4.0,1.5
2026-06-10 23:05:00,2026-06-10 23:26:00,SHORT,4039.898,11.064071428571424,16.313000000000102,21.126999999999953,1.4744120286383953,1.9095140641845838,9.0,21.0,-1.0
2026-06-10 23:40:00,2026-06-11 00:10:00,SHORT,4055.975,12.059785714285649,20.126999999999953,8.25,1.668935126779088,0.6840917571385456,30.0,1.0,1.5
2026-06-11 13:55:00,2026-06-11 14:09:00,SHORT,4083.005,9.971214285714236,23.126999999999953,8.112999999999829,2.3193764908988084,0.8136421269797931,14.0,1.0,1.5
2026-06-11 22:25:00,2026-06-11 22:26:00,LONG,4214.575,4.943071428571394,0.0,7.349999999999454,0.0,1.4869297573803604,,1.0,-1.0
2026-06-11 22:35:00,2026-06-11 22:43:00,LONG,4215.305,5.077357142857181,12.269999999999527,3.630000000000109,2.4166115667598733,0.7149388742737525,8.0,4.0,1.5
2026-06-12 06:15:00,2026-06-12 07:33:00,SHORT,4180.375,6.095285714285702,10.420000000000073,4.149999999999636,1.7095178943914653,0.6808540558276305,78.0,44.0,1.5
2026-06-12 07:25:00,2026-06-12 07:27:00,SHORT,4173.985,5.3214285714284415,0.0,5.740000000000691,0.0,1.0786577181209616,,2.0,-1.0
2026-06-12 10:45:00,2026-06-12 10:57:00,LONG,4215.485,5.755714285714411,3.0200000000004366,6.399999999999636,0.524695954331164,1.1119384462644946,3.0,12.0,-1.0
2026-06-12 16:05:00,2026-06-12 16:15:00,LONG,4213.045,9.122357142857188,14.840000000000146,4.520000000000437,1.6267725290299422,0.4954859724539068,10.0,1.0,1.5
2026-06-12 17:40:00,2026-06-12 18:20:00,LONG,4222.225,5.652857142857296,9.272999999999229,4.780000000000655,1.6404094010612293,0.8455900935052737,40.0,1.0,1.5
2026-06-12 20:40:00,2026-06-12 20:50:00,SHORT,4213.385,2.960928571428537,1.0870000000004438,3.313000000000102,0.3671145634816875,1.1189057486792746,5.0,10.0,-1.0
2026-06-15 01:10:00,2026-06-15 01:15:00,LONG,4295.935,6.660214285714249,1.0099999999993088,6.710000000000036,0.15164677241176713,1.0074750919640192,4.0,5.0,-1.0
2026-06-15 03:45:00,2026-06-15 04:22:00,LONG,4326.015,4.458857142857336,1.2899999999999636,5.450000000000728,0.2893118031526129,1.2222863001410817,16.0,37.0,-1.0
2026-06-15 04:25:00,2026-06-15 05:22:00,LONG,4326.795,3.600071428571547,5.859999999999673,3.230000000000473,1.6277454812403072,0.8972044205473132,57.0,42.0,1.5
2026-06-15 05:20:00,2026-06-15 05:33:00,LONG,4330.315,3.500071428571508,2.3400000000001455,5.589999999999236,0.6685577845350359,1.5971102630556013,2.0,13.0,-1.0
2026-06-15 10:15:00,2026-06-15 11:30:00,LONG,4338.345,3.774999999999961,8.269999999999527,3.2899999999999636,2.1907284768210893,0.8715231788079464,75.0,26.0,1.5
2026-06-15 10:25:00,2026-06-15 11:30:00,LONG,4338.385,3.5378571428571894,8.229999999999563,3.3299999999999272,2.32626690894392,0.9412477286492705,65.0,16.0,1.5
2026-06-15 11:15:00,2026-06-15 11:24:00,LONG,4339.035,2.762142857142927,1.300000000000182,2.9399999999996,0.4706490819757457,1.0643910007756234,5.0,9.0,-1.0
2026-06-15 14:25:00,2026-06-15 14:37:00,LONG,4363.455,7.601214285714117,1.5299999999997453,8.960000000000036,0.20128362949525838,1.178759032861322,5.0,12.0,-1.0
2026-06-16 09:30:00,2026-06-16 09:45:00,LONG,4344.655,3.948857142857183,1.5399999999999636,4.039999999999964,0.38998625280369137,1.023080819043465,11.0,15.0,-1.0
2026-06-16 10:35:00,2026-06-16 11:08:00,LONG,4345.055,3.132142857142818,4.299999999999272,3.9200000000000728,1.372862029646307,1.2515393386545428,25.0,33.0,-1.0
2026-06-16 15:20:00,2026-06-16 15:21:00,SHORT,4321.265,5.71521428571415,0.0,6.130000000000109,0.0,1.0725757064477468,,1.0,-1.0
2026-06-16 19:20:00,2026-06-16 19:40:00,LONG,4339.825,2.6448571428570955,1.1700000000000728,3.117000000000189,0.44236793777685296,1.1785135573080758,5.0,20.0,-1.0
2026-06-16 20:00:00,2026-06-16 22:57:00,SHORT,4332.655,2.848928571428392,3.9099999999998545,3.300000000000182,1.372445781622199,1.1583301993231905,145.0,177.0,-1.0
2026-06-17 15:10:00,2026-06-17 15:34:00,LONG,4347.905,8.140214285714203,13.110000000000582,3.4799999999995634,1.6105227135123683,0.42750717338078487,24.0,1.0,1.5
2026-06-17 17:15:00,2026-06-17 17:16:00,LONG,4362.175,3.4899999999999767,0.0,4.360000000000582,0.0,1.2492836676219516,,1.0,-1.0
2026-06-17 17:30:00,2026-06-17 17:31:00,LONG,4377.395,4.722428571428542,0.0,15.550000000000182,0.0,3.292797289530265,,1.0,-1.0
2026-06-17 22:40:00,2026-06-17 22:55:00,SHORT,4263.525,5.265785714285747,3.259999999999309,7.0600000000004,0.6190908967592685,1.3407305923685922,8.0,15.0,-1.0
2026-06-18 05:05:00,2026-06-18 05:30:00,LONG,4317.405,4.14049999999991,7.449999999999818,3.2100000000000364,1.799299601497399,0.7752686873566251,25.0,1.0,1.5
2026-06-18 05:15:00,2026-06-18 05:16:00,LONG,4321.155,4.202642857142889,0.0,5.420000000000073,0.0,1.2896646667913123,,1.0,-1.0
2026-06-18 05:25:00,2026-06-18 05:39:00,LONG,4322.795,4.144785714285782,2.0599999999994907,6.430000000000291,0.4970100125802195,1.5513467868406534,5.0,14.0,-1.0
2026-06-18 14:25:00,2026-06-18 14:26:00,SHORT,4244.095,9.716928571428655,0.0,10.969999999999345,0.0,1.128957563015867,,1.0,-1.0
2026-06-18 14:40:00,2026-06-18 14:58:00,SHORT,4244.525,9.502142857142903,4.349999999999454,9.530000000000655,0.4577914756069463,1.0029316695482862,8.0,18.0,-1.0
2026-06-18 20:00:00,2026-06-18 20:50:00,SHORT,4216.425,4.651214285714299,7.140000000000327,2.9099999999998545,1.5350830044382313,0.6256430732373703,50.0,28.0,1.5
2026-06-19 02:45:00,2026-06-19 03:04:00,SHORT,4175.965,3.9231428571427256,6.690000000000509,2.4399999999996,1.7052654577235866,0.6219503313668987,19.0,1.0,1.5
2026-06-19 06:00:00,2026-06-19 06:09:00,SHORT,4137.875,5.322642857142845,4.4099999999998545,5.369999999999891,0.8285357703611003,1.0088972986029852,2.0,9.0,-1.0
2026-06-19 11:50:00,2026-06-19 12:00:00,SHORT,4149.635,4.2555000000000165,1.2200000000002547,6.229999999999563,0.2866878157678886,1.4639877805192196,5.0,10.0,-1.0
2026-06-19 12:35:00,2026-06-19 12:50:00,SHORT,4150.695,4.400000000000156,3.6700000000000728,7.640000000000327,0.8340909090908961,1.7363636363636492,13.0,15.0,-1.0
2026-06-19 12:45:00,2026-06-19 12:50:00,SHORT,4148.655,4.562142857142979,1.6300000000001091,9.680000000000291,0.35728824174105084,2.1218099264130332,3.0,5.0,-1.0
2026-06-19 13:05:00,2026-06-19 13:06:00,LONG,4182.285,8.217642857143021,0.0,13.550000000000182,0.0,1.6488913226768083,,1.0,-1.0
2026-06-22 02:30:00,2026-06-22 02:47:00,LONG,4194.645,6.885071428571272,5.5,7.190000000000509,0.7988297662645034,1.0442883671713068,8.0,17.0,-1.0
2026-06-22 03:20:00,2026-06-22 03:56:00,LONG,4178.645,5.672357142857176,2.119999999999891,6.800000000000182,0.37374233437848087,1.1987961668744664,6.0,36.0,-1.0
2026-06-22 07:45:00,2026-06-22 07:53:00,LONG,4194.885,4.115500000000209,1.069999999999709,4.430000000000291,0.2599927104846689,1.0764184181752074,5.0,8.0,-1.0
2026-06-22 15:15:00,2026-06-22 15:39:00,SHORT,4191.915,6.319071428571533,11.766999999999825,4.920000000000073,1.8621406852272016,0.7785954084573895,24.0,1.0,1.5
2026-06-22 20:30:00,2026-06-22 22:46:00,LONG,4191.515,2.577642857142759,2.8499999999994543,3.0,1.1056613184801696,1.163854019453033,121.0,136.0,-1.0
2026-06-23 05:45:00,2026-06-23 07:42:00,SHORT,4118.675,8.49978571428554,13.420000000000073,8.069999999999709,1.5788633326891004,0.9494357000596506,117.0,16.0,1.5
2026-06-23 07:50:00,2026-06-23 08:07:00,SHORT,4100.365,6.356428571428556,9.819999999999709,2.110000000000582,1.544892684571258,0.3319474098214206,17.0,1.0,1.5
2026-06-23 11:20:00,2026-06-23 11:34:00,LONG,4129.175,4.742142857142816,2.3099999999994907,5.940000000000509,0.4871215544508684,1.2525982828740452,1.0,14.0,-1.0
2026-06-24 01:00:00,2026-06-24 01:01:00,SHORT,4073.315,7.946714285714312,0.0,18.860000000000127,0.0,2.373307926007163,,1.0,-1.0
2026-06-24 05:00:00,2026-06-24 05:09:00,SHORT,4061.745,4.192857142857065,1.2100000000000364,8.13000000000011,0.2885860306644093,1.9390119250426516,6.0,9.0,-1.0
2026-06-24 09:35:00,2026-06-24 10:02:00,SHORT,4068.055,5.071928571428673,8.649999999999636,2.850000000000364,1.7054656583152714,0.5619164307744912,27.0,18.0,1.5
2026-06-24 15:30:00,2026-06-24 16:09:00,SHORT,4008.805,8.755071428571389,13.58999999999969,7.920000000000073,1.552243189661474,0.9046185476173118,39.0,20.0,1.5
2026-06-24 19:35:00,2026-06-24 19:53:00,SHORT,3982.515,5.3076428571428425,3.2770000000000437,6.0300000000002,0.6174115493829752,1.1360975412814813,7.0,18.0,-1.0
2026-06-25 01:40:00,2026-06-25 02:08:00,SHORT,3981.525,10.528071428571398,18.416999999999916,6.730000000000018,1.7493232378742518,0.6392433833357115,28.0,11.0,1.5
2026-06-25 10:40:00,2026-06-25 11:16:00,SHORT,3985.465,3.998642857142808,6.539999999999964,1.2599999999997635,1.635554920419439,0.3151069112734125,36.0,1.0,1.5
2026-06-25 14:15:00,2026-06-25 15:12:00,LONG,4017.755,10.708285714285694,10.449999999999818,12.960000000000036,0.9758798260358983,1.21027775554311,17.0,57.0,-1.0
2026-06-25 17:35:00,2026-06-25 18:02:00,LONG,4033.315,4.616714285714319,3.3899999999998727,5.230000000000018,0.7342884549926955,1.1328403007704881,22.0,27.0,-1.0
2026-06-25 18:15:00,2026-06-25 18:41:00,LONG,4037.578,4.789785714285732,6.3400000000001455,5.083000000000084,1.3236500290797637,1.061216576942018,14.0,26.0,-1.0
2026-06-25 18:50:00,2026-06-25 19:16:00,LONG,4034.885,5.20635714285712,8.572999999999865,2.6070000000004256,1.6466407825597642,0.5007339927836316,26.0,13.0,1.5
2026-06-25 19:05:00,2026-06-25 19:06:00,LONG,4038.508,5.327785714285677,0.0,5.852999999999611,0.0,1.0985802196033614,,1.0,-1.0
2026-06-26 00:20:00,2026-06-26 00:46:00,SHORT,4017.955,4.8885714285714,5.75,5.650000000000091,1.1762127410870904,1.1557568673290726,10.0,26.0,-1.0
2026-06-26 04:00:00,2026-06-26 04:12:00,SHORT,4000.935,5.351928571428646,2.449999999999818,6.200000000000273,0.4577789048006323,1.1584609019445942,6.0,12.0,-1.0
2026-06-26 09:00:00,2026-06-26 09:01:00,LONG,4034.155,4.138357142857038,0.0,4.870000000000346,0.0,1.1767954847507907,,1.0,-1.0
2026-06-26 10:25:00,2026-06-26 11:00:00,LONG,4048.025,4.886142857142821,7.360000000000127,4.130000000000109,1.506300616904987,0.8452474929100072,35.0,1.0,1.5
2026-06-26 11:15:00,2026-06-26 11:16:00,LONG,4052.945,4.857142857142825,0.0,6.7800000000002,0.0,1.395882352941227,,1.0,-1.0
2026-06-26 12:05:00,2026-06-26 12:19:00,LONG,4047.745,3.9254999999999263,3.650000000000091,4.029999999999745,0.9298178575977989,1.0266208126352876,11.0,14.0,-1.0
2026-06-26 13:40:00,2026-06-26 13:41:00,LONG,4061.895,8.929285714285665,0.0,12.289999999999964,0.0,1.3763698904087707,,1.0,-1.0
2026-06-26 17:20:00,2026-06-26 17:21:00,LONG,4084.475,4.006571428571435,0.0,4.460000000000036,0.0,1.113171218712123,,1.0,-1.0
2026-06-26 20:30:00,2026-06-26 20:46:00,SHORT,4069.415,3.425714285714321,2.9200000000000728,3.9830000000001746,0.8523769808173604,1.162677231025894,3.0,16.0,-1.0
2026-06-29 03:05:00,2026-06-29 04:18:00,LONG,4069.645,6.295928571428541,5.869999999999891,7.670000000000073,0.9323485699374752,1.218247620344231,17.0,73.0,-1.0
2026-06-29 17:40:00,2026-06-29 18:48:00,SHORT,4021.618,3.5223571428571177,5.373000000000047,3.3299999999999272,1.525398982012881,0.9453896538438001,68.0,38.0,1.5
2026-06-29 22:55:00,2026-06-29 23:04:00,SHORT,4013.628,3.5180714285714396,1.163000000000011,4.4099999999998545,0.33057884798895704,1.253527703896164,1.0,9.0,-1.0
2026-06-30 09:00:00,2026-06-30 09:31:00,LONG,4018.828,4.965214285714247,3.786999999999807,6.273000000000138,0.7627062563836651,1.26338958180488,22.0,31.0,-1.0
2026-06-30 13:50:00,2026-06-30 14:09:00,LONG,4028.385,7.827142857142819,16.579999999999927,3.5600000000004,2.1182697572549745,0.4548275232707232,19.0,10.0,1.5
2026-07-01 09:25:00,2026-07-01 09:49:00,LONG,3978.365,4.07857142857152,7.100000000000364,1.4299999999998363,1.7408056042032027,0.3506129597197419,24.0,3.0,1.5
2026-07-01 16:00:00,2026-07-01 16:32:00,LONG,4085.135,6.111428571428438,2.9799999999995634,8.170000000000073,0.48761103319302007,1.3368396446938233,6.0,32.0,-1.0
2026-07-01 17:45:00,2026-07-01 17:56:00,LONG,4070.925,3.3628571428571052,1.2100000000000364,3.8900000000003274,0.3598130841121644,1.1567544604928885,6.0,11.0,-1.0
2026-07-01 23:20:00,2026-07-01 23:21:00,SHORT,4035.545,2.8392857142856167,0.0,3.269999999999982,0.0,1.1516981132075803,,1.0,-1.0
2026-07-02 06:45:00,2026-07-02 06:47:00,LONG,4072.955,5.56000000000001,0.0,6.319999999999709,0.0,1.13669064748196,,2.0,-1.0
2026-07-02 08:15:00,2026-07-02 09:24:00,LONG,4072.995,5.338571428571348,6.700000000000273,6.029999999999745,1.2550173936313251,1.1295156542680989,41.0,69.0,-1.0
2026-07-02 15:30:00,2026-07-02 16:15:00,LONG,4129.525,8.041428571428566,1.2800000000006548,8.759999999999309,0.1591756972820144,1.0893586782731426,4.0,45.0,-1.0
2026-07-02 16:55:00,2026-07-02 17:24:00,LONG,4117.915,5.987142857142642,1.7399999999997817,6.449999999999818,0.29062276306368195,1.0773085182534086,12.0,29.0,-1.0
2026-07-02 20:15:00,2026-07-02 22:09:00,LONG,4121.715,3.7357142857142986,6.109999999999673,3.5,1.6355640535371916,0.9369024856596526,114.0,35.0,1.5
2026-07-03 00:10:00,2026-07-03 00:11:00,LONG,4134.545,5.637142857142927,0.0,8.090000000000146,0.0,1.4351241763811535,,1.0,-1.0
2026-07-03 04:15:00,2026-07-03 04:16:00,LONG,4181.045,3.0849999999999063,0.0,4.100000000000364,0.0,1.329011345218959,,1.0,-1.0
2026-07-03 04:55:00,2026-07-03 04:56:00,LONG,4178.585,2.7357142857142986,0.0,3.1099999999996726,0.0,1.1368146214097967,,1.0,-1.0
2026-07-03 05:15:00,2026-07-03 05:17:00,LONG,4178.885,2.7935714285714703,0.0,2.8400000000001455,0.0,1.0166197903349896,,2.0,-1.0
2026-07-03 08:00:00,2026-07-03 08:48:00,LONG,4183.065,4.457142857142766,3.4600000000000364,4.479999999999563,0.7762820512820754,1.0051282051281278,34.0,48.0,-1.0
2026-07-03 08:10:00,2026-07-03 08:47:00,LONG,4183.875,4.5178571428570775,2.649999999999636,4.8400000000001455,0.5865612648220624,1.0713043478261346,24.0,37.0,-1.0
2026-07-03 14:40:00,2026-07-03 14:50:00,SHORT,4163.555,4.322857142857174,0.42000000000007276,4.880000000000109,0.09715796430933536,1.1288830138797263,4.0,10.0,-1.0
2026-07-03 15:50:00,2026-07-03 16:34:00,SHORT,4166.685,2.8971428571430806,4.150000000000546,3.519999999999527,1.4324457593689142,1.2149901380668042,28.0,44.0,-1.0
2026-07-06 01:25:00,2026-07-06 01:48:00,LONG,4189.285,8.431428571428503,13.61999999999989,5.139999999999418,1.6153846153846156,0.6096238563198275,23.0,1.0,1.5
2026-07-06 01:40:00,2026-07-06 01:58:00,LONG,4197.945,8.83642857142851,4.960000000000036,11.179999999999382,0.5613127475547732,1.265217039851204,8.0,18.0,-1.0
2026-07-06 05:45:00,2026-07-06 05:59:00,SHORT,4154.245,4.049285714285751,9.710000000000036,2.4099999999998545,2.3979537837360962,0.5951666960662844,14.0,9.0,1.5
2026-07-06 05:55:00,2026-07-06 05:56:00,SHORT,4147.735,4.787857142857125,0.0,6.75,0.0,1.4098165000745988,,1.0,-1.0
2026-07-06 07:05:00,2026-07-06 07:18:00,SHORT,4148.635,4.405714285714306,1.6500000000005457,5.449999999999818,0.37451361867716493,1.237029831387761,8.0,13.0,-1.0
2026-07-06 08:30:00,2026-07-06 08:44:00,SHORT,4154.065,3.859999999999997,5.829999999999927,1.7800000000006548,1.5103626943005004,0.461139896373227,14.0,3.0,1.5
2026-07-06 10:25:00,2026-07-06 10:33:00,SHORT,4148.715,3.5214285714283897,0.3500000000003638,3.9099999999998545,0.09939148073033156,1.1103448275862229,1.0,8.0,-1.0
2026-07-06 14:05:00,2026-07-06 14:10:00,SHORT,4136.105,7.476428571428577,2.709999999999127,8.730000000000473,0.3624725327217708,1.1676698194325645,3.0,5.0,-1.0
2026-07-06 23:10:00,2026-07-06 23:12:00,LONG,4165.285,1.8300000000001222,0.0,1.8400000000001455,0.0,1.0054644808743294,,2.0,-1.0
2026-07-07 02:25:00,2026-07-07 02:51:00,SHORT,4140.355,4.808571428571538,8.3799999999992,4.5,1.742721330956419,0.9358288770053264,26.0,1.0,1.5
2026-07-07 04:25:00,2026-07-07 05:01:00,SHORT,4131.935,4.686428571428613,9.070000000000618,2.3499999999994543,1.9353757049231448,0.5014479500074999,36.0,1.0,1.5
2026-07-07 06:05:00,2026-07-07 06:07:00,SHORT,4122.805,5.422142857143042,0.0,5.449999999999818,0.0,1.005137663021932,,2.0,-1.0
2026-07-07 09:20:00,2026-07-07 09:29:00,SHORT,4126.815,4.033571428571447,7.009999999999309,1.430000000000291,1.737913936603327,0.3545245262972195,9.0,6.0,1.5
2026-07-08 04:30:00,2026-07-08 04:43:00,LONG,4125.785,3.722142857142834,2.2399999999997817,3.8599999999996726,0.6018038764152205,1.0370370370369555,2.0,13.0,-1.0
2026-07-08 04:55:00,2026-07-08 05:05:00,LONG,4124.825,3.6371428571427975,5.8200000000006185,0.3400000000001455,1.600157109191084,0.09347996857820337,10.0,1.0,1.5
2026-07-08 05:40:00,2026-07-08 06:03:00,LONG,4127.975,4.158571428571512,3.5999999999994543,4.530000000000655,0.8656818962554337,1.0893163861217434,3.0,23.0,-1.0
2026-07-08 08:00:00,2026-07-08 08:16:00,SHORT,4116.895,4.43999999999999,12.600000000000364,4.169999999999163,2.8378378378379265,0.939189189189003,16.0,11.0,1.5
2026-07-08 10:55:00,2026-07-08 11:36:00,SHORT,4052.905,5.346428571428565,8.769999999999982,4.089999999999691,1.640347361389444,0.764996659986583,41.0,7.0,1.5
2026-07-08 20:05:00,2026-07-08 20:16:00,LONG,4081.095,4.26785714285711,2.2400000000002365,5.4399999999996,0.5248535564854151,1.274644351464351,1.0,11.0,-1.0
2026-07-08 20:25:00,2026-07-08 20:35:00,LONG,4076.575,3.8307142857142935,1.7699999999999818,4.1599999999998545,0.46205482006339166,1.0859593511094134,5.0,10.0,-1.0
2026-07-09 00:10:00,2026-07-09 00:11:00,LONG,4087.405,3.855000000000018,0.0,8.510000000000218,0.0,2.2075226977951177,,1.0,-1.0
2026-07-09 04:40:00,2026-07-09 04:41:00,SHORT,4057.565,3.5235714285714885,0.0,4.769999999999982,0.0,1.3537401175754837,,1.0,-1.0
2026-07-09 11:50:00,2026-07-09 12:08:00,LONG,4107.145,4.450000000000078,11.739999999999782,1.9900000000006912,2.638202247190916,0.4471910112361025,18.0,2.0,1.5
2026-07-09 16:20:00,2026-07-09 16:32:00,LONG,4130.345,3.6257142857143014,7.789999999999964,1.8200000000006185,2.1485421591804377,0.5019700551617129,12.0,6.0,1.5
2026-07-09 17:45:00,2026-07-09 18:03:00,LONG,4135.795,3.734285714285826,2.300000000000182,4.190000000000509,0.6159143075746286,1.122035195103393,3.0,18.0,-1.0
2026-07-09 23:30:00,2026-07-09 23:46:00,SHORT,4121.175,2.2785714285713374,1.1700000000000728,3.1599999999998545,0.5134796238245039,1.3868338557993647,4.0,16.0,-1.0
2026-07-10 00:30:00,2026-07-10 00:36:00,SHORT,4115.615,2.929999999999901,1.5799999999999272,3.619999999999891,0.5392491467576725,1.2354948805460795,4.0,6.0,-1.0
2026-07-10 01:15:00,2026-07-10 01:23:00,LONG,4125.865,5.086428571428444,1.5100000000002183,5.380000000000109,0.29686841735716313,1.057716612835324,4.0,8.0,-1.0
2026-07-10 07:35:00,2026-07-10 07:44:00,SHORT,4111.545,3.3349999999999715,6.3400000000001455,1.7399999999997817,1.9010494752624287,0.5217391304347216,9.0,1.0,1.5
2026-07-13 00:25:00,2026-07-13 00:26:00,SHORT,4074.285,4.959999999999939,0.0,5.010000000000218,0.0,1.0100806451613469,,1.0,-1.0
2026-07-13 01:15:00,2026-07-13 01:16:00,SHORT,4073.215,7.65071428571423,0.0,7.75,0.0,1.0129773130426738,,1.0,-1.0
2026-07-13 01:40:00,2026-07-13 01:55:00,SHORT,4084.365,7.354285714285717,17.179999999999836,3.350000000000364,2.336052836052813,0.4555167055167548,15.0,11.0,1.5
2026-07-13 05:45:00,2026-07-13 05:59:00,SHORT,4062.235,5.652142857142865,9.840000000000146,1.9099999999998545,1.7409326424870701,0.33792493365345544,14.0,6.0,1.5
2026-07-13 07:00:00,2026-07-13 07:08:00,SHORT,4053.395,5.290714285714265,4.579999999999927,6.0300000000002,0.8656676117186342,1.1397326852977336,2.0,8.0,-1.0
2026-07-13 18:55:00,2026-07-13 19:37:00,SHORT,4001.275,4.545000000000008,6.869999999999891,3.5299999999997453,1.511551155115485,0.7766776677667193,42.0,1.0,1.5
2026-07-13 19:35:00,2026-07-13 19:45:00,SHORT,3995.005,4.069999999999969,1.8200000000001637,4.279999999999745,0.4471744471744908,1.051597051596997,4.0,10.0,-1.0
2026-07-13 20:20:00,2026-07-13 20:57:00,SHORT,3998.095,3.567142857142861,1.1099999999996726,3.900000000000091,0.3111734080896155,1.0933119743692674,16.0,37.0,-1.0
2026-07-14 05:05:00,2026-07-14 05:32:00,LONG,4022.465,3.1892857142857207,5.920000000000073,2.8600000000001273,1.8562150055991231,0.8967525195969026,27.0,14.0,1.5
2026-07-14 08:55:00,2026-07-14 09:04:00,SHORT,4015.835,3.8764285714285376,2.1399999999998727,4.039999999999964,0.5520545421042653,1.042196425281002,5.0,9.0,-1.0
2026-07-14 10:30:00,2026-07-14 10:40:00,SHORT,4015.845,3.3521428571428777,0.9399999999995998,3.9700000000002547,0.2804176432984086,1.1843170679736463,5.0,10.0,-1.0
2026-07-14 12:15:00,2026-07-14 12:30:00,LONG,4026.965,4.416428571428534,62.059999999999945,4.0300000000002,14.052078279152623,0.9125020216723805,15.0,5.0,1.5
2026-07-14 14:30:00,2026-07-14 15:06:00,LONG,4079.692,8.801428571428525,14.242999999999938,6.70699999999988,1.6182600227235853,0.7620353838662458,36.0,1.0,1.5
2026-07-14 14:50:00,2026-07-14 15:07:00,LONG,4082.225,8.288571428571393,14.110000000000127,4.920000000000073,1.7023440193037112,0.5935884177869813,17.0,1.0,1.5
2026-07-14 18:20:00,2026-07-14 18:21:00,SHORT,4056.945,3.555714285714235,0.0,3.769999999999982,0.0,1.060265166733638,,1.0,-1.0
2026-07-14 22:55:00,2026-07-14 22:56:00,SHORT,4044.285,3.4664285714286507,0.0,5.370000000000346,0.0,1.54914485885026,,1.0,-1.0
2026-07-15 05:00:00,2026-07-15 05:01:00,SHORT,4031.585,2.7578571428571843,0.0,4.029999999999745,0.0,1.461279461279347,,1.0,-1.0
2026-07-15 07:15:00,2026-07-15 07:26:00,SHORT,4029.085,3.8328571428571,7.099999999999909,0.6700000000000728,1.8524040253447602,0.17480432351847042,11.0,4.0,1.5
2026-07-16 03:35:00,2026-07-16 04:14:00,SHORT,4033.235,3.791428571428599,1.5900000000001455,4.529999999999745,0.41936699321781984,1.1948003014317252,35.0,39.0,-1.0
2026-07-16 04:00:00,2026-07-16 04:14:00,SHORT,4033.535,2.8550000000000506,1.8899999999998727,4.230000000000018,0.6619964973729734,1.481611208406285,10.0,14.0,-1.0
2026-07-16 04:30:00,2026-07-16 05:20:00,SHORT,4032.645,3.0364285714286194,5.110000000000127,2.5399999999999636,1.6828981416137532,0.8365090566925177,50.0,1.0,1.5
2026-07-16 05:45:00,2026-07-16 05:46:00,SHORT,4027.215,3.396428571428552,0.0,3.5,0.0,1.0304942166140965,,1.0,-1.0
2026-07-16 07:00:00,2026-07-16 07:16:00,SHORT,4029.165,3.5178571428572405,5.309999999999945,0.47000000000025466,1.5094416243654247,0.13360406091377428,16.0,2.0,1.5
2026-07-16 15:00:00,2026-07-16 15:20:00,SHORT,3992.675,7.037857142857092,3.5900000000001455,8.739999999999782,0.5100984471734741,1.2418552725058136,13.0,20.0,-1.0
2026-07-16 15:10:00,2026-07-16 15:20:00,SHORT,3992.535,6.824285714285646,3.449999999999818,8.88000000000011,0.5055474146953939,1.3012350847812724,3.0,10.0,-1.0
2026-07-16 18:10:00,2026-07-16 18:11:00,SHORT,3984.985,4.079285714285626,0.0,4.25,0.0,1.041849063211369,,1.0,-1.0
2026-07-17 03:15:00,2026-07-17 03:16:00,LONG,4002.395,5.64928571428566,0.0,10.9699999999998,0.0,1.9418384119357526,,1.0,-1.0
2026-07-17 09:20:00,2026-07-17 09:21:00,LONG,4001.575,4.565714285714323,0.0,4.7599999999997635,0.0,1.0425531914893014,,1.0,-1.0
2026-07-17 12:10:00,2026-07-17 12:11:00,SHORT,3989.695,3.911428571428522,0.0,3.949999999999818,0.0,1.0098612125638815,,1.0,-1.0
2026-07-17 12:20:00,2026-07-17 12:39:00,SHORT,3985.525,4.3492857142856725,8.090000000000146,2.7199999999998,1.8600755460667289,0.6253900476268281,19.0,10.0,1.5
2026-07-20 09:10:00,2026-07-20 09:31:00,LONG,4019.235,4.328571428571389,2.7199999999998,4.610000000000127,0.6283828382837878,1.065016501650204,8.0,21.0,-1.0
2026-07-20 09:45:00,2026-07-20 09:46:00,LONG,4022.625,3.3142857142856235,0.0,5.239999999999782,0.0,1.5810344827585983,,1.0,-1.0
2026-07-20 10:20:00,2026-07-20 11:01:00,LONG,4021.425,3.0849999999999715,5.529999999999745,0.680000000000291,1.792544570502365,0.2204213938412633,41.0,30.0,1.5
2026-07-20 14:40:00,2026-07-20 14:46:00,SHORT,4007.155,4.840000000000016,0.47000000000025466,5.539999999999964,0.09710743801658123,1.1446280991735425,5.0,6.0,-1.0
2026-07-20 19:10:00,2026-07-20 19:19:00,SHORT,4004.395,2.915714285714265,0.38000000000010914,3.730000000000018,0.13032827045569734,1.2792748652621417,5.0,9.0,-1.0
2026-07-20 20:55:00,2026-07-20 22:00:00,SHORT,4007.565,1.906428571428543,1.5,2.630000000000109,0.786811539902597,1.3795428999626107,65.0,65.0,-1.0
2026-07-20 22:05:00,2026-07-20 22:23:00,SHORT,4005.705,1.924999999999987,1.1300000000001091,1.9800000000000182,0.5870129870130477,1.028571428571445,15.0,18.0,-1.0
2026-07-21 02:05:00,2026-07-21 02:36:00,LONG,4025.695,5.367857142857117,18.960000000000036,3.950000000000273,3.532135728542938,0.7358616101131614,31.0,14.0,1.5
2026-07-21 02:20:00,2026-07-21 02:36:00,LONG,4027.855,5.077142857142852,16.800000000000182,4.480000000000018,3.308947664603303,0.8823860438942082,16.0,1.0,1.5
2026-07-21 07:30:00,2026-07-21 07:31:00,LONG,4073.135,3.8650000000000415,0.0,5.680000000000291,0.0,1.469598965071211,,1.0,-1.0
2026-07-21 09:15:00,2026-07-21 09:29:00,LONG,4066.195,2.8935714285714766,2.019999999999982,3.800000000000182,0.6980992347568322,1.3132559861762938,11.0,14.0,-1.0
2026-07-22 04:15:00,2026-07-22 04:34:00,LONG,4127.775,2.968571428571522,1.610000000000582,3.0799999999999272,0.5423484119347315,1.0375360923964778,1.0,19.0,-1.0
2026-07-22 04:40:00,2026-07-22 05:16:00,LONG,4126.995,2.563571428571387,2.800000000000182,3.7600000000002183,1.0922262468655108,1.4667038172193902,31.0,36.0,-1.0
2026-07-22 04:55:00,2026-07-22 05:16:00,LONG,4126.655,2.460714285714338,3.1400000000003274,3.4200000000000728,1.2760522496372613,1.3898403483309145,16.0,21.0,-1.0
2026-07-22 05:30:00,2026-07-22 05:37:00,LONG,4127.275,2.8985714285714885,4.5,1.5,1.5524889107934623,0.5174963035978207,7.0,4.0,1.5
2026-07-22 08:35:00,2026-07-22 09:01:00,SHORT,4116.615,3.5299999999999403,3.469999999999345,3.7399999999997817,0.983002832861021,1.0594900849857918,14.0,26.0,-1.0
2026-07-22 20:30:00,2026-07-22 20:44:00,SHORT,4135.055,3.063571428571452,4.600000000000364,2.2799999999997453,1.5015155047797761,0.7442294241080949,14.0,2.0,1.5
2026-07-22 22:40:00,2026-07-22 22:56:00,SHORT,4121.415,4.978285714285708,1.6700000000000728,5.050000000000182,0.33545684113867436,1.0144054178145465,1.0,16.0,-1.0
2026-07-23 03:55:00,2026-07-23 04:15:00,SHORT,4124.325,3.417857142857169,2.1599999999998545,3.680000000000291,0.6319749216300466,1.076698014629126,10.0,20.0,-1.0
2026-07-23 06:35:00,2026-07-23 07:01:00,SHORT,4120.695,3.843571428571392,6.869999999999891,3.0399999999999636,1.7874001115034266,0.7909310537074874,26.0,2.0,1.5
2026-07-23 14:50:00,2026-07-23 15:22:00,SHORT,4056.765,7.492857142857149,11.539999999999964,3.3600000000001273,1.5401334604385066,0.4484270734032578,32.0,3.0,1.5
2026-07-23 15:00:00,2026-07-23 15:22:00,SHORT,4056.535,6.995714285714224,11.309999999999945,2.519999999999982,1.6167041045538149,0.36022054318970853,22.0,3.0,1.5
2026-07-23 15:20:00,2026-07-23 18:00:00,SHORT,4049.895,6.048571428571352,9.659999999999854,4.570000000000164,1.5970713273500199,0.7555503070382984,160.0,101.0,1.5
2026-07-23 15:55:00,2026-07-23 17:01:00,SHORT,4048.525,4.869285714285589,2.980000000000018,5.940000000000055,0.6119994132316462,1.2198914478510032,24.0,66.0,-1.0
2026-07-23 16:30:00,2026-07-23 17:01:00,SHORT,4048.055,4.057142857142773,1.199999999999818,6.410000000000309,0.2957746478872853,1.5799295774648978,7.0,31.0,-1.0
2026-07-23 17:05:00,2026-07-23 17:06:00,SHORT,4047.835,3.463571428571478,0.0,5.190000000000055,0.0,1.4984532893380023,,1.0,-1.0
2026-07-23 19:40:00,2026-07-23 19:51:00,SHORT,4045.625,2.617857142857182,0.9600000000000364,4.010000000000218,0.36671214188268236,1.5317871759891464,7.0,11.0,-1.0
2026-07-23 23:30:00,2026-07-23 23:31:00,LONG,4050.575,1.5885714285713806,0.0,1.6599999999998545,0.0,1.0449640287769184,,1.0,-1.0
2026-07-24 00:05:00,2026-07-24 00:14:00,SHORT,4045.385,2.074999999999948,4.370000000000346,1.3899999999998727,2.1060240963857613,0.6698795180722446,9.0,1.0,1.5
2026-07-24 05:10:00,2026-07-24 05:11:00,SHORT,4027.335,2.2957142857143418,0.0,4.610000000000127,0.0,2.0080896079651587,,1.0,-1.0
2026-07-24 05:50:00,2026-07-24 06:10:00,SHORT,4023.375,4.212857142857176,1.7100000000000364,4.929999999999836,0.4059003051882048,1.1702271956594974,7.0,20.0,-1.0
2026-07-24 10:55:00,2026-07-24 11:39:00,LONG,4059.955,2.5957142857143287,3.3299999999999272,3.3899999999998727,1.2828838745183877,1.3059988992844642,10.0,44.0,-1.0
2026-07-24 14:55:00,2026-07-24 15:11:00,LONG,4063.185,5.895714285714315,11.480000000000018,1.8099999999999454,1.9471771262418154,0.30700266537435317,16.0,1.0,1.5
2026-07-24 19:45:00,2026-07-24 20:57:00,SHORT,4054.985,2.8850000000000233,4.460000000000036,2.2799999999997453,1.5459272097053727,0.7902946273829209,72.0,1.0,1.5
2026-07-24 20:30:00,2026-07-24 20:41:00,SHORT,4052.095,2.162857142857157,0.6799999999998363,2.75,0.3143989431967518,1.2714663143989349,4.0,11.0,-1.0
2026-07-24 20:45:00,2026-07-24 20:57:00,SHORT,4053.685,1.9928571428571493,3.1599999999998545,1.7699999999999818,1.5856630824371978,0.8881720430107407,12.0,2.0,1.5
2026-07-27 01:45:00,2026-07-27 02:30:00,LONG,4105.565,5.775000000000026,5.230000000000473,6.519999999999527,0.9056277056277834,1.129004329004242,15.0,45.0,-1.0
2026-07-27 04:15:00,2026-07-27 04:32:00,SHORT,4087.595,2.922857142857148,0.919999999999618,3.2900000000004184,0.3147605083087642,1.1256109481917345,3.0,17.0,-1.0
2026-07-27 04:40:00,2026-07-27 05:08:00,SHORT,4090.115,2.289285714285662,1.6799999999998363,3.8900000000003274,0.7338533541341106,1.6992199687989336,20.0,28.0,-1.0
2026-07-27 13:50:00,2026-07-27 13:56:00,SHORT,4083.905,5.770714285714381,10.570000000000164,4.629999999999654,1.8316623344473308,0.802327020670802,6.0,1.0,1.5
2026-07-27 15:30:00,2026-07-27 15:31:00,SHORT,4072.855,4.39142857142854,0.0,4.869999999999891,0.0,1.108978529603106,,1.0,-1.0
2026-07-27 18:10:00,2026-07-27 18:41:00,SHORT,4076.415,2.7885714285714585,3.7799999999997453,2.8099999999999454,1.3555327868851401,1.0076844262294777,30.0,31.0,-1.0
2026-07-28 04:35:00,2026-07-28 04:59:00,SHORT,4045.405,2.5549999999998687,4.2800000000002,2.319999999999709,1.6751467710373464,0.9080234833658819,24.0,10.0,1.5
2026-07-28 04:45:00,2026-07-28 04:46:00,SHORT,4042.915,2.710714285714143,0.0,4.579999999999927,0.0,1.6895915678524995,,1.0,-1.0
2026-07-28 13:55:00,2026-07-28 14:05:00,SHORT,4021.975,5.232857142857093,0.5,9.210000000000036,0.09555009555009646,1.7600327600327836,4.0,10.0,-1.0
2026-07-28 23:15:00,2026-07-28 23:44:00,SHORT,4016.185,3.9449999999999688,1.5299999999997453,7.010000000000218,0.3878326996197104,1.7769328263625535,10.0,29.0,-1.0
2026-07-29 11:30:00,2026-07-29 11:48:00,SHORT,4031.615,2.6450000000000142,1.6399999999998727,4.420000000000073,0.6200378071833134,1.6710775047259165,6.0,18.0,-1.0
2026-07-29 22:10:00,2026-07-29 22:11:00,LONG,4076.185,6.561785714285763,0.0,7.980000000000018,0.0,1.2161323681489078,,1.0,-1.0
2026-07-30 02:20:00,2026-07-30 02:32:00,LONG,4082.745,4.91571428571433,0.8600000000001273,6.869999999999891,0.1749491426911025,1.3975588491717177,9.0,12.0,-1.0
2026-07-30 14:25:00,2026-07-30 15:13:00,LONG,4095.865,11.836071428571293,16.909999999999854,12.899999999999636,1.4286835038170282,1.089888657554069,20.0,48.0,-1.0
2026-07-30 16:55:00,2026-07-30 17:12:00,LONG,4110.525,4.165714285714265,0.5500000000001819,4.599999999999454,0.13203017832651895,1.1042524005485714,5.0,17.0,-1.0
2026-07-30 19:15:00,2026-07-30 19:16:00,LONG,4110.465,3.531428571428608,0.0,6.930000000000291,0.0,1.9623786407767612,,1.0,-1.0
2026-07-31 01:10:00,2026-07-31 01:11:00,SHORT,4088.795,4.531428571428511,0.0,6.579999999999927,0.0,1.4520807061790701,,1.0,-1.0
2026-07-31 02:25:00,2026-07-31 02:43:00,SHORT,4081.915,4.017142857142874,6.539999999999964,2.0900000000001455,1.6280227596016912,0.5202702702703044,18.0,7.0,1.5
2026-07-31 03:40:00,2026-07-31 04:27:00,SHORT,4076.045,3.284285714285748,3.230000000000018,3.369999999999891,0.9834710743801607,1.0260983036102216,32.0,47.0,-1.0
2026-07-31 04:40:00,2026-07-31 04:50:00,SHORT,4078.925,2.6178571428571167,4.5300000000002,1.319999999999709,1.7304229195089613,0.5042291950885706,10.0,1.0,1.5
2026-07-31 05:40:00,2026-07-31 06:05:00,SHORT,4076.095,2.9742857142857053,3.519999999999982,4.450000000000273,1.183477425552351,1.4961575408262249,22.0,25.0,-1.0
2026-07-31 06:40:00,2026-07-31 07:29:00,SHORT,4077.875,4.049285714285686,6.0900000000001455,3.6399999999998727,1.5039689539601806,0.898923972481894,49.0,7.0,1.5
2026-07-31 12:35:00,2026-07-31 12:36:00,SHORT,4044.325,4.436428571428548,0.0,7.150000000000091,0.0,1.6116567380454323,,1.0,-1.0
2026-07-31 19:40:00,2026-07-31 19:41:00,LONG,4053.935,2.5421428571428026,0.0,4.119999999999891,0.0,1.6206799662826554,,1.0,-1.0
2026-08-02 23:25:00,2026-08-02 23:43:00,LONG,4071.925,3.9935714285714505,0.6599999999998545,4.3100000000004,0.16526560543727262,1.0792344839922245,3.0,18.0,-1.0
2026-08-03 08:25:00,2026-08-03 08:36:00,SHORT,4055.965,3.404285714285769,1.900000000000091,3.4200000000000728,0.5581200167855822,1.0046160302140212,4.0,11.0,-1.0
2026-08-03 09:55:00,2026-08-03 10:42:00,SHORT,4055.115,3.7257142857143077,6.6599999999998545,2.5100000000002183,1.7875766871165149,0.6736963190184595,47.0,1.0,1.5
2026-08-03 10:30:00,2026-08-03 10:52:00,SHORT,4051.635,3.662142857142856,5.980000000000018,1.7599999999997635,1.6329237370782188,0.48059293934068065,22.0,1.0,1.5
2026-08-03 12:25:00,2026-08-03 12:40:00,SHORT,4050.595,4.212857142857144,7.329999999999927,2.0900000000001455,1.7399118345201585,0.4961003730078336,15.0,5.0,1.5
2026-08-03 13:10:00,2026-08-03 13:11:00,SHORT,4038.625,5.154285714285736,0.0,5.75,0.0,1.115576496674053,,1.0,-1.0
2026-08-03 15:00:00,2026-08-03 15:08:00,SHORT,4031.815,5.030714285714274,1.6300000000001091,5.230000000000018,0.3240096549765949,1.0396138009371068,6.0,8.0,-1.0
2026-08-03 15:55:00,2026-08-03 18:00:00,SHORT,4035.865,4.024999999999993,6.399999999999636,3.2100000000000364,1.5900621118011544,0.797515527950321,125.0,49.0,1.5
2026-08-03 17:00:00,2026-08-03 17:18:00,SHORT,4033.955,2.4250000000000194,0.8800000000001091,3.7400000000002365,0.36288659793818645,1.5422680412371985,4.0,18.0,-1.0
2026-08-03 22:10:00,2026-08-04 00:00:00,LONG,4051.195,2.472142857142834,6.019999999999982,1.400000000000091,2.435134354232896,0.5663103149379214,110.0,60.0,1.5
2026-08-03 22:20:00,2026-08-04 00:00:00,LONG,4051.995,2.49857142857143,5.220000000000255,2.199999999999818,2.0891938250429822,0.8805031446540147,100.0,50.0,1.5
2026-08-03 22:30:00,2026-08-03 23:10:00,LONG,4052.825,2.441428571428592,1.6700000000000728,3.0299999999997453,0.6840257460503458,1.2410766530133432,36.0,40.0,-1.0
2026-08-04 01:30:00,2026-08-04 01:36:00,SHORT,4048.735,3.927142857142891,0.5,7.109999999999673,0.1273190251000353,1.8104765369224185,4.0,6.0,-1.0
2026-08-04 01:50:00,2026-08-04 03:41:00,LONG,4059.405,4.780714285714372,5.529999999999745,4.8400000000001455,1.1567309128939942,1.0124010159868642,49.0,111.0,-1.0
2026-08-04 02:30:00,2026-08-04 02:39:00,LONG,4057.535,4.033571428571479,7.400000000000091,2.0099999999997635,1.8346024437754556,0.4983176908092144,9.0,1.0,1.5
2026-08-04 13:30:00,2026-08-04 14:37:00,LONG,4083.045,7.419285714285642,11.009999999999764,8.090000000000146,1.4839703475498045,1.0904014633677015,20.0,67.0,-1.0
2026-08-04 14:25:00,2026-08-04 14:37:00,LONG,4083.605,8.19857142857141,3.099999999999909,8.650000000000091,0.3781146541209167,1.055061857466471,7.0,12.0,-1.0
2026-08-04 15:05:00,2026-08-04 15:17:00,LONG,4084.635,5.595357142857113,0.8099999999999454,7.640000000000327,0.14476287738557858,1.3654177570690644,8.0,12.0,-1.0
2026-08-04 15:35:00,2026-08-04 15:36:00,LONG,4083.365,5.292500000000018,0.0,6.339999999999691,0.0,1.1979215871515672,,1.0,-1.0
2026-08-04 15:50:00,2026-08-04 16:19:00,LONG,4087.285,4.424999999999987,1.3900000000003274,4.429999999999836,0.31412429378538564,1.0011299435027907,6.0,29.0,-1.0
2026-08-04 17:35:00,2026-08-04 17:52:00,LONG,4094.655,4.251214285714306,1.6599999999993997,4.370000000000346,0.39047667053096574,1.0279415965187182,11.0,17.0,-1.0
2026-08-05 00:05:00,2026-08-05 00:22:00,SHORT,4072.135,3.337857142857177,1.1300000000001091,4.579999999999927,0.33854055210788286,1.372137812968079,6.0,17.0,-1.0
2026-08-05 07:35:00,2026-08-05 07:59:00,LONG,4164.885,4.602142857143008,7.019999999999527,2.780000000000655,1.5253763774637616,0.6040664286824133,24.0,2.0,1.5
2026-08-05 08:40:00,2026-08-05 08:41:00,LONG,4165.905,3.813571428571387,0.0,4.599999999999454,0.0,1.2062183929573527,,1.0,-1.0
2026-08-05 13:00:00,2026-08-05 13:15:00,LONG,4193.785,7.24714285714286,3.1700000000000728,7.369999999999891,0.4374137591169032,1.016952493593519,8.0,15.0,-1.0
2026-08-05 16:05:00,2026-08-05 17:34:00,LONG,4235.325,8.244999999999825,12.730000000000473,6.399999999999636,1.5439660400243473,0.7762280169799602,89.0,1.0,1.5
2026-08-05 16:20:00,2026-08-05 17:38:00,LONG,4238.505,7.1864285714284835,11.140000000000327,3.8599999999996726,1.5501441208628017,0.5371235463671213,78.0,1.0,1.5
2026-08-05 23:10:00,2026-08-05 23:11:00,LONG,4256.125,2.6153571428571922,0.0,3.319999999999709,0.0,1.2694250990030056,,1.0,-1.0
2026-08-06 00:15:00,2026-08-06 00:34:00,LONG,4274.365,7.4821428571429225,12.239999999999782,2.630000000000109,1.6358949880667824,0.3515035799522788,19.0,14.0,1.5
2026-08-06 07:30:00,2026-08-06 07:45:00,SHORT,4259.705,4.119999999999956,6.9399999999996,1.7399999999997817,1.6844660194173968,0.4223300970873302,15.0,2.0,1.5
2026-08-06 12:05:00,2026-08-06 12:06:00,SHORT,4257.505,5.110714285714429,0.0,5.9099999999998545,0.0,1.1563941299789748,,1.0,-1.0
2026-08-06 14:40:00,2026-08-06 14:49:00,LONG,4273.315,8.202857142856958,1.6700000000000728,8.539999999999964,0.20358760013933774,1.041100661790336,6.0,9.0,-1.0
2026-08-06 17:10:00,2026-08-06 17:52:00,SHORT,4240.735,5.2328571428570285,2.5,6.579999999999927,0.4777504777504882,1.257439257439271,12.0,42.0,-1.0
2026-08-06 17:20:00,2026-08-06 17:52:00,SHORT,4239.675,4.414999999999899,1.4400000000005093,7.639999999999418,0.32616081540216135,1.7304643261607233,2.0,32.0,-1.0
2026-08-06 18:50:00,2026-08-06 18:51:00,SHORT,4241.505,3.242857142857052,0.0,3.7799999999997453,0.0,1.165638766519778,,1.0,-1.0
2026-08-06 19:35:00,2026-08-06 19:52:00,SHORT,4236.345,4.052142857142891,3.600000000000364,4.869999999999891,0.8884188260180623,1.2018332451965081,8.0,17.0,-1.0
2026-08-07 03:00:00,2026-08-07 03:01:00,LONG,4258.065,4.860000000000127,0.0,7.639999999999418,0.0,1.5720164609051888,,1.0,-1.0
2026-08-07 05:30:00,2026-08-07 05:31:00,LONG,4274.735,4.313571428571582,0.0,7.619999999999891,0.0,1.766517635370006,,1.0,-1.0
2026-08-07 09:50:00,2026-08-07 10:08:00,LONG,4317.625,4.752857142857075,2.100000000000364,5.550000000000182,0.44183949504065995,1.1677186654644371,2.0,18.0,-1.0
2026-08-07 10:25:00,2026-08-07 11:03:00,LONG,4313.545,5.269999999999852,10.569999999999709,1.4899999999997817,2.0056925996204944,0.2827324478178033,38.0,1.0,1.5
2026-08-07 15:20:00,2026-08-07 15:31:00,LONG,4356.805,7.6158571428571,1.4799999999995634,9.860000000000582,0.19433137626375424,1.29466714186574,3.0,11.0,-1.0
2026-08-07 15:35:00,2026-08-07 15:51:00,LONG,4352.015,6.803000000000013,1.6499999999996362,7.510000000000218,0.2425400558576559,1.1039247390857274,3.0,16.0,-1.0
2026-08-07 18:20:00,2026-08-07 18:35:00,SHORT,4333.335,4.35857142857133,1.4099999999998545,4.8100000000004,0.3235004916420585,1.1035725991479373,3.0,15.0,-1.0
2026-08-07 19:15:00,2026-08-07 19:54:00,LONG,4347.085,4.492142857142686,3.0299999999997453,4.960000000000036,0.67451105104147,1.1041501033551147,6.0,39.0,-1.0
2026-08-09 23:20:00,2026-08-09 23:32:00,LONG,4346.625,3.6385714285714,1.0100000000002183,5.479999999999563,0.2775814683942514,1.5060855908911366,4.0,12.0,-1.0
2026-08-10 00:00:00,2026-08-10 00:01:00,LONG,4340.365,4.096428571428662,0.0,5.25,0.0,1.2816041848299629,,1.0,-1.0
2026-08-10 02:45:00,2026-08-10 03:30:00,SHORT,4322.915,5.173571428571255,5.5,5.199999999999818,1.063095402457581,1.005108380505314,21.0,45.0,-1.0
2026-08-10 05:20:00,2026-08-10 05:31:00,LONG,4335.005,3.652142857142995,2.9200000000000728,3.7399999999997817,0.7995306082534613,1.0240563270094851,10.0,11.0,-1.0
2026-08-10 05:30:00,2026-08-10 05:31:00,LONG,4339.955,3.942857142857195,0.0,8.6899999999996,0.0,2.203985507246246,,1.0,-1.0
2026-08-10 12:10:00,2026-08-10 12:26:00,SHORT,4331.525,3.88857142857153,7.609999999999673,2.740000000000691,1.9570168993385864,0.7046289493021433,16.0,1.0,1.5
2026-08-10 13:00:00,2026-08-10 13:09:00,SHORT,4329.015,4.593571428571522,3.2000000000007276,5.289999999999964,0.6966257191729012,1.1516093920074324,2.0,9.0,-1.0
2026-08-11 00:15:00,2026-08-11 00:23:00,LONG,4405.675,3.476571428571463,5.369999999999891,0.9000000000005457,1.5446252465482768,0.25887573964512484,8.0,3.0,1.5
2026-08-11 03:25:00,2026-08-11 03:49:00,LONG,4420.105,5.527857142857296,1.2600000000002183,6.299999999999272,0.22793642589485164,1.139682129473929,5.0,24.0,-1.0
2026-08-11 04:00:00,2026-08-11 04:10:00,LONG,4417.525,3.9621428571429402,2.100000000000364,5.399999999999636,0.5300162249865599,1.362898864250826,3.0,10.0,-1.0
2026-08-11 14:10:00,2026-08-11 15:04:00,LONG,4386.855,7.50571428571415,11.8100000000004,5.489999999999782,1.573467834031296,0.7314427103159339,54.0,13.0,1.5
2026-08-11 17:40:00,2026-08-11 17:57:00,SHORT,4376.045,3.5142857142857014,7.359999999999673,2.119999999999891,2.0943089430893456,0.6032520325202964,17.0,2.0,1.5
2026-08-11 20:15:00,2026-08-11 22:00:00,SHORT,4368.045,3.5807142857144236,2.619999999999891,4.289999999999964,0.7316975862756245,1.1980849790544021,44.0,105.0,-1.0
2026-08-11 20:30:00,2026-08-11 22:04:00,SHORT,4369.485,2.9285714285715585,4.059999999999491,3.5,1.3863414634143987,1.195121951219459,29.0,94.0,-1.0
2026-08-12 04:20:00,2026-08-12 04:49:00,LONG,4397.305,2.8785714285716364,4.899999999999636,2.280000000000655,1.7022332506200981,0.7920595533500462,29.0,20.0,1.5
2026-08-12 11:40:00,2026-08-12 12:03:00,LONG,4413.135,3.664999999999899,2.1799999999993815,4.270000000000437,0.5948158253750182,1.1650750341065632,16.0,23.0,-1.0
2026-08-12 12:10:00,2026-08-12 12:22:00,LONG,4408.515,3.0964285714285973,0.9499999999998181,3.75,0.30680507497110365,1.2110726643598515,11.0,12.0,-1.0
2026-08-12 12:35:00,2026-08-12 12:36:00,LONG,4428.675,8.592857142857156,0.0,12.3100000000004,0.0,1.4325852036575673,,1.0,-1.0
2026-08-12 17:50:00,2026-08-12 17:51:00,SHORT,4400.015,5.310000000000075,0.0,5.389999999999418,0.0,1.0150659133708742,,1.0,-1.0
2026-08-13 07:55:00,2026-08-13 08:11:00,SHORT,4369.795,3.8700000000002155,5.890000000000327,1.199999999999818,1.5219638242894056,0.3100775193797807,16.0,1.0,1.5
2026-08-13 12:55:00,2026-08-13 12:56:00,LONG,4401.615,6.502142857142904,0.0,8.840000000000146,0.0,1.3595517961111847,,1.0,-1.0
2026-08-13 16:50:00,2026-08-13 17:06:00,SHORT,4365.085,4.441428571428527,1.230000000000473,5.300000000000182,0.276937922161576,1.1933097458990558,3.0,16.0,-1.0
2026-08-14 03:50:00,2026-08-14 04:20:00,SHORT,4323.945,3.620714285714257,1.519999999999527,3.8400000000001455,0.41980666798172317,1.060564213848934,14.0,30.0,-1.0
2026-08-14 04:25:00,2026-08-14 05:07:00,SHORT,4325.025,2.3871428571427975,3.9799999999995634,2.2200000000002547,1.6672651107120071,0.9299820466787655,42.0,2.0,1.5
2026-08-14 05:15:00,2026-08-14 05:30:00,SHORT,4318.765,2.6350000000001534,7.760000000000218,0.9799999999995634,2.944971537001809,0.3719165085387121,15.0,2.0,1.5
2026-08-14 06:55:00,2026-08-14 07:14:00,LONG,4335.445,3.755714285714151,1.680000000000291,4.5,0.447318372004658,1.198174210726555,8.0,19.0,-1.0
2026-08-14 11:05:00,2026-08-14 11:19:00,LONG,4350.775,2.6971428571430027,4.5700000000006185,1.6299999999991996,1.6943855932204768,0.6043432203386537,14.0,1.0,1.5
2026-08-14 11:25:00,2026-08-14 11:26:00,LONG,4356.555,2.900714285714327,0.0,3.5799999999999272,0.0,1.2341787737010161,,1.0,-1.0
2026-08-14 16:35:00,2026-08-14 17:01:00,LONG,4388.155,4.065714285714291,0.6500000000005457,4.389999999999418,0.15987350667617053,1.0797610681657022,4.0,26.0,-1.0
2026-08-17 13:15:00,2026-08-17 13:38:00,SHORT,4385.425,5.482142857142792,3.380000000000109,6.309999999999491,0.6165472312703856,1.1510097719868915,1.0,23.0,-1.0
2026-08-17 20:45:00,2026-08-17 22:00:00,LONG,4415.425,2.1828571428572365,3.3299999999999272,1.2899999999999636,1.5255235602093253,0.5909685863873926,75.0,14.0,1.5
2026-08-18 04:55:00,2026-08-18 05:30:00,SHORT,4393.355,2.6185714285712884,5.989999999999782,2.3900000000003274,2.2875068194217523,0.912711402073278,35.0,26.0,1.5
2026-08-18 05:10:00,2026-08-18 05:18:00,SHORT,4391.095,2.7621428571426674,0.5100000000002183,2.889999999999418,0.18463925523670924,1.0462891130073606,4.0,8.0,-1.0
2026-08-18 05:25:00,2026-08-18 05:26:00,SHORT,4391.115,2.9264285714284597,0.0,4.430000000000291,0.0,1.5137905784722099,,1.0,-1.0
2026-08-18 11:50:00,2026-08-18 11:57:00,SHORT,4390.615,2.7585714285713556,0.9499999999998181,4.510000000000218,0.34438114966333,1.6349041947178853,3.0,7.0,-1.0
2026-08-18 16:10:00,2026-08-18 17:48:00,SHORT,4367.525,6.6142857142857405,10.75,3.0200000000004366,1.6252699784017215,0.456587473002224,98.0,1.0,1.5
2026-08-18 16:25:00,2026-08-18 18:00:00,SHORT,4363.955,5.21214285714281,8.649999999999636,4.899999999999636,1.6595861312867755,0.9401123749485477,95.0,1.0,1.5
2026-08-18 16:45:00,2026-08-18 16:54:00,SHORT,4363.335,4.409999999999919,0.47000000000025466,5.350000000000364,0.10657596371888056,1.2131519274377465,5.0,9.0,-1.0
2026-08-18 17:15:00,2026-08-18 17:25:00,SHORT,4364.175,3.9442857142856025,1.2200000000002547,4.069999999999709,0.3093082216588926,1.031872509960115,4.0,10.0,-1.0
2026-08-18 19:15:00,2026-08-18 19:16:00,SHORT,4354.505,3.4314285714286337,0.0,4.010000000000218,0.0,1.1686094920899674,,1.0,-1.0
2026-08-18 19:40:00,2026-08-18 19:41:00,SHORT,4349.835,3.5592857142857093,0.0,7.920000000000073,0.0,2.2251655629139306,,1.0,-1.0
2026-08-18 23:25:00,2026-08-18 23:53:00,SHORT,4330.115,3.5574999999999557,3.380000000000109,3.5600000000004,0.9501054111033453,1.000702740688811,8.0,28.0,-1.0
2026-08-18 23:35:00,2026-08-18 23:52:00,SHORT,4328.465,3.4524999999999375,1.6400000000003274,5.130000000000109,0.475018102824144,1.4858797972484292,4.0,17.0,-1.0
2026-08-19 03:20:00,2026-08-19 04:16:00,LONG,4355.595,3.8978571428571223,4.609999999999673,4.220000000000255,1.182701117830232,1.0826461425692482,18.0,56.0,-1.0
2026-08-19 09:00:00,2026-08-19 09:01:00,LONG,4358.685,3.681428571428699,0.0,3.990000000000691,0.0,1.0838183934809418,,1.0,-1.0
2026-08-19 09:35:00,2026-08-19 10:00:00,LONG,4356.645,3.4307142857143327,6.4399999999996,0.9900000000006912,1.877160108265525,0.28856964397271473,25.0,1.0,1.5
2026-08-19 12:05:00,2026-08-19 12:21:00,LONG,4367.575,3.569999999999709,5.630000000000109,3.3400000000001455,1.5770308123250891,0.9355742296919938,16.0,1.0,1.5
2026-08-19 12:30:00,2026-08-19 12:31:00,LONG,4384.365,4.764285714285571,0.0,15.88000000000011,0.0,3.333133433283481,,1.0,-1.0
2026-08-20 09:45:00,2026-08-20 10:09:00,SHORT,4485.305,3.8214285714284415,4.730000000000473,4.289999999999964,1.2377570093459602,1.122616822429935,15.0,24.0,-1.0
2026-08-20 13:45:00,2026-08-20 14:01:00,SHORT,4482.085,7.225714285714275,2.850000000000364,7.399999999999636,0.3944246737841553,1.0241202056148186,13.0,16.0,-1.0
2026-08-20 16:40:00,2026-08-20 17:46:00,LONG,4509.075,6.697142857142873,10.3100000000004,1.8800000000001091,1.53946245733794,0.2807167235495037,66.0,5.0,1.5
2026-08-20 17:20:00,2026-08-20 17:34:00,LONG,4510.915,4.610714285714233,7.399999999999636,1.699999999999818,1.604957397366322,0.3687064291246743,14.0,7.0,1.5
2026-08-20 17:40:00,2026-08-20 18:11:00,LONG,4518.075,4.454285714285561,4.170000000000073,5.599999999999454,0.9361770365619472,1.2572161642077464,25.0,31.0,-1.0
2026-08-20 19:05:00,2026-08-20 20:17:00,LONG,4525.885,4.606428571428556,6.0,5.1599999999998545,1.3025275236470815,1.1201736703364584,49.0,72.0,-1.0
2026-08-20 20:40:00,2026-08-20 20:59:00,LONG,4518.065,3.3207142857142053,3.050000000000182,4.059999999999491,0.9184770918477861,1.2226285222627284,12.0,19.0,-1.0
2026-08-20 22:50:00,2026-08-20 23:03:00,LONG,4523.715,3.1964285714283767,5.8400000000001455,1.9600000000000364,1.8270391061454083,0.6131843575419482,13.0,1.0,1.5
2026-08-21 05:40:00,2026-08-21 05:41:00,LONG,4542.945,4.386428571428496,0.0,7.509999999999309,0.0,1.7120990066763089,,1.0,-1.0
2026-08-21 10:00:00,2026-08-21 10:13:00,LONG,4585.005,5.704285714285561,3.6899999999996,7.220000000000255,0.6468820435762057,1.26571500125227,2.0,13.0,-1.0
2026-08-21 11:15:00,2026-08-21 11:37:00,LONG,4595.935,5.027142857142865,8.639999999999418,4.530000000000655,1.7186700767262244,0.9011082693948433,22.0,1.0,1.5
2026-08-21 14:10:00,2026-08-21 14:27:00,LONG,4589.415,8.496428571428558,13.36999999999989,3.300000000000182,1.5736023539302124,0.38839848675916455,17.0,1.0,1.5
2026-08-24 01:30:00,2026-08-24 01:52:00,LONG,4614.485,9.325000000000014,15.390000000000327,6.889999999999418,1.6504021447721506,0.7388739946380062,22.0,2.0,1.5
2026-08-24 04:50:00,2026-08-24 05:30:00,LONG,4639.545,4.589999999999951,6.600000000000364,8.909999999999854,1.4379084967321207,1.9411764705882244,27.0,40.0,-1.0
2026-08-24 09:25:00,2026-08-24 09:45:00,SHORT,4635.505,5.436428571428678,2.9200000000000728,5.75,0.5371173301800055,1.0576796741558063,11.0,20.0,-1.0
2026-08-24 10:30:00,2026-08-24 11:01:00,LONG,4645.025,4.005714285714346,3.8299999999999272,5.199999999999818,0.9561340941511801,1.298145506419336,8.0,31.0,-1.0
2026-08-24 12:20:00,2026-08-24 12:32:00,LONG,4657.325,8.62214285714286,5.180000000000291,12.239999999999782,0.600778725871958,1.4196006958826684,9.0,12.0,-1.0
2026-08-24 12:35:00,2026-08-24 13:11:00,LONG,4662.705,9.85857142857146,15.050000000000182,8.479999999999563,1.5265903492247634,0.8601651934501775,36.0,10.0,1.5
2026-08-24 14:05:00,2026-08-24 14:16:00,LONG,4670.255,10.302857142857127,1.5299999999997453,15.180000000000291,0.14850249584024175,1.4733777038269857,5.0,11.0,-1.0
2026-08-24 14:20:00,2026-08-24 15:45:00,LONG,4665.855,10.660714285714286,13.680000000000291,11.329999999999927,1.2832160804020372,1.062780569514231,69.0,85.0,-1.0
2026-08-25 12:25:00,2026-08-25 12:39:00,LONG,4637.135,4.909285714285553,0.38000000000010914,7.030000000000655,0.07740433580680493,1.4319802124256134,6.0,14.0,-1.0
2026-08-25 15:30:00,2026-08-25 16:20:00,LONG,4648.515,7.269999999999982,10.63000000000011,8.360000000000582,1.462173314993141,1.1499312242091613,11.0,50.0,-1.0
2026-08-26 05:35:00,2026-08-26 05:36:00,SHORT,4641.265,3.7078571428571325,0.0,3.9299999999993815,0.0,1.0599113850894142,,1.0,-1.0
2026-08-26 07:50:00,2026-08-26 09:18:00,SHORT,4628.235,4.236428571428405,6.609999999999673,3.130000000000109,1.560276513235526,0.7388298769179438,88.0,1.0,1.5
2026-08-26 09:00:00,2026-08-26 09:01:00,SHORT,4625.815,3.640714285714434,0.0,4.3200000000006185,0.0,1.1865803413774023,,1.0,-1.0
2026-08-26 09:15:00,2026-08-26 09:16:00,SHORT,4620.865,3.650000000000026,0.0,4.199999999999818,0.0,1.1506849315067913,,1.0,-1.0
2026-08-26 15:50:00,2026-08-26 16:39:00,SHORT,4600.145,8.230000000000084,13.650000000000546,7.349999999999454,1.6585662211422123,0.8930741190764738,49.0,1.0,1.5
2026-08-26 17:35:00,2026-08-26 18:03:00,SHORT,4596.435,4.898571428571423,2.3900000000003274,6.119999999999891,0.4878973461651301,1.2493438320209764,21.0,28.0,-1.0
2026-08-26 18:30:00,2026-08-26 18:44:00,SHORT,4593.305,3.9692857142856934,1.0600000000004002,4.029999999999745,0.26705056685272055,1.0152960230339523,5.0,14.0,-1.0
2026-08-26 19:15:00,2026-08-26 19:16:00,SHORT,4591.485,3.241428571428579,0.0,3.660000000000764,0.0,1.1291317761130581,,1.0,-1.0
2026-08-26 20:10:00,2026-08-26 20:11:00,SHORT,4591.445,3.061428571428483,0.0,3.1500000000005457,0.0,1.0289314045732365,,1.0,-1.0
2026-08-26 22:10:00,2026-08-26 22:17:00,SHORT,4602.045,3.8171428571428287,0.7100000000000364,8.80999999999949,0.18600299401198697,2.308008982035812,4.0,7.0,-1.0
2026-08-27 00:15:00,2026-08-27 00:16:00,LONG,4619.005,4.304999999999836,0.0,4.5600000000004,0.0,1.059233449477485,,1.0,-1.0
2026-08-27 01:20:00,2026-08-27 01:30:00,LONG,4624.665,6.717857142857156,0.06000000000040018,7.1899999999996,0.0089314194577948,1.0702817650185454,5.0,10.0,-1.0
2026-08-27 02:55:00,2026-08-27 03:22:00,LONG,4629.195,4.829999999999862,7.579999999999927,1.1599999999998545,1.56935817805386,0.240165631469956,27.0,7.0,1.5
2026-08-27 09:30:00,2026-08-27 09:31:00,SHORT,4593.635,3.704999999999992,0.0,4.1899999999996,0.0,1.1309041835356568,,1.0,-1.0
2026-08-28 00:15:00,2026-08-28 00:16:00,SHORT,4593.165,3.5450000000000728,0.0,4.529999999999745,0.0,1.2778561354018765,,1.0,-1.0
2026-08-28 00:30:00,2026-08-28 01:03:00,SHORT,4589.335,4.0935714285713924,3.9899999999997817,5.739999999999782,0.9746990054091335,1.4021985691850924,27.0,33.0,-1.0
2026-08-28 01:20:00,2026-08-28 01:38:00,SHORT,4591.355,5.712142857142745,9.489999999999782,5.600000000000364,1.6613730148805745,0.9803676378642819,18.0,2.0,1.5
2026-08-28 04:30:00,2026-08-28 04:31:00,SHORT,4581.545,2.740714285714278,0.0,2.9700000000002547,0.0,1.083659108678751,,1.0,-1.0
2026-08-28 09:15:00,2026-08-28 09:52:00,LONG,4601.895,3.227857142857244,4.9399999999996,1.7000000000007276,1.5304270856382436,0.5266651914142385,37.0,3.0,1.5
2026-08-28 20:10:00,2026-08-28 20:59:00,SHORT,4457.615,5.386428571428561,8.479999999999563,3.600000000000364,1.574327012332504,0.6683463731601272,49.0,1.0,1.5
2026-08-28 20:50:00,2026-08-30 22:00:00,SHORT,4453.795,4.736428571428665,22.390000000000327,4.279999999999745,4.727190469009175,0.9036344442768096,2950.0,1.0,1.5
2026-08-30 23:20:00,2026-08-30 23:21:00,SHORT,4459.465,5.326428571428745,0.0,5.430000000000291,0.0,1.0194448169505377,,1.0,-1.0
2026-08-31 01:45:00,2026-08-31 01:46:00,SHORT,4437.125,11.808571428571408,0.0,15.140000000000327,0.0,1.282119525768237,,1.0,-1.0
2026-08-31 03:25:00,2026-08-31 04:24:00,SHORT,4427.285,7.629285714285548,11.760000000000218,4.539999999999964,1.54142870517748,0.5950753674749637,59.0,1.0,1.5
2026-08-31 04:45:00,2026-08-31 04:56:00,SHORT,4418.885,3.7628571428573587,0.4499999999998181,3.819999999999709,0.11958997722090152,1.0151860288533192,5.0,11.0,-1.0
2026-08-31 07:15:00,2026-08-31 07:26:00,LONG,4438.835,4.582857142857067,6.960000000000036,3.819999999999709,1.5187032418952948,0.8335411471321198,11.0,1.0,1.5
2026-08-31 16:55:00,2026-08-31 17:47:00,SHORT,4433.225,4.71999999999993,4.690000000000509,4.9099999999998545,0.9936440677967329,1.0402542372881203,32.0,52.0,-1.0
2026-08-31 18:25:00,2026-08-31 18:50:00,SHORT,4429.635,3.6658571428570212,3.5,4.300000000000182,0.9547562448852661,1.1729862437162337,8.0,25.0,-1.0
2026-09-01 00:45:00,2026-09-01 00:59:00,LONG,4455.775,4.893571428571444,5.240000000000691,5.029999999999745,1.070792585024222,1.0278791417310789,7.0,14.0,-1.0
2026-09-01 07:15:00,2026-09-01 07:30:00,SHORT,4429.305,3.938571428571517,10.530000000000655,3.149999999999636,2.673558215451684,0.7997823721435241,15.0,7.0,1.5
2026-09-01 10:30:00,2026-09-01 10:53:00,SHORT,4383.395,5.58428571428567,8.420000000000073,2.219999999999345,1.5078025070350722,0.3975441289331169,23.0,12.0,1.5
2026-09-01 15:00:00,2026-09-01 15:30:00,SHORT,4357.425,8.484428571428712,2.4899999999997817,8.670000000000073,0.2934788099206645,1.021872000808195,4.0,30.0,-1.0
2026-09-01 20:55:00,2026-09-01 22:00:00,SHORT,4327.425,3.395714285714348,1.7600000000002183,6.479999999999563,0.5183003786285781,1.9082877576775814,4.0,65.0,-1.0
2026-09-02 00:05:00,2026-09-02 00:14:00,SHORT,4322.815,4.835000000000231,4.710000000000036,5.020000000000437,0.9741468459151627,1.0382626680455422,1.0,9.0,-1.0
2026-09-02 01:00:00,2026-09-02 01:15:00,SHORT,4311.515,9.137857142857294,7.150000000000546,14.25,0.7824591573517234,1.559446572344225,6.0,15.0,-1.0
2026-09-02 01:25:00,2026-09-02 01:51:00,SHORT,4316.865,8.930000000000161,20.11999999999989,7.190000000000509,2.2530795072787826,0.8051511758119125,26.0,1.0,1.5
2026-09-02 04:25:00,2026-09-02 05:12:00,SHORT,4302.645,5.6521428571428,1.1500000000005457,6.169999999999163,0.20346265638832053,1.091621382534932,3.0,47.0,-1.0
2026-09-02 06:55:00,2026-09-02 07:10:00,LONG,4321.535,5.987142857142771,9.0600000000004,5.279999999999745,1.5132426628490505,0.8818897637794977,15.0,1.0,1.5
2026-09-02 07:05:00,2026-09-02 07:06:00,LONG,4326.005,6.133571428571421,0.0,6.970000000000255,0.0,1.1363689297776136,,1.0,-1.0
2026-09-02 08:20:00,2026-09-02 08:34:00,LONG,4325.735,4.553571428571364,1.2200000000002547,5.259999999999309,0.2679215686275107,1.1551372549018253,3.0,14.0,-1.0
2026-09-02 09:00:00,2026-09-02 09:22:00,LONG,4315.665,5.282857142857081,6.5600000000004,5.479999999999563,1.2417522985398415,1.0373174689020388,7.0,22.0,-1.0
2026-09-02 17:00:00,2026-09-02 17:16:00,LONG,4370.705,3.6892857142856883,0.23999999999978172,4.9099999999998545,0.06505324298154826,1.3308809293320125,8.0,16.0,-1.0
2026-09-02 17:40:00,2026-09-02 17:41:00,LONG,4376.235,3.869999999999891,0.0,9.579999999999927,0.0,2.47545219638248,,1.0,-1.0
2026-09-02 18:15:00,2026-09-02 18:16:00,LONG,4377.375,4.512857142857034,0.0,8.390000000000327,0.0,1.859132636910532,,1.0,-1.0
2026-09-02 19:00:00,2026-09-02 19:25:00,LONG,4374.835,4.101428571428512,7.239999999999782,2.800000000000182,1.765238592824772,0.6826889585510818,25.0,1.0,1.5
2026-09-03 05:40:00,2026-09-03 05:41:00,LONG,4431.885,4.730714285714449,0.0,6.5900000000001455,0.0,1.393024309225409,,1.0,-1.0
2026-09-03 06:05:00,2026-09-03 06:19:00,LONG,4431.105,6.120000000000085,5.030000000000655,6.209999999999127,0.8218954248366969,1.0147058823527844,2.0,14.0,-1.0
2026-09-03 08:00:00,2026-09-03 08:01:00,LONG,4436.575,5.94285714285713,0.0,8.269999999999527,0.0,1.3915865384614619,,1.0,-1.0
2026-09-03 08:15:00,2026-09-03 08:16:00,LONG,4437.755,5.755000000000044,0.0,6.5,0.0,1.1294526498696698,,1.0,-1.0
2026-09-03 09:25:00,2026-09-03 09:38:00,LONG,4435.005,4.184999999999881,2.7399999999997817,4.319999999999709,0.6547192353643632,1.032258064516089,10.0,13.0,-1.0
2026-09-03 11:35:00,2026-09-03 11:52:00,LONG,4435.535,4.040000000000093,6.069999999999709,1.2200000000002547,1.5024752475246457,0.30198019801985804,17.0,1.0,1.5
2026-09-03 12:30:00,2026-09-03 12:31:00,LONG,4466.785,6.847142857142769,0.2600000000002183,9.529999999999745,0.03797204256210205,1.391821406217381,1.0,1.0,-1.0
2026-09-03 14:10:00,2026-09-03 14:58:00,LONG,4468.885,8.504285714285873,13.979999999999563,7.530000000000655,1.6438770367880922,0.8854359146649354,48.0,1.0,1.5
2026-09-03 17:20:00,2026-09-03 17:59:00,LONG,4490.655,3.7671428571429066,3.9200000000000728,4.25,1.04057641259007,1.1281759575274786,27.0,39.0,-1.0
2026-09-04 06:40:00,2026-09-04 07:09:00,SHORT,4463.905,4.5914285714286835,3.9799999999995634,5.130000000000109,0.8668326073427587,1.117299315494707,17.0,29.0,-1.0
2026-09-04 11:55:00,2026-09-04 12:27:00,SHORT,4466.885,3.355000000000018,2.7899999999999636,4.75,0.8315946348733081,1.415797317436654,25.0,32.0,-1.0
2026-09-04 13:50:00,2026-09-04 14:15:00,SHORT,4422.075,14.143571428571315,10.279999999999745,14.710000000000036,0.7268319781829079,1.0400484823998897,13.0,25.0,-1.0
2026-09-07 01:55:00,2026-09-07 02:37:00,SHORT,4409.135,8.224999999999975,6.5700000000006185,8.63000000000011,0.798784194528953,1.0492401215805636,14.0,42.0,-1.0
2026-09-07 04:15:00,2026-09-07 04:34:00,SHORT,4402.785,3.3128571428573457,5.889999999999418,2.880000000000109,1.7779215178953602,0.8693402328589707,19.0,1.0,1.5
2026-09-07 04:30:00,2026-09-07 04:31:00,SHORT,4397.725,3.259285714285852,0.0,3.509999999999309,0.0,1.0769230769228193,,1.0,-1.0
2026-09-07 06:50:00,2026-09-07 07:04:00,SHORT,4394.735,5.294285714285836,3.5799999999999272,6.350000000000364,0.6762007555315411,1.199406368051849,8.0,14.0,-1.0
2026-09-07 07:25:00,2026-09-07 07:52:00,SHORT,4394.975,5.071428571428767,2.860000000000582,6.960000000000036,0.563943661971924,1.3723943661971374,17.0,27.0,-1.0
2026-09-07 09:00:00,2026-09-07 09:18:00,LONG,4412.115,4.9457142857143355,1.6199999999998909,5.210000000000036,0.3275563258231982,1.053437319468512,2.0,18.0,-1.0
2026-09-07 16:55:00,2026-09-07 17:07:00,LONG,4414.205,1.8049999999999014,0.5500000000001819,1.8999999999996362,0.30470914127435567,1.0526315789472245,5.0,12.0,-1.0
2026-09-08 02:20:00,2026-09-08 02:31:00,LONG,4428.215,4.803571428571364,1.2799999999997453,5.5600000000004,0.2664684014869394,1.1574721189592068,4.0,11.0,-1.0
2026-09-08 09:55:00,2026-09-08 10:05:00,SHORT,4402.695,3.542857142857039,6.029999999999745,2.119999999999891,1.7020161290322362,0.5983870967741803,10.0,1.0,1.5
2026-09-08 14:45:00,2026-09-08 15:01:00,SHORT,4393.205,7.130000000000174,4.380000000000109,8.449999999999818,0.6143057503506315,1.1851332398316425,7.0,16.0,-1.0
2026-09-08 16:55:00,2026-09-08 17:02:00,SHORT,4393.435,5.032499999999994,3.380000000000109,5.729999999999563,0.6716343765524317,1.138599105812135,1.0,7.0,-1.0
2026-09-08 17:20:00,2026-09-08 17:40:00,SHORT,4394.125,4.491428571428579,7.010000000000218,0.7899999999999636,1.5607506361323615,0.17589058524172188,20.0,11.0,1.5
2026-09-09 04:45:00,2026-09-09 05:01:00,LONG,4378.535,2.7778571428571013,4.710000000000036,1.3400000000001455,1.6955515556698766,0.4823862175367014,16.0,6.0,1.5
2026-09-09 08:30:00,2026-09-09 09:11:00,LONG,4401.705,3.161428571428457,1.680000000000291,3.5,0.5314053321284439,1.1070944419340663,4.0,41.0,-1.0
2026-09-09 14:00:00,2026-09-09 14:01:00,LONG,4423.325,7.420000000000008,0.0,9.1899999999996,0.0,1.2385444743934757,,1.0,-1.0
2026-09-09 16:05:00,2026-09-09 16:43:00,SHORT,4395.315,11.622785714285653,3.9769999999998618,12.26300000000083,0.3421727026345931,1.055082688561339,14.0,38.0,-1.0
2026-09-09 22:45:00,2026-09-09 23:28:00,SHORT,4400.145,2.740785714285721,4.652000000000044,2.7399999999997817,1.6973234995178768,0.9997133251673621,43.0,19.0,1.5
2026-09-10 04:45:00,2026-09-10 04:46:00,LONG,4409.308,2.6240714285715643,0.0,2.6700000000000728,0.0,1.0175027901025964,,1.0,-1.0
2026-09-10 08:10:00,2026-09-10 08:35:00,SHORT,4405.618,3.9714285714285973,6.123000000000502,3.5869999999995343,1.541762589928174,0.9032014388487978,25.0,1.0,1.5
2026-09-10 15:00:00,2026-09-10 15:15:00,SHORT,4353.345,8.609785714285538,0.9099999999998545,9.07299999999941,0.10569368741546764,1.053800907605087,2.0,15.0,-1.0
2026-09-10 17:45:00,2026-09-10 18:02:00,SHORT,4357.648,4.767357142857106,8.802999999999884,2.4899999999997817,1.8465157394782872,0.5223019642508909,17.0,7.0,1.5
2026-09-10 22:10:00,2026-09-10 22:31:00,SHORT,4321.245,3.2014285714284205,5.436999999999898,1.569999999999709,1.6983043284248587,0.49040606871925396,21.0,2.0,1.5
2026-09-10 23:20:00,2026-09-10 23:46:00,SHORT,4318.129,2.592999999999847,4.144000000000233,2.155999999999949,1.5981488623218192,0.8314693405322314,26.0,1.0,1.5
2026-09-10 23:45:00,2026-09-11 00:00:00,SHORT,4315.055,2.729857142857067,4.056000000000495,3.588999999999942,1.4857920351668978,1.3147208121827563,10.0,15.0,-1.0
2026-09-11 00:20:00,2026-09-11 00:27:00,SHORT,4318.605,4.07628571428573,1.4369999999998981,4.600000000000364,0.35252681012123255,1.128478306581707,5.0,7.0,-1.0
2026-09-11 02:40:00,2026-09-11 02:41:00,SHORT,4318.595,5.703642857142962,0.0,6.737999999999374,0.0,1.1813502648681857,,1.0,-1.0
2026-09-11 03:15:00,2026-09-11 03:16:00,SHORT,4314.685,6.019928571428669,0.0,6.739999999999782,0.0,1.1196146133674512,,1.0,-1.0
2026-09-11 08:30:00,2026-09-11 08:57:00,LONG,4352.465,4.822142857143002,4.0,6.9099999999998545,0.8295067397422354,1.4329728929046814,11.0,27.0,-1.0
2026-09-11 19:25:00,2026-09-11 19:26:00,SHORT,4347.206,3.9980714285713606,0.0,5.7590000000000146,0.0,1.440444500026827,,1.0,-1.0
2026-09-11 20:10:00,2026-09-13 22:00:00,SHORT,4348.115,3.5810714285714442,26.529999999999745,2.110000000000582,7.408397327216412,0.5892091353347566,2990.0,13.0,1.5
2026-09-11 20:40:00,2026-09-11 20:47:00,SHORT,4346.295,2.6150000000001064,0.7219999999997526,2.949999999999818,0.27609942638612744,1.1281070745696742,3.0,7.0,-1.0
2026-09-13 23:10:00,2026-09-13 23:49:00,SHORT,4339.295,4.210999999999915,7.5770000000002256,2.8729999999995925,1.7993350748041743,0.6822607456660296,39.0,1.0,1.5
2026-09-14 00:35:00,2026-09-14 00:44:00,SHORT,4332.624,5.479285714285717,0.6559999999999491,5.71100000000024,0.11972363446746556,1.0422891409203927,5.0,9.0,-1.0
2026-09-14 01:30:00,2026-09-14 01:36:00,SHORT,4331.545,7.211785714285725,3.4899999999997817,7.960000000000036,0.4839300747783576,1.1037488238498525,4.0,6.0,-1.0
2026-09-14 05:05:00,2026-09-14 05:06:00,SHORT,4328.755,3.210571428571581,0.0,3.3099999999994907,0.0,1.0309691198716442,,1.0,-1.0
2026-09-14 06:00:00,2026-09-14 06:43:00,SHORT,4334.295,5.7520000000000175,9.350000000000364,4.229999999999563,1.6255215577191124,0.735396383866403,43.0,2.0,1.5
2026-09-14 06:20:00,2026-09-14 06:56:00,SHORT,4329.425,5.960999999999915,8.960000000000036,3.0100000000002183,1.5031035061231612,0.5049488340882841,36.0,7.0,1.5
2026-09-14 10:45:00,2026-09-14 11:56:00,SHORT,4292.465,4.670785714285752,8.510000000000218,4.239999999999782,1.821963267116302,0.9077701824409546,71.0,21.0,1.5
2026-09-14 13:50:00,2026-09-14 14:14:00,SHORT,4273.008,8.540785714285644,8.099999999999454,8.766999999999825,0.9483904960232272,1.026486355387164,15.0,24.0,-1.0
2026-09-14 14:50:00,2026-09-14 15:05:00,SHORT,4276.195,7.630142857142865,3.7799999999997453,8.020000000000437,0.49540356855326034,1.0510943438618074,14.0,15.0,-1.0
2026-09-14 15:00:00,2026-09-14 15:05:00,SHORT,4272.725,7.068571428571496,0.3100000000004002,11.489999999999782,0.04385610347620818,1.6255052546482964,4.0,5.0,-1.0
2026-09-14 18:55:00,2026-09-14 19:07:00,LONG,4307.198,3.293928571428491,0.5999999999994543,3.6790000000000873,0.1821533123710846,1.1169033936897426,4.0,12.0,-1.0
2026-09-15 00:30:00,2026-09-15 00:36:00,SHORT,4284.175,3.477714285714228,1.0770000000002256,3.5339999999996508,0.3096861649688508,1.016184686164885,4.0,6.0,-1.0
2026-09-15 09:55:00,2026-09-15 10:03:00,SHORT,4268.085,4.265499999999845,0.4459999999999127,5.042999999999665,0.10455984058139231,1.1822764037041025,3.0,8.0,-1.0
2026-09-15 10:35:00,2026-09-15 10:49:00,SHORT,4273.905,3.578214285714174,0.3899999999994179,3.6400000000003274,0.10899291346425834,1.0172671923346877,4.0,14.0,-1.0
2026-09-15 13:40:00,2026-09-15 14:07:00,LONG,4289.575,6.950285714285526,10.793000000000575,4.510000000000218,1.5528858012004865,0.6488941872893691,27.0,3.0,1.5
2026-09-15 15:50:00,2026-09-15 16:25:00,LONG,4289.805,4.653999999999996,7.049999999999272,4.470000000000255,1.514825956166583,0.9604641168887533,35.0,25.0,1.5
2026-09-15 16:00:00,2026-09-15 16:13:00,LONG,4291.085,4.468571428571457,0.3900000000003274,4.5900000000001455,0.0872762148338323,1.0271739130435042,5.0,13.0,-1.0
2026-09-15 19:20:00,2026-09-15 19:41:00,LONG,4301.005,3.5828571428571325,1.2100000000000364,3.6599999999998545,0.3377192982456252,1.0215311004784313,12.0,21.0,-1.0
2026-09-16 12:55:00,2026-09-16 13:13:00,LONG,4347.385,4.782857142857146,8.449999999999818,3.880000000000109,1.766726403823139,0.8112305854241562,18.0,11.0,1.5
2026-09-16 18:10:00,2026-09-16 18:11:00,SHORT,4309.995,10.89428571428555,0.0,19.8100000000004,0.0,1.8183844741673865,,1.0,-1.0
2026-09-16 23:30:00,2026-09-17 00:09:00,SHORT,4270.675,5.009285714285787,4.670000000000073,7.069999999999709,0.9322686439469566,1.4113788678168329,32.0,39.0,-1.0
2026-09-17 01:00:00,2026-09-17 01:01:00,LONG,4297.075,6.774285714285725,0.0,7.130000000000109,0.0,1.0525094896668217,,1.0,-1.0
2026-09-17 10:15:00,2026-09-17 10:24:00,SHORT,4306.345,3.999999999999935,0.0,6.579999999999927,0.0,1.6450000000000085,,9.0,-1.0
2026-09-17 13:45:00,2026-09-17 13:46:00,LONG,4367.265,8.386428571428562,0.0,9.289999999999964,0.0,1.1077421003321664,,1.0,-1.0
2026-09-17 15:50:00,2026-09-17 16:33:00,LONG,4366.635,5.412857142857449,5.859999999999673,6.900000000000546,1.0826075481656212,1.274742676167883,11.0,43.0,-1.0
2026-09-17 18:10:00,2026-09-17 18:19:00,LONG,4364.365,3.4057142857144362,1.0399999999999636,4.239999999999782,0.3053691275167543,1.244966442952901,6.0,9.0,-1.0
2026-09-17 22:15:00,2026-09-17 22:16:00,SHORT,4341.687,2.6269285714287696,0.0,3.1580000000003565,0.0,1.2021643962259472,,1.0,-1.0
2026-09-18 00:20:00,2026-09-18 00:21:00,LONG,4355.685,3.577071428571539,0.0,4.940000000000509,0.0,1.381017991573414,,1.0,-1.0
2026-09-18 03:00:00,2026-09-18 03:14:00,LONG,4348.895,4.4157142857142,2.869999999999891,4.960000000000036,0.6499514720155168,1.1232610805564842,5.0,14.0,-1.0
2026-09-18 13:20:00,2026-09-18 13:36:00,SHORT,4365.045,6.295000000000073,10.230000000000473,4.239999999999782,1.6250992851469983,0.6735504368546041,16.0,1.0,1.5
2026-09-18 14:55:00,2026-09-18 16:09:00,SHORT,4352.755,7.2228571428572,5.020000000000437,7.269999999999527,0.6950158227848651,1.0065268987341038,17.0,74.0,-1.0
2026-09-18 19:45:00,2026-09-18 19:52:00,LONG,4381.875,2.985714285714234,1.1099999999996726,4.0,0.37177033492812644,1.3397129186603103,2.0,7.0,-1.0
2026-09-18 20:00:00,2026-09-18 20:12:00,LONG,4377.665,3.109285714285631,5.279999999999745,1.2799999999997453,1.698139214334905,0.4116701125659755,12.0,3.0,1.5
2026-09-20 23:50:00,2026-09-21 00:01:00,SHORT,4370.555,2.6350000000000233,3.9600000000000364,2.4799999999995634,1.5028462998102472,0.9411764705880613,11.0,3.0,1.5
2026-09-21 01:15:00,2026-09-21 02:14:00,SHORT,4377.525,6.028571428571338,9.529999999999745,5.520000000000437,1.580805687203773,0.9156398104266265,59.0,1.0,1.5
2026-09-21 01:40:00,2026-09-21 02:01:00,LONG,4379.015,5.97000000000006,3.589999999999236,6.079999999999927,0.6013400335007035,1.0184254606364935,8.0,21.0,-1.0
2026-09-21 03:45:00,2026-09-21 03:46:00,SHORT,4362.855,4.761428571428561,0.0,4.920000000000073,0.0,1.0333033303330508,,1.0,-1.0
2026-09-21 05:40:00,2026-09-21 06:19:00,SHORT,4354.215,3.9035714285715324,5.960000000000036,3.3499999999994543,1.5268069533394015,0.8581884720949884,39.0,1.0,1.5
2026-09-21 13:20:00,2026-09-21 13:30:00,LONG,4365.175,6.132857142857184,4.329999999999927,6.550000000000182,0.7060330771022428,1.0680177032378515,6.0,10.0,-1.0
2026-09-21 17:30:00,2026-09-21 17:31:00,SHORT,4338.415,3.6128571428572025,0.0,4.170000000000073,0.0,1.1542111506524328,,1.0,-1.0
2026-09-21 19:55:00,2026-09-21 20:16:00,SHORT,4344.655,3.040714285714265,4.569999999999709,1.5799999999999272,1.5029363401455569,0.5196147521728713,21.0,3.0,1.5
2026-09-21 23:35:00,2026-09-21 23:36:00,LONG,4364.557,4.284785714285655,0.0,5.630000000000109,0.0,1.3139513561272045,,1.0,-1.0
2026-09-22 03:40:00,2026-09-22 04:03:00,SHORT,4342.615,4.642142857143101,8.079999999999927,3.4200000000000728,1.7405754731496081,0.7367287274965149,23.0,2.0,1.5
2026-09-22 07:40:00,2026-09-22 07:46:00,SHORT,4310.595,4.744285714285785,1.8200000000006185,5.119999999999891,0.3836193917495977,1.0791930141523247,4.0,6.0,-1.0
2026-09-22 09:25:00,2026-09-22 09:47:00,SHORT,4314.255,8.49214285714301,2.6400000000003274,8.5,0.3108755992934975,1.0009252249978793,11.0,22.0,-1.0
2026-09-22 22:00:00,2026-09-22 23:49:00,LONG,4362.825,2.9621428571429402,2.2799999999997453,3.6099999999996726,0.769713045575007,1.2187123221604532,29.0,109.0,-1.0
2026-09-22 22:10:00,2026-09-22 22:50:00,LONG,4363.945,2.9971428571429897,1.1599999999998545,3.9299999999993815,0.3870352716872556,1.3112488083886775,19.0,40.0,-1.0
2026-09-22 23:15:00,2026-09-22 23:16:00,LONG,4364.645,2.382142857142753,0.0,4.330000000000837,0.0,1.8176911544232193,,1.0,-1.0
2026-09-23 06:50:00,2026-09-23 07:07:00,SHORT,4333.245,3.393571428571509,5.109999999999673,2.7700000000004366,1.5057882551040565,0.816249210692595,17.0,1.0,1.5
2026-09-23 07:05:00,2026-09-23 07:26:00,SHORT,4328.275,3.394999999999982,5.489999999999782,2.5799999999999272,1.6170839469807985,0.7599410898379797,21.0,1.0,1.5
2026-09-23 11:30:00,2026-09-23 11:39:00,SHORT,4301.995,3.7600000000000233,7.529999999999745,1.5,2.002659574468005,0.3989361702127635,9.0,6.0,1.5
2026-09-23 16:40:00,2026-09-23 16:52:00,SHORT,4286.055,4.033571428571447,6.579999999999927,1.8299999999999272,1.6313086594651773,0.453692225960667,12.0,4.0,1.5
2026-09-23 17:00:00,2026-09-23 17:01:00,SHORT,4278.155,4.086428571428704,0.0,7.5,0.0,1.8353434714210206,,1.0,-1.0
2026-09-23 18:35:00,2026-09-23 18:55:00,SHORT,4284.875,4.493571428571419,2.2299999999995634,4.829999999999927,0.4962645048480998,1.0748688602765717,10.0,20.0,-1.0
2026-09-23 20:30:00,2026-09-23 20:31:00,SHORT,4282.415,3.15214285714293,0.0,3.430000000000291,0.0,1.0881486517109216,,1.0,-1.0
2026-09-24 03:40:00,2026-09-24 03:41:00,SHORT,4281.335,3.815714285714356,0.0,3.819999999999709,0.0,1.001123174840789,,1.0,-1.0
2026-09-24 05:25:00,2026-09-24 05:31:00,LONG,4290.285,3.0964285714284023,0.4000000000005457,5.380000000000109,0.12918108419856852,1.7374855824684117,5.0,6.0,-1.0
2026-09-24 06:25:00,2026-09-24 06:46:00,SHORT,4281.695,4.572857142857174,7.259999999999309,3.1400000000003274,1.5876288659792195,0.6866604186192484,21.0,2.0,1.5
2026-09-24 23:00:00,2026-09-24 23:51:00,LONG,4272.375,3.1257142857143663,3.1899999999996,3.2200000000002547,1.0205667276049646,1.0301645338208958,39.0,51.0,-1.0
2026-09-24 23:10:00,2026-09-24 23:30:00,LONG,4273.045,2.6192857142857844,1.699999999999818,2.7600000000002183,0.6490319061902595,1.0537223888737939,9.0,20.0,-1.0
2026-09-25 00:55:00,2026-09-25 00:56:00,LONG,4278.145,3.7778571428571013,0.0,4.400000000000546,0.0,1.1646814142561603,,1.0,-1.0
2026-09-25 07:55:00,2026-09-25 08:03:00,LONG,4279.515,4.239999999999911,2.119999999999891,4.780000000000655,0.49999999999998473,1.1273584905662157,2.0,8.0,-1.0
2026-09-25 15:05:00,2026-09-25 15:30:00,SHORT,4275.455,7.407142857142974,2.930000000000291,9.88000000000011,0.39556412729029344,1.3338476374156156,15.0,25.0,-1.0
2026-09-25 15:15:00,2026-09-25 15:16:00,SHORT,4274.755,6.0257142857143275,0.0,6.599999999999454,0.0,1.0953058321478393,,1.0,-1.0
2026-09-25 18:30:00,2026-09-25 18:39:00,LONG,4291.955,4.258571428571356,1.819999999999709,4.829999999999927,0.4273733646426763,1.1341831600134205,5.0,9.0,-1.0
2026-09-25 20:05:00,2026-09-25 20:25:00,LONG,4290.765,3.4985714285713976,0.4899999999997817,3.530000000000655,0.1400571661902206,1.0089832584730423,5.0,20.0,-1.0
2026-09-28 10:55:00,2026-09-28 11:00:00,SHORT,4155.205,3.992857142857052,0.3999999999996362,5.180000000000291,0.10017889087647647,1.2973166368516231,5.0,5.0,-1.0
2026-09-28 22:30:00,2026-09-28 23:23:00,SHORT,4122.535,3.2399999999999767,2.630000000000109,3.4400000000005093,0.811728395061768,1.0617283950618932,29.0,53.0,-1.0
2026-09-28 22:50:00,2026-09-28 23:11:00,SHORT,4121.295,3.1235714285713976,1.3900000000003274,3.350000000000364,0.4450034301396016,1.0724902812715655,9.0,21.0,-1.0
2026-09-29 07:15:00,2026-09-29 07:31:00,LONG,4145.325,3.72285714285707,3.4099999999998545,4.729999999999563,0.9159631619339773,1.2705295471986797,10.0,16.0,-1.0
2026-09-29 12:00:00,2026-09-29 12:11:00,LONG,4157.555,4.2071428571428315,0.9899999999997817,6.3200000000006185,0.2353140916807645,1.5022071307302072,4.0,11.0,-1.0
2026-09-29 13:35:00,2026-09-29 13:44:00,LONG,4159.495,5.137142857142927,3.5399999999999636,5.989999999999782,0.6890989988876365,1.1660177975527781,7.0,9.0,-1.0
2026-09-29 14:00:00,2026-09-29 14:21:00,LONG,4164.965,6.0542857142856,9.63000000000011,3.9899999999997817,1.5906087777253903,0.6590372817366447,21.0,2.0,1.5
2026-09-29 23:40:00,2026-09-29 23:45:00,LONG,4179.715,1.7528571428570754,3.0100000000002183,1.0900000000001455,1.7171964140181206,0.621841890790653,5.0,1.0,1.5
2026-09-30 03:55:00,2026-09-30 04:04:00,SHORT,4172.355,3.2935714285714703,0.1999999999998181,3.3400000000001455,0.06072435480367421,1.0140967252223259,4.0,9.0,-1.0
2026-09-30 06:50:00,2026-09-30 06:51:00,LONG,4190.875,4.339999999999951,0.0,7.399999999999636,0.0,1.7050691244238985,,1.0,-1.0
2026-09-30 18:40:00,2026-09-30 19:21:00,SHORT,4151.915,3.0321428571427793,2.819999999999709,3.8599999999996726,0.9300353356889738,1.27302709069486,33.0,41.0,-1.0
