entry_time,side,entry,atr,ema20,ema50,distance_ema20,distance_ema50,abs_distance_ema20,abs_distance_ema50,distance_ema20_atr,distance_ema50_atr,abs_distance_ema20_atr,abs_distance_ema50_atr,rsi14,hour,minute,session,pattern,ema50_reaction,nearest_news_time,nearest_news_event,nearest_news_impact,nearest_news_minutes,news_within_15m,news_within_30m,news_within_60m,news_within_120m,high_impact_within_15m,high_impact_within_30m,high_impact_within_60m,high_impact_within_120m
2023-10-02 16:05:00,SHORT,1831.315,1.7472857142857623,1831.9296180296406,1833.0146464452087,-0.6146180296404964,-1.6996464452086002,0.6146180296404964,1.6996464452086002,-0.3517558832052454,-0.9727352723783725,0.3517558832052454,0.9727352723783725,47.07283982200852,16,5,NEW_YORK,BEARISH_ENGULFING,False,,,,,,,,,,,,
2023-10-04 09:30:00,LONG,1822.585,0.9050714285713995,1822.2288932939964,1821.6563626150419,0.35610670600362937,0.9286373849581651,0.35610670600362937,0.9286373849581651,0.3934570187081502,1.026037675748933,0.3934570187081502,1.026037675748933,54.80239206678143,9,30,LONDON,BULLISH_ENGULFING,False,,,,,,,,,,,,
2023-10-04 09:45:00,LONG,1822.795,0.886928571428533,1822.3191393049913,1821.7596548484148,0.4758606950088051,1.0353451515852612,0.4758606950088051,1.0353451515852612,0.5365265144659387,1.1673376920507599,0.5365265144659387,1.1673376920507599,56.43970548152877,9,45,LONDON,BULLISH_ENGULFING,False,,,,,,,,,,,,
2023-10-09 09:55:00,LONG,1851.105,0.7590714285714577,1850.7845511860014,1850.5436888687452,0.3204488139986097,0.5613111312547971,0.3204488139986097,0.5613111312547971,0.42215897205047176,0.7394707666855047,0.42215897205047176,0.7394707666855047,53.95866262907046,9,55,LONDON,BULLISH_ENGULFING,False,,,,,,,,,,,,
2023-10-09 13:05:00,SHORT,1847.115,1.740785714285721,1848.1765585430032,1849.128035751636,-1.0615585430032297,-2.0130357516359254,1.0615585430032297,2.0130357516359254,-0.6098157483092675,-1.1563949170285521,0.6098157483092675,1.1563949170285521,41.9236168104309,13,5,NEW_YORK,BEARISH_ENGULFING,False,,,,,,,,,,,,
2023-10-10 18:00:00,LONG,1859.175,1.2445714285714433,1859.8896394892713,1859.210835050161,-0.7146394892713488,-0.03583505016104027,0.7146394892713488,0.03583505016104027,-0.5742052829315177,-0.028793084381000797,0.5742052829315177,0.028793084381000797,46.68680944950121,18,0,NY_LATE,BULLISH_ENGULFING,False,,,,,,,,,,,,
2023-10-10 23:35:00,LONG,1860.155,0.3473571428570982,1859.9835703733756,1859.8300627746119,0.17142962662433092,0.324937225388112,0.17142962662433092,0.324937225388112,0.4935255547482915,0.9354557177532702,0.4935255547482915,0.9354557177532702,54.216937919646355,23,35,OFF,BULLISH_ENGULFING,False,,,,,,,,,,,,
2023-10-15 22:50:00,SHORT,1924.815,2.843142857142863,1926.0632192575802,1926.140700089277,-1.2482192575801037,-1.3257000892770066,1.2482192575801037,1.3257000892770066,-0.4390279772415188,-0.46627980227811405,0.4390279772415188,0.46627980227811405,44.28320177464204,22,50,OFF,BEARISH_ENGULFING,False,,,,,,,,,,,,
2023-10-17 04:50:00,SHORT,1915.125,0.6524285714285563,1915.3688866463217,1915.7312876462734,-0.2438866463216982,-0.6062876462733584,0.2438866463216982,0.6062876462733584,-0.3738135590654537,-0.9292781966090666,0.3738135590654537,0.9292781966090666,47.81264156904843,4,50,ASIA,BEARISH_ENGULFING,False,,,,,,,,,,,,
2023-10-17 15:50:00,LONG,1926.208,1.588571428571413,1925.2669318868275,1924.8774908264465,0.9410681131726051,1.330509173553537,0.9410681131726051,1.330509173553537,0.592398992105063,0.8375507387477383,0.592398992105063,0.8375507387477383,54.19097102176623,15,50,NEW_YORK,BULLISH_ENGULFING,False,,,,,,,,,,,,
2023-10-18 08:50:00,LONG,1938.735,1.1097857142856842,1938.1410787533591,1937.5156177617753,0.5939212466407753,1.2193822382246253,0.5939212466407753,1.2193822382246253,0.5351675003521323,1.09875467176065,0.5351675003521323,1.09875467176065,54.900819802019576,8,50,LONDON,BULLISH_ENGULFING,False,,,,,,,,,,,,
2023-10-18 22:55:00,SHORT,1949.555,0.8035714285714286,1949.6557057636353,1949.803388976371,-0.10070576363523287,-0.24838897637096125,0.10070576363523287,0.24838897637096125,-0.1253227280794009,-0.3091062817060851,0.1253227280794009,0.3091062817060851,48.56458799296013,22,55,OFF,BEARISH_ENGULFING,False,,,,,,,,,,,,
2023-10-23 15:10:00,SHORT,1977.335,1.7659285714285358,1976.602168648381,1976.9507438955034,0.7328313516190974,0.38425610449667147,0.7328313516190974,0.38425610449667147,0.4149835749167808,0.2175943640720588,0.4149835749167808,0.2175943640720588,52.270419236523395,15,10,NEW_YORK,BEARISH_ENGULFING,False,,,,,,,,,,,,
2023-10-23 17:50:00,SHORT,1976.775,1.6329285714286275,1976.209571011827,1976.3949683887658,0.5654289881731529,0.38003161123424434,0.5654289881731529,0.38003161123424434,0.34626682272970866,0.23273008867850217,0.34626682272970866,0.23273008867850217,52.465634601763746,17,50,NEW_YORK,BEARISH_ENGULFING,False,,,,,,,,,,,,
2023-10-24 03:30:00,LONG,1977.855,1.1685714285714215,1977.4564098863384,1976.4897123379478,0.3985901136616121,1.3652876620521965,0.3985901136616121,1.3652876620521965,0.3410917843070051,1.1683390751057987,0.3410917843070051,1.1683390751057987,53.01862943057889,3,30,ASIA,BULLISH_ENGULFING,False,,,,,,,,,,,,
2023-10-27 16:15:00,SHORT,1980.595,1.3242857142856954,1981.029552883383,1981.9379830229384,-0.43455288338304854,-1.3429830229383697,0.43455288338304854,1.3429830229383697,-0.32814133588795935,-1.0141187875478663,0.32814133588795935,1.0141187875478663,46.99290739195849,16,15,NEW_YORK,BEARISH_ENGULFING,False,,,,,,,,,,,,
2023-10-30 01:50:00,LONG,2004.075,1.1074285714285483,2003.6622337516828,2003.0085765166123,0.41276624831721165,1.06642348338778,0.41276624831721165,1.06642348338778,0.37272494043092647,0.9629727017175717,0.37272494043092647,0.9629727017175717,53.33508067836441,1,50,ASIA,BULLISH_ENGULFING,False,,,,,,,,,,,,
2023-10-30 04:10:00,SHORT,2002.195,0.7069285714285668,2002.4247112603982,2002.7091015049643,-0.2297112603982896,-0.5141015049644011,0.2297112603982896,0.5141015049644011,-0.32494267410084626,-0.7272326027585796,0.32494267410084626,0.7272326027585796,45.28824072757016,4,10,ASIA,BEARISH_ENGULFING,False,,,,,,,,,,,,
2023-10-30 23:45:00,SHORT,1995.425,0.6347857142857265,1995.3006324640346,1995.9343844640437,0.124367535965348,-0.5093844640437055,0.124367535965348,0.5093844640437055,0.1959205022521479,-0.8024510517173107,0.1959205022521479,0.8024510517173107,49.73049942139692,23,45,OFF,BEARISH_ENGULFING,False,,,,,,,,,,,,
2023-10-31 09:15:00,LONG,1996.885,1.2645714285713925,1996.3737195989177,1995.4902117629772,0.5112804010823311,1.3947882370227944,0.5112804010823311,1.3947882370227944,0.40431120736290327,1.1029730749163849,0.40431120736290327,1.1029730749163849,56.417011457838306,9,15,LONDON,BULLISH_ENGULFING,False,,,,,,,,,,,,
2023-11-01 09:45:00,LONG,1981.195,1.2175714285714159,1980.898783300338,1979.976210505139,0.2962166996619544,1.2187894948608573,0.2962166996619544,1.2187894948608573,0.2432848642066998,1.001000406432722,0.2432848642066998,1.001000406432722,54.144558145683604,9,45,LONDON,BULLISH_ENGULFING,False,,,,,,,,,,,,
2023-11-01 18:25:00,SHORT,1978.555,1.6613571428571763,1978.6712104593569,1980.0587479793287,-0.1162104593568074,-1.5037479793286366,0.1162104593568074,1.5037479793286366,-0.06994911350424657,-0.9051322804334017,0.06994911350424657,0.9051322804334017,47.895497998031765,18,25,NY_LATE,BEARISH_ENGULFING,False,,,,,,,,,,,,
2023-11-02 14:55:00,SHORT,1984.198,1.8763571428571109,1984.48364034241,1985.8601951652781,-0.2856403424098062,-1.6621951652780353,0.2856403424098062,1.6621951652780353,-0.1522313294658097,-0.8858628921501729,0.1522313294658097,0.8858628921501729,46.43212615717685,14,55,NEW_YORK,BEARISH_ENGULFING,False,,,,,,,,,,,,
2023-11-02 16:55:00,SHORT,1981.725,1.369285714285752,1981.810154650979,1983.2466998573886,-0.08515465097912056,-1.5216998573887395,0.08515465097912056,1.5216998573887395,-0.062189103479794214,-1.111309233356378,0.062189103479794214,1.111309233356378,47.43610139587263,16,55,NEW_YORK,BEARISH_ENGULFING,False,,,,,,,,,,,,
2023-11-02 17:10:00,SHORT,1982.408,1.2997857142857387,1981.9914768114743,1983.163535650104,0.4165231885256162,-0.7555356501040933,0.4165231885256162,0.7555356501040933,0.32045527501008503,-0.5812770842148215,0.32045527501008503,0.5812770842148215,51.3331579346324,17,10,NEW_YORK,BEARISH_ENGULFING,False,,,,,,,,,,,,
2023-11-03 05:15:00,LONG,1986.245,0.4771428571428617,1985.984238949662,1985.7679291386949,0.2607610503378055,0.4770708613050374,0.2607610503378055,0.4770708613050374,0.5465051953187489,0.99984911051953,0.5465051953187489,0.99984911051953,54.52489922595325,5,15,ASIA,BULLISH_ENGULFING,False,,,,,,,,,,,,
2023-11-03 12:05:00,SHORT,1987.275,0.7857142857142857,1987.8152478621994,1987.8815301503848,-0.5402478621992941,-0.6065301503847422,0.5402478621992941,0.6065301503847422,-0.6875881882536471,-0.7719474641260355,0.6875881882536471,0.7719474641260355,43.99573657835164,12,5,LONDON,BEARISH_ENGULFING,False,,,,,,,,,,,,
2023-11-06 06:20:00,SHORT,1984.465,1.007857142857087,1984.3325754653295,1985.48480037679,0.1324245346704629,-1.0198003767900445,0.1324245346704629,1.0198003767900445,0.13139216763902078,-1.0118501258016595,0.13139216763902078,1.0118501258016595,49.67085839213694,6,20,ASIA,BEARISH_ENGULFING,False,,,,,,,,,,,,
2023-11-09 23:05:00,SHORT,1958.098,0.48064285714286015,1958.207957444135,1958.6406265380833,-0.10995744413503417,-0.5426265380833684,0.10995744413503417,0.5426265380833684,-0.22877161805475832,-1.1289599544014133,0.22877161805475832,1.1289599544014133,46.44207460173458,23,5,OFF,BEARISH_ENGULFING,False,,,,,,,,,,,,
2023-11-10 04:15:00,LONG,1958.525,0.5657142857142746,1958.8939695261843,1958.8441537056729,-0.36896952618417345,-0.31915370567276113,0.36896952618417345,0.31915370567276113,-0.6522188594164811,-0.5641605908356999,0.6522188594164811,0.5641605908356999,45.97986198496571,4,15,ASIA,BULLISH_ENGULFING,False,,,,,,,,,,,,
2023-11-10 14:10:00,SHORT,1946.525,1.7588571428571609,1946.314183155736,1948.3534897684463,0.2108168442641727,-1.8284897684461612,0.2108168442641727,1.8284897684461612,0.11986012913005147,-1.0395896994089504,0.11986012913005147,1.0395896994089504,48.85309099930778,14,10,NEW_YORK,BEARISH_ENGULFING,False,,,,,,,,,,,,
2023-11-13 01:55:00,LONG,1940.225,0.9776428571428823,1939.5120981015868,1939.0724936662339,0.7129018984130653,1.1525063337660413,0.7129018984130653,1.1525063337660413,0.7292048350831195,1.1788623272246777,0.7292048350831195,1.1788623272246777,56.06539947962719,1,55,ASIA,BULLISH_ENGULFING,False,,,,,,,,,,,,
2023-11-13 13:50:00,SHORT,1935.935,1.50014285714287,1936.4642432351013,1937.0292711693664,-0.5292432351013758,-1.0942711693664933,0.5292432351013758,1.0942711693664933,-0.35279522385578505,-0.7294446419927042,0.35279522385578505,0.7294446419927042,45.81032504672709,13,50,NEW_YORK,BEARISH_ENGULFING,False,,,,,,,,,,,,
2023-11-13 15:30:00,SHORT,1934.978,1.7275714285714068,1935.0445800202408,1935.7702305184293,-0.0665800202407354,-0.7922305184292782,0.0665800202407354,0.7922305184292782,-0.03853966275408531,-0.45858047043785805,0.03853966275408531,0.45858047043785805,48.77237792892148,15,30,NEW_YORK,BEARISH_ENGULFING,False,,,,,,,,,,,,
2023-11-15 23:50:00,SHORT,1960.015,0.5214285714286494,1960.221170891222,1960.5481593685947,-0.20617089122197285,-0.5331593685946245,0.20617089122197285,0.5331593685946245,-0.3953962297407107,-1.0224974192224148,0.3953962297407107,1.0224974192224148,46.74468699611987,23,50,OFF,BEARISH_ENGULFING,False,,,,,,,,,,,,
2023-11-16 10:05:00,LONG,1966.505,0.7041428571428696,1966.7861302689184,1965.9323114429312,-0.28113026891833215,0.5726885570688864,0.28113026891833215,0.5726885570688864,-0.3992517513548976,0.8133130248492867,0.3992517513548976,0.8133130248492867,48.283256289528225,10,5,LONDON,BULLISH_ENGULFING,False,,,,,,,,,,,,
2023-11-17 01:40:00,LONG,1983.385,1.0067142857143219,1983.3649179429572,1982.6639723392705,0.020082057042827728,0.7210276607295327,0.020082057042827728,0.7210276607295327,0.01994811966791387,0.716218763318653,0.01994811966791387,0.716218763318653,52.141038878391285,1,40,ASIA,BULLISH_ENGULFING,False,,,,,,,,,,,,
2023-11-17 08:15:00,LONG,1985.645,1.147428571428577,1985.1473393087613,1984.8251009067524,0.49766069123870693,0.8198990932476136,0.49766069123870693,0.8198990932476136,0.4337182319062415,0.7145534926211737,0.4337182319062415,0.7145534926211737,54.190551781632635,8,15,LONDON,BULLISH_ENGULFING,False,,,,,,,,,,,,
2023-11-21 08:25:00,LONG,1992.615,1.1412142857142595,1992.140198741656,1991.4928698386116,0.4748012583440868,1.1221301613884407,0.4748012583440868,1.1221301613884407,0.4160491717354552,0.983277352408996,0.4160491717354552,0.983277352408996,54.54482957770907,8,25,LONDON,BULLISH_ENGULFING,False,,,,,,,,,,,,
2023-11-21 23:25:00,SHORT,1999.065,0.5339999999999918,1998.715893675918,1998.9286131336974,0.3491063240819585,0.13638686630270058,0.3491063240819585,0.13638686630270058,0.6537571612021795,0.25540611667172786,0.6537571612021795,0.25540611667172786,53.18943216697875,23,25,OFF,BEARISH_ENGULFING,False,,,,,,,,,,,,
2023-11-23 14:20:00,SHORT,1992.125,0.7680714285713748,1992.6562545328618,1993.0429135635577,-0.5312545328617944,-0.917913563557704,0.5312545328617944,0.917913563557704,-0.6916733432591502,-1.1950888021769512,0.6916733432591502,1.1950888021769512,42.798320864922324,14,20,NEW_YORK,BEARISH_ENGULFING,False,,,,,,,,,,,,
2023-11-23 14:50:00,SHORT,1993.295,0.8466428571428618,1992.9539526272704,1993.0917835032424,0.3410473727296903,0.2032164967577046,0.3410473727296903,0.2032164967577046,0.40282318554084523,0.2400262342535939,0.40282318554084523,0.2400262342535939,53.275927684731236,14,50,NEW_YORK,BEARISH_ENGULFING,False,,,,,,,,,,,,
2023-11-24 00:30:00,LONG,1993.445,0.5834285714285637,1993.3662424575507,1992.9329076914566,0.07875754244923883,0.5120923085432878,0.07875754244923883,0.5120923085432878,0.1349908905839077,0.8777292262005538,0.1349908905839077,0.8777292262005538,52.76748918305031,0,30,ASIA,BULLISH_ENGULFING,False,,,,,,,,,,,,
2023-11-24 00:40:00,LONG,1993.565,0.5870000000000053,1993.387649721487,1992.9751062542052,0.17735027851313134,0.589893745794825,0.17735027851313134,0.589893745794825,0.3021299463596759,1.0049297202637473,0.3021299463596759,1.0049297202637473,54.21026839055947,0,40,ASIA,BULLISH_ENGULFING,False,,,,,,,,,,,,
2023-11-24 17:05:00,LONG,1999.938,0.9899999999999766,1999.426574371803,1998.9399445910174,0.5114256281970029,0.9980554089827365,0.5114256281970029,0.9980554089827365,0.5165915436333485,1.0081367767502627,0.5165915436333485,1.0081367767502627,53.65953877309011,17,5,NEW_YORK,BULLISH_ENGULFING,False,,,,,,,,,,,,
2023-11-27 08:05:00,LONG,2011.025,0.9059999999999816,2010.5424454955835,2010.3434546739397,0.48255450441661196,0.681545326060359,0.48255450441661196,0.681545326060359,0.5326208658020107,0.7522575342829723,0.5326208658020107,0.7522575342829723,53.74330451909513,8,5,LONDON,BULLISH_ENGULFING,False,,,,,,,,,,,,
2023-11-27 17:30:00,SHORT,2009.755,1.2476428571428804,2009.690014153795,2010.5252132749904,0.06498584620521797,-0.770213274990283,0.06498584620521797,0.770213274990283,0.05208689797177733,-0.6173347369247015,0.05208689797177733,0.6173347369247015,49.261503357446685,17,30,NEW_YORK,BEARISH_ENGULFING,False,,,,,,,,,,,,
2023-11-28 06:50:00,LONG,2015.815,0.7978571428571318,2015.4753276185331,2015.3442711951352,0.3396723814669258,0.4707288048648479,0.3396723814669258,0.4707288048648479,0.4257308272638341,0.5899913400275705,0.4257308272638341,0.5899913400275705,53.869417971678715,6,50,ASIA,BULLISH_ENGULFING,False,,,,,,,,,,,,
2023-11-29 16:55:00,LONG,2042.035,1.2914999999999768,2041.3983360707039,2041.1457100538612,0.6366639292962191,0.8892899461388879,0.6366639292962191,0.8892899461388879,0.49296471490223037,0.6885713868671343,0.49296471490223037,0.6885713868671343,53.11053485475884,16,55,NEW_YORK,BULLISH_ENGULFING,False,,,,,,,,,,,,
2023-11-30 08:10:00,LONG,2044.945,1.0437857142857507,2044.2166385801052,2044.1212266751602,0.7283614198947816,0.823773324839749,0.7283614198947816,0.823773324839749,0.6978074234261676,0.7892168991826513,0.6978074234261676,0.7892168991826513,55.26370821580476,8,10,LONDON,BULLISH_ENGULFING,False,,,,,,,,,,,,
2023-11-30 12:45:00,SHORT,2037.725,1.0799999999999759,2037.9311744982872,2039.0050303927976,-0.2061744982872824,-1.2800303927976984,0.2061744982872824,1.2800303927976984,-0.19090231322896944,-1.185213326664562,0.19090231322896944,1.185213326664562,46.98338456480873,12,45,LONDON,BEARISH_ENGULFING,False,,,,,,,,,,,,
2023-11-30 15:00:00,SHORT,2035.465,2.6364285714285773,2036.6453505664936,2037.792682315864,-1.1803505664936438,-2.3276823158641946,1.1803505664936438,2.3276823158641946,-0.44770815309972845,-0.8828922357653387,0.44770815309972845,0.8828922357653387,44.398588602836085,15,0,NEW_YORK,BEARISH_ENGULFING,False,,,,,,,,,,,,
2023-11-30 16:30:00,SHORT,2038.195,1.8269285714286039,2037.1419426630266,2037.302514696156,1.0530573369733247,0.8924853038438414,1.0530573369733247,0.8924853038438414,0.5764085982572735,0.4885168023542072,0.5764085982572735,0.4885168023542072,54.2516563148346,16,30,NEW_YORK,BEARISH_ENGULFING,False,,,,,,,,,,,,
2023-12-05 17:50:00,SHORT,2017.278,1.9061428571428354,2017.2670019844938,2018.8503007971797,0.010998015506174852,-1.5723007971796505,0.010998015506174852,1.5723007971796505,0.005769775053827838,-0.8248598950953818,0.005769775053827838,0.8248598950953818,49.44931555377118,17,50,NEW_YORK,BEARISH_ENGULFING,False,,,,,,,,,,,,
2023-12-06 01:45:00,LONG,2020.975,1.1835714285714403,2020.3244947685027,2019.8077445741656,0.6505052314971635,1.1672554258343553,0.6505052314971635,1.1672554258343553,0.5496121448980205,0.9862146023947382,0.5496121448980205,0.9862146023947382,56.56805005441213,1,45,ASIA,BULLISH_ENGULFING,False,,,,,,,,,,,,
2023-12-07 15:40:00,SHORT,2028.255,2.4387857142856677,2029.6504526515964,2031.0737154008427,-1.3954526515963153,-2.8187154008426205,1.3954526515963153,2.8187154008426205,-0.5721915801877042,-1.155786416301949,0.5721915801877042,1.155786416301949,42.78525171147929,15,40,NEW_YORK,BEARISH_ENGULFING,False,,,,,,,,,,,,
2023-12-08 06:35:00,SHORT,2029.565,1.0842857142856863,2030.3221928603643,2030.7208510238695,-0.7571928603642846,-1.1558510238694453,0.7571928603642846,1.1558510238694453,-0.6983333363043648,-1.066002261803205,0.6983333363043648,1.066002261803205,41.10087401858434,6,35,ASIA,BEARISH_ENGULFING,False,,,,,,,,,,,,
2023-12-08 08:45:00,SHORT,2029.015,1.189499999999969,2029.6004876495772,2030.0539784465782,-0.5854876495770895,-1.038978446578085,0.5854876495770895,1.038978446578085,-0.4922132405019797,-0.8734581307928643,0.4922132405019797,0.8734581307928643,44.854463644355604,8,45,LONDON,BEARISH_ENGULFING,False,,,,,,,,,,,,
2023-12-08 13:20:00,SHORT,2027.705,1.134142857142852,2028.3867486446898,2028.892873448631,-0.6817486446898329,-1.1878734486310805,0.6817486446898329,1.1878734486310805,-0.6011135549601778,-1.0473755057838017,0.6011135549601778,1.0473755057838017,43.75696883279915,13,20,NEW_YORK,BEARISH_ENGULFING,False,,,,,,,,,,,,
2023-12-13 14:35:00,LONG,1983.245,2.0741428571428093,1983.0468858330157,1982.3652502270372,0.19811416698416906,0.8797497729626684,0.19811416698416906,0.8797497729626684,0.09551616288237588,0.4241510028747724,0.09551616288237588,0.4241510028747724,52.2628220430372,14,35,NEW_YORK,BULLISH_ENGULFING,False,,,,,,,,,,,,
2023-12-13 17:30:00,LONG,1982.675,1.1142857142857403,1981.9764763567518,1981.8128926895133,0.6985236432481088,0.8621073104866355,0.6985236432481088,0.8621073104866355,0.6268801926585446,0.7736860478726035,0.6268801926585446,0.7736860478726035,54.92750125362442,17,30,NEW_YORK,BULLISH_ENGULFING,False,,,,,,,,,,,,
2023-12-14 04:15:00,LONG,2031.895,1.329285714285756,2031.9562105751413,2030.5551485802946,-0.06121057514133099,1.3398514197053828,0.06121057514133099,1.3398514197053828,-0.046047719074616175,1.0079484081609227,0.046047719074616175,1.0079484081609227,49.58460045204284,4,15,ASIA,BULLISH_ENGULFING,False,,,,,,,,,,,,
2023-12-14 14:25:00,LONG,2037.335,2.7266428571428896,2035.8748201219332,2035.392811377363,1.4601798780668105,1.9421886226371043,1.4601798780668105,1.9421886226371043,0.5355229689292197,0.7123003357587598,0.5355229689292197,0.7123003357587598,55.23130267759835,14,25,NEW_YORK,BULLISH_ENGULFING,False,,,,,,,,,,,,
2023-12-15 14:35:00,SHORT,2033.185,3.9122142857143314,2035.2436829612443,2037.8106787765926,-2.058682961244358,-4.625678776592622,2.058682961244358,4.625678776592622,-0.5262193762651891,-1.1823684590804613,0.5262193762651891,1.1823684590804613,42.1442641796234,14,35,NEW_YORK,BEARISH_ENGULFING,False,,,,,,,,,,,,
2023-12-18 00:50:00,SHORT,2019.525,1.1128571428571377,2018.7914070117345,2019.7176658260987,0.7335929882656274,-0.1926658260986187,0.7335929882656274,0.1926658260986187,0.6591978071706567,-0.1731271864814297,0.6591978071706567,0.1731271864814297,55.135496391408324,0,50,ASIA,BEARISH_ENGULFING,False,,,,,,,,,,,,
2023-12-18 14:25:00,LONG,2023.095,1.453571428571422,2023.751384562729,2023.3294628125166,-0.6563845627290448,-0.23446281251654,0.6563845627290448,0.23446281251654,-0.451566775341851,-0.16130119780007737,0.451566775341851,0.16130119780007737,46.82218416477743,14,25,NEW_YORK,BULLISH_ENGULFING,False,,,,,,,,,,,,
2023-12-19 00:25:00,LONG,2027.415,0.6493571428570866,2027.0341511484312,2026.6384416390642,0.38084885156877135,0.7765583609357236,0.38084885156877135,0.7765583609357236,0.5865013664022947,1.1958879169619485,0.5865013664022947,1.1958879169619485,56.32183406111164,0,25,ASIA,BULLISH_ENGULFING,False,,,,,,,,,,,,
2023-12-20 15:40:00,SHORT,2033.875,2.111714285714324,2034.6008093146404,2035.1927366763798,-0.7258093146404008,-1.317736676379809,0.7258093146404008,1.317736676379809,-0.3437062104236716,-0.6240127678702813,0.3437062104236716,0.6240127678702813,46.828113373224554,15,40,NEW_YORK,BEARISH_ENGULFING,False,,,,,,,,,,,,
2023-12-21 17:05:00,LONG,2042.065,1.3972142857142802,2041.8749416369667,2040.7092204408755,0.19005836303335855,1.355779559124585,0.19005836303335855,1.355779559124585,0.13602663884602167,0.9703447588438354,0.13602663884602167,0.9703447588438354,51.769051042845895,17,5,NEW_YORK,BULLISH_ENGULFING,False,,,,,,,,,,,,
2023-12-22 04:20:00,LONG,2049.668,0.9278571428571435,2049.150565678134,2048.8235805396403,0.5174343218659487,0.8444194603598589,0.5174343218659487,0.8444194603598589,0.5576659358062569,0.9100748610498859,0.5576659358062569,0.9100748610498859,54.06702300314631,4,20,ASIA,BULLISH_ENGULFING,False,,,,,,,,,,,,
2023-12-27 01:10:00,LONG,2065.905,0.9126428571428927,2065.525834215615,2064.9881529333866,0.37916578438535,0.9168470666136272,0.37916578438535,0.9168470666136272,0.41545910475030856,1.0046066316498616,0.41545910475030856,1.0046066316498616,55.18408700010911,1,10,ASIA,BULLISH_ENGULFING,False,,,,,,,,,,,,
2023-12-28 14:25:00,SHORT,2075.075,1.9787142857142694,2075.442198218281,2076.239654488829,-0.36719821828137356,-1.164654488829001,0.36719821828137356,1.164654488829001,-0.18557414829034988,-0.5885915400911901,0.18557414829034988,0.5885915400911901,47.74772935325487,14,25,NEW_YORK,BEARISH_ENGULFING,False,,,,,,,,,,,,
2023-12-29 04:40:00,LONG,2069.515,0.6704999999999798,2069.195750870931,2068.897000701719,0.319249129068794,0.6179992982806652,0.319249129068794,0.6179992982806652,0.4761359121085811,0.9216991771523996,0.4761359121085811,0.9216991771523996,53.736085328421424,4,40,ASIA,BULLISH_ENGULFING,False,,,,,,,,,,,,
2024-01-02 13:45:00,SHORT,2067.825,1.853785714285745,2068.2409961873664,2070.0249368773093,-0.4159961873665452,-2.199936877309483,0.4159961873665452,2.199936877309483,-0.22440359970452495,-1.186726632078459,0.22440359970452495,1.186726632078459,46.74728244894803,13,45,NEW_YORK,BEARISH_ENGULFING,False,,,,,,,,,,,,
2024-01-04 08:20:00,LONG,2047.675,1.2936428571428158,2047.3331401023106,2046.1291511385393,0.3418598976893463,1.5458488614606267,0.3418598976893463,1.5458488614606267,0.2642614194495611,1.1949579846750298,0.2642614194495611,1.1949579846750298,54.74803627913853,8,20,LONDON,BULLISH_ENGULFING,False,,,,,,,,,,,,
2024-01-04 16:10:00,LONG,2045.055,1.8942857142857292,2043.6528116385457,2043.5848664399962,1.402188361454364,1.4701335600038874,1.402188361454364,1.4701335600038874,0.7402201003152693,0.7760886063368877,0.7402201003152693,0.7760886063368877,56.39773606683563,16,10,NEW_YORK,BULLISH_ENGULFING,False,,,,,,,,,,,,
2024-01-05 08:20:00,SHORT,2042.455,1.239285714285724,2043.3738419142835,2043.8426440493208,-0.9188419142835755,-1.3876440493208975,0.9188419142835755,1.3876440493208975,-0.741428634004032,-1.1197127775499949,0.741428634004032,1.1197127775499949,42.48105235471367,8,20,LONDON,BEARISH_ENGULFING,False,,,,,,,,,,,,
2024-01-05 09:25:00,SHORT,2042.115,0.9928571428571331,2042.68309087722,2043.2678959017264,-0.5680908772199018,-1.1528959017264242,0.5680908772199018,1.1528959017264242,-0.5721778619481082,-1.1611901168467695,0.5721778619481082,1.1611901168467695,42.60455172438377,9,25,LONDON,BEARISH_ENGULFING,False,,,,,,,,,,,,
2024-01-05 16:30:00,LONG,2051.635,2.8045000000000266,2053.210621806185,2049.0479292942637,-1.5756218061846994,2.5870707057365507,1.5756218061846994,2.5870707057365507,-0.5618191500034532,0.9224712803481997,0.5618191500034532,0.9224712803481997,48.853198757609846,16,30,NEW_YORK,BULLISH_ENGULFING,False,,,,,,,,,,,,
2024-01-09 08:50:00,LONG,2034.105,1.3741428571428287,2033.7990318962402,2033.5843527576649,0.30596810375982386,0.5206472423351443,0.30596810375982386,0.5206472423351443,0.22266105897898028,0.3788887302574161,0.22266105897898028,0.3788887302574161,52.11965073235308,8,50,LONDON,BULLISH_ENGULFING,False,,,,,,,,,,,,
2024-01-09 09:00:00,LONG,2034.845,1.372214285714254,2033.92845921665,2033.6549138681867,0.9165407833500012,1.1900861318133593,0.9165407833500012,1.1900861318133593,0.6679283205923853,0.8672742619013801,0.6679283205923853,0.8672742619013801,56.593263135037795,9,0,LONDON,BULLISH_ENGULFING,False,,,,,,,,,,,,
2024-01-11 09:55:00,SHORT,2031.225,0.8837857142857339,2031.786868852077,2032.1515623257526,-0.5618688520771684,-0.926562325752684,0.5618688520771684,0.926562325752684,-0.6357523582866066,-1.048401564740749,0.6357523582866066,1.048401564740749,42.86726800349755,9,55,LONDON,BEARISH_ENGULFING,False,,,,,,,,,,,,
2024-01-12 18:35:00,SHORT,2046.755,1.5314285714285591,2046.4135834626395,2048.386312898268,0.34141653736060107,-1.631312898267879,0.34141653736060107,1.631312898267879,0.22293990312725995,-1.065222974615228,0.22293990312725995,1.065222974615228,48.58434675668235,18,35,NY_LATE,BEARISH_ENGULFING,False,,,,,,,,,,,,
2024-01-15 06:10:00,LONG,2054.515,0.804357142857108,2054.542478985808,2053.895683640182,-0.027478985808102152,0.6193163598177307,0.027478985808102152,0.6193163598177307,-0.034162667730525426,0.7699519614109409,0.034162667730525426,0.7699519614109409,50.15015186884894,6,10,ASIA,BULLISH_ENGULFING,False,,,,,,,,,,,,
2024-01-16 13:45:00,SHORT,2039.285,2.8295714285713984,2037.7297420270759,2039.2555159233082,1.5552579729242098,0.029484076691915106,1.5552579729242098,0.029484076691915106,0.549644358583813,0.010419979645751903,0.549644358583813,0.010419979645751903,53.04623769192684,13,45,NEW_YORK,BEARISH_ENGULFING,False,,,,,,,,,,,,
2024-01-17 21:00:00,SHORT,2005.735,0.7283571428571349,2005.5940932864314,2006.50858467605,0.1409067135684836,-0.7735846760501772,0.1409067135684836,0.7735846760501772,0.19345827105607452,-1.0620952696579973,0.19345827105607452,1.0620952696579973,51.28057621623703,21,0,NY_LATE,BEARISH_ENGULFING,False,,,,,,,,,,,,
2024-01-17 21:20:00,SHORT,2005.705,0.70121428571427,2005.6340470543705,2006.3895804223823,0.0709529456294149,-0.6845804223823961,0.0709529456294149,0.6845804223823961,0.10118582446896514,-0.9762784876595457,0.10118582446896514,0.9762784876595457,50.7594598544158,21,20,NY_LATE,BEARISH_ENGULFING,False,,,,,,,,,,,,
2024-01-18 04:40:00,SHORT,2007.848,0.6440000000000055,2008.2205581198957,2008.4291299653366,-0.37255811989575705,-0.5811299653366859,0.37255811989575705,0.5811299653366859,-0.578506397353655,-0.902375722572486,0.578506397353655,0.902375722572486,44.93851457863524,4,40,ASIA,BEARISH_ENGULFING,False,,,,,,,,,,,,
2024-01-18 13:30:00,LONG,2012.225,1.706142857142871,2013.3890853232715,2012.765997403458,-1.1640853232715926,-0.54099740345805,1.1640853232715926,0.54099740345805,-0.6822906525078357,-0.3170879866203064,0.6822906525078357,0.3170879866203064,44.26603152535081,13,30,NEW_YORK,BULLISH_ENGULFING,False,,,,,,,,,,,,
2024-01-18 16:00:00,LONG,2014.225,1.5047142857142717,2013.276293629616,2012.6700333822926,0.9487063703838885,1.5549666177073505,0.9487063703838885,1.5549666177073505,0.6304893755518163,1.033396593938247,0.6304893755518163,1.033396593938247,57.766623142164896,16,0,NEW_YORK,BULLISH_ENGULFING,False,,,,,,,,,,,,
2024-01-18 16:10:00,LONG,2014.325,1.4309285714285644,2013.40707936574,2012.7712918688524,0.9179206342600992,1.5537081311476868,0.9179206342600992,1.5537081311476868,0.6414859920951156,1.0858041150136135,0.6414859920951156,1.0858041150136135,57.462441572851894,16,10,NEW_YORK,BULLISH_ENGULFING,False,,,,,,,,,,,,
2024-01-18 17:20:00,LONG,2014.855,1.375714285714285,2014.2660291612983,2013.563452112666,0.5889708387016981,1.2915478873339907,0.5889708387016981,1.2915478873339907,0.42812002813207567,0.9388198557983323,0.42812002813207567,0.9388198557983323,54.60694208382441,17,20,NEW_YORK,BULLISH_ENGULFING,False,,,,,,,,,,,,
2024-01-22 09:35:00,SHORT,2021.515,1.3147857142857415,2022.484740151679,2023.05477910153,-0.9697401516789341,-1.5397791015298026,0.9697401516789341,1.5397791015298026,-0.7375651721358611,-1.1711255186296947,0.7375651721358611,1.1711255186296947,44.91994872231683,9,35,LONDON,BEARISH_ENGULFING,False,,,,,,,,,,,,
2024-01-23 08:10:00,LONG,2030.875,1.999500000000028,2030.8970208313522,2029.5162380846111,-0.02202083135216526,1.3587619153888681,0.02202083135216526,1.3587619153888681,-0.011013168968324556,0.679550845405776,0.011013168968324556,0.679550845405776,50.93041525587272,8,10,LONDON,BULLISH_ENGULFING,False,,,,,,,,,,,,
2024-01-23 18:00:00,SHORT,2023.885,0.9216428571428098,2024.1389929275917,2024.572421632999,-0.25399292759175296,-0.6874216329990759,0.25399292759175296,0.6874216329990759,-0.2755871492121773,-0.7458655244507135,0.2755871492121773,0.7458655244507135,47.344908228023286,18,0,NY_LATE,BEARISH_ENGULFING,False,,,,,,,,,,,,
2024-01-25 00:20:00,LONG,2015.735,0.8114285714285481,2015.4782706305336,2015.1120858972304,0.2567293694662567,0.6229141027695277,0.2567293694662567,0.6229141027695277,0.31639182856757897,0.7676758308779612,0.31639182856757897,0.7676758308779612,55.64187530136659,0,20,ASIA,BULLISH_ENGULFING,False,,,,,,,,,,,,
2024-01-25 16:00:00,LONG,2020.675,1.9814285714285234,2020.643863721496,2019.6068944625029,0.03113627850393641,1.0681055374971038,0.03113627850393641,1.0681055374971038,0.015714055481439088,0.5390583102004259,0.015714055481439088,0.5390583102004259,50.95180978211646,16,0,NEW_YORK,BULLISH_ENGULFING,False,,,,,,,,,,,,
2024-01-31 06:50:00,SHORT,2033.915,0.5526428571428467,2034.1864747857949,2034.2126348239642,-0.2714747857949078,-0.2976348239642448,0.2714747857949078,0.2976348239642448,-0.49123006347793474,-0.5385663093575683,0.49123006347793474,0.5385663093575683,46.00192141429261,6,50,ASIA,BEARISH_ENGULFING,False,,,,,,,,,,,,
2024-02-02 12:35:00,LONG,2055.855,0.6475714285713821,2055.4222315317857,2055.077935944855,0.43276846821436266,0.7770640551448196,0.43276846821436266,0.7770640551448196,0.6682945681669438,1.1999665532790929,0.6682945681669438,1.1999665532790929,56.963927538956085,12,35,LONDON,BULLISH_ENGULFING,False,,,,,,,,,,,,
2024-02-05 15:35:00,SHORT,2017.845,2.6982857142856864,2019.143702253862,2020.472064716319,-1.298702253862075,-2.627064716318955,1.298702253862075,2.627064716318955,-0.4813064261454161,-0.9736050939343962,0.4813064261454161,0.9736050939343962,44.40726862561726,15,35,NEW_YORK,BEARISH_ENGULFING,False,,,,,,,,,,,,
2024-02-06 10:25:00,SHORT,2024.365,0.9483571428571135,2024.845786127973,2025.3797171577692,-0.4807861279730332,-1.0147171577691552,0.4807861279730332,1.0147171577691552,-0.5069673715163572,-1.069973654347263,0.5069673715163572,1.069973654347263,44.01105663531057,10,25,LONDON,BEARISH_ENGULFING,False,,,,,,,,,,,,
2024-02-07 03:45:00,SHORT,2034.355,0.5028571428571402,2034.6624985581948,2034.8849793825598,-0.3074985581947658,-0.529979382559759,0.3074985581947658,0.529979382559759,-0.611502814591867,-1.0539362721358898,0.611502814591867,1.0539362721358898,44.54360164548039,3,45,ASIA,BEARISH_ENGULFING,False,,,,,,,,,,,,
2024-02-08 06:30:00,SHORT,2032.775,0.7007142857142981,2032.7833566122074,2033.5327196610672,-0.00835661220730799,-0.7577196610670853,0.00835661220730799,0.7577196610670853,-0.011925848206147787,-1.0813532369968408,0.011925848206147787,1.0813532369968408,48.549794457805135,6,30,ASIA,BEARISH_ENGULFING,False,,,,,,,,,,,,
2024-02-08 18:45:00,LONG,2031.995,1.3006428571428452,2032.043836657313,2030.9192546629517,-0.04883665731313158,1.0757453370481471,0.04883665731313158,1.0757453370481471,-0.03754809173396938,0.827087413843385,0.03754809173396938,0.827087413843385,51.44780531454199,18,45,NY_LATE,BULLISH_ENGULFING,False,,,,,,,,,,,,
2024-02-08 18:55:00,LONG,2031.995,1.2663571428571296,2032.0013719575738,2030.987278141387,-0.006371957573946929,1.0077218586129675,0.006371957573946929,1.0077218586129675,-0.005031722377757231,0.7957643420712782,0.005031722377757231,0.7957643420712782,51.48322571947035,18,55,NY_LATE,BULLISH_ENGULFING,False,,,,,,,,,,,,
2024-02-09 03:20:00,LONG,2034.408,0.3721428571428597,2034.295769214033,2033.9820396283637,0.1122307859668581,0.4259603716361653,0.1122307859668581,0.4259603716361653,0.30157984712783154,1.1446152020933344,0.30157984712783154,1.1446152020933344,52.85815045548315,3,20,ASIA,BULLISH_ENGULFING,False,,,,,,,,,,,,
2024-02-09 04:45:00,SHORT,2033.365,0.5031428571428153,2033.4993778117341,2033.6771834264484,-0.13437781173411167,-0.3121834264484278,0.13437781173411167,0.3121834264484278,-0.2670768546674787,-0.6204667760190734,0.2670768546674787,0.6204667760190734,46.78373270905373,4,45,ASIA,BEARISH_ENGULFING,False,,,,,,,,,,,,
2024-02-09 21:10:00,LONG,2025.358,0.5692857142857325,2024.951432663809,2024.692855599207,0.4065673361908466,0.6651444007929967,0.4065673361908466,0.6651444007929967,0.7141709795071105,1.1683841419199068,0.7141709795071105,1.1683841419199068,55.77809865661955,21,10,NY_LATE,BULLISH_ENGULFING,False,,,,,,,,,,,,
2024-02-12 21:40:00,LONG,2019.708,0.39850000000001273,2019.753395615693,2019.3131551354193,-0.045395615692996216,0.39484486458081847,0.045395615692996216,0.39484486458081847,-0.11391622507652388,0.9908277655729131,0.11391622507652388,0.9908277655729131,50.645957000989085,21,40,NY_LATE,BULLISH_ENGULFING,False,,,,,,,,,,,,
2024-02-13 00:40:00,SHORT,2018.725,0.4135714285714422,2018.8807701998435,2019.035602790676,-0.1557701998435732,-0.31060279067605734,0.1557701998435732,0.31060279067605734,-0.37664642449221986,-0.7510257460215302,0.37664642449221986,0.7510257460215302,44.98679886283008,0,40,ASIA,BEARISH_ENGULFING,False,,,,,,,,,,,,
2024-02-13 03:55:00,SHORT,2018.498,0.5184285714286067,2018.4598901917414,2018.8711941022489,0.03810980825869592,-0.3731941022488172,0.03810980825869592,0.3731941022488172,0.07351023913222743,-0.7198563559497225,0.07351023913222743,0.7198563559497225,48.53337925454375,3,55,ASIA,BEARISH_ENGULFING,False,,,,,,,,,,,,
2024-02-14 03:15:00,SHORT,1991.398,0.5619285714285362,1991.8003287980919,1992.0050565461881,-0.40232879809195765,-0.6070565461882325,0.40232879809195765,0.6070565461882325,-0.7159785398865844,-1.0803090945259675,0.7159785398865844,1.0803090945259675,45.07920663208495,3,15,ASIA,BEARISH_ENGULFING,False,,,,,,,,,,,,
2024-02-14 09:35:00,SHORT,1989.885,1.0682857142857236,1989.4001603145393,1990.1604239931444,0.48483968546065626,-0.27542399314438626,0.48483968546065626,0.27542399314438626,0.4538483281926403,-0.2578186616756736,0.4538483281926403,0.2578186616756736,53.12954483935713,9,35,LONDON,BEARISH_ENGULFING,False,,,,,,,,,,,,
2024-02-15 06:40:00,LONG,1992.875,0.6705000000000284,1992.3964521899366,1992.271767014904,0.4785478100634464,0.6032329850959286,0.4785478100634464,0.6032329850959286,0.7137178375293454,0.8996763386963506,0.7137178375293454,0.8996763386963506,56.30906653374874,6,40,ASIA,BULLISH_ENGULFING,False,,,,,,,,,,,,
2024-02-19 09:05:00,SHORT,2019.795,0.7840714285714512,2020.248117887228,2020.333969014823,-0.45311788722801793,-0.5389690148228965,0.45311788722801793,0.5389690148228965,-0.5779038372225624,-0.6873978507352039,0.5779038372225624,0.6873978507352039,44.50038009102768,9,5,LONDON,BEARISH_ENGULFING,False,,,,,,,,,,,,
2024-02-19 10:00:00,SHORT,2019.595,0.6435714285714279,2019.994103747511,2020.1749661959,-0.39910374751093514,-0.5799661958999422,0.39910374751093514,0.5799661958999422,-0.6201390083410763,-0.901168339911121,0.6201390083410763,0.901168339911121,43.85499973658875,10,0,LONDON,BEARISH_ENGULFING,False,,,,,,,,,,,,
2024-02-21 06:25:00,LONG,2030.365,0.758928571428539,2030.3874480784357,2029.546212575659,-0.02244807843567287,0.8187874243410533,0.02244807843567287,0.8187874243410533,-0.029578644527005517,1.0788728414847282,0.029578644527005517,1.0788728414847282,50.957442971429465,6,25,ASIA,BULLISH_ENGULFING,False,,,,,,,,,,,,
2024-02-21 10:05:00,SHORT,2027.915,0.6860000000000029,2027.7555876607225,2028.2299540376941,0.1594123392774236,-0.3149540376941786,0.1594123392774236,0.3149540376941786,0.2323795033198585,-0.45911667302358206,0.2323795033198585,0.45911667302358206,50.543154686602,10,5,LONDON,BEARISH_ENGULFING,False,,,,,,,,,,,,
2024-02-21 14:20:00,LONG,2029.575,1.253642857142836,2029.3247410470262,2029.0417900798027,0.25025895297380885,0.5332099201973506,0.25025895297380885,0.5332099201973506,0.19962539693654965,0.4253284076555771,0.19962539693654965,0.4253284076555771,52.370069503264716,14,20,NEW_YORK,BULLISH_ENGULFING,False,,,,,,,,,,,,
2024-02-21 23:55:00,LONG,2025.658,0.5728571428571578,2025.4164499385695,2025.1613036304523,0.24155006143041646,0.4966963695476352,0.24155006143041646,0.4966963695476352,0.42165846134984314,0.8670510191604378,0.42165846134984314,0.8670510191604378,54.47171495701092,23,55,OFF,BULLISH_ENGULFING,False,,,,,,,,,,,,
2024-02-22 15:55:00,SHORT,2023.225,1.7849285714285739,2023.5032167755662,2025.2049775729874,-0.27821677556630675,-1.9799775729875364,0.27821677556630675,1.9799775729875364,-0.15586997710705866,-1.1092755221027442,0.15586997710705866,1.1092755221027442,46.46023023565262,15,55,NEW_YORK,BEARISH_ENGULFING,False,,,,,,,,,,,,
2024-02-23 00:05:00,LONG,2024.825,0.6559285714285547,2024.6207877382658,2024.1078275314621,0.20421226173425566,0.7171724685379104,0.20421226173425566,0.7171724685379104,0.3113330789806874,1.0933697658206472,0.3113330789806874,1.0933697658206472,54.04325208246603,0,5,ASIA,BULLISH_ENGULFING,False,,,,,,,,,,,,
2024-02-23 14:15:00,LONG,2025.545,1.2721428571428532,2025.7584875124705,2024.4980266348855,-0.21348751247046494,1.0469733651145816,0.21348751247046494,1.0469733651145816,-0.16781724730974273,0.8229998378216837,0.16781724730974273,0.8229998378216837,50.318965302155526,14,15,NEW_YORK,BULLISH_ENGULFING,False,,,,,,,,,,,,
2024-02-26 23:30:00,LONG,2031.015,0.37042857142856583,2031.070245047683,2030.687500687945,-0.05524504768300176,0.3274993120551244,0.05524504768300176,0.3274993120551244,-0.14913819274239035,0.8841092111013904,0.14913819274239035,0.8841092111013904,49.68551852243215,23,30,OFF,BULLISH_ENGULFING,False,,,,,,,,,,,,
2024-02-27 03:30:00,LONG,2032.765,0.5743571428571548,2032.8130370049423,2032.4010080015876,-0.0480370049422163,0.36399199841252994,0.0480370049422163,0.36399199841252994,-0.083636123515858,0.6337380895131592,0.083636123515858,0.6337380895131592,50.12550425552184,3,30,ASIA,BULLISH_ENGULFING,False,,,,,,,,,,,,
2024-02-27 05:45:00,LONG,2033.465,0.42385714285714066,2033.3582528416198,2033.0845599932034,0.10674715838013071,0.38044000679656165,0.10674715838013071,0.38044000679656165,0.25184702010816273,0.8975665815894659,0.25184702010816273,0.8975665815894659,52.48793639806901,5,45,ASIA,BULLISH_ENGULFING,False,,,,,,,,,,,,
2024-02-28 04:45:00,SHORT,2030.538,0.46635714285715885,2030.7275152098796,2030.948992038805,-0.18951520987957338,-0.4109920388050341,0.18951520987957338,0.4109920388050341,-0.40637355465062586,-0.8812817496201991,0.40637355465062586,0.8812817496201991,45.979483281659,4,45,ASIA,BEARISH_ENGULFING,False,,,,,,,,,,,,
2024-02-28 05:40:00,SHORT,2030.418,0.3977142857143008,2030.5839974630753,2030.7903407626602,-0.16599746307542773,-0.3723407626603148,0.16599746307542773,0.3723407626603148,-0.4173786787097522,-0.9362016302521928,0.4173786787097522,0.9362016302521928,45.96495116969708,5,40,ASIA,BEARISH_ENGULFING,False,,,,,,,,,,,,
2024-02-28 15:00:00,LONG,2032.505,1.3476428571428383,2032.950481262154,2031.4660530381184,-0.4454812621538622,1.0389469618817202,0.4454812621538622,1.0389469618817202,-0.33056329411958224,0.7709364216009056,0.33056329411958224,0.7709364216009056,49.16554877694386,15,0,NEW_YORK,BULLISH_ENGULFING,False,,,,,,,,,,,,
2024-02-28 16:45:00,LONG,2032.905,0.8910000000000602,2032.726308918248,2032.1306423371805,0.17869108175204929,0.7743576628195115,0.17869108175204929,0.7743576628195115,0.20055115797086107,0.869088285992659,0.20055115797086107,0.869088285992659,51.717064053919955,16,45,NEW_YORK,BULLISH_ENGULFING,False,,,,,,,,,,,,
2024-03-04 12:55:00,SHORT,2082.465,0.7428571428570844,2082.8194557531315,2083.2762546291074,-0.35445575313133304,-0.8112546291072249,0.35445575313133304,0.8112546291072249,-0.4771519753691397,-1.0920735391828886,0.4771519753691397,1.0920735391828886,44.39945877631152,12,55,LONDON,BEARISH_ENGULFING,False,,,,,,,,,,,,
2024-03-05 04:10:00,SHORT,2113.355,0.7807142857142415,2112.976188101755,2113.181902126324,0.37881189824520334,0.17309787367594254,0.37881189824520334,0.17309787367594254,0.48521194651721383,0.2217173130341567,0.48521194651721383,0.2217173130341567,53.347688274585444,4,10,ASIA,BEARISH_ENGULFING,False,,,,,,,,,,,,
2024-03-07 18:45:00,LONG,2157.605,1.146428571428552,2157.40405091566,2156.6823618611666,0.20094908434020908,0.922638138833463,0.20094908434020908,0.922638138833463,0.1752826903902165,0.804793392128891,0.1752826903902165,0.804793392128891,52.55496237967763,18,45,NY_LATE,BULLISH_ENGULFING,False,,,,,,,,,,,,
2024-03-07 21:10:00,LONG,2158.625,0.7309285714286163,2158.8408817608147,2158.1873949258243,-0.2158817608146819,0.43760507417573535,0.2158817608146819,0.43760507417573535,-0.29535274615512175,0.5986974531867408,0.29535274615512175,0.5986974531867408,49.25709337608321,21,10,NY_LATE,BULLISH_ENGULFING,False,,,,,,,,,,,,
2024-03-11 15:05:00,LONG,2181.955,2.278571428571435,2180.7640889665204,2179.830837709037,1.1909110334795514,2.124162290962886,1.1909110334795514,2.124162290962886,0.5226568798969803,0.9322342342783798,0.5226568798969803,0.9322342342783798,56.08858722788144,15,5,NEW_YORK,BULLISH_ENGULFING,False,,,,,,,,,,,,
2024-03-13 00:55:00,LONG,2159.215,0.9683571428570629,2158.566948928174,2158.2129772548374,0.648051071826103,1.0020227451627761,0.648051071826103,1.0020227451627761,0.6692273368419408,1.0347656880047227,0.6692273368419408,1.0347656880047227,55.51187391389634,0,55,ASIA,BULLISH_ENGULFING,False,,,,,,,,,,,,
2024-03-13 03:20:00,LONG,2159.565,0.7389285714285896,2159.448836504019,2158.944379644785,0.11616349598125453,0.6206203552151237,0.11616349598125453,0.6206203552151237,0.1572053111394416,0.8398922158541825,0.1572053111394416,0.8398922158541825,52.85228976388217,3,20,ASIA,BULLISH_ENGULFING,False,,,,,,,,,,,,
2024-03-13 06:45:00,LONG,2158.865,0.8422857142857408,2159.1561144316547,2159.056425603965,-0.29111443165493256,-0.1914256039653992,0.29111443165493256,0.1914256039653992,-0.34562432523481407,-0.22726920416515473,0.34562432523481407,0.22726920416515473,47.33168922035324,6,45,ASIA,BULLISH_ENGULFING,False,,,,,,,,,,,,
2024-03-13 13:55:00,LONG,2165.915,2.278214285714317,2164.7921860208135,2163.27274428533,1.1228139791865033,2.6422557146697727,1.1228139791865033,2.6422557146697727,0.49284827429411604,1.1597924441252958,0.49284827429411604,1.1597924441252958,55.92633865556511,13,55,NEW_YORK,BULLISH_ENGULFING,False,,,,,,,,,,,,
2024-03-15 09:45:00,LONG,2168.065,1.0182857142856716,2168.056005218179,2167.414931606147,0.008994781821002107,0.6500683938529619,0.008994781821002107,0.6500683938529619,0.008833259364059678,0.6383948873415999,0.008833259364059678,0.6383948873415999,50.92779345225585,9,45,LONDON,BULLISH_ENGULFING,False,,,,,,,,,,,,
2024-03-15 10:45:00,LONG,2169.465,1.1707142857142117,2169.420176154911,2168.4525456598326,0.04482384508901305,1.012454340167551,0.04482384508901305,1.012454340167551,0.03828760410288117,0.8648176182029659,0.03828760410288117,0.8648176182029659,51.50901479811619,10,45,LONDON,BULLISH_ENGULFING,False,,,,,,,,,,,,
2024-03-18 06:15:00,SHORT,2147.335,0.9192142857142959,2147.3077268227125,2148.389499139575,0.027273177287497674,-1.0544991395750003,0.027273177287497674,1.0544991395750003,0.029670097289996367,-1.1471744466586247,0.029670097289996367,1.1471744466586247,48.6867955830018,6,15,ASIA,BEARISH_ENGULFING,False,,,,,,,,,,,,
2024-03-18 14:35:00,LONG,2160.148,1.8192857142856675,2158.8469435014426,2158.1608304564184,1.3010564985575002,1.9871695435817855,1.3010564985575002,1.9871695435817855,0.7151468778879259,1.0922800789220932,0.7151468778879259,1.0922800789220932,56.00115637760577,14,35,NEW_YORK,BULLISH_ENGULFING,False,,,,,,,,,,,,
2024-03-18 18:05:00,LONG,2159.865,1.0645000000000502,2159.3835369449034,2158.9151848901956,0.4814630550963557,0.949815109804149,0.4814630550963557,0.949815109804149,0.45229032888335646,0.892264076847444,0.45229032888335646,0.892264076847444,53.540766747502,18,5,NY_LATE,BULLISH_ENGULFING,False,,,,,,,,,,,,
2024-03-19 09:00:00,SHORT,2152.755,2.018071428571375,2152.5934136516316,2154.8441384934217,0.1615863483684734,-2.089138493421615,0.1615863483684734,2.089138493421615,0.08006968736625095,-1.0352153367041868,0.08006968736625095,1.0352153367041868,47.90190719348905,9,0,LONDON,BEARISH_ENGULFING,False,,,,,,,,,,,,
2024-03-19 09:15:00,SHORT,2152.475,1.899999999999961,2152.6406213407345,2154.6112884155605,-0.16562134073456036,-2.136288415560557,0.16562134073456036,2.136288415560557,-0.08716912670240198,-1.1243623239792635,0.08716912670240198,1.1243623239792635,46.4806748954955,9,15,LONDON,BEARISH_ENGULFING,False,,,,,,,,,,,,
2024-03-20 04:35:00,LONG,2158.925,0.47692857142854855,2158.97229988151,2158.528468372891,-0.047299881509843544,0.39653162710919787,0.047299881509843544,0.39653162710919787,-0.09917602832676971,0.8314277039881738,0.09917602832676971,0.8314277039881738,50.758443043154486,4,35,ASIA,BULLISH_ENGULFING,False,,,,,,,,,,,,
2024-03-20 16:30:00,LONG,2157.715,1.0923571428570864,2157.1105695702386,2156.6127473789775,0.6044304297615781,1.1022526210226715,0.6044304297615781,1.1022526210226715,0.5533267518905729,1.0090588304661086,0.5533267518905729,1.0090588304661086,53.760966341711004,16,30,NEW_YORK,BULLISH_ENGULFING,False,,,,,,,,,,,,
2024-03-21 23:40:00,SHORT,2181.208,0.3641428571428215,2181.3220090736563,2181.5258706546656,-0.11400907365623425,-0.3178706546655121,0.11400907365623425,0.3178706546655121,-0.31308886449341616,-0.8729284357233434,0.31308886449341616,0.8729284357233434,48.06112650321078,23,40,OFF,BEARISH_ENGULFING,False,,,,,,,,,,,,
2024-03-22 09:20:00,SHORT,2168.285,1.6762142857142928,2167.8931903354746,2169.557438633822,0.39180966452522625,-1.2724386338222757,0.39180966452522625,1.2724386338222757,0.23374676368317826,-0.7591145384374562,0.23374676368317826,0.7591145384374562,50.50038292957643,9,20,LONDON,BEARISH_ENGULFING,False,,,,,,,,,,,,
2024-03-22 14:25:00,LONG,2174.685,2.3051428571428523,2174.5747241948866,2172.538966545101,0.11027580511336055,2.1460334548987703,0.11027580511336055,2.1460334548987703,0.047839032956961174,0.9309763376482042,0.047839032956961174,0.9309763376482042,52.659181617203636,14,25,NEW_YORK,BULLISH_ENGULFING,False,,,,,,,,,,,,
2024-03-25 15:40:00,LONG,2176.485,1.3747142857143249,2176.4699386453576,2175.1786545730456,0.015061354642512015,1.3063454269545218,0.015061354642512015,1.3063454269545218,0.010955989036431581,0.9502668594701644,0.010955989036431581,0.9502668594701644,50.902989033289714,15,40,NEW_YORK,BULLISH_ENGULFING,False,,,,,,,,,,,,
2024-03-25 16:10:00,LONG,2176.535,1.2250000000000714,2176.2369357073617,2175.3373259147606,0.29806429263817336,1.197674085239214,0.29806429263817336,1.197674085239214,0.24331778990869876,0.9776931308074647,0.24331778990869876,0.9776931308074647,52.08624532996478,16,10,NEW_YORK,BULLISH_ENGULFING,False,,,,,,,,,,,,
2024-03-25 22:30:00,SHORT,2171.835,0.6333571428570589,2171.832011362329,2172.5574576056147,0.0029886376710237528,-0.7224576056146361,0.0029886376710237528,0.7224576056146361,0.0047187241901813564,-1.1406796524874532,0.0047187241901813564,1.1406796524874532,48.52080301098019,22,30,OFF,BEARISH_ENGULFING,False,,,,,,,,,,,,
2024-03-26 18:45:00,SHORT,2177.835,0.7910714285714805,2177.291389148498,2178.477429124901,0.5436108515018532,-0.6424291249009002,0.5436108515018532,0.6424291249009002,0.6871830176998145,-0.8121000224480373,0.6871830176998145,0.8121000224480373,53.11257721456609,18,45,NY_LATE,BEARISH_ENGULFING,False,,,,,,,,,,,,
2024-03-27 04:45:00,LONG,2178.548,0.7125714285713717,2178.3166555143025,2177.9124254896974,0.23134448569726374,0.6355745103023764,0.23134448569726374,0.6355745103023764,0.32466146749819075,0.8919449823811127,0.32466146749819075,0.8919449823811127,52.70249747303912,4,45,ASIA,BULLISH_ENGULFING,False,,,,,,,,,,,,
2024-04-02 05:35:00,LONG,2254.485,1.4368571428570118,2254.332099375857,2252.8267960329194,0.15290062414305794,1.6582039670806807,0.15290062414305794,1.6582039670806807,0.10641324010752666,1.1540492910683857,0.10641324010752666,1.1540492910683857,53.091326728754204,5,35,ASIA,BULLISH_ENGULFING,False,,,,,,,,,,,,
2024-04-04 01:40:00,LONG,2300.645,2.1225714285714536,2299.8056842263527,2298.9270177055796,0.8393157736472858,1.7179822944203806,0.8393157736472858,1.7179822944203806,0.39542404196600694,0.8093872702209263,0.39542404196600694,0.8093872702209263,53.33785549600514,1,40,ASIA,BULLISH_ENGULFING,False,,,,,,,,,,,,
2024-04-04 13:00:00,SHORT,2287.765,2.7372142857142796,2287.9585743074335,2290.437728369107,-0.19357430743366422,-2.6727283691070625,0.19357430743366422,2.6727283691070625,-0.0707194568010048,-0.9764410419221564,0.0707194568010048,0.9764410419221564,46.39542333500898,13,0,NEW_YORK,BEARISH_ENGULFING,False,,,,,,,,,,,,
2024-04-08 16:10:00,SHORT,2326.865,2.295000000000008,2328.2826852604867,2329.495579933597,-1.4176852604869055,-2.630579933597346,1.4176852604869055,2.630579933597346,-0.6177277823472334,-1.1462221932886,0.6177277823472334,1.1462221932886,45.75379715412936,16,10,NEW_YORK,BEARISH_ENGULFING,False,,,,,,,,,,,,
2024-04-09 03:40:00,LONG,2343.715,1.6007857142856534,2343.5183240315296,2342.0711610223034,0.19667596847057212,1.6438389776967597,0.19667596847057212,1.6438389776967597,0.12286214620445828,1.0268950822254925,0.12286214620445828,1.0268950822254925,52.304559111823906,3,40,ASIA,BULLISH_ENGULFING,False,,,,,,,,,,,,
2024-04-12 06:25:00,LONG,2387.275,1.8457142857142312,2386.5217382814117,2385.6707182974765,0.7532617185884192,1.6042817025236218,0.7532617185884192,1.6042817025236218,0.4081139342197438,0.8691928728843409,0.4081139342197438,0.8691928728843409,53.39366811622835,6,25,ASIA,BULLISH_ENGULFING,False,,,,,,,,,,,,
2024-04-14 23:00:00,LONG,2358.545,7.323285714285736,2354.8230777527892,2354.570789612946,3.7219222472108413,3.9742103870539722,3.7219222472108413,3.9742103870539722,0.5082311946330845,0.5426813239447111,0.5082311946330845,0.5426813239447111,57.67622292852907,23,0,OFF,BULLISH_ENGULFING,False,,,,,,,,,,,,
2024-04-15 03:45:00,LONG,2359.025,1.8595714285714686,2358.4027274841,2357.9592806799383,0.622272515900022,1.0657193200618167,0.622272515900022,1.0657193200618167,0.3346322202734931,0.5730994269365104,0.3346322202734931,0.5730994269365104,52.49718840184326,3,45,ASIA,BULLISH_ENGULFING,False,,,,,,,,,,,,
2024-04-16 23:10:00,SHORT,2384.615,1.3485714285715338,2384.953443414131,2386.0855811399488,-0.338443414131234,-1.4705811399489903,0.338443414131234,1.4705811399489903,-0.25096439607187004,-1.0904733029281917,0.25096439607187004,1.0904733029281917,46.37866743394459,23,10,OFF,BEARISH_ENGULFING,False,,,,,,,,,,,,
2024-04-17 01:25:00,SHORT,2382.025,1.7578571428571519,2382.95938297899,2383.9641874967883,-0.9343829789900155,-1.9391874967882359,0.9343829789900155,1.9391874967882359,-0.5315465951182508,-1.1031542037803805,0.5315465951182508,1.1031542037803805,43.25874178989134,1,25,ASIA,BEARISH_ENGULFING,False,,,,,,,,,,,,
2024-04-17 01:35:00,SHORT,2381.855,1.7030714285714825,2382.8055720077446,2383.822350703494,-0.9505720077445403,-1.9673507034940485,0.9505720077445403,1.9673507034940485,-0.5581515794330891,-1.1551780333395885,0.5581515794330891,1.1551780333395885,42.82057796706613,1,35,ASIA,BEARISH_ENGULFING,False,,,,,,,,,,,,
2024-04-18 18:50:00,SHORT,2381.368,1.7097857142857396,2382.345170744638,2382.6604545513533,-0.9771707446379878,-1.2924545513533303,0.9771707446379878,1.2924545513533303,-0.5715164985140839,-0.7559161013889107,0.5715164985140839,0.7559161013889107,45.44870512041951,18,50,NY_LATE,BEARISH_ENGULFING,False,,,,,,,,,,,,
2024-04-19 09:50:00,SHORT,2382.165,2.146428571428552,2383.391053413121,2384.496345940738,-1.226053413121008,-2.3313459407381742,1.226053413121008,2.3313459407381742,-0.5712062490414066,-1.08615118703277,0.5712062490414066,1.08615118703277,45.12132456324165,9,50,LONDON,BEARISH_ENGULFING,False,,,,,,,,,,,,
2024-04-23 06:05:00,SHORT,2307.568,2.585928571428667,2308.0149324352483,2309.7901511385544,-0.4469324352480726,-2.2221511385541817,0.4469324352480726,2.2221511385541817,-0.17283247502894192,-0.8593242532319806,0.17283247502894192,0.8593242532319806,48.53710795593152,6,5,ASIA,BEARISH_ENGULFING,False,,,,,,,,,,,,
2024-04-23 14:50:00,LONG,2319.765,4.96349999999997,2319.3719765381506,2314.0259064672696,0.393023461849225,5.739093532730294,0.393023461849225,5.739093532730294,0.07918272627162837,1.156259400167287,0.07918272627162837,1.156259400167287,53.88021955742208,14,50,NEW_YORK,BULLISH_ENGULFING,False,,,,,,,,,,,,
2024-04-24 16:55:00,LONG,2324.978,2.0216428571428486,2324.9719396855653,2323.911282463838,0.006060314434762404,1.0667175361622867,0.006060314434762404,1.0667175361622867,0.0029977176301690285,0.5276488537000346,0.0029977176301690285,0.5276488537000346,50.2870343864466,16,55,NEW_YORK,BULLISH_ENGULFING,False,,,,,,,,,,,,
2024-04-25 04:10:00,SHORT,2314.064,2.744785714285659,2314.135420509441,2316.004781552754,-0.0714205094409408,-1.940781552754288,0.0714205094409408,1.940781552754288,-0.02602043178424523,-0.7070794425419777,0.02602043178424523,0.7070794425419777,47.60083204655079,4,10,ASIA,BEARISH_ENGULFING,False,,,,,,,,,,,,
2024-04-25 13:45:00,SHORT,2320.025,5.196142857142864,2323.1166168849077,2324.666273702987,-3.0916168849075802,-4.641273702986837,3.0916168849075802,4.641273702986837,-0.5949830422113389,-0.8932151849148493,0.5949830422113389,0.8932151849148493,44.01852190650452,13,45,NEW_YORK,BEARISH_ENGULFING,False,,,,,,,,,,,,
2024-04-25 15:25:00,LONG,2332.445,5.312357142857081,2330.443358115626,2327.835542771204,2.001641884374294,4.6094572287961455,2.001641884374294,4.6094572287961455,0.37678978098557864,0.8676858699144419,0.37678978098557864,0.8676858699144419,54.27886726801019,15,25,NEW_YORK,BULLISH_ENGULFING,False,,,,,,,,,,,,
2024-04-25 15:55:00,LONG,2330.265,3.773142857142797,2330.487367009662,2328.4245834090984,-0.22236700966232092,1.840416590901441,0.22236700966232092,1.840416590901441,-0.05893416127655123,0.4877675350715694,0.05893416127655123,0.4877675350715694,50.74974123458173,15,55,NEW_YORK,BULLISH_ENGULFING,False,,,,,,,,,,,,
2024-04-26 14:15:00,SHORT,2340.515,3.3328571428571325,2342.8527009146705,2344.2145515335874,-2.337700914670677,-3.6995515335875098,2.337700914670677,3.6995515335875098,-0.7014104758977621,-1.1100240349383905,0.7014104758977621,1.1100240349383905,43.61360257475415,14,15,NEW_YORK,BEARISH_ENGULFING,False,,,,,,,,,,,,
2024-04-26 15:55:00,SHORT,2336.615,2.6564285714286404,2336.0492187673,2339.0547754121426,0.5657812326999192,-2.439775412142808,0.5657812326999192,2.439775412142808,0.21298567512230876,-0.9184419405753811,0.21298567512230876,0.9184419405753811,49.45175791131133,15,55,NEW_YORK,BEARISH_ENGULFING,False,,,,,,,,,,,,
2024-04-30 00:45:00,SHORT,2333.568,1.0453571428571584,2333.6443866662758,2334.7339010506416,-0.07638666627553903,-1.1659010506414234,0.07638666627553903,1.1659010506414234,-0.07307231485189822,-1.115313611819589,0.07307231485189822,1.115313611819589,47.81075165249163,0,45,ASIA,BEARISH_ENGULFING,False,,,,,,,,,,,,
2024-05-02 01:45:00,LONG,2323.225,1.323428571428524,2323.636545037223,2321.760756802095,-0.4115450372232772,1.4642431979050343,0.4115450372232772,1.4642431979050343,-0.3109688320987741,1.1064013801096293,0.3109688320987741,1.1064013801096293,49.026183229832995,1,45,ASIA,BULLISH_ENGULFING,False,,,,,,,,,,,,
2024-05-02 04:15:00,SHORT,2319.695,1.098642857142847,2319.838213420661,2320.5610386550784,-0.1432134206606861,-0.8660386550782277,0.1432134206606861,0.8660386550782277,-0.13035484619008023,-0.7882804220203693,0.13035484619008023,0.7882804220203693,47.164921567312355,4,15,ASIA,BEARISH_ENGULFING,False,,,,,,,,,,,,
2024-05-02 16:15:00,LONG,2300.895,2.7919285714285706,2300.350544193488,2299.4161406179505,0.5444558065119054,1.4788593820494498,0.5444558065119054,1.4788593820494498,0.1950106503739524,0.5296909803436514,0.1950106503739524,0.5296909803436514,52.464642848663274,16,15,NEW_YORK,BULLISH_ENGULFING,False,,,,,,,,,,,,
2024-05-03 15:05:00,SHORT,2290.505,5.784714285714342,2291.6510843790356,2294.825365788077,-1.1460843790355284,-4.320365788076742,1.1460843790355284,4.320365788076742,-0.19812290156937298,-0.7468589760338059,0.19812290156937298,0.7468589760338059,47.368172776979826,15,5,NEW_YORK,BEARISH_ENGULFING,False,,,,,,,,,,,,
2024-05-06 15:55:00,LONG,2324.665,1.8983571428571264,2323.607524570648,2322.9467103990023,1.0574754293520527,1.7182896009976503,1.0574754293520527,1.7182896009976503,0.5570476732110045,0.9051455925788204,0.5570476732110045,0.9051455925788204,54.55442106269344,15,55,NEW_YORK,BULLISH_ENGULFING,False,,,,,,,,,,,,
2024-05-07 14:40:00,LONG,2320.318,2.4354285714285067,2319.0162386025886,2317.5641995049286,1.3017613974116102,2.753800495071573,1.3017613974116102,2.753800495071573,0.534510193681459,1.130725215010648,0.534510193681459,1.130725215010648,55.964557500592534,14,40,NEW_YORK,BULLISH_ENGULFING,False,,,,,,,,,,,,
2024-05-08 06:00:00,LONG,2318.355,1.1836428571428834,2318.3985376452183,2316.9383237467505,-0.04353764521829362,1.416676253249534,0.04353764521829362,1.416676253249534,-0.03678275499704889,1.196878133214232,0.03678275499704889,1.196878133214232,51.75021906776928,6,0,ASIA,BULLISH_ENGULFING,False,,,,,,,,,,,,
2024-05-08 16:50:00,LONG,2317.465,1.6621428571428234,2317.4828572307974,2316.182329939558,-0.017857230797289958,1.2826700604423422,0.017857230797289958,1.2826700604423422,-0.01074349940533152,0.7716966414350304,0.01074349940533152,0.7716966414350304,51.34588406766441,16,50,NEW_YORK,BULLISH_ENGULFING,False,,,,,,,,,,,,
2024-05-09 08:45:00,SHORT,2311.558,1.45164285714288,2312.0158186142717,2312.716517489086,-0.45781861427167314,-1.1585174890860799,0.45781861427167314,1.1585174890860799,-0.3153796486642387,-0.7980733576344468,0.3153796486642387,0.7980733576344468,45.95559071199551,8,45,LONDON,BEARISH_ENGULFING,False,,,,,,,,,,,,
2024-05-10 15:30:00,SHORT,2363.348,3.0666428571427917,2363.261203360959,2365.621174503845,0.08679663904104018,-2.2731745038449844,0.08679663904104018,2.2731745038449844,0.028303471608659737,-0.7412583107127492,0.028303471608659737,0.7412583107127492,48.6275159094354,15,30,NEW_YORK,BEARISH_ENGULFING,False,,,,,,,,,,,,
2024-05-14 03:20:00,LONG,2341.205,1.2530714285714697,2341.0370541397165,2339.948015336811,0.16794586028345293,1.2569846631890869,0.16794586028345293,1.2569846631890869,0.13402736384701955,1.0031229142476565,0.13402736384701955,1.0031229142476565,52.53332967864133,3,20,ASIA,BULLISH_ENGULFING,False,,,,,,,,,,,,
2024-05-16 17:15:00,LONG,2381.515,1.5104285714285521,2380.7908991040076,2380.096751970695,0.724100895992251,1.4182480293047774,0.724100895992251,1.4182480293047774,0.47940095261002763,0.9389706048551564,0.47940095261002763,0.9389706048551564,54.78206119578311,17,15,NEW_YORK,BULLISH_ENGULFING,False,,,,,,,,,,,,
2024-05-19 22:40:00,LONG,2418.405,3.1726428571428187,2417.99521562261,2415.6818722566163,0.4097843773902241,2.723127743383884,0.4097843773902241,2.723127743383884,0.12916183631184472,0.8583152488320877,0.12916183631184472,0.8583152488320877,52.03680330199892,22,40,OFF,BULLISH_ENGULFING,False,,,,,,,,,,,,
2024-05-20 08:25:00,LONG,2441.395,2.457214285714209,2440.007407106889,2439.098631245894,1.3875928931111048,2.29636875410597,1.3875928931111048,2.29636875410597,0.5647016221492419,0.9345415120922235,0.5647016221492419,0.9345415120922235,54.37333618597577,8,25,LONDON,BULLISH_ENGULFING,False,,,,,,,,,,,,
2024-05-20 09:50:00,LONG,2442.745,2.1492857142856923,2441.949118106994,2440.580877522846,0.7958818930060261,2.1641224771537964,0.7958818930060261,2.1641224771537964,0.3703006481251073,1.0069031133317867,0.3703006481251073,1.0069031133317867,53.70775534447863,9,50,LONDON,BULLISH_ENGULFING,False,,,,,,,,,,,,
2024-05-21 13:55:00,LONG,2427.645,3.6834285714285864,2426.14395176655,2423.3717582044897,1.501048233450092,4.27324179551033,1.501048233450092,4.27324179551033,0.4075138703905756,1.160126146779871,0.4075138703905756,1.160126146779871,56.22020428383695,13,55,NEW_YORK,BULLISH_ENGULFING,False,,,,,,,,,,,,
2024-05-22 00:10:00,SHORT,2421.664,0.5607142857142792,2421.5722289998957,2421.6397008570734,0.09177100010447248,0.024299142926793138,0.09177100010447248,0.024299142926793138,0.16366802566402927,0.04333605107963158,0.16366802566402927,0.04333605107963158,51.59072249548908,0,10,ASIA,BEARISH_ENGULFING,False,,,,,,,,,,,,
2024-05-22 13:20:00,SHORT,2409.625,2.6555000000000097,2411.4792641560493,2412.7898176469553,-1.8542641560493394,-3.164817646955271,1.8542641560493394,3.164817646955271,-0.6982730770285568,-1.1917972686707812,0.6982730770285568,1.1917972686707812,43.33726796859102,13,20,NEW_YORK,BEARISH_ENGULFING,False,,,,,,,,,,,,
2024-05-22 13:30:00,SHORT,2409.465,2.7509999999999764,2411.221574513229,2412.581258043191,-1.7565745132287702,-3.11625804319101,1.7565745132287702,3.11625804319101,-0.638522178563717,-1.132772825587436,0.638522178563717,1.132772825587436,43.51827646758471,13,30,NEW_YORK,BEARISH_ENGULFING,False,,,,,,,,,,,,
2024-05-23 04:20:00,SHORT,2372.425,1.2195714285714334,2371.7316069735834,2373.452371202105,0.6933930264167429,-1.0273712021048595,0.6933930264167429,1.0273712021048595,0.5685546661493711,-0.8424034689860593,0.5685546661493711,0.8424034689860593,52.513317689966044,4,20,ASIA,BEARISH_ENGULFING,False,,,,,,,,,,,,
2024-05-23 05:20:00,SHORT,2371.938,1.2225714285713951,2372.1480566778605,2373.042831402453,-0.2100566778603934,-1.1048314024528736,0.2100566778603934,1.1048314024528736,-0.17181546448034518,-0.9036947671383883,0.17181546448034518,0.9036947671383883,48.5635253952153,5,20,ASIA,BEARISH_ENGULFING,False,,,,,,,,,,,,
2024-05-24 16:25:00,SHORT,2335.638,1.970928571428528,2335.7602981950336,2337.283186273315,-0.12229819503363615,-1.6451862733151756,0.12229819503363615,1.6451862733151756,-0.06205105390754698,-0.8347264823112008,0.06205105390754698,0.8347264823112008,47.75595332662933,16,25,NEW_YORK,BEARISH_ENGULFING,False,,,,,,,,,,,,
2024-05-27 05:15:00,LONG,2342.955,1.0052857142857516,2342.883110117122,2341.923412743917,0.07188988287771281,1.0315872560827302,0.07188988287771281,1.0315872560827302,0.07151189145146666,1.0261632503309426,0.07151189145146666,1.0261632503309426,51.01890060409721,5,15,ASIA,BULLISH_ENGULFING,False,,,,,,,,,,,,
2024-05-27 16:25:00,LONG,2353.955,1.4626428571429122,2353.7989186617574,2352.3086906354297,0.15608133824252945,1.646309364570243,0.15608133824252945,1.646309364570243,0.10671185893418617,1.1255716708493693,0.10671185893418617,1.1255716708493693,52.174567745378894,16,25,NEW_YORK,BULLISH_ENGULFING,False,,,,,,,,,,,,
2024-05-28 18:00:00,LONG,2357.315,1.9521428571428519,2356.912557044385,2356.135165093915,0.4024429556152427,1.1798349060850342,0.4024429556152427,1.1798349060850342,0.20615445951750505,0.6043793884079958,0.20615445951750505,0.6043793884079958,51.63626868734429,18,0,NY_LATE,BULLISH_ENGULFING,False,,,,,,,,,,,,
2024-05-30 08:55:00,LONG,2334.918,1.6534285714285164,2333.7230552939373,2333.0831438415134,1.19494470606287,1.834856158486673,1.19494470606287,1.834856158486673,0.7227071835528225,1.109728106912661,0.7227071835528225,1.109728106912661,56.99118887768628,8,55,LONDON,BULLISH_ENGULFING,False,,,,,,,,,,,,
2024-06-04 01:00:00,LONG,2351.035,0.9946428571429351,2351.045136918969,2350.0683485476698,-0.01013691896923774,0.9666514523300975,0.01013691896923774,0.9666514523300975,-0.010191516378406984,0.9718578335813505,0.010191516378406984,0.9718578335813505,51.78035332020128,1,0,ASIA,BULLISH_ENGULFING,False,,,,,,,,,,,,
2024-06-05 09:10:00,SHORT,2332.245,1.4580714285714618,2332.777751278157,2333.1500789130623,-0.5327512781573205,-0.9050789130624253,0.5327512781573205,0.9050789130624253,-0.36538078157068127,-0.6207370196871438,0.36538078157068127,0.6207370196871438,46.56611846335298,9,10,LONDON,BEARISH_ENGULFING,False,,,,,,,,,,,,
2024-06-06 18:25:00,LONG,2371.335,1.5228571428572195,2371.638014478807,2370.308301792861,-0.3030144788067446,1.0266982071389066,0.3030144788067446,1.0266982071389066,-0.19897761272486916,0.6741920684776721,0.19897761272486916,0.6741920684776721,49.17520265396406,18,25,NY_LATE,BULLISH_ENGULFING,False,,,,,,,,,,,,
2024-06-10 03:40:00,SHORT,2295.675,1.2484999999999542,2296.4262228637435,2296.7228275319335,-0.7512228637433509,-1.047827531933308,0.7512228637433509,1.047827531933308,-0.6017003313923737,-0.839269148524907,0.6017003313923737,0.839269148524907,45.54709061866589,3,40,ASIA,BEARISH_ENGULFING,False,,,,,,,,,,,,
2024-06-10 10:35:00,LONG,2296.595,1.297571428571473,2295.8796122741783,2295.408017749695,0.7153877258215289,1.1869822503049363,0.7153877258215289,1.1869822503049363,0.5513282044204041,0.9147721845353154,0.5513282044204041,0.9147721845353154,55.31600331689955,10,35,LONDON,BULLISH_ENGULFING,False,,,,,,,,,,,,
2024-06-10 22:40:00,LONG,2310.785,0.6874285714286218,2310.5716697600274,2310.1667385829774,0.21333023997249256,0.6182614170224952,0.21333023997249256,0.6182614170224952,0.31033077302729395,0.8993827762171964,0.31033077302729395,0.8993827762171964,53.12234290712416,22,40,OFF,BULLISH_ENGULFING,False,,,,,,,,,,,,
2024-06-13 08:30:00,LONG,2315.815,1.3987857142857203,2315.3527331183404,2314.5443310707356,0.46226688165961605,1.2706689292645024,0.46226688165961605,1.2706689292645024,0.33047726820377865,0.9084085691519663,0.33047726820377865,0.9084085691519663,54.17951767682663,8,30,LONDON,BULLISH_ENGULFING,False,,,,,,,,,,,,
2024-06-13 09:05:00,LONG,2315.925,1.2118571428572003,2315.3252859290997,2314.7188966771873,0.599714070900518,1.2061033228128508,0.599714070900518,1.2061033228128508,0.4948719198754482,0.9952520640916604,0.4948719198754482,0.9952520640916604,54.854707092569214,9,5,LONDON,BULLISH_ENGULFING,False,,,,,,,,,,,,
2024-06-13 13:25:00,LONG,2318.875,4.448357142857146,2316.3897344496045,2315.053712392925,2.4852655503955248,3.8212876070751918,2.4852655503955248,3.8212876070751918,0.5586928995542065,0.8590334553535438,0.5586928995542065,0.8590334553535438,57.082995913030274,13,25,NEW_YORK,BULLISH_ENGULFING,False,,,,,,,,,,,,
2024-06-13 14:40:00,SHORT,2311.145,3.948499999999935,2312.955092776623,2313.9380275511276,-1.8100927766231507,-2.7930275511275795,1.8100927766231507,2.7930275511275795,-0.4584254214570547,-0.7073642018811259,0.4584254214570547,0.7073642018811259,45.978615909347184,14,40,NEW_YORK,BEARISH_ENGULFING,False,,,,,,,,,,,,
2024-06-17 04:05:00,SHORT,2323.895,0.9497857142857161,2323.516302080433,2324.8746802901833,0.3786979195670028,-0.9796802901832962,0.3786979195670028,0.9796802901832962,0.39871932570790625,-1.0314750742698444,0.39871932570790625,1.0314750742698444,50.76914211492509,4,5,ASIA,BEARISH_ENGULFING,False,,,,,,,,,,,,
2024-06-17 04:15:00,SHORT,2323.785,0.8514285714286091,2323.5831407052974,2324.7988032974745,0.20185929470244446,-1.0138032974746238,0.20185929470244446,1.0138032974746238,0.23708306424782696,-1.190708570859405,0.23708306424782696,1.190708570859405,49.890981875750875,4,15,ASIA,BEARISH_ENGULFING,False,,,,,,,,,,,,
2024-06-18 01:50:00,LONG,2322.768,1.453499999999914,2321.877213584811,2321.1324709360697,0.8907864151888134,1.6355290639303348,0.8907864151888134,1.6355290639303348,0.6128561508007334,1.125234994104184,0.6128561508007334,1.125234994104184,56.3652868800707,1,50,ASIA,BULLISH_ENGULFING,False,,,,,,,,,,,,
2024-06-20 12:05:00,LONG,2339.355,1.3531428571428543,2338.8460974701375,2338.0064789746493,0.5089025298625529,1.348521025350692,0.5089025298625529,1.348521025350692,0.3760892851602489,0.9965843726198125,0.3760892851602489,0.9965843726198125,55.66107821606681,12,5,LONDON,BULLISH_ENGULFING,False,,,,,,,,,,,,
2024-06-20 13:35:00,LONG,2341.085,2.874714285714325,2339.158802864038,2338.6062806647333,1.9261971359619565,2.47871933526676,1.9261971359619565,2.47871933526676,0.6700482011496055,0.8622489363845889,0.6700482011496055,0.8622489363845889,59.27126910897828,13,35,NEW_YORK,BULLISH_ENGULFING,False,,,,,,,,,,,,
2024-06-20 22:45:00,LONG,2359.245,0.9480000000000602,2359.0161329930256,2358.138799583368,0.22886700697426932,1.106200416631964,0.22886700697426932,1.106200416631964,0.2414208934327582,1.1668780766159215,0.2414208934327582,1.1668780766159215,52.95762535305523,22,45,OFF,BULLISH_ENGULFING,False,,,,,,,,,,,,
2024-06-24 10:20:00,SHORT,2325.545,1.9778571428571468,2326.77982735105,2326.9147896237605,-1.2348273510497165,-1.3697896237604255,1.2348273510497165,1.3697896237604255,-0.6243258546296857,-0.692562467773417,0.6243258546296857,0.692562467773417,43.919326884932175,10,20,LONDON,BEARISH_ENGULFING,False,,,,,,,,,,,,
2024-06-24 13:00:00,SHORT,2326.725,1.7565714285714031,2326.1789345372354,2326.257545506576,0.5460654627645454,0.46745449342370193,0.5460654627645454,0.46745449342370193,0.31087005850291743,0.26611755481180555,0.31087005850291743,0.26611755481180555,52.998516807335264,13,0,NEW_YORK,BEARISH_ENGULFING,False,,,,,,,,,,,,
2024-06-25 03:40:00,SHORT,2326.955,1.0947857142857305,2326.9789836495675,2327.8285971733744,-0.0239836495675263,-0.8735971733744918,0.0239836495675263,0.8735971733744918,-0.021907163433507095,-0.797961794691897,0.021907163433507095,0.797961794691897,49.05908185087394,3,40,ASIA,BEARISH_ENGULFING,False,,,,,,,,,,,,
2024-06-26 05:10:00,SHORT,2317.015,0.8796428571428935,2317.1934291231178,2317.7884583149435,-0.17842912311789405,-0.7734583149435821,0.17842912311789405,0.7734583149435821,-0.20284268969958696,-0.879286756736476,0.20284268969958696,0.879286756736476,47.32445653961628,5,10,ASIA,BEARISH_ENGULFING,False,,,,,,,,,,,,
2024-06-26 18:10:00,SHORT,2300.408,1.1465000000000276,2301.0652712601973,2301.582097967405,-0.6572712601973763,-1.1740979674050323,0.6572712601973763,1.1740979674050323,-0.5732850067137901,-1.024071493593549,0.5732850067137901,1.024071493593549,46.44273613396776,18,10,NY_LATE,BEARISH_ENGULFING,False,,,,,,,,,,,,
2024-06-27 03:05:00,LONG,2299.338,0.8112142857141862,2298.757593973079,2298.6607663277855,0.5804060269210822,0.6772336722146974,0.5804060269210822,0.6772336722146974,0.7154780643564452,0.8348394303959609,0.7154780643564452,0.8348394303959609,57.14398351201445,3,5,ASIA,BULLISH_ENGULFING,False,,,,,,,,,,,,
2024-06-27 03:15:00,LONG,2299.395,0.7964285714284804,2298.858574658235,2298.7108188977368,0.5364253417651526,0.68418110226321,0.5364253417651526,0.68418110226321,0.6735385457141698,0.8590614736938148,0.6735385457141698,0.8590614736938148,57.43385774990554,3,15,ASIA,BULLISH_ENGULFING,False,,,,,,,,,,,,
2024-06-27 04:50:00,LONG,2299.945,0.7005714285714605,2299.4865629553433,2299.1136622785643,0.4584370446568755,0.8313377214358297,0.4584370446568755,0.8313377214358297,0.6543758794041563,1.1866566170576147,0.6543758794041563,1.1866566170576147,56.869980743176605,4,50,ASIA,BULLISH_ENGULFING,False,,,,,,,,,,,,
2024-06-27 16:30:00,LONG,2325.868,1.9244999999999826,2326.4491175546364,2324.2384736878253,-0.5811175546364211,1.6295263121746757,0.5811175546364211,1.6295263121746757,-0.301957679727943,0.8467271042736765,0.301957679727943,0.8467271042736765,48.77248596732277,16,30,NEW_YORK,BULLISH_ENGULFING,False,,,,,,,,,,,,
2024-07-04 23:35:00,SHORT,2356.635,0.6369285714285654,2356.5975287512647,2356.9017833766484,0.037471248735528206,-0.26678337664816354,0.037471248735528206,0.26678337664816354,0.058831163204822234,-0.41885917607651957,0.058831163204822234,0.41885917607651957,50.03929439360023,23,35,OFF,BEARISH_ENGULFING,False,,,,,,,,,,,,
2024-07-05 03:50:00,LONG,2360.848,1.1814285714285688,2360.530178386081,2359.5364246523363,0.31782161391902264,1.31157534766362,0.31782161391902264,1.31157534766362,0.26901466716241396,1.1101605119280968,0.26901466716241396,1.1101605119280968,53.61076901424831,3,50,ASIA,BULLISH_ENGULFING,False,,,,,,,,,,,,
2024-07-08 12:55:00,SHORT,2372.685,1.7242857142856727,2373.861450183242,2374.3479010854335,-1.1764501832421956,-1.662901085433532,1.1764501832421956,1.662901085433532,-0.6822826249126402,-0.9643999666971835,0.6822826249126402,0.9643999666971835,44.53224083986648,12,55,LONDON,BEARISH_ENGULFING,False,,,,,,,,,,,,
2024-07-10 10:00:00,LONG,2371.965,0.9840000000000535,2372.458112532868,2371.7308724967925,-0.4931125328680537,0.23412750320767373,0.4931125328680537,0.23412750320767373,-0.5011306228333606,0.2379344544793303,0.5011306228333606,0.2379344544793303,47.15079700923098,10,0,LONDON,BULLISH_ENGULFING,False,,,,,,,,,,,,
2024-07-10 16:10:00,LONG,2380.145,1.787214285714234,2378.8648646818724,2378.3053140649863,1.2801353181275772,1.8396859350136765,1.2801353181275772,1.8396859350136765,0.7162741079008274,1.0293594616598944,0.7162741079008274,1.0293594616598944,55.81768146732961,16,10,NEW_YORK,BULLISH_ENGULFING,False,,,,,,,,,,,,
2024-07-11 01:25:00,LONG,2373.835,0.8782857142857016,2373.362466727104,2372.9390196305953,0.4725332728958165,0.8959803694046968,0.4725332728958165,0.8959803694046968,0.5380177147480096,1.0201468096670412,0.5380177147480096,1.0201468096670412,56.028298020546735,1,25,ASIA,BULLISH_ENGULFING,False,,,,,,,,,,,,
2024-07-11 17:55:00,LONG,2413.575,2.0067142857142892,2413.943989342908,2411.419405467683,-0.3689893429082076,2.155594532316627,0.3689893429082076,2.155594532316627,-0.18387736885864944,1.0741910533363965,0.18387736885864944,1.0741910533363965,49.23724577611302,17,55,NEW_YORK,BULLISH_ENGULFING,False,,,,,,,,,,,,
2024-07-15 01:00:00,SHORT,2407.625,1.2012142857142538,2407.4966406931435,2408.6772478833186,0.12835930685650965,-1.0522478833186142,0.12835930685650965,1.0522478833186142,0.10685795896956549,-0.8759868208634709,0.10685795896956549,0.8759868208634709,49.26980814339072,1,0,ASIA,BEARISH_ENGULFING,False,,,,,,,,,,,,
2024-07-15 09:50:00,LONG,2409.555,1.0900000000000156,2409.234684819122,2408.5265618412463,0.3203151808779694,1.028438158753488,0.3203151808779694,1.028438158753488,0.2938671384201512,0.9435212465628195,0.2938671384201512,0.9435212465628195,54.25045874782867,9,50,LONDON,BULLISH_ENGULFING,False,,,,,,,,,,,,
2024-07-16 00:35:00,SHORT,2420.795,0.9117857142856727,2421.391379350558,2421.750850014328,-0.5963793505579815,-0.9558500143280071,0.5963793505579815,0.9558500143280071,-0.6540784103260574,-1.0483274736069494,0.6540784103260574,1.0483274736069494,44.70497358708601,0,35,ASIA,BEARISH_ENGULFING,False,,,,,,,,,,,,
2024-07-16 03:35:00,LONG,2427.195,1.3122142857142924,2427.528031234753,2425.767481904754,-0.3330312347529798,1.4275180952463415,0.3330312347529798,1.4275180952463415,-0.25379333114918584,1.087869649635223,0.25379333114918584,1.087869649635223,50.68112438591822,3,35,ASIA,BULLISH_ENGULFING,False,,,,,,,,,,,,
2024-07-17 04:20:00,SHORT,2470.578,1.9191428571428202,2471.6491942174953,2471.8406444964826,-1.0711942174953037,-1.2626444964826078,1.0711942174953037,1.2626444964826078,-0.5581628347824379,-0.657921056675482,0.5581628347824379,0.657921056675482,45.5933753234584,4,20,ASIA,BEARISH_ENGULFING,False,,,,,,,,,,,,
2024-07-19 04:05:00,SHORT,2428.495,1.3537857142858098,2427.6278190602266,2429.8535871165786,0.8671809397733341,-1.3585871165787466,0.8671809397733341,1.3585871165787466,0.6405599723962339,-1.0035466486625395,0.6405599723962339,1.0035466486625395,53.19699592549223,4,5,ASIA,BEARISH_ENGULFING,False,,,,,,,,,,,,
2024-07-22 03:10:00,SHORT,2407.605,1.6607142857142858,2406.998973382516,2407.0364191488857,0.6060266174840763,0.5685808511143478,0.6060266174840763,0.5685808511143478,0.3649192535387986,0.3423712651871341,0.3649192535387986,0.3423712651871341,52.15881439380419,3,10,ASIA,BEARISH_ENGULFING,False,,,,,,,,,,,,
2024-07-22 09:30:00,SHORT,2401.545,1.3984999999999803,2402.0215479236736,2402.80935478104,-0.4765479236734791,-1.2643547810398559,0.4765479236734791,1.2643547810398559,-0.340756470270637,-0.9040792141865382,0.340756470270637,0.9040792141865382,46.56595890303915,9,30,LONDON,BEARISH_ENGULFING,False,,,,,,,,,,,,
2024-07-23 18:25:00,SHORT,2404.058,1.5087857142857501,2404.681314469952,2404.7447844268427,-0.62331446995222,-0.6867844268426779,0.62331446995222,0.6867844268426779,-0.41312325802825695,-0.45519017070478923,0.41312325802825695,0.45519017070478923,46.868122453470285,18,25,NY_LATE,BEARISH_ENGULFING,False,,,,,,,,,,,,
2024-07-25 06:10:00,SHORT,2376.255,2.3564285714286535,2374.8705820295063,2377.1604750161378,1.3844179704938142,-0.9054750161376433,1.3844179704938142,0.9054750161376433,0.5875068683514012,-0.38425735756067186,0.5875068683514012,0.38425735756067186,54.31633832156001,6,10,ASIA,BEARISH_ENGULFING,False,,,,,,,,,,,,
2024-07-25 12:50:00,SHORT,2369.195,4.289928571428683,2370.353010812802,2372.2169495292337,-1.1580108128018765,-3.0219495292335523,1.1580108128018765,3.0219495292335523,-0.2699370848536581,-0.7044288684338507,0.2699370848536581,0.7044288684338507,46.934099860576865,12,50,LONDON,BEARISH_ENGULFING,False,,,,,,,,,,,,
2024-07-25 15:40:00,SHORT,2364.718,2.588857142857218,2365.50242484373,2367.3656321629423,-0.7844248437299939,-2.6476321629425,0.7844248437299939,2.6476321629425,-0.3030004362713717,-1.0227030758523874,0.3030004362713717,1.0227030758523874,46.89770791079904,15,40,NEW_YORK,BEARISH_ENGULFING,False,,,,,,,,,,,,
2024-07-26 15:00:00,LONG,2383.325,3.3644999999999072,2382.691398889361,2379.468246852438,0.633601110638665,3.8567531475619035,0.633601110638665,3.8567531475619035,0.1883195454417246,1.146307964797744,0.1883195454417246,1.146307964797744,53.80701220423461,15,0,NEW_YORK,BULLISH_ENGULFING,False,,,,,,,,,,,,
2024-07-29 05:05:00,LONG,2394.975,0.9210000000000491,2394.385703690169,2394.1153756022713,0.5892963098308428,0.8596243977285667,0.5892963098308428,0.8596243977285667,0.6398439846154304,0.9333598238094689,0.6398439846154304,0.9333598238094689,55.59897778432197,5,5,ASIA,BULLISH_ENGULFING,False,,,,,,,,,,,,
2024-07-29 05:55:00,SHORT,2392.578,1.4434285714286423,2393.589785757051,2393.8283850922708,-1.0117857570508022,-1.2503850922707898,1.0117857570508022,1.2503850922707898,-0.7009600454627145,-0.8662604558486835,0.7009600454627145,0.8662604558486835,42.096998002899944,5,55,ASIA,BEARISH_ENGULFING,False,,,,,,,,,,,,
2024-07-29 18:45:00,SHORT,2378.848,1.542071428571457,2379.3307722240215,2380.53457063517,-0.4827722240215735,-1.6865706351700283,0.4827722240215735,1.6865706351700283,-0.31306735542646275,-1.0937046131075994,0.31306735542646275,1.0937046131075994,47.44638094504713,18,45,NY_LATE,BEARISH_ENGULFING,False,,,,,,,,,,,,
2024-07-30 10:20:00,LONG,2390.205,1.071785714285787,2389.4423809835503,2388.9573593357063,0.762619016449662,1.2476406642936126,0.762619016449662,1.2476406642936126,0.711540568496804,1.164076594475801,0.711540568496804,1.164076594475801,56.040435610716706,10,20,LONDON,BULLISH_ENGULFING,False,,,,,,,,,,,,
2024-07-31 08:35:00,LONG,2417.375,1.8444999999999578,2417.73029938206,2417.5108518149027,-0.3552993820599113,-0.1358518149027077,0.3552993820599113,0.1358518149027077,-0.19262639309293544,-0.07365237999604815,0.19262639309293544,0.07365237999604815,47.613332508360756,8,35,LONDON,BULLISH_ENGULFING,False,,,,,,,,,,,,
2024-07-31 10:50:00,LONG,2418.585,1.3457142857143285,2419.5782444902457,2419.151764493312,-0.9932444902456155,-0.5667644933118936,0.9932444902456155,0.5667644933118936,-0.7380797698215591,-0.4211625746478906,0.7380797698215591,0.4211625746478906,43.212692467224194,10,50,LONDON,BULLISH_ENGULFING,False,,,,,,,,,,,,
2024-07-31 15:45:00,LONG,2423.765,2.324357142857122,2422.6710728552484,2421.9956218356397,1.093927144751433,1.7693781643602051,1.093927144751433,1.7693781643602051,0.4706364287059463,0.7612333456575733,0.4706364287059463,0.7612333456575733,53.95182419405134,15,45,NEW_YORK,BULLISH_ENGULFING,False,,,,,,,,,,,,
2024-07-31 16:15:00,LONG,2424.165,1.900571428571441,2423.1053638677486,2422.3370534185365,1.0596361322513985,1.8279465814634932,1.0596361322513985,1.8279465814634932,0.5575355476367815,0.9617878886232989,0.5575355476367815,0.9617878886232989,55.33064437862693,16,15,NEW_YORK,BULLISH_ENGULFING,False,,,,,,,,,,,,
2024-08-01 05:05:00,SHORT,2443.948,1.1239285714285805,2444.5201434172864,2445.1152118876,-0.5721434172864974,-1.167211887599933,0.5721434172864974,1.167211887599933,-0.5090567424220463,-1.0385107357101322,0.5090567424220463,1.0385107357101322,46.221809912735154,5,5,ASIA,BEARISH_ENGULFING,False,,,,,,,,,,,,
2024-08-01 15:45:00,LONG,2445.555,3.5369999999999373,2447.5308990504786,2446.8442859660427,-1.9758990504788017,-1.2892859660428257,1.9758990504788017,1.2892859660428257,-0.5586369947635953,-0.36451398531038975,0.5586369947635953,0.36451398531038975,45.25008144722642,15,45,NEW_YORK,BULLISH_ENGULFING,False,,,,,,,,,,,,
2024-08-01 16:20:00,SHORT,2445.255,2.868000000000003,2446.5054076974416,2446.509137178862,-1.2504076974414602,-1.2541371788620381,1.2504076974414602,1.2541371788620381,-0.43598594750399544,-0.43728632456835315,0.43598594750399544,0.43728632456835315,45.02559595293622,16,20,NEW_YORK,BEARISH_ENGULFING,False,,,,,,,,,,,,
2024-08-02 09:00:00,LONG,2463.265,1.5425000000000506,2462.893042438179,2461.4946566092876,0.3719575618210911,1.7703433907122417,0.3719575618210911,1.7703433907122417,0.24113942419518888,1.1477104639949327,0.24113942419518888,1.1477104639949327,52.522367072799426,9,0,LONDON,BULLISH_ENGULFING,False,,,,,,,,,,,,
2024-08-02 09:10:00,LONG,2463.375,1.537285714285807,2462.93738848114,2461.620403890389,0.43761151886019434,1.7545961096111569,0.43761151886019434,1.7545961096111569,0.28466505269223824,1.1413597962343052,0.28466505269223824,1.1413597962343052,52.97766819827512,9,10,LONDON,BULLISH_ENGULFING,False,,,,,,,,,,,,
2024-08-05 22:50:00,LONG,2409.455,1.3169285714285965,2409.559649177766,2407.906941414507,-0.10464917776607763,1.5480585854929814,0.10464917776607763,1.5480585854929814,-0.07946458147882296,1.1755068718826993,0.07946458147882296,1.1755068718826993,50.947138960701004,22,50,OFF,BULLISH_ENGULFING,False,,,,,,,,,,,,
2024-08-05 23:05:00,LONG,2409.245,1.2800000000000051,2409.375828065036,2408.012603451729,-0.13082806503598476,1.2323965482710264,0.13082806503598476,1.2323965482710264,-0.10220942580936268,0.9628098033367355,0.10220942580936268,0.9628098033367355,50.41563926174278,23,5,OFF,BULLISH_ENGULFING,False,,,,,,,,,,,,
2024-08-06 22:40:00,SHORT,2389.115,1.2677857142856672,2388.9598009115807,2389.632366740756,0.15519908841906727,-0.5173667407561879,0.15519908841906727,0.5173667407561879,0.12241744536971223,-0.40808689901329087,0.12241744536971223,0.40808689901329087,50.35044612386297,22,40,OFF,BEARISH_ENGULFING,False,,,,,,,,,,,,
2024-08-06 22:50:00,SHORT,2388.615,1.2602142857142877,2388.948952673652,2389.576744538468,-0.33395267365222026,-0.9617445384683379,0.33395267365222026,0.9617445384683379,-0.26499673701360743,-0.7631595272094717,0.26499673701360743,0.7631595272094717,46.7481609437722,22,50,OFF,BEARISH_ENGULFING,False,,,,,,,,,,,,
2024-08-07 01:40:00,SHORT,2382.385,2.7401428571428306,2383.911835017517,2385.5619427496645,-1.5268350175169871,-3.1769427496642493,1.5268350175169871,3.1769427496642493,-0.5572100058713838,-1.1594077080261698,0.5572100058713838,1.1594077080261698,45.12465125769449,1,40,ASIA,BEARISH_ENGULFING,False,,,,,,,,,,,,
2024-08-08 22:50:00,LONG,2425.445,1.296785714285696,2425.332628558514,2423.9220951556176,0.11237144148617517,1.5229048443825377,0.11237144148617517,1.5229048443825377,0.0866538243352506,1.1743689243379691,0.0866538243352506,1.1743689243379691,52.68255324034987,22,50,OFF,BULLISH_ENGULFING,False,,,,,,,,,,,,
2024-08-09 12:50:00,LONG,2428.338,1.909000000000008,2427.3493461089033,2426.4466045724107,0.9886538910968738,1.8913954275894866,0.9886538910968738,1.8913954275894866,0.5178909853833785,0.9907781181715446,0.5178909853833785,0.9907781181715446,54.60581270891009,12,50,LONDON,BULLISH_ENGULFING,False,,,,,,,,,,,,
2024-08-09 15:25:00,LONG,2429.325,2.6407857142856495,2429.16776770478,2428.3690440405926,0.15723229521972826,0.9559559594072198,0.15723229521972826,0.9559559594072198,0.059539967354852445,0.36199679293774595,0.059539967354852445,0.36199679293774595,51.01542758420554,15,25,NEW_YORK,BULLISH_ENGULFING,False,,,,,,,,,,,,
2024-08-12 01:15:00,SHORT,2427.885,1.096642857142862,2428.349361747732,2428.77489967681,-0.4643617477318003,-0.8898996768098186,0.4643617477318003,0.8898996768098186,-0.4234393583172784,-0.8114762896722079,0.4234393583172784,0.8114762896722079,46.16089289736848,1,15,ASIA,BEARISH_ENGULFING,False,,,,,,,,,,,,
2024-08-13 06:05:00,SHORT,2462.165,1.8797142857143367,2461.756704931446,2463.194083224986,0.40829506855379805,-1.0290832249861523,0.40829506855379805,1.0290832249861523,0.21721123878070442,-0.5474678959494506,0.21721123878070442,0.5474678959494506,50.69403639616998,6,5,ASIA,BEARISH_ENGULFING,False,,,,,,,,,,,,
2024-08-14 23:30:00,LONG,2447.775,0.5318571428572015,2447.5128929172733,2447.1804906272964,0.2621070827267431,0.5945093727036692,0.2621070827267431,0.5945093727036692,0.4928148211353745,1.1177989817150753,0.4928148211353745,1.1177989817150753,55.357075527284415,23,30,OFF,BULLISH_ENGULFING,False,,,,,,,,,,,,
2024-08-15 01:30:00,LONG,2450.595,1.9649999999999506,2450.660779903754,2449.373368114466,-0.06577990375399168,1.2216318855339523,0.06577990375399168,1.2216318855339523,-0.03347577799185411,0.6216956160478285,0.03347577799185411,0.6216956160478285,51.32758428192637,1,30,ASIA,BULLISH_ENGULFING,False,,,,,,,,,,,,
2024-08-15 16:50:00,LONG,2456.065,1.640999999999979,2456.308578887699,2454.8666251220616,-0.2435788876987317,1.1983748779384769,0.2435788876987317,1.1983748779384769,-0.1484332039602284,0.7302711017297332,0.1484332039602284,0.7302711017297332,51.15818940633787,16,50,NEW_YORK,BULLISH_ENGULFING,False,,,,,,,,,,,,
2024-08-15 18:15:00,LONG,2456.288,1.3318571428571562,2455.559441410846,2455.073605350312,0.7285585891540904,1.2143946496880744,0.7285585891540904,1.2143946496880744,0.5470245762178035,0.9118054861971936,0.5470245762178035,0.9118054861971936,55.1299371487386,18,15,NY_LATE,BULLISH_ENGULFING,False,,,,,,,,,,,,
2024-08-18 22:45:00,LONG,2505.085,2.2362857142856813,2505.2437757869807,2503.0907076616445,-0.158775786980641,1.9942923383555353,0.158775786980641,1.9942923383555353,-0.07099977698125101,0.8917878094090298,0.07099977698125101,0.8917878094090298,50.120354296970454,22,45,OFF,BULLISH_ENGULFING,False,,,,,,,,,,,,
2024-08-18 23:15:00,LONG,2504.475,1.3997857142857615,2504.924832195978,2503.4033516258078,-0.4498321959781606,1.0716483741921365,0.4498321959781606,1.0716483741921365,-0.32135789884645793,0.7655803050818699,0.32135789884645793,0.7655803050818699,47.32561760389808,23,15,OFF,BULLISH_ENGULFING,False,,,,,,,,,,,,
2024-08-19 08:00:00,LONG,2503.505,1.7483571428571654,2502.6790273799224,2502.325399787016,0.825972620077664,1.1796002129840417,0.825972620077664,1.1796002129840417,0.4724278580335477,0.6746906476192496,0.4724278580335477,0.6746906476192496,54.0909283674333,8,0,LONDON,BULLISH_ENGULFING,False,,,,,,,,,,,,
2024-08-19 09:15:00,LONG,2502.588,1.2901428571429798,2503.325131386402,2502.9831352096767,-0.7371313864018703,-0.3951352096764822,0.7371313864018703,0.3951352096764822,-0.5713564062465509,-0.3062724468757737,0.5713564062465509,0.3062724468757737,45.95864466554985,9,15,LONDON,BULLISH_ENGULFING,False,,,,,,,,,,,,
2024-08-20 05:50:00,SHORT,2501.008,1.119785714285724,2501.668443332653,2501.7437045389725,-0.6604433326533581,-0.7357045389726409,0.6604433326533581,0.7357045389726409,-0.5897943903263975,-0.6570047550945259,0.5897943903263975,0.6570047550945259,45.43020801475899,5,50,ASIA,BEARISH_ENGULFING,False,,,,,,,,,,,,
2024-08-21 14:55:00,SHORT,2501.428,4.8879285714285094,2502.5194344309325,2505.278132857529,-1.0914344309326225,-3.8501328575289335,1.0914344309326225,3.8501328575289335,-0.22329181267345075,-0.7876818986337443,0.22329181267345075,0.7876818986337443,46.4172487724945,14,55,NEW_YORK,BEARISH_ENGULFING,False,,,,,,,,,,,,
2024-08-21 16:55:00,LONG,2506.985,1.911857142857181,2506.5879297862066,2506.356378220281,0.39707021379354046,0.6286217797191966,0.39707021379354046,0.6286217797191966,0.20768822360866232,0.3288016482129783,0.20768822360866232,0.3288016482129783,51.963027856958945,16,55,NEW_YORK,BULLISH_ENGULFING,False,,,,,,,,,,,,
2024-08-22 16:20:00,SHORT,2483.425,2.4702857142857346,2481.6668700829127,2485.7731387218455,1.7581299170874445,-2.3481387218453165,1.7581299170874445,2.3481387218453165,0.7117111623647936,-0.9505534960049202,0.7117111623647936,0.9505534960049202,53.76476395513517,16,20,NEW_YORK,BEARISH_ENGULFING,False,,,,,,,,,,,,
2024-08-23 10:50:00,LONG,2498.355,1.4016428571428605,2497.8764017824005,2496.713557736733,0.4785982175994832,1.6414422632669812,0.4785982175994832,1.6414422632669812,0.34145518250995,1.1710845276327617,0.34145518250995,1.1710845276327617,53.48089052036027,10,50,LONDON,BULLISH_ENGULFING,False,,,,,,,,,,,,
2024-08-23 13:10:00,LONG,2500.495,1.5863571428571308,2500.1909436387405,2499.0384874417296,0.3040563612594269,1.456512558270333,0.3040563612594269,1.456512558270333,0.1916695509762713,0.9181492104905588,0.1916695509762713,0.9181492104905588,53.12595245656268,13,10,NEW_YORK,BULLISH_ENGULFING,False,,,,,,,,,,,,
2024-08-23 18:45:00,LONG,2510.485,1.4694285714285797,2510.4428271042348,2509.4033782198867,0.04217289576536132,1.0816217801134371,0.04217289576536132,1.0816217801134371,0.028700201279168537,0.736083264708732,0.028700201279168537,0.736083264708732,50.648787988035345,18,45,NY_LATE,BULLISH_ENGULFING,False,,,,,,,,,,,,
2024-08-25 22:35:00,LONG,2512.045,1.2502857142856751,2511.843782353417,2510.9986310795366,0.20121764658324537,1.0463689204634647,0.20121764658324537,1.0463689204634647,0.16093733159080914,0.8369038440635834,0.16093733159080914,0.8369038440635834,52.13591241828121,22,35,OFF,BULLISH_ENGULFING,False,,,,,,,,,,,,
2024-08-26 12:40:00,LONG,2525.385,1.7482142857143117,2524.5440059451594,2523.368672522989,0.8409940548408485,2.0163274770111457,0.8409940548408485,2.0163274770111457,0.4810589077741248,1.1533640317938967,0.4810589077741248,1.1533640317938967,55.28205123506725,12,40,LONDON,BULLISH_ENGULFING,False,,,,,,,,,,,,
2024-08-26 14:50:00,SHORT,2517.725,2.8096428571429573,2518.685312418734,2520.6925618429223,-0.9603124187342473,-2.9675618429223505,0.9603124187342473,2.9675618429223505,-0.34179163244639593,-1.0562060709523688,0.34179163244639593,1.0562060709523688,44.200330853106514,14,50,NEW_YORK,BEARISH_ENGULFING,False,,,,,,,,,,,,
2024-08-27 08:50:00,SHORT,2510.575,2.0988571428571765,2510.8501546580624,2511.128379294341,-0.27515465806254724,-0.5533792943410845,0.27515465806254724,0.5533792943410845,-0.13109737315803158,-0.2636574367266219,0.13109737315803158,0.2636574367266219,48.41724292173729,8,50,LONDON,BEARISH_ENGULFING,False,,,,,,,,,,,,
2024-08-27 10:20:00,SHORT,2508.605,1.7561428571429067,2509.795153154451,2510.522610496799,-1.1901531544508543,-1.9176104967991705,1.1901531544508543,1.9176104967991705,-0.6777086212605341,-1.0919444787760364,0.6777086212605341,1.0919444787760364,43.89479970746175,10,20,LONDON,BEARISH_ENGULFING,False,,,,,,,,,,,,
2024-08-27 10:55:00,SHORT,2508.858,1.656857142857169,2509.2879794571277,2510.0808212584957,-0.4299794571275015,-1.2228212584955145,0.4299794571275015,1.2228212584955145,-0.2595151060434957,-0.7380366278210438,0.2595151060434957,0.7380366278210438,46.76298251377959,10,55,LONDON,BEARISH_ENGULFING,False,,,,,,,,,,,,
2024-08-28 23:05:00,LONG,2507.255,1.3828571428571195,2506.5515474559256,2506.19718493084,0.7034525440744801,1.0578150691599149,0.7034525440744801,1.0578150691599149,0.5086950215414715,0.7649489136487116,0.5086950215414715,0.7649489136487116,54.9740204943249,23,5,OFF,BULLISH_ENGULFING,False,,,,,,,,,,,,
2024-08-29 15:30:00,LONG,2520.428,2.305285714285804,2519.4679186358144,2517.950836724168,0.9600813641854984,2.4771632758320266,0.9600813641854984,2.4771632758320266,0.4164695760859037,1.074558030044216,0.4164695760859037,1.074558030044216,54.55438567714208,15,30,NEW_YORK,BULLISH_ENGULFING,False,,,,,,,,,,,,
2024-09-02 05:10:00,SHORT,2496.245,1.0515000000000003,2496.283693940732,2496.8729704057337,-0.03869394073217336,-0.6279704057337767,0.03869394073217336,0.6279704057337767,-0.03679880240815345,-0.5972138903792454,0.03679880240815345,0.5972138903792454,50.015344499029204,5,10,ASIA,BEARISH_ENGULFING,False,,,,,,,,,,,,
2024-09-02 15:35:00,LONG,2501.375,0.9364285714285481,2500.800349334837,2500.5051064823356,0.5746506651630625,0.8698935176644227,0.5746506651630625,0.8698935176644227,0.6136620375501964,0.9289480737835409,0.6136620375501964,0.9289480737835409,55.497405398763334,15,35,NEW_YORK,BULLISH_ENGULFING,False,,,,,,,,,,,,
2024-09-03 13:10:00,SHORT,2493.778,3.565428571428551,2494.295961283895,2495.885744925928,-0.5179612838951471,-2.107744925928273,0.5179612838951471,2.107744925928273,-0.14527321849771818,-0.591161730967946,0.14527321849771818,0.591161730967946,47.45588899978259,13,10,NEW_YORK,BEARISH_ENGULFING,False,,,,,,,,,,,,
2024-09-04 22:35:00,LONG,2494.975,0.8487857142857008,2494.753221916148,2494.2840244962244,0.22177808385185926,0.6909755037754621,0.22177808385185926,0.6909755037754621,0.2612886622844466,0.8140753221288078,0.2612886622844466,0.8140753221288078,53.04916513264554,22,35,OFF,BULLISH_ENGULFING,False,,,,,,,,,,,,
2024-09-06 06:10:00,LONG,2519.115,1.139357142857177,2519.3419217635033,2518.361293689123,-0.22692176350346926,0.7537063108766233,0.22692176350346926,0.7537063108766233,-0.19916649044250986,0.661518923720921,0.19916649044250986,0.661518923720921,50.09225108434049,6,10,ASIA,BULLISH_ENGULFING,False,,,,,,,,,,,,
2024-09-06 09:00:00,SHORT,2516.915,1.0694999999999644,2517.5716031183324,2517.9561799060675,-0.6566031183324412,-1.0411799060675548,0.6566031183324412,1.0411799060675548,-0.6139346594973942,-0.9735202487775498,0.6139346594973942,0.9735202487775498,43.93660054187842,9,0,LONDON,BEARISH_ENGULFING,False,,,,,,,,,,,,
2024-09-09 01:55:00,LONG,2497.575,1.5714285714286038,2497.097582481442,2496.9077162034764,0.4774175185580134,0.6672837965234066,0.4774175185580134,0.6672837965234066,0.303811148173275,0.4246351432421591,0.303811148173275,0.4246351432421591,53.13743756125049,1,55,ASIA,BULLISH_ENGULFING,False,,,,,,,,,,,,
2024-09-10 06:50:00,LONG,2504.935,1.1495000000000866,2504.080817423892,2503.60426698579,0.8541825761080872,1.3307330142097271,0.8541825761080872,1.3307330142097271,0.7430905403288586,1.1576624743015458,0.7430905403288586,1.1576624743015458,58.78498770583519,6,50,ASIA,BULLISH_ENGULFING,False,,,,,,,,,,,,
2024-09-12 09:00:00,LONG,2517.785,1.1404285714285314,2517.230299668932,2516.96917752698,0.5547003310680338,0.8158224730200345,0.5547003310680338,0.8158224730200345,0.48639638199628876,0.7153648141225657,0.48639638199628876,0.7153648141225657,53.62756897722182,9,0,LONDON,BULLISH_ENGULFING,False,,,,,,,,,,,,
2024-09-13 14:20:00,LONG,2576.965,3.7785714285714675,2576.3961842329745,2573.1400805257317,0.568815767025626,3.8249194742684267,0.568815767025626,3.8249194742684267,0.1505372540332454,1.012266023435868,0.1505372540332454,1.012266023435868,54.607328937226065,14,20,NEW_YORK,BULLISH_ENGULFING,False,,,,,,,,,,,,
2024-09-15 23:00:00,SHORT,2579.298,1.0882857142857378,2579.4019908313453,2579.998831794785,-0.10399083134552711,-0.7008317947852447,0.10399083134552711,0.7008317947852447,-0.09555471507202337,-0.6439777584007097,0.09555471507202337,0.6439777584007097,47.44712627405997,23,0,OFF,BEARISH_ENGULFING,False,,,,,,,,,,,,
2024-09-16 12:15:00,SHORT,2581.125,1.4200714285714509,2581.645606394266,2582.734302927469,-0.5206063942659966,-1.6093029274688888,0.5206063942659966,1.6093029274688888,-0.36660578037944963,-1.1332549159782752,0.36660578037944963,1.1332549159782752,46.198555303642685,12,15,LONDON,BEARISH_ENGULFING,False,,,,,,,,,,,,
2024-09-16 15:15:00,SHORT,2579.275,2.3759999999999764,2580.874294130272,2581.8354481240435,-1.5992941302720283,-2.5604481240434325,1.5992941302720283,2.5604481240434325,-0.6731035901818367,-1.0776296818364721,0.6731035901818367,1.0776296818364721,44.149385908677736,15,15,NEW_YORK,BEARISH_ENGULFING,False,,,,,,,,,,,,
2024-09-16 16:10:00,SHORT,2579.755,1.6544285714285902,2580.2805161506894,2581.1776492488893,-0.5255161506893273,-1.422649248889229,0.5255161506893273,1.422649248889229,-0.3176420909097012,-0.8599036993545022,0.3176420909097012,0.8599036993545022,46.75939126945882,16,10,NEW_YORK,BEARISH_ENGULFING,False,,,,,,,,,,,,
2024-09-18 15:35:00,SHORT,2570.748,2.010428571428552,2571.944828609387,2572.8608330071393,-1.196828609387012,-2.1128330071392156,1.196828609387012,2.1128330071392156,-0.5953101872883653,-1.0509366197665495,0.5953101872883653,1.0509366197665495,44.10603476138934,15,35,NEW_YORK,BEARISH_ENGULFING,False,,,,,,,,,,,,
2024-09-19 23:25:00,SHORT,2586.925,0.4374999999999675,2587.1796173110706,2587.2862351618983,-0.25461731107043306,-0.3612351618980938,0.25461731107043306,0.3612351618980938,-0.5819824253038902,-0.8256803700528471,0.5819824253038902,0.8256803700528471,46.196782891361025,23,25,OFF,BEARISH_ENGULFING,False,,,,,,,,,,,,
2024-09-22 23:50:00,LONG,2620.815,0.7457142857142897,2620.6507224821703,2620.547035839675,0.16427751782975974,0.26796416032493653,0.16427751782975974,0.26796416032493653,0.22029552199392952,0.35933891231313136,0.22029552199392952,0.35933891231313136,51.45371321558766,23,50,OFF,BULLISH_ENGULFING,False,,,,,,,,,,,,
2024-09-23 12:25:00,LONG,2621.605,1.8745714285714061,2622.515669845736,2621.9600480172203,-0.9106698457358107,-0.3550480172202697,0.9106698457358107,0.3550480172202697,-0.4858016247638128,-0.18940223445678384,0.4858016247638128,0.18940223445678384,47.26527349017864,12,25,LONDON,BULLISH_ENGULFING,False,,,,,,,,,,,,
2024-09-24 08:10:00,SHORT,2627.985,1.9739285714286845,2628.2029819229165,2629.432741823618,-0.21798192291635132,-1.4477418236178892,0.21798192291635132,1.4477418236178892,-0.1104305019297537,-0.7334317181345861,0.1104305019297537,0.7334317181345861,48.02415857337707,8,10,LONDON,BEARISH_ENGULFING,False,,,,,,,,,,,,
2024-09-24 08:20:00,SHORT,2627.765,1.973642857142977,2628.176953456174,2629.3278635595952,-0.41195345617416024,-1.562863559595371,0.41195345617416024,1.562863559595371,-0.2087274577987729,-0.7918674617036613,0.2087274577987729,0.7918674617036613,47.3260147825971,8,20,LONDON,BEARISH_ENGULFING,False,,,,,,,,,,,,
2024-09-25 00:20:00,LONG,2658.255,0.960071428571447,2658.0699445468736,2657.523958292374,0.18505545312655158,0.731041707625991,0.18505545312655158,0.731041707625991,0.1927517553583567,0.7614451236339318,0.1927517553583567,0.7614451236339318,51.052211772260165,0,20,ASIA,BULLISH_ENGULFING,False,,,,,,,,,,,,
2024-09-25 18:55:00,LONG,2660.254,1.1534285714286139,2659.6332898875403,2659.002316164057,0.6207101124596193,1.251683835942913,0.6207101124596193,1.251683835942913,0.5381435208344284,1.0851853915779128,0.5381435208344284,1.0851853915779128,54.58737680875164,18,55,NY_LATE,BULLISH_ENGULFING,False,,,,,,,,,,,,
2024-09-26 14:20:00,SHORT,2665.865,5.298214285714396,2666.635899167294,2669.3807503225144,-0.7708991672943739,-3.5157503225145774,0.7708991672943739,3.5157503225145774,-0.14550169655707462,-0.6635726931608097,0.14550169655707462,0.6635726931608097,46.826874891579045,14,20,NEW_YORK,BEARISH_ENGULFING,False,,,,,,,,,,,,
2024-09-26 18:05:00,LONG,2671.234,1.738499999999996,2670.2416350091707,2669.571776011387,0.9923649908291736,1.6622239886128227,0.9923649908291736,1.6622239886128227,0.570816790813446,0.9561253889058536,0.570816790813446,0.9561253889058536,54.773175942721295,18,5,NY_LATE,BULLISH_ENGULFING,False,,,,,,,,,,,,
2024-09-27 10:55:00,SHORT,2664.198,1.3720714285714166,2663.644664644196,2664.054624733086,0.553335355803938,0.1433752669140631,0.553335355803938,0.1433752669140631,0.40328465725728563,0.10449548320042172,0.40328465725728563,0.10449548320042172,53.504958187071736,10,55,LONDON,BEARISH_ENGULFING,False,,,,,,,,,,,,
2024-09-27 16:40:00,SHORT,2652.975,2.9120714285715428,2652.5449529601847,2656.3620829427323,0.4300470398152356,-3.387082942732377,0.4300470398152356,3.387082942732377,0.14767736656315,-1.163118084776458,0.14767736656315,1.163118084776458,48.66554163368823,16,40,NEW_YORK,BEARISH_ENGULFING,False,,,,,,,,,,,,
2024-09-30 08:40:00,SHORT,2654.308,1.7657142857142714,2654.8728833747346,2655.6113130806248,-0.5648833747345634,-1.3033130806247755,0.5648833747345634,1.3033130806247755,-0.3199177688626194,-0.7381222948522251,0.3199177688626194,0.7381222948522251,46.43589868977141,8,40,LONDON,BEARISH_ENGULFING,False,,,,,,,,,,,,
2024-10-03 04:25:00,SHORT,2655.595,1.0352142857142812,2655.8341439603605,2656.474631509263,-0.23914396036070684,-0.879631509263163,0.23914396036070684,0.879631509263163,-0.2310091385530884,-0.8497095928851401,0.2310091385530884,0.8497095928851401,47.138519005409286,4,25,ASIA,BEARISH_ENGULFING,False,,,,,,,,,,,,
2024-10-03 04:50:00,SHORT,2655.235,0.9037857142857645,2655.7338945471984,2656.3161774365044,-0.49889454719823334,-1.0811774365042766,0.49889454719823334,1.0811774365042766,-0.5520053474096956,-1.1962763068884084,0.5520053474096956,1.1962763068884084,45.03671873500092,4,50,ASIA,BEARISH_ENGULFING,False,,,,,,,,,,,,
2024-10-04 10:25:00,SHORT,2659.095,1.151571428571385,2658.8251340403854,2659.9528438394614,0.26986595961443527,-0.857843839461566,0.26986595961443527,0.857843839461566,0.23434582772622733,-0.7449332435468539,0.23434582772622733,0.7449332435468539,49.92053232896349,10,25,LONDON,BEARISH_ENGULFING,False,,,,,,,,,,,,
2024-10-09 22:30:00,SHORT,2607.955,0.7447857142856265,2607.93527604639,2608.486290480686,0.01972395361008239,-0.5312904806860388,0.01972395361008239,0.5312904806860388,0.02648272279094524,-0.7133467660501985,0.02648272279094524,0.7133467660501985,49.477316965619174,22,30,OFF,BEARISH_ENGULFING,False,,,,,,,,,,,,
2024-10-10 12:10:00,SHORT,2613.958,1.4963571428571802,2614.5850399418673,2615.040039742232,-0.6270399418672241,-1.0820397422317,0.6270399418672241,1.0820397422317,-0.4190443069426187,-0.7231159669312818,0.4190443069426187,0.7231159669312818,44.71186792316643,12,10,LONDON,BEARISH_ENGULFING,False,,,,,,,,,,,,
2024-10-10 15:10:00,LONG,2624.588,2.8659285714286074,2623.613540790678,2621.1822997423915,0.974459209322049,3.4057002576087143,0.974459209322049,3.4057002576087143,0.3400151765946842,1.1883409417671011,0.3400151765946842,1.1883409417671011,54.337395566153454,15,10,NEW_YORK,BULLISH_ENGULFING,False,,,,,,,,,,,,
2024-10-10 22:30:00,LONG,2628.515,0.9033571428571706,2628.801230647284,2627.6562015291397,-0.2862306472839009,0.8587984708601653,0.2862306472839009,0.8587984708601653,-0.3168521437474887,0.9506743569259068,0.3168521437474887,0.9506743569259068,49.086976872174496,22,30,OFF,BULLISH_ENGULFING,False,,,,,,,,,,,,
2024-10-14 08:00:00,LONG,2661.365,1.7339999999998912,2661.62374326194,2659.7581580780734,-0.25874326194025343,1.6068419219263887,0.25874326194025343,1.6068419219263887,-0.14921756743960188,0.9266677750441117,0.14921756743960188,0.9266677750441117,50.18309922859536,8,0,LONDON,BULLISH_ENGULFING,False,,,,,,,,,,,,
2024-10-14 17:05:00,SHORT,2648.165,1.1547857142856108,2648.020162312785,2649.336640527691,0.14483768721493107,-1.1716405276911246,0.14483768721493107,1.1716405276911246,0.12542386472500874,-1.0145956199466328,0.12542386472500874,1.0145956199466328,49.89051189304308,17,5,NEW_YORK,BEARISH_ENGULFING,False,,,,,,,,,,,,
2024-10-14 17:40:00,SHORT,2648.215,1.1097857142856031,2648.2828106872184,2649.1451976715607,-0.06781068721829797,-0.9301976715605633,0.06781068721829797,0.9301976715605633,-0.061102505056076895,-0.8381777306976373,0.061102505056076895,0.8381777306976373,49.34970343285897,17,40,NEW_YORK,BEARISH_ENGULFING,False,,,,,,,,,,,,
2024-10-15 01:55:00,SHORT,2648.235,1.5613571428570399,2649.021376606502,2649.283413609421,-0.7863766065020172,-1.0484136094210044,0.7863766065020172,1.0484136094210044,-0.5036494117310475,-0.6714758466487502,0.5036494117310475,0.6714758466487502,44.04449052538585,1,55,ASIA,BEARISH_ENGULFING,False,,,,,,,,,,,,
2024-10-15 23:00:00,SHORT,2661.788,0.516857142857199,2662.073511753309,2662.196001360714,-0.2855117533090379,-0.4080013607140245,0.2855117533090379,0.4080013607140245,-0.5523997438261604,-0.7893890339960922,0.5523997438261604,0.7893890339960922,46.130886688930346,23,0,OFF,BEARISH_ENGULFING,False,,,,,,,,,,,,
2024-10-17 13:00:00,SHORT,2679.425,2.787857142857157,2680.286650296247,2681.571954729715,-0.8616502962468076,-2.1469547297147074,0.8616502962468076,2.1469547297147074,-0.3090726145901933,-0.7701093060723995,0.3090726145901933,0.7701093060723995,44.92461821099022,13,0,NEW_YORK,BEARISH_ENGULFING,False,,,,,,,,,,,,
2024-10-18 16:00:00,LONG,2716.095,2.1506428571428517,2715.641941239169,2714.125035084352,0.45305876083102703,1.969964915647779,0.45305876083102703,1.969964915647779,0.21066201639491164,0.9159888677494761,0.21066201639491164,0.9159888677494761,52.54992566675701,16,0,NEW_YORK,BULLISH_ENGULFING,False,,,,,,,,,,,,
2024-10-22 09:05:00,LONG,2735.415,1.6159999999999854,2734.8432409089905,2733.8462922674066,0.5717590910094259,1.5687077325933387,0.5717590910094259,1.5687077325933387,0.3538113186939549,0.9707349830404411,0.3538113186939549,0.9707349830404411,54.72495497986879,9,5,LONDON,BULLISH_ENGULFING,False,,,,,,,,,,,,
2024-10-22 14:35:00,LONG,2739.195,3.033428571428593,2737.6967380798037,2736.548178341027,1.4982619201964553,2.6468216589732947,1.4982619201964553,2.6468216589732947,0.4939169935657489,0.8725511732510564,0.4939169935657489,0.8725511732510564,55.83569952498268,14,35,NEW_YORK,BULLISH_ENGULFING,False,,,,,,,,,,,,
2024-10-23 06:50:00,LONG,2749.945,1.4732857142857614,2750.398237779742,2748.4702127735613,-0.4532377797418121,1.4747872264388207,0.4532377797418121,1.4747872264388207,-0.30763739534496104,1.0010191588355877,0.30763739534496104,1.0010191588355877,49.86170853006437,6,50,ASIA,BULLISH_ENGULFING,False,,,,,,,,,,,,
2024-10-23 10:35:00,SHORT,2751.365,1.518428571428623,2752.0703016687403,2752.150589970232,-0.7053016687405034,-0.7855899702321949,0.7053016687405034,0.7855899702321949,-0.46449446619468965,-0.5173703821267455,0.46449446619468965,0.5173703821267455,44.904572661909256,10,35,LONDON,BEARISH_ENGULFING,False,,,,,,,,,,,,
2024-10-24 03:25:00,LONG,2723.365,1.6142142857142647,2722.615915240252,2721.7035720143035,0.7490847597478023,1.661427985696264,0.7490847597478023,1.661427985696264,0.46405534034556256,1.029248718958715,0.46405534034556256,1.029248718958715,54.191347730738016,3,25,ASIA,BULLISH_ENGULFING,False,,,,,,,,,,,,
2024-10-24 15:30:00,SHORT,2731.285,3.17307142857151,2731.9867960650377,2733.896192351059,-0.7017960650377972,-2.611192351059344,0.7017960650377972,2.611192351059344,-0.22117247620667016,-0.8229226507626654,0.22117247620667016,0.8229226507626654,46.187062809645774,15,30,NEW_YORK,BEARISH_ENGULFING,False,,,,,,,,,,,,
2024-10-28 16:00:00,LONG,2741.735,1.9269285714285616,2741.4514257877095,2739.6166424469343,0.2835742122906595,2.1183575530658345,0.2835742122906595,2.1183575530658345,0.14716384223854592,1.0993440984142726,0.14716384223854592,1.0993440984142726,52.8706559880442,16,0,NEW_YORK,BULLISH_ENGULFING,False,,,,,,,,,,,,
2024-10-30 09:20:00,SHORT,2781.435,1.495357142857139,2782.299721230463,2782.4271093386687,-0.8647212304631466,-0.9921093386687971,0.8647212304631466,0.9921093386687971,-0.5782707058268012,-0.6634597918014423,0.5782707058268012,0.6634597918014423,44.439244609312226,9,20,LONDON,BEARISH_ENGULFING,False,,,,,,,,,,,,
2024-10-30 14:05:00,SHORT,2776.908,3.8447857142856656,2778.5944588657444,2779.994234523805,-1.6864588657444983,-3.0862345238051603,1.6864588657444983,3.0862345238051603,-0.4386353339480795,-0.8027065103623235,0.4386353339480795,0.8027065103623235,45.22230674677889,14,5,NEW_YORK,BEARISH_ENGULFING,False,,,,,,,,,,,,
2024-10-30 22:50:00,LONG,2787.285,0.9109999999999933,2786.7829745259705,2786.375957133991,0.502025474029324,0.9090428660088037,0.502025474029324,0.9090428660088037,0.5510707728093608,0.9978516641150499,0.5510707728093608,0.9978516641150499,54.51338688500397,22,50,OFF,BULLISH_ENGULFING,False,,,,,,,,,,,,
2024-10-31 08:00:00,SHORT,2781.735,1.8219285714285758,2782.517593941209,2783.461025542067,-0.7825939412086882,-1.7260255420669637,0.7825939412086882,1.7260255420669637,-0.4295415053483988,-0.9473618061291972,0.4295415053483988,0.9473618061291972,45.02621490862056,8,0,LONDON,BEARISH_ENGULFING,False,,,,,,,,,,,,
2024-11-01 15:30:00,SHORT,2748.215,3.6813571428571583,2749.234739463269,2751.170495551595,-1.0197394632687065,-2.9554955515950496,1.0197394632687065,2.9554955515950496,-0.2770009601614667,-0.8028277173078741,0.2770009601614667,0.8028277173078741,46.41635307881569,15,30,NEW_YORK,BEARISH_ENGULFING,False,,,,,,,,,,,,
2024-11-04 12:20:00,LONG,2740.725,1.5657142857143558,2740.187710448503,2739.716556553187,0.5372895514969969,1.0084434468130894,0.5372895514969969,1.0084434468130894,0.34315938508018334,0.6440788437674553,0.34315938508018334,0.6440788437674553,53.16361554830954,12,20,LONDON,BULLISH_ENGULFING,False,,,,,,,,,,,,
2024-11-05 00:50:00,SHORT,2735.715,0.9064285714285104,2736.018919151681,2736.5407197215063,-0.30391915168092964,-0.8257197215061751,0.30391915168092964,0.8257197215061751,-0.3352929963383216,-0.9109595036317754,0.3352929963383216,0.9109595036317754,45.897543055902815,0,50,ASIA,BEARISH_ENGULFING,False,,,,,,,,,,,,
2024-11-05 05:05:00,LONG,2734.325,1.0538571428571035,2733.9518336346155,2733.676282849623,0.3731663653843498,0.6487171503767968,0.3731663653843498,0.6487171503767968,0.3540957784587971,0.6155645997882265,0.3540957784587971,0.6155645997882265,53.76546157787969,5,5,ASIA,BULLISH_ENGULFING,False,,,,,,,,,,,,
2024-11-06 10:15:00,SHORT,2723.315,3.3393571428570925,2723.6498642842225,2725.6527201800322,-0.33486428422247627,-2.3377201800321927,0.33486428422247627,2.3377201800321927,-0.1002780684715779,-0.7000509619142091,0.1002780684715779,0.7000509619142091,48.609243827877236,10,15,LONDON,BEARISH_ENGULFING,False,,,,,,,,,,,,
2024-11-08 12:15:00,LONG,2690.265,1.7614285714285285,2689.8481844005473,2689.101229181496,0.41681559945254776,1.1637708185039628,0.41681559945254776,1.1637708185039628,0.23663497130315533,0.6606971394588758,0.23663497130315533,0.6606971394588758,53.092428037169746,12,15,LONDON,BULLISH_ENGULFING,False,,,,,,,,,,,,
2024-11-08 12:40:00,LONG,2689.765,1.9660714285713377,2689.580965332643,2689.103006370391,0.18403466735708207,0.6619936296087872,0.18403466735708207,0.6619936296087872,0.09360528039961011,0.33670883976470295,0.09360528039961011,0.33670883976470295,51.62762744575435,12,40,LONDON,BULLISH_ENGULFING,False,,,,,,,,,,,,
2024-11-08 16:50:00,SHORT,2687.144,2.173285714285742,2687.688510386177,2689.424140577148,-0.5445103861770804,-2.2801405771483587,0.5445103861770804,2.2801405771483587,-0.25054707836978335,-1.049167425230941,0.25054707836978335,1.049167425230941,46.21411143363118,16,50,NEW_YORK,BEARISH_ENGULFING,False,,,,,,,,,,,,
2024-11-08 17:35:00,SHORT,2686.135,2.3834999999999775,2686.917348520921,2688.467441531239,-0.7823485209210048,-2.332441531238601,0.7823485209210048,2.332441531238601,-0.3282351671579661,-0.9785783642704522,0.3282351671579661,0.9785783642704522,46.28953025909355,17,35,NEW_YORK,BEARISH_ENGULFING,False,,,,,,,,,,,,
2024-11-11 00:40:00,SHORT,2683.715,1.051642857142854,2683.7069070149146,2684.449329156834,0.008092985085568216,-0.7343291568340646,0.008092985085568216,0.7343291568340646,0.007695564164773169,-0.6982685726874235,0.007695564164773169,0.6982685726874235,48.90014379027976,0,40,ASIA,BEARISH_ENGULFING,False,,,,,,,,,,,,
2024-11-11 05:50:00,SHORT,2669.765,2.008785714285653,2670.2341235669296,2671.9205438139047,-0.46912356692973844,-2.155543813904842,0.46912356692973844,2.155543813904842,-0.23353589364635846,-1.0730581159431323,0.23353589364635846,1.0730581159431323,47.205255969622165,5,50,ASIA,BEARISH_ENGULFING,False,,,,,,,,,,,,
2024-11-13 06:55:00,SHORT,2605.285,1.546214285714346,2605.889655116972,2606.4022481499237,-0.604655116972026,-1.117248149923853,0.604655116972026,1.117248149923853,-0.3910551872133799,-0.7225700604671932,0.3910551872133799,0.7225700604671932,45.043481675313664,6,55,ASIA,BEARISH_ENGULFING,False,,,,,,,,,,,,
2024-11-13 16:00:00,SHORT,2603.255,3.798285714285709,2603.3223393484436,2605.9388771466465,-0.06733934844351097,-2.6838771466464095,0.06733934844351097,2.6838771466464095,-0.01772887915994349,-0.7066022275660032,0.01772887915994349,0.7066022275660032,47.97044405059837,16,0,NEW_YORK,BEARISH_ENGULFING,False,,,,,,,,,,,,
2024-11-13 16:10:00,SHORT,2601.745,3.653999999999964,2603.263683684327,2605.7158646786233,-1.518683684327243,-3.9708646786234567,1.518683684327243,3.9708646786234567,-0.4156222453002896,-1.0867172081618763,0.4156222453002896,1.0867172081618763,45.09995605025306,16,10,NEW_YORK,BEARISH_ENGULFING,False,,,,,,,,,,,,
2024-11-14 00:25:00,SHORT,2573.515,2.9401428571428108,2573.6227576952183,2576.439427878496,-0.10775769521842449,-2.924427878496317,0.10775769521842449,2.924427878496317,-0.03665049640585896,-0.9946550288846286,0.03665049640585896,0.9946550288846286,47.84669061840316,0,25,ASIA,BEARISH_ENGULFING,False,,,,,,,,,,,,
2024-11-14 08:20:00,SHORT,2555.585,2.4053571428571234,2556.4897714708786,2558.0193358239453,-0.9047714708785861,-2.4343358239452755,0.9047714708785861,2.4343358239452755,-0.37614849568820513,-1.012047558581563,0.37614849568820513,1.012047558581563,46.85956082739683,8,20,LONDON,BEARISH_ENGULFING,False,,,,,,,,,,,,
2024-11-14 09:05:00,SHORT,2555.775,2.4039285714285534,2556.369318263749,2557.508116262159,-0.5943182637488462,-1.733116262159001,0.5943182637488462,1.733116262159001,-0.24722792133364757,-0.7209516467159767,0.24722792133364757,0.7209516467159767,46.85656812344337,9,5,LONDON,BEARISH_ENGULFING,False,,,,,,,,,,,,
2024-11-14 18:40:00,LONG,2570.415,2.0254999999999654,2570.1354233092784,2568.2782911540367,0.2795766907215693,2.1367088459633123,0.2795766907215693,2.1367088459633123,0.1380284822125767,1.0549043919838799,0.1380284822125767,1.0549043919838799,51.24048277920556,18,40,NY_LATE,BULLISH_ENGULFING,False,,,,,,,,,,,,
2024-11-15 09:35:00,LONG,2567.055,2.015285714285613,2565.601560502872,2564.839259299473,1.4534394971278743,2.2157407005270215,1.4534394971278743,2.2157407005270215,0.7212076614372745,1.0994672789175537,0.7212076614372745,1.0994672789175537,57.59687661491592,9,35,LONDON,BULLISH_ENGULFING,False,,,,,,,,,,,,
2024-11-15 10:05:00,LONG,2564.345,1.779357142857082,2565.2518630016207,2564.8545719491535,-0.9068630016208772,-0.5095719491537238,0.9068630016208772,0.5095719491537238,-0.5096576621850875,-0.28637980362700727,0.5096576621850875,0.28637980362700727,46.67377848845067,10,5,LONDON,BULLISH_ENGULFING,False,,,,,,,,,,,,
2024-11-15 12:20:00,LONG,2567.044,2.069714285714391,2568.433313127326,2567.366017929659,-1.3893131273262043,-0.3220179296590686,1.3893131273262043,0.3220179296590686,-0.6712584132580711,-0.15558569213234164,0.6712584132580711,0.15558569213234164,46.01428993505793,12,20,LONDON,BULLISH_ENGULFING,False,,,,,,,,,,,,
2024-11-18 10:35:00,LONG,2591.585,2.206499999999973,2591.042142921864,2588.957747776287,0.5428570781359667,2.6272522237131852,0.5428570781359667,2.6272522237131852,0.24602632138498678,1.190687615550971,0.24602632138498678,1.190687615550971,54.69852288508994,10,35,LONDON,BULLISH_ENGULFING,False,,,,,,,,,,,,
2024-11-18 21:10:00,LONG,2610.448,1.0293571428571144,2609.969271149479,2609.483725179104,0.478728850520838,0.9642748208957528,0.478728850520838,0.9642748208957528,0.4650755608418512,0.9367738180931866,0.4650755608418512,0.9367738180931866,53.25851446001055,21,10,NY_LATE,BULLISH_ENGULFING,False,,,,,,,,,,,,
2024-11-19 05:55:00,LONG,2622.435,1.2009285714285787,2622.5185465883173,2621.14338393388,-0.0835465883174038,1.2916160661197864,0.0835465883174038,1.2916160661197864,-0.06956832429927116,1.0755144784200856,0.06956832429927116,1.0755144784200856,50.51424254868124,5,55,ASIA,BULLISH_ENGULFING,False,,,,,,,,,,,,
2024-11-20 10:45:00,SHORT,2623.585,1.620357142857204,2623.469845787391,2625.2187820773047,0.11515421260901348,-1.6337820773046587,0.11515421260901348,1.6337820773046587,0.0710671799218042,-1.0082851700358986,0.0710671799218042,1.0082851700358986,49.38923548864484,10,45,LONDON,BEARISH_ENGULFING,False,,,,,,,,,,,,
2024-11-20 21:40:00,LONG,2649.995,1.2634285714285138,2649.3781398535666,2648.842395824344,0.6168601464332824,1.1526041756560517,0.6168601464332824,1.1526041756560517,0.48824299242799335,0.9122828165527735,0.48824299242799335,0.9122828165527735,53.783915564494016,21,40,NY_LATE,BULLISH_ENGULFING,False,,,,,,,,,,,,
2024-11-21 23:40:00,SHORT,2668.855,1.014357142857177,2669.4058227898377,2669.5128690270576,-0.550822789837639,-0.6578690270575862,0.550822789837639,0.6578690270575862,-0.5430264810736347,-0.6485575930431587,0.5430264810736347,0.6485575930431587,45.240787903152466,23,40,OFF,BEARISH_ENGULFING,False,,,,,,,,,,,,
2024-11-26 03:30:00,LONG,2628.225,2.2075714285714576,2627.052675339271,2625.822111921921,1.1723246607289184,2.4028880780788313,1.1723246607289184,2.4028880780788313,0.5310472157576083,1.0884758005922215,0.5310472157576083,1.0884758005922215,55.12021943144121,3,30,ASIA,BULLISH_ENGULFING,False,,,,,,,,,,,,
2024-11-26 04:20:00,LONG,2628.735,1.4142857142857597,2628.6117325001314,2627.075348661611,0.1232674998686889,1.659651338389267,0.1232674998686889,1.659651338389267,0.08715883829098936,1.1734908453257067,0.08715883829098936,1.1734908453257067,52.27561846668225,4,20,ASIA,BULLISH_ENGULFING,False,,,,,,,,,,,,
2024-11-26 06:15:00,SHORT,2622.555,2.502357142857136,2623.8971184307693,2625.043505848785,-1.3421184307694602,-2.4885058487852803,1.3421184307694602,2.4885058487852803,-0.5363416787249877,-0.9944647013671116,0.5363416787249877,0.9944647013671116,43.84725781267806,6,15,ASIA,BEARISH_ENGULFING,False,,,,,,,,,,,,
2024-11-26 06:30:00,SHORT,2622.515,2.4215714285714642,2623.591327644601,2624.780774887515,-1.0763276446009513,-2.265774887514908,1.0763276446009513,2.265774887514908,-0.4444748694594153,-0.9356630412721446,0.4444748694594153,0.9356630412721446,44.00496351463441,6,30,ASIA,BEARISH_ENGULFING,False,,,,,,,,,,,,
2024-11-26 17:35:00,SHORT,2626.304,1.9385714285714195,2627.442577081783,2627.9636124132508,-1.1385770817828416,-1.6596124132506702,1.1385770817828416,1.6596124132506702,-0.5873278977509159,-0.856100729016562,0.5873278977509159,0.856100729016562,45.13793182403051,17,35,NEW_YORK,BEARISH_ENGULFING,False,,,,,,,,,,,,
2024-11-27 10:45:00,LONG,2648.408,1.2877142857143034,2648.660897918558,2647.274506052002,-0.2528979185581193,1.1334939479979766,0.2528979185581193,1.1334939479979766,-0.19639288106354677,0.8802371462154125,0.19639288106354677,0.8802371462154125,49.4892307988606,10,45,LONDON,BULLISH_ENGULFING,False,,,,,,,,,,,,
2024-11-27 15:55:00,SHORT,2642.508,4.117999999999971,2644.6515149448064,2647.3052423275053,-2.1435149448066113,-4.797242327505501,2.1435149448066113,4.797242327505501,-0.5205232988845621,-1.1649447128473858,0.5205232988845621,1.1649447128473858,43.299236016349475,15,55,NEW_YORK,BEARISH_ENGULFING,False,,,,,,,,,,,,
2024-11-28 17:50:00,SHORT,2641.095,0.9014285714285961,2640.9935476740866,2641.6456874496366,0.10145232591321474,-0.5506874496368255,0.10145232591321474,0.5506874496368255,0.11254616186885637,-0.6109052531628641,0.11254616186885637,0.6109052531628641,50.09496576310353,17,50,NEW_YORK,BEARISH_ENGULFING,False,,,,,,,,,,,,
2024-11-29 00:40:00,SHORT,2638.415,0.8822857142857369,2638.1275337962484,2639.057106839655,0.2874662037515918,-0.6421068396548435,0.2874662037515918,0.6421068396548435,0.32581985528838914,-0.7277765345828675,0.32581985528838914,0.7277765345828675,50.86163179879052,0,40,ASIA,BEARISH_ENGULFING,False,,,,,,,,,,,,
2024-11-29 10:55:00,LONG,2662.608,1.8037142857142499,2661.886291384015,2660.843060219617,0.7217086159853352,1.7649397803829743,0.7217086159853352,1.7649397803829743,0.4001235792727267,0.9785029671060562,0.4001235792727267,0.9785029671060562,53.76032654304376,10,55,LONDON,BULLISH_ENGULFING,False,,,,,,,,,,,,
2024-12-02 06:55:00,SHORT,2625.785,2.096785714285683,2625.392014841867,2627.544574690766,0.3929851581328876,-1.7595746907659304,0.3929851581328876,1.7595746907659304,0.18742266100700078,-0.8391771647325291,0.18742266100700078,0.8391771647325291,50.346781035050924,6,55,ASIA,BEARISH_ENGULFING,False,,,,,,,,,,,,
2024-12-03 03:05:00,SHORT,2636.905,1.7249999999999415,2637.4645565578394,2638.7242615329137,-0.559556557839187,-1.8192615329135151,0.559556557839187,1.8192615329135151,-0.3243806132401194,-1.0546443669064214,0.3243806132401194,1.0546443669064214,45.72270231307389,3,5,ASIA,BEARISH_ENGULFING,False,,,,,,,,,,,,
2024-12-04 00:30:00,SHORT,2641.965,0.6701428571427966,2642.3282531430814,2642.6753341862154,-0.3632531430812378,-0.7103341862152774,0.3632531430812378,0.7103341862152774,-0.5420532938752706,-1.0599742706261759,0.5420532938752706,1.0599742706261759,45.22042812490461,0,30,ASIA,BEARISH_ENGULFING,False,,,,,,,,,,,,
2024-12-04 04:05:00,LONG,2645.155,1.2959285714285411,2644.459549041478,2643.6242789663766,0.6954509585220876,1.5307210336236494,0.6954509585220876,1.5307210336236494,0.536642970804688,1.1811770088040343,0.536642970804688,1.1811770088040343,54.98732143019776,4,5,ASIA,BULLISH_ENGULFING,False,,,,,,,,,,,,
2024-12-04 09:30:00,SHORT,2641.205,1.9714285714285,2641.4409111944096,2643.1553489267953,-0.23591119440970942,-1.9503489267954137,0.23591119440970942,1.9503489267954137,-0.11966509861362505,-0.9893074266353906,0.11966509861362505,0.9893074266353906,47.43775237946366,9,30,LONDON,BEARISH_ENGULFING,False,,,,,,,,,,,,
2024-12-04 10:15:00,SHORT,2640.755,1.6435714285714766,2641.089281282018,2642.4544150717693,-0.3342812820178551,-1.699415071769181,0.3342812820178551,1.699415071769181,-0.20338713377878465,-1.0339770102028611,0.20338713377878465,1.0339770102028611,46.857647814431246,10,15,LONDON,BEARISH_ENGULFING,False,,,,,,,,,,,,
2024-12-04 17:45:00,LONG,2652.035,1.7934285714285838,2651.042661276554,2650.0204406359935,0.992338723445755,2.0145593640063453,0.992338723445755,2.0145593640063453,0.5533193455568135,1.123300585314985,0.5533193455568135,1.123300585314985,54.03583116205639,17,45,NEW_YORK,BULLISH_ENGULFING,False,,,,,,,,,,,,
2024-12-05 03:20:00,SHORT,2647.425,1.400714285714295,2647.340651314608,2648.0724483841427,0.0843486853923423,-0.6474483841425354,0.0843486853923423,0.6474483841425354,0.06021833735302318,-0.462227301274627,0.06021833735302318,0.462227301274627,49.55134332505163,3,20,ASIA,BEARISH_ENGULFING,False,,,,,,,,,,,,
2024-12-05 03:30:00,SHORT,2646.948,1.4066428571428722,2647.3383562915496,2648.016127862486,-0.3903562915497787,-1.068127862486108,0.3903562915497787,1.068127862486108,-0.27750916984191554,-0.7593454564975043,0.27750916984191554,0.7593454564975043,47.13725543586758,3,30,ASIA,BEARISH_ENGULFING,False,,,,,,,,,,,,
2024-12-05 09:45:00,SHORT,2644.635,1.9114999999999978,2644.766576981496,2646.2607763656283,-0.13157698149598218,-1.6257763656280986,0.13157698149598218,1.6257763656280986,-0.06883441354746657,-0.8505238637866076,0.06883441354746657,0.8505238637866076,47.7413239857224,9,45,LONDON,BEARISH_ENGULFING,False,,,,,,,,,,,,
2024-12-05 09:55:00,SHORT,2644.565,1.860571428571445,2644.8222092751025,2646.17069744478,-0.2572092751024684,-1.6056974447801622,0.2572092751024684,1.6056974447801622,-0.1382420858198144,-0.8630130615372418,0.1382420858198144,0.8630130615372418,47.557920237027304,9,55,LONDON,BEARISH_ENGULFING,False,,,,,,,,,,,,
2024-12-08 23:55:00,LONG,2639.935,3.676571428571411,2637.6512188100332,2636.3876279215924,2.283781189966703,3.547372078407534,2.283781189966703,3.547372078407534,0.621171445825575,0.964858740629968,0.621171445825575,0.964858740629968,59.2252287253342,23,55,OFF,BULLISH_ENGULFING,False,,,,,,,,,,,,
2024-12-09 03:30:00,LONG,2642.425,2.3736428571428405,2643.418414021027,2641.525022276771,-0.9934140210266378,0.8999777232293127,0.9934140210266378,0.8999777232293127,-0.4185187413671881,0.37915464852729275,0.4185187413671881,0.37915464852729275,48.24988102344891,3,30,ASIA,BULLISH_ENGULFING,False,,,,,,,,,,,,
2024-12-09 16:40:00,LONG,2668.655,2.4935714285713857,2668.899177961492,2666.208321751796,-0.24417796149191417,2.44667824820408,0.24417796149191417,2.44667824820408,-0.09792298656221304,0.9811943705201291,0.09792298656221304,0.9811943705201291,50.37610372517735,16,40,NEW_YORK,BULLISH_ENGULFING,False,,,,,,,,,,,,
2024-12-11 08:20:00,LONG,2693.124,2.4684999999999815,2691.518688885559,2691.490261229355,1.6053111144406103,1.633738770644868,1.6053111144406103,1.633738770644868,0.6503184583514775,0.6618346245269923,0.6503184583514775,0.6618346245269923,55.392262832693724,8,20,LONDON,BULLISH_ENGULFING,False,,,,,,,,,,,,
2024-12-13 04:05:00,LONG,2688.095,1.476285714285788,2688.085816773774,2686.8062498059644,0.009183226226014085,1.2887501940354014,0.009183226226014085,1.2887501940354014,0.006220493863179349,0.8729680044752622,0.006220493863179349,0.8729680044752622,51.376255745416906,4,5,ASIA,BULLISH_ENGULFING,False,,,,,,,,,,,,
2024-12-13 17:10:00,SHORT,2660.015,1.914928571428488,2661.0332869720087,2662.2443790716025,-1.0182869720088092,-2.2293790716025796,1.0182869720088092,2.2293790716025796,-0.5317623786088236,-1.1642100414949261,0.5317623786088236,1.1642100414949261,45.82736532910707,17,10,NEW_YORK,BEARISH_ENGULFING,False,,,,,,,,,,,,
2024-12-16 00:15:00,SHORT,2650.365,1.3017142857143296,2650.350901011967,2651.256289106639,0.014098988032856141,-0.8912891066393058,0.014098988032856141,0.8912891066393058,0.01083109265035005,-0.6847040986034822,0.01083109265035005,0.6847040986034822,50.03581149107012,0,15,ASIA,BEARISH_ENGULFING,False,,,,,,,,,,,,
2024-12-16 03:50:00,LONG,2653.724,1.4370714285713737,2653.1440219674346,2652.3560471996334,0.5799780325655775,1.3679528003667656,0.5799780325655775,1.3679528003667656,0.4035833021481383,0.9519031365940379,0.4035833021481383,0.9519031365940379,54.633708750278146,3,50,ASIA,BULLISH_ENGULFING,False,,,,,,,,,,,,
2024-12-18 04:55:00,SHORT,2644.925,1.1806428571428245,2645.208308635755,2646.17429356755,-0.2833086357550201,-1.249293567550012,0.2833086357550201,1.249293567550012,-0.2399613346585027,-1.0581468900538842,0.2399613346585027,1.0581468900538842,45.975881922323346,4,55,ASIA,BEARISH_ENGULFING,False,,,,,,,,,,,,
2024-12-18 10:35:00,LONG,2648.184,1.2123571428572046,2647.598492940301,2646.9337884335478,0.5855070596990117,1.2502115664524354,0.5855070596990117,1.2502115664524354,0.48294932161584553,1.0312238219721441,0.48294932161584553,1.0312238219721441,55.61153475630416,10,35,LONDON,BULLISH_ENGULFING,False,,,,,,,,,,,,
2024-12-18 18:10:00,SHORT,2637.185,1.4686428571429002,2637.0792025413675,2638.2307198520098,0.10579745863242351,-1.0457198520098245,0.10579745863242351,1.0457198520098245,0.07203756728047692,-0.7120314152102093,0.07203756728047692,0.7120314152102093,49.839142586539516,18,10,NY_LATE,BEARISH_ENGULFING,False,,,,,,,,,,,,
2024-12-19 04:15:00,LONG,2609.005,1.8305714285713097,2609.308665961357,2606.924589172031,-0.3036659613567281,2.08041082796899,0.3036659613567281,2.08041082796899,-0.1658858849303289,1.1364816447466735,0.1658858849303289,1.1364816447466735,50.948269006781686,4,15,ASIA,BULLISH_ENGULFING,False,,,,,,,,,,,,
2024-12-20 04:55:00,LONG,2597.804,1.12471428571426,2598.1620923451205,2597.581587913781,-0.35809234512043986,0.2224120862192649,0.35809234512043986,0.2224120862192649,-0.31838516649855664,0.19774985438014606,0.31838516649855664,0.19774985438014606,48.08117669145312,4,55,ASIA,BULLISH_ENGULFING,False,,,,,,,,,,,,
2024-12-20 09:05:00,LONG,2605.648,1.9017857142856818,2605.419294156276,2603.6766275061573,0.2287058437241285,1.971372493842864,0.2287058437241285,1.971372493842864,0.12025847181738418,1.0365902315042468,0.12025847181738418,1.0365902315042468,52.650833599642475,9,5,LONDON,BULLISH_ENGULFING,False,,,,,,,,,,,,
2024-12-20 09:45:00,LONG,2605.358,1.6504999999999979,2605.0754120320457,2603.9801674455466,0.2825879679544414,1.377832554453562,0.2825879679544414,1.377832554453562,0.17121355222928916,0.834797064194828,0.17121355222928916,0.834797064194828,52.157371285735174,9,45,LONDON,BULLISH_ENGULFING,False,,,,,,,,,,,,
2024-12-20 10:05:00,LONG,2605.648,1.5598571428571242,2605.108241100304,2604.15630832495,0.5397588996961531,1.4916916750503333,0.5397588996961531,1.4916916750503333,0.3460309824959352,0.956300185488823,0.3460309824959352,0.956300185488823,53.64824027698959,10,5,LONDON,BULLISH_ENGULFING,False,,,,,,,,,,,,
2024-12-24 18:35:00,LONG,2616.555,1.2218571428571263,2616.2615109078215,2615.449257283972,0.2934890921783335,1.1057427160276347,0.2934890921783335,1.1057427160276347,0.2401991868640667,0.9049689012268851,0.2401991868640667,0.9049689012268851,53.49626815898114,18,35,NY_LATE,BULLISH_ENGULFING,False,,,,,,,,,,,,
2024-12-26 21:45:00,LONG,2634.195,0.6326428571427901,2634.1169803429043,2633.6539484542677,0.07801965709586511,0.5410515457324436,0.07801965709586511,0.5410515457324436,0.12332338256093794,0.8552243017110774,0.12332338256093794,0.8552243017110774,51.31140288869501,21,45,NY_LATE,BULLISH_ENGULFING,False,,,,,,,,,,,,
2024-12-27 12:50:00,SHORT,2627.005,1.4775714285714392,2628.0161401731343,2628.0521433907284,-1.0111401731342085,-1.0471433907282517,1.0111401731342085,1.0471433907282517,-0.6843257480362959,-0.7086922300200821,0.6843257480362959,0.7086922300200821,45.23790552016312,12,50,LONDON,BEARISH_ENGULFING,False,,,,,,,,,,,,
2024-12-27 16:40:00,SHORT,2617.398,1.8219999999999865,2617.325479471293,2619.0549981148865,0.07252052870717307,-1.6569981148863917,0.07252052870717307,1.6569981148863917,0.03980270510821823,-0.9094391409914402,0.03980270510821823,0.9094391409914402,49.44224315138738,16,40,NEW_YORK,BEARISH_ENGULFING,False,,,,,,,,,,,,
2024-12-31 14:55:00,LONG,2613.665,2.023071428571484,2612.822096032439,2612.1186498276047,0.842903967561142,1.5463501723952504,0.842903967561142,1.5463501723952504,0.4166456782775718,0.7643576744530209,0.4166456782775718,0.7643576744530209,53.6349143182257,14,55,NEW_YORK,BULLISH_ENGULFING,False,,,,,,,,,,,,
2025-01-02 18:35:00,LONG,2655.105,1.8866428571429228,2655.688829040351,2653.371368759771,-0.5838290403507926,1.7336312402289877,0.5838290403507926,1.7336312402289877,-0.3094539266615232,0.9188974127590575,0.3094539266615232,0.9188974127590575,49.127296057387646,18,35,NY_LATE,BULLISH_ENGULFING,False,,,,,,,,,,,,
2025-01-03 04:05:00,LONG,2662.175,1.2954285714284717,2662.050328712813,2660.7475992814116,0.12467128718708409,1.4274007185886148,0.12467128718708409,1.4274007185886148,0.09623941445849755,1.1018752790164394,0.09623941445849755,1.1018752790164394,52.53227103455034,4,5,ASIA,BULLISH_ENGULFING,False,,,,,,,,,,,,
2025-01-03 04:45:00,LONG,2662.215,0.8703571428571065,2662.428673188602,2661.30833715122,-0.2136731886016605,0.9066628487803428,0.2136731886016605,0.9066628487803428,-0.24550058600109742,1.041713572665189,0.24550058600109742,1.041713572665189,50.22035471656921,4,45,ASIA,BULLISH_ENGULFING,False,,,,,,,,,,,,
2025-01-03 09:50:00,SHORT,2653.475,1.8857142857142921,2653.9479925291485,2655.2392819897264,-0.4729925291485415,-1.7642819897264417,0.4729925291485415,1.7642819897264417,-0.2508293715181651,-0.9356040854609886,0.2508293715181651,0.9356040854609886,47.273289501898034,9,50,LONDON,BEARISH_ENGULFING,False,,,,,,,,,,,,
2025-01-06 18:10:00,LONG,2635.265,1.740500000000111,2636.2854141392513,2635.9289000313497,-1.020414139251443,-0.66390003134984,1.020414139251443,0.66390003134984,-0.5862764373751094,-0.3814421323469105,0.5862764373751094,0.3814421323469105,46.52071220000436,18,10,NY_LATE,BULLISH_ENGULFING,False,,,,,,,,,,,,
2025-01-07 04:30:00,LONG,2638.055,0.9823571428572515,2638.4205518287763,2637.728464844496,-0.36555182877646075,0.32653515550373413,0.36555182877646075,0.32653515550373413,-0.37211703649166616,0.33239963477435996,0.37211703649166616,0.33239963477435996,47.611093311009576,4,30,ASIA,BULLISH_ENGULFING,False,,,,,,,,,,,,
2025-01-08 13:35:00,LONG,2655.275,3.150214285714258,2653.234478397428,2652.2149186003176,2.040521602571971,3.060081399682531,2.040521602571971,3.060081399682531,0.6477405717526664,0.9713883317587422,0.6477405717526664,0.9713883317587422,56.43780091098063,13,35,NEW_YORK,BULLISH_ENGULFING,False,,,,,,,,,,,,
2025-01-10 10:45:00,LONG,2680.048,1.5217857142857352,2679.7687076695383,2678.357451263347,0.27929233046143054,1.6905487366529997,0.27929233046143054,1.6905487366529997,0.1835293417723527,1.1108980198611438,0.1835293417723527,1.1108980198611438,52.919683781673626,10,45,LONDON,BULLISH_ENGULFING,False,,,,,,,,,,,,
2025-01-13 05:05:00,SHORT,2685.545,1.528785714285667,2686.5709737539337,2687.1076449744037,-1.025973753933613,-1.5626449744036108,1.025973753933613,1.5626449744036108,-0.6711037029888812,-1.0221478130005714,0.6711037029888812,1.0221478130005714,43.12641037610854,5,5,ASIA,BEARISH_ENGULFING,False,,,,,,,,,,,,
2025-01-13 09:00:00,SHORT,2685.479,2.3348571428570852,2687.1539713941,2687.326560752522,-1.6749713941003392,-1.8475607525219857,1.6749713941003392,1.8475607525219857,-0.7173763924805839,-0.7912949870077226,0.7173763924805839,0.7912949870077226,43.42460948513804,9,0,LONDON,BEARISH_ENGULFING,False,,,,,,,,,,,,
2025-01-13 15:10:00,SHORT,2669.308,3.2102857142857437,2669.7100430620762,2671.975940818622,-0.4020430620762454,-2.6679408186219007,0.4020430620762454,2.6679408186219007,-0.1252359128930977,-0.8310602407597514,0.1252359128930977,0.8310602407597514,48.233449639381554,15,10,NEW_YORK,BEARISH_ENGULFING,False,,,,,,,,,,,,
2025-01-15 15:35:00,SHORT,2680.055,3.9416428571428566,2682.4881461031405,2684.1052232808493,-2.4331461031406434,-4.050223280849423,2.4331461031406434,4.050223280849423,-0.6172923806963923,-1.0275469969355042,0.6172923806963923,1.0275469969355042,42.62588843323532,15,35,NEW_YORK,BEARISH_ENGULFING,False,,,,,,,,,,,,
2025-01-16 00:40:00,LONG,2696.285,1.7319285714285277,2695.343032224583,2694.619288304614,0.9419677754167424,1.665711695385653,0.9419677754167424,1.665711695385653,0.5438837322487204,0.9617669705695439,0.5438837322487204,0.9617669705695439,54.53283126183667,0,40,ASIA,BULLISH_ENGULFING,False,,,,,,,,,,,,
2025-01-16 04:10:00,LONG,2697.128,1.0876428571427823,2696.951377786124,2696.59690149246,0.17662221387627142,0.5310985075402641,0.17662221387627142,0.5310985075402641,0.16238989914414986,0.488302298914048,0.16238989914414986,0.488302298914048,51.325263665732884,4,10,ASIA,BULLISH_ENGULFING,False,,,,,,,,,,,,
2025-01-20 13:05:00,LONG,2708.695,1.5244285714285783,2708.075074736291,2707.549054839903,0.6199252637093196,1.1459451600971988,0.6199252637093196,1.1459451600971988,0.40666074838020966,0.7517211246069118,0.40666074838020966,0.7517211246069118,53.606637534607074,13,5,NEW_YORK,BULLISH_ENGULFING,False,,,,,,,,,,,,
2025-01-20 18:05:00,SHORT,2705.875,2.124214285714223,2707.100852767714,2707.3432225428005,-1.2258527677140592,-1.468222542800504,1.2258527677140592,1.468222542800504,-0.5770852667540043,-0.6911838192006342,0.5770852667540043,0.6911838192006342,43.91388978976091,18,5,NY_LATE,BEARISH_ENGULFING,False,,,,,,,,,,,,
2025-01-22 21:45:00,SHORT,2755.415,0.8014285714285246,2755.7774927942273,2756.0905612496963,-0.36249279422736436,-0.6755612496963295,0.36249279422736436,0.6755612496963295,-0.45230829939245965,-0.8429463008689095,0.45230829939245965,0.8429463008689095,45.01705302407391,21,45,NY_LATE,BEARISH_ENGULFING,False,,,,,,,,,,,,
2025-01-23 00:25:00,SHORT,2754.198,1.1392857142857988,2754.6699059789735,2755.2788860291676,-0.4719059789736093,-1.0808860291676865,0.4719059789736093,1.0808860291676865,-0.4142121445536075,-0.9487400882975855,0.4142121445536075,0.9487400882975855,45.17907595191273,0,25,ASIA,BEARISH_ENGULFING,False,,,,,,,,,,,,
2025-01-23 23:55:00,LONG,2754.365,0.7376428571428733,2754.0808680617824,2753.7987458995913,0.2841319382173424,0.5662541004085142,0.2841319382173424,0.5662541004085142,0.38518903215287176,0.7676534720363151,0.38518903215287176,0.7676534720363151,52.90251846498906,23,55,OFF,BULLISH_ENGULFING,False,,,,,,,,,,,,
2025-01-28 06:15:00,LONG,2742.125,0.9773571428571424,2741.6749486786553,2741.252280582199,0.4500513213447448,0.8727194178009086,0.4500513213447448,0.8727194178009086,0.46047785564762334,0.8929380873501955,0.46047785564762334,0.8929380873501955,54.445844164478494,6,15,ASIA,BULLISH_ENGULFING,False,,,,,,,,,,,,
2025-01-28 12:45:00,LONG,2743.975,1.3676428571428525,2743.0237826923503,2742.5511713101546,0.9512173076495856,1.4238286898453225,0.9512173076495856,1.4238286898453225,0.6955158670859269,1.0410822404467845,0.6955158670859269,1.0410822404467845,57.463599293348736,12,45,LONDON,BULLISH_ENGULFING,False,,,,,,,,,,,,
2025-01-29 17:55:00,SHORT,2752.795,1.5885714285715753,2752.7152026263866,2754.047356852772,0.07979737361347361,-1.2523568527717543,0.07979737361347361,1.2523568527717543,0.05023215964876472,-0.7883541339389811,0.05023215964876472,0.7883541339389811,49.21286713970318,17,55,NEW_YORK,BEARISH_ENGULFING,False,,,,,,,,,,,,
2025-01-30 01:50:00,LONG,2760.048,1.164785714285829,2760.1828212322857,2758.8875966917144,-0.1348212322859581,1.1604033082853675,0.1348212322859581,1.1604033082853675,-0.11574766983523808,0.9962375860669371,0.11574766983523808,0.9962375860669371,50.82831357287009,1,50,ASIA,BULLISH_ENGULFING,False,,,,,,,,,,,,
2025-01-30 17:05:00,LONG,2790.935,2.7688571428571516,2791.4853503475947,2788.1331318339116,-0.5503503475947582,2.8018681660882976,0.5503503475947582,2.8018681660882976,-0.19876444294517054,1.0119222558362408,0.19876444294517054,1.0119222558362408,50.40556657095766,17,5,NEW_YORK,BULLISH_ENGULFING,False,,,,,,,,,,,,
2025-01-31 16:05:00,LONG,2809.185,2.4628571428571115,2809.390283037264,2806.745883900332,-0.20528303726405284,2.439116099667899,0.20528303726405284,2.439116099667899,-0.08335158125570696,0.9903603652944032,0.08335158125570696,0.9903603652944032,51.0457506767624,16,5,NEW_YORK,BULLISH_ENGULFING,False,,,,,,,,,,,,
2025-02-05 14:15:00,SHORT,2863.005,3.238285714285634,2864.5493194957726,2865.9481046190194,-1.54431949577247,-2.943104619019323,1.54431949577247,2.943104619019323,-0.47689414462712004,-0.9088464943151479,0.47689414462712004,0.9088464943151479,43.41958871704494,14,15,NEW_YORK,BEARISH_ENGULFING,False,,,,,,,,,,,,
2025-02-06 16:45:00,SHORT,2851.198,2.2338571428572,2850.9239093428805,2853.2791108299143,0.2740906571193591,-2.0811108299144507,0.2740906571193591,2.0811108299144507,0.12269838203206912,-0.9316221659781789,0.12269838203206912,0.9316221659781789,49.70134954318048,16,45,NEW_YORK,BEARISH_ENGULFING,False,,,,,,,,,,,,
2025-02-06 18:50:00,SHORT,2852.175,1.7119285714285135,2851.226389442273,2851.7902825499746,0.9486105577270791,0.38471745002561875,0.9486105577270791,0.38471745002561875,0.5541180710218032,0.22472751284511389,0.5541180710218032,0.22472751284511389,53.82496739936641,18,50,NY_LATE,BEARISH_ENGULFING,False,,,,,,,,,,,,
2025-02-07 13:50:00,SHORT,2861.715,4.282571428571373,2863.7531675157734,2864.793943276959,-2.038167515773239,-3.078943276958853,2.038167515773239,3.078943276958853,-0.47592142939531845,-0.7189473259961389,0.47592142939531845,0.7189473259961389,44.333673738288084,13,50,NEW_YORK,BEARISH_ENGULFING,False,,,,,,,,,,,,
2025-02-07 18:35:00,SHORT,2862.308,2.727571428571472,2862.369349655933,2865.042897001833,-0.06134965593309971,-2.7348970018329055,0.06134965593309971,2.7348970018329055,-0.022492410387665175,-1.0026857493756893,0.022492410387665175,1.0026857493756893,48.186112265652426,18,35,NY_LATE,BEARISH_ENGULFING,False,,,,,,,,,,,,
2025-02-10 00:50:00,LONG,2867.005,1.725000000000039,2866.5172933994136,2864.968622303204,0.4877066005865345,2.0363776967960803,0.4877066005865345,2.0363776967960803,0.2827284641081296,1.1805088097368315,0.2827284641081296,1.1805088097368315,54.544830568704086,0,50,ASIA,BULLISH_ENGULFING,False,,,,,,,,,,,,
2025-02-13 08:15:00,LONG,2914.115,3.0852142857143656,2915.3752361750544,2915.282147886822,-1.2602361750546152,-1.167147886822022,1.2602361750546152,1.167147886822022,-0.40847605979589646,-0.3783036699351257,0.40847605979589646,0.3783036699351257,46.26317975466536,8,15,LONDON,BULLISH_ENGULFING,False,,,,,,,,,,,,
2025-02-14 09:50:00,LONG,2935.128,1.5985714285714039,2935.5226092065027,2933.9713394915507,-0.39460920650253684,1.1566605084494768,0.39460920650253684,1.1566605084494768,-0.24685115688273462,0.7235588524706401,0.24685115688273462,0.7235588524706401,49.645281208615664,9,50,LONDON,BULLISH_ENGULFING,False,,,,,,,,,,,,
2025-02-14 14:45:00,SHORT,2921.995,5.031214285714278,2924.241370738475,2927.5872893007013,-2.2463707384749796,-5.592289300701395,2.2463707384749796,5.592289300701395,-0.4464867944212525,-1.1115188070164779,0.4464867944212525,1.1115188070164779,44.015771630410704,14,45,NEW_YORK,BEARISH_ENGULFING,False,,,,,,,,,,,,
2025-02-17 10:15:00,LONG,2902.235,1.653357142857138,2901.847880336079,2900.439381367666,0.3871196639211121,1.7956186323340262,0.3871196639211121,1.7956186323340262,0.2341415861621629,1.0860440166188465,0.2341415861621629,1.0860440166188465,54.05508907630939,10,15,LONDON,BULLISH_ENGULFING,False,,,,,,,,,,,,
2025-02-17 18:05:00,SHORT,2898.165,0.8764285714285377,2898.5780089906298,2898.7539688310235,-0.41300899062980534,-0.5889688310235215,0.41300899062980534,0.5889688310235215,-0.4712409021041155,-0.6720100761474831,0.4712409021041155,0.6720100761474831,46.4674869193091,18,5,NY_LATE,BEARISH_ENGULFING,False,,,,,,,,,,,,
2025-02-18 09:05:00,LONG,2912.255,1.7488571428571373,2911.575926864258,2910.8958092453518,0.6790731357423283,1.3591907546483526,0.6790731357423283,1.3591907546483526,0.38829537250419155,0.777187982563184,0.38829537250419155,0.777187982563184,53.33809179902488,9,5,LONDON,BULLISH_ENGULFING,False,,,,,,,,,,,,
2025-02-19 01:25:00,SHORT,2931.295,1.4433571428570693,2932.0292377367214,2932.5358539311246,-0.7342377367212976,-1.2408539311245477,0.7342377367212976,1.2408539311245477,-0.5087013566634676,-0.8596998582542957,0.5087013566634676,0.8596998582542957,44.160984493076235,1,25,ASIA,BEARISH_ENGULFING,False,,,,,,,,,,,,
2025-02-20 04:25:00,LONG,2940.475,1.2660000000000764,2940.666922270258,2939.2218782999967,-0.19192227025814645,1.2531217000032484,0.19192227025814645,1.2531217000032484,-0.15159736987214445,0.9898275671431065,0.15159736987214445,0.9898275671431065,50.584894156496,4,25,ASIA,BULLISH_ENGULFING,False,,,,,,,,,,,,
2025-02-20 14:45:00,SHORT,2935.405,4.8007857142856665,2935.9866155586174,2941.0188281792202,-0.581615558617159,-5.613828179220036,0.581615558617159,5.613828179220036,-0.12115007693145924,-1.1693561248766018,0.12115007693145924,1.1693561248766018,46.982420665371556,14,45,NEW_YORK,BEARISH_ENGULFING,False,,,,,,,,,,,,
2025-02-24 08:25:00,LONG,2942.115,1.9164285714285663,2941.5476933584728,2940.2070252266813,0.5673066415270114,1.9079747733185286,0.5673066415270114,1.9079747733185286,0.29602284686463587,0.9955887747469054,0.29602284686463587,0.9955887747469054,53.750532309543416,8,25,LONDON,BULLISH_ENGULFING,False,,,,,,,,,,,,
2025-02-26 03:10:00,LONG,2920.545,2.143857142857184,2920.106335800121,2919.555175488541,0.43866419987898553,0.9898245114591191,0.43866419987898553,0.9898245114591191,0.20461447318936762,0.46170264411366035,0.20461447318936762,0.46170264411366035,51.21509999851975,3,10,ASIA,BULLISH_ENGULFING,False,,,,,,,,,,,,
2025-02-26 13:10:00,SHORT,2911.795,1.9507142857142494,2913.090827138789,2913.418401341793,-1.295827138788809,-1.6234013417929418,1.295827138788809,1.6234013417929418,-0.6642834105838031,-0.8322086702710219,0.6642834105838031,0.8322086702710219,42.46334880511477,13,10,NEW_YORK,BEARISH_ENGULFING,False,,,,,,,,,,,,
2025-02-27 10:10:00,SHORT,2887.995,3.3852857142856334,2887.168653014404,2889.715748377019,0.8263469855960466,-1.7207483770189356,0.8263469855960466,1.7207483770189356,0.2440996286100546,-0.5083022593211308,0.2440996286100546,0.5083022593211308,51.41735535581653,10,10,LONDON,BEARISH_ENGULFING,False,,,,,,,,,,,,
2025-02-27 21:50:00,SHORT,2876.815,1.5640714285713264,2876.347926137949,2877.956654027592,0.46707386205116563,-1.1416540275918123,0.46707386205116563,1.1416540275918123,0.2986269383347831,-0.729924482179587,0.2986269383347831,0.729924482179587,50.254949964350914,21,50,NY_LATE,BEARISH_ENGULFING,False,,,,,,,,,,,,
2025-02-28 01:45:00,LONG,2880.265,2.4581428571429376,2878.7872450960995,2878.0852969606435,1.4777549039004043,2.1797030393563546,1.4777549039004043,2.1797030393563546,0.6011672184170681,0.88672756875074,0.6011672184170681,0.88672756875074,56.069572939542084,1,45,ASIA,BULLISH_ENGULFING,False,,,,,,,,,,,,
2025-02-28 06:30:00,SHORT,2864.555,2.0142857142857338,2864.111397902416,2866.2956713567673,0.443602097584062,-1.740671356767507,0.443602097584062,1.740671356767507,0.22022799170839744,-0.8641630849200306,0.22022799170839744,0.8641630849200306,50.46727651583327,6,30,ASIA,BEARISH_ENGULFING,False,,,,,,,,,,,,
2025-03-03 10:10:00,LONG,2868.148,2.2504285714285612,2867.1047672912828,2865.840358502081,1.043232708717369,2.3076414979191213,1.043232708717369,2.3076414979191213,0.46357068247455185,1.0254231248291705,0.46357068247455185,1.0254231248291705,55.09885469935363,10,10,LONDON,BULLISH_ENGULFING,False,,,,,,,,,,,,
2025-03-03 14:15:00,LONG,2873.705,2.589285714285747,2873.286492671707,2872.3484657426775,0.4185073282928897,1.356534257322437,0.4185073282928897,1.356534257322437,0.1616304164441485,0.5239028855865898,0.1616304164441485,0.5239028855865898,52.131527571547565,14,15,NEW_YORK,BULLISH_ENGULFING,False,,,,,,,,,,,,
2025-03-06 13:15:00,SHORT,2905.135,3.3050714285714093,2903.6058266255345,2903.9585996024093,1.5291733744656995,1.1764003975908963,1.5291733744656995,1.1764003975908963,0.46267483396771014,0.35593796473542055,0.46267483396771014,0.35593796473542055,54.38435442853599,13,15,NEW_YORK,BEARISH_ENGULFING,False,,,,,,,,,,,,
2025-03-07 03:40:00,SHORT,2904.755,1.7925714285714938,2905.836221388308,2906.5958658681893,-1.0812213883077675,-1.840865868189212,1.0812213883077675,1.840865868189212,-0.6031678130502149,-1.0269414310905336,0.6031678130502149,1.0269414310905336,45.923580412006935,3,40,ASIA,BEARISH_ENGULFING,False,,,,,,,,,,,,
2025-03-07 10:35:00,LONG,2919.435,1.6258571428571227,2919.767339952419,2917.74299314093,-0.33233995241926095,1.6920068590698065,0.33233995241926095,1.6920068590698065,-0.2044090736257671,1.0406860568920826,0.2044090736257671,1.0406860568920826,49.792294969800594,10,35,LONDON,BULLISH_ENGULFING,False,,,,,,,,,,,,
2025-03-07 16:30:00,SHORT,2915.235,4.298928571428503,2917.9058447007687,2918.611380517612,-2.670844700768612,-3.3763805176117785,2.670844700768612,3.3763805176117785,-0.6212814789525822,-0.7854004693289964,0.6212814789525822,0.7854004693289964,43.56825906793872,16,30,NEW_YORK,BEARISH_ENGULFING,False,,,,,,,,,,,,
2025-03-09 23:00:00,LONG,2912.348,2.0683571428571668,2911.548606958035,2910.7000169892867,0.7993930419647768,1.647983010713233,0.7993930419647768,1.647983010713233,0.3864869491835047,0.7967594070513173,0.3864869491835047,0.7967594070513173,54.72534333535711,23,0,OFF,BULLISH_ENGULFING,False,,,,,,,,,,,,
2025-03-11 16:15:00,LONG,2916.288,2.1842857142857417,2916.544073566889,2915.2027471669294,-0.256073566888972,1.0852528330706264,0.256073566888972,1.0852528330706264,-0.11723446489357628,0.4968456397314774,0.11723446489357628,0.4968456397314774,49.90674350248934,16,15,NEW_YORK,BULLISH_ENGULFING,False,,,,,,,,,,,,
2025-03-11 17:45:00,LONG,2918.165,1.9864285714285674,2916.9478695018706,2916.0817420669932,1.217130498129336,2.0832579330067347,1.217130498129336,2.0832579330067347,0.6127230123628457,1.0487454535093255,0.6127230123628457,1.0487454535093255,55.4172102356943,17,45,NEW_YORK,BULLISH_ENGULFING,False,,,,,,,,,,,,
2025-03-14 00:10:00,LONG,2986.348,1.4662142857142888,2986.5298214908485,2984.687820687449,-0.18182149084850607,1.6601793125510085,0.18182149084850607,1.6601793125510085,-0.12400744735612021,1.13228968557091,0.12400744735612021,1.13228968557091,50.32942941236984,0,10,ASIA,BULLISH_ENGULFING,False,,,,,,,,,,,,
2025-03-14 01:50:00,LONG,2987.795,2.8427142857143344,2986.4480374073346,2985.612296507566,1.3469625926654771,2.1827034924340296,1.3469625926654771,2.1827034924340296,0.47382974765858477,0.7678237321995048,0.47382974765858477,0.7678237321995048,54.47256460896093,1,50,ASIA,BULLISH_ENGULFING,False,,,,,,,,,,,,
2025-03-17 13:55:00,SHORT,2988.135,2.920428571428569,2989.4948268565126,2991.2126209415997,-1.3598268565124272,-3.0776209415994344,1.3598268565124272,3.0776209415994344,-0.4656257885626864,-1.0538251035169035,0.4656257885626864,1.0538251035169035,43.15708747921925,13,55,NEW_YORK,BEARISH_ENGULFING,False,,,,,,,,,,,,
2025-03-18 16:05:00,LONG,3031.785,2.2477857142856856,3030.4244566983457,3029.418965066651,1.360543301654161,2.366034933349056,1.360543301654161,2.366034933349056,0.6052815857878705,1.052606980421596,0.6052815857878705,1.052606980421596,54.93801712843549,16,5,NEW_YORK,BULLISH_ENGULFING,False,,,,,,,,,,,,
2025-03-20 14:20:00,SHORT,3032.468,3.349785714285742,3034.3486173407005,3035.6157217787763,-1.88061734070061,-3.1477217787764857,1.88061734070061,3.1477217787764857,-0.5614142220143787,-0.9396785487956679,0.5614142220143787,0.9396785487956679,43.97669337048607,14,20,NEW_YORK,BEARISH_ENGULFING,False,,,,,,,,,,,,
2025-03-21 17:50:00,SHORT,3014.305,1.7088571428571413,3014.8064703871833,3016.133192361575,-0.5014703871834172,-1.8281923615750202,0.5014703871834172,1.8281923615750202,-0.29345366245476706,-1.0698333498599861,0.29345366245476706,1.0698333498599861,47.487567694480596,17,50,NEW_YORK,BEARISH_ENGULFING,False,,,,,,,,,,,,
2025-03-24 04:45:00,SHORT,3017.875,1.1936428571428743,3018.0405367830845,3019.271670858956,-0.1655367830844625,-1.3966708589559858,0.1655367830844625,1.3966708589559858,-0.1386820036612077,-1.1700910792522004,0.1386820036612077,1.1700910792522004,47.42809946833167,4,45,ASIA,BEARISH_ENGULFING,False,,,,,,,,,,,,
2025-03-26 12:30:00,LONG,3027.245,1.9738571428571114,3026.3066429671558,3024.902920745459,0.9383570328441238,2.3420792545407494,0.9383570328441238,2.3420792545407494,0.4753925765295629,1.186549524628031,0.4753925765295629,1.186549524628031,56.10399998865153,12,30,LONDON,BULLISH_ENGULFING,False,,,,,,,,,,,,
2025-03-26 17:25:00,SHORT,3016.505,1.4902857142856192,3016.824530135877,3018.148611568598,-0.31953013587690293,-1.643611568597862,0.31953013587690293,1.643611568597862,-0.21440864178857968,-1.1028835295423474,0.21440864178857968,1.1028835295423474,47.63542462247013,17,25,NEW_YORK,BEARISH_ENGULFING,False,,,,,,,,,,,,
2025-03-27 16:05:00,LONG,3052.175,2.91771428571438,3053.477709643124,3050.6973833628294,-1.3027096431237624,1.4776166371707404,1.3027096431237624,1.4776166371707404,-0.4464829368324541,0.5064295172441662,0.4464829368324541,0.5064295172441662,48.543615825579536,16,5,NEW_YORK,BULLISH_ENGULFING,False,,,,,,,,,,,,
2025-04-01 00:30:00,LONG,3124.335,1.9792142857142412,3123.632686951562,3123.0738589869406,0.7023130484380999,1.2611410130593868,0.7023130484380999,1.2611410130593868,0.3548443710755935,0.6371927598553471,0.3548443710755935,0.6371927598553471,53.239024559642694,0,30,ASIA,BULLISH_ENGULFING,False,,,,,,,,,,,,
2025-04-02 00:10:00,SHORT,3113.445,1.4157142857143623,3113.488258608651,3114.222364082203,-0.043258608650830865,-0.7773640822028938,0.043258608650830865,0.7773640822028938,-0.0305560303285368,-0.5490967280948499,0.0305560303285368,0.5490967280948499,49.45519842541306,0,10,ASIA,BEARISH_ENGULFING,False,,,,,,,,,,,,
2025-04-02 14:40:00,LONG,3125.595,3.834714285714296,3124.191834207907,3123.6876443018105,1.40316579209275,1.907355698189349,1.40316579209275,1.907355698189349,0.3659114310862878,0.4973918670538094,0.3659114310862878,0.4973918670538094,53.893552714773996,14,40,NEW_YORK,BULLISH_ENGULFING,False,,,,,,,,,,,,
2025-04-03 01:55:00,LONG,3153.255,5.22257142857133,3152.8502111378916,3148.2698346843454,0.4047888621084894,4.98516531565474,0.4047888621084894,4.98516531565474,0.07750757795173367,0.9545422946983927,0.07750757795173367,0.9545422946983927,51.885833834874084,1,55,ASIA,BULLISH_ENGULFING,False,,,,,,,,,,,,
2025-04-03 09:15:00,SHORT,3127.288,2.485785714285709,3127.989458648101,3130.1181375094575,-0.7014586481009246,-2.8301375094574723,0.7014586481009246,2.8301375094574723,-0.28218789900902175,-1.138528350691207,0.28218789900902175,1.138528350691207,47.20111299805388,9,15,LONDON,BEARISH_ENGULFING,False,,,,,,,,,,,,
2025-04-03 16:40:00,LONG,3109.098,4.903500000000024,3108.9449285172905,3106.1069333395303,0.15307148270949256,2.9910666604696416,0.15307148270949256,2.9910666604696416,0.031216780403689567,0.6099860631119868,0.031216780403689567,0.6099860631119868,51.02411936255875,16,40,NEW_YORK,BULLISH_ENGULFING,False,,,,,,,,,,,,
2025-04-04 09:55:00,SHORT,3090.525,3.559357142857217,3090.2376838975892,3093.155045675208,0.28731610241084127,-2.630045675207839,0.28731610241084127,2.630045675207839,0.08072134682731019,-0.7389103058920948,0.08072134682731019,0.7389103058920948,49.425611773824805,9,55,LONDON,BEARISH_ENGULFING,False,,,,,,,,,,,,
2025-04-07 04:50:00,LONG,3029.245,5.08278571428569,3027.334460007114,3024.8410605099693,1.9105399928857878,4.403939490030552,1.9105399928857878,4.403939490030552,0.3758844264309667,0.8664420925030991,0.3758844264309667,0.8664420925030991,53.31270270208615,4,50,ASIA,BULLISH_ENGULFING,False,,,,,,,,,,,,
2025-04-09 10:30:00,LONG,3042.605,3.437357142857146,3042.8498021119194,3038.576611564315,-0.24480211191939816,4.028388435684974,0.24480211191939816,4.028388435684974,-0.0712181195451566,1.17194352180017,0.0712181195451566,1.17194352180017,50.2582424192464,10,30,LONDON,BULLISH_ENGULFING,False,,,,,,,,,,,,
2025-04-09 18:55:00,SHORT,3066.785,8.400285714285669,3067.496566826439,3070.6460458735114,-0.7115668264391388,-3.861045873511557,0.7115668264391388,3.861045873511557,-0.08470745527488859,-0.45963268451040856,0.08470745527488859,0.45963268451040856,47.964291731737724,18,55,NY_LATE,BEARISH_ENGULFING,False,,,,,,,,,,,,
2025-04-11 14:55:00,LONG,3229.875,6.395785714285661,3229.0236696848824,3226.2140613426077,0.8513303151175933,3.6609386573923075,0.8513303151175933,3.6609386573923075,0.1331080109854302,0.5723985794607245,0.1331080109854302,0.5723985794607245,51.59366653828049,14,55,NEW_YORK,BULLISH_ENGULFING,False,,,,,,,,,,,,
2025-04-14 00:55:00,SHORT,3220.575,3.1024285714285207,3222.06676683253,3224.0751451423193,-1.4917668325301747,-3.500145142319525,1.4917668325301747,3.500145142319525,-0.4808384135797483,-1.1281952385797798,0.4808384135797483,1.1281952385797798,44.32208103463556,0,55,ASIA,BEARISH_ENGULFING,False,,,,,,,,,,,,
2025-04-14 03:35:00,LONG,3233.025,3.75142857142857,3232.6600213480333,3230.7669812629147,0.36497865196679413,2.258018737085422,0.36497865196679413,2.258018737085422,0.09729057744735567,0.6019090312108896,0.09729057744735567,0.6019090312108896,51.775832707568625,3,35,ASIA,BULLISH_ENGULFING,False,,,,,,,,,,,,
2025-04-16 10:15:00,LONG,3302.075,3.3192857142857326,3302.8001010015173,3298.4324987418327,-0.725101001517487,3.642501258167158,0.725101001517487,3.642501258167158,-0.2184509150257104,1.0973750293595854,0.2184509150257104,1.0973750293595854,49.86022468729619,10,15,LONDON,BULLISH_ENGULFING,False,,,,,,,,,,,,
2025-04-17 18:40:00,LONG,3316.535,2.2107142857142725,3316.686292513053,3314.12776506777,-0.15129251305324942,2.4072349322300397,0.15129251305324942,2.4072349322300397,-0.0684360317526819,1.0888946381654525,0.0684360317526819,1.0888946381654525,52.23711700092345,18,40,NY_LATE,BULLISH_ENGULFING,False,,,,,,,,,,,,
2025-04-23 10:20:00,LONG,3328.955,5.190000000000055,3326.145939920226,3325.093407500139,2.809060079774099,3.8615924998607625,2.809060079774099,3.8615924998607625,0.5412447167194739,0.7440447976610254,0.5412447167194739,0.7440447976610254,54.878415104222626,10,20,LONDON,BULLISH_ENGULFING,False,,,,,,,,,,,,
2025-04-24 12:00:00,LONG,3338.735,4.111428571428568,3336.2794915581053,3334.121461024949,2.4555084418948354,4.613538975051142,2.4555084418948354,4.613538975051142,0.5972397183204956,1.1221255325002788,0.5972397183204956,1.1221255325002788,56.63745592504823,12,0,LONDON,BULLISH_ENGULFING,False,,,,,,,,,,,,
2025-04-24 23:45:00,LONG,3352.875,4.253571428571344,3354.448283362527,3348.8849811810983,-1.573283362527036,3.990018818901717,1.573283362527036,3.990018818901717,-0.36987350252525514,0.9380396887426559,0.36987350252525514,0.9380396887426559,49.42220436350075,23,45,OFF,BULLISH_ENGULFING,False,,,,,,,,,,,,
2025-04-27 23:00:00,LONG,3311.405,5.955071428571338,3312.2550032157537,3305.7494178372012,-0.8500032157535315,5.655582162798964,0.8500032157535315,5.655582162798964,-0.14273602356394458,0.9497085350923787,0.14273602356394458,0.9497085350923787,50.85801577818259,23,0,OFF,BULLISH_ENGULFING,False,,,,,,,,,,,,
2025-04-28 08:25:00,SHORT,3283.835,3.9814285714286206,3286.0460684312293,3288.296822823505,-2.2110684312292506,-4.461822823504917,2.2110684312292506,4.461822823504917,-0.5553454976176736,-1.1206587644253332,0.5553454976176736,1.1206587644253332,44.67023303970719,8,25,LONDON,BEARISH_ENGULFING,False,,,,,,,,,,,,
2025-04-29 10:10:00,SHORT,3311.895,3.0578571428571064,3313.52036672026,3315.367579921341,-1.62536672025999,-3.4725799213410937,1.62536672025999,3.4725799213410937,-0.5315378202205123,-1.1356252954631136,0.5315378202205123,1.1356252954631136,44.396166200026485,10,10,LONDON,BEARISH_ENGULFING,False,,,,,,,,,,,,
2025-04-30 15:35:00,LONG,3306.125,6.092285714285708,3305.155565582882,3300.2245529710144,0.9694344171180092,5.900447028985582,0.9694344171180092,5.900447028985582,0.15912491018679525,0.9685112133118959,0.15912491018679525,0.9685112133118959,52.84718845416751,15,35,NEW_YORK,BULLISH_ENGULFING,False,,,,,,,,,,,,
2025-04-30 17:20:00,LONG,3306.995,3.4371428571428817,3308.3549226995524,3304.985956774589,-1.3599226995524987,2.0090432254110056,1.3599226995524987,2.0090432254110056,-0.39565498324469756,0.5845096665784264,0.39565498324469756,0.5845096665784264,48.674871657140336,17,20,NEW_YORK,BULLISH_ENGULFING,False,,,,,,,,,,,,
2025-05-06 04:10:00,LONG,3359.985,4.74607142857144,3361.289766411224,3356.7835422371663,-1.3047664112236816,3.2014577628337975,1.3047664112236816,3.2014577628337975,-0.2749150388611859,0.674549005638845,0.2749150388611859,0.674549005638845,48.41428421151201,4,10,ASIA,BULLISH_ENGULFING,False,,,,,,,,,,,,
2025-05-07 00:00:00,SHORT,3397.185,6.830714285714261,3397.129198326305,3403.037482156296,0.055801673694986675,-5.8524821562959914,0.055801673694986675,5.8524821562959914,0.0081692296531404,-0.8567891894608823,0.0081692296531404,0.8567891894608823,47.895483087828694,0,0,ASIA,BEARISH_ENGULFING,False,,,,,,,,,,,,
2025-05-07 08:10:00,LONG,3386.445,3.983571428571427,3387.8364592099906,3387.3417179203157,-1.391459209990444,-0.8967179203154956,1.391459209990444,0.8967179203154956,-0.34929942513656487,-0.225104014423829,0.34929942513656487,0.225104014423829,47.26367630602414,8,10,LONDON,BULLISH_ENGULFING,False,,,,,,,,,,,,
2025-05-08 04:00:00,LONG,3398.395,3.86114285714286,3399.841733913033,3395.4589130023664,-1.4467339130328583,2.936086997633538,1.4467339130328583,2.936086997633538,-0.3746905946141039,0.760419157297423,0.3746905946141039,0.760419157297423,48.514155287287046,4,0,ASIA,BULLISH_ENGULFING,False,,,,,,,,,,,,
2025-05-08 23:20:00,LONG,3317.085,3.4335714285714403,3315.3560207046203,3313.387331973917,1.7289792953797587,3.6976680260831927,1.7289792953797587,3.6976680260831927,0.5035512821992207,1.0769160051001565,0.5035512821992207,1.0769160051001565,55.309650611384754,23,20,OFF,BULLISH_ENGULFING,False,,,,,,,,,,,,
2025-05-09 08:20:00,LONG,3324.285,3.502142857142904,3324.464539840402,3321.040181337245,-0.17953984040195792,3.244818662754824,0.17953984040195792,3.244818662754824,-0.05126571008825979,0.9265237870399129,0.05126571008825979,0.9265237870399129,50.931775515237334,8,20,LONDON,BULLISH_ENGULFING,False,,,,,,,,,,,,
2025-05-09 08:35:00,LONG,3323.325,3.3464285714286297,3323.913390429253,3321.183633173859,-0.5883904292531952,2.141366826140711,0.5883904292531952,2.141366826140711,-0.1758263822741641,0.6398961700313647,0.1758263822741641,0.6398961700313647,49.561556745669805,8,35,LONDON,BULLISH_ENGULFING,False,,,,,,,,,,,,
2025-05-09 16:45:00,LONG,3340.845,3.1764285714285245,3340.91578026511,3337.714097849517,-0.07078026510998825,3.130902150482598,0.07078026510998825,3.130902150482598,-0.022282970801435802,0.985667418636317,0.022282970801435802,0.985667418636317,51.327280290944834,16,45,NEW_YORK,BULLISH_ENGULFING,False,,,,,,,,,,,,
2025-05-13 22:20:00,LONG,3251.385,1.9400000000000222,3250.627183628031,3249.582720156812,0.7578163719690565,1.802279843188444,0.7578163719690565,1.802279843188444,0.39062699586033395,0.9290102284476409,0.39062699586033395,0.9290102284476409,54.354672255311456,22,20,OFF,BULLISH_ENGULFING,False,,,,,,,,,,,,
2025-05-14 17:15:00,SHORT,3184.405,3.901428571428499,3184.5225640104504,3188.8033592508255,-0.11756401045022358,-4.398359250825251,0.11756401045022358,4.398359250825251,-0.030133580122723557,-1.1273714667073356,0.030133580122723557,1.1273714667073356,49.20431260452988,17,15,NEW_YORK,BEARISH_ENGULFING,False,,,,,,,,,,,,
2025-05-16 00:15:00,LONG,3238.945,3.8057142857142674,3240.8901849696467,3237.663138335373,-1.9451849696465615,1.2818616646272858,1.9451849696465615,1.2818616646272858,-0.5111221767089338,0.33682551247714126,0.5111221767089338,0.33682551247714126,46.05627620139447,0,15,ASIA,BULLISH_ENGULFING,False,,,,,,,,,,,,
2025-05-16 12:50:00,SHORT,3176.795,7.287142857142986,3174.9853221141593,3184.804373857861,1.809677885840756,-8.009373857860737,1.809677885840756,8.009373857860737,0.2483384669846122,-1.0991103118020813,0.2483384669846122,1.0991103118020813,49.59881099998692,12,50,LONDON,BEARISH_ENGULFING,False,,,,,,,,,,,,
2025-05-19 14:55:00,SHORT,3233.755,4.922857142857181,3231.100798264648,3233.33611198973,2.654201735352217,0.418888010270166,2.654201735352217,0.418888010270166,0.5391587970825704,0.08509042576584849,0.5391587970825704,0.08509042576584849,53.326403304962646,14,55,NEW_YORK,BEARISH_ENGULFING,False,,,,,,,,,,,,
2025-05-21 17:35:00,LONG,3311.215,3.7440714285713574,3309.5190420611725,3308.4855883488763,1.6959579388276325,2.7294116511238826,1.6959579388276325,2.7294116511238826,0.4529715768469639,0.7289956143185433,0.4529715768469639,0.7289956143185433,54.29592784050899,17,35,NEW_YORK,BULLISH_ENGULFING,False,,,,,,,,,,,,
2025-05-21 22:40:00,LONG,3317.848,2.744428571428508,3317.6315146008283,3316.281268709642,0.2164853991716882,1.5667312903578932,0.2164853991716882,1.5667312903578932,0.07888177576398168,0.5708770512990217,0.07888177576398168,0.5708770512990217,51.327294778940896,22,40,OFF,BULLISH_ENGULFING,False,,,,,,,,,,,,
2025-05-23 01:55:00,LONG,3304.848,5.191428571428593,3301.787389298725,3299.906313065821,3.0606107012749817,4.941686934178961,3.0606107012749817,4.941686934178961,0.5895507679946281,0.9518934655820744,0.5895507679946281,0.9518934655820744,55.83211603775824,1,55,ASIA,BULLISH_ENGULFING,False,,,,,,,,,,,,
2025-05-26 04:15:00,LONG,3348.585,1.922785714285705,3347.739008972097,3347.1378004603857,0.8459910279029828,1.447199539614303,0.8459910279029828,1.447199539614303,0.4399819603492632,0.7526577344849489,0.4399819603492632,0.7526577344849489,54.094443253244215,4,15,ASIA,BULLISH_ENGULFING,False,,,,,,,,,,,,
2025-05-27 01:10:00,LONG,3343.288,2.746642857142888,3344.3945446836406,3344.0429863622826,-1.10654468364055,-0.7549863622825796,1.10654468364055,0.7549863622825796,-0.4028717023630803,-0.2748760583558109,0.4028717023630803,0.2748760583558109,46.6612979284032,1,10,ASIA,BULLISH_ENGULFING,False,,,,,,,,,,,,
2025-05-27 12:25:00,SHORT,3294.645,3.136428571428561,3293.495786255861,3297.764255353642,1.1492137441391606,-3.1192553536420746,1.1492137441391606,3.1192553536420746,0.36640839029716016,-0.9945245946478978,0.36640839029716016,0.9945245946478978,51.15497626831892,12,25,LONDON,BEARISH_ENGULFING,False,,,,,,,,,,,,
2025-05-27 15:25:00,LONG,3295.935,2.816428571428657,3297.3496407464427,3297.3276049165183,-1.4146407464427284,-1.392604916518394,1.4146407464427284,1.392604916518394,-0.5022817765710778,-0.4944577436281239,0.5022817765710778,0.4944577436281239,46.97633245285832,15,25,NEW_YORK,BULLISH_ENGULFING,False,,,,,,,,,,,,
2025-05-28 06:35:00,LONG,3304.475,3.2099999999999715,3303.059930423055,3302.367535154236,1.4150695769449158,2.107464845763843,1.4150695769449158,2.107464845763843,0.44083164390807733,0.656531104599334,0.44083164390807733,0.656531104599334,54.64903401665486,6,35,ASIA,BULLISH_ENGULFING,False,,,,,,,,,,,,
2025-05-28 14:30:00,SHORT,3306.498,4.158285714285739,3306.8327399843783,3309.419633857538,-0.3347399843783023,-2.921633857537927,0.3347399843783023,2.921633857537927,-0.08049951527580398,-0.7026053663173479,0.08049951527580398,0.7026053663173479,47.80804522065702,14,30,NEW_YORK,BEARISH_ENGULFING,False,,,,,,,,,,,,
2025-05-28 17:25:00,SHORT,3296.548,2.4677142857143672,3295.662724269561,3299.2061682726858,0.8852757304389343,-2.658168272685998,0.8852757304389343,2.658168272685998,0.35874320441544144,-1.077178297371852,0.35874320441544144,1.077178297371852,50.468274983512245,17,25,NEW_YORK,BEARISH_ENGULFING,False,,,,,,,,,,,,
2025-05-30 18:00:00,LONG,3292.825,2.634499999999954,3291.1245892043935,3290.1707330283807,1.7004107956063308,2.6542669716191085,1.7004107956063308,2.6542669716191085,0.6454396643030407,1.007503120751245,0.6454396643030407,1.007503120751245,56.19265998673414,18,0,NY_LATE,BULLISH_ENGULFING,False,,,,,,,,,,,,
2025-06-03 01:50:00,SHORT,3372.698,4.143428571428591,3373.8386672102674,3377.588114501281,-1.1406672102675657,-4.890114501281005,1.1406672102675657,4.890114501281005,-0.27529549275523796,-1.1802096782846117,0.27529549275523796,1.1802096782846117,43.839748649508564,1,50,ASIA,BEARISH_ENGULFING,False,,,,,,,,,,,,
2025-06-03 06:05:00,SHORT,3362.365,2.8167857142856456,3362.8102959774806,3365.408309809877,-0.4452959774807823,-3.043309809877428,0.4452959774807823,3.043309809877428,-0.15808656484673778,-1.0804193568729563,0.15808656484673778,1.0804193568729563,47.66191446520437,6,5,ASIA,BEARISH_ENGULFING,False,,,,,,,,,,,,
2025-06-03 18:45:00,LONG,3352.045,1.2004285714285743,3351.618263934047,3351.0090967244037,0.4267360659532642,1.0359032755964108,0.4267360659532642,1.0359032755964108,0.355486428855509,0.8629445351868212,0.355486428855509,0.8629445351868212,53.68041001383012,18,45,NY_LATE,BULLISH_ENGULFING,False,,,,,,,,,,,,
2025-06-04 03:05:00,LONG,3365.235,2.471142857142825,3365.648123904489,3362.4038738197933,-0.413123904488657,2.8311261802068657,0.413123904488657,2.8311261802068657,-0.16717928843916272,1.1456748330123896,0.16717928843916272,1.1456748330123896,51.019558255461824,3,5,ASIA,BULLISH_ENGULFING,False,,,,,,,,,,,,
2025-06-05 06:55:00,SHORT,3365.845,2.3462142857142356,3366.379624014331,3368.0888437317335,-0.5346240143312571,-2.2438437317337048,0.5346240143312571,2.2438437317337048,-0.22786666059724658,-0.9563677731382634,0.22786666059724658,0.9563677731382634,47.235770808211164,6,55,ASIA,BEARISH_ENGULFING,False,,,,,,,,,,,,
2025-06-12 08:35:00,SHORT,3358.245,5.972571428571395,3357.936461634762,3363.4355907801946,0.30853836523783684,-5.190590780194725,0.30853836523783684,5.190590780194725,0.05165921729489261,-0.869071361016152,0.05165921729489261,0.869071361016152,47.60210285242101,8,35,LONDON,BEARISH_ENGULFING,False,,,,,,,,,,,,
2025-06-12 22:55:00,SHORT,3383.198,1.9759285714285397,3383.6679928114168,3384.447545398697,-0.469992811416887,-1.249545398697137,0.469992811416887,1.249545398697137,-0.23785921121485462,-0.6323838911817301,0.23785921121485462,0.6323838911817301,46.52807356343174,22,55,OFF,BEARISH_ENGULFING,False,,,,,,,,,,,,
2025-06-13 04:05:00,LONG,3427.685,5.172857142857181,3428.9643672871825,3422.452338997457,-1.2793672871825947,5.2326610025429545,1.2793672871825947,5.2326610025429545,-0.247323143062085,1.0115610885887991,0.247323143062085,1.0115610885887991,49.30142756839452,4,5,ASIA,BULLISH_ENGULFING,False,,,,,,,,,,,,
2025-06-13 06:20:00,LONG,3422.915,3.5083571428571565,3424.3708873218625,3423.89304792041,-1.4558873218625195,-0.9780479204100629,1.4558873218625195,0.9780479204100629,-0.41497694293371323,-0.2787766126950104,0.41497694293371323,0.2787766126950104,45.12578711792064,6,20,ASIA,BULLISH_ENGULFING,False,,,,,,,,,,,,
2025-06-13 09:45:00,LONG,3423.965,2.9662142857142237,3422.4711599223156,3421.6774712969523,1.493840077684581,2.287528703047883,1.493840077684581,2.287528703047883,0.5036183949619422,0.7711946888210328,0.5036183949619422,0.7711946888210328,55.00139406817777,9,45,LONDON,BULLISH_ENGULFING,False,,,,,,,,,,,,
2025-06-16 08:45:00,SHORT,3416.005,2.9884999999999633,3415.086662331058,3418.963266298618,0.9183376689420584,-2.958266298617673,0.9183376689420584,2.958266298617673,0.30729050324312185,-0.9898833189284622,0.30729050324312185,0.9898833189284622,50.686863190017945,8,45,LONDON,BEARISH_ENGULFING,False,,,,,,,,,,,,
2025-06-16 16:00:00,SHORT,3403.155,2.7495000000000607,3402.00253913661,3404.856670322587,1.1524608633903881,-1.7016703225867786,1.1524608633903881,1.7016703225867786,0.41915288721235233,-0.618901735801688,0.41915288721235233,0.618901735801688,52.04327868295565,16,0,NEW_YORK,BEARISH_ENGULFING,False,,,,,,,,,,,,
2025-06-17 08:30:00,SHORT,3384.698,2.9592142857143244,3386.6203541947393,3388.1661912981876,-1.9223541947394551,-3.468191298187776,1.9223541947394551,3.468191298187776,-0.6496164215006884,-1.1719973490701736,0.6496164215006884,1.1719973490701736,43.93675456219781,8,30,LONDON,BEARISH_ENGULFING,False,,,,,,,,,,,,
2025-06-17 23:25:00,LONG,3389.665,1.516857142857069,3389.506754114542,3388.258138059038,0.15824588545774532,1.4068619409617895,0.15824588545774532,1.4068619409617895,0.1043248444343823,0.9274847981477685,0.1043248444343823,0.9274847981477685,51.98194888104218,23,25,OFF,BULLISH_ENGULFING,False,,,,,,,,,,,,
2025-06-18 23:15:00,SHORT,3374.245,2.1658571428570537,3373.606223714719,3375.1501786802755,0.6387762852809828,-0.9051786802756396,0.6387762852809828,0.9051786802756396,0.2949300176088031,-0.4179309255279822,0.2949300176088031,0.4179309255279822,52.61859148616323,23,15,OFF,BEARISH_ENGULFING,False,,,,,,,,,,,,
2025-06-19 15:45:00,SHORT,3366.555,2.482785714285683,3366.648765192688,3367.335243747436,-0.09376519268835182,-0.7802437474360886,0.09376519268835182,0.7802437474360886,-0.03776612381360057,-0.3142614132772916,0.03776612381360057,0.3142614132772916,49.23194978541171,15,45,NEW_YORK,BEARISH_ENGULFING,False,,,,,,,,,,,,
2025-06-20 04:00:00,SHORT,3354.075,2.927785714285684,3353.9137695200307,3357.563185324687,0.16123047996916284,-3.488185324687038,0.16123047996916284,3.488185324687038,0.055069084865898246,-1.1914073177100937,0.055069084865898246,1.1914073177100937,48.16216402372628,4,0,ASIA,BEARISH_ENGULFING,False,,,,,,,,,,,,
2025-06-22 23:25:00,LONG,3374.855,4.230071428571462,3375.5360764138763,3372.6125994678355,-0.6810764138763261,2.242400532164538,0.6810764138763261,2.242400532164538,-0.16100825373209657,0.530109377590775,0.16100825373209657,0.530109377590775,50.16335014954823,23,25,OFF,BULLISH_ENGULFING,False,,,,,,,,,,,,
2025-06-23 03:40:00,SHORT,3362.225,2.1778571428571922,3362.50560916783,3363.8602272024036,-0.2806091678298799,-1.635227202403712,0.2806091678298799,1.635227202403712,-0.12884645292286748,-0.7508422707002771,0.12884645292286748,0.7508422707002771,48.77376076881214,3,40,ASIA,BEARISH_ENGULFING,False,,,,,,,,,,,,
2025-06-24 18:35:00,LONG,3317.098,1.753571428571409,3317.189800602129,3315.591904218912,-0.091800602128842,1.506095781087879,0.091800602128842,1.506095781087879,-0.05235064887184531,0.8588733578505312,0.05235064887184531,0.8588733578505312,51.22336174222532,18,35,NY_LATE,BULLISH_ENGULFING,False,,,,,,,,,,,,
2025-06-26 03:40:00,LONG,3337.885,1.8342857142857352,3337.72936614454,3335.8949418891457,0.15563385546010977,1.9900581108545339,0.15563385546010977,1.9900581108545339,0.0848471174626757,1.0849226461044843,0.0848471174626757,1.0849226461044843,52.88238743585085,3,40,ASIA,BULLISH_ENGULFING,False,,,,,,,,,,,,
2025-06-26 10:35:00,SHORT,3339.748,1.9218571428571067,3340.709121645883,3340.973794804912,-0.9611216458829404,-1.2257948049118568,0.9611216458829404,1.2257948049118568,-0.5001004624381706,-0.6378178573093851,0.5001004624381706,0.6378178573093851,43.16646819630975,10,35,LONDON,BEARISH_ENGULFING,False,,,,,,,,,,,,
2025-06-26 15:45:00,SHORT,3322.635,2.769214285714205,3321.411925232069,3324.621952234233,1.2230747679313936,-1.986952234232831,1.2230747679313936,1.986952234232831,0.441668517398953,-0.7175147999499715,0.441668517398953,0.7175147999499715,52.01601700080958,15,45,NEW_YORK,BEARISH_ENGULFING,False,,,,,,,,,,,,
2025-06-30 13:55:00,SHORT,3284.558,3.2298571428570995,3283.122666958147,3283.498907546603,1.4353330418530277,1.0590924533971702,1.4353330418530277,1.0590924533971702,0.44439520956129547,0.3279069031704317,0.44439520956129547,0.3279069031704317,53.237769879940295,13,55,NEW_YORK,BEARISH_ENGULFING,False,,,,,,,,,,,,
2025-06-30 14:55:00,LONG,3287.548,3.1419285714285445,3285.211719557612,3284.4162525724,2.3362804423877606,3.1317474275997483,2.3362804423877606,3.1317474275997483,0.7435816535210159,0.9967595877508548,0.7435816535210159,0.9967595877508548,56.65340931316806,14,55,NEW_YORK,BULLISH_ENGULFING,False,,,,,,,,,,,,
2025-07-07 06:30:00,SHORT,3310.045,2.573500000000032,3311.3682260892538,3312.3010098538807,-1.3232260892536942,-2.2560098538806415,1.3232260892536942,2.2560098538806415,-0.5141737280954645,-0.8766309904335005,0.5141737280954645,0.8766309904335005,45.445919372826864,6,30,ASIA,BEARISH_ENGULFING,False,,,,,,,,,,,,
2025-07-07 06:45:00,SHORT,3309.525,2.520214285714246,3311.181564922383,3312.11710064982,-1.6565649223830405,-2.592100649819713,1.6565649223830405,2.592100649819713,-0.6573111388873659,-1.028523909459982,0.6573111388873659,1.028523909459982,44.331912977438094,6,45,ASIA,BEARISH_ENGULFING,False,,,,,,,,,,,,
2025-07-07 12:25:00,SHORT,3302.665,3.207999999999921,3303.725087400991,3305.475231589632,-1.0600874009910513,-2.810231589632167,1.0600874009910513,2.810231589632167,-0.33045118484759267,-0.8760073533766322,0.33045118484759267,0.8760073533766322,46.1390808680439,12,25,LONDON,BEARISH_ENGULFING,False,,,,,,,,,,,,
2025-07-09 04:35:00,SHORT,3295.398,1.4464285714285714,3294.659661452348,3296.893439785169,0.7383385476523472,-1.4954397851688555,0.7383385476523472,1.4954397851688555,0.5104562798584129,-1.0338842959192087,0.5104562798584129,1.0338842959192087,51.120789548528435,4,35,ASIA,BEARISH_ENGULFING,False,,,,,,,,,,,,
2025-07-09 08:05:00,SHORT,3290.535,2.8452142857142917,3291.591748814813,3292.445172167976,-1.0567488148130906,-1.9101721679762704,1.0567488148130906,1.9101721679762704,-0.37141273334630176,-0.6713632001523292,0.37141273334630176,0.6713632001523292,46.54687404284559,8,5,LONDON,BEARISH_ENGULFING,False,,,,,,,,,,,,
2025-07-09 18:05:00,LONG,3310.098,1.8921428571429064,3310.524439311083,3308.086220717703,-0.42643931108295874,2.011779282297084,0.42643931108295874,2.011779282297084,-0.22537373934168617,1.0632280087640031,0.22537373934168617,1.0632280087640031,49.483752447849746,18,5,NY_LATE,BULLISH_ENGULFING,False,,,,,,,,,,,,
2025-07-10 10:40:00,LONG,3326.398,1.9281428571428347,3325.1787868057836,3324.5325912389485,1.219213194216536,1.8654087610516399,1.219213194216536,1.8654087610516399,0.6323251359202676,0.967463979207352,0.6323251359202676,0.967463979207352,54.921639684164454,10,40,LONDON,BULLISH_ENGULFING,False,,,,,,,,,,,,
2025-07-10 17:50:00,SHORT,3316.675,1.3674285714286205,3316.906064510001,3317.9396625429094,-0.23106451000103334,-1.2646625429092637,0.23106451000103334,1.2646625429092637,-0.1689773892610923,-0.9248472419937869,0.1689773892610923,0.9248472419937869,48.19738533856686,17,50,NEW_YORK,BEARISH_ENGULFING,False,,,,,,,,,,,,
2025-07-10 23:20:00,LONG,3323.865,1.4457857142857458,3323.705075858837,3322.81986352636,0.15992414116271902,1.045136473639559,0.15992414116271902,1.045136473639559,0.11061400011254471,0.7228847700683517,0.11061400011254471,0.7228847700683517,51.641144391410556,23,20,OFF,BULLISH_ENGULFING,False,,,,,,,,,,,,
2025-07-11 08:45:00,LONG,3339.045,2.235142857142916,3338.5333073830684,3336.7990266996962,0.5116926169316685,2.245973300303831,0.5116926169316685,2.245973300303831,0.2289306096460172,1.0048455261489455,0.2289306096460172,1.0048455261489455,53.035089794219694,8,45,LONDON,BULLISH_ENGULFING,False,,,,,,,,,,,,
2025-07-11 14:20:00,LONG,3353.455,4.596857142857094,3352.637358163713,3349.4245772344993,0.817641836286839,4.030422765500589,0.817641836286839,4.030422765500589,0.1778697511967162,0.8767779028685568,0.1778697511967162,0.8767779028685568,53.15399388615324,14,20,NEW_YORK,BULLISH_ENGULFING,False,,,,,,,,,,,,
2025-07-14 06:20:00,SHORT,3358.895,2.2037857142857837,3358.0833965301304,3358.3489832114483,0.811603469869624,0.5460167885516967,0.811603469869624,0.5460167885516967,0.3682769448084263,0.24776310374107907,0.3682769448084263,0.24776310374107907,53.434476045627115,6,20,ASIA,BEARISH_ENGULFING,False,,,,,,,,,,,,
2025-07-14 09:15:00,LONG,3368.055,1.9542857142857233,3367.553839852953,3365.77090678138,0.5011601470469031,2.2840932186200007,0.5011601470469031,2.2840932186200007,0.25644159571113345,1.1687611498786499,0.25644159571113345,1.1687611498786499,52.37995044409806,9,15,LONDON,BULLISH_ENGULFING,False,,,,,,,,,,,,
2025-07-14 13:50:00,SHORT,3356.835,3.2754285714285225,3356.765812660923,3360.7356731556147,0.06918733907696151,-3.9006731556146406,0.06918733907696151,3.9006731556146406,0.02112314085566721,-1.190889396776993,0.02112314085566721,1.190889396776993,47.22066494805114,13,50,NEW_YORK,BEARISH_ENGULFING,False,,,,,,,,,,,,
2025-07-14 17:10:00,SHORT,3348.065,1.5975714285714275,3347.565193831371,3349.9605217493163,0.49980616862922034,-1.8955217493162309,0.49980616862922034,1.8955217493162309,0.312853722650858,-1.1865020339098296,0.312853722650858,1.1865020339098296,50.8459348291719,17,10,NEW_YORK,BEARISH_ENGULFING,False,,,,,,,,,,,,
2025-07-16 01:50:00,LONG,3332.055,2.180500000000003,3331.2813458304327,3330.260030147628,0.7736541695671804,1.7949698523716506,0.7736541695671804,1.7949698523716506,0.35480585625644545,0.823191860752877,0.35480585625644545,0.823191860752877,54.61103241361276,1,50,ASIA,BULLISH_ENGULFING,False,,,,,,,,,,,,
2025-07-17 22:25:00,LONG,3339.195,1.1970714285714297,3339.059604501678,3338.1356513675423,0.13539549832194098,1.0593486324578407,0.13539549832194098,1.0593486324578407,0.11310561349168638,0.8849502270069668,0.11310561349168638,0.8849502270069668,51.74817702483647,22,25,OFF,BULLISH_ENGULFING,False,,,,,,,,,,,,
2025-07-18 17:00:00,SHORT,3352.515,1.971214285714333,3353.799146503852,3354.0749357135696,-1.2841465038522983,-1.5599357135697574,1.2841465038522983,1.5599357135697574,-0.651449471099458,-0.7913577559146312,0.651449471099458,0.7913577559146312,44.73136666813878,17,0,NEW_YORK,BEARISH_ENGULFING,False,,,,,,,,,,,,
2025-07-22 00:35:00,SHORT,3394.435,2.9806428571428762,3395.440468058559,3396.360429278553,-1.0054680585590177,-1.9254292785531106,1.0054680585590177,1.9254292785531106,-0.3373326180791813,-0.6459778547231751,0.3373326180791813,0.6459778547231751,44.339787782441135,0,35,ASIA,BEARISH_ENGULFING,False,,,,,,,,,,,,
2025-07-23 04:30:00,SHORT,3422.715,1.8562857142857345,3423.792696408704,3424.7285483269525,-1.0776964087040142,-2.013548326952332,1.0776964087040142,2.013548326952332,-0.5805660197728195,-1.0847189694217463,0.5805660197728195,1.0847189694217463,44.79633295040978,4,30,ASIA,BEARISH_ENGULFING,False,,,,,,,,,,,,
2025-07-23 14:10:00,SHORT,3416.475,4.093500000000014,3416.0551207512976,3419.808931850628,0.4198792487022729,-3.3339318506282325,0.4198792487022729,3.3339318506282325,0.10257218729748906,-0.8144453036834546,0.10257218729748906,0.8144453036834546,48.53825624604295,14,10,NEW_YORK,BEARISH_ENGULFING,False,,,,,,,,,,,,
2025-07-24 04:05:00,SHORT,3383.085,2.684071428571412,3383.6171532150447,3385.6392488780834,-0.5321532150446728,-2.554248878083399,0.5321532150446728,2.554248878083399,-0.19826343270153193,-0.9516322296396149,0.19826343270153193,0.9516322296396149,46.96916717663715,4,5,ASIA,BEARISH_ENGULFING,False,,,,,,,,,,,,
2025-07-28 01:10:00,SHORT,3334.865,2.758071428571384,3333.2133499450806,3333.5990846408527,1.6516500549191733,1.2659153591471295,1.6516500549191733,1.2659153591471295,0.5988423787032554,0.4589857050231813,0.5988423787032554,0.4589857050231813,55.28096287881099,1,10,ASIA,BEARISH_ENGULFING,False,,,,,,,,,,,,
2025-07-30 23:05:00,SHORT,3278.448,1.8863571428571504,3277.401161272146,3280.653412960244,1.0468387278538103,-2.2054129602443027,1.0468387278538103,2.2054129602443027,0.5549525612462904,-1.1691386059078388,0.5549525612462904,1.1691386059078388,52.93685307951045,23,5,OFF,BEARISH_ENGULFING,False,,,,,,,,,,,,
2025-08-01 04:00:00,LONG,3292.225,1.808785714285737,3291.560584948525,3290.9506786822117,0.6644150514748617,1.2743213177882353,0.6644150514748617,1.2743213177882353,0.36732656954736587,0.7045175709447961,0.36732656954736587,0.7045175709447961,54.060619838682946,4,0,ASIA,BULLISH_ENGULFING,False,,,,,,,,,,,,
2025-08-01 04:25:00,LONG,3292.555,1.6340714285714253,3291.7104970127966,3291.1216063105103,0.8445029872032137,1.4333936894895487,0.8445029872032137,1.4333936894895487,0.51680910175482,0.8771915746318889,0.51680910175482,0.8771915746318889,55.00033695142107,4,25,ASIA,BULLISH_ENGULFING,False,,,,,,,,,,,,
2025-08-04 14:55:00,LONG,3373.759,3.071214285714307,3375.5238924732857,3371.4707887583327,-1.7648924732857267,2.288211241667341,1.7648924732857267,2.288211241667341,-0.574656246389283,0.7450509892165162,0.574656246389283,0.7450509892165162,47.86436730001942,14,55,NEW_YORK,BULLISH_ENGULFING,False,,,,,,,,,,,,
2025-08-04 16:00:00,LONG,3375.009,2.403999999999899,3374.468804133755,3372.4864812921132,0.5401958662450852,2.522518707886775,0.5401958662450852,2.522518707886775,0.22470709910362224,1.049300627240799,0.22470709910362224,1.049300627240799,52.458031541580525,16,0,NEW_YORK,BULLISH_ENGULFING,False,,,,,,,,,,,,
2025-08-05 00:20:00,LONG,3377.308,1.4159285714285619,3376.98112546856,3376.0812745185967,0.3268745314398984,1.226725481403264,0.3268745314398984,1.226725481403264,0.23085524088980522,0.8663752580157298,0.23085524088980522,0.8663752580157298,53.20157436184889,0,20,ASIA,BULLISH_ENGULFING,False,,,,,,,,,,,,
2025-08-05 17:30:00,LONG,3380.798,2.195071428571477,3381.734808969416,3379.4675455833576,-0.9368089694162336,1.3304544166421692,0.9368089694162336,1.3304544166421692,-0.4267783531882132,0.6061098510621183,0.4267783531882132,0.6061098510621183,46.76534388782074,17,30,NEW_YORK,BULLISH_ENGULFING,False,,,,,,,,,,,,
2025-08-06 03:25:00,SHORT,3376.665,1.4242142857143076,3376.728930832599,3378.0784096845628,-0.06393083259899868,-1.4134096845627937,0.06393083259899868,1.4134096845627937,-0.04488849272210079,-0.9924136407983754,0.04488849272210079,0.9924136407983754,47.826516968422084,3,25,ASIA,BEARISH_ENGULFING,False,,,,,,,,,,,,
2025-08-06 12:30:00,SHORT,3363.315,1.859785714285668,3363.7172033687566,3364.9587198670433,-0.4022033687565454,-1.6437198670432736,0.4022033687565454,1.6437198670432736,-0.21626328542427223,-0.883822181457403,0.21626328542427223,0.883822181457403,48.07759263253694,12,30,LONDON,BEARISH_ENGULFING,False,,,,,,,,,,,,
2025-08-06 16:20:00,LONG,3375.658,2.6073571428571216,3375.8700623649975,3373.2205732544553,-0.21206236499756415,2.437426745544599,0.21206236499756415,2.437426745544599,-0.08133230446719235,0.9348265741890984,0.08133230446719235,0.9348265741890984,51.17510421069572,16,20,NEW_YORK,BULLISH_ENGULFING,False,,,,,,,,,,,,
2025-08-06 16:55:00,LONG,3375.895,2.037571428571482,3375.593352989414,3373.726413329221,0.30164701058583887,2.16858667077895,0.30164701058583887,2.16858667077895,0.14804242263905326,1.0642997052129461,0.14804242263905326,1.0642997052129461,52.2442784373317,16,55,NEW_YORK,BULLISH_ENGULFING,False,,,,,,,,,,,,
2025-08-07 04:15:00,LONG,3378.835,1.5933571428571602,3378.451068169219,3377.1028871645685,0.38393183078096627,1.7321128354315078,0.38393183078096627,1.7321128354315078,0.2409577993873434,1.0870838613906328,0.2409577993873434,1.0870838613906328,52.934674661810824,4,15,ASIA,BULLISH_ENGULFING,False,,,,,,,,,,,,
2025-08-07 04:50:00,LONG,3378.535,1.5195714285714206,3378.4489902192086,3377.436917793848,0.08600978079130073,1.0980822061519575,0.08600978079130073,1.0980822061519575,0.05660134112429334,0.722626252050742,0.05660134112429334,0.722626252050742,51.03972092324178,4,50,ASIA,BULLISH_ENGULFING,False,,,,,,,,,,,,
2025-08-07 09:50:00,SHORT,3377.455,3.032642857142816,3379.0334720780797,3380.528914992266,-1.5784720780798125,-3.0739149922660545,1.5784720780798125,3.0739149922660545,-0.5204938901268972,-1.0136092962697634,0.5204938901268972,1.0136092962697634,45.219871020504826,9,50,LONDON,BEARISH_ENGULFING,False,,,,,,,,,,,,
2025-08-07 14:50:00,LONG,3387.925,6.1463571428570765,3385.3096970787487,3383.255958020034,2.615302921251441,4.669041979966096,2.615302921251441,4.669041979966096,0.4255045485423488,0.7596437810959575,0.4255045485423488,0.7596437810959575,55.20178256465991,14,50,NEW_YORK,BULLISH_ENGULFING,False,,,,,,,,,,,,
2025-08-08 00:05:00,LONG,3401.41,4.219285714285694,3398.814527724835,3396.706432383223,2.595472275164866,4.703567616777036,2.595472275164866,4.703567616777036,0.6151449441731556,1.1147781722512076,0.6151449441731556,1.1147781722512076,55.81361261768577,0,5,ASIA,BULLISH_ENGULFING,False,,,,,,,,,,,,
2025-08-10 23:35:00,SHORT,3393.648,1.922499999999965,3394.48698798102,3394.971112288524,-0.8389879810197272,-1.3231122885240438,0.8389879810197272,1.3231122885240438,-0.4364046715317256,-0.6882248574897623,0.4364046715317256,0.6882248574897623,46.785697281886954,23,35,OFF,BEARISH_ENGULFING,False,,,,,,,,,,,,
2025-08-11 05:35:00,SHORT,3375.999,2.0874285714285827,3377.0806327339064,3378.3414601411146,-1.0816327339066447,-2.3424601411147705,1.0816327339066447,2.3424601411147705,-0.5181651476421073,-1.1221749923216058,0.5181651476421073,1.1221749923216058,45.65322269830724,5,35,ASIA,BEARISH_ENGULFING,False,,,,,,,,,,,,
2025-08-12 16:20:00,LONG,3347.505,3.8858571428570485,3346.954766554306,3345.6690517706115,0.5502334456941753,1.8359482293885776,0.5502334456941753,1.8359482293885776,0.14159898973785232,0.47246930648580404,0.14159898973785232,0.47246930648580404,52.462145152121415,16,20,NEW_YORK,BULLISH_ENGULFING,False,,,,,,,,,,,,
2025-08-13 03:20:00,LONG,3351.715,2.1456428571427426,3350.4113792827497,3349.38957332516,1.3036207172503964,2.325426674839946,1.3036207172503964,2.325426674839946,0.6075664982691342,1.0837901876813802,0.6075664982691342,1.0837901876813802,56.14712462043194,3,20,ASIA,BULLISH_ENGULFING,False,,,,,,,,,,,,
2025-08-14 04:55:00,SHORT,3360.235,1.4416428571428241,3360.394226334503,3361.6403750577497,-0.15922633450281864,-1.405375057749552,0.15922633450281864,1.405375057749552,-0.11044783644847209,-0.9748427294502393,0.11044783644847209,0.9748427294502393,47.47674327612204,4,55,ASIA,BEARISH_ENGULFING,False,,,,,,,,,,,,
2025-08-14 06:35:00,SHORT,3358.545,1.9482857142857353,3358.954940340018,3360.1093290216368,-0.40994034001778346,-1.564329021636695,0.40994034001778346,1.564329021636695,-0.2104107919140969,-0.802925880001228,0.2104107919140969,0.802925880001228,46.55164164367996,6,35,ASIA,BEARISH_ENGULFING,False,,,,,,,,,,,,
2025-08-15 10:20:00,SHORT,3339.798,2.111642857142897,3341.222202531394,3341.7385888400986,-1.4242025313942577,-1.940588840098826,1.4242025313942577,1.940588840098826,-0.6744523708527291,-0.9189948165403732,0.6744523708527291,0.9189948165403732,43.134532510560426,10,20,LONDON,BEARISH_ENGULFING,False,,,,,,,,,,,,
2025-08-19 08:25:00,LONG,3338.405,1.6507142857143273,3338.331210768647,3337.7269567457715,0.07378923135320292,0.678043254228669,0.07378923135320292,0.678043254228669,0.04470139502141129,0.4107574884985342,0.04470139502141129,0.4107574884985342,50.83848926479142,8,25,LONDON,BULLISH_ENGULFING,False,,,,,,,,,,,,
2025-08-19 14:10:00,SHORT,3334.565,3.420928571428476,3335.400495193649,3336.9075950539486,-0.835495193648967,-2.342595053948571,0.835495193648967,2.342595053948571,-0.24423052870118522,-0.6847833870352851,0.24423052870118522,0.6847833870352851,46.252521513746075,14,10,NEW_YORK,BEARISH_ENGULFING,False,,,,,,,,,,,,
2025-08-20 18:10:00,LONG,3344.698,1.3280000000000396,3345.0563452211904,3343.3020967672037,-0.3583452211905751,1.3959032327961722,0.3583452211905751,1.3959032327961722,-0.26983826896879853,1.0511319524067249,0.26983826896879853,1.0511319524067249,49.78925393083069,18,10,NY_LATE,BULLISH_ENGULFING,False,,,,,,,,,,,,
2025-08-21 03:25:00,SHORT,3342.645,1.2373571428571657,3343.1468243023655,3343.892951042565,-0.5018243023655486,-1.2479510425650915,0.5018243023655486,1.2479510425650915,-0.40556140582563943,-1.008561715402122,0.40556140582563943,1.008561715402122,46.170218638434804,3,25,ASIA,BEARISH_ENGULFING,False,,,,,,,,,,,,
2025-08-22 01:00:00,SHORT,3338.815,1.395714285714348,3338.1943553935685,3338.504586153848,0.6206446064315969,0.31041384615218703,0.6206446064315969,0.31041384615218703,0.44467883777082745,0.22240500747852734,0.44467883777082745,0.22240500747852734,53.27115829752003,1,0,ASIA,BEARISH_ENGULFING,False,,,,,,,,,,,,
2025-08-22 13:10:00,SHORT,3324.655,3.0577857142858256,3326.2188552801254,3327.7964508183254,-1.5638552801251535,-3.141450818325211,1.5638552801251535,3.141450818325211,-0.5114339022577344,-1.0273613365542609,0.5114339022577344,1.0273613365542609,43.05267292393678,13,10,NEW_YORK,BEARISH_ENGULFING,False,,,,,,,,,,,,
2025-08-26 12:40:00,LONG,3378.045,2.115714285714278,3376.7592804681644,3375.619854490332,1.285719531835639,2.425145509668255,1.285719531835639,2.425145509668255,0.6076999812862596,1.146253785798639,0.6076999812862596,1.146253785798639,57.034448434545205,12,40,LONDON,BULLISH_ENGULFING,False,,,,,,,,,,,,
2025-08-26 18:20:00,LONG,3382.695,1.3387857142857424,3382.346244091851,3381.377661115154,0.3487559081490872,1.317338884846322,0.3487559081490872,1.317338884846322,0.26050166537305225,0.9839803866962663,0.26050166537305225,0.9839803866962663,52.11806167205095,18,20,NY_LATE,BULLISH_ENGULFING,False,,,,,,,,,,,,
2025-09-01 08:25:00,LONG,3478.845,2.984999999999997,3476.8593797984404,3475.6377495480924,1.9856202015594135,3.2072504519073846,1.9856202015594135,3.2072504519073846,0.6651993975073418,1.0744557627830444,0.6651993975073418,1.0744557627830444,54.39270159438989,8,25,LONDON,BULLISH_ENGULFING,False,,,,,,,,,,,,
2025-09-01 10:35:00,SHORT,3470.525,2.7221428571428015,3471.4473169940857,3473.09993004795,-0.9223169940855769,-2.5749300479496924,0.9223169940855769,2.5749300479496924,-0.33882020249798844,-0.9459202485252278,0.33882020249798844,0.9459202485252278,45.124503388821154,10,35,LONDON,BEARISH_ENGULFING,False,,,,,,,,,,,,
2025-09-03 01:50:00,LONG,3538.525,3.9334285714286517,3536.563697083219,3534.1556905958746,1.9613029167812783,4.369309404125488,1.9613029167812783,4.369309404125488,0.4986242615482192,1.1108144776958595,0.4986242615482192,1.1108144776958595,54.55089120949008,1,50,ASIA,BULLISH_ENGULFING,False,,,,,,,,,,,,
2025-09-08 00:45:00,SHORT,3588.575,2.6992142857142363,3589.65959333948,3590.397133375728,-1.084593339480307,-1.8221333757282991,1.084593339480307,1.8221333757282991,-0.40181816805749226,-0.6750606594563671,0.40181816805749226,0.6750606594563671,45.130440295780836,0,45,ASIA,BEARISH_ENGULFING,False,,,,,,,,,,,,
2025-09-08 17:25:00,LONG,3636.195,2.465071428571556,3637.308855039949,3634.5299119680803,-1.113855039948703,1.6650880319198222,1.113855039948703,1.6650880319198222,-0.45185507691115984,0.6754725289581961,0.45185507691115984,0.6754725289581961,47.497249678719804,17,25,NEW_YORK,BULLISH_ENGULFING,False,,,,,,,,,,,,
2025-09-09 17:10:00,SHORT,3643.855,2.403071428571398,3645.3217961181463,3646.722725360901,-1.4667961181462488,-2.867725360901204,1.4667961181462488,2.867725360901204,-0.6103839031610659,-1.193358352483945,0.6103839031610659,1.193358352483945,45.91668916983636,17,10,NEW_YORK,BEARISH_ENGULFING,False,,,,,,,,,,,,
2025-09-10 08:35:00,LONG,3644.625,2.424999999999987,3644.336556682295,3642.8793303208845,0.2884433177050596,1.7456696791155082,0.2884433177050596,1.7456696791155082,0.11894569802270563,0.7198637852022753,0.11894569802270563,0.7198637852022753,51.6882517431334,8,35,LONDON,BULLISH_ENGULFING,False,,,,,,,,,,,,
2025-09-11 08:25:00,SHORT,3629.175,2.4009285714286244,3629.390555157432,3630.8048702692545,-0.2155551574319361,-1.6298702692542975,0.2155551574319361,1.6298702692542975,-0.08977991265424207,-0.6788499619063951,0.08977991265424207,0.6788499619063951,48.54402857666268,8,25,LONDON,BEARISH_ENGULFING,False,,,,,,,,,,,,
2025-09-11 17:50:00,LONG,3635.445,2.1077142857141746,3634.9486671554305,3633.4447311005574,0.49633284456967885,2.0002688994427444,0.49633284456967885,2.0002688994427444,0.2354839305942751,0.9490227935542869,0.2354839305942751,0.9490227935542869,52.42139732657173,17,50,NEW_YORK,BULLISH_ENGULFING,False,,,,,,,,,,,,
2025-09-11 23:15:00,LONG,3634.235,1.2294999999999487,3634.8316108000927,3634.696102171814,-0.5966108000925487,-0.46110217181376356,0.5966108000925487,0.46110217181376356,-0.4852466857198647,-0.37503226662365413,0.4852466857198647,0.37503226662365413,46.41259680801239,23,15,OFF,BULLISH_ENGULFING,False,,,,,,,,,,,,
2025-09-14 22:10:00,SHORT,3643.498,1.4008571428571162,3643.669727348136,3645.159916754678,-0.17172734813584611,-1.6619167546778044,0.17172734813584611,1.6619167546778044,-0.12258733805332915,-1.1863570551442844,0.12258733805332915,1.1863570551442844,46.455140265240786,22,10,OFF,BEARISH_ENGULFING,False,,,,,,,,,,,,
2025-09-16 18:00:00,SHORT,3686.925,1.6167142857142542,3687.669567184309,3688.4126203798287,-0.7445671843088348,-1.4876203798285133,0.7445671843088348,1.4876203798285133,-0.4605434558771711,-0.9201504514270386,0.4605434558771711,0.9201504514270386,47.027441041071675,18,0,NY_LATE,BEARISH_ENGULFING,False,,,,,,,,,,,,
2025-09-22 03:10:00,LONG,3689.965,2.3885714285714323,3688.7676516775687,3688.171463605079,1.1973483224314805,1.7935363949209204,1.1973483224314805,1.7935363949209204,0.5012821924055233,0.7508824619884225,0.5012821924055233,0.7508824619884225,53.81290084600279,3,10,ASIA,BULLISH_ENGULFING,False,,,,,,,,,,,,
2025-09-22 13:15:00,LONG,3723.505,3.964357142857222,3721.1558147751152,3720.518094996586,2.3491852248848772,2.9869050034139946,2.3491852248848772,2.9869050034139946,0.5925765868792927,0.753439938880292,0.5925765868792927,0.753439938880292,55.82663568148953,13,15,NEW_YORK,BULLISH_ENGULFING,False,,,,,,,,,,,,
2025-09-23 04:15:00,SHORT,3744.275,2.08907142857145,3744.378155728108,3745.13879672452,-0.10315572810804952,-0.8637967245199434,0.10315572810804952,0.8637967245199434,-0.04937874631629495,-0.413483575863476,0.04937874631629495,0.413483575863476,49.04349703626192,4,15,ASIA,BEARISH_ENGULFING,False,,,,,,,,,,,,
2025-09-26 13:40:00,LONG,3757.975,5.111999999999982,3755.196671545174,3752.4577587226427,2.778328454825896,5.517241277357243,2.778328454825896,5.517241277357243,0.5434914817734557,1.0792725503437524,0.5434914817734557,1.0792725503437524,56.34818290563642,13,40,NEW_YORK,BULLISH_ENGULFING,False,,,,,,,,,,,,
2025-09-26 18:15:00,LONG,3777.535,2.6009285714285397,3778.322827609021,3774.740853838228,-0.7878276090209511,2.794146161772005,0.7878276090209511,2.794146161772005,-0.30290243941156864,1.074287926422117,0.30290243941156864,1.074287926422117,49.489615550365514,18,15,NY_LATE,BULLISH_ENGULFING,False,,,,,,,,,,,,
2025-09-26 18:25:00,LONG,3777.655,2.5152142857142996,3778.187892895366,3774.958904292805,-0.532892895365876,2.696095707195127,0.532892895365876,2.696095707195127,-0.21186779130213906,1.0719149149669602,0.21186779130213906,1.0719149149669602,49.83192029875717,18,25,NY_LATE,BULLISH_ENGULFING,False,,,,,,,,,,,,
2025-09-28 22:50:00,SHORT,3768.145,3.3035714285714612,3767.5277525940464,3769.4196216870823,0.6172474059535489,-1.2746216870823446,0.6172474059535489,1.2746216870823446,0.1868424580183697,-0.38583142960330047,0.1868424580183697,0.38583142960330047,50.428027261258926,22,50,OFF,BEARISH_ENGULFING,False,,,,,,,,,,,,
2025-09-29 01:15:00,LONG,3778.525,3.9871428571428686,3777.330534109573,3773.794076357017,1.1944658904271819,4.730923642983271,1.1944658904271819,4.730923642983271,0.29957940641312253,1.1865448047611178,0.29957940641312253,1.1865448047611178,55.05651146387084,1,15,ASIA,BULLISH_ENGULFING,False,,,,,,,,,,,,
2025-09-29 14:50:00,LONG,3826.778,4.997071428571319,3823.7696195766634,3821.0618567815304,3.008380423336348,5.7161432184693695,3.008380423336348,5.7161432184693695,0.6020287014781486,1.1438986414696168,0.6020287014781486,1.1438986414696168,56.2939737109004,14,50,NEW_YORK,BULLISH_ENGULFING,False,,,,,,,,,,,,
2025-09-30 12:00:00,SHORT,3812.995,3.6450000000000142,3811.7762535317866,3817.137139557278,1.2187464682133395,-4.142139557277915,1.2187464682133395,4.142139557277915,0.33436117097759527,-1.136389453299835,0.33436117097759527,1.136389453299835,51.67914995045458,12,0,LONDON,BEARISH_ENGULFING,False,,,,,,,,,,,,
2025-09-30 15:15:00,LONG,3835.985,7.04835714285712,3838.659519277558,3830.2603878365335,-2.67451927755792,5.724612163466645,2.67451927755792,5.724612163466645,-0.37945286019853663,0.8121909896787832,0.37945286019853663,0.8121909896787832,50.071905559934564,15,15,NEW_YORK,BULLISH_ENGULFING,False,,,,,,,,,,,,
2025-09-30 15:40:00,LONG,3838.448,6.2766428571428605,3838.3330232723542,3831.629062566953,0.11497672764562594,6.818937433046813,0.11497672764562594,6.818937433046813,0.01831818860217316,1.086398826290844,0.01831818860217316,1.086398826290844,52.34105852781687,15,40,NEW_YORK,BULLISH_ENGULFING,False,,,,,,,,,,,,
2025-10-01 04:25:00,SHORT,3860.775,2.7747857142857617,3862.046911416902,3862.221513715472,-1.2719114169017303,-1.446513715472065,1.2719114169017303,1.446513715472065,-0.4583818528232275,-0.5213064590987352,0.4583818528232275,0.5213064590987352,44.97351773593795,4,25,ASIA,BEARISH_ENGULFING,False,,,,,,,,,,,,
2025-10-01 14:10:00,SHORT,3869.965,5.407857142857113,3872.4508050879685,3876.1308814321114,-2.4858050879684015,-6.165881432111291,2.4858050879684015,6.165881432111291,-0.4596654501592632,-1.1401709159894144,0.4596654501592632,1.1401709159894144,42.939185740844124,14,10,NEW_YORK,BEARISH_ENGULFING,False,,,,,,,,,,,,
2025-10-02 04:25:00,LONG,3865.768,1.6267857142856232,3865.526167681166,3864.5658398676474,0.24183231883398548,1.2021601323526738,0.24183231883398548,1.2021601323526738,0.14865652968939566,0.7389787860785236,0.14865652968939566,0.7389787860785236,51.95277812388137,4,25,ASIA,BULLISH_ENGULFING,False,,,,,,,,,,,,
2025-10-02 12:55:00,LONG,3884.245,3.5523571428571876,3883.5615484015366,3880.6809869347585,0.6834515984633072,3.5640130652413973,0.6834515984633072,3.5640130652413973,0.1923938306252625,1.0032811797675374,0.1923938306252625,1.0032811797675374,53.11551751647128,12,55,LONDON,BULLISH_ENGULFING,False,,,,,,,,,,,,
2025-10-02 17:55:00,SHORT,3844.005,3.341428571428586,3843.2480389642114,3847.847091218216,0.7569610357886631,-3.8420912182159555,0.7569610357886631,3.8420912182159555,0.2265381466661231,-1.1498349092565872,0.2265381466661231,1.1498349092565872,50.817868910204446,17,55,NEW_YORK,BEARISH_ENGULFING,False,,,,,,,,,,,,
2025-10-06 16:55:00,LONG,3953.835,5.1393571428570795,3953.4544914842318,3949.8404586806378,0.3805085157682697,3.99454131936227,0.3805085157682697,3.99454131936227,0.07403815403199179,0.7772453262786128,0.07403815403199179,0.7772453262786128,51.68496509112855,16,55,NEW_YORK,BULLISH_ENGULFING,False,,,,,,,,,,,,
2025-10-07 08:45:00,SHORT,3952.225,3.8076428571428744,3951.5351404014664,3956.1239742674743,0.6898595985335305,-3.8989742674743866,0.6898595985335305,3.8989742674743866,0.18117760105557212,-1.0239863384666397,0.18117760105557212,1.0239863384666397,48.966989932154576,8,45,LONDON,BEARISH_ENGULFING,False,,,,,,,,,,,,
2025-10-07 18:40:00,LONG,3982.148,4.169071428571409,3980.200730720862,3978.22192903641,1.9472692791382542,3.926070963590064,1.9472692791382542,3.926070963590064,0.46707505795973214,0.9417135280254451,0.46707505795973214,0.9417135280254451,53.92615364590929,18,40,NY_LATE,BULLISH_ENGULFING,False,,,,,,,,,,,,
2025-10-07 18:50:00,LONG,3982.348,4.135499999999995,3980.4610063270547,3978.4826803600236,1.8869936729452093,3.8653196399764056,1.8869936729452093,3.8653196399764056,0.4562915422428271,0.9346680304621957,0.4562915422428271,0.9346680304621957,54.05671768234805,18,50,NY_LATE,BULLISH_ENGULFING,False,,,,,,,,,,,,
2025-10-08 18:55:00,LONG,4049.765,3.7974285714285867,4048.6810012029605,4047.9063807048456,1.083998797039385,1.8586192951543126,1.083998797039385,1.8586192951543126,0.28545600704520596,0.4894415418734533,0.28545600704520596,0.4894415418734533,52.34392669305982,18,55,NY_LATE,BULLISH_ENGULFING,False,,,,,,,,,,,,
2025-10-09 15:20:00,SHORT,4021.345,8.352714285714358,4024.2773338783086,4030.4169335239585,-2.932333878308782,-9.071933523958705,2.932333878308782,9.071933523958705,-0.3510635917864389,-1.086106050517546,0.3510635917864389,1.086106050517546,45.1814070964355,15,20,NEW_YORK,BEARISH_ENGULFING,False,,,,,,,,,,,,
2025-10-13 09:35:00,LONG,4071.815,2.98164285714282,4073.579207370784,4070.0693493964905,-1.764207370783879,1.7456506035096027,1.764207370783879,1.7456506035096027,-0.5916897010510651,0.58546602901408,0.5916897010510651,0.58546602901408,47.29182861098347,9,35,LONDON,BULLISH_ENGULFING,False,,,,,,,,,,,,
2025-10-16 04:55:00,LONG,4233.315,2.911857142857246,4234.454429671794,4230.53448405837,-1.1394296717944599,2.7805159416293463,1.1394296717944599,2.7805159416293463,-0.39130685878236454,0.9548943527157305,0.39130685878236454,0.9548943527157305,48.586088118903234,4,55,ASIA,BULLISH_ENGULFING,False,,,,,,,,,,,,
2025-10-16 06:40:00,SHORT,4218.345,6.205214285714192,4221.312762313175,4224.163561383197,-2.967762313174717,-5.818561383196538,2.967762313174717,5.818561383196538,-0.47826910990119675,-0.9376890330108638,0.47826910990119675,0.9376890330108638,44.31555290603518,6,40,ASIA,BEARISH_ENGULFING,False,,,,,,,,,,,,
2025-10-17 05:45:00,LONG,4362.495,7.985928571428758,4361.806722127215,4355.894436658021,0.6882778727849654,6.600563341979068,0.6882778727849654,6.600563341979068,0.08618632969588733,0.8265242148037601,0.08618632969588733,0.8265242148037601,51.89191521313428,5,45,ASIA,BULLISH_ENGULFING,False,,,,,,,,,,,,
2025-10-17 08:25:00,SHORT,4341.155,13.887571428571325,4344.041412501524,4349.769732869845,-2.886412501524319,-8.614732869845284,2.886412501524319,8.614732869845284,-0.20784141535258024,-0.6203196083745737,0.20784141535258024,0.6203196083745737,46.6632806479417,8,25,LONDON,BEARISH_ENGULFING,False,,,,,,,,,,,,
2025-10-17 09:10:00,SHORT,4341.585,8.595428571428588,4343.621485938502,4347.761864234617,-2.0364859385017553,-6.1768642346169145,2.0364859385017553,6.1768642346169145,-0.23692663159008542,-0.7186220190519598,0.23692663159008542,0.7186220190519598,47.40380042441972,9,10,LONDON,BEARISH_ENGULFING,False,,,,,,,,,,,,
2025-10-17 09:40:00,SHORT,4338.035,6.744499999999854,4341.245118516272,4345.743305432341,-3.210118516271905,-7.708305432341149,3.210118516271905,7.708305432341149,-0.47596093354169683,-1.1429024289927074,0.47596093354169683,1.1429024289927074,45.854399901935764,9,40,LONDON,BEARISH_ENGULFING,False,,,,,,,,,,,,
2025-10-21 03:30:00,SHORT,4347.375,5.565714285714291,4345.909790105557,4350.692237158376,1.4652098944434329,-3.317237158375974,1.4652098944434329,3.317237158375974,0.2632563978722798,-0.5960128364638552,0.2632563978722798,0.5960128364638552,50.1891720838706,3,30,ASIA,BEARISH_ENGULFING,False,,,,,,,,,,,,
2025-10-22 12:40:00,SHORT,4044.995,11.078714285714309,4040.1570901334335,4056.9095412744214,4.837909866566406,-11.914541274421481,4.837909866566406,11.914541274421481,0.4366851370835292,-1.075444403308148,0.4366851370835292,1.075444403308148,50.967207226368735,12,40,LONDON,BEARISH_ENGULFING,False,,,,,,,,,,,,
2025-10-22 15:20:00,SHORT,4037.685,13.66371428571428,4040.8786747727913,4049.3921533002285,-3.1936747727913826,-11.707153300228583,3.1936747727913826,11.707153300228583,-0.23373401302239183,-0.8568060671810648,0.23373401302239183,0.8568060671810648,46.84566682936828,15,20,NEW_YORK,BEARISH_ENGULFING,False,,,,,,,,,,,,
2025-10-22 22:50:00,LONG,4098.595,8.39814285714296,4098.705398059688,4089.9588531792706,-0.11039805968812288,8.636146820729664,0.11039805968812288,8.636146820729664,-0.013145532478555646,1.028340070850816,0.013145532478555646,1.028340070850816,51.16623473028096,22,50,OFF,BULLISH_ENGULFING,False,,,,,,,,,,,,
2025-10-23 04:10:00,LONG,4091.195,4.265428571428531,4088.6357003818352,4086.4046177550813,2.559299618164914,4.790382244918874,2.559299618164914,4.790382244918874,0.6000099580398743,1.1230717300030957,0.6000099580398743,1.1230717300030957,55.191429946137596,4,10,ASIA,BULLISH_ENGULFING,False,,,,,,,,,,,,
2025-10-23 22:30:00,SHORT,4119.985,5.09328571428562,4121.067123746122,4125.1704609274075,-1.0821237461223063,-5.185460927407803,1.0821237461223063,5.185460927407803,-0.2124608370363303,-1.0180973969050373,0.2124608370363303,1.0180973969050373,46.58115388258237,22,30,OFF,BEARISH_ENGULFING,False,,,,,,,,,,,,
2025-10-24 04:55:00,SHORT,4111.315,4.262642857142964,4112.288456427302,4115.919161679521,-0.9734564273021533,-4.604161679520985,0.9734564273021533,4.604161679520985,-0.22836922067513118,-1.080119032680801,0.22836922067513118,1.080119032680801,46.746064763111185,4,55,ASIA,BEARISH_ENGULFING,False,,,,,,,,,,,,
2025-10-24 12:10:00,SHORT,4061.945,5.511642857142858,4060.6533275721845,4065.754290252422,1.2916724278156835,-3.8092902524217607,1.2916724278156835,3.8092902524217607,0.23435343350335738,-0.6911351753289094,0.23435343350335738,0.6911351753289094,50.83110912225667,12,10,LONDON,BEARISH_ENGULFING,False,,,,,,,,,,,,
2025-10-26 22:20:00,SHORT,4100.998,9.198071428571277,4103.453893259373,4107.514728504627,-2.4558932593736245,-6.516728504627281,2.4558932593736245,6.516728504627281,-0.2670008901806381,-0.7084885734182121,0.2670008901806381,0.7084885734182121,46.782959897161966,22,20,OFF,BEARISH_ENGULFING,False,,,,,,,,,,,,
2025-10-27 03:30:00,SHORT,4075.549,4.290428571428622,4075.8780468126183,4079.642230969492,-0.3290468126183441,-4.093230969492197,0.3290468126183441,4.093230969492197,-0.07669322706117876,-0.9540377846517177,0.07669322706117876,0.9540377846517177,48.363086562537745,3,30,ASIA,BEARISH_ENGULFING,False,,,,,,,,,,,,
2025-10-27 22:30:00,SHORT,3990.615,5.915499999999968,3990.2072545490746,3994.0854617604173,0.40774545092517656,-3.4704617604174928,0.40774545092517656,3.4704617604174928,0.0689283155988807,-0.586672599174628,0.0689283155988807,0.586672599174628,49.219690232663964,22,30,OFF,BEARISH_ENGULFING,False,,,,,,,,,,,,
2025-10-30 06:40:00,LONG,3965.345,7.728357142857216,3962.1629674428646,3956.5491389543786,3.182032557135244,8.795861045621223,3.182032557135244,8.795861045621223,0.4117346673188073,1.1381281795123337,0.4117346673188073,1.1381281795123337,55.412618288403635,6,40,ASIA,BULLISH_ENGULFING,False,,,,,,,,,,,,
2025-10-31 14:15:00,LONG,4025.025,7.161928571428624,4021.1221813349057,4017.8283168109606,3.902818665094401,7.196683189039504,3.902818665094401,7.196683189039504,0.5449396243162876,1.0048526897838004,0.5449396243162876,1.0048526897838004,55.00277191679095,14,15,NEW_YORK,BULLISH_ENGULFING,False,,,,,,,,,,,,
2025-11-03 04:25:00,LONG,4005.235,4.234071428571464,4006.3040757026934,4000.644741955283,-1.069075702693226,4.590258044717302,1.069075702693226,4.590258044717302,-0.25249354450638595,1.084123903470852,0.25249354450638595,1.084123903470852,50.81153208133493,4,25,ASIA,BULLISH_ENGULFING,False,,,,,,,,,,,,
2025-11-03 12:40:00,SHORT,4007.965,3.2321428571428896,4005.6851368008006,4006.0552821826377,2.2798631991995535,1.9097178173624343,2.2798631991995535,1.9097178173624343,0.7053720395313465,0.5908519213938964,0.7053720395313465,0.5908519213938964,56.891977073542684,12,40,LONDON,BEARISH_ENGULFING,False,,,,,,,,,,,,
2025-11-03 14:20:00,LONG,4016.018,4.114214285714264,4014.22066374726,4011.1846827284803,1.797336252740024,4.833317271519718,1.797336252740024,4.833317271519718,0.4368601458074006,1.1747850101785864,0.4368601458074006,1.1747850101785864,57.58149985922712,14,20,NEW_YORK,BULLISH_ENGULFING,False,,,,,,,,,,,,
2025-11-03 16:00:00,LONG,4011.498,7.6250714285714105,4015.9194152451428,4014.2949554598217,-4.421415245142725,-2.7969554598216746,4.421415245142725,2.7969554598216746,-0.5798523051961884,-0.3668103946333387,0.5798523051961884,0.3668103946333387,45.06510259651134,16,0,NEW_YORK,BULLISH_ENGULFING,False,,,,,,,,,,,,
2025-11-03 17:55:00,SHORT,4005.849,3.027571428571361,4006.8990591745383,4008.936871778319,-1.0500591745380916,-3.087871778318913,1.0500591745380916,3.087871778318913,-0.34683217202693367,-1.0199170692319575,0.34683217202693367,1.0199170692319575,46.412534553212,17,55,NEW_YORK,BEARISH_ENGULFING,False,,,,,,,,,,,,
2025-11-04 17:15:00,SHORT,3961.555,4.897428571428561,3964.6557965631787,3967.073419343335,-3.1007965631788466,-5.518419343335154,3.1007965631788466,5.518419343335154,-0.6331478893370274,-1.1267993525274533,0.6331478893370274,1.1267993525274533,46.39682500814556,17,15,NEW_YORK,BEARISH_ENGULFING,False,,,,,,,,,,,,
2025-11-05 17:25:00,LONG,3982.145,3.9307142857143327,3981.8217476226664,3978.382388374324,0.32325237733357426,3.7626116256760724,0.32325237733357426,3.7626116256760724,0.08223756646683601,0.9572335591398217,0.08223756646683601,0.9572335591398217,52.393948608101454,17,25,NEW_YORK,BULLISH_ENGULFING,False,,,,,,,,,,,,
2025-11-05 18:05:00,LONG,3981.885,2.9464285714286365,3981.879363616547,3979.3558460867634,0.005636383453293092,2.529153913236769,0.005636383453293092,2.529153913236769,0.0019129543841479163,0.8583795099470056,0.0019129543841479163,0.8583795099470056,51.45114399110431,18,5,NY_LATE,BULLISH_ENGULFING,False,,,,,,,,,,,,
2025-11-07 12:10:00,SHORT,4005.565,4.457857142857132,4003.949182781784,4004.3539178789215,1.6158172182158523,1.2110821210785616,1.6158172182158523,1.2110821210785616,0.362465006489697,0.2716736051129611,0.362465006489697,0.2716736051129611,52.297803726663815,12,10,LONDON,BEARISH_ENGULFING,False,,,,,,,,,,,,
2025-11-07 15:55:00,SHORT,3990.775,5.100928571428605,3992.2520925929143,3995.560997051065,-1.4770925929142322,-4.785997051064896,1.4770925929142322,4.785997051064896,-0.289573275185178,-0.938259962680578,0.289573275185178,0.938259962680578,46.01643317542173,15,55,NEW_YORK,BEARISH_ENGULFING,False,,,,,,,,,,,,
2025-11-07 16:15:00,SHORT,3996.075,4.47735714285711,3993.8082395647966,3995.7642397677437,2.266760435203196,0.31076023225614335,2.266760435203196,0.31076023225614335,0.5062719731481419,0.06940706812989231,0.5062719731481419,0.06940706812989231,53.055239825089785,16,15,NEW_YORK,BEARISH_ENGULFING,False,,,,,,,,,,,,
2025-11-07 18:30:00,LONG,4004.165,3.957357142857258,4002.472016246163,4001.1067480734473,1.6929837538368702,3.058251926552657,1.6929837538368702,3.058251926552657,0.42780666306365167,0.7728015986812258,0.42780666306365167,0.7728015986812258,53.48793580489848,18,30,NY_LATE,BULLISH_ENGULFING,False,,,,,,,,,,,,
2025-11-07 18:50:00,LONG,4005.955,3.543571428571535,4003.4511722441584,4001.74487276883,2.5038277558414848,4.210127231169736,2.5038277558414848,4.210127231169736,0.7065831199713714,1.188102826776346,0.7065831199713714,1.188102826776346,55.882423917230504,18,50,NY_LATE,BULLISH_ENGULFING,False,,,,,,,,,,,,
2025-11-07 21:30:00,SHORT,4000.315,2.649285714285757,4002.1290910708535,4002.427348561017,-1.8140910708534648,-2.1123485610169155,1.8140910708534648,2.1123485610169155,-0.6847472362347828,-0.7973275776283726,0.6847472362347828,0.7973275776283726,44.67544228645843,21,30,NY_LATE,BEARISH_ENGULFING,False,,,,,,,,,,,,
2025-11-09 23:50:00,LONG,4008.295,4.219571428571369,4005.37900084185,4003.9333936504686,2.9159991581500435,4.361606349531485,2.9159991581500435,4.361606349531485,0.6910652438314857,1.033660982724069,0.6910652438314857,1.033660982724069,56.63124764032696,23,50,OFF,BULLISH_ENGULFING,False,,,,,,,,,,,,
2025-11-12 09:55:00,LONG,4124.475,3.3606428571428557,4125.6842050425485,4122.554139570459,-1.209205042548092,1.92086042954179,1.209205042548092,1.92086042954179,-0.35981361124940586,0.5715752941313327,0.35981361124940586,0.5715752941313327,49.04709755962163,9,55,LONDON,BULLISH_ENGULFING,False,,,,,,,,,,,,
2025-11-12 21:05:00,LONG,4195.948,3.6285714285715716,4196.045422342357,4192.904465478924,-0.09742234235636715,3.0435345210762534,0.09742234235636715,3.0435345210762534,-0.026848677027344222,0.838769356202084,0.026848677027344222,0.838769356202084,49.514797300069674,21,5,NY_LATE,BULLISH_ENGULFING,False,,,,,,,,,,,,
2025-11-13 18:05:00,SHORT,4201.545,5.0428571428571685,4202.042521850768,4205.853976671008,-0.49752185076795286,-4.308976671008168,0.49752185076795286,4.308976671008168,-0.09865872394831876,-0.8544712945341932,0.09865872394831876,0.8544712945341932,48.46233194794024,18,5,NY_LATE,BEARISH_ENGULFING,False,,,,,,,,,,,,
2025-11-14 05:50:00,SHORT,4191.885,4.894999999999982,4195.347777784565,4195.6442239868065,-3.462777784564423,-3.759223986806319,3.462777784564423,3.759223986806319,-0.707411191943705,-0.767972213852162,0.707411191943705,0.767972213852162,41.53271892780689,5,50,ASIA,BEARISH_ENGULFING,False,,,,,,,,,,,,
2025-11-14 16:10:00,SHORT,4083.845,9.706428571428628,4079.906667003017,4089.1260703301705,3.9383329969828083,-5.281070330170678,3.9383329969828083,5.281070330170678,0.4057448079899845,-0.5440796572403346,0.4057448079899845,0.5440796572403346,52.75869098934308,16,10,NEW_YORK,BEARISH_ENGULFING,False,,,,,,,,,,,,
2025-11-17 09:20:00,LONG,4082.905,4.770214285714246,4079.5437065056394,4077.738589478508,3.3612934943607797,5.166410521492253,3.3612934943607797,5.166410521492253,0.704642033467369,1.083056276311219,0.704642033467369,1.083056276311219,56.78736670830418,9,20,LONDON,BULLISH_ENGULFING,False,,,,,,,,,,,,
2025-11-24 12:20:00,LONG,4069.425,2.914714285714321,4068.885519145052,4066.737183701279,0.539480854948124,2.6878162987213727,0.539480854948124,2.6878162987213727,0.18508876070366231,0.9221542954981807,0.18508876070366231,0.9221542954981807,52.275325608911956,12,20,LONDON,BULLISH_ENGULFING,False,,,,,,,,,,,,
2025-11-25 09:50:00,SHORT,4125.905,5.511000000000097,4127.533487050195,4132.454207195838,-1.6284870501949626,-6.54920719583788,1.6284870501949626,6.54920719583788,-0.29549755946197315,-1.1883881683610533,0.29549755946197315,1.1883881683610533,44.852741545963916,9,50,LONDON,BEARISH_ENGULFING,False,,,,,,,,,,,,
2025-11-25 15:20:00,SHORT,4127.465,8.303285714285655,4130.120500866721,4132.552896729422,-2.655500866721013,-5.087896729422027,2.655500866721013,5.087896729422027,-0.3198132592441413,-0.6127570343229779,0.3198132592441413,0.6127570343229779,45.68962529555171,15,20,NEW_YORK,BEARISH_ENGULFING,False,,,,,,,,,,,,
2025-11-26 09:25:00,LONG,4162.445,4.288357142857096,4160.069074082205,4158.794160311516,2.37592591779503,3.6508396884837566,2.37592591779503,3.6508396884837566,0.5540410555012871,0.8513376024580367,0.5540410555012871,0.8513376024580367,54.513690366631366,9,25,LONDON,BULLISH_ENGULFING,False,,,,,,,,,,,,
2025-11-26 10:25:00,LONG,4163.005,2.806928571428606,4161.435686270872,4159.982240688829,1.5693137291282255,3.022759311171285,1.5693137291282255,3.022759311171285,0.5590857370230523,1.0768921382394958,0.5590857370230523,1.0768921382394958,54.53492255902166,10,25,LONDON,BULLISH_ENGULFING,False,,,,,,,,,,,,
2025-11-27 13:55:00,SHORT,4154.705,3.199499999999911,4155.0137318029,4155.889535560077,-0.30873180290018354,-1.1845355600771654,0.30873180290018354,1.1845355600771654,-0.09649376555717834,-0.3702252102132203,0.09649376555717834,0.3702252102132203,48.04602823702376,13,55,NEW_YORK,BEARISH_ENGULFING,False,,,,,,,,,,,,
2025-11-27 17:10:00,SHORT,4155.095,1.9407142857142259,4155.77984795275,4156.217583728142,-0.6848479527498057,-1.1225837281417625,0.6848479527498057,1.1225837281417625,-0.35288448062192035,-0.5784384318728436,0.35288448062192035,0.5784384318728436,46.72375268582107,17,10,NEW_YORK,BEARISH_ENGULFING,False,,,,,,,,,,,,
2025-12-01 06:15:00,SHORT,4229.295,6.061642857142813,4231.6895716704785,4233.360390460968,-2.394571670478399,-4.065390460968047,2.394571670478399,4.065390460968047,-0.3950367461284403,-0.6706746927819317,0.3950367461284403,0.6706746927819317,45.11777694751454,6,15,ASIA,BEARISH_ENGULFING,False,,,,,,,,,,,,
2025-12-01 06:35:00,SHORT,4231.195,4.428785714285628,4231.404540853186,4232.972020983528,-0.20954085318589932,-1.7770209835280184,0.20954085318589932,1.7770209835280184,-0.04731338716840552,-0.4012433877295089,0.04731338716840552,0.4012433877295089,48.53954484612332,6,35,ASIA,BEARISH_ENGULFING,False,,,,,,,,,,,,
2025-12-02 08:50:00,SHORT,4211.465,3.579999999999992,4213.879415728453,4215.559274786552,-2.4144157284526955,-4.094274786551978,2.4144157284526955,4.094274786551978,-0.6744178012437712,-1.1436521750145214,0.6744178012437712,1.1436521750145214,44.54124147140246,8,50,LONDON,BEARISH_ENGULFING,False,,,,,,,,,,,,
2025-12-03 00:30:00,LONG,4209.545,3.1333571428571565,4209.045605581633,4205.862973747586,0.49939441836704646,3.682026252414289,0.49939441836704646,3.682026252414289,0.15937998625706384,1.175105832033187,0.15937998625706384,1.175105832033187,52.438255852127156,0,30,ASIA,BULLISH_ENGULFING,False,,,,,,,,,,,,
2025-12-08 08:55:00,SHORT,4209.595,3.565714285714226,4210.628070474683,4211.186764372768,-1.0330704746829724,-1.5917643727680115,1.0330704746829724,1.5917643727680115,-0.28972329017551796,-0.4464082776192415,0.28972329017551796,0.4464082776192415,46.04325728766078,8,55,LONDON,BEARISH_ENGULFING,False,,,,,,,,,,,,
2025-12-08 10:10:00,SHORT,4209.155,2.9981428571428035,4209.330637792543,4210.159633256693,-0.175637792543057,-1.0046332566935234,0.175637792543057,1.0046332566935234,-0.0585821960166494,-0.335085185917701,0.0585821960166494,0.335085185917701,48.54579367654312,10,10,LONDON,BEARISH_ENGULFING,False,,,,,,,,,,,,
2025-12-08 10:40:00,SHORT,4206.205,2.995000000000021,4208.215422620571,4209.467256464752,-2.010422620571262,-3.262256464751772,2.010422620571262,3.262256464751772,-0.6712596395897322,-1.089234211937145,0.6712596395897322,1.089234211937145,41.93446844596983,10,40,LONDON,BEARISH_ENGULFING,False,,,,,,,,,,,,
2025-12-08 18:50:00,SHORT,4189.365,2.7828571428572104,4190.107079357822,4192.259238695345,-0.7420793578221492,-2.8942386953449386,0.7420793578221492,2.8942386953449386,-0.26666096020302454,-1.040024171838505,0.26666096020302454,1.040024171838505,47.23375400842853,18,50,NY_LATE,BEARISH_ENGULFING,False,,,,,,,,,,,,
2025-12-10 17:15:00,LONG,4201.765,2.9050714285713832,4199.738423616151,4198.440146908328,2.026576383849715,3.324853091672594,2.026576383849715,3.324853091672594,0.6975995026897901,1.1444996012740538,0.6975995026897901,1.1444996012740538,56.38268058783781,17,15,NEW_YORK,BULLISH_ENGULFING,False,,,,,,,,,,,,
2025-12-11 10:40:00,LONG,4214.858,3.2626428571427044,4216.624146166627,4215.986138240596,-1.7661461666266405,-1.1281382405959448,1.7661461666266405,1.1281382405959448,-0.5413237807380985,-0.34577435839358905,0.5413237807380985,0.34577435839358905,46.44740570632496,10,40,LONDON,BULLISH_ENGULFING,False,,,,,,,,,,,,
2025-12-12 17:55:00,SHORT,4294.075,7.423357142857185,4289.438939149881,4300.303311602957,4.636060850119065,-6.228311602957547,4.636060850119065,6.228311602957547,0.6245234818831156,-0.8390154862682956,0.6245234818831156,0.8390154862682956,51.7126530771335,17,55,NEW_YORK,BEARISH_ENGULFING,False,,,,,,,,,,,,
2025-12-15 00:50:00,LONG,4305.415,3.4704285714286534,4303.482204732398,4301.88673638912,1.9327952676021596,3.5282636108795487,1.9327952676021596,3.5282636108795487,0.5569327326067096,1.0166651000764113,0.5569327326067096,1.0166651000764113,55.19532246548943,0,50,ASIA,BULLISH_ENGULFING,False,,,,,,,,,,,,
2025-12-17 12:05:00,SHORT,4315.765,2.3954999999998887,4317.149038095505,4318.462293844339,-1.3840380955043656,-2.697293844338674,1.3840380955043656,2.697293844338674,-0.5777658507636944,-1.1259836544933413,0.5777658507636944,1.1259836544933413,45.301175236343084,12,5,LONDON,BEARISH_ENGULFING,False,,,,,,,,,,,,
2025-12-18 21:20:00,SHORT,4332.015,2.851642857142841,4332.7119337489585,4333.602177293514,-0.6969337489581449,-1.5871772935133777,0.6969337489581449,1.5871772935133777,-0.24439727689337182,-0.5565834759208329,0.24439727689337182,0.5565834759208329,48.276188029757385,21,20,NY_LATE,BEARISH_ENGULFING,False,,,,,,,,,,,,
2025-12-19 03:35:00,SHORT,4318.605,3.9164285714283715,4319.087517306893,4322.838796980612,-0.4825173068929871,-4.233796980612169,0.4825173068929871,4.233796980612169,-0.12320339771114654,-1.0810351582814772,0.12320339771114654,1.0810351582814772,47.123119205476954,3,35,ASIA,BEARISH_ENGULFING,False,,,,,,,,,,,,
2025-12-19 09:20:00,LONG,4327.625,2.3719285714286604,4325.880644854795,4324.933387312771,1.7443551452051906,2.6916126872292807,1.7443551452051906,2.6916126872292807,0.7354163891008447,1.1347781377784358,0.7354163891008447,1.1347781377784358,57.21085866656896,9,20,LONDON,BULLISH_ENGULFING,False,,,,,,,,,,,,
2025-12-19 09:35:00,LONG,4327.205,2.0990714285714733,4326.121148154522,4325.144266488456,1.0838518454775112,2.060733511543731,1.0838518454775112,2.060733511543731,0.5163482436684532,0.9817357730156742,0.5163482436684532,0.9817357730156742,55.26358131352351,9,35,LONDON,BULLISH_ENGULFING,False,,,,,,,,,,,,
2025-12-24 05:50:00,SHORT,4492.208,4.16285714285732,4494.564766276868,4496.995766230352,-2.3567662768682567,-4.787766230352645,2.3567662768682567,4.787766230352645,-0.5661415215537782,-1.1501154293914582,0.5661415215537782,1.1501154293914582,44.10497138397784,5,50,ASIA,BEARISH_ENGULFING,False,,,,,,,,,,,,
2025-12-24 08:45:00,SHORT,4485.908,4.499142857142748,4488.006821969815,4490.753453032029,-2.0988219698147077,-4.845453032028672,2.0988219698147077,4.845453032028672,-0.4664937381311777,-1.076972478065712,0.4664937381311777,1.076972478065712,44.868559768995866,8,45,LONDON,BEARISH_ENGULFING,False,,,,,,,,,,,,
2025-12-29 08:20:00,SHORT,4483.348,7.483142857142801,4480.391300462952,4490.514707117412,2.9566995370478253,-7.166707117412443,2.9566995370478253,7.166707117412443,0.3951146722029501,-0.9577135241473689,0.3951146722029501,0.9577135241473689,50.43676137611093,8,20,LONDON,BEARISH_ENGULFING,False,,,,,,,,,,,,
2025-12-30 16:30:00,SHORT,4365.185,7.262857142857099,4367.5058540264945,4373.781417097854,-2.3208540264940893,-8.596417097853191,2.3208540264940893,8.596417097853191,-0.31955110514277585,-1.1836136838114222,0.31955110514277585,1.1836136838114222,45.56873094979228,16,30,NEW_YORK,BEARISH_ENGULFING,False,,,,,,,,,,,,
2026-01-02 12:50:00,LONG,4389.585,3.451714285714388,4392.145146550244,4390.046792324278,-2.5601465502440988,-0.4617923242776669,2.5601465502440988,0.4617923242776669,-0.7417029158061484,-0.13378636991737325,0.7417029158061484,0.13378636991737325,44.91848604473124,12,50,LONDON,BULLISH_ENGULFING,False,,,,,,,,,,,,
2026-01-06 08:00:00,LONG,4460.925,3.6693571428568896,4463.192966800235,4461.995743020445,-2.267966800234717,-1.070743020444752,2.267966800234717,1.070743020444752,-0.6180828717231167,-0.29180670585014035,0.6180828717231167,0.29180670585014035,45.05067437294206,8,0,LONDON,BULLISH_ENGULFING,False,,,,,,,,,,,,
2026-01-06 12:40:00,LONG,4461.639,3.1783571428572293,4459.714397735497,4458.318689413008,1.924602264502937,3.320310586992491,1.924602264502937,3.320310586992491,0.6055336697539246,1.0446625214709668,0.6055336697539246,1.0446625214709668,56.06317306859799,12,40,LONDON,BULLISH_ENGULFING,False,,,,,,,,,,,,
2026-01-06 15:55:00,LONG,4478.025,7.4749285714285305,4475.6813923330765,4470.419010739708,2.3436076669231625,7.605989260291608,2.3436076669231625,7.605989260291608,0.3135291052654536,1.017533370066442,0.3135291052654536,1.017533370066442,54.507677972942275,15,55,NEW_YORK,BULLISH_ENGULFING,False,,,,,,,,,,,,
2026-01-07 00:10:00,LONG,4492.935,2.662571428571352,4494.3629336992235,4491.4818571367305,-1.4279336992231038,1.4531428632699317,1.4279336992231038,1.4531428632699317,-0.5362987388433316,0.5457667154678514,0.5362987388433316,0.5457667154678514,47.502974332593766,0,10,ASIA,BULLISH_ENGULFING,False,,,,,,,,,,,,
2026-01-07 03:10:00,SHORT,4474.395,4.184285714285644,4474.991857516387,4479.1948362376825,-0.59685751638699,-4.79983623768203,0.59685751638699,4.79983623768203,-0.14264262938576308,-1.1471100602176432,0.14264262938576308,1.1471100602176432,47.27166555994041,3,10,ASIA,BEARISH_ENGULFING,False,,,,,,,,,,,,
2026-01-07 14:20:00,SHORT,4445.285,6.756357142857074,4446.909319638952,4450.374581520022,-1.6243196389523291,-5.089581520021966,1.6243196389523291,5.089581520021966,-0.24041352530772964,-0.7533026174323467,0.24041352530772964,0.7533026174323467,46.879753082908536,14,20,NEW_YORK,BEARISH_ENGULFING,False,,,,,,,,,,,,
2026-01-09 06:15:00,LONG,4468.085,4.010428571428617,4466.390345573276,4465.795750691502,1.6946544267239005,2.289249308498256,1.6946544267239005,2.289249308498256,0.4225619273703262,0.570824107130966,0.4225619273703262,0.570824107130966,54.40800406474537,6,15,ASIA,BULLISH_ENGULFING,False,,,,,,,,,,,,
2026-01-09 10:15:00,LONG,4473.495,2.581000000000131,4471.919227657074,4470.928409059969,1.5757723429260295,2.566590940030437,1.5757723429260295,2.566590940030437,0.6105278353064508,0.9944172568889217,0.6105278353064508,0.9944172568889217,54.901099647131254,10,15,LONDON,BULLISH_ENGULFING,False,,,,,,,,,,,,
2026-01-12 05:05:00,LONG,4570.115,3.439071428571424,4569.567351542237,4566.918012844973,0.547648457762989,3.1969871550263633,0.547648457762989,3.1969871550263633,0.159243118131594,0.9296076634134868,0.159243118131594,0.9296076634134868,50.433093421824594,5,5,ASIA,BULLISH_ENGULFING,False,,,,,,,,,,,,
2026-01-12 06:20:00,LONG,4574.405,4.128357142857112,4574.519910462403,4570.99696891884,-0.11491046240280411,3.4080310811596064,0.11491046240280411,3.4080310811596064,-0.027834428666527147,0.8255175032654782,0.027834428666527147,0.8255175032654782,50.82949048922973,6,20,ASIA,BULLISH_ENGULFING,False,,,,,,,,,,,,
2026-01-12 06:30:00,LONG,4574.775,4.0633571428571225,4574.456752101876,4571.239624134616,0.31824789812344534,3.535375865383685,0.31824789812344534,3.535375865383685,0.07832141919468871,0.8700627931754502,0.07832141919468871,0.8700627931754502,51.57658283466367,6,30,ASIA,BULLISH_ENGULFING,False,,,,,,,,,,,,
2026-01-12 14:50:00,LONG,4604.365,9.956142857142822,4601.179586738773,4596.889217664717,3.1854132612270405,7.475782335282929,3.1854132612270405,7.475782335282929,0.3199445113367104,0.7508713406939103,0.3199445113367104,0.7508713406939103,53.52674216086316,14,50,NEW_YORK,BULLISH_ENGULFING,False,,,,,,,,,,,,
2026-01-12 15:00:00,LONG,4606.885,10.203071428571418,4601.774523384801,4597.465407771237,5.110476615199332,9.419592228763577,5.110476615199332,9.419592228763577,0.5008762950427442,0.9232114363510302,0.5008762950427442,0.9232114363510302,55.25548065193526,15,0,NEW_YORK,BULLISH_ENGULFING,False,,,,,,,,,,,,
2026-01-12 16:45:00,LONG,4615.735,5.534071428571484,4617.80464354845,4610.541433592033,-2.0696435484505855,5.1935664079665,2.0696435484505855,5.1935664079665,-0.37398208085377477,0.9384711554594302,0.37398208085377477,0.9384711554594302,49.51428141807742,16,45,NEW_YORK,BULLISH_ENGULFING,False,,,,,,,,,,,,
2026-01-14 10:25:00,LONG,4634.785,3.3969285714284263,4632.398843622852,4631.603819499968,2.386156377147927,3.181180500031587,2.386156377147927,3.181180500031587,0.7024452610566773,0.936487309974223,0.7024452610566773,0.936487309974223,54.89833611582607,10,25,LONDON,BULLISH_ENGULFING,False,,,,,,,,,,,,
2026-01-14 12:45:00,LONG,4635.775,3.4981428571428035,4634.233927284832,4633.177071199013,1.5410727151675019,2.597928800986665,1.5410727151675019,2.597928800986665,0.44054024609681375,0.7426594359009652,0.44054024609681375,0.7426594359009652,54.733722658521124,12,45,LONDON,BULLISH_ENGULFING,False,,,,,,,,,,,,
2026-01-14 16:05:00,SHORT,4615.905,8.71807142857142,4618.222878332996,4623.729977129329,-2.3178783329958605,-7.824977129329454,2.3178783329958605,7.824977129329454,-0.26587053707768,-0.8975582723129498,0.26587053707768,0.8975582723129498,46.16058581631705,16,5,NEW_YORK,BEARISH_ENGULFING,False,,,,,,,,,,,,
2026-01-15 12:20:00,LONG,4615.815,2.8017142857144273,4616.5327252472225,4613.040536911092,-0.7177252472229156,2.774463088907396,0.7177252472229156,2.774463088907396,-0.2561736044544236,0.9902733847823165,0.2561736044544236,0.9902733847823165,50.00470818784703,12,20,LONDON,BULLISH_ENGULFING,False,,,,,,,,,,,,
2026-01-15 15:45:00,LONG,4614.858,6.381214285714187,4610.114296379861,4608.698614669656,4.743703620139058,6.159385330343866,4.743703620139058,6.159385330343866,0.7433857268762981,0.9652371875574002,0.7433857268762981,0.9652371875574002,58.719922309916356,15,45,NEW_YORK,BULLISH_ENGULFING,False,,,,,,,,,,,,
2026-01-16 08:15:00,LONG,4607.115,4.298571428571514,4605.472570857168,4603.913968644914,1.642429142832043,3.2010313550854335,1.642429142832043,3.2010313550854335,0.3820872050456654,0.7446732962976932,0.3820872050456654,0.7446732962976932,53.988667554317296,8,15,LONDON,BULLISH_ENGULFING,False,,,,,,,,,,,,
2026-01-20 16:25:00,LONG,4740.905,8.07264285714265,4736.703433463457,4733.992687643832,4.201566536542487,6.912312356167604,4.201566536542487,6.912312356167604,0.5204697657130902,0.8562638628378823,0.5204697657130902,0.8562638628378823,54.70113085566404,16,25,NEW_YORK,BULLISH_ENGULFING,False,,,,,,,,,,,,
2026-01-21 16:10:00,SHORT,4846.875,12.949071428571383,4848.093278712442,4854.106870010115,-1.2182787124420429,-7.231870010115017,1.2182787124420429,7.231870010115017,-0.09408232236282062,-0.5584856064781843,0.09408232236282062,0.5584856064781843,48.10203711707769,16,10,NEW_YORK,BEARISH_ENGULFING,False,,,,,,,,,,,,
2026-01-22 15:10:00,LONG,4838.965,8.449285714285647,4832.955535800985,4829.36758035086,6.009464199015383,9.597419649139738,6.009464199015383,9.597419649139738,0.7112393168164345,1.1358853249468035,0.7112393168164345,1.1358853249468035,57.684361288664,15,10,NEW_YORK,BULLISH_ENGULFING,False,,,,,,,,,,,,
2026-01-23 01:10:00,LONG,4948.665,8.49142857142871,4949.634556810382,4938.605873030331,-0.9695568103816186,10.059126969668796,0.9695568103816186,10.059126969668796,-0.1141806472522076,1.1846212783930086,0.1141806472522076,1.1846212783930086,50.94261442783972,1,10,ASIA,BULLISH_ENGULFING,False,,,,,,,,,,,,
2026-01-23 04:25:00,LONG,4952.885,4.137642857142899,4951.859538323092,4949.27533026809,1.0254616769079803,3.6096697319098894,1.0254616769079803,3.6096697319098894,0.2478371653410599,0.8723976081402098,0.2478371653410599,0.8723976081402098,51.919217374280805,4,25,ASIA,BULLISH_ENGULFING,False,,,,,,,,,,,,
2026-01-23 14:00:00,LONG,4940.825,7.666928571428538,4935.343818945531,4932.5422033858,5.481181054468834,8.28279661419947,5.481181054468834,8.28279661419947,0.7149122368108296,1.080327870154682,0.7149122368108296,1.080327870154682,58.46068136162283,14,0,NEW_YORK,BULLISH_ENGULFING,False,,,,,,,,,,,,
2026-01-26 21:05:00,SHORT,5045.749,11.615285714285749,5049.629865890962,5058.869313003309,-3.8808658909620135,-13.120313003309093,3.8808658909620135,13.120313003309093,-0.3341171268984714,-1.1295729890804405,0.3341171268984714,1.1295729890804405,46.675547277024975,21,5,NY_LATE,BEARISH_ENGULFING,False,,,,,,,,,,,,
2026-01-27 08:10:00,LONG,5086.525,7.093500000000014,5086.824021165147,5080.656225405531,-0.2990211651476784,5.8687745944689595,0.2990211651476784,5.8687745944689595,-0.04215424898113453,0.8273453999392328,0.04215424898113453,0.8273453999392328,51.56795255927255,8,10,LONDON,BULLISH_ENGULFING,False,,,,,,,,,,,,
2026-01-30 14:10:00,SHORT,5051.875,28.907785714285897,5054.531301813033,5077.210480455011,-2.656301813032769,-25.33548045501084,2.656301813032769,25.33548045501084,-0.09188880252838097,-0.8764241130544403,0.09188880252838097,0.8764241130544403,47.502255597470636,14,10,NEW_YORK,BEARISH_ENGULFING,False,,,,,,,,,,,,
2026-01-30 21:35:00,SHORT,4854.205,29.63285714285725,4868.347659278087,4886.411524177924,-14.142659278087194,-32.20652417792371,14.142659278087194,32.20652417792371,-0.47726276308446225,-1.0868518017907975,0.47726276308446225,1.0868518017907975,45.24324656722656,21,35,NY_LATE,BEARISH_ENGULFING,False,,,,,,,,,,,,
2026-02-02 16:25:00,SHORT,4670.398,34.314214285714115,4686.481098099482,4703.1670847153755,-16.083098099481504,-32.76908471537536,16.083098099481504,32.76908471537536,-0.4687007537333387,-0.9549711510957709,0.4687007537333387,0.9549711510957709,45.00528524809997,16,25,NEW_YORK,BEARISH_ENGULFING,False,,,,,,,,,,,,
2026-02-03 12:55:00,LONG,4913.405,12.131142857143004,4911.956425052607,4907.98185992193,1.4485749473924443,5.423140078069991,1.4485749473924443,5.423140078069991,0.11940960257833425,0.44704280066051344,0.11940960257833425,0.44704280066051344,50.98475470170035,12,55,LONDON,BULLISH_ENGULFING,False,,,,,,,,,,,,
2026-02-04 08:55:00,LONG,5083.138,9.501071428571581,5079.051442116461,5072.6542264811105,4.086557883539172,10.483773518889393,4.086557883539172,10.483773518889393,0.4301154784764687,1.1034306601845592,0.4301154784764687,1.1034306601845592,53.757610622451075,8,55,LONDON,BULLISH_ENGULFING,False,,,,,,,,,,,,
2026-02-05 08:00:00,LONG,4919.075,13.23835714285724,4914.099779429916,4907.31586607688,4.975220570083366,11.759133923119407,4.975220570083366,11.759133923119407,0.37581857902721316,0.8882623271320378,0.37581857902721316,0.8882623271320378,54.43605267361782,8,0,LONDON,BULLISH_ENGULFING,False,,,,,,,,,,,,
2026-02-05 17:40:00,LONG,4870.345,17.2591428571429,4863.34786685282,4854.4809173876365,6.997133147180648,15.864082612363745,6.997133147180648,15.864082612363745,0.4054160281942855,0.9191697840196164,0.4054160281942855,0.9191697840196164,54.98090421542366,17,40,NEW_YORK,BULLISH_ENGULFING,False,,,,,,,,,,,,
2026-02-06 08:50:00,LONG,4860.599,11.570499999999877,4856.539060520605,4846.9134015329455,4.059939479395325,13.68559846705466,4.059939479395325,13.68559846705466,0.3508871249639487,1.182800956488899,0.3508871249639487,1.182800956488899,53.925471524193604,8,50,LONDON,BULLISH_ENGULFING,False,,,,,,,,,,,,
2026-02-06 16:35:00,LONG,4941.195,13.029142857142817,4939.417241130356,4926.953170990166,1.7777588696435487,14.241829009833964,1.7777588696435487,14.241829009833964,0.13644480601185122,1.0930748987855583,0.13644480601185122,1.0930748987855583,52.690856171626336,16,35,NEW_YORK,BULLISH_ENGULFING,False,,,,,,,,,,,,
2026-02-06 21:05:00,LONG,4953.595,6.992642857142982,4952.0344310674745,4951.179714177984,1.5605689325257117,2.4152858220159032,1.5605689325257117,2.4152858220159032,0.22317297828697072,0.3454038582205996,0.22317297828697072,0.3454038582205996,51.30017831996817,21,5,NY_LATE,BULLISH_ENGULFING,False,,,,,,,,,,,,
2026-02-09 04:30:00,LONG,5019.445,7.910642857142908,5016.634737678685,5010.070363876169,2.8102623213144398,9.374636123830896,2.8102623213144398,9.374636123830896,0.355250814891348,1.1850662826177365,0.355250814891348,1.1850662826177365,53.411680110169506,4,30,ASIA,BULLISH_ENGULFING,False,,,,,,,,,,,,
2026-02-10 00:10:00,SHORT,5034.445,17.171285714285595,5039.572618203618,5049.915648670034,-5.127618203618113,-15.47064867003428,5.127618203618113,15.47064867003428,-0.2986158572477894,-0.9009604130670031,0.2986158572477894,0.9009604130670031,43.67052304469817,0,10,ASIA,BEARISH_ENGULFING,False,,,,,,,,,,,,
2026-02-10 17:05:00,SHORT,5022.455,8.299285714285945,5023.212731998984,5031.493630218718,-0.7577319989841271,-9.038630218718026,0.7577319989841271,9.038630218718026,-0.09130086914345024,-1.0890853176869684,0.09130086914345024,1.0890853176869684,47.38981654944004,17,5,NEW_YORK,BEARISH_ENGULFING,False,,,,,,,,,,,,
2026-02-11 14:10:00,SHORT,5073.685,15.729785714285754,5074.805821119466,5077.373925560216,-1.1208211194652904,-3.6889255602154662,1.1208211194652904,3.6889255602154662,-0.07125469728728494,-0.23451848786885843,0.07125469728728494,0.23451848786885843,48.164859547792744,14,10,NEW_YORK,BEARISH_ENGULFING,False,,,,,,,,,,,,
2026-02-11 14:30:00,SHORT,5069.315,15.774000000000083,5073.871592567448,5076.606411815917,-4.556592567448206,-7.291411815917854,4.556592567448206,7.291411815917854,-0.2888672858785458,-0.46224241257244936,0.2888672858785458,0.46224241257244936,45.74516747336129,14,30,NEW_YORK,BEARISH_ENGULFING,False,,,,,,,,,,,,
2026-02-16 00:55:00,SHORT,5015.265,6.854571428571295,5018.087736482009,5021.870819787182,-2.8227364820086223,-6.605819787181645,2.8227364820086223,6.605819787181645,-0.41180349660415866,-0.9637101102553544,0.41180349660415866,0.9637101102553544,45.20662253107919,0,55,ASIA,BEARISH_ENGULFING,False,,,,,,,,,,,,
2026-02-18 21:25:00,SHORT,4981.285,3.594500000000088,4982.9103494563415,4984.475622829402,-1.6253494563416098,-3.1906228294019456,1.6253494563416098,3.1906228294019456,-0.4521767857397607,-0.8876402363059862,0.4521767857397607,0.8876402363059862,45.513550711747705,21,25,NY_LATE,BEARISH_ENGULFING,False,,,,,,,,,,,,
2026-02-19 16:40:00,LONG,5006.085,6.661000000000058,5003.959579473945,4999.21771785789,2.125420526054768,6.867282142109616,2.125420526054768,6.867282142109616,0.3190843005636915,1.0309686446643982,0.3190843005636915,1.0309686446643982,54.096863558924554,16,40,NEW_YORK,BULLISH_ENGULFING,False,,,,,,,,,,,,
2026-02-19 17:35:00,LONG,4995.018,6.919285714285771,4998.900412810808,4998.332222150442,-3.8824128108080913,-3.3142221504422196,3.8824128108080913,3.3142221504422196,-0.5611002307351382,-0.47898327765242793,0.5611002307351382,0.47898327765242793,43.759843998925675,17,35,NEW_YORK,BULLISH_ENGULFING,False,,,,,,,,,,,,
2026-02-23 06:00:00,LONG,5158.978,3.962000000000119,5158.138062901289,5156.481630230106,0.8399370987108341,2.496369769894045,0.8399370987108341,2.496369769894045,0.2119982581299366,0.6300781852332079,0.2119982581299366,0.6300781852332079,50.844239217704,6,0,ASIA,BULLISH_ENGULFING,False,,,,,,,,,,,,
2026-02-24 14:45:00,SHORT,5132.705,15.346214285714268,5131.488627592519,5146.139142531453,1.216372407480776,-13.43414253145329,1.216372407480776,13.43414253145329,0.07926205022518762,-0.8754043362967426,0.07926205022518762,0.8754043362967426,48.303337437289805,14,45,NEW_YORK,BEARISH_ENGULFING,False,,,,,,,,,,,,
2026-02-25 06:30:00,LONG,5192.638,6.732500000000008,5192.177142612369,5186.274058774035,0.4608573876312221,6.363941225964481,0.4608573876312221,6.363941225964481,0.06845263834106521,0.945256773258741,0.06845263834106521,0.945256773258741,51.87093764095636,6,30,ASIA,BULLISH_ENGULFING,False,,,,,,,,,,,,
2026-02-25 12:45:00,SHORT,5181.585,4.535714285714415,5179.356979679327,5180.016827360353,2.22802032067284,1.5681726396469458,2.22802032067284,1.5681726396469458,0.49121707857352553,0.34573884968593094,0.49121707857352553,0.34573884968593094,53.537942030921364,12,45,LONDON,BEARISH_ENGULFING,False,,,,,,,,,,,,
2026-02-25 14:00:00,LONG,5186.845,4.5840714285714705,5185.09140824584,5183.0097209506,1.7535917541599702,3.8352790494000146,1.7535917541599702,3.8352790494000146,0.3825402333895221,0.8366534224348242,0.3825402333895221,0.8366534224348242,55.29840673590977,14,0,NEW_YORK,BULLISH_ENGULFING,False,,,,,,,,,,,,
2026-02-26 03:00:00,LONG,5187.225,6.25285714285714,5183.508200969205,5182.590165680812,3.7167990307953005,4.634834319188485,3.7167990307953005,4.634834319188485,0.5944161118475466,0.7412346409485815,0.5944161118475466,0.7412346409485815,54.6670347158782,3,0,ASIA,BULLISH_ENGULFING,False,,,,,,,,,,,,
2026-02-26 06:30:00,LONG,5196.835,4.784357142857451,5195.83764829101,5192.778526300159,0.9973517089902089,4.056473699841263,0.9973517089902089,4.056473699841263,0.2084609654359001,0.8478618085393472,0.2084609654359001,0.8478618085393472,52.87152986913764,6,30,ASIA,BULLISH_ENGULFING,False,,,,,,,,,,,,
2026-02-27 04:35:00,LONG,5187.505,3.289785714285764,5185.899876891667,5185.110332129203,1.6051231083329185,2.394667870797093,1.6051231083329185,2.394667870797093,0.4879111430761995,0.7279099852608463,0.4879111430761995,0.7279099852608463,54.314677861165634,4,35,ASIA,BULLISH_ENGULFING,False,,,,,,,,,,,,
2026-02-27 05:00:00,LONG,5184.065,3.139071428571502,5185.133383827085,5184.920277720253,-1.0683838270851993,-0.8552777202530706,1.0683838270851993,0.8552777202530706,-0.3403502759959142,-0.2724620129597631,0.3403502759959142,0.2724620129597631,47.643354600846386,5,0,ASIA,BULLISH_ENGULFING,False,,,,,,,,,,,,
2026-02-27 06:35:00,LONG,5193.725,4.205499999999899,5192.190829338786,5189.210230705296,1.5341706612143753,4.51476929470391,1.5341706612143753,4.51476929470391,0.36480101324798764,1.0735392449658825,0.36480101324798764,1.0735392449658825,55.076317529654126,6,35,ASIA,BULLISH_ENGULFING,False,,,,,,,,,,,,
2026-02-27 17:00:00,LONG,5232.085,9.609999999999932,5233.319529528408,5224.245914361322,-1.23452952840762,7.839085638677716,1.23452952840762,7.839085638677716,-0.12846301024012788,0.8157217105804132,0.12846301024012788,0.8157217105804132,50.3655682538335,17,0,NEW_YORK,BULLISH_ENGULFING,False,,,,,,,,,,,,
2026-03-02 01:10:00,LONG,5339.675,15.41478571428557,5348.800267555199,5323.120655670341,-9.125267555198661,16.554344329659216,9.125267555198661,16.554344329659216,-0.5919814731347105,1.073926335175556,0.5919814731347105,1.073926335175556,47.80348544183996,1,10,ASIA,BULLISH_ENGULFING,False,,,,,,,,,,,,
2026-03-02 01:50:00,LONG,5336.815,17.00835714285709,5337.731457578759,5324.473253934652,-0.9164575787590366,12.341746065347252,0.9164575787590366,12.341746065347252,-0.053882780744871434,0.7256283462115769,0.053882780744871434,0.7256283462115769,49.930691705075304,1,50,ASIA,BULLISH_ENGULFING,False,,,,,,,,,,,,
2026-03-02 09:05:00,LONG,5397.525,8.725500000000011,5401.471020768767,5389.630739239179,-3.9460207687670845,7.8942607608205435,3.9460207687670845,7.8942607608205435,-0.4522400743529975,0.9047344863698967,0.4522400743529975,0.9047344863698967,48.5474372223255,9,5,LONDON,BULLISH_ENGULFING,False,,,,,,,,,,,,
2026-03-02 09:30:00,LONG,5396.805,8.84385714285697,5398.812790105955,5390.535226808867,-2.007790105954882,6.269773191133027,2.007790105954882,6.269773191133027,-0.2270265194838136,0.7089410298985905,0.2270265194838136,0.7089410298985905,49.01549667418672,9,30,LONDON,BULLISH_ENGULFING,False,,,,,,,,,,,,
2026-03-03 16:55:00,SHORT,5106.365,16.90185714285729,5101.797813057224,5119.192559148783,4.567186942776061,-12.827559148783621,4.567186942776061,12.827559148783621,0.27021805380162917,-0.7589437681529889,0.27021805380162917,0.7589437681529889,51.67402498028642,16,55,NEW_YORK,BEARISH_ENGULFING,False,,,,,,,,,,,,
2026-03-04 16:05:00,SHORT,5149.295,13.558500000000095,5154.669039588566,5164.567647422204,-5.37403958856612,-15.27264742220359,5.37403958856612,15.27264742220359,-0.3963594489483411,-1.126426036965998,0.3963594489483411,1.126426036965998,45.33647996832375,16,5,NEW_YORK,BEARISH_ENGULFING,False,,,,,,,,,,,,
2026-03-05 18:45:00,SHORT,5078.815,9.190000000000055,5074.167388854443,5084.444351739726,4.647611145556766,-5.629351739726189,4.647611145556766,5.629351739726189,0.5057248254142261,-0.6125518759223239,0.5057248254142261,0.6125518759223239,52.92642447458707,18,45,NY_LATE,BEARISH_ENGULFING,False,,,,,,,,,,,,
2026-03-09 01:25:00,SHORT,5071.475,16.977642857142914,5065.7199628574035,5090.008267049958,5.755037142596848,-18.53326704995743,5.755037142596848,18.53326704995743,0.3389773946255184,-1.0916278075763637,0.3389773946255184,1.0916278075763637,50.042481515661294,1,25,ASIA,BEARISH_ENGULFING,False,,,,,,,,,,,,
2026-03-09 01:50:00,SHORT,5073.905,17.181214285714173,5070.342390608669,5087.745725758813,3.562609391330625,-13.840725758813278,3.562609391330625,13.840725758813278,0.2073549245173469,-0.8055731992308341,0.2073549245173469,0.8055731992308341,50.29964695513172,1,50,ASIA,BEARISH_ENGULFING,False,,,,,,,,,,,,
2026-03-09 22:40:00,LONG,5135.985,9.202357142857116,5131.863295055035,5125.11909912982,4.121704944964222,10.865900870179757,4.121704944964222,10.865900870179757,0.44789665093182085,1.1807736541298972,0.44789665093182085,1.1807736541298972,55.526371767383495,22,40,OFF,BULLISH_ENGULFING,False,,,,,,,,,,,,
2026-03-10 23:35:00,SHORT,5192.675,5.051714285714362,5192.939395107446,5196.627556571971,-0.26439510744603467,-3.95255657197049,0.26439510744603467,3.95255657197049,-0.05233770013353924,-0.7824188678183647,0.05233770013353924,0.7824188678183647,48.746775572914636,23,35,OFF,BEARISH_ENGULFING,False,,,,,,,,,,,,
2026-03-11 12:20:00,SHORT,5190.485,5.957928571428446,5187.097556030854,5188.699943344396,3.3874439691453517,1.785056655603512,3.3874439691453517,1.785056655603512,0.5685606882549774,0.29961028135916956,0.5685606882549774,0.29961028135916956,54.67707221534163,12,20,LONDON,BEARISH_ENGULFING,False,,,,,,,,,,,,
2026-03-11 13:30:00,SHORT,5175.805,8.959714285714329,5179.87803715799,5183.981292821742,-4.073037157989347,-8.1762928217413,4.073037157989347,8.1762928217413,-0.45459453595339927,-0.912561780544482,0.45459453595339927,0.912561780544482,43.83693286950885,13,30,NEW_YORK,BEARISH_ENGULFING,False,,,,,,,,,,,,
2026-03-13 03:55:00,LONG,5115.435,4.206928571428632,5113.520850346832,5111.383459780337,1.9141496531683515,4.051540219663366,1.9141496531683515,4.051540219663366,0.45499932329926035,0.9630637057114336,0.45499932329926035,0.9630637057114336,54.09382994243353,3,55,ASIA,BULLISH_ENGULFING,False,,,,,,,,,,,,
2026-03-17 16:45:00,SHORT,4998.865,6.091000000000155,5000.524959966223,5004.847129212902,-1.6599599662231412,-5.982129212901782,1.6599599662231412,5.982129212901782,-0.2725266731609094,-0.9821259584471564,0.2725266731609094,0.9821259584471564,46.702593640336225,16,45,NEW_YORK,BEARISH_ENGULFING,False,,,,,,,,,,,,
2026-03-18 23:15:00,SHORT,4829.985,9.370714285714257,4829.501565299807,4840.4888466718385,0.48343470019244705,-10.5038466718388,0.48343470019244705,10.5038466718388,0.051589951998584335,-1.12092273348383,0.051589951998584335,1.12092273348383,48.50388611916855,23,15,OFF,BEARISH_ENGULFING,False,,,,,,,,,,,,
2026-03-19 03:40:00,LONG,4856.005,5.615928571428477,4856.660250785969,4851.55429074658,-0.6552507859687466,4.450709253420428,0.6552507859687466,4.450709253420428,-0.11667719374181355,0.7925152887563058,0.11667719374181355,0.7925152887563058,51.176841003448516,3,40,ASIA,BULLISH_ENGULFING,False,,,,,,,,,,,,
2026-03-20 00:35:00,LONG,4653.095,7.654285714285639,4649.417327657356,4645.169215207082,3.677672342644655,7.925784792918421,3.677672342644655,7.925784792918421,0.48047231053588724,1.035470204375317,0.48047231053588724,1.035470204375317,53.43545265487394,0,35,ASIA,BULLISH_ENGULFING,False,,,,,,,,,,,,
2026-03-20 17:10:00,SHORT,4581.785,14.458642857142943,4581.880848781219,4595.6647204033525,-0.09584878121950169,-13.879720403352621,0.09584878121950169,13.879720403352621,-0.0066291685994685125,-0.9599601110899341,0.0066291685994685125,0.9599601110899341,49.135637181653856,17,10,NEW_YORK,BEARISH_ENGULFING,False,,,,,,,,,,,,
2026-03-22 22:40:00,SHORT,4506.425,17.739214285714233,4508.960385568698,4522.406009213221,-2.535385568698075,-15.981009213221114,2.535385568698075,15.981009213221114,-0.14292547166194813,-0.9008859668655652,0.14292547166194813,0.9008859668655652,47.8204358033408,22,40,OFF,BEARISH_ENGULFING,False,,,,,,,,,,,,
2026-03-23 01:25:00,SHORT,4421.495,33.317928571428574,4413.950331470891,4450.862882541146,7.544668529109003,-29.367882541146173,7.544668529109003,29.367882541146173,0.22644470567653632,-0.8814438292040244,0.22644470567653632,0.8814438292040244,49.423256760814844,1,25,ASIA,BEARISH_ENGULFING,False,,,,,,,,,,,,
2026-03-24 08:40:00,LONG,4400.215,12.46828571428549,4401.725204428673,4388.131317583979,-1.5102044286732053,12.083682416021475,1.5102044286732053,12.083682416021475,-0.1211236623285665,0.9691534740960133,0.1211236623285665,0.9691534740960133,51.29890298684545,8,40,LONDON,BULLISH_ENGULFING,False,,,,,,,,,,,,
2026-03-24 15:20:00,LONG,4413.638,15.751500000000046,4403.147207964958,4398.93840683086,10.490792035041522,14.699593169139916,10.490792035041522,14.699593169139916,0.6660186036276857,0.9332186248382613,0.6660186036276857,0.9332186248382613,56.785779637578926,15,20,NEW_YORK,BULLISH_ENGULFING,False,,,,,,,,,,,,
2026-03-24 15:30:00,LONG,4416.105,15.36792857142856,4405.169787018935,4400.114966859244,10.935212981064979,15.990033140755259,10.935212981064979,15.990033140755259,0.7115606329271525,1.0404807041128035,0.7115606329271525,1.0404807041128035,57.80181692281373,15,30,NEW_YORK,BULLISH_ENGULFING,False,,,,,,,,,,,,
2026-03-25 09:15:00,LONG,4563.535,7.092214285714233,4559.246514499812,4557.697349845225,4.288485500187562,5.837650154774565,4.288485500187562,5.837650154774565,0.6046751166029782,0.8231068492294822,0.6046751166029782,0.8231068492294822,56.268745170793544,9,15,LONDON,BULLISH_ENGULFING,False,,,,,,,,,,,,
2026-03-27 12:20:00,SHORT,4422.185,7.38857142857153,4420.81523726803,4425.64962166188,1.3697627319706953,-3.4646216618793915,1.3697627319706953,3.4646216618793915,0.18538938754436843,-0.4689163115459282,0.18538938754436843,0.4689163115459282,50.73855365072965,12,20,LONDON,BEARISH_ENGULFING,False,,,,,,,,,,,,
2026-03-30 09:20:00,LONG,4530.845,6.7190714285714295,4531.536176124363,4524.383577217054,-0.6911761243627552,6.4614227829461015,0.6911761243627552,6.4614227829461015,-0.10286780423611439,0.9616541290914498,0.10286780423611439,0.9616541290914498,50.64431057499828,9,20,LONDON,BULLISH_ENGULFING,False,,,,,,,,,,,,
2026-03-31 04:40:00,LONG,4563.615,6.012428571428635,4562.528702916255,4559.074997785804,1.086297083745194,4.540002214195738,1.086297083745194,4.540002214195738,0.18067525806582263,0.7551028939903017,0.18067525806582263,0.7551028939903017,50.74264860742222,4,40,ASIA,BULLISH_ENGULFING,False,,,,,,,,,,,,
2026-03-31 04:50:00,LONG,4565.515,5.448857142857183,4562.696466559564,4559.4066703897415,2.818533440436113,6.1083296102588065,2.818533440436113,6.1083296102588065,0.5172705700553889,1.1210295021711323,0.5172705700553889,1.1210295021711323,52.692520605369,4,50,ASIA,BULLISH_ENGULFING,False,,,,,,,,,,,,
2026-04-01 14:10:00,LONG,4744.325,10.783571428571381,4739.812156088351,4736.106172004793,4.512843911648815,8.218827995206993,4.512843911648815,8.218827995206993,0.4184925134999251,0.762161965509031,0.4184925134999251,0.762161965509031,54.89494364994625,14,10,NEW_YORK,BULLISH_ENGULFING,False,,,,,,,,,,,,
2026-04-02 09:40:00,SHORT,4621.255,9.144785714285652,4625.328002398397,4631.697863717487,-4.073002398396966,-10.442863717486944,4.073002398396966,10.442863717486944,-0.4453906877264789,-1.141947339583199,0.4453906877264789,1.141947339583199,44.9036794084051,9,40,LONDON,BEARISH_ENGULFING,False,,,,,,,,,,,,
2026-04-02 16:30:00,LONG,4657.895,10.561214285714348,4658.553993847502,4649.690995171775,-0.6589938475017334,8.204004828225152,0.6589938475017334,8.204004828225152,-0.062397545364941895,0.7768050724358769,0.062397545364941895,0.7768050724358769,50.5878479344605,16,30,NEW_YORK,BULLISH_ENGULFING,False,,,,,,,,,,,,
2026-04-02 17:35:00,LONG,4653.135,8.514357142857339,4658.574374656487,4653.572362298944,-5.439374656486507,-0.4373622989442083,5.439374656486507,0.4373622989442083,-0.6388473686530259,-0.05136762430867841,0.6388473686530259,0.05136762430867841,45.25073270738298,17,35,NEW_YORK,BULLISH_ENGULFING,False,,,,,,,,,,,,
2026-04-06 16:35:00,SHORT,4664.115,6.5992142857144245,4667.521171715322,4671.527009456402,-3.406171715322671,-7.412009456402302,3.406171715322671,7.412009456402302,-0.5161480697325048,-1.1231654459906488,0.5161480697325048,1.1231654459906488,44.92380452231856,16,35,NEW_YORK,BEARISH_ENGULFING,False,,,,,,,,,,,,
2026-04-07 13:15:00,SHORT,4650.645,8.448214285714325,4656.050236526827,4658.401546900198,-5.405236526826229,-7.756546900197463,5.405236526826229,7.756546900197463,-0.6398081705818377,-0.91812856988175,0.6398081705818377,0.91812856988175,43.85718982280035,13,15,NEW_YORK,BEARISH_ENGULFING,False,,,,,,,,,,,,
2026-04-07 14:50:00,SHORT,4639.488,13.984000000000053,4643.772034333466,4649.421036800712,-4.28403433346557,-9.933036800711307,4.28403433346557,9.933036800711307,-0.3063525696128113,-0.7103144165268356,0.3063525696128113,0.7103144165268356,46.84922521366824,14,50,NEW_YORK,BEARISH_ENGULFING,False,,,,,,,,,,,,
2026-04-08 01:40:00,LONG,4799.845,11.899785714285567,4807.664440606752,4787.658634165695,-7.819440606751414,12.186365834305434,7.819440606751414,12.186365834305434,-0.6571076819781938,1.0240827966906858,0.6571076819781938,1.0240827966906858,46.50513472375976,1,40,ASIA,BULLISH_ENGULFING,False,,,,,,,,,,,,
2026-04-08 04:35:00,LONG,4804.065,5.947928571428682,4800.074350099397,4798.293827224403,3.9906499006028753,5.771172775596824,3.9906499006028753,5.771172775596824,0.6709310397189804,0.9702827978330275,0.6709310397189804,0.9702827978330275,53.935262792032134,4,35,ASIA,BULLISH_ENGULFING,False,,,,,,,,,,,,
2026-04-09 04:15:00,SHORT,4720.095,4.735142857142948,4716.704551267003,4717.377492044696,3.3904487329973563,2.717507955304427,3.3904487329973563,2.717507955304427,0.716018256531136,0.5739019998530931,0.716018256531136,0.5739019998530931,54.95823847207564,4,15,ASIA,BEARISH_ENGULFING,False,,,,,,,,,,,,
2026-04-09 09:55:00,LONG,4728.938,4.603142857142822,4727.674028063985,4724.107190266594,1.2639719360149684,4.830809733405658,1.2639719360149684,4.830809733405658,0.274588900506016,1.049459007319219,0.274588900506016,1.049459007319219,53.60933907104217,9,55,LONDON,BULLISH_ENGULFING,False,,,,,,,,,,,,
2026-04-09 12:55:00,LONG,4745.665,6.1305000000000165,4743.114029947292,4738.568327250821,2.5509700527081804,7.096672749178651,2.5509700527081804,7.096672749178651,0.4161112556411669,1.1576009704230703,0.4161112556411669,1.1576009704230703,55.66138407682237,12,55,LONDON,BULLISH_ENGULFING,False,,,,,,,,,,,,
2026-04-09 14:45:00,LONG,4761.405,10.106214285714357,4760.1423365523915,4752.198479274007,1.2626634476082472,9.20652072599296,1.2626634476082472,9.20652072599296,0.12493931079544648,0.9109762039190917,0.12493931079544648,0.9109762039190917,52.432938775886115,14,45,NEW_YORK,BULLISH_ENGULFING,False,,,,,,,,,,,,
2026-04-13 04:25:00,LONG,4712.395,4.208785714285698,4715.223607103472,4711.7464595006695,-2.828607103471768,0.6485404993309203,2.828607103471768,0.6485404993309203,-0.6720720168457971,0.15409206915182388,0.6720720168457971,0.15409206915182388,46.22813388465007,4,25,ASIA,BULLISH_ENGULFING,False,,,,,,,,,,,,
2026-04-13 12:15:00,SHORT,4713.775,5.840999999999959,4714.744920198821,4717.832100835054,-0.9699201988214554,-4.057100835054371,0.9699201988214554,4.057100835054371,-0.16605379195710704,-0.6945901104356101,0.16605379195710704,0.6945901104356101,46.976375974806274,12,15,LONDON,BEARISH_ENGULFING,False,,,,,,,,,,,,
2026-04-14 10:30:00,LONG,4784.165,5.074071428571382,4781.960743285673,4779.306105739754,2.20425671432713,4.858894260246416,2.20425671432713,4.858894260246416,0.43441578333234937,0.9575927987309493,0.43441578333234937,0.9575927987309493,54.54121439635956,10,30,LONDON,BULLISH_ENGULFING,False,,,,,,,,,,,,
2026-04-15 16:15:00,SHORT,4806.555,6.810999999999955,4807.527340356186,4810.4021967054005,-0.9723403561856685,-3.8471967054001652,0.9723403561856685,3.8471967054001652,-0.14276029308261268,-0.56485049264428,0.14276029308261268,0.56485049264428,46.95493003146547,16,15,NEW_YORK,BEARISH_ENGULFING,False,,,,,,,,,,,,
2026-04-17 18:05:00,LONG,4862.965,5.381857142857045,4862.375343448645,4859.781726783492,0.5896565513548921,3.1832732165084963,0.5896565513548921,3.1832732165084963,0.10956376873315955,0.5914822954253677,0.10956376873315955,0.5914822954253677,50.219696655808605,18,5,NY_LATE,BULLISH_ENGULFING,False,,,,,,,,,,,,
2026-04-22 14:10:00,SHORT,4745.225,7.475499999999816,4748.876130327818,4751.083298538837,-3.6511303278175546,-5.858298538836607,3.6511303278175546,5.858298538836607,-0.48841285904857795,-0.7836664489113438,0.48841285904857795,0.7836664489113438,44.292067263197914,14,10,NEW_YORK,BEARISH_ENGULFING,False,,,,,,,,,,,,
2026-04-23 14:40:00,LONG,4730.725,7.105071428571526,4728.052106381285,4722.469445011839,2.672893618715534,8.255554988161748,2.672893618715534,8.255554988161748,0.3761951791177023,1.1619242777720429,0.3761951791177023,1.1619242777720429,55.01882334361166,14,40,NEW_YORK,BULLISH_ENGULFING,False,,,,,,,,,,,,
2026-04-24 18:10:00,LONG,4723.615,3.6957142857140752,4723.544576951274,4720.696965516098,0.07042304872538807,2.918034483901465,0.07042304872538807,2.918034483901465,0.019055328221018346,0.7895725313997456,0.019055328221018346,0.7895725313997456,50.733481150530956,18,10,NY_LATE,BULLISH_ENGULFING,False,,,,,,,,,,,,
2026-04-28 15:05:00,SHORT,4572.645,9.652642857142967,4572.1402792897,4581.406090683627,0.5047207103007167,-8.761090683626207,0.5047207103007167,8.761090683626207,0.05228834400800635,-0.9076364694403866,0.05228834400800635,0.9076364694403866,48.73312219708188,15,5,NEW_YORK,BEARISH_ENGULFING,False,,,,,,,,,,,,
2026-04-29 00:55:00,LONG,4600.045,4.565714285714226,4598.926169267605,4596.504902393152,1.1188307323955087,3.5400976068476666,1.1188307323955087,3.5400976068476666,0.24505053588137243,0.7753655584459946,0.24505053588137243,0.7753655584459946,53.30854196083159,0,55,ASIA,BULLISH_ENGULFING,False,,,,,,,,,,,,
2026-04-29 14:40:00,SHORT,4538.565,8.139071428571308,4535.5754012131,4546.180875569982,2.989598786899478,-7.615875569982563,2.989598786899478,7.615875569982563,0.367314479684356,-0.935717991520246,0.367314479684356,0.935717991520246,50.4444171793155,14,40,NEW_YORK,BEARISH_ENGULFING,False,,,,,,,,,,,,
2026-04-29 17:20:00,LONG,4552.995,4.843571428571457,4549.629694439717,4548.676899065672,3.36530556028265,4.318100934327958,3.36530556028265,4.318100934327958,0.694798375519198,0.8915117693642687,0.694798375519198,0.8915117693642687,55.51564694618813,17,20,NEW_YORK,BULLISH_ENGULFING,False,,,,,,,,,,,,
2026-05-03 23:05:00,SHORT,4614.958,6.819571428571375,4619.474610968654,4620.1353836014305,-4.516610968654277,-5.177383601430847,4.516610968654277,5.177383601430847,-0.6623012920916729,-0.7591948637328743,0.6623012920916729,0.7591948637328743,43.738120062312326,23,5,OFF,BEARISH_ENGULFING,False,,,,,,,,,,,,
2026-05-06 23:00:00,LONG,4696.315,3.7415714285714006,4695.255155564262,4693.45579891744,1.059844435737432,2.8592010825595935,1.059844435737432,2.8592010825595935,0.2832618475874185,0.7641711877330879,0.2832618475874185,0.7641711877330879,53.50404923732969,23,0,OFF,BULLISH_ENGULFING,False,,,,,,,,,,,,
2026-05-07 14:05:00,LONG,4747.455,7.68500000000001,4744.827488735934,4740.857660251998,2.6275112640660154,6.597339748002014,2.6275112640660154,6.597339748002014,0.3419012705355904,0.8584697134680553,0.3419012705355904,0.8584697134680553,53.8856494481669,14,5,NEW_YORK,BULLISH_ENGULFING,False,,,,,,,,,,,,
2026-05-08 13:25:00,LONG,4727.045,8.29264285714284,4721.393094936526,4719.598243050841,5.65190506347426,7.446756949158953,5.65190506347426,7.446756949158953,0.6815565508896855,0.8979956182177452,0.6815565508896855,0.8979956182177452,58.469419787321556,13,25,NEW_YORK,BULLISH_ENGULFING,False,,,,,,,,,,,,
2026-05-08 16:50:00,SHORT,4712.985,4.07642857142868,4713.639693602575,4716.548653511048,-0.6546936025752075,-3.56365351104796,0.6546936025752075,3.56365351104796,-0.1606047036280473,-0.8742097276094288,0.1606047036280473,0.8742097276094288,47.56918520240967,16,50,NEW_YORK,BEARISH_ENGULFING,False,,,,,,,,,,,,
2026-05-11 03:30:00,SHORT,4686.485,6.524428571428416,4687.613169785233,4690.844457600058,-1.1281697852336947,-4.359457600058704,1.1281697852336947,4.359457600058704,-0.172914726996038,-0.6681746228550208,0.172914726996038,0.6681746228550208,47.71948479876769,3,30,ASIA,BEARISH_ENGULFING,False,,,,,,,,,,,,
2026-05-11 10:35:00,SHORT,4662.895,4.756428571428452,4663.33676446435,4666.818643364073,-0.4417644643499443,-3.923643364072632,0.4417644643499443,3.923643364072632,-0.09287734646192185,-0.824913757276141,0.09287734646192185,0.824913757276141,47.905182438016006,10,35,LONDON,BEARISH_ENGULFING,False,,,,,,,,,,,,
2026-05-12 10:25:00,SHORT,4700.025,5.128571428571571,4701.167817481812,4703.277068854005,-1.142817481812017,-3.2520688540053015,1.142817481812017,3.2520688540053015,-0.22283349227531743,-0.6341081330929381,0.22283349227531743,0.6341081330929381,48.06602558339717,10,25,LONDON,BEARISH_ENGULFING,False,,,,,,,,,,,,
2026-05-12 14:15:00,SHORT,4688.345,9.49142857142871,4692.958881000413,4696.388995891212,-4.61388100041313,-8.043995891212035,4.61388100041313,8.043995891212035,-0.48611027999535583,-0.8475010722228089,0.48611027999535583,0.8475010722228089,44.91543172785191,14,15,NEW_YORK,BEARISH_ENGULFING,False,,,,,,,,,,,,
2026-05-13 04:55:00,SHORT,4699.335,3.4428571428571297,4699.79942681487,4701.87507473383,-0.4644268148695119,-2.540074733829897,0.4644268148695119,2.540074733829897,-0.13489575535629028,-0.7377810430211347,0.13489575535629028,0.7377810430211347,48.54322075183967,4,55,ASIA,BEARISH_ENGULFING,False,,,,,,,,,,,,
2026-05-14 14:40:00,SHORT,4686.605,8.403499999999894,4690.07721421352,4693.0724636302975,-3.4722142135206013,-6.467463630297971,3.4722142135206013,6.467463630297971,-0.41318667382883856,-0.7696154733501579,0.41318667382883856,0.7696154733501579,45.44306419458761,14,40,NEW_YORK,BEARISH_ENGULFING,False,,,,,,,,,,,,
2026-05-15 10:15:00,SHORT,4557.325,7.793571428571405,4553.507214929793,4563.652137572743,3.81778507020681,-6.327137572743595,3.81778507020681,6.327137572743595,0.489863357922239,-0.8118405830667271,0.489863357922239,0.8118405830667271,51.73045774724335,10,15,LONDON,BEARISH_ENGULFING,False,,,,,,,,,,,,
2026-05-17 22:25:00,SHORT,4540.815,5.945285714285676,4544.193840461145,4546.99884000384,-3.378840461145046,-6.183840003840487,3.378840461145046,6.183840003840487,-0.5683226380569353,-1.040124949585114,0.5683226380569353,1.040124949585114,44.16032238624018,22,25,OFF,BEARISH_ENGULFING,False,,,,,,,,,,,,
2026-05-18 09:50:00,LONG,4543.025,4.808571428571473,4545.499960288174,4544.321262681699,-2.4749602881747705,-1.2962626816997727,2.4749602881747705,1.2962626816997727,-0.5146976238034234,-0.2695733443820061,0.5146976238034234,0.2695733443820061,46.24788910866407,9,50,LONDON,BULLISH_ENGULFING,False,,,,,,,,,,,,
2026-05-19 01:55:00,SHORT,4563.565,6.733571428571395,4567.236582279359,4568.52602944078,-3.671582279359427,-4.961029440780294,3.671582279359427,4.961029440780294,-0.5452652159863396,-0.7367604982595148,0.5452652159863396,0.7367604982595148,43.773898868978094,1,55,ASIA,BEARISH_ENGULFING,False,,,,,,,,,,,,
2026-05-19 06:00:00,SHORT,4539.045,6.261428571428756,4540.531880078556,4546.515793821061,-1.4868800785561689,-7.4707938210613065,1.4868800785561689,7.4707938210613065,-0.23746658795101244,-1.1931452600371344,0.23746658795101244,1.1931452600371344,45.48436127990109,6,0,ASIA,BEARISH_ENGULFING,False,,,,,,,,,,,,
2026-05-19 10:15:00,SHORT,4539.315,4.6949999999999035,4541.190905876683,4543.36617156976,-1.875905876683646,-4.0511715697602995,1.875905876683646,4.0511715697602995,-0.3995539673447678,-0.8628693439319239,0.3995539673447678,0.8628693439319239,46.12381866089837,10,15,LONDON,BEARISH_ENGULFING,False,,,,,,,,,,,,
2026-05-21 06:15:00,SHORT,4530.345,5.468357142857258,4530.340546261227,4534.261624781182,0.0044537387730088085,-3.916624781181781,0.0044537387730088085,3.916624781181781,0.0008144564549567251,-0.716234269061533,0.0008144564549567251,0.716234269061533,48.41446602381994,6,15,ASIA,BEARISH_ENGULFING,False,,,,,,,,,,,,
2026-05-21 14:40:00,SHORT,4504.615,8.65407142857144,4505.839542321133,4510.151862207344,-1.2245423211334128,-5.536862207343802,1.2245423211334128,5.536862207343802,-0.14149898475422598,-0.6397985333312407,0.14149898475422598,0.6397985333312407,47.96980410495898,14,40,NEW_YORK,BEARISH_ENGULFING,False,,,,,,,,,,,,
2026-05-22 05:10:00,SHORT,4525.215,2.9376428571428863,4526.946379427519,4527.631678928591,-1.731379427518732,-2.4166789285909545,1.731379427518732,2.4166789285909545,-0.5893770998434607,-0.8226592019907366,0.5893770998434607,0.8226592019907366,45.8763989259232,5,10,ASIA,BEARISH_ENGULFING,False,,,,,,,,,,,,
2026-05-22 08:55:00,SHORT,4521.695,4.413571428571426,4523.425912703947,4524.378326413974,-1.7309127039470695,-2.6833264139741004,1.7309127039470695,2.6833264139741004,-0.39217960600839924,-0.6079716749577185,0.39217960600839924,0.6079716749577185,46.50110453579519,8,55,LONDON,BEARISH_ENGULFING,False,,,,,,,,,,,,
2026-05-25 12:50:00,LONG,4566.535,4.240785714285656,4565.521603853693,4565.283356548724,1.013396146307059,1.251643451275413,1.013396146307059,1.251643451275413,0.23896424261506496,0.2951442340175511,0.23896424261506496,0.2951442340175511,51.31921837551906,12,50,LONDON,BULLISH_ENGULFING,False,,,,,,,,,,,,
2026-05-25 13:25:00,SHORT,4561.678,4.231714285714328,4564.796025702228,4565.043336957834,-3.1180257022278965,-3.365336957834188,3.1180257022278965,3.365336957834188,-0.7368233041521524,-0.7952656371898954,0.7368233041521524,0.7952656371898954,44.291252930844955,13,25,NEW_YORK,BEARISH_ENGULFING,False,,,,,,,,,,,,
2026-05-26 06:45:00,SHORT,4529.515,4.025714285714263,4531.044149527919,4534.12763745578,-1.5291495279188894,-4.612637455779804,1.5291495279188894,4.612637455779804,-0.3798455179358512,-1.1457935482774597,0.3798455179358512,1.1457935482774597,45.82219261128508,6,45,ASIA,BEARISH_ENGULFING,False,,,,,,,,,,,,
2026-05-26 08:20:00,SHORT,4526.965,5.056928571428606,4530.184165955011,4531.880442849236,-3.2191659550107943,-4.91544284923566,3.2191659550107943,4.91544284923566,-0.6365852136411262,-0.9720214117730804,0.6365852136411262,0.9720214117730804,45.29993704429195,8,20,LONDON,BEARISH_ENGULFING,False,,,,,,,,,,,,
2026-05-27 08:25:00,SHORT,4488.965,4.36335714285711,4486.703241128956,4491.595781509414,2.261758871044549,-2.6307815094141915,2.261758871044549,2.6307815094141915,0.518352909696399,-0.6029260093276632,0.518352909696399,0.6029260093276632,52.37083464895084,8,25,LONDON,BEARISH_ENGULFING,False,,,,,,,,,,,,
2026-05-27 09:40:00,SHORT,4488.445,3.855785714285633,4490.670547895802,4491.87793113489,-2.225547895802265,-3.4329311348901683,2.225547895802265,3.4329311348901683,-0.5771969867403784,-0.8903324482403693,0.5771969867403784,0.8903324482403693,46.10046779527086,9,40,LONDON,BEARISH_ENGULFING,False,,,,,,,,,,,,
2026-05-27 14:55:00,SHORT,4433.815,8.622142857142924,4437.361403054335,4442.940140865678,-3.5464030543353147,-9.125140865678077,3.5464030543353147,9.125140865678077,-0.41131341861232723,-1.0583379348810544,0.41131341861232723,1.0583379348810544,46.914537708318,14,55,NEW_YORK,BEARISH_ENGULFING,False,,,,,,,,,,,,
2026-05-29 14:40:00,LONG,4540.125,8.324499999999976,4533.983818937789,4530.359522848748,6.141181062211217,9.765477151251616,6.141181062211217,9.765477151251616,0.7377237146028272,1.1731007449398336,0.7377237146028272,1.1731007449398336,56.459688708516715,14,40,NEW_YORK,BULLISH_ENGULFING,False,,,,,,,,,,,,
2026-06-01 23:10:00,LONG,4485.845,2.7512142857144033,4483.7852357178945,4483.004087604488,2.059764282105789,2.8409123955125324,2.059764282105789,2.8409123955125324,0.7486746098990007,1.0326030982987708,0.7486746098990007,1.0326030982987708,57.42497485303968,23,10,OFF,BULLISH_ENGULFING,False,,,,,,,,,,,,
2026-06-03 14:30:00,SHORT,4448.965,8.9969285714284,4450.132075059994,4453.383075018325,-1.167075059994204,-4.418075018324998,1.167075059994204,4.418075018324998,-0.12971927594273575,-0.4910648098680594,0.12971927594273575,0.4910648098680594,47.76709866674523,14,30,NEW_YORK,BEARISH_ENGULFING,False,,,,,,,,,,,,
2026-06-03 14:40:00,SHORT,4448.005,8.838857142856991,4450.0477984051195,4453.10140835025,-2.042798405119356,-5.096408350249476,2.042798405119356,5.096408350249476,-0.23111567164203095,-0.5765913248601459,0.23111567164203095,0.5765913248601459,46.89454910324399,14,40,NEW_YORK,BEARISH_ENGULFING,False,,,,,,,,,,,,
2026-06-04 08:35:00,SHORT,4460.535,4.7185714285713924,4464.071820124838,4466.139537909342,-3.536820124838414,-5.604537909342071,3.536820124838414,5.604537909342071,-0.7495531599718162,-1.187761591443984,0.7495531599718162,1.187761591443984,43.13997348157623,8,35,LONDON,BEARISH_ENGULFING,False,,,,,,,,,,,,
2026-06-07 22:55:00,SHORT,4316.698,8.640999999999947,4322.421016594955,4326.882585892214,-5.72301659495497,-10.184585892213363,5.72301659495497,10.184585892213363,-0.6623095237767626,-1.178635099203035,0.6623095237767626,1.178635099203035,42.93449283861718,22,55,OFF,BEARISH_ENGULFING,False,,,,,,,,,,,,
2026-06-08 10:00:00,SHORT,4290.345,7.617857142857247,4291.057204174651,4295.396319183612,-0.7122041746506511,-5.0513191836116675,0.7122041746506511,5.0513191836116675,-0.09349140595507717,-0.6630892505444199,0.09349140595507717,0.6630892505444199,48.611687571147066,10,0,LONDON,BEARISH_ENGULFING,False,,,,,,,,,,,,
2026-06-08 17:55:00,LONG,4338.895,4.343142857142733,4337.383344092305,4333.980672824954,1.511655907695058,4.91432717504631,1.511655907695058,4.91432717504631,0.34805576455054626,1.131514052540134,0.34805576455054626,1.131514052540134,53.493982368460415,17,55,NEW_YORK,BULLISH_ENGULFING,False,,,,,,,,,,,,
2026-06-09 09:10:00,SHORT,4328.185,4.751428571428538,4330.166207427491,4331.722675486322,-1.9812074274905171,-3.5376754863218594,1.9812074274905171,3.5376754863218594,-0.41697089574364754,-0.7445498618236076,0.41697089574364754,0.7445498618236076,46.30253058434837,9,10,LONDON,BEARISH_ENGULFING,False,,,,,,,,,,,,
2026-06-09 13:05:00,LONG,4341.255,4.800285714285694,4339.171617919254,4336.806100868979,2.08338208074656,4.44889913102088,2.08338208074656,4.44889913102088,0.43401209943533064,0.9267988190329829,0.43401209943533064,0.9267988190329829,54.85562699622206,13,5,NEW_YORK,BULLISH_ENGULFING,False,,,,,,,,,,,,
2026-06-10 13:10:00,SHORT,4151.075,11.947571428571402,4153.178688466325,4160.379966107578,-2.103688466325366,-9.304966107578366,2.103688466325366,9.304966107578366,-0.17607665950375562,-0.7788165287990232,0.17607665950375562,0.7788165287990232,46.66547198410743,13,10,NEW_YORK,BEARISH_ENGULFING,False,,,,,,,,,,,,
2026-06-10 23:40:00,SHORT,4055.975,12.059785714285649,4054.751263118704,4070.0468243592013,1.2237368812957357,-14.0718243592014,1.2237368812957357,14.0718243592014,0.10147252283646589,-1.1668386729734637,0.10147252283646589,1.1668386729734637,48.77422896100046,23,40,OFF,BEARISH_ENGULFING,False,,,,,,,,,,,,
2026-06-11 13:55:00,SHORT,4083.005,9.971214285714236,4078.7035257701896,4081.5730036834125,4.3014742298105375,1.4319963165876288,4.3014742298105375,1.4319963165876288,0.43138920762873,0.14361303202953432,0.43138920762873,0.14361303202953432,54.56616415119334,13,55,NEW_YORK,BEARISH_ENGULFING,False,,,,,,,,,,,,
2026-06-12 10:45:00,LONG,4215.485,5.755714285714411,4216.5153389593215,4209.3139479235515,-1.0303389593218526,6.171052076448177,1.0303389593218526,6.171052076448177,-0.17901148461784094,1.0721609465161654,0.17901148461784094,1.0721609465161654,50.56768098936903,10,45,LONDON,BULLISH_ENGULFING,False,,,,,,,,,,,,
2026-06-12 16:05:00,LONG,4213.045,9.122357142857188,4209.099357757446,4205.169753469969,3.945642242553731,7.875246530031291,3.945642242553731,7.875246530031291,0.4325244211298142,0.8632907489483257,0.4325244211298142,0.8632907489483257,54.5876958315098,16,5,NEW_YORK,BULLISH_ENGULFING,False,,,,,,,,,,,,
2026-06-17 15:10:00,LONG,4347.905,8.140214285714203,4345.1347745881585,4338.801751078889,2.7702254118412384,9.103248921111117,2.7702254118412384,9.103248921111117,0.34031357340345314,1.1183058088639026,0.34031357340345314,1.1183058088639026,56.491213501932485,15,10,NEW_YORK,BULLISH_ENGULFING,False,,,,,,,,,,,,
2026-06-18 05:05:00,LONG,4317.405,4.14049999999991,4315.527385288924,4312.642279704036,1.8776147110756938,4.762720295963845,1.8776147110756938,4.762720295963845,0.45347535589318555,1.1502766081304068,0.45347535589318555,1.1502766081304068,53.891189909344575,5,5,ASIA,BULLISH_ENGULFING,False,,,,,,,,,,,,
2026-06-18 14:40:00,SHORT,4244.525,9.502142857142903,4251.393714422937,4255.848327823066,-6.868714422937046,-11.323327823066393,6.868714422937046,11.323327823066393,-0.7228595198159676,-1.1916604489433116,0.7228595198159676,1.1916604489433116,43.32609996022032,14,40,NEW_YORK,BEARISH_ENGULFING,False,,,,,,,,,,,,
2026-06-19 12:35:00,SHORT,4150.695,4.400000000000156,4152.453400340131,4153.977096833017,-1.7584003401316295,-3.2820968330170217,1.7584003401316295,3.2820968330170217,-0.39963644093899253,-0.745931098412933,0.39963644093899253,0.745931098412933,45.53058527271111,12,35,LONDON,BEARISH_ENGULFING,False,,,,,,,,,,,,
2026-06-19 12:45:00,SHORT,4148.655,4.562142857142979,4152.0607653577945,4153.6974738547,-3.405765357794735,-5.042473854699892,3.405765357794735,5.042473854699892,-0.7465275561159388,-1.1052862684483575,0.7465275561159388,1.1052862684483575,42.32393048969368,12,45,LONDON,BEARISH_ENGULFING,False,,,,,,,,,,,,
2026-06-22 15:15:00,SHORT,4191.915,6.319071428571533,4196.2317346147665,4198.220618645876,-4.316734614766574,-6.305618645876166,4.316734614766574,6.305618645876166,-0.6831279980866429,-0.9978710823500838,0.6831279980866429,0.9978710823500838,44.42319573298341,15,15,NEW_YORK,BEARISH_ENGULFING,False,,,,,,,,,,,,
2026-06-25 10:40:00,SHORT,3985.465,3.998642857142808,3988.0972926562795,3988.2360232501155,-2.6322926562793327,-2.771023250115377,2.6322926562793327,2.771023250115377,-0.6582965146730339,-0.6929909344530422,0.6582965146730339,0.6929909344530422,44.921718700383735,10,40,LONDON,BEARISH_ENGULFING,False,,,,,,,,,,,,
2026-06-25 18:50:00,LONG,4034.885,5.20635714285712,4033.8576962298707,4029.0576267368247,1.0273037701294925,5.827373263175559,1.0273037701294925,5.827373263175559,0.1973171916450076,1.1192803534752596,0.1973171916450076,1.1192803534752596,52.32134370922814,18,50,NY_LATE,BULLISH_ENGULFING,False,,,,,,,,,,,,
2026-06-26 04:00:00,SHORT,4000.935,5.351928571428646,4000.3275516640024,4007.348844733989,0.6074483359975602,-6.413844733989208,0.6074483359975602,6.413844733989208,0.11350083019426542,-1.1984174766886124,0.11350083019426542,1.1984174766886124,48.483311127687095,4,0,ASIA,BEARISH_ENGULFING,False,,,,,,,,,,,,
2026-06-26 12:05:00,LONG,4047.745,3.9254999999999263,4047.8958558930567,4043.293550193472,-0.15085589305681424,4.451449806527762,0.15085589305681424,4.451449806527762,-0.03842972692824279,1.133982882824569,0.03842972692824279,1.133982882824569,50.76221203886002,12,5,LONDON,BULLISH_ENGULFING,False,,,,,,,,,,,,
2026-06-29 22:55:00,SHORT,4013.628,3.5180714285714396,4015.2273133399785,4017.2483966586565,-1.59931333997838,-3.6203966586563183,1.59931333997838,3.6203966586563183,-0.45459945099176197,-1.02908560333763,0.45459945099176197,1.02908560333763,45.76988951173655,22,55,OFF,BEARISH_ENGULFING,False,,,,,,,,,,,,
2026-07-01 17:45:00,LONG,4070.925,3.3628571428571052,4073.241653784244,4069.834128389935,-2.316653784243954,1.0908716100652782,2.316653784243954,1.0908716100652782,-0.6888944982883543,0.3243883292462631,0.6888944982883543,0.3243883292462631,43.84048873808222,17,45,NEW_YORK,BULLISH_ENGULFING,False,,,,,,,,,,,,
2026-07-02 16:55:00,LONG,4117.915,5.987142857142642,4119.078431344732,4115.55324961803,-1.1634313447320892,2.361750381969614,1.1634313447320892,2.361750381969614,-0.19432162760975705,0.3944703572843687,0.19432162760975705,0.3944703572843687,48.5120251870367,16,55,NEW_YORK,BULLISH_ENGULFING,False,,,,,,,,,,,,
2026-07-03 15:50:00,SHORT,4166.685,2.8971428571430806,4167.9157577830965,4169.852738619795,-1.2307577830961236,-3.1677386197943633,1.2307577830961236,3.1677386197943633,-0.42481777523038466,-1.093400904268187,0.42481777523038466,1.093400904268187,45.84663346439192,15,50,NEW_YORK,BEARISH_ENGULFING,False,,,,,,,,,,,,
2026-07-06 01:25:00,LONG,4189.285,8.431428571428503,4184.214654444835,4181.62814300763,5.070345555164749,7.656856992370194,5.070345555164749,7.656856992370194,0.6013625700805411,0.9081328184783428,0.6013625700805411,0.9081328184783428,55.88081717564176,1,25,ASIA,BULLISH_ENGULFING,False,,,,,,,,,,,,
2026-07-06 10:25:00,SHORT,4148.715,3.5214285714283897,4147.0335930801275,4150.883780804499,1.681406919872643,-2.168780804498965,1.681406919872643,2.168780804498965,0.4774786385034121,-0.6158809586812795,0.4774786385034121,0.6158809586812795,51.70200688845464,10,25,LONDON,BEARISH_ENGULFING,False,,,,,,,,,,,,
2026-07-07 09:20:00,SHORT,4126.815,4.033571428571447,4128.822043767861,4129.589944732878,-2.0070437678614326,-2.7749447328787937,2.0070437678614326,2.7749447328787937,-0.4975847839571441,-0.6879622146326002,0.4975847839571441,0.6879622146326002,46.15895521553521,9,20,LONDON,BEARISH_ENGULFING,False,,,,,,,,,,,,
2026-07-09 23:30:00,SHORT,4121.175,2.2785714285713374,4122.598892859571,4123.282129407544,-1.4238928595705147,-2.1071294075436526,1.4238928595705147,2.1071294075436526,-0.6249059571783073,-0.9247589876367498,0.6249059571783073,0.9247589876367498,43.33003008318772,23,30,OFF,BEARISH_ENGULFING,False,,,,,,,,,,,,
2026-07-10 01:15:00,LONG,4125.865,5.086428571428444,4122.861059808788,4122.847816289281,3.0039401912117683,3.0171837107191095,3.0039401912117683,3.0171837107191095,0.5905794505963462,0.5931831477330234,0.5905794505963462,0.5931831477330234,57.006964019878666,1,15,ASIA,BULLISH_ENGULFING,False,,,,,,,,,,,,
2026-07-13 05:45:00,SHORT,4062.235,5.652142857142865,4061.198131202632,4064.4671163310386,1.0368687973682427,-2.232116331038469,1.0368687973682427,2.232116331038469,0.18344702594661164,-0.39491505920053743,0.18344702594661164,0.39491505920053743,51.16836864973373,5,45,ASIA,BEARISH_ENGULFING,False,,,,,,,,,,,,
2026-07-13 18:55:00,SHORT,4001.275,4.545000000000008,3998.2780873273655,4006.2563066634016,2.9969126726346076,-4.981306663401483,2.9969126726346076,4.981306663401483,0.6593867266522777,-1.0959970656548899,0.6593867266522777,1.0959970656548899,53.28873537069685,18,55,NY_LATE,BEARISH_ENGULFING,False,,,,,,,,,,,,
2026-07-14 12:15:00,LONG,4026.965,4.416428571428534,4025.2084290256325,4022.791467876524,1.7565709743676052,4.1735321234759795,1.7565709743676052,4.1735321234759795,0.39773562414922664,0.9450016129494454,0.39773562414922664,0.9450016129494454,55.62484659269964,12,15,LONDON,BULLISH_ENGULFING,False,,,,,,,,,,,,
2026-07-20 09:10:00,LONG,4019.235,4.328571428571389,4018.695510755597,4015.8697142522433,0.5394892444032848,3.365285747756843,0.5394892444032848,3.365285747756843,0.12463447890505043,0.7774587536071985,0.12463447890505043,0.7774587536071985,52.790953623979895,9,10,LONDON,BULLISH_ENGULFING,False,,,,,,,,,,,,
2026-07-20 14:40:00,SHORT,4007.155,4.840000000000016,4007.9002273963933,4011.9064360134716,-0.7452273963931475,-4.751436013471448,0.7452273963931475,4.751436013471448,-0.15397260256056716,-0.9817016556759158,0.15397260256056716,0.9817016556759158,46.815961562793106,14,40,NEW_YORK,BEARISH_ENGULFING,False,,,,,,,,,,,,
2026-07-21 09:15:00,LONG,4066.195,2.8935714285714766,4065.4860391265197,4062.9530057028596,0.7089608734804642,3.241994297140536,0.7089608734804642,3.241994297140536,0.2450123976481445,1.1204127415444767,0.2450123976481445,1.1204127415444767,51.44431521921274,9,15,LONDON,BULLISH_ENGULFING,False,,,,,,,,,,,,
2026-07-22 08:35:00,SHORT,4116.615,3.5299999999999403,4116.460624816023,4118.866308802855,0.1543751839772085,-2.2513088028554193,0.1543751839772085,2.2513088028554193,0.04373234673575386,-0.6377645333868152,0.04373234673575386,0.6377645333868152,48.493732051581006,8,35,LONDON,BEARISH_ENGULFING,False,,,,,,,,,,,,
2026-07-23 03:55:00,SHORT,4124.325,3.417857142857169,4125.9532614537975,4126.02551843376,-1.628261453797677,-1.7005184337604078,1.628261453797677,1.7005184337604078,-0.4763983354893898,-0.4975393536603036,0.4763983354893898,0.4975393536603036,46.93067653862935,3,55,ASIA,BEARISH_ENGULFING,False,,,,,,,,,,,,
2026-07-23 14:50:00,SHORT,4056.765,7.492857142857149,4055.735024945267,4065.4781901799292,1.0299750547328586,-8.71319017992937,1.0299750547328586,8.71319017992937,0.13746092246196384,-1.1628661822594002,0.13746092246196384,1.1628661822594002,48.98890112194872,14,50,NEW_YORK,BEARISH_ENGULFING,False,,,,,,,,,,,,
2026-07-23 15:00:00,SHORT,4056.535,6.995714285714224,4055.981823141137,4064.834976786625,0.5531768588630257,-8.299976786624939,0.5531768588630257,8.299976786624939,0.07907367800778464,-1.1864373597381066,0.07907367800778464,1.1864373597381066,48.711058178493374,15,0,NEW_YORK,BEARISH_ENGULFING,False,,,,,,,,,,,,
2026-07-24 14:55:00,LONG,4063.185,5.895714285714315,4059.9497773214266,4057.2776650231845,3.2352226785733365,5.907334976815491,3.2352226785733365,5.907334976815491,0.5487414283986731,1.001971040409698,0.5487414283986731,1.001971040409698,56.18859638908622,14,55,NEW_YORK,BULLISH_ENGULFING,False,,,,,,,,,,,,
2026-07-27 04:40:00,SHORT,4090.115,2.289285714285662,4090.8803111305906,4092.265554033688,-0.7653111305908169,-2.1505540336884224,0.7653111305908169,2.1505540336884224,-0.33430127389303216,-0.9393995778982401,0.33430127389303216,0.9393995778982401,45.36104031238312,4,40,ASIA,BEARISH_ENGULFING,False,,,,,,,,,,,,
2026-07-27 13:50:00,SHORT,4083.905,5.770714285714381,4085.3960526284777,4089.0437050766427,-1.4910526284775187,-5.138705076642509,1.4910526284775187,5.138705076642509,-0.2583826810086015,-0.8904798994057921,0.2583826810086015,0.8904798994057921,45.37422682607311,13,50,NEW_YORK,BEARISH_ENGULFING,False,,,,,,,,,,,,
2026-07-27 18:10:00,SHORT,4076.415,2.7885714285714585,4076.884211768372,4078.627964858704,-0.4692117683721335,-2.212964858704254,0.4692117683721335,2.212964858704254,-0.16826241693672642,-0.7935837095763121,0.16826241693672642,0.7935837095763121,47.99423449442959,18,10,NY_LATE,BEARISH_ENGULFING,False,,,,,,,,,,,,
2026-07-31 06:40:00,SHORT,4077.875,4.049285714285686,4079.736435197207,4080.9176874467125,-1.8614351972069016,-3.0426874467125344,1.8614351972069016,3.0426874467125344,-0.4596947038436551,-0.7514133754449775,0.4596947038436551,0.7514133754449775,46.63226121985181,6,40,ASIA,BEARISH_ENGULFING,False,,,,,,,,,,,,
2026-08-03 09:55:00,SHORT,4055.115,3.7257142857143077,4056.3097094969985,4058.688062436001,-1.194709496998712,-3.573062436001237,1.194709496998712,3.573062436001237,-0.32066589259934564,-0.9590274943254797,0.32066589259934564,0.9590274943254797,46.64569914005601,9,55,LONDON,BEARISH_ENGULFING,False,,,,,,,,,,,,
2026-08-03 15:55:00,SHORT,4035.865,4.024999999999993,4035.5044440924626,4038.87464513977,0.36055590753721845,-3.0096451397703277,0.36055590753721845,3.0096451397703277,0.08957910746266312,-0.7477379229243063,0.08957910746266312,0.7477379229243063,49.82903374655069,15,55,NEW_YORK,BEARISH_ENGULFING,False,,,,,,,,,,,,
2026-08-10 00:00:00,LONG,4340.365,4.096428571428662,4341.184867462625,4341.115989547225,-0.8198674626255524,-0.75098954722489,0.8198674626255524,0.75098954722489,-0.20014201354415834,-0.18332787552132915,0.20014201354415834,0.18332787552132915,48.61499351635823,0,0,ASIA,BULLISH_ENGULFING,False,,,,,,,,,,,,
2026-08-10 05:20:00,LONG,4335.005,3.652142857142995,4332.697015965771,4330.730408403935,2.307984034228866,4.274591596064965,2.307984034228866,4.274591596064965,0.6319533831254236,1.1704338420674214,0.6319533831254236,1.1704338420674214,56.96827914428448,5,20,ASIA,BULLISH_ENGULFING,False,,,,,,,,,,,,
2026-08-11 04:00:00,LONG,4417.525,3.9621428571429402,4417.119104499586,4413.353760244596,0.40589550041386246,4.171239755403803,0.40589550041386246,4.171239755403803,0.10244342898492799,1.0527736898440962,0.10244342898492799,1.0527736898440962,51.128928952817446,4,0,ASIA,BULLISH_ENGULFING,False,,,,,,,,,,,,
2026-08-11 14:10:00,LONG,4386.855,7.50571428571415,4391.019166016769,4388.184892252313,-4.164166016769741,-1.3298922523135843,4.164166016769741,1.3298922523135843,-0.5547994312407444,-0.1771839696649269,0.5547994312407444,0.1771839696649269,45.25137560675705,14,10,NEW_YORK,BULLISH_ENGULFING,False,,,,,,,,,,,,
2026-08-14 04:25:00,SHORT,4325.025,2.3871428571427975,4323.9527600439105,4327.554550435028,1.0722399560891063,-2.5295504350287956,1.0722399560891063,2.5295504350287956,0.44917293193440644,-1.059656076912149,0.44917293193440644,1.059656076912149,52.160720963811656,4,25,ASIA,BEARISH_ENGULFING,False,,,,,,,,,,,,
2026-08-19 09:35:00,LONG,4356.645,3.4307142857143327,4356.560279879191,4353.756723714846,0.08472012080983404,2.888276285154461,0.08472012080983404,2.888276285154461,0.02469460111050719,0.8418877366679555,0.02469460111050719,0.8418877366679555,51.65448229152613,9,35,LONDON,BULLISH_ENGULFING,False,,,,,,,,,,,,
2026-08-20 16:40:00,LONG,4509.075,6.697142857142873,4512.313835949388,4503.655732876284,-3.238835949387976,5.419267123716054,3.238835949387976,5.419267123716054,-0.4836145828864288,0.8091909101111836,0.4836145828864288,0.8091909101111836,48.64591090091267,16,40,NEW_YORK,BULLISH_ENGULFING,False,,,,,,,,,,,,
2026-08-20 17:20:00,LONG,4510.915,4.610714285714233,4511.049597921167,4505.409556634011,-0.13459792116736935,5.505443365988867,0.13459792116736935,5.505443365988867,-0.029192422871312042,1.1940543318953527,0.029192422871312042,1.1940543318953527,50.88051311290163,17,20,NEW_YORK,BULLISH_ENGULFING,False,,,,,,,,,,,,
2026-08-21 14:10:00,LONG,4589.415,8.496428571428558,4584.755002840842,4583.812522100916,4.659997159157683,5.602477899084079,4.659997159157683,5.602477899084079,0.5484654075511364,0.6593921024563029,0.5484654075511364,0.6593921024563029,54.560205330357164,14,10,NEW_YORK,BULLISH_ENGULFING,False,,,,,,,,,,,,
2026-08-24 01:30:00,LONG,4614.485,9.325000000000014,4616.451634058102,4615.47554143549,-1.9666340581024997,-0.9905414354907407,1.9666340581024997,0.9905414354907407,-0.21089909470268062,-0.10622428262635274,0.21089909470268062,0.10622428262635274,48.00861104225332,1,30,ASIA,BULLISH_ENGULFING,False,,,,,,,,,,,,
2026-08-24 04:50:00,LONG,4639.545,4.589999999999951,4638.5427016046215,4634.538516697815,1.0022983953786024,5.006483302185188,1.0022983953786024,5.006483302185188,0.21836566348117933,1.0907371028726016,0.21836566348117933,1.0907371028726016,52.05026631516724,4,50,ASIA,BULLISH_ENGULFING,False,,,,,,,,,,,,
2026-08-24 09:25:00,SHORT,4635.505,5.436428571428678,4639.191298012698,4639.819535558352,-3.686298012697989,-4.314535558351963,3.686298012697989,4.314535558351963,-0.6780734749411488,-0.7936341849550165,0.6780734749411488,0.7936341849550165,44.39325624761094,9,25,LONDON,BEARISH_ENGULFING,False,,,,,,,,,,,,
2026-08-24 10:30:00,LONG,4645.025,4.005714285714346,4642.989176830091,4641.504321256735,2.0358231699083262,3.520678743264398,2.0358231699083262,3.520678743264398,0.5082297499771067,0.8789140942528679,0.5082297499771067,0.8789140942528679,54.425812655941535,10,30,LONDON,BULLISH_ENGULFING,False,,,,,,,,,,,,
2026-08-24 12:20:00,LONG,4657.325,8.62214285714286,4651.5220978345515,4647.052404141703,5.802902165448359,10.272595858296881,5.802902165448359,10.272595858296881,0.6730231987099411,1.191420280143785,0.6730231987099411,1.191420280143785,57.19807098463631,12,20,LONDON,BULLISH_ENGULFING,False,,,,,,,,,,,,
2026-08-24 14:05:00,LONG,4670.255,10.302857142857127,4665.662348972597,4658.5218595356355,4.592651027403008,11.733140464364624,4.592651027403008,11.733140464364624,0.4457647974462161,1.138823949674882,0.4457647974462161,1.138823949674882,54.43177289914369,14,5,NEW_YORK,BULLISH_ENGULFING,False,,,,,,,,,,,,
2026-08-24 14:20:00,LONG,4665.855,10.660714285714286,4665.591640384735,4659.297327441995,0.2633596152645623,6.557672558004924,0.2633596152645623,6.557672558004924,0.024703749505553582,0.6151250640674635,0.024703749505553582,0.6151250640674635,51.35532808731457,14,20,NEW_YORK,BULLISH_ENGULFING,False,,,,,,,,,,,,
2026-08-25 12:25:00,LONG,4637.135,4.909285714285553,4638.687498863877,4638.017108889205,-1.5524988638771902,-0.8821088892045736,1.5524988638771902,0.8821088892045736,-0.3162372194715754,-0.17968171757404972,0.3162372194715754,0.17968171757404972,47.76505075878573,12,25,LONDON,BULLISH_ENGULFING,False,,,,,,,,,,,,
2026-08-26 17:35:00,SHORT,4596.435,4.898571428571423,4596.436639811865,4602.21756122687,-0.0016398118641518522,-5.782561226869802,0.0016398118641518522,5.782561226869802,-0.00033475307812957066,-1.1804586931492755,0.00033475307812957066,1.1804586931492755,48.317213510730674,17,35,NEW_YORK,BEARISH_ENGULFING,False,,,,,,,,,,,,
2026-08-28 09:15:00,LONG,4601.895,3.227857142857244,4604.240756267127,4599.478796159613,-2.3457562671264895,2.416203840387425,2.3457562671264895,2.416203840387425,-0.7267224549628197,0.7485473282899511,0.7267224549628197,0.7485473282899511,46.898180948683205,9,15,LONDON,BULLISH_ENGULFING,False,,,,,,,,,,,,
2026-08-30 23:20:00,SHORT,4459.465,5.326428571428745,4459.498492949736,4465.286694112721,-0.033492949735773436,-5.821694112721161,0.033492949735773436,5.821694112721161,-0.006288068878916626,-1.092982668339729,0.006288068878916626,1.092982668339729,49.76199418423374,23,20,OFF,BEARISH_ENGULFING,False,,,,,,,,,,,,
2026-08-31 16:55:00,SHORT,4433.225,4.71999999999993,4433.167903991363,4434.389369079665,0.0570960086370178,-1.1643690796645387,0.0570960086370178,1.1643690796645387,0.012096611999368359,-0.24668836433571104,0.012096611999368359,0.24668836433571104,50.1982906301054,16,55,NEW_YORK,BEARISH_ENGULFING,False,,,,,,,,,,,,
2026-09-01 15:00:00,SHORT,4357.425,8.484428571428712,4361.782154549657,4365.845426933819,-4.357154549657025,-8.420426933818817,4.357154549657025,8.420426933818817,-0.5135472015557689,-0.9924565765306317,0.5135472015557689,0.9924565765306317,45.93162132866261,15,0,NEW_YORK,BEARISH_ENGULFING,False,,,,,,,,,,,,
2026-09-02 01:25:00,SHORT,4316.865,8.930000000000161,4321.276662414411,4326.1754935747,-4.4116624144107845,-9.310493574700558,4.4116624144107845,9.310493574700558,-0.49402714607062764,-1.0426084630123618,0.49402714607062764,1.0426084630123618,43.56497101090477,1,25,ASIA,BEARISH_ENGULFING,False,,,,,,,,,,,,
2026-09-02 04:25:00,SHORT,4302.645,5.6521428571428,4301.264873780402,4306.655502163169,1.3801262195984236,-4.010502163168894,1.3801262195984236,4.010502163168894,0.24417751894828923,-0.7095542813644015,0.24417751894828923,0.7095542813644015,50.725499029412205,4,25,ASIA,BEARISH_ENGULFING,False,,,,,,,,,,,,
2026-09-02 06:55:00,LONG,4321.535,5.987142857142771,4318.934884915126,4314.55607314613,2.6001150848742327,6.97892685386978,2.6001150848742327,6.97892685386978,0.4342831208332114,1.1656523020064222,0.4342831208332114,1.1656523020064222,55.04690211521137,6,55,ASIA,BULLISH_ENGULFING,False,,,,,,,,,,,,
2026-09-03 06:05:00,LONG,4431.105,6.120000000000085,4430.846281861578,4424.540816372098,0.25871813842150004,6.564183627901912,0.25871813842150004,6.564183627901912,0.04227420562442752,1.0725790241669642,0.04227420562442752,1.0725790241669642,52.147780046423975,6,5,ASIA,BULLISH_ENGULFING,False,,,,,,,,,,,,
2026-09-03 09:25:00,LONG,4435.005,4.184999999999881,4434.351902361102,4430.737285697802,0.6530976388985437,4.267714302198328,0.6530976388985437,4.267714302198328,0.1560567834883064,1.0197644688646237,0.1560567834883064,1.0197644688646237,52.23232719948232,9,25,LONDON,BULLISH_ENGULFING,False,,,,,,,,,,,,
2026-09-04 13:50:00,SHORT,4422.075,14.143571428571315,4419.207488858095,4437.92533754293,2.8675111419051973,-15.850337542929992,2.8675111419051973,15.850337542929992,0.20274307351483806,-1.1206743376648738,0.20274307351483806,1.1206743376648738,48.7631751433882,13,50,NEW_YORK,BEARISH_ENGULFING,False,,,,,,,,,,,,
2026-09-07 01:55:00,SHORT,4409.135,8.224999999999975,4411.895368284208,4418.5102605546035,-2.760368284208198,-9.375260554603301,2.760368284208198,9.375260554603301,-0.3356070862259218,-1.139849307550557,0.3356070862259218,1.139849307550557,44.69395685583588,1,55,ASIA,BEARISH_ENGULFING,False,,,,,,,,,,,,
2026-09-07 09:00:00,LONG,4412.115,4.9457142857143355,4410.320354950054,4406.32040292819,1.794645049945757,5.794597071810131,1.794645049945757,5.794597071810131,0.36286872760312455,1.171640078066739,0.36286872760312455,1.171640078066739,55.596861297886576,9,0,LONDON,BULLISH_ENGULFING,False,,,,,,,,,,,,
2026-09-08 16:55:00,SHORT,4393.435,5.032499999999994,4394.268931478389,4396.711079501073,-0.8339314783888767,-3.2760795010726724,0.8339314783888767,3.2760795010726724,-0.16570918596897719,-0.6509845009583062,0.16570918596897719,0.6509845009583062,47.51276016565128,16,55,NEW_YORK,BEARISH_ENGULFING,False,,,,,,,,,,,,
2026-09-08 17:20:00,SHORT,4394.125,4.491428571428579,4395.1739475626855,4396.716662173154,-1.0489475626854983,-2.5916621731539635,1.0489475626854983,2.5916621731539635,-0.2335443046691627,-0.5770240207403853,0.2335443046691627,0.5770240207403853,48.002293248119166,17,20,NEW_YORK,BEARISH_ENGULFING,False,,,,,,,,,,,,
2026-09-09 16:05:00,SHORT,4395.315,11.622785714285653,4402.631344718897,4405.401436474938,-7.316344718897199,-10.086436474938637,7.316344718897199,10.086436474938637,-0.6294828880742956,-0.8678157476947478,0.6294828880742956,0.8678157476947478,42.75951656902266,16,5,NEW_YORK,BEARISH_ENGULFING,False,,,,,,,,,,,,
2026-09-09 22:45:00,SHORT,4400.145,2.740785714285721,4401.126158513775,4402.7401016491895,-0.9811585137749717,-2.5951016491890186,0.9811585137749717,2.5951016491890186,-0.3579843942782197,-0.9468458754957174,0.3579843942782197,0.9468458754957174,46.29423874428935,22,45,OFF,BEARISH_ENGULFING,False,,,,,,,,,,,,
2026-09-10 04:45:00,LONG,4409.308,2.6240714285715643,4410.940097431792,4409.892426108964,-1.6320974317923174,-0.5844261089641805,1.6320974317923174,0.5844261089641805,-0.6219714196883595,-0.22271730205237508,0.6219714196883595,0.22271730205237508,46.39719671138111,4,45,ASIA,BULLISH_ENGULFING,False,,,,,,,,,,,,
2026-09-11 00:20:00,SHORT,4318.605,4.07628571428573,4318.003170306817,4322.677164363445,0.6018296931824807,-4.072164363445154,0.6018296931824807,4.072164363445154,0.1476416854376305,-0.9989889445614344,0.1476416854376305,0.9989889445614344,49.9938954452597,0,20,ASIA,BEARISH_ENGULFING,False,,,,,,,,,,,,
2026-09-14 01:30:00,SHORT,4331.545,7.211785714285725,4335.483432729337,4339.016347094412,-3.9384327293373644,-7.4713470944116125,3.9384327293373644,7.4713470944116125,-0.5461106146756106,-1.035991277390803,0.5461106146756106,1.035991277390803,45.03699903496341,1,30,ASIA,BEARISH_ENGULFING,False,,,,,,,,,,,,
2026-09-14 06:00:00,SHORT,4334.295,5.7520000000000175,4331.313518546827,4333.353984363264,2.981481453172819,0.9410156367357558,2.981481453172819,0.9410156367357558,0.5183382220397792,0.16359798969675818,0.5183382220397792,0.16359798969675818,53.44545509906813,6,0,ASIA,BEARISH_ENGULFING,False,,,,,,,,,,,,
2026-09-14 06:20:00,SHORT,4329.425,5.960999999999915,4330.849625601169,4332.847925851329,-1.4246256011683727,-3.4229258513287277,1.4246256011683727,3.4229258513287277,-0.23899104196752105,-0.5742200723584594,0.23899104196752105,0.5742200723584594,47.45716826965777,6,20,ASIA,BEARISH_ENGULFING,False,,,,,,,,,,,,
2026-09-14 14:50:00,SHORT,4276.195,7.630142857142865,4274.304503604378,4280.455130198186,1.8904963956219945,-4.260130198186744,1.8904963956219945,4.260130198186744,0.24776684146250674,-0.5583290218739057,0.24776684146250674,0.5583290218739057,50.7900631314047,14,50,NEW_YORK,BEARISH_ENGULFING,False,,,,,,,,,,,,
2026-09-14 15:00:00,SHORT,4272.725,7.068571428571496,4274.584956465261,4280.1086534432325,-1.8599564652604386,-7.383653443232106,1.8599564652604386,7.383653443232106,-0.2631304619406416,-1.0445750627046129,0.2631304619406416,1.0445750627046129,47.405464175075856,15,0,NEW_YORK,BEARISH_ENGULFING,False,,,,,,,,,,,,
2026-09-15 10:35:00,SHORT,4273.905,3.578214285714174,4271.7726851743455,4276.36279895898,2.132314825654248,-2.457798958980675,2.132314825654248,2.457798958980675,0.5959159109523985,-0.6868786391003198,0.5959159109523985,0.6868786391003198,53.3740118794989,10,35,LONDON,BEARISH_ENGULFING,False,,,,,,,,,,,,
2026-09-15 13:40:00,LONG,4289.575,6.950285714285526,4285.842033279445,4282.733989039618,3.7329667205549413,6.8410109603819365,3.7329667205549413,6.8410109603819365,0.5370954337722046,0.9842776601717268,0.5370954337722046,0.9842776601717268,56.72394861766576,13,40,NEW_YORK,BULLISH_ENGULFING,False,,,,,,,,,,,,
2026-09-16 23:30:00,SHORT,4270.675,5.009285714285787,4267.2847723196255,4276.511500116645,3.3902276803746645,-5.8365001166448565,3.3902276803746645,5.8365001166448565,0.6767886428810012,-1.1651361989594582,0.6767886428810012,1.1651361989594582,53.47697943270661,23,30,OFF,BEARISH_ENGULFING,False,,,,,,,,,,,,
2026-09-18 03:00:00,LONG,4348.895,4.4157142857142,4351.02341515151,4350.868144277621,-2.1284151515092162,-1.973144277620122,2.1284151515092162,1.973144277620122,-0.48200925462843097,-0.4468460026962511,0.48200925462843097,0.4468460026962511,46.28784157214436,3,0,ASIA,BULLISH_ENGULFING,False,,,,,,,,,,,,
2026-09-22 09:25:00,SHORT,4314.255,8.49214285714301,4315.919278779302,4319.458144689055,-1.6642787793016396,-5.20314468905508,1.6642787793016396,5.20314468905508,-0.19597866019196344,-0.612701031598703,0.19597866019196344,0.612701031598703,48.10827773757259,9,25,LONDON,BEARISH_ENGULFING,False,,,,,,,,,,,,
2026-09-23 18:35:00,SHORT,4284.875,4.493571428571419,4286.422936333496,4287.91292240413,-1.5479363334961818,-3.0379224041298585,1.5479363334961818,3.0379224041298585,-0.34447796326413277,-0.6760596671088557,0.34447796326413277,0.6760596671088557,47.58801544090343,18,35,NY_LATE,BEARISH_ENGULFING,False,,,,,,,,,,,,
2026-09-24 05:25:00,LONG,4290.285,3.0964285714284023,4288.631191666576,4288.098476672345,1.6538083334235125,2.186523327654868,1.6538083334235125,2.186523327654868,0.534101883919964,0.706143635228831,0.534101883919964,0.706143635228831,54.55551485419991,5,25,ASIA,BULLISH_ENGULFING,False,,,,,,,,,,,,
2026-09-24 06:25:00,SHORT,4281.695,4.572857142857174,4284.132530588505,4285.846927988268,-2.4375305885050693,-4.151927988268653,2.4375305885050693,4.151927988268653,-0.5330432402229106,-0.9079505128984809,0.5330432402229106,0.9079505128984809,44.403213220853694,6,25,ASIA,BEARISH_ENGULFING,False,,,,,,,,,,,,
2026-09-24 23:00:00,LONG,4272.375,3.1257142857143663,4270.828444725807,4269.804878424571,1.5465552741934516,2.570121575428857,1.5465552741934516,2.570121575428857,0.49478459412037856,0.8222509610603992,0.49478459412037856,0.8222509610603992,54.44328718716964,23,0,OFF,BULLISH_ENGULFING,False,,,,,,,,,,,,
2026-09-24 23:10:00,LONG,4273.045,2.6192857142857844,4271.1357563401725,4270.0125771231815,1.9092436598275526,3.0324228768186003,1.9092436598275526,3.0324228768186003,0.7289176775998097,1.1577289412451397,0.7289176775998097,1.1577289412451397,55.88720966603916,23,10,OFF,BULLISH_ENGULFING,False,,,,,,,,,,,,
2026-09-25 15:05:00,SHORT,4275.455,7.407142857142974,4276.783362191197,4283.903137312963,-1.3283621911969021,-8.4481373129629,1.3283621911969021,8.4481373129629,-0.1793353006437448,-1.140539270795359,0.1793353006437448,1.140539270795359,46.16407815606075,15,5,NEW_YORK,BEARISH_ENGULFING,False,,,,,,,,,,,,
2026-09-28 10:55:00,SHORT,4155.205,3.992857142857052,4154.375446452293,4158.40139755977,0.8295535477072917,-3.1963975597700482,0.8295535477072917,3.1963975597700482,0.20775938583009568,-0.8005289058458264,0.20775938583009568,0.8005289058458264,51.47420967574665,10,55,LONDON,BEARISH_ENGULFING,False,,,,,,,,,,,,
2026-09-28 22:30:00,SHORT,4122.535,3.2399999999999767,4121.7910604226245,4125.8018066952145,0.7439395773753859,-3.2668066952146546,0.7439395773753859,3.2668066952146546,0.22961098067141705,-1.008273671362555,0.22961098067141705,1.008273671362555,49.5607027577033,22,30,OFF,BEARISH_ENGULFING,False,,,,,,,,,,,,
