PassResultProfitExpected PayProfit FactorRecovery FacSharpe Ratio485810957.80957.8018.780391.532682.7915355.77674637010949.54949.5414.172241.400232.1014044.88221628610894.12894.1220.320911.590141.7850359.62382477410853.82853.8225.873331.757872.5344969.75389643210812.68812.6831.256922.720075.5766126.56381626510775.23775.2336.915713.300114.4037224.78039675510766.75766.7527.383933.092265.6246327.39328667110766.75766.7527.383933.092265.6246327.39328676910765.49765.4931.895422.937314.1571122.17965668510765.49765.4931.895422.937314.1571122.17965553010761.15761.1519.516671.563681.3361055.71833676810752.03752.0326.858212.487525.4705024.47489668410752.03752.0326.858212.487525.4705024.47489635710741.49741.4913.990381.436692.0673928.04042679710725.38725.3836.269002.801523.9087216.67723671310725.38725.3836.269002.801523.9087216.67723666610718.74718.7411.592581.481292.6415531.46998629310716.60716.6042.152943.049074.0706714.54667603110713.42713.4247.561333.254314.9660310.17073594710713.42713.4247.561333.254314.9660310.17073641910705.62705.6227.139233.028756.3058126.28115643310704.10704.1032.004552.870273.8237219.37182566310702.09702.0929.253753.420254.3293525.22742634810701.63701.6328.065202.418934.3441923.53439557410694.68694.6815.788181.669581.7890340.74587561410689.69689.6911.494831.319201.7176636.49144604710689.51689.5153.039232.973022.811007.04432596310689.51689.5153.039232.973022.811007.04432678210688.03688.0331.274092.657463.3344516.41996669810688.03688.0331.274092.657463.3344516.41996627310682.57682.5717.501801.558882.3617532.03358586310680.29680.2945.352673.149624.7354210.05018577910680.29680.2945.352673.149624.7354210.05018569510680.29680.2945.352673.149624.7354210.05018599410679.97679.9713.076351.543971.6183632.98934591010679.97679.9713.076351.543971.6183632.98934636710679.65679.6542.478133.255204.0194611.55086642010678.11678.1128.254583.085346.5823124.29121633010672.36672.3613.721631.563442.0965436.68442675010668.80668.8010.615871.433352.2301529.04834599910664.06664.0626.562402.945453.3475823.10178591510664.06664.0626.562402.945453.3475823.10178678310660.28660.2838.840003.302793.5857512.84149669910660.28660.2838.840003.302793.5857512.84149658210658.78658.7810.799671.441142.4211829.08514259110658.58658.5873.175564.374393.1025618.71443633510658.44658.4426.337602.902574.8820424.62882678410657.59657.5938.681773.141503.3727813.26461670010657.59657.5938.681773.141503.3727813.26461406210654.28654.2823.367142.197722.7394164.21907604210654.20654.2036.344442.669773.4316014.70425595810654.20654.2036.344442.669773.4316014.70425
634310653.62653.6211.884001.397191.4822038.58551583110650.84650.8426.033602.906723.2809423.33969574710650.84650.8426.033602.906723.2809423.33969658710650.79650.7923.242502.616314.7739924.22827650310650.79650.7923.242502.616314.7739924.22827678710647.25647.2534.065792.523193.0263713.60969670310647.25647.2534.065792.523193.0263713.60969675610646.65646.6524.871152.677825.0709722.88860667210646.65646.6524.871152.677825.0709722.88860404810645.63645.6321.521002.645425.95160103.67263587910643.15643.1549.473082.840362.622006.63918579510643.15643.1549.473082.840362.622006.63918571110643.15643.1549.473082.840362.622006.63918634910640.54640.5430.501912.709293.5542117.09030604610639.12639.1249.163082.967432.679196.99759596210639.12639.1249.163082.967432.679196.99759645110635.37635.3737.374712.703773.8404911.62621410210632.11632.1116.207951.479202.1738461.59118483110630.35630.3515.374391.526551.1777649.20914660010627.29627.2922.403212.167664.5631121.40608651610627.29627.2922.403212.167664.5631121.40608677010626.57626.5732.977373.041283.2136714.60573668610626.57626.5732.977373.041283.2136714.60573637710625.76625.7634.764442.609763.5714913.80195567710625.15625.1531.257502.957943.5680016.56460587410624.49624.4934.693892.593943.2757614.43096579010624.49624.4934.693892.593943.2757614.43096570610624.49624.4934.693892.593943.2757614.43096660110622.89622.8925.953752.444223.3827018.77587651710622.89622.8925.953752.444223.3827018.77587582610620.01620.0112.157061.496001.4756530.35047567610619.35619.3525.806252.379033.4244720.25369646210617.97617.9729.427142.285242.9755916.70213658810617.88617.8823.764622.603184.8453622.22241650410617.88617.8823.764622.603184.8453622.22241481810617.25617.2517.145831.750782.0255050.15997301110614.10614.1061.410003.562492.8930121.41049292710614.10614.1061.410003.562492.8930121.41049284310614.10614.1061.410003.562492.8930121.41049275910614.10614.1061.410003.562492.8930121.41049267510614.10614.1061.410003.562492.8930121.41049644810613.27613.2738.329383.020733.1454611.22764661610609.69609.6935.864122.985513.1271012.56846653210609.69609.6935.864122.985513.1271012.56846668010603.62603.6210.230851.356861.0412318.45988481710603.49603.4914.719271.585771.7941857.99857625110602.52602.5225.105002.629053.7194926.30040633610598.27598.2726.011742.851264.1610122.26291638110597.72597.7242.694292.938892.936486.70054587810596.07596.0745.851542.834912.498726.65737579410596.07596.0745.851542.834912.498726.65737571010596.07596.0745.851542.834912.498726.65737484510595.52595.5215.269741.479651.2503635.15859
644110593.46593.4610.058641.309391.6544321.07613643410591.86591.8632.881112.950953.0356512.99992601310591.58591.5828.170482.596543.3764115.80993592910591.58591.5828.170482.596543.3764115.80993660210588.28588.2830.962112.916533.0172914.04908651810588.28588.2830.962112.916533.0172914.04908604310587.68587.6839.178672.630773.020098.07508595910587.68587.6839.178672.630773.020098.07508674110587.11587.1116.774572.390244.2870424.52545665710587.11587.1116.774572.390244.2870424.52545680210587.05587.0534.532352.354242.6456811.54475671810587.05587.0534.532352.354242.6456811.54475645010584.57584.5730.766842.335062.6989713.91792565810584.13584.1311.921021.478091.3575330.10551680110583.60583.6034.329412.351432.867118.89273671710583.60583.6034.329412.351432.867118.89273661910583.36583.3630.703162.372842.7276412.59682653510583.36583.3630.703162.372842.7276412.59682604110582.88582.8832.382222.472512.6852212.72837595710582.88582.8832.382222.472512.6852212.72837641410582.51582.5110.787221.429291.6095028.55684566410581.95581.9526.452272.867804.0090320.24847406110579.66579.6617.565461.771643.1972474.95103557910579.41579.4126.336822.948973.5728620.76539646110577.87577.8732.103892.479973.1382112.42534407510574.04574.0417.395151.627711.5604057.16955584510573.90573.9027.328572.548823.2755015.75884576110573.90573.9027.328572.548823.2755015.75884601210573.58573.5822.943202.124033.1714018.27025592810573.58573.5822.943202.124033.1714018.27025636410569.31569.3135.581882.888383.0795211.22106679610568.04568.0429.896842.423232.5794211.64072671210568.04568.0429.896842.423232.5794211.64072602610566.77566.7728.338502.325872.3251212.69772594210566.77566.7728.338502.325872.3251212.69772679910566.00566.0028.300002.121612.1271812.15668671510566.00566.0028.300002.121612.1271812.15668638310565.49565.4940.392142.750423.375867.81495678610564.03564.0325.637732.090822.5763014.83711670210564.03564.0325.637732.090822.5763014.83711636610563.08563.0831.282222.512562.7565513.36092550910562.43562.4329.601582.730773.1949017.26607677310562.21562.2128.110502.404093.2599415.29544668910562.21562.2128.110502.404093.2599415.29544646610559.51559.5137.300672.480423.292799.01591646510558.95558.9537.263332.471582.746016.99511635310558.34558.3432.843532.914023.6426213.50514604510558.32558.3242.947692.687842.407694.92367596110558.32558.3242.947692.687842.407694.92367584410558.18558.1822.327202.093853.0862618.14760576010558.18558.1822.327202.093853.0862618.14760587310556.36556.3630.908892.405522.5630412.53519578910556.36556.3630.908892.405522.5630412.53519
570510556.36556.3630.908892.405522.5630412.53519574210555.93555.9311.118601.444741.3231427.71735551710555.68555.6816.343531.525131.3613927.69077587510554.55554.5536.970002.538842.849847.88008579110554.55554.5536.970002.538842.849847.88008570710554.55554.5536.970002.538842.849847.88008676410553.68553.689.228001.317950.8793316.83972678510553.10553.1027.655002.284342.6879513.89237670110553.10553.1027.655002.284342.6879513.89237635210550.61550.6134.413132.923262.6955011.24769643710548.18548.1830.454442.509063.5763313.57290256410548.16548.1668.520006.615244.7394113.42232585810547.51547.5127.375502.280822.2461012.55985577410547.51547.5127.375502.280822.2461012.55985569010547.51547.5127.375502.280822.2461012.55985679810547.24547.2422.801671.898751.9420114.68844671410547.24547.2422.801671.898751.9420114.68844646310546.96546.9630.386672.189612.4329910.51421638010546.81546.8136.454002.611492.676907.38170560110544.40544.4011.582981.356931.3244122.15467644610543.57543.5725.884292.226492.6343413.00022494210543.07543.079.204581.249601.4755327.04492675910542.60542.6028.557902.753214.0978814.08982667510542.60542.6028.557902.753214.0978814.08982334610541.21541.2121.648401.671342.0474872.00110625210541.16541.1624.598182.788493.4125425.68279600010540.23540.2323.488262.467142.9101018.32477591610540.23540.2323.488262.467142.9101018.32477675410540.21540.2118.007002.076463.6086219.55545667010540.21540.2118.007002.076463.6086219.55545661410539.99539.9924.545002.208652.6169913.49685653010539.99539.9924.545002.208652.6169913.49685627910537.28537.2831.604712.536323.0520312.03621602810535.33535.3333.458132.593292.808079.96984594410535.33535.3333.458132.593292.808079.96984410910534.86534.8633.428752.627452.7400611.96684657310533.88533.8815.702352.264193.8983622.55953680010533.13533.1329.618332.176062.461479.35099671610533.13533.1329.618332.176062.461479.35099633910532.70532.7031.335293.273004.1014812.64214644910531.59531.5929.532782.332142.5834212.03071662910529.51529.5126.475502.206672.8532712.80948654510529.51529.5126.475502.206672.8532712.80948649810527.76527.768.945091.355231.9396524.18497636310526.59526.5932.911882.658083.005489.68665645410525.61525.617.008131.191880.9553822.24174583210525.30525.3022.839132.426592.8296718.27531574810525.30525.3022.839132.426592.8296718.27531638210525.12525.1237.508572.748013.199618.00087659610523.80523.809.031031.309670.9035416.17518601410522.83522.8329.046112.556092.7425011.81216593010522.83522.8329.046112.556092.7425011.81216636510521.91521.9130.700592.537472.6821011.51494
377310520.92520.9237.208572.835782.3468010.25238368910520.92520.9237.208572.835782.3468010.25238360510520.92520.9237.208572.835782.3468010.25238352110520.92520.9237.208572.835782.3468010.25238343710520.92520.9237.208572.835782.3468010.25238495510520.77520.7734.718002.243303.171378.67108641810520.60520.6018.592862.110613.4776220.31925558710520.03520.0310.612861.349001.0613133.42424587710518.60518.6039.892312.567762.236414.76586579310518.60518.6039.892312.567762.236414.76586570910518.60518.6039.892312.567762.236414.76586674210517.03517.0316.678392.323655.6125721.00865665810517.03517.0316.678392.323655.6125721.00865553710516.81516.8130.400592.291382.4046611.26140676110515.35515.3530.314712.736473.5541411.31220667710515.35515.3530.314712.736473.5541411.31220408910515.26515.2616.621291.536391.6301636.50486603310514.56514.5639.581542.472402.097765.54520594910514.56514.5639.581542.472402.097765.54520633710512.03512.0324.382382.535782.6313315.12512637910511.75511.7530.102942.278772.400229.51917646410511.30511.3031.956252.262752.360687.58808640510511.23511.2317.628622.465563.1741622.40703660510511.03511.0325.551502.276272.9631814.35107652110511.03511.0325.551502.276272.9631814.35107586010510.62510.6231.913752.519752.678459.83314577610510.62510.6231.913752.519752.678459.83314569210510.62510.6231.913752.519752.678459.83314602710510.49510.4931.905632.635772.496899.46770594310510.49510.4931.905632.635772.496899.46770677210510.39510.3930.022942.435862.3564810.48582668810510.39510.3930.022942.435862.3564810.48582642310507.89507.8928.216112.660263.8357412.49628654610507.36507.3621.140001.857851.9194214.30585663310506.94506.9429.820002.173912.490498.05873654910506.94506.9429.820002.173912.490498.05873669710506.12506.1215.816251.606721.0099013.47504661810505.36505.3622.970911.977352.3083213.61912653410505.36505.3622.970911.977352.3083213.61912659110504.31504.3126.542632.629493.8087013.49106650710504.31504.3126.542632.629493.8087013.49106623810504.15504.1520.166002.964734.4173330.92843663410503.96503.9629.644712.162562.2712210.25464655010503.96503.9629.644712.162562.2712210.25464584610503.02503.0227.945562.497132.6385911.73484576210503.02503.0227.945562.497132.6385911.73484567810503.02503.0227.945562.497132.6385911.73484663110502.11502.1125.105501.995011.8870611.05481654710502.11502.1125.105501.995011.8870611.05481642110500.31500.3122.741362.273092.4314014.54990549510500.29500.2922.740462.453193.0355621.18675661710499.99499.9924.999502.161012.4298512.85509653310499.99499.9924.999502.161012.4298512.85509
632110499.97499.9717.856072.519803.1042523.44666669310499.07499.077.339271.226181.3051716.73386626410498.56498.5621.676522.012352.1928219.25697298410498.15498.1555.350004.374314.3070214.96623290010498.15498.1555.350004.374314.3070214.96623281610498.15498.1555.350004.374314.3070214.96623273210498.15498.1555.350004.374314.3070214.96623264810498.15498.1555.350004.374314.3070214.96623657410497.82497.8216.058712.274474.8322720.64170680310497.53497.5333.168672.235302.173956.22651671910497.53497.5333.168672.235302.173956.22651333210497.21497.2119.888401.654071.9818685.68132632210496.69496.6918.395932.666634.9284623.73764631610496.25496.259.730391.490772.7105642.63268652510495.18495.187.618151.234641.2835216.89675561110494.96494.9638.073852.915783.445365.99185644710494.70494.7030.918752.549232.686548.97173631710494.26494.2610.516171.571251.9365338.21948408810493.73493.7312.659741.388291.6902261.25725529110493.00493.0030.812502.103822.608199.29144520710493.00493.0030.812502.103822.608199.29144512310493.00493.0030.812502.103822.608199.29144503910493.00493.0030.812502.103822.608199.29144502610492.07492.078.201171.222181.1453624.47369661510491.12491.1228.889412.520972.6671010.02902653110491.12491.1228.889412.520972.6671010.02902663010489.90489.9020.412501.804581.7385313.43465585910488.47488.4730.529382.565212.389199.31152577510488.47488.4730.529382.565212.389199.31152569110488.47488.4730.529382.565212.389199.31152675710487.37487.3720.307082.113122.3685214.60491667310487.37487.3720.307082.113122.3685214.60491632910486.29486.298.841641.333051.7202235.79192635010484.75484.7528.514712.608542.4385010.18752603210484.46484.4632.297332.267422.030857.41007594810484.46484.4632.297332.267422.030857.41007635110483.66483.6630.228752.748722.485539.87375495410482.81482.8132.187332.240173.035018.83665600310481.85481.8526.769442.458433.3114611.90400591910481.85481.8526.769442.458433.3114611.90400603010480.94480.9426.718892.128972.3544311.40977594610480.94480.9426.718892.128972.3544311.40977624510479.69479.6911.992251.452521.8641844.65904634410478.44478.4410.400871.346160.8410417.22450640610477.21477.2117.674442.489424.6322120.75848473310476.79476.7915.893001.618291.5948360.44749586510475.95475.9536.611542.361921.940365.42326578110475.95475.9536.611542.361921.940365.42326569710475.95475.9536.611542.361921.940365.42326548910475.81475.8113.594571.519881.4359347.87342625510474.89474.8927.934712.803332.2699212.54959642510474.11474.1129.631882.617023.269729.48900630510472.34472.3410.049792.158663.6034550.96958
620910472.29472.2936.330002.672892.424999.27974601710471.14471.1426.174442.215473.0737211.84832593310471.14471.1426.174442.215473.0737211.84832620310470.81470.8126.156111.860712.4115726.01028556010470.58470.5810.230001.513222.1759943.38133659310470.53470.5327.678242.585453.2450310.60387650910470.53470.5327.678242.585453.2450310.60387676010468.69468.6924.667902.400373.3240412.67296667610468.69468.6924.667902.400373.3240412.67296566210468.23468.2318.008852.042552.5889117.65812476110467.27467.2716.112761.511201.2435037.32613646710467.22467.2235.940002.359662.695864.41141643610467.11467.1129.194382.327472.156668.72004559310463.91463.9125.772782.420902.6477411.07804448210463.62463.6214.488131.629121.4647043.08369439810463.62463.6214.488131.629121.4647043.08369431410463.62463.6214.488131.629121.4647043.08369423010463.62463.6214.488131.629121.4647043.08369414610463.62463.6214.488131.629121.4647043.08369660410463.53463.5327.266472.304032.140139.74350652010463.53463.5327.266472.304032.140139.74350635610462.96462.966.909851.206281.0778034.94909453510462.90462.9038.575002.522002.579845.16932445110462.90462.9038.575002.522002.579845.16932436710462.90462.9038.575002.522002.579845.16932428310462.90462.9038.575002.522002.579845.16932419910462.90462.9038.575002.522002.579845.16932663210462.89462.8925.716112.021112.137178.41004654810462.89462.8925.716112.021112.137178.41004562110462.14462.1427.184712.146642.1502910.14071583510462.04462.0425.668892.398473.1753111.85691575110462.04462.0425.668892.398473.1753111.85691566710462.04462.0425.668892.398473.1753111.85691480310460.94460.9410.974761.530042.8027564.62117678110460.42460.4213.952121.523270.8635212.21203626610459.81459.8125.545002.401862.4279812.49916637810458.91458.9122.945501.958442.3404212.64342604410458.40458.4030.560002.166261.926136.07923596010458.40458.4030.560002.166261.926136.07923634010457.63457.6326.919412.804683.3294311.34612601810456.63456.6325.368332.086592.7863711.70054593410456.63456.6325.368332.086592.7863711.70054480410455.62455.6211.990001.634072.4553852.40843658910455.46455.4618.977502.040242.2134413.82960650510455.46455.4618.977502.040242.2134413.82960677110454.27454.2726.721772.337072.207669.36092668710454.27454.2726.721772.337072.207669.36092632410453.65453.6518.146002.555254.4375420.14068618510452.41452.4134.800772.883551.8401110.18140410810452.26452.2628.266252.221832.391529.39098446810451.06451.0613.266471.779902.3147965.32723438410451.06451.0613.266471.779902.3147965.32723430010451.06451.0613.266471.779902.3147965.32723
421610451.06451.0613.266471.779902.3147965.32723413210451.06451.0613.266471.779902.3147965.32723586210450.56450.5625.031112.057652.2057111.02925577810450.56450.5625.031112.057652.2057111.02925569410450.56450.5625.031112.057652.2057111.02925625910449.41449.4111.235251.372511.4524734.16271619710449.15449.1534.550002.818132.031349.40486586410448.54448.5429.902672.173451.880287.20773578010448.54448.5429.902672.173451.880287.20773569610448.54448.5429.902672.173451.880287.20773556110446.98446.9810.642381.580621.4673938.35948559210446.40446.4020.290911.980352.4682115.09958602910444.96444.9624.720002.022692.1909510.20847594510444.96444.9624.720002.022692.1909510.20847584910444.62444.6224.701112.147052.9007111.64994576510444.62444.6224.701112.147052.9007111.64994568110444.62444.6224.701112.147052.9007111.64994678810444.24444.2423.381051.944412.0671910.55042670410444.24444.2423.381051.944412.0671910.55042527810442.23442.237.249671.195291.0293521.95523519410442.23442.237.249671.195291.0293521.95523511010442.23442.237.249671.195291.0293521.95523256310441.75441.7549.083334.079902.6377927.19033452910441.72441.7225.983532.166811.8020610.43972444510441.72441.7225.983532.166811.8020610.43972436110441.72441.7225.983532.166811.8020610.43972427710441.72441.7225.983532.166811.8020610.43972419310441.72441.7225.983532.166811.8020610.43972376610440.61440.6116.318891.485911.4657758.23999368210440.61440.6116.318891.485911.4657758.23999359810440.61440.6116.318891.485911.4657758.23999351410440.61440.6116.318891.485911.4657758.23999343010440.61440.6116.318891.485911.4657758.23999632310439.45439.4517.578002.480033.8923819.52686658610438.64438.6414.621331.822192.9301316.68008650210438.64438.6414.621331.822192.9301316.68008619810437.84437.8433.680002.695351.869039.18996625310433.33433.3320.634762.207652.2827317.29084633810431.95431.9520.569052.244352.1146014.04124633410431.83431.8315.993701.879922.6095617.33500529010430.84430.8426.927501.976342.105978.81656520610430.84430.8426.927501.976342.105978.81656512210430.84430.8426.927501.976342.105978.81656503810430.84430.8426.927501.976342.105978.81656642410430.72430.7223.928892.300843.0547511.00729621010430.60430.6033.123082.404712.070998.12074645210430.55430.5525.326472.037872.642559.14252600810429.98429.988.599601.292140.7450414.71380592410429.98429.988.599601.292140.7450414.71380453410429.09429.0935.757502.517292.543515.33514445010429.09429.0935.757502.517292.543515.33514436610429.09429.0935.757502.517292.543515.33514428210429.09429.0935.757502.517292.543515.33514
419810429.09429.0935.757502.517292.543515.33514624110428.63428.6317.859582.381473.6669523.95460585010427.90427.9023.772222.018232.6110611.35952576610427.90427.9023.772222.018232.6110611.35952568210427.90427.9023.772222.018232.6110611.35952648910427.40427.4013.787102.058812.0130918.33801659210427.14427.1422.481052.276233.0293611.86836650810427.14427.1422.481052.276233.0293611.86836628310426.81426.8128.454002.144602.040106.99941634110425.09425.0926.568132.559222.931669.52708557310424.10424.108.655101.323571.3032833.94872544710424.05424.0528.270001.954042.2027418.78194677710423.73423.736.141011.188300.9398114.23872640810423.18423.1816.276152.184453.7549317.32340587610422.11422.1128.140672.073941.773655.82300579210422.11422.1128.140672.073941.773655.82300570810422.11422.1128.140672.073941.773655.82300452810422.04422.0424.825882.019841.877579.01397444410422.04422.0424.825882.019841.877579.01397436010422.04422.0424.825882.019841.877579.01397427610422.04422.0424.825882.019841.877579.01397419210422.04422.0424.825882.019841.877579.01397548210421.82421.8218.340002.643883.6959625.62318677510420.63420.6321.031501.862742.1171211.23793669110420.63420.6321.031501.862742.1171211.23793630710420.54420.549.345332.176933.1011042.81347566610420.16420.1621.008002.166852.0568912.60949643910420.12420.1223.340001.980632.2432710.19204653810420.07420.075.122811.140990.6509716.93973642210419.07419.0719.048642.015391.9348513.18584599810418.68418.6815.506671.820482.2990515.08779591410418.68418.6815.506671.820482.2990515.08779598510417.67417.6714.916792.116052.2106017.84710590110417.67417.6714.916792.116052.2106017.84710586110417.50417.5023.194441.959572.055749.86471577710417.50417.5023.194441.959572.055749.86471569310417.50417.5023.194441.959572.055749.86471257710417.27417.2746.363333.137981.9657515.03150558010417.13417.1320.856502.304922.8735914.78858330510416.43416.4317.351251.782371.8784367.72155250710416.06416.0669.343333.864842.087406.56306564910415.69415.6915.988082.287013.0190318.09585495310415.33415.3327.688672.066451.665186.24250643510415.28415.2825.955002.235332.018187.77928636810414.97414.9725.935632.230232.556498.58767635410414.08414.0821.793682.103302.5267313.71425490210413.98413.989.627441.376621.0519727.89864642710413.97413.976.676941.215470.7300221.95675644510412.82412.8213.760671.498730.7860711.84897375910412.61412.6131.739232.602311.858866.86439367510412.61412.6131.739232.602311.858866.86439359110412.61412.6131.739232.602311.858866.86439350710412.61412.6131.739232.602311.858866.86439
342310412.61412.6131.739232.602311.858866.86439640710411.76411.7615.836922.154983.6471217.16419409510411.75411.7527.450002.339902.350048.37714660310411.70411.7024.217652.211772.000788.68394651910411.70411.7024.217652.211772.000788.68394620510410.76410.7625.672501.889962.3630018.59614636210410.25410.2520.512501.881882.169379.61087628010408.86408.8624.050592.121212.1589410.44989663510408.09408.0927.206002.013231.783145.26056655110408.09408.0927.206002.013231.783145.26056643810408.03408.0320.401501.901052.4898113.04968554910407.77407.779.708812.121792.6805849.17437478110407.58407.5823.975292.006152.1755011.52686583010407.06407.0615.076301.797702.2352415.08775574610407.06407.0615.076301.797702.2352415.08775671110406.90406.9014.031031.513640.898959.81994329210405.20405.2017.617392.181443.7113074.85725377210404.79404.7926.986002.093581.576657.80784368810404.79404.7926.986002.093581.576657.80784360410404.79404.7926.986002.093581.576657.80784352010404.79404.7926.986002.093581.576657.80784343610404.79404.7926.986002.093581.576657.80784627710402.08402.0815.464621.544610.7145714.40950600410401.89401.8922.327222.124262.6480210.16913592010401.89401.8922.327222.124262.6480210.16913640410400.93400.9312.149391.826012.3337017.63128560710400.46400.4626.697332.254261.979547.10079646010400.21400.2122.233891.936821.817327.94746326910399.42399.4233.285002.468022.011185.75760484410399.27399.277.828821.234741.3224837.47571660910399.08399.085.956421.180861.0436713.54736550310398.77398.7711.393431.376740.9769732.56551491510398.26398.268.297081.268800.6358626.78370403710397.99397.9914.213933.927905.3536589.99936298310397.27397.2739.727003.114152.3721928.94834289910397.27397.2739.727003.114152.3721928.94834281510397.27397.2739.727003.114152.3721928.94834273110397.27397.2739.727003.114152.3721928.94834264710397.27397.2739.727003.114152.3721928.94834555110396.73396.739.918252.342122.6388947.50329662810396.63396.6320.875261.920731.801068.56389654410396.63396.6320.875261.920731.801068.56389627810396.16396.1619.808001.771881.742449.68351480510395.78395.7811.308001.629461.2715841.42384451610395.62395.6226.374672.194402.139997.29647443210395.62395.6226.374672.194402.139997.29647434810395.62395.6226.374672.194402.139997.29647426410395.62395.6226.374672.194402.139997.29647418010395.62395.6226.374672.194402.139997.29647556510395.50395.5015.820002.267382.8724018.27316331810393.57393.5715.742801.556661.3091587.12958407610393.04393.0415.116921.542411.2560022.37348626910392.63392.6326.175332.254611.876737.49043
375210392.49392.4914.536671.455971.3056966.74096366810392.49392.4914.536671.455971.3056966.74096358410392.49392.4914.536671.455971.3056966.74096350010392.49392.4914.536671.455971.3056966.74096341610392.49392.4914.536671.455971.3056966.74096568510390.83390.837.515961.228720.8518314.99932674310390.55390.5513.948211.973072.5539515.66958665910390.55390.5513.948211.973072.5539515.66958632510390.47390.4716.269582.229872.9407317.50611409610389.81389.8127.843572.348312.108566.84641601910389.70389.7022.923531.854042.105698.31998593510389.70389.7022.923531.854042.105698.31998449510389.40389.4010.524321.356420.7846437.25668441110389.40389.4010.524321.356420.7846437.25668432710389.40389.4010.524321.356420.7846437.25668424310389.40389.4010.524321.356420.7846437.25668415910389.40389.4010.524321.356420.7846437.25668552310387.95387.9522.820592.035611.917709.49536335310387.74387.7429.826152.366441.990866.80302674010387.66387.6610.477301.704672.0386016.19619665610387.66387.6610.477301.704672.0386016.19619649010387.56387.5613.364142.018212.4617916.44565565010387.18387.1815.487202.247763.8418317.23998627210386.31386.318.779771.273060.9782046.39504636910385.79385.7925.719332.087771.805966.92419598010385.22385.227.004001.337211.4184927.88425589610385.22385.227.004001.337211.4184927.88425255010383.18383.1842.575564.925223.3129929.55984558810383.00383.009.119051.298710.7431814.91096404710382.54382.5411.251181.594172.3058576.25042642810382.10382.107.492161.246550.5911412.80001451410381.69381.6921.205001.925022.0183510.43327443010381.69381.6921.205001.925022.0183510.43327434610381.69381.6921.205001.925022.0183510.43327426210381.69381.6921.205001.925022.0183510.43327417810381.69381.6921.205001.925022.0183510.43327604010381.04381.0421.168891.836641.563187.49645595610381.04381.0421.168891.836641.563187.49645665310380.65380.656.139521.309571.3855921.95043375810380.63380.6325.375332.112371.482558.24284367410380.63380.6325.375332.112371.482558.24284359010380.63380.6325.375332.112371.482558.24284350610380.63380.6325.375332.112371.482558.24284342210380.63380.6325.375332.112371.482558.24284629710380.37380.3734.579092.233811.688812.52554583610380.37380.3721.131672.064062.506239.95365575210380.37380.3721.131672.064062.506239.95365566810380.37380.3721.131672.064062.506239.95365523810380.36380.368.452441.331520.9665324.92210515410380.36380.368.452441.331520.9665324.92210507010380.36380.368.452441.331520.9665324.92210448110380.08380.0810.272431.404831.4481446.33857439710380.08380.0810.272431.404831.4481446.33857
431310380.08380.0810.272431.404831.4481446.33857422910380.08380.0810.272431.404831.4481446.33857414510380.08380.0810.272431.404831.4481446.33857661310379.24379.2411.851251.440300.7567210.48265652910379.24379.2411.851251.440300.7567210.48265549610375.64375.6417.887622.090422.3687717.03264662010375.00375.0019.736841.797211.745009.35553653610375.00375.0019.736841.797211.745009.35553558310373.52373.5223.345002.371822.566978.72080674410373.02373.0213.322141.919473.3101415.22023666010373.02373.0213.322141.919473.3101415.22023299710372.79372.7937.279002.555561.7562116.37240291310372.79372.7937.279002.555561.7562116.37240282910372.79372.7937.279002.555561.7562116.37240274510372.79372.7937.279002.555561.7562116.37240266110372.79372.7937.279002.555561.7562116.37240630610372.60372.608.280001.926942.3261339.67672255110371.67371.6746.458755.285864.5198812.26880677410371.47371.4716.150871.681901.7576112.46571669010371.47371.4716.150871.681901.7576112.46571330610371.35371.3516.879551.784321.3358944.55326625410371.19371.1917.675712.046521.8605116.15613657510369.30369.3013.189291.920122.4149915.14763649110369.30369.3013.189291.920122.4149915.14763404910369.20369.2013.185711.820101.8578051.26971403810368.95368.9513.664823.893734.8687071.17409562710368.79368.7933.526362.309211.503493.13198675810368.11368.1115.337921.798281.6995712.03619667410368.11368.1115.337921.798281.6995712.03619528910366.90366.9022.931251.837901.471016.19522520510366.90366.9022.931251.837901.471016.19522512110366.90366.9022.931251.837901.471016.19522503710366.90366.9022.931251.837901.471016.19522637610366.44366.4420.357781.815741.552717.65829494910366.43366.4318.321501.761131.4920411.33632629410366.43366.4320.357221.805041.9348910.01667493910366.14366.1421.537651.872571.936438.18363453310365.74365.7430.478332.256281.466363.61882444910365.74365.7430.478332.256281.466363.61882436510365.74365.7430.478332.256281.466363.61882428110365.74365.7430.478332.256281.466363.61882419710365.74365.7430.478332.256281.466363.61882629210365.18365.1820.287781.734401.052487.87309600510365.13365.1321.478241.949602.310808.46226592110365.13365.1321.478241.949602.310808.46226548510364.99364.9916.590462.176362.8158519.13391581710364.44364.4413.497781.973811.9288715.63759573310364.44364.4413.497781.973811.9288715.63759552710364.04364.0430.336672.274831.740073.54888494110363.34363.3424.222671.867452.196346.78847618610363.32363.3227.947692.479861.421728.43045410310363.15363.1511.714521.331840.8403720.17967624310362.90362.9016.495462.240772.8325020.60190
452210362.52362.528.239091.232690.9794434.04887443810362.52362.528.239091.232690.9794434.04887435410362.52362.528.239091.232690.9794434.04887427010362.52362.528.239091.232690.9794434.04887418610362.52362.528.239091.232690.9794434.04887651210362.35362.356.470541.217230.6393411.54628549910362.27362.2721.310002.202521.7316110.26287495210361.79361.7922.611881.834711.699346.51546334710361.23361.2315.705651.454240.5246226.16782679510361.20361.2012.040001.431080.745258.71678490710361.16361.1615.702611.901321.4705815.66770660710360.99360.9918.049501.740421.816949.95623652310360.99360.9918.049501.740421.816949.95623542910359.20359.2029.933332.535961.460997.49992585110358.74358.7421.102351.786191.938407.97675576710358.74358.7421.102351.786191.938407.97675568310358.74358.7421.102351.786191.938407.97675587210357.77357.7719.876111.785551.467717.20868578810357.77357.7719.876111.785551.467717.20868570410357.77357.7719.876111.785551.467717.20868544910356.82356.8227.447691.974522.6104311.76639301710355.94355.9444.492502.908731.946844.37755293310355.94355.9444.492502.908731.946844.37755284910355.94355.9444.492502.908731.946844.37755276510355.94355.9444.492502.908731.946844.37755268110355.94355.9444.492502.908731.946844.37755600210355.87355.8716.946191.878891.7421610.91753591810355.87355.8716.946191.878891.7421610.91753494010354.67354.6720.862941.816952.112518.74690251010354.23354.2370.846006.029532.928012.52131656910354.03354.035.803771.287921.2886920.51794564410353.58353.586.799621.323981.3157028.03210628710353.30353.309.297371.258970.6109413.57377553110352.42352.4210.365291.289850.7300614.84909474710352.29352.2911.743001.385280.8776536.22661492910351.66351.667.644781.230530.6204618.59786665210351.64351.645.409851.257981.4097222.16919601610351.04351.0421.940001.938011.718516.94863593210351.04351.0421.940001.938011.718516.94863249610350.83350.8358.471675.313663.263545.29039555910350.19350.197.003801.313621.9099539.21140584010350.16350.167.146121.237910.6067412.11171259010349.72349.7238.857782.392531.3006620.02151657610349.67349.6712.488211.861913.1026614.62684649210349.67349.6712.488211.861913.1026614.62684630910349.57349.579.447842.190273.5317225.19238300010349.38349.3838.820003.069422.318387.58187291610349.38349.3838.820003.069422.318387.58187283210349.38349.3838.820003.069422.318387.58187274810349.38349.3838.820003.069422.318387.58187266410349.38349.3838.820003.069422.318387.58187566510348.50348.5016.595241.813611.790959.90795631510347.83347.836.211251.275331.9560836.37325
624010347.60347.6014.483332.076533.1216920.20665544110347.31347.3128.942502.416551.570766.58416403610346.91346.9111.190652.510273.2721278.06792401810345.74345.7413.829601.413131.1962154.47610581210345.32345.326.394821.302291.2715725.22809563710344.97344.979.582502.177292.8016721.82302317910344.52344.5238.280002.411392.4603314.61178602110344.52344.526.152141.185720.6763112.77310593710344.52344.526.152141.185720.6763112.77310248010344.19344.1957.365004.525813.225176.33053630410344.00344.006.880001.618282.1415739.86107619510343.42343.4226.416922.216421.763308.42252301410343.27343.2742.908753.085232.147183.98157293010343.27343.2742.908753.085232.147183.98157284610343.27343.2742.908753.085232.147183.98157276210343.27343.2742.908753.085232.147183.98157267810343.27343.2742.908753.085232.147183.98157549810343.05343.0518.055262.091231.7194614.03915678910342.59342.5921.411881.842611.385944.99313670510342.59342.5921.411881.842611.385944.99313551010342.39342.3919.021671.923581.807959.94243562610342.32342.3231.120002.307061.435003.16173377910342.12342.1234.212002.341331.668963.06193369510342.12342.1234.212002.341331.668963.06193361110342.12342.1234.212002.341331.668963.06193352710342.12342.1234.212002.341331.668963.06193344310342.12342.1234.212002.341331.668963.06193583710341.86341.8620.109411.889082.163538.22705575310341.86341.8620.109411.889082.163538.22705566910341.86341.8620.109411.889082.163538.22705565110341.70341.7014.237501.989492.2130814.20574629010341.68341.6811.782071.375430.5438011.38369562310341.68341.6826.283082.095271.755903.98125322110341.55341.5518.975001.886041.6677357.12963451910341.21341.2124.372142.062001.648845.65257443510341.21341.2124.372142.062001.648845.65257435110341.21341.2124.372142.062001.648845.65257426710341.21341.2124.372142.062001.648845.65257418310341.21341.2124.372142.062001.648845.65257657210341.10341.109.475001.620041.7937514.37367598610340.44340.4413.093851.927762.1624914.25984590210340.44340.4413.093851.927762.1624914.25984635510340.38340.3818.910001.834571.817499.41308329110339.93339.9313.597201.780252.0669592.20367601510338.85338.8521.178131.910371.668476.42448593110338.85338.8521.178131.910371.668476.42448257810338.70338.7042.337502.774881.952845.84132565210337.90337.9014.079171.979532.9268114.14745583410337.67337.6716.079521.833941.6530610.73768575010337.67337.6716.079521.833941.6530610.73768569810337.19337.195.032691.135930.6679915.77927597310337.03337.038.869212.008203.1031220.46193588910337.03337.038.869212.008203.1031220.46193
557810336.95336.9514.039581.739981.8630413.36275672710336.56336.566.472311.669852.1887221.98253664310336.56336.566.472311.669852.1887221.98253499910336.32336.326.863671.220230.5407021.99216301610336.02336.0242.002502.922531.918254.03944293210336.02336.0242.002502.922531.918254.03944284810336.02336.0242.002502.922531.918254.03944276410336.02336.0242.002502.922531.918254.03944268010336.02336.0242.002502.922531.918254.03944636110335.72335.7211.990001.408000.623209.49876527710335.57335.5720.973131.751341.736917.08662519310335.57335.5720.973131.751341.736917.08662510910335.57335.5720.973131.751341.736917.08662502510335.57335.5720.973131.751341.736917.08662637110334.82334.826.438851.179400.4799510.56603620710334.67334.6725.743851.954181.596947.64089452110334.26334.2627.855002.099031.786824.23560443710334.26334.2627.855002.099031.786824.23560435310334.26334.2627.855002.099031.786824.23560426910334.26334.2627.855002.099031.786824.23560418510334.26334.2627.855002.099031.786824.23560639310333.71333.718.556671.944613.3198420.06156451510333.32333.3220.832501.933091.902407.24739443110333.32333.3220.832501.933091.902407.24739434710333.32333.3220.832501.933091.902407.24739426310333.32333.3220.832501.933091.902407.24739417910333.32333.3220.832501.933091.902407.24739297010333.17333.1733.317003.256792.8806029.58182288610333.17333.1733.317003.256792.8806029.58182280210333.17333.1733.317003.256792.8806029.58182271810333.17333.1733.317003.256792.8806029.58182263410333.17333.1733.317003.256792.8806029.58182659010333.00333.0013.875001.722141.5374711.17346650610333.00333.0013.875001.722141.5374711.17346560610332.85332.8518.491671.767471.470457.09162377710332.61332.6133.261002.334711.400462.36559369310332.61332.6133.261002.334711.400462.36559360910332.61332.6133.261002.334711.400462.36559352510332.61332.6133.261002.334711.400462.36559344110332.61332.6133.261002.334711.400462.36559673710332.25332.255.273811.259971.0282618.94807376010332.06332.0625.543082.148561.412245.53956367610332.06332.0625.543082.148561.412245.53956359210332.06332.0625.543082.148561.412245.53956350810332.06332.0625.543082.148561.412245.53956342410332.06332.0625.543082.148561.412245.53956482310331.96331.9616.598001.976781.3636214.18151301510331.93331.9341.491252.882011.981444.21819293110331.93331.9341.491252.882011.981444.21819284710331.93331.9341.491252.882011.981444.21819276310331.93331.9341.491252.882011.981444.21819267910331.93331.9341.491252.882011.981444.21819623710331.86331.8611.062001.671101.4479720.58296
560810331.63331.6322.108671.963821.793866.38564544210331.40331.4027.616672.312481.414676.97161596910331.06331.066.491371.641731.6789730.74015588510331.06331.066.491371.641731.6789730.74015581810330.53330.5312.712691.900752.0995414.35270573410330.53330.5312.712691.900752.0995414.35270555310330.31330.3110.009392.350353.4115926.46013640910329.80329.8013.192001.847732.2555114.03550403910329.80329.8012.214823.108834.0625857.98390558210329.17329.1718.287222.072881.611459.70336374410329.07329.0720.566881.974592.0354410.26050366010329.07329.0720.566881.974592.0354410.26050357610329.07329.0720.566881.974592.0354410.26050349210329.07329.0720.566881.974592.0354410.26050340810329.07329.0720.566881.974592.0354410.26050672910327.99327.997.809291.823832.8459018.52860664510327.99327.997.809291.823832.8459018.52860486510327.78327.7818.210001.756891.3464510.20215452010327.66327.6623.404292.000091.740286.10580443610327.66327.6623.404292.000091.740286.10580435210327.66327.6623.404292.000091.740286.10580426810327.66327.6623.404292.000091.740286.10580418410327.66327.6623.404292.000091.740286.10580555010327.64327.648.191001.912471.8978237.63762297110327.25327.2536.361113.495433.0424910.94921288710327.25327.2536.361113.495433.0424910.94921280310327.25327.2536.361113.495433.0424910.94921271910327.25327.2536.361113.495433.0424910.94921263510327.25327.2536.361113.495433.0424910.94921632010327.15327.1510.223441.634121.7440615.41147584810326.73326.7320.420631.873051.599506.71302576410326.73326.7320.420631.873051.599506.71302568010326.73326.7320.420631.873051.599506.71302397710326.41326.4114.191741.606441.5938058.61726561010326.08326.0820.380001.874841.596327.25171559610325.14325.1421.676002.012991.591726.55643600110323.75323.7514.715911.689401.663769.17945591710323.75323.7514.715911.689401.663769.17945251110323.59323.5964.718004.815022.541352.58841450010323.29323.2917.015261.780101.8716511.60237441610323.29323.2917.015261.780101.8716511.60237433210323.29323.2917.015261.780101.8716511.60237424810323.29323.2917.015261.780101.8716511.60237416410323.29323.2917.015261.780101.8716511.60237490110323.25323.256.734381.244120.7120426.29163597110323.03323.037.341591.801841.9170925.12377588710323.03323.037.341591.801841.9170925.12377545410321.98321.9826.831672.055601.548585.77053450910321.87321.879.196291.281360.8093922.31071442510321.87321.879.196291.281360.8093922.31071434110321.87321.879.196291.281360.8093922.31071425710321.87321.879.196291.281360.8093922.31071417310321.87321.879.196291.281360.8093922.31071
545310321.60321.6026.800002.133591.651266.03605372510321.47321.4712.364231.512521.1811451.79630364110321.47321.4712.364231.512521.1811451.79630355710321.47321.4712.364231.512521.1811451.79630347310321.47321.4712.364231.512521.1811451.79630338910321.47321.4712.364231.512521.1811451.79630473910321.34321.3416.067001.857661.8114915.91070556610320.71320.7113.362922.076143.1822816.49931376310320.68320.6826.723332.147911.628644.03981367910320.68320.6826.723332.147911.628644.03981359510320.68320.6826.723332.147911.628644.03981351110320.68320.6826.723332.147911.628644.03981342710320.68320.6826.723332.147911.628644.03981556810320.14320.1414.551822.097542.7729814.27604371210317.92317.9212.716801.738922.0765556.00259362810317.92317.9212.716801.738922.0765556.00259354410317.92317.9212.716801.738922.0765556.00259346010317.92317.9212.716801.738922.0765556.00259337610317.92317.9212.716801.738922.0765556.00259527510317.71317.7117.650561.678811.651047.66837519110317.71317.7117.650561.678811.651047.66837510710317.71317.7117.650561.678811.651047.66837502310317.71317.7117.650561.678811.651047.66837543010317.20317.2026.433332.329421.241246.70212251310317.09317.0963.418004.441022.265412.37883528810316.96316.9618.644711.662741.488776.29288520410316.96316.9618.644711.662741.488776.29288512010316.96316.9618.644711.662741.488776.29288503610316.96316.9618.644711.662741.488776.29288377810316.91316.9131.691002.335481.627683.00690369410316.91316.9131.691002.335481.627683.00690361010316.91316.9131.691002.335481.627683.00690352610316.91316.9131.691002.335481.627683.00690344210316.91316.9131.691002.335481.627683.00690584710316.83316.8319.801881.851211.560056.18542576310316.83316.8319.801881.851211.560056.18542567910316.83316.8319.801881.851211.560056.18542377410316.35316.3524.334621.989831.345435.28416369010316.35316.3524.334621.989831.345435.28416360610316.35316.3524.334621.989831.345435.28416352210316.35316.3524.334621.989831.345435.28416343810316.35316.3524.334621.989831.345435.28416498610316.28316.287.188181.275660.8037021.21129328110316.13316.1315.053814.242363.5891272.40560660610316.11316.1113.743911.580271.4956710.94069652210316.11316.1113.743911.580271.4956710.94069528510315.18315.1815.008571.591691.0617810.06895520110315.18315.1815.008571.591691.0617810.06895511710315.18315.1815.008571.591691.0617810.06895503310315.18315.1815.008571.591691.0617810.06895251210313.91313.9162.782004.903872.349102.32122328210313.90313.9015.695005.136804.1422563.47951626810313.65313.6518.450001.859601.572108.82089
630310313.11313.116.262201.511092.5289640.89194409410312.62312.6219.538751.847321.653117.40652484110312.52312.5218.383531.870721.8617910.95166656810311.74311.744.870941.228711.2497619.81885598710311.36311.3612.454401.805381.6014812.43315590310311.36311.3612.454401.805381.6014812.43315326810311.18311.1823.936921.896051.209554.99417580110311.11311.116.222201.603061.5778029.04758377510310.91310.9123.916151.918111.252054.28082369110310.91310.9123.916151.918111.252054.28082360710310.91310.9123.916151.918111.252054.28082352310310.91310.9123.916151.918111.252054.28082343910310.91310.9123.916151.918111.252054.28082640010310.15310.155.441231.255141.2576522.81066655910309.94309.946.077261.616872.0156120.34682524310309.91309.9112.912921.685721.0440313.42752515910309.91309.9112.912921.685721.0440313.42752507510309.91309.9112.912921.685721.0440313.42752499110309.91309.9112.912921.685721.0440313.42752664110309.37309.375.156171.482661.6380124.45983619610309.14309.1423.780002.008481.486827.02514495110308.97308.9717.165001.583761.184206.78334559710308.16308.1619.260001.935212.010447.57933630810307.43307.437.319761.863182.2494329.43913620410307.33307.3318.078241.582121.2125915.59913583310307.23307.2313.965001.654221.578868.95298574910307.23307.2313.965001.654221.578868.95298618310307.09307.0923.622312.243081.388868.26375645910306.60306.6011.355561.396740.661207.93980325410306.38306.3823.567691.959511.190895.57853562210305.50305.5019.093751.763981.652516.52917598810305.20305.2012.208001.782991.9786112.20658590410305.20305.2012.208001.782991.9786112.20658501310304.42304.426.477021.194810.5454415.81682639110304.23304.236.613701.669991.9784722.40608553810304.20304.2019.012501.746941.606296.55084549710304.03304.0316.001581.853371.6015911.01549618910303.93303.9316.885001.558411.5787819.01881580510303.70303.708.208111.908492.4665018.56088572110303.70303.708.208111.908492.4665018.56088370010303.52303.5211.673852.672012.8628675.46454361610303.52303.5211.673852.672012.8628675.46454353210303.52303.5211.673852.672012.8628675.46454344810303.52303.5211.673852.672012.8628675.46454336410303.52303.5211.673852.672012.8628675.46454674510303.31303.3111.233701.687702.0743412.55141666110303.31303.3111.233701.687702.0743412.55141527610302.70302.7016.816671.622701.479628.03724519210302.70302.7016.816671.622701.479628.03724510810302.70302.7016.816671.622701.479628.03724502410302.70302.7016.816671.622701.479628.03724556710302.64302.6413.756362.019261.9601013.46899572810302.60302.605.709431.264891.1142622.47248
648810302.44302.448.641141.549761.3217412.81637487110302.07302.0725.172501.979701.943203.93901567110301.99301.995.490731.175710.5092817.46011250910301.88301.8850.313333.243792.124723.67176333910301.64301.6425.136672.171371.548784.41614629510301.58301.5820.105331.764001.588695.22504374910301.49301.4923.191542.079221.403066.44726366510301.49301.4923.191542.079221.403066.44726358110301.49301.4923.191542.079221.403066.44726349710301.49301.4923.191542.079221.403066.44726341310301.49301.4923.191542.079221.403066.44726551610301.19301.197.722821.238610.5991940.07144651110300.83300.834.423971.143070.5672715.11489581910300.43300.4312.017201.777111.5452612.43335573510300.43300.4312.017201.777111.5452612.43335618410299.88299.8823.067692.161161.280127.89629631010299.70299.708.814712.109302.8351219.66832301010299.68299.6829.968001.995021.1145520.74861292610299.68299.6829.968001.995021.1145520.74861284210299.68299.6829.968001.995021.1145520.74861275810299.68299.6829.968001.995021.1145520.74861267410299.68299.6829.968001.995021.1145520.74861645310299.44299.4421.388571.798021.364693.47773373810299.20299.2011.081481.373350.8519664.33083365410299.20299.2011.081481.373350.8519664.33083357010299.20299.2011.081481.373350.8519664.33083348610299.20299.2011.081481.373350.8519664.33083340210299.20299.2011.081481.373350.8519664.33083488810298.41298.416.631331.315871.0655228.15197628210298.27298.2716.570561.678301.495018.73904486910298.25298.2524.854172.011531.400703.12143550810298.07298.0713.548641.574041.3110111.62786625010297.58297.5811.903201.555231.3088512.25721393510296.59296.5929.659002.015622.1180515.00801317510296.44296.4442.348573.014821.205731.81528580310296.41296.416.893261.735761.7591123.18486571910296.41296.416.893261.735761.7591123.18486548110295.98295.9810.962221.664861.7480518.55534554810295.23295.236.560671.581921.6290437.21265628110295.04295.0418.440001.762971.554236.41013656110294.66294.667.186831.740112.5567016.75624647710294.66294.667.186831.740112.5567016.75624576910294.37294.375.451301.163070.5778711.07598628810293.80293.808.394291.239350.5535411.65212326210293.36293.3616.297781.498010.9552344.81406582010293.07293.0711.722801.751871.8999712.18265573610293.07293.0711.722801.751871.8999712.18265370110293.04293.0412.740873.135242.2926055.37825361710293.04293.0412.740873.135242.2926055.37825353310293.04293.0412.740873.135242.2926055.37825344910293.04293.0412.740873.135242.2926055.37825336510293.04293.0412.740873.135242.2926055.37825247910292.83292.8348.805004.004312.4099310.61624
619910292.79292.7926.617272.095571.190882.94791297210292.67292.6732.518893.372102.698667.91963288810292.67292.6732.518893.372102.698667.91963280410292.67292.6732.518893.372102.698667.91963272010292.67292.6732.518893.372102.698667.91963263610292.67292.6732.518893.372102.698667.91963623210291.92291.927.889731.362611.2285233.20659493510291.09291.0916.171671.688531.185277.87193324110290.99290.9924.249172.282691.465215.29554254910289.98289.9832.220003.021751.7315320.08251571710289.75289.755.913271.561651.4694727.34450493610289.65289.6516.091671.628461.081557.62438655710289.42289.424.905421.451531.5323822.99465673610289.18289.184.381521.204660.9735718.12017331910288.92288.9212.038331.418230.6909836.57061299810288.69288.6932.076672.198681.664506.19078291410288.69288.6932.076672.198681.664506.19078283010288.69288.6932.076672.198681.664506.19078274610288.69288.6932.076672.198681.664506.19078266210288.69288.6932.076672.198681.664506.19078335210288.31288.3120.593571.778901.256094.98460622110288.11288.118.003061.710981.8234838.45447647510287.86287.865.757201.572921.8720219.05764445610287.53287.538.215141.892452.7120457.11312437210287.53287.538.215141.892452.7120457.11312428810287.53287.538.215141.892452.7120457.11312420410287.53287.538.215141.892452.7120457.11312412010287.53287.538.215141.892452.7120457.11312370210287.27287.2713.057733.355832.7294148.89339361810287.27287.2713.057733.355832.7294148.89339353410287.27287.2713.057733.355832.7294148.89339345010287.27287.2713.057733.355832.7294148.89339336610287.27287.2713.057733.355832.7294148.89339552210287.10287.1015.110531.559211.262766.88576325510287.07287.0723.922502.055091.445474.70365445710287.03287.038.969692.089132.7310248.35388437310287.03287.038.969692.089132.7310248.35388428910287.03287.038.969692.089132.7310248.35388420510287.03287.038.969692.089132.7310248.35388412110287.03287.038.969692.089132.7310248.35388567210286.56286.566.097021.197640.4832710.32107525110286.48286.485.729601.181670.4605718.66511516710286.48286.485.729601.181670.4605718.66511508310286.48286.485.729601.181670.4605718.66511483010286.33286.335.614311.180970.8011033.41562407410286.26286.267.340001.238840.9677243.50032623910286.17286.1711.923751.785861.7020815.69711559410285.92285.9217.870001.830971.546605.96239560010285.83285.834.763831.140220.6569124.05568663910285.38285.384.323941.340461.8101027.06093498510285.30285.305.822451.209450.6453422.33881250810284.95284.9547.491672.960041.642933.67478558410284.51284.5117.781881.966011.874616.87221
562510284.39284.3925.853642.042941.226402.00201485510284.30284.3020.307141.874741.863164.93405333810283.51283.5120.250711.828541.235185.50156563510283.40283.406.747621.703471.6819022.70622547610283.26283.268.583641.398501.1844934.83393631110282.44282.449.414672.111621.9270017.55817639410282.24282.247.840001.840602.5824915.41525635810282.17282.176.412961.194640.416549.03159543310281.96281.9618.797331.638191.4646513.24328667910281.17281.173.960141.127670.5302013.81130640110280.99280.995.203521.248470.8868518.12046522410280.77280.775.973831.285780.9836125.32096514010280.77280.775.973831.285780.9836125.32096505610280.77280.775.973831.285780.9836125.32096559810280.08280.0817.505001.783901.709067.10613622210280.01280.018.000291.791372.2374036.90472258010280.00280.0035.000002.658471.858005.38013487010279.76279.7623.313331.975621.905594.02457403510278.71278.718.990651.980443.4105580.51383445810278.51278.519.603792.282041.7735035.84569437410278.51278.519.603792.282041.7735035.84569429010278.51278.519.603792.282041.7735035.84569420610278.51278.519.603792.282041.7735035.84569412210278.51278.519.603792.282041.7735035.84569673310278.46278.468.982581.845201.6289912.96480664910278.46278.468.982581.845201.6289912.96480374510278.04278.0421.387692.079731.252604.84861366110278.04278.0421.387692.079731.252604.84861357710278.04278.0421.387692.079731.252604.84861349310278.04278.0421.387692.079731.252604.84861340910278.04278.0421.387692.079731.252604.84861248210277.88277.8846.313334.416702.584934.56014657710277.79277.7910.288521.629841.8998111.82637649310277.79277.7910.288521.629841.8998111.82637617110277.33277.3321.333082.154631.128008.12837395410277.12277.1214.585264.371293.6569050.55148408010276.78276.7816.281181.746561.602399.17365400510276.23276.2312.555911.401600.9502625.94329563310275.33275.335.736041.529321.3667427.32031662210275.07275.073.236121.088800.3737810.89498248410274.65274.6545.775004.619534.258145.54313624210274.37274.3711.929131.816532.2393915.34888673010274.26274.267.032311.713902.2923814.15142664610274.26274.267.032311.713902.2923814.15142324010274.26274.2619.590001.871281.670387.68497641110273.82273.8212.446361.695861.7685210.01266372610273.64273.6411.401671.479080.8402132.64961364210273.64273.6411.401671.479080.8402132.64961355810273.64273.6411.401671.479080.8402132.64961347410273.64273.6411.401671.479080.8402132.64961339010273.64273.6411.401671.479080.8402132.64961620810273.60273.6021.046151.753221.192005.98964555410273.37273.379.112332.189962.6988818.62987
620610273.32273.3219.522861.699741.324747.93027552410272.92272.9216.054121.670141.441127.32510655510272.07272.074.185691.324581.7256825.93003555210271.43271.437.335951.869861.7490229.64691485110271.13271.1316.945631.749141.113756.86265568910270.91270.919.341721.333480.542037.79864476710270.78270.7815.928241.668441.445328.44540564810270.36270.369.012001.543541.4707111.93460563810268.23268.238.382191.947812.0403915.15800662110268.09268.0916.755631.659381.084554.13529653710268.09268.0916.755631.659381.084554.13529639210267.44267.446.367621.674772.8300519.78859648510267.06267.064.526441.217190.9721215.87884565310266.47266.4711.585651.709451.9742911.24232376710266.27266.2710.650801.299110.3603019.86609368310266.27266.2710.650801.299110.3603019.86609359910266.27266.2710.650801.299110.3603019.86609351510266.27266.2710.650801.299110.3603019.86609343110266.27266.2710.650801.299110.3603019.86609246710266.22266.2244.370004.069883.326095.99743558110265.81265.8113.990001.699631.366007.38647491010265.59265.5914.755001.715141.300197.91704328010265.30265.3011.054172.461472.5023669.53031300310265.06265.0633.132502.421391.449763.79036291910265.06265.0633.132502.421391.449763.79036283510265.06265.0633.132502.421391.449763.79036275110265.06265.0633.132502.421391.449763.79036266710265.06265.0633.132502.421391.449763.79036619110264.89264.8916.555631.573911.5238513.14248575610264.68264.685.514171.179830.458629.30121479510264.64264.648.019391.895261.7247138.78256639710264.44264.449.794071.978211.5469812.79405548410263.88263.8811.994551.817242.1455414.82321672510263.67263.674.322461.383981.1240620.44889559510263.06263.0617.537331.812421.351875.22371492510262.35262.3513.807901.578481.283838.86175411310262.17262.1726.217002.029571.231251.86706562410262.10262.1020.161541.771381.084672.89507554710261.67261.675.814891.469602.1134837.26468409910260.91260.9121.742501.916121.530713.27790622310260.56260.567.663531.750572.0018428.68439632710260.43260.4311.837731.698341.7357410.58546404010260.13260.1310.838752.809102.8315041.98922597410260.09260.097.649711.793372.2241314.14888589010260.09260.097.649711.793372.2241314.14888662710260.07260.078.967931.317420.574566.53227654310260.07260.078.967931.317420.574566.53227259410260.04260.0437.148572.579641.725552.55455411510260.01260.0126.001001.994721.449092.33689629110259.66259.6611.289571.356590.480757.57790561310259.66259.6623.605461.921791.058582.38831298610259.27259.2728.807782.535691.720446.04730290210259.27259.2728.807782.535691.720446.04730
281810259.27259.2728.807782.535691.720446.04730273410259.27259.2728.807782.535691.720446.04730265010259.27259.2728.807782.535691.720446.04730560910257.86257.8616.116251.666861.325155.64020296010257.82257.8228.646674.397733.9200210.69298287610257.82257.8228.646674.397733.9200210.69298279210257.82257.8228.646674.397733.9200210.69298270810257.82257.8228.646674.397733.9200210.69298262410257.82257.8228.646674.397733.9200210.69298596810257.58257.584.599641.381101.8800125.68052588410257.58257.584.599641.381101.8800125.68052445910257.40257.409.192862.148442.0842128.32137437510257.40257.409.192862.148442.0842128.32137429110257.40257.409.192862.148442.0842128.32137420710257.40257.409.192862.148442.0842128.32137412310257.40257.409.192862.148442.0842128.32137332010256.59256.5912.829501.440100.5143616.45461546610255.94255.948.256131.823141.7444136.34185629910255.77255.7723.251821.860171.127342.44707598410255.75255.757.992191.457861.1176910.88745590010255.75255.757.992191.457861.1176910.88745551310255.29255.2917.019331.727841.220265.12990249710254.91254.9150.982004.005312.001962.11314526510254.58254.585.303751.157880.4561413.19565518110254.58254.585.303751.157880.4561413.19565509710254.58254.585.303751.157880.4561413.19565450310253.97253.9715.873131.640211.305155.70195441910253.97253.9715.873131.640211.305155.70195433510253.97253.9715.873131.640211.305155.70195425110253.97253.9715.873131.640211.305155.70195416710253.97253.9715.873131.640211.305155.70195631310253.84253.849.065712.016341.5277815.06877476010252.68252.687.656971.235980.6643938.26968527110252.32252.3213.280001.546690.850027.28623518710252.32252.3213.280001.546690.850027.28623510310252.32252.3213.280001.546690.850027.28623501910252.32252.3213.280001.546690.850027.28623563610252.21252.216.637111.727612.1961920.39466327310252.17252.1728.018891.977860.921841.32406546510251.60251.607.862501.696821.4486437.37809332410251.39251.3916.759331.744531.768737.25171641310251.06251.064.049361.144080.5851916.05486255210251.01251.0131.376253.034452.314526.04010325910250.84250.8422.803641.873891.020262.55136333310250.55250.5510.893481.343390.4977921.92053408310250.52250.5216.701331.715981.287435.51981300210250.43250.4331.303752.432831.429643.59035291810250.43250.4331.303752.432831.429643.59035283410250.43250.4331.303752.432831.429643.59035275010250.43250.4331.303752.432831.429643.59035266610250.43250.4331.303752.432831.429643.59035316510249.83249.8327.758892.034791.7841211.73263403410249.68249.687.802501.755442.6847378.56366
257610249.58249.5827.731111.993790.9282213.83586248310249.55249.5541.591673.559492.901744.48897639510249.39249.397.793441.765871.5585913.35843632610249.23249.2311.328641.725711.7627110.63791328310248.62248.6212.431003.168893.0625842.92105298710248.54248.5427.615562.372691.853126.18241290310248.54248.5427.615562.372691.853126.18241281910248.54248.5427.615562.372691.853126.18241273510248.54248.5427.615562.372691.853126.18241265110248.54248.5427.615562.372691.853126.18241249910248.42248.4249.684003.695821.774812.26038561210247.79247.7919.060771.776071.038733.38211249810247.68247.6849.536004.080211.853482.29304638910247.43247.434.758271.418461.3714921.95063563210247.34247.344.756541.391801.5461727.76653556910247.13247.1311.768101.778391.8310011.04957183410247.01247.0182.336675.850941.946191.20102295810246.75246.7524.675004.033943.3385214.97603287410246.75246.7524.675004.033943.3385214.97603279010246.75246.7524.675004.033943.3385214.97603270610246.75246.7524.675004.033943.3385214.97603262210246.75246.7524.675004.033943.3385214.97603300110246.59246.5930.823752.398141.472003.24669291710246.59246.5930.823752.398141.472003.24669283310246.59246.5930.823752.398141.472003.24669274910246.59246.5930.823752.398141.472003.24669266510246.59246.5930.823752.398141.472003.24669546710246.39246.398.213001.863221.5911531.64081450810246.28246.285.597271.163540.6588229.01971442410246.28246.285.597271.163540.6588229.01971434010246.28246.285.597271.163540.6588229.01971425610246.28246.285.597271.163540.6588229.01971417210246.28246.285.597271.163540.6588229.01971492110245.81245.8112.937371.581431.000907.56475296910245.50245.5024.550002.306481.4659320.05263288510245.50245.5024.550002.306481.4659320.05263280110245.50245.5024.550002.306481.4659320.05263271710245.50245.5024.550002.306481.4659320.05263263310245.50245.5024.550002.306481.4659320.05263249510245.40245.4040.900002.823991.727203.17431371110244.97244.979.072961.461661.1973763.23841362710244.97244.979.072961.461661.1973763.23841354310244.97244.979.072961.461661.1973763.23841345910244.97244.979.072961.461661.1973763.23841337510244.97244.979.072961.461661.1973763.23841553210244.64244.647.645001.221280.5260410.44158548710244.56244.5611.645711.728031.6805913.24206585310244.53244.534.446001.131820.480039.19001674710244.41244.4110.183751.539981.567849.08130666310244.41244.4110.183751.539981.567849.08130183510244.22244.2281.406676.062602.478135.91587617310244.20244.2018.784621.988220.920546.99510324510244.07244.0720.339171.850300.972664.31254
395310243.67243.6712.183502.792612.7664652.82446445510243.29243.296.951141.662652.2171757.45665437110243.29243.296.951141.662652.2171757.45665428710243.29243.296.951141.662652.2171757.45665420310243.29243.296.951141.662652.2171757.45665411910243.29243.296.951141.662652.2171757.45665647310243.19243.194.266491.379411.2876119.82802253510243.08243.0827.008893.553632.9269127.59821295910243.04243.0427.004443.492722.5438610.95156287510243.04243.0427.004443.492722.5438610.95156279110243.04243.0427.004443.492722.5438610.95156270710243.04243.0427.004443.492722.5438610.95156262310243.04243.0427.004443.492722.5438610.95156322710242.68242.6818.667692.095472.068007.45448249410242.58242.5840.430002.668591.398643.45784493410242.20242.2011.533331.449280.796167.75920376510241.87241.8724.187001.948291.179912.31472368110241.87241.8724.187001.948291.179912.31472359710241.87241.8724.187001.948291.179912.31472351310241.87241.8724.187001.948291.179912.31472342910241.87241.8724.187001.948291.179912.31472580010240.96240.964.381091.356511.7587024.14764411410240.68240.6824.068001.989681.426682.39223495010240.38240.3812.651581.465230.897586.89354453110240.35240.3516.023331.552691.190973.89329444710240.35240.3516.023331.552691.190973.89329436310240.35240.3516.023331.552691.190973.89329427910240.35240.3516.023331.552691.190973.89329419510240.35240.3516.023331.552691.190973.89329549010240.13240.137.276671.270790.6508118.42406323110240.08240.0820.006672.010650.976495.10288570310239.87239.878.884071.303630.536836.68045479310238.71238.716.820291.656701.5075839.28772475310238.69238.6914.040591.640191.345578.03149376410238.66238.6619.888331.836231.225783.92078368010238.66238.6619.888331.836231.225783.92078359610238.66238.6619.888331.836231.225783.92078351210238.66238.6619.888331.836231.225783.92078342810238.66238.6619.888331.836231.225783.92078558510238.65238.6515.910001.753481.510355.15010497210238.05238.055.175001.242300.8339521.89961602510237.69237.697.923001.275710.479666.59609594110237.69237.697.923001.275710.479666.59609319710237.66237.6613.980003.437542.6982346.84341656210237.57237.576.251841.618402.1737612.34783647810237.57237.576.251841.618402.1737612.34783600710236.27236.274.004581.126730.3671212.99745592310236.27236.274.004581.126730.3671212.99745629610235.98235.9815.732001.571211.182803.78605369910235.83235.839.070392.005032.8858370.41664361510235.83235.839.070392.005032.8858370.41664353110235.83235.839.070392.005032.8858370.41664344710235.83235.839.070392.005032.8858370.41664
336310235.83235.839.070392.005032.8858370.41664543510235.79235.7918.137691.643971.725008.21102472010235.73235.738.418931.384451.2354235.20291523710235.46235.464.709201.166760.5326118.34714515310235.46235.464.709201.166760.5326118.34714506910235.46235.464.709201.166760.5326118.34714450110235.45235.4514.715631.696851.343825.90453441710235.45235.4514.715631.696851.343825.90453433310235.45235.4514.715631.696851.343825.90453424910235.45235.4514.715631.696851.343825.90453416510235.45235.4514.715631.696851.343825.90453550410233.46233.467.295631.235280.4886312.16884406710233.23233.2314.576881.804821.726358.03746448710233.17233.1712.953891.686381.433759.09212440310233.17233.1712.953891.686381.433759.09212431910233.17233.1712.953891.686381.433759.09212423510233.17233.1712.953891.686381.433759.09212415110233.17233.1712.953891.686381.433759.09212626010233.16233.166.661711.213500.4389211.25761527210233.00233.0012.263161.450210.718126.45179518810233.00233.0012.263161.450210.718126.45179510410233.00233.0012.263161.450210.718126.45179502010233.00233.0012.263161.450210.718126.45179544810232.82232.8216.630001.539701.145549.09356553910232.76232.7617.904621.682621.226152.87169664010232.75232.753.580771.285451.7143019.08755453210232.06232.0616.575711.604751.090003.51734444810232.06232.0616.575711.604751.090003.51734436410232.06232.0616.575711.604751.090003.51734428010232.06232.0616.575711.604751.090003.51734419610232.06232.0616.575711.604751.090003.51734259510232.04232.0433.148572.315641.653772.54554296510232.02232.0225.780003.201962.276057.30638288110232.02232.0225.780003.201962.276057.30638279710232.02232.0225.780003.201962.276057.30638271310232.02232.0225.780003.201962.276057.30638262910232.02232.0225.780003.201962.276057.30638656510231.90231.907.730001.703881.3566210.88644648110231.90231.907.730001.703881.3566210.88644483210231.47231.476.807941.226550.4559512.16050319810231.45231.4514.465634.050213.0542436.87465446010231.27231.279.250802.311432.2188427.18134437610231.27231.279.250802.311432.2188427.18134429210231.27231.279.250802.311432.2188427.18134420810231.27231.279.250802.311432.2188427.18134412410231.27231.279.250802.311432.2188427.18134598910231.26231.269.635831.545391.406019.32660590510231.26231.269.635831.545391.406019.32660647110230.40230.403.657141.275451.3807223.50785479110230.19230.196.057631.498511.7119641.51271598110229.53229.534.500591.218610.6407315.11406589710229.53229.534.500591.218610.6407315.11406626710229.42229.4213.495291.593281.208566.22345
327410229.39229.3925.487781.929310.897631.54231326310229.37229.3713.492351.392270.5835516.32443253710229.31229.3125.478893.644262.7886422.53587672310228.63228.633.412391.257871.1769921.33350670610228.38228.382.655581.072630.310339.03676565710227.90227.904.143641.147140.5353915.78705490810227.76227.7610.845711.522510.850458.71839318910227.34227.3437.890002.305650.657190.61985552610226.24226.2414.140001.566221.133985.33425542710225.99225.9918.832501.921731.022075.61839571610225.70225.704.179631.333931.6473324.25445597210225.54225.545.638501.559262.0255116.97998588810225.54225.545.638501.559262.0255116.97998676310225.48225.483.131671.100370.4169211.04369472610225.34225.3411.267001.749161.2097514.65203373110224.85224.8516.060711.891631.783116.12912364710224.85224.8516.060711.891631.783116.12912356310224.85224.8516.060711.891631.783116.12912347910224.85224.8516.060711.891631.783116.12912339510224.85224.8516.060711.891631.783116.12912318110224.41224.4128.051252.033671.712144.43275554310223.90223.9022.390001.775090.912801.59226597010223.45223.454.754261.426830.8516317.60997588610223.45223.454.754261.426830.8516317.60997580610223.40223.406.769701.681451.6993812.22938572210223.40223.406.769701.681451.6993812.22938562010223.30223.3013.135291.483680.946194.52401393710223.07223.0727.883752.027501.701924.37300253610223.01223.0124.778893.284471.9281520.16721249310222.91222.9137.151672.534881.118354.61254259710222.76222.7631.822862.194551.431442.41087403310221.36221.366.148891.512741.3626473.16839585710221.17221.177.372331.256550.446326.26387577310221.17221.177.372331.256550.446326.26387324210220.94220.9418.411671.865961.017274.23161673110220.79220.796.308291.584661.3798511.24099664710220.79220.796.308291.584661.3798511.24099524610220.76220.7611.618951.530411.080736.96559516210220.76220.7611.618951.530411.080736.96559507810220.76220.7611.618951.530411.080736.96559499410220.76220.7611.618951.530411.080736.96559402510219.79219.7916.906921.673071.106703.89525396410219.63219.6310.458571.572182.0246143.60536259610219.54219.5431.362862.256091.483782.29282672810219.49219.494.670001.432961.7337313.54911664410219.49219.494.670001.432961.7337313.54911528710219.13219.1311.533161.384070.725165.36969520310219.13219.1311.533161.384070.725165.36969511910219.13219.1311.533161.384070.725165.36969503510219.13219.1311.533161.384070.725165.36969319010219.02219.0236.503332.402360.835440.82153253810218.99218.9924.332223.692612.9629313.05390254010218.97218.9727.371253.885743.335428.62008
408110218.80218.8015.628571.759831.248794.36002408510218.50218.5015.607141.685581.072665.50603582110218.04218.049.085001.514211.325639.17506573710218.04218.049.085001.514211.325639.17506543910217.60217.6018.133331.767011.117275.23325449610217.49217.497.249671.241610.5424412.31716441210217.49217.497.249671.241610.5424412.31716432810217.49217.497.249671.241610.5424412.31716424410217.49217.497.249671.241610.5424412.31716416010217.49217.497.249671.241610.5424412.31716544010217.32217.3218.110001.712481.045214.49445479210216.63216.635.700791.484251.2117833.36877301910216.40216.4030.914292.260931.092212.19906293510216.40216.4030.914292.260931.092212.19906285110216.40216.4030.914292.260931.092212.19906276710216.40216.4030.914292.260931.092212.19906268310216.40216.4030.914292.260931.092212.19906625610216.18216.1812.716471.637080.994945.71742655610216.13216.133.377031.265071.5918817.80312552110215.71215.719.378701.315300.420187.65860317610215.57215.5730.795712.328060.843551.35722246810215.52215.5235.920003.649952.004844.09043259210214.77214.7726.846251.896671.033053.26763657910214.69214.698.945421.474321.377198.12614649510214.69214.698.945421.474321.377198.12614376110214.57214.5716.505391.633620.864093.79893367710214.57214.5716.505391.633620.864093.79893359310214.57214.5716.505391.633620.864093.79893350910214.57214.5716.505391.633620.864093.79893342510214.57214.5716.505391.633620.864093.79893542810214.34214.3417.861671.848870.914975.25103296410214.05214.0523.783333.216072.171777.06819288010214.05214.0523.783333.216072.171777.06819279610214.05214.0523.783333.216072.171777.06819271210214.05214.0523.783333.216072.171777.06819262810214.05214.0523.783333.216072.171777.06819526110213.92213.9210.696001.426181.021247.51731517710213.92213.9210.696001.426181.021247.51731509310213.92213.9210.696001.426181.021247.51731500910213.92213.9210.696001.426181.021247.51731491110213.36213.3611.853331.538391.347916.78367634210213.26213.263.182991.101610.4294119.98446629810213.12213.1219.374551.709310.981441.99501374710212.77212.7716.366921.700020.856843.88388366310212.77212.7716.366921.700020.856843.88388357910212.77212.7716.366921.700020.856843.88388349510212.77212.7716.366921.700020.856843.88388341110212.77212.7716.366921.700020.856843.88388668310212.62212.625.746491.225530.394696.70779492210212.40212.4011.178951.460850.793106.35945556410212.36212.367.322761.414641.1552010.21702645510211.66211.663.649311.100960.255126.20779316110211.49211.4930.212862.437440.860212.12834
615710211.35211.3513.209381.894232.1813414.39365596710211.14211.143.770361.284051.0852722.68600588310211.14211.143.770361.284051.0852722.68600555510210.74210.747.805191.829421.4269113.22637564510210.50210.504.385421.210590.5884214.76094300410210.29210.2926.286252.002101.104062.82844292010210.29210.2926.286252.002101.104062.82844283610210.29210.2926.286252.002101.104062.82844275210210.29210.2926.286252.002101.104062.82844266810210.29210.2926.286252.002101.104062.82844617210210.10210.1016.161541.855770.822156.14429603910209.94209.947.497861.250000.474385.64805595510209.94209.947.497861.250000.474385.64805253910209.73209.7326.216253.151082.559249.06197641010209.34209.349.101741.497291.342188.41868581610209.19209.196.748071.374500.914218.96171573210209.19209.196.748071.374500.914218.96171541510208.96208.9617.413331.893530.849925.80696554110208.30208.3020.830001.692300.898271.11396561510208.30208.304.431921.122090.351027.32461477510207.50207.507.155171.194180.3393013.01060374610207.17207.1715.936151.716580.881093.78458366210207.17207.1715.936151.716580.881093.78458357810207.17207.1715.936151.716580.881093.78458349410207.17207.1715.936151.716580.881093.78458341010207.17207.1715.936151.716580.881093.78458334010207.13207.1317.260831.716440.996203.05156664210206.44206.443.686431.322270.7895414.67961575510206.25206.253.618421.113670.3204811.53399449010206.08206.0813.738671.640640.880684.83102440610206.08206.0813.738671.640640.880684.83102432210206.08206.0813.738671.640640.880684.83102423810206.08206.0813.738671.640640.880684.83102415410206.08206.0813.738671.640640.880684.83102489610205.81205.819.355001.538631.361819.02945563110205.20205.203.946151.296691.2069924.95597297910205.15205.1525.643752.252750.957753.01156289510205.15205.1525.643752.252750.957753.01156281110205.15205.1525.643752.252750.957753.01156272710205.15205.1525.643752.252750.957753.01156264310205.15205.1525.643752.252750.957753.01156548610204.82204.829.753331.609551.4707710.85343615910204.75204.7512.796881.844751.9755912.92693325610204.56204.5617.046671.701320.941853.38881637510204.39204.398.175601.263190.406215.25428318810204.38204.3829.197142.181390.872451.15015256610203.70203.7025.462502.206541.351694.19455553610203.34203.3411.296671.384820.608784.81068581310202.91202.914.058201.193260.5664213.43490482710202.59202.5913.506001.671521.372105.51787485610202.59202.5914.470711.610981.379954.22518404110202.14202.148.788702.044922.0877924.68308659510201.31201.312.875861.091410.3796110.01312
631210201.04201.046.932411.745481.2858312.50397547010201.00201.007.178571.764751.8971220.51549450210200.42200.4212.526251.548541.084115.08027441810200.42200.4212.526251.548541.084115.08027433410200.42200.4212.526251.548541.084115.08027425010200.42200.4212.526251.548541.084115.08027416610200.42200.4212.526251.548541.084115.08027638810200.26200.263.576071.276131.4369019.28928580210200.18200.184.351741.382380.7629415.85895225510199.74199.7449.935003.154231.396496.20379217110199.74199.7449.935003.154231.396496.20379208710199.74199.7449.935003.154231.396496.20379200310199.74199.7449.935003.154231.396496.20379191910199.74199.7449.935003.154231.396496.20379485710199.65199.6516.637501.647521.284342.85880299610199.54199.5419.954001.662530.7421215.41592291210199.54199.5419.954001.662530.7421215.41592282810199.54199.5419.954001.662530.7421215.41592274410199.54199.5419.954001.662530.7421215.41592266010199.54199.5419.954001.662530.7421215.41592648410199.50199.503.217741.146360.7615713.28874559910199.44199.4413.296001.513331.077654.04749445410198.92198.925.525561.464261.9439154.19699437010198.92198.925.525561.464261.9439154.19699428610198.92198.925.525561.464261.9439154.19699420210198.92198.925.525561.464261.9439154.19699411810198.92198.925.525561.464261.9439154.19699295510198.60198.6019.860002.421921.9259125.98709287110198.60198.6019.860002.421921.9259125.98709278710198.60198.6019.860002.421921.9259125.98709270310198.60198.6019.860002.421921.9259125.98709261910198.60198.6019.860002.421921.9259125.98709321710198.52198.5215.270772.013321.721177.09201670910198.17198.174.216381.132430.270474.83153485910197.87197.875.073591.139770.293399.67262579910197.83197.833.596911.266151.0168621.37534545010197.80197.8016.483331.579110.958714.32844377610197.65197.6516.470831.565670.755922.22429369210197.65197.6516.470831.565670.755922.22429360810197.65197.6516.470831.565670.755922.22429352410197.65197.6516.470831.565670.755922.22429344010197.65197.6516.470831.565670.755922.22429395510197.48197.4810.971112.677262.3381527.59732320710197.19197.1910.955001.584721.7117251.06428448610197.06197.069.853001.475511.140868.28474440210197.06197.069.853001.475511.140868.28474431810197.06197.069.853001.475511.140868.28474423410197.06197.069.853001.475511.140868.28474415010197.06197.069.853001.475511.140868.28474225410196.97196.9749.242502.950971.113081.92113217010196.97196.9749.242502.950971.113081.92113208610196.97196.9749.242502.950971.113081.92113200210196.97196.9749.242502.950971.113081.92113
191810196.97196.9749.242502.950971.113081.92113182010196.88196.8865.626674.866461.551210.67483446110196.82196.827.872801.857571.7365518.59988437710196.82196.827.872801.857571.7365518.59988429310196.82196.827.872801.857571.7365518.59988420910196.82196.827.872801.857571.7365518.59988412510196.82196.827.872801.857571.7365518.59988488710196.51196.514.010411.169280.7172423.96393527010196.32196.328.923641.335610.560776.43356518610196.32196.328.923641.335610.560776.43356510210196.32196.328.923641.335610.560776.43356501810196.32196.328.923641.335610.560776.43356182110196.06196.0665.353335.064261.989454.98529405010195.89195.897.835601.428000.7630517.97838248110195.86195.8632.643332.455781.378522.75018580410195.56195.565.014361.484921.7028914.81988572010195.56195.565.014361.484921.7028914.81988256510195.32195.3224.415002.075261.374723.85009245110195.07195.0732.511674.962422.7646011.41278246510194.91194.9132.485002.999691.604077.93246548310194.61194.618.845911.534421.1575010.32625525710194.56194.569.728001.410450.655446.25574517310194.56194.569.728001.410450.655446.25574508910194.56194.569.728001.410450.655446.25574500510194.56194.569.728001.410450.655446.25574327010194.44194.4417.676361.666620.895252.35052373910193.96193.967.460001.246840.4139124.61352365510193.96193.967.460001.246840.4139124.61352357110193.96193.967.460001.246840.4139124.61352348710193.96193.967.460001.246840.4139124.61352340310193.96193.967.460001.246840.4139124.61352322810193.65193.6514.896151.778091.542785.91205493810193.64193.6411.390591.410670.806404.86344370310193.25193.259.202382.156842.1386723.75071361910193.25193.259.202382.156842.1386723.75071353510193.25193.259.202382.156842.1386723.75071345110193.25193.259.202382.156842.1386723.75071336710193.25193.259.202382.156842.1386723.75071247110192.45192.4532.075003.216662.983724.33351644010192.39192.392.531451.073810.3661513.47611247010191.96191.9631.993333.529782.976124.49118634710191.73191.735.991561.224290.370936.98032250010191.43191.4338.286002.844581.308661.65353297510191.33191.3321.258892.122241.573575.71586289110191.33191.3321.258892.122241.573575.71586280710191.33191.3321.258892.122241.573575.71586272310191.33191.3321.258892.122241.573575.71586263910191.33191.3321.258892.122241.573575.71586563910191.13191.136.590691.612221.2941310.39904541710190.90190.9015.908331.743240.719624.77069625710190.72190.7211.920001.561140.840624.88214492410190.30190.3011.893751.453350.931614.29904587110190.13190.136.790361.226410.429615.23026
578710190.13190.136.790361.226410.429615.23026656010189.51189.514.119781.373821.4969211.76752332510189.29189.2915.774171.735080.971912.87884643110188.82188.825.394861.204490.343466.66156297810188.69188.6923.586252.263830.916862.83642289410188.69188.6923.586252.263830.916862.83642281010188.69188.6923.586252.263830.916862.83642272610188.69188.6923.586252.263830.916862.83642264210188.69188.6923.586252.263830.916862.83642327910188.37188.377.848751.802772.3050764.48322448810188.00188.0011.058821.555281.176036.48370440410188.00188.0011.058821.555281.176036.48370432010188.00188.0011.058821.555281.176036.48370423610188.00188.0011.058821.555281.176036.48370415210188.00188.0011.058821.555281.176036.48370326110187.96187.9620.884441.784380.708531.36685638710187.83187.833.295261.239901.1946220.86197301810187.71187.7126.815711.894500.985511.81339293410187.71187.7126.815711.894500.985511.81339285010187.71187.7126.815711.894500.985511.81339276610187.71187.7126.815711.894500.985511.81339268210187.71187.7126.815711.894500.985511.81339479410187.70187.705.687881.522741.0498927.38728551210187.67187.6711.039411.469690.940665.59170446710187.43187.434.932371.226900.9233533.89118438310187.43187.434.932371.226900.9233533.89118429910187.43187.434.932371.226900.9233533.89118421510187.43187.434.932371.226900.9233533.89118413110187.43187.434.932371.226900.9233533.89118672410187.39187.392.839241.217711.0345615.06236391710187.35187.3526.764292.273360.762021.72342475710186.57186.5710.974711.425340.891786.17119327210186.43186.4316.948181.631950.795831.82209472510185.97185.978.085651.476521.0483715.06662679010185.46185.462.131721.058320.248247.29953295710184.89184.8918.489002.409872.0853814.39918287310184.89184.8918.489002.409872.0853814.39918278910184.89184.8918.489002.409872.0853814.39918270510184.89184.8918.489002.409872.0853814.39918262110184.89184.8918.489002.409872.0853814.39918555710184.71184.717.388401.739551.1031410.83073549410184.00184.008.000001.354360.809297.74073619210183.98183.9811.498751.410841.062739.57945467310183.92183.9218.392001.786450.748073.18063528610183.73183.739.186501.320460.566265.46323520210183.73183.739.186501.320460.566265.46323511810183.73183.739.186501.320460.566265.46323503410183.73183.739.186501.320460.566265.46323554210183.27183.2718.327001.626590.768271.26959655810183.17183.173.330361.285940.7005413.08885318710183.03183.0326.147142.164610.827781.23197618210182.95182.9514.073081.596820.879915.18140622410182.81182.815.376771.511741.2077018.85403
597510182.61182.615.890651.506381.236449.59530589110182.61182.615.890651.506381.236449.59530545110182.13182.1315.177501.514670.869074.25278487510182.07182.074.046001.305401.0999226.91101256710181.97181.9722.746252.005031.356774.06315674610181.45181.457.258001.380791.163377.21097666210181.45181.457.258001.380791.163377.21097246910181.40181.4030.233332.860512.109303.62845242210181.00181.0045.250002.851851.128293.14382656310180.88180.885.320001.478981.130439.28479647910180.88180.885.320001.478981.130439.28479625810180.26180.264.096821.132840.3687726.06332647210180.17180.172.905971.220961.3270215.93663547110179.87179.876.918081.619881.6195815.58706248510179.81179.8135.962002.951281.284631.75183450510179.65179.6511.976671.505770.747954.65597442110179.65179.6511.976671.505770.747954.65597433710179.65179.6511.976671.505770.747954.65597425310179.65179.6511.976671.505770.747954.65597416910179.65179.6511.976671.505770.747954.65597398310179.51179.5111.967331.606191.204606.66514326010179.37179.3716.306361.640080.701902.22465373410179.29179.2913.791541.623920.685703.35548365010179.29179.2913.791541.623920.685703.35548356610179.29179.2913.791541.623920.685703.35548348210179.29179.2913.791541.623920.685703.35548339810179.29179.2913.791541.623920.685703.35548297410179.21179.2119.912222.113731.321715.35647289010179.21179.2119.912222.113731.321715.35647280610179.21179.2119.912222.113731.321715.35647272210179.21179.2119.912222.113731.321715.35647263810179.21179.2119.912222.113731.321715.35647373510179.19179.1914.932501.699850.879203.02800365110179.19179.1914.932501.699850.879203.02800356710179.19179.1914.932501.699850.879203.02800348310179.19179.1914.932501.699850.879203.02800339910179.19179.1914.932501.699850.879203.02800624610179.18179.184.842701.174000.5778012.87343521510179.13179.134.841351.444651.0203915.59342513110179.13179.134.841351.444651.0203915.59342504710179.13179.134.841351.444651.0203915.59342496310179.13179.134.841351.444651.0203915.59342399110179.07179.077.785651.260440.6160223.76003446910178.65178.655.582811.278820.6072220.86135438510178.65178.655.582811.278820.6072220.86135430110178.65178.655.582811.278820.6072220.86135421710178.65178.655.582811.278820.6072220.86135413310178.65178.655.582811.278820.6072220.86135453010178.60178.6011.162501.413580.873393.97039444610178.60178.6011.162501.413580.873393.97039436210178.60178.6011.162501.413580.873393.97039427810178.60178.6011.162501.413580.873393.97039419410178.60178.6011.162501.413580.873393.97039
571510178.24178.243.300741.240370.9245820.37379540110178.08178.0813.698461.926441.568169.09974481610177.93177.933.488821.124460.4658526.97816540310177.84177.8413.680001.854921.413797.94858616710177.63177.6311.101881.542431.5857011.43075578210177.60177.602.537141.068170.294338.25041410010177.30177.3014.775001.615581.050982.70589296110177.15177.1519.683332.392362.207486.44714287710177.15177.1519.683332.392362.207486.44714279310177.15177.1519.683332.392362.207486.44714270910177.15177.1519.683332.392362.207486.44714262510177.15177.1519.683332.392362.207486.44714317710177.09177.0929.515002.054740.646600.69383327110176.95176.9516.086361.578040.800281.77991320810176.81176.819.822781.526411.6298934.98735541610176.56176.5614.713331.739980.690904.59995544310176.54176.5417.654001.676610.718051.65206370410176.27176.279.277372.138921.8990520.22917362010176.27176.279.277372.138921.8990520.22917353610176.27176.279.277372.138921.8990520.22917345210176.27176.279.277372.138921.8990520.22917336810176.27176.279.277372.138921.8990520.22917565510176.18176.188.389521.403081.154526.44512637310175.98175.984.399501.131860.300515.39126449110175.74175.7412.552861.589790.821793.92660440710175.74175.7412.552861.589790.821793.92660432310175.74175.7412.552861.589790.821793.92660423910175.74175.7412.552861.589790.821793.92660415510175.74175.7412.552861.589790.821793.92660543610175.66175.6613.512311.498381.309146.55477571810175.26175.263.894671.334780.6679614.03695622710175.13175.136.038971.515861.0919714.41677397010175.02175.0211.668001.823861.370458.33661452310174.97174.974.999141.136430.334809.56264443910174.97174.974.999141.136430.334809.56264435510174.97174.974.999141.136430.334809.56264427110174.97174.974.999141.136430.334809.56264418710174.97174.974.999141.136430.334809.56264324910174.83174.8310.284121.330860.6208216.06955321910174.68174.6813.436921.862231.388666.47613373210174.32174.3212.451431.616301.260184.72814364810174.32174.3212.451431.616301.260184.72814356410174.32174.3212.451431.616301.260184.72814348010174.32174.3212.451431.616301.260184.72814339610174.32174.3212.451431.616301.260184.72814298910174.23174.2321.778751.934310.952962.67400290510174.23174.2321.778751.934310.952962.67400282110174.23174.2321.778751.934310.952962.67400273710174.23174.2321.778751.934310.952962.67400265310174.23174.2321.778751.934310.952962.67400327710174.21174.216.968401.612981.5122483.44866615810173.80173.8010.862501.720531.7338411.48762320310173.59173.5912.399292.547841.5286212.78677
246610173.23173.2328.871672.774531.856308.80380485210173.15173.1510.821881.425960.675814.58872406610173.09173.099.616111.466881.002086.87343295610173.00173.0017.300002.171851.4957617.83340287210173.00173.0017.300002.171851.4957617.83340278810173.00173.0017.300002.171851.4957617.83340270410173.00173.0017.300002.171851.4957617.83340262010173.00173.0017.300002.171851.4957617.83340619310173.00173.0012.357141.434630.825505.53075410110172.44172.4417.244001.659700.961041.70381551410172.01172.0111.467331.452340.792133.53283524410171.11171.117.777731.347400.527376.58349516010171.11171.117.777731.347400.527376.58349507610171.11171.117.777731.347400.527376.58349499210171.11171.117.777731.347400.527376.58349616810170.99170.9910.686881.498691.293229.82437472910170.57170.578.528501.483270.9357110.23121492810168.83168.832.861531.083380.3625514.56485401910168.74168.747.670001.214290.3987611.98193332910168.31168.3114.025831.602480.783273.26499373010167.86167.8610.491251.497141.038295.80432364610167.86167.8610.491251.497141.038295.80432356210167.86167.8610.491251.497141.038295.80432347810167.86167.8610.491251.497141.038295.80432339410167.86167.8610.491251.497141.038295.80432565410167.73167.737.987141.412741.166576.43608619010167.69167.699.864121.317630.661638.90406392110167.61167.6116.761001.573951.196969.73386624910167.35167.355.578331.218840.408108.60261546810167.15167.155.571671.533840.9838719.42441618110167.02167.0211.930001.501860.857576.10147676710166.92166.924.392631.168870.285635.22869521110166.87166.873.550431.263730.8383323.13614512710166.87166.873.550431.263730.8383323.13614504310166.87166.873.550431.263730.8383323.13614335410166.52166.5213.876671.521030.800892.46976299110166.39166.3920.798751.969530.839802.74907290710166.39166.3920.798751.969530.839802.74907282310166.39166.3920.798751.969530.839802.74907273910166.39166.3920.798751.969530.839802.74907265510166.39166.3920.798751.969530.839802.74907248910166.15166.1533.230002.557611.005451.56438487910166.12166.124.614441.412350.9462814.84532392910165.99165.9923.712862.056190.750711.36872471110165.46165.466.618401.636581.1344524.69316254510165.45165.4520.681252.570181.623014.95568621110165.15165.1515.013641.566530.746911.56818524710164.93164.938.680531.370860.857095.53466516310164.93164.938.680531.370860.857095.53466507910164.93164.938.680531.370860.857095.53466499510164.93164.938.680531.370860.857095.53466298810164.88164.8820.610001.943360.941262.49241290410164.88164.8820.610001.943360.941262.49241
282010164.88164.8820.610001.943360.941262.49241273610164.88164.8820.610001.943360.941262.49241265210164.88164.8820.610001.943360.941262.49241468510164.79164.7916.479001.672120.745292.56812540210164.76164.7612.673851.852091.377027.92321301210164.76164.7618.306671.569060.792503.12697292810164.76164.7618.306671.569060.792503.12697284410164.76164.7618.306671.569060.792503.12697276010164.76164.7618.306671.569060.792503.12697267610164.76164.7618.306671.569060.792503.12697647610164.63164.633.658441.324751.3004010.31597672610164.12164.122.879301.240320.5636011.34807247210164.09164.0927.348332.682632.463444.05461599110163.81163.817.445911.352391.041595.98434590710163.81163.817.445911.352391.041595.98434258110163.36163.3623.337141.926241.164281.84549406010163.03163.034.180261.149120.4237432.64906242310162.43162.4340.607502.666461.403044.75316251710162.33162.3340.582502.521800.982330.75755563410161.55161.553.671591.308590.6157113.36919474010161.17161.178.482631.410600.865258.11862300510161.02161.0223.002861.938240.812701.75177292110161.02161.0223.002861.938240.812701.75177283710161.02161.0223.002861.938240.812701.75177275310161.02161.0223.002861.938240.812701.75177266910161.02161.0223.002861.938240.812701.75177482610160.99160.9910.732671.499910.788124.06134523210160.98160.986.999131.377061.065187.09101514810160.98160.986.999131.377061.065187.09101506410160.98160.986.999131.377061.065187.09101498010160.98160.986.999131.377061.065187.09101617610160.29160.299.428821.334700.9212110.50525572910160.10160.103.267351.152480.4469210.74684474310160.10160.109.417651.411410.765266.08212297310159.85159.8517.761111.882861.191844.34099288910159.85159.8517.761111.882861.191844.34099280510159.85159.8517.761111.882861.191844.34099272110159.85159.8517.761111.882861.191844.34099263710159.85159.8517.761111.882861.191844.34099670710159.66159.662.382991.066750.195644.42188374010158.88158.887.221821.233390.2907010.83239365610158.88158.887.221821.233390.2907010.83239357210158.88158.887.221821.233390.2907010.83239348810158.88158.887.221821.233390.2907010.83239340410158.88158.887.221821.233390.2907010.83239294310158.44158.4415.844004.620661.8552724.12486285910158.44158.4415.844004.620661.8552724.12486277510158.44158.4415.844004.620661.8552724.12486269110158.44158.4415.844004.620661.8552724.12486260710158.44158.4415.844004.620661.8552724.12486331110158.28158.2812.175391.627651.404313.88401327810158.19158.196.327601.550071.7009760.54523521310157.46157.463.578641.302720.7044218.13832
512910157.46157.463.578641.302720.7044218.13832504510157.46157.463.578641.302720.7044218.13832542010157.33157.3311.237861.411480.978428.10804622610157.22157.224.913131.451121.0398814.64292242410157.09157.0939.272502.609201.527822.75593679310156.87156.873.268131.102020.202673.81199583910156.41156.412.696721.083900.243048.72297321410155.89155.8911.991541.784001.402905.93208525810155.75155.757.787501.300940.480034.82542517410155.75155.757.787501.300940.480034.82542509010155.75155.757.787501.300940.480034.82542500610155.75155.757.787501.300940.480034.82542639610155.74155.745.191331.448550.911138.35988551510155.71155.7111.977691.457240.686312.31093396910154.56154.569.660001.583531.201499.51211334310154.20154.2014.018181.551980.783141.70253258310154.09154.0922.012861.826310.990171.96732657810153.79153.796.151601.322740.986026.30572649410153.79153.796.151601.322740.986026.30572471010153.70153.705.911541.494321.0475726.63976258210153.31153.3121.901431.877161.036161.92728599310153.22153.222.596951.091020.3307910.06994590910153.22153.222.596951.091020.3307910.06994254410153.04153.0419.130002.584431.552764.79515483710152.62152.629.538751.421700.626933.97550481210152.56152.568.029471.458471.086767.01494248810152.42152.4230.484002.560400.958981.46668313710151.86151.8616.873331.782061.2846610.64841494810151.80151.807.590001.267700.499004.25418564110151.71151.715.835001.477770.906067.71828224110151.58151.5837.895002.634811.059784.94470215710151.58151.5837.895002.634811.059784.94470207310151.58151.5837.895002.634811.059784.94470198910151.58151.5837.895002.634811.059784.94470190510151.58151.5837.895002.634811.059784.94470259310151.57151.5718.946251.673910.847472.57749639010151.43151.433.090411.253290.5791511.79648673210151.24151.244.583031.375510.884817.67311664810151.24151.244.583031.375510.884817.67311298510150.90150.9016.766671.667491.062083.30504290110150.90150.9016.766671.667491.062083.30504281710150.90150.9016.766671.667491.062083.30504273310150.90150.9016.766671.667491.062083.30504264910150.90150.9016.766671.667491.062083.30504450710150.78150.7810.052001.363440.543213.43782442310150.78150.7810.052001.363440.543213.43782433910150.78150.7810.052001.363440.543213.43782425510150.78150.7810.052001.363440.543213.43782417110150.78150.7810.052001.363440.543213.43782316710150.71150.7118.838751.694201.149843.24405497110150.54150.543.010801.124740.5573317.35494492710150.13150.138.340561.283480.608874.22453313310149.80149.8018.725002.420041.319133.94337
392310149.63149.6318.703751.689221.141603.10473316310149.55149.5521.364291.855990.563741.30258251610148.96148.9637.240002.524980.937210.76544527410148.81148.818.267221.288200.619714.02942519010148.81148.818.267221.288200.619714.02942510610148.81148.818.267221.288200.619714.02942502210148.81148.818.267221.288200.619714.02942395610148.64148.648.257782.050011.6641319.09606582310148.41148.416.745911.319260.943665.58791573910148.41148.416.745911.319260.943665.58791489310147.98147.986.433911.381180.602557.01525319910147.82147.829.854672.336771.7501816.64333180610147.60147.6049.200003.898671.162940.57144556210147.33147.333.777691.179970.323558.36148406810147.18147.189.812001.496481.019614.50711177810146.90146.9048.9666702.7758935.78112224010146.84146.8436.710002.454440.829791.03563215610146.84146.8436.710002.454440.829791.03563207210146.84146.8436.710002.454440.829791.03563198810146.84146.8436.710002.454440.829791.03563190410146.84146.8436.710002.454440.829791.03563321310146.67146.6710.476431.645381.350558.01433180710146.64146.6448.880004.039801.487983.27465246110146.45146.4524.408333.252042.848674.23248495910145.51145.513.163261.229970.7310220.57632526010145.47145.478.557061.313120.711693.60694517610145.47145.478.557061.313120.711693.60694509210145.47145.478.557061.313120.711693.60694500810145.47145.478.557061.313120.711693.60694322610145.40145.4010.385711.481740.927954.82806295110144.86144.8616.095563.227592.407918.99590286710144.86144.8616.095563.227592.407918.99590278310144.86144.8616.095563.227592.407918.99590269910144.86144.8616.095563.227592.407918.99590261510144.86144.8616.095563.227592.407918.99590645810144.71144.714.019721.122910.215723.79171335510144.43144.4312.035831.426500.653201.74835552510144.12144.129.007501.332140.752623.27898298010143.96143.9617.995001.803980.652471.92358289610143.96143.9617.995001.803980.652471.92358281210143.96143.9617.995001.803980.652471.92358272810143.96143.9617.995001.803980.652471.92358264410143.96143.9617.995001.803980.652471.92358251410143.95143.9535.987502.387070.984070.87797574110143.21143.212.512461.087670.309189.57286328410142.83142.837.935001.875131.5547019.71810478510142.78142.7811.898331.374230.602701.43373597710142.72142.725.097141.382540.852377.07659589310142.72142.725.097141.382540.852377.07659407110142.70142.7011.891671.545740.804582.49132580710142.70142.704.756671.395710.966217.54098572310142.70142.704.756671.395710.966217.54098396310142.69142.696.203911.295051.1291537.97360
631810142.50142.503.313951.155890.312947.74824615610142.47142.478.904381.558951.5553510.69715177910142.39142.3947.4633302.018001.93840317410142.24142.2420.320001.822200.607191.53643470910142.08142.085.262221.393500.8180627.04603633310141.70141.704.048571.165520.253725.79017560510141.34141.345.436151.181970.282794.18198477110141.19141.1910.085001.343790.674872.36239554010141.15141.1510.857691.378470.584131.63623395910140.97140.978.810631.865911.1785810.90770450610140.63140.639.375331.365180.541183.61971442210140.63140.639.375331.365180.541183.61971433810140.63140.639.375331.365180.541183.61971425410140.63140.639.375331.365180.541183.61971417010140.63140.639.375331.365180.541183.61971399710140.06140.0610.773851.475910.705242.87567492610140.01140.017.778331.284800.606054.39604180810139.71139.7146.570003.892551.707115.28567316210139.56139.5619.937141.859780.546121.44543329310139.50139.506.642861.348250.5589220.16041487610139.19139.193.093111.236610.7876818.55336407010139.01139.0110.693081.483750.680522.60609617510138.96138.967.720001.255310.7218316.10338492010138.95138.956.041301.236190.456765.56274647410138.93138.932.621321.216880.5313410.11403248710138.37138.3727.674002.560510.906631.54755321810138.30138.3010.638461.651871.155874.80645479610138.23138.234.607671.442990.8205518.95136553510137.97137.976.271361.196970.296814.43392411210137.86137.8611.488331.394550.674891.55395388910137.01137.0117.126252.298801.206503.61269256210136.99136.9915.221111.545470.520606.36274555610136.82136.825.262311.507340.868428.48788552910136.77136.7713.677001.473470.557590.98750252310136.22136.2215.135564.112893.0791123.59358550210136.22136.223.492821.112480.2799321.86519496110136.10136.103.165121.261650.6088715.88372653910136.03136.032.125471.059250.166693.83731246010135.74135.7422.623333.276372.640344.14719294910135.65135.6513.565003.503232.4803412.17426286510135.65135.6513.565003.503232.4803412.17426278110135.65135.6513.565003.503232.4803412.17426269710135.65135.6513.565003.503232.4803412.17426261310135.65135.6513.565003.503232.4803412.17426404610135.43135.433.472561.150900.4745337.67630242510135.29135.2933.822502.560081.866842.66270252210135.28135.2815.031113.742902.7034422.75956474610135.05135.054.092421.132420.3619624.97308240810135.01135.0133.752502.381320.841601.53283550010134.79134.797.928821.354460.620353.62762618710134.00134.0012.181821.480300.505131.84286372010133.79133.799.556431.536640.799413.98107363610133.79133.799.556431.536640.799413.98107
355210133.79133.799.556431.536640.799413.98107346810133.79133.799.556431.536640.799413.98107338410133.79133.799.556431.536640.799413.98107312310133.59133.5914.843331.915381.2140117.16089665410133.03133.032.418731.116880.259535.70447251510132.87132.8733.217502.498480.870590.85212335710132.81132.8114.756671.532950.559200.81112254110132.67132.6716.583752.042761.653214.48927408210131.93131.939.423571.408140.713642.77681369810131.88131.884.884441.390651.3863145.91760361410131.88131.884.884441.390651.3863145.91760353010131.88131.884.884441.390651.3863145.91760344610131.88131.884.884441.390651.3863145.91760336210131.88131.884.884441.390651.3863145.91760302110131.86131.8621.976671.631210.615590.85084293710131.86131.8621.976671.631210.615590.85084285310131.86131.8621.976671.631210.615590.85084276910131.86131.8621.976671.631210.615590.85084268510131.86131.8621.976671.631210.615590.85084248610131.72131.7226.344002.269220.900471.44166317810131.26131.2614.584441.445550.600468.35244569910131.15131.152.522121.069130.190734.26716468610130.54130.5413.054001.516990.557242.29635599010130.06130.065.911821.283760.744264.84311590610130.06130.065.911821.283760.744264.84311324810129.94129.947.218891.221870.4123927.34313317310129.47129.4718.495711.823810.585551.44267323510129.33129.337.185001.244610.4592516.68622480610129.13129.134.035311.199210.3754211.28620666910128.88128.883.222001.136600.246074.65281401110128.29128.299.868461.392870.629342.44998476810128.25128.257.544121.281340.637434.22939475410128.07128.077.533531.305420.676264.52778370510127.70127.707.094441.716691.0366910.97075362110127.70127.707.094441.716691.0366910.97075353710127.70127.707.094441.716691.0366910.97075345310127.70127.707.094441.716691.0366910.97075336910127.70127.707.094441.716691.0366910.97075397310127.54127.548.502671.464611.030965.32765245910127.44127.4421.240003.351732.478904.01991467410127.37127.3712.737001.533820.498422.20450372110126.97126.979.766921.552690.567773.18189363710126.97126.979.766921.552690.567773.18189355310126.97126.979.766921.552690.567773.18189346910126.97126.979.766921.552690.567773.18189338510126.97126.979.766921.552690.567773.18189296310126.69126.6914.076672.023101.334704.90173287910126.69126.6914.076672.023101.334704.90173279510126.69126.6914.076672.023101.334704.90173271110126.69126.6914.076672.023101.334704.90173262710126.69126.6914.076672.023101.334704.90173669510126.64126.642.584491.083980.190833.49259375110126.56126.5610.546671.388040.543782.02788
366710126.56126.5610.546671.388040.543782.02788358310126.56126.5610.546671.388040.543782.02788349910126.56126.5610.546671.388040.543782.02788341510126.56126.5610.546671.388040.543782.02788315110126.06126.0614.006671.522140.900246.72460487710125.95125.952.998811.242140.5634615.41880557110125.79125.796.620531.340610.824314.78498547510125.59125.593.588291.162540.5748422.16211299010125.54125.5415.692501.598240.659112.02326290610125.54125.5415.692501.598240.659112.02326282210125.54125.5415.692501.598240.659112.02326273810125.54125.5415.692501.598240.659112.02326265410125.54125.5415.692501.598240.659112.02326400410125.52125.525.020801.151550.4374027.06777315210125.50125.5013.944441.527021.080317.52267482410125.43125.436.968331.328780.489564.91963615510125.37125.377.835631.482601.155389.32200313510125.30125.3015.662501.995390.996112.85197522510125.11125.112.843411.133740.325499.83760514110125.11125.112.843411.133740.325499.83760505710125.11125.112.843411.133740.325499.83760255510124.76124.7615.595001.731771.026073.45522473410124.70124.704.453571.159150.3314913.93328645710124.66124.662.770221.082170.171453.33573245610124.65124.6520.775002.642731.932563.50851323010124.44124.4410.370001.486130.531212.83835319610124.37124.376.909441.694531.2963330.08711375310123.97123.974.958801.150340.2261911.29131366910123.97123.974.958801.150340.2261911.29131358510123.97123.974.958801.150340.2261911.29131350110123.97123.974.958801.150340.2261911.29131341710123.97123.974.958801.150340.2261911.29131617010123.92123.928.851431.423020.528995.13243637410123.88123.883.643531.110980.197903.48725619410122.97122.978.783571.301870.535753.90768622510122.91122.913.724551.307310.8094712.19934401010122.57122.578.755001.321340.534002.59374526310122.36122.366.440001.219540.446023.68543517910122.36122.366.440001.219540.446023.68543509510122.36122.366.440001.219540.446023.68543501110122.36122.366.440001.219540.446023.68543330410122.25122.254.890001.176590.3486535.95318481310122.19122.196.788331.381140.865495.37518567510121.79121.793.690611.140850.235034.54917314710121.79121.7917.398571.827770.495361.55965543410121.67121.678.690711.282040.598654.97656484010121.64121.648.688571.328380.595492.49392627410121.51121.513.471711.101770.223605.05231302010121.44121.4420.240001.636410.590090.80828293610121.44121.4420.240001.636410.590090.80828285210121.44121.4420.240001.636410.590090.80828276810121.44121.4420.240001.636410.590090.80828268410121.44121.4420.240001.636410.590090.80828
375010120.96120.9610.080001.399460.538322.19901366610120.96120.9610.080001.399460.538322.19901358210120.96120.9610.080001.399460.538322.19901349810120.96120.9610.080001.399460.538322.19901341410120.96120.9610.080001.399460.538322.19901255410120.92120.9215.115001.751480.891813.30317557010120.90120.906.363161.352040.840874.84058649710120.78120.781.776181.062640.277707.23034616910120.78120.788.627141.410450.546244.80960395210120.64120.645.744761.530891.0549129.92280374810120.18120.1810.015001.357960.459631.71809366410120.18120.1810.015001.357960.459631.71809358010120.18120.1810.015001.357960.459631.71809349610120.18120.1810.015001.357960.459631.71809341210120.18120.1810.015001.357960.459631.71809488910119.59119.592.847381.133140.301239.78371226710119.53119.5329.882502.052390.724030.85276218310119.53119.5329.882502.052390.724030.85276209910119.53119.5329.882502.052390.724030.85276201510119.53119.5329.882502.052390.724030.85276193110119.53119.5329.882502.052390.724030.85276480910119.31119.315.965501.351070.490105.73418617710119.17119.177.448131.258200.685566.19046245710119.15119.1519.858332.372381.847293.18840240910119.05119.0529.762502.221401.028333.98997491210118.87118.876.992351.277190.649993.35485479810118.73118.734.749201.432451.172189.91814390810118.51118.5113.167781.497671.020145.76826245510118.19118.1919.698332.212211.548813.70510501210117.57117.571.959501.056790.2245010.07694323610117.38117.386.904711.226480.310089.37408621310117.21117.2113.023331.406710.476740.52388542510116.58116.589.715001.410930.598583.25788298110116.43116.4314.553751.604110.510011.53590289710116.43116.4314.553751.604110.510011.53590281310116.43116.4314.553751.604110.510011.53590272910116.43116.4314.553751.604110.510011.53590264510116.43116.4314.553751.604110.510011.53590541910116.26116.267.750671.263150.6039210.90459313410116.20116.2014.525001.992480.971172.72130469710116.03116.0311.603001.428030.595761.85953582210115.76115.765.261821.252560.662434.50494573810115.76115.765.261821.252560.662434.50494628510115.30115.309.608331.334430.508201.37159295210115.28115.2812.808892.573361.792014.81913286810115.28115.2812.808892.573361.792014.81913278410115.28115.2812.808892.573361.792014.81913270010115.28115.2812.808892.573361.792014.81913261610115.28115.2812.808892.573361.792014.81913542110115.03115.038.848461.314160.841544.20870250310114.87114.8728.717502.076870.695130.72746241010114.72114.7228.680002.175171.115742.56485393010114.36114.3616.337141.661040.488181.07607
295010114.34114.3412.704442.917491.990607.32252286610114.34114.3412.704442.917491.990607.32252278210114.34114.3412.704442.917491.990607.32252269810114.34114.3412.704442.917491.990607.32252261410114.34114.3412.704442.917491.990607.32252636010114.21114.212.928461.095140.184353.80630399210113.78113.785.689001.185200.301748.38516299310113.66113.6616.237141.544090.530631.03850290910113.66113.6616.237141.544090.530631.03850282510113.66113.6616.237141.544090.530631.03850274110113.66113.6616.237141.544090.530631.03850265710113.66113.6616.237141.544090.530631.03850246310113.43113.4318.905002.441851.982002.67210391810113.31113.3116.187141.698070.443401.05020469110112.01112.018.616151.255350.5210010.03115492310111.85111.856.213891.226150.428693.16483558610111.71111.711.861831.058490.2427111.62046482910111.59111.597.439331.318020.717853.00912253110111.55111.5513.943752.715362.039317.53775679110111.34111.341.637351.045630.136223.07312318010111.06111.0612.340001.386740.546453.40270392410110.89110.8913.861251.519730.826432.21964560210110.49110.492.694881.080240.168043.74479389110110.38110.3813.797501.876870.877492.36538295310110.20110.2012.244442.400791.645024.58132286910110.20110.2012.244442.400791.645024.58132278510110.20110.2012.244442.400791.645024.58132270110110.20110.2012.244442.400791.645024.58132261710110.20110.2012.244442.400791.645024.58132240010110.03110.0327.507502.450051.968692.66024255310109.82109.8213.727501.606540.818822.66425542610109.77109.779.147501.359880.527942.87589377110109.68109.686.093331.202310.213594.09257368710109.68109.686.093331.202310.213594.09257360310109.68109.686.093331.202310.213594.09257351910109.68109.686.093331.202310.213594.09257343510109.68109.686.093331.202310.213594.09257331010109.57109.577.304671.324510.770913.48143541110109.44109.448.418461.411821.040705.77828324410109.21109.219.100831.362620.459042.15447472810109.09109.095.454501.301350.645926.92010335910109.01109.0112.112221.427390.531780.92331399610108.45108.457.230001.282990.477003.45313325710108.31108.319.846361.353820.489851.42355656410108.01108.013.375311.268180.631905.53041648010108.01108.013.375311.268180.631905.53041252910107.89107.8911.987782.990962.1871111.48143541310107.58107.588.965001.438780.486553.20592332610107.28107.288.940001.371070.515971.72885301310107.15107.1511.905561.397840.599112.06128292910107.15107.1511.905561.397840.599112.06128284510107.15107.1511.905561.397840.599112.06128276110107.15107.1511.905561.397840.599112.06128
267710107.15107.1511.905561.397840.599112.06128321610107.05107.058.234621.491210.973364.23277627010107.05107.055.947221.225440.492983.48552669410106.77106.771.941271.059040.166102.80931241210106.47106.4726.617502.309111.659702.39229405210106.21106.215.310501.287960.780906.30737564010106.10106.103.929631.318970.673445.71281564310105.94105.941.858601.076110.3959210.67144528410105.92105.925.043811.172810.302553.07527520010105.92105.925.043811.172810.302553.07527511610105.92105.925.043811.172810.302553.07527503210105.92105.925.043811.172810.302553.07527659910105.70105.702.856761.108980.196213.48109651510105.70105.702.856761.108980.196213.48109546910105.70105.703.644831.301240.6131111.87224322910105.33105.338.777501.397100.476372.18373255910105.26105.2615.037141.642770.562171.39019250210105.22105.2226.305002.077190.662010.71678250110105.19105.1926.297502.186310.689230.73049257910105.10105.1013.137501.467300.587641.86786246210105.06105.0617.510002.433881.925232.57742471410105.06105.064.567831.399730.9916012.65319299210104.82104.8214.974291.549310.509330.97643290810104.82104.8214.974291.549310.509330.97643282410104.82104.8214.974291.549310.509330.97643274010104.82104.8214.974291.549310.509330.97643265610104.82104.8214.974291.549310.509330.97643405310104.39104.396.524381.395000.772693.85320398710104.32104.328.024621.335750.424312.41500328710103.90103.906.926671.636560.563335.33779621510103.42103.4211.491111.364000.389850.64294521210103.27103.272.197231.163180.5710913.23197512810103.27103.272.197231.163180.5710913.23197504410103.27103.272.197231.163180.5710913.23197486810103.18103.187.936921.268640.505121.39908550110103.06103.066.441251.268400.454252.68071493710102.96102.965.418951.184690.394623.16148402410102.93102.937.352141.251410.377792.04646482810102.84102.846.856001.315190.700502.89671411110102.83102.837.910001.264980.528441.30921394910102.67102.674.106801.309380.8124647.07980390310102.60102.6014.657141.697340.417311.23827389010102.31102.3112.788751.873850.855082.39884222710102.16102.1625.540002.101810.714263.25249214310102.16102.1625.540002.101810.714263.25249205910102.16102.1625.540002.101810.714263.25249197510102.16102.1625.540002.101810.714263.25249189110102.16102.1625.540002.101810.714263.25249376210101.98101.988.498331.286100.390031.48407367810101.98101.988.498331.286100.390031.48407359410101.98101.988.498331.286100.390031.48407351010101.98101.988.498331.286100.390031.48407342610101.98101.988.498331.286100.390031.48407
451710101.96101.966.372501.220190.460672.30695443310101.96101.966.372501.220190.460672.30695434910101.96101.966.372501.220190.460672.30695426510101.96101.966.372501.220190.460672.30695418110101.96101.966.372501.220190.460672.30695551810101.93101.933.185311.093590.208024.52099294710101.86101.8610.186002.173231.4284111.84360286310101.86101.8610.186002.173231.4284111.84360277910101.86101.8610.186002.173231.4284111.84360269510101.86101.8610.186002.173231.4284111.84360261110101.86101.8610.186002.173231.4284111.84360332710101.80101.808.483331.334920.460401.65566401510101.31101.319.210001.304920.412061.03329389310101.26101.2610.126001.413680.856618.19423294610101.16101.1610.116002.333161.5409015.72150286210101.16101.1610.116002.333161.5409015.72150277810101.16101.1610.116002.333161.5409015.72150269410101.16101.1610.116002.333161.5409015.72150261010101.16101.1610.116002.333161.5409015.72150488110100.78100.783.053941.243950.653827.59034522310100.70100.701.974511.080130.3728111.51418513910100.70100.701.974511.080130.3728111.51418505510100.70100.701.974511.080130.3728111.51418335810100.51100.5111.167781.423560.516230.88798393610100.47100.4711.163331.349860.494342.91219325810100.25100.259.113641.332870.427941.43605675310099.9199.912.436831.102740.180763.61633445310099.8199.812.495251.173030.5864328.71401436910099.8199.812.495251.173030.5864328.71401428510099.8199.812.495251.173030.5864328.71401420110099.8199.812.495251.173030.5864328.71401411710099.8199.812.495251.173030.5864328.71401657010099.7099.701.846301.087590.194514.29595324310099.6399.638.302501.325460.450591.88049331210099.4499.447.649231.351560.819112.45525551110099.2499.245.837651.228710.518252.82215391510099.0799.0714.152861.630380.448061.12624316810099.0499.0412.380001.464190.738112.02330471510098.9998.994.499551.341150.874399.68334144210098.3098.3049.1500001.8575220.97533135810098.3098.3049.1500001.8575220.97533127410098.3098.3049.1500001.8575220.97533119010098.3098.3049.1500001.8575220.97533110610098.3098.3049.1500001.8575220.97533102210098.3098.3049.1500001.8575220.97533241110098.2698.2624.565002.133071.355872.23491149810098.2198.2149.105003.035860.816780.22498141410098.2198.2149.105003.035860.816780.22498133010098.2198.2149.105003.035860.816780.22498124610098.2198.2149.105003.035860.816780.22498116210098.2198.2149.105003.035860.816780.22498107810098.2198.2149.105003.035860.816780.22498219910097.9197.9124.477503.201211.387612.18543
211510097.9197.9124.477503.201211.387612.18543203110097.9197.9124.477503.201211.387612.18543194710097.9197.9124.477503.201211.387612.18543186310097.9197.9124.477503.201211.387612.18543218410097.8997.8924.4725001.84977112.86299210010097.8997.8924.4725001.84977112.86299201610097.8997.8924.4725001.84977112.86299193210097.8997.8924.4725001.84977112.86299184810097.8997.8924.4725001.84977112.86299489710097.7797.774.655711.235480.575224.23446540510097.7697.766.517331.249770.5078211.79269179210097.7497.7432.580003.026120.812870.44356644210097.6097.602.033331.059720.129152.79393222610097.5697.5624.390001.966320.551310.77672214210097.5697.5624.390001.966320.551310.77672205810097.5697.5624.390001.966320.551310.77672197410097.5697.5624.390001.966320.551310.77672189010097.5697.5624.390001.966320.551310.77672247510097.5397.5319.506001.914320.590201.11268447010097.5297.523.362761.167040.276648.08218438610097.5297.523.362761.167040.276648.08218430210097.5297.523.362761.167040.276648.08218421810097.5297.523.362761.167040.276648.08218413410097.5297.523.362761.167040.276648.08218597610097.3697.363.357241.253150.617965.08219589210097.3697.363.357241.253150.617965.08219255810097.1497.1413.877141.650640.543931.30444222410097.0197.0124.252502.191770.921271.06895214010097.0197.0124.252502.191770.921271.06895205610097.0197.0124.252502.191770.921271.06895197210097.0197.0124.252502.191770.921271.06895188810097.0197.0124.252502.191770.921271.06895541210096.9196.917.454621.324370.732954.25136219810096.8696.8624.215002.935651.143700.75532211410096.8696.8624.215002.935651.143700.75532203010096.8696.8624.215002.935651.143700.75532194610096.8696.8624.215002.935651.143700.75532186210096.8696.8624.215002.935651.143700.75532294810096.7796.779.677001.992311.2618310.95707286410096.7796.779.677001.992311.2618310.95707278010096.7796.779.677001.992311.2618310.95707269610096.7796.779.677001.992311.2618310.95707261210096.7796.779.677001.992311.2618310.95707522910096.7396.734.030421.220110.325874.56913514510096.7396.734.030421.220110.325874.56913506110096.7396.734.030421.220110.325874.56913497710096.7396.734.030421.220110.325874.56913302310096.6296.6216.103331.441410.423230.62923293910096.6296.6216.103331.441410.423230.62923285510096.6296.6216.103331.441410.423230.62923277110096.6296.6216.103331.441410.423230.62923268710096.6296.6216.103331.441410.423230.62923652610096.3896.381.818491.054810.155122.63130
251810096.3696.3624.090001.813100.561570.44248580910096.1696.163.561481.257740.574304.78675572510096.1696.163.561481.257740.574304.78675541410095.9095.907.991671.379800.409372.97025144310095.4695.4647.7300001.352890.70573135910095.4695.4647.7300001.352890.70573127510095.4695.4647.7300001.352890.70573119110095.4695.4647.7300001.352890.70573110710095.4695.4647.7300001.352890.70573102310095.4695.4647.7300001.352890.70573448910093.9993.995.874381.241880.452252.44071440510093.9993.995.874381.241880.452252.44071432110093.9993.995.874381.241880.452252.44071423710093.9993.995.874381.241880.452252.44071415310093.9993.995.874381.241880.452252.44071451810093.9893.986.265331.222800.391372.10889443410093.9893.986.265331.222800.391372.10889435010093.9893.986.265331.222800.391372.10889426610093.9893.986.265331.222800.391372.10889418210093.9893.986.265331.222800.391372.10889598210093.5793.571.990851.094890.188774.51380589810093.5793.571.990851.094890.188774.51380245410093.4493.4415.573332.148901.400903.09552582510093.3793.371.609831.055460.201586.21812525610093.0793.073.877921.146760.265853.73706517210093.0793.073.877921.146760.265853.73706508810093.0793.073.877921.146760.265853.73706500410093.0793.073.877921.146760.265853.73706149910093.0293.0246.510002.928280.943891.40969141510093.0293.0246.510002.928280.943891.40969133110093.0293.0246.510002.928280.943891.40969124710093.0293.0246.510002.928280.943891.40969116310093.0293.0246.510002.928280.943891.40969107910093.0293.0246.510002.928280.943891.40969179310092.7992.7930.930002.923510.941552.21894179410092.7392.7330.910002.919881.133073.22223543710092.6092.607.716671.261670.441862.27716179510092.4792.4730.823333.152471.415654.65614222310092.1792.1723.042502.270610.904161.48963213910092.1792.1723.042502.270610.904161.48963205510092.1792.1723.042502.270610.904161.48963197110092.1792.1723.042502.270610.904161.48963188710092.1792.1723.042502.270610.904161.48963236610092.1692.1623.040002.861821.741500.56396546110092.1292.122.489731.174460.6791528.60814393810091.8491.8413.120001.453620.445130.87975603510091.5791.571.635181.044790.124782.87765595110091.5791.571.635181.044790.124782.87765668110091.1191.111.752121.060970.127112.73326545210091.0491.047.586671.249790.396642.06631326710090.9890.986.498571.197380.205562.51094464510090.9690.968.269091.473210.800994.10253328510090.5290.525.324711.482520.934938.66650
666510089.8489.841.265351.044500.210795.26933488010089.8189.812.721521.231020.538628.04127222810089.7089.7022.425001.912420.680323.91768214410089.7089.7022.425001.912420.680323.91768206010089.7089.7022.425001.912420.680323.91768197610089.7089.7022.425001.912420.680323.91768189210089.7089.7022.425001.912420.680323.91768247410089.3489.3417.868001.914620.562101.03257218710088.9288.9222.2300001.819896.46519210310088.9288.9222.2300001.819896.46519201910088.9288.9222.2300001.819896.46519193510088.9288.9222.2300001.819896.46519185110088.9288.9222.2300001.819896.46519491310088.5588.555.208821.191910.450202.44461239410088.3988.3922.097501.904340.550990.58005326610088.1588.155.876671.181380.196912.67810526210088.0488.044.633681.161960.311112.91723517810088.0488.044.633681.161960.311112.91723509410088.0488.044.633681.161960.311112.91723501010088.0488.044.633681.161960.311112.91723447310087.7687.764.875561.279310.539633.70898438910087.7687.764.875561.279310.539633.70898430510087.7687.764.875561.279310.539633.70898422110087.7687.764.875561.279310.539633.70898413710087.7687.764.875561.279310.539633.70898331410087.7487.747.311671.305330.374541.44979673810087.6787.671.565541.074070.157133.72107400110087.4787.476.728461.242840.336731.78852586610087.3987.391.213751.032480.135063.98599256810087.2087.2012.457141.498910.589351.16562666710087.1987.191.614631.062220.140113.13186298210086.9586.958.695001.288700.330436.44590289810086.9586.958.695001.288700.330436.44590281410086.9586.958.695001.288700.330436.44590273010086.9586.958.695001.288700.330436.44590264610086.9586.958.695001.288700.330436.44590539910086.8586.856.680771.412200.904975.10065478010086.7886.784.821111.157610.317172.72372540010086.6386.636.663851.403960.820755.13629677910086.4386.431.728601.055830.122802.38626226610086.2686.2621.565001.662830.453590.55769218210086.2686.2621.565001.662830.453590.55769209810086.2686.2621.565001.662830.453590.55769201410086.2686.2621.565001.662830.453590.55769193010086.2686.2621.565001.662830.453590.55769220410086.2686.2621.565003.296591.135753.86406212010086.2686.2621.565003.296591.135753.86406203610086.2686.2621.565003.296591.135753.86406195210086.2686.2621.565003.296591.135753.86406186810086.2686.2621.565003.296591.135753.86406245810086.0486.0414.340001.882281.291702.54987549310085.9485.943.182961.122440.238234.61429236710085.9285.9221.480002.745281.217691.88363
371710085.7885.786.127141.340150.576912.53469363310085.7885.786.127141.340150.576912.53469354910085.7885.786.127141.340150.576912.53469346510085.7885.786.127141.340150.576912.53469338110085.7885.786.127141.340150.576912.53469373710085.7485.747.145001.288090.381781.43474365310085.7485.747.145001.288090.381781.43474356910085.7485.747.145001.288090.381781.43474348510085.7485.747.145001.288090.381781.43474340110085.7485.747.145001.288090.381781.43474478410085.6485.646.117141.209640.429251.47087256910085.4885.4812.211431.458390.549291.15552496010085.4785.471.858041.135050.4726511.08901628910085.4785.472.513821.073430.142623.48736258410085.3685.3612.194291.406770.522851.02534321510085.2985.296.560771.369590.827103.17738294210085.2785.278.527001.858450.8522715.15377285810085.2785.278.527001.858450.8522715.15377277410085.2785.278.527001.858450.8522715.15377269010085.2785.278.527001.858450.8522715.15377260610085.2785.278.527001.858450.8522715.15377601110085.2785.272.507941.093250.165923.02268592710085.2785.272.507941.093250.165923.02268324710085.1685.167.741821.275100.321021.15671222210084.4984.4921.122502.270910.857241.41791213810084.4984.4921.122502.270910.857241.41791205410084.4984.4921.122502.270910.857241.41791197010084.4984.4921.122502.270910.857241.41791188610084.4984.4921.122502.270910.857241.41791471910084.3084.302.810001.125170.4456119.75963476610084.1684.164.675561.161030.370162.81503253010083.8183.8110.476252.405501.611116.09612294410083.5183.518.351002.026800.9973712.14127286010083.5183.518.351002.026800.9973712.14127277610083.5183.518.351002.026800.9973712.14127269210083.5183.518.351002.026800.9973712.14127260810083.5183.518.351002.026800.9973712.14127373310083.1383.136.394621.273500.334771.58764364910083.1383.136.394621.273500.334771.58764356510083.1383.136.394621.273500.334771.58764348110083.1383.136.394621.273500.334771.58764339710083.1383.136.394621.273500.334771.58764245310083.1083.1013.850001.958260.992245.31429387910082.9982.998.299001.422260.7241711.62298245210082.9182.9113.818331.849310.888454.98206447610082.8282.824.871771.250820.501333.23669439210082.8282.824.871771.250820.501333.23669430810082.8282.824.871771.250820.501333.23669422410082.8282.824.871771.250820.501333.23669414010082.8282.824.871771.250820.501333.23669627110082.5182.515.156881.186560.330952.11212497310082.3082.301.913951.087980.214116.57500226510082.1282.1220.530001.697830.453530.66252
218110082.1282.1220.530001.697830.453530.66252209710082.1282.1220.530001.697830.453530.66252201310082.1282.1220.530001.697830.453530.66252192910082.1282.1220.530001.697830.453530.66252252610081.7381.739.081112.077101.2449412.46533297710081.4781.4710.183751.474710.411201.45274289310081.4781.4710.183751.474710.411201.45274280910081.4781.4710.183751.474710.411201.45274272510081.4781.4710.183751.474710.411201.45274264110081.4781.4710.183751.474710.411201.45274247310081.1981.1916.238001.915640.531980.96406449310080.5980.596.199231.232450.333331.43250440910080.5980.596.199231.232450.333331.43250432510080.5980.596.199231.232450.333331.43250424110080.5980.596.199231.232450.333331.43250415710080.5980.596.199231.232450.333331.43250225310080.5680.5620.140001.709280.487980.66548216910080.5680.5620.140001.709280.487980.66548208510080.5680.5620.140001.709280.487980.66548200110080.5680.5620.140001.709280.487980.66548191710080.5680.5620.140001.709280.487980.66548521410080.3280.322.008001.153430.299127.29972513010080.3280.322.008001.153430.299127.29972504610080.3280.322.008001.153430.299127.29972410710080.2980.294.014501.128700.157332.93887327510080.2380.238.914441.281980.302440.49958408410080.1680.166.680001.238760.392421.18162467110080.1580.158.015001.326900.362491.68509617910080.0880.085.005001.177090.462044.99622621410079.7179.718.856671.284790.311920.49550252710079.6779.678.852221.917651.1213211.51612331510079.3079.307.209091.309720.389091.18547369710079.2579.252.935191.209020.6138734.18117361310079.2579.252.935191.209020.6138734.18117352910079.2579.252.935191.209020.6138734.18117344510079.2579.252.935191.209020.6138734.18117336110079.2579.252.935191.209020.6138734.18117253210079.2279.229.902502.081211.231463.26509316010079.1979.1911.312861.457750.338040.95389373610079.1079.106.591671.285740.369201.37707365210079.1079.106.591671.285740.369201.37707356810079.1079.106.591671.285740.369201.37707348410079.1079.106.591671.285740.369201.37707340010079.1079.106.591671.285740.369201.37707318510079.0179.0111.287141.416500.405680.80423402910078.9278.928.768891.260390.288500.45002250610078.5078.5013.083331.392030.371302.44362395710078.3078.304.605881.410160.701999.22342527310078.3078.303.915001.134510.259122.54568518910078.3078.303.915001.134510.259122.54568510510078.3078.303.915001.134510.259122.54568502110078.3078.303.915001.134510.259122.54568641710078.0378.032.108921.085060.131953.06723
449210077.9777.975.997691.241900.342181.43904440810077.9777.975.997691.241900.342181.43904432410077.9777.975.997691.241900.342181.43904424010077.9777.975.997691.241900.342181.43904415610077.9777.975.997691.241900.342181.43904465910077.8377.837.783001.332810.316561.73343452710077.6277.623.234171.106850.135743.13624444310077.6277.623.234171.106850.135743.13624435910077.6277.623.234171.106850.135743.13624427510077.6277.623.234171.106850.135743.13624419110077.6277.623.234171.106850.135743.13624318210077.4477.4411.062861.382500.375340.88212623610076.5976.592.470651.115990.263264.62350469810076.5676.567.656001.251000.368221.15302239510076.1076.1019.025001.780750.657342.80382464710076.0676.066.914551.365640.604662.82802334110075.7975.796.315831.223810.342771.19261623110075.7675.761.894001.082580.3492712.27969447910075.5075.505.033331.238800.285052.10871439510075.5075.505.033331.238800.285052.10871431110075.5075.505.033331.238800.285052.10871422710075.5075.505.033331.238800.285052.10871414310075.5075.505.033331.238800.285052.10871390710075.4675.467.546001.258400.538894.74504446210075.2775.273.421361.286390.398005.41088437810075.2775.273.421361.286390.398005.41088429410075.2775.273.421361.286390.398005.41088421010075.2775.273.421361.286390.398005.41088412610075.2775.273.421361.286390.398005.41088226410075.2075.2018.800001.696300.430280.63302218010075.2075.2018.800001.696300.430280.63302209610075.2075.2018.800001.696300.430280.63302201210075.2075.2018.800001.696300.430280.63302192810075.2075.2018.800001.696300.430280.63302300710074.8074.8012.466671.358070.349210.50448292310074.8074.8012.466671.358070.349210.50448283910074.8074.8012.466671.358070.349210.50448275510074.8074.8012.466671.358070.349210.50448267110074.8074.8012.466671.358070.349210.50448220210074.7874.7818.695002.858810.888023.13781211810074.7874.7818.695002.858810.888023.13781203410074.7874.7818.695002.858810.888023.13781195010074.7874.7818.695002.858810.888023.13781186610074.7874.7818.695002.858810.888023.13781405610074.6774.674.978001.252370.639242.48618677810074.4974.491.330181.040470.110341.98179616110074.0474.044.113331.151180.3652311.15990490610073.8973.892.955601.125600.242893.31370148410073.5673.5636.780002.524880.611780.14590140010073.5673.5636.780002.524880.611780.14590131610073.5673.5636.780002.524880.611780.14590123210073.5673.5636.780002.524880.611780.14590114810073.5673.5636.780002.524880.611780.14590
106410073.5673.5636.780002.524880.611780.14590320010073.4373.434.895331.452990.822107.47651370710073.2573.254.578131.362550.351593.78402362310073.2573.254.578131.362550.351593.78402353910073.2573.254.578131.362550.351593.78402345510073.2573.254.578131.362550.351593.78402337110073.2573.254.578131.362550.351593.78402334410073.0973.096.644551.270010.375401.17985176410072.9672.9624.3200001.37869200.04526330010072.7872.785.598461.291930.519301.96352521010072.7672.761.484901.103040.5819412.62820512610072.7672.761.484901.103040.5819412.62820504210072.7672.761.484901.103040.5819412.62820525210072.6572.651.689541.054420.115063.32372516810072.6572.651.689541.054420.115063.32372508410072.6572.651.689541.054420.115063.32372394110072.4572.4510.350001.381920.372000.62794447710072.4272.424.526251.228550.309922.44826439310072.4272.424.526251.228550.309922.44826430910072.4272.424.526251.228550.309922.44826422510072.4272.424.526251.228550.309922.44826414110072.4272.424.526251.228550.309922.44826239610072.1772.1718.042501.739300.773362.98181315910072.1372.1310.304291.458960.326220.97356537610072.1272.124.006671.291900.6316334.68503584310072.0572.052.119121.078800.140202.62255575910072.0572.052.119121.078800.140202.62255478310072.0472.045.145711.169490.379501.21858403110071.8671.867.984441.245920.270880.56319252810071.7771.777.974441.735950.9397710.06266176510071.6971.6923.8966702.7093741.42089294510071.6371.637.163001.734670.771139.62674286110071.6371.637.163001.734670.771139.62674277710071.6371.637.163001.734670.771139.62674269310071.6371.637.163001.734670.771139.62674260910071.6371.637.163001.734670.771139.62674253310071.3571.358.918751.906951.065082.93606176610071.1671.1623.7200001.512761.69815254310071.1271.128.890001.574340.749262.66633403210071.0071.001.820511.119490.4666131.52862525910070.5870.583.714741.131710.233572.11956517510070.5870.583.714741.131710.233572.11956509110070.5870.583.714741.131710.233572.11956500710070.5870.583.714741.131710.233572.11956627610070.3470.342.131521.067850.116562.88460464610070.2970.296.390001.363520.587462.85328319310070.1970.193.899441.294620.6092930.27323148510070.0670.0635.030002.452320.710911.10858140110070.0670.0635.030002.452320.710911.10858131710070.0670.0635.030002.452320.710911.10858123310070.0670.0635.030002.452320.710911.10858114910070.0670.0635.030002.452320.710911.10858106510070.0670.0635.030002.452320.710911.10858
226310070.0170.0117.502501.725720.473101.74139217910070.0170.0117.502501.725720.473101.74139209510070.0170.0117.502501.725720.473101.74139201110070.0170.0117.502501.725720.473101.74139192710070.0170.0117.502501.725720.473101.74139479710069.7469.742.404831.190160.446547.76008542210069.7169.715.362311.197780.503073.07667252410069.6269.627.735561.856020.941969.65492596610069.6169.611.141151.077570.483209.73853588210069.6169.611.141151.077570.483209.73853314910069.2269.229.888571.396200.260930.76400300610069.0969.0911.515001.362070.335710.46850292210069.0969.0911.515001.362070.335710.46850283810069.0969.0911.515001.362070.335710.46850275410069.0969.0911.515001.362070.335710.46850267010069.0969.0911.515001.362070.335710.46850239810068.8768.8717.217501.846801.073581.79108388710068.8068.808.600001.560810.716892.20284613210068.7868.783.275241.230600.4470940.84232626310068.6668.662.367591.081130.130372.94506220310068.6068.6017.150002.421170.743632.85012211910068.6068.6017.150002.421170.743632.85012203510068.6068.6017.150002.421170.743632.85012195110068.6068.6017.150002.421170.743632.85012186710068.6068.6017.150002.421170.743632.85012479010067.9667.961.699001.120440.5271515.45906398410067.9267.924.851431.223300.428302.26589252110067.8467.847.537781.712680.750788.65995526410067.7367.731.110331.031950.129335.77784518010067.7367.731.110331.031950.129335.77784509610067.7367.731.110331.031950.129335.77784397810067.7167.713.224291.120950.253688.98795564610067.6067.601.536361.071670.135933.39022543110067.1067.106.710001.232400.252940.80515489410067.0367.032.914351.153770.250293.06649481510066.9566.954.184381.208990.438732.34005524810066.9066.903.716671.139140.284862.02644516410066.9066.903.716671.139140.284862.02644508010066.9066.903.716671.139140.284862.02644499610066.9066.903.716671.139140.284862.02644176710066.7066.7022.2333302.126911.93781372310066.4966.495.114621.248950.268451.55333363910066.4966.495.114621.248950.268451.55333355510066.4966.495.114621.248950.268451.55333347110066.4966.495.114621.248950.268451.55333338710066.4966.495.114621.248950.268451.55333243710066.3266.3211.053332.347151.318233.07429542310066.1766.175.090001.180520.501933.02296489910066.1466.143.481051.153500.347702.42564479910065.9665.962.867831.217680.446614.84817222510065.9565.9516.487501.754400.646320.80896214110065.9565.9516.487501.754400.646320.80896205710065.9565.9516.487501.754400.646320.80896
197310065.9565.9516.487501.754400.646320.80896188910065.9565.9516.487501.754400.646320.80896250510065.8265.8216.455001.516240.369940.33065242810065.7165.7121.903331.817190.491730.41983568410065.3565.350.961031.027660.112055.08418243810065.3065.3010.883332.324011.304966.30601302210065.0565.0510.841671.285560.294820.39825293810065.0565.0510.841671.285560.294820.39825285410065.0565.0510.841671.285560.294820.39825277010065.0565.0510.841671.285560.294820.39825268610065.0565.0510.841671.285560.294820.39825447510064.4764.473.581671.179770.380092.74036439110064.4764.473.581671.179770.380092.74036430710064.4764.473.581671.179770.380092.74036422310064.4764.473.581671.179770.380092.74036413910064.4764.473.581671.179770.380092.74036622010064.4464.441.741621.127530.3473710.81542471210064.3564.352.574001.205520.360509.26601314810064.1964.199.170001.395450.251180.76610404210063.9163.913.195501.265930.441065.39528238610063.5863.5815.895001.837901.137591.83149478710063.5263.525.293331.165530.279970.87752396810063.4763.473.733531.186660.386893.98366478910063.4063.401.408891.094560.2420515.34014621210063.0463.045.730911.195670.269100.61538243910063.0363.0310.505002.440361.424736.98581311410062.8762.877.858751.828550.695394.93128468710062.8662.866.984441.240920.255670.54907485010062.7062.703.483331.122910.218611.87011405710062.6162.614.472141.223300.317531.80646239910061.9061.9015.475001.634870.857461.51911244710061.7961.7910.298331.950181.419483.37936386810061.7161.716.856671.758760.684836.25200447210061.6261.622.679131.134370.246743.54377438810061.6261.622.679131.134370.246743.54377430410061.6261.622.679131.134370.246743.54377422010061.6261.622.679131.134370.246743.54377413610061.6261.622.679131.134370.246743.54377239710061.3861.3815.345001.707800.846971.85635372210061.3861.384.721541.247090.260491.52480363810061.3861.384.721541.247090.260491.52480355410061.3861.384.721541.247090.260491.52480347010061.3861.384.721541.247090.260491.52480338610061.3861.384.721541.247090.260491.52480316410061.0361.036.781111.207160.279195.10181313210060.8760.877.608751.451060.576691.95860250410060.8660.8615.215001.513540.354680.30871524910060.7860.783.376671.124250.270781.82502516510060.7860.783.376671.124250.270781.82502508110060.7860.783.376671.124250.270781.82502499710060.7860.783.376671.124250.270781.82502299910060.6860.686.742221.225300.339281.21359291510060.6860.686.742221.225300.339281.21359
283110060.6860.686.742221.225300.339281.21359274710060.6860.686.742221.225300.339281.21359266310060.6860.686.742221.225300.339281.21359561910060.5160.512.521251.078470.126791.69166330110060.4060.405.033331.262920.270091.36312581410060.2460.241.309571.061090.121532.92126395110060.0460.042.859051.223090.6081219.81509242610059.9759.9719.990001.851480.495700.48944325210059.8559.853.740631.120440.157702.59761521710059.5159.511.750291.130970.386084.31005513310059.5159.511.750291.130970.386084.31005504910059.5159.511.750291.130970.386084.31005496510059.5159.511.750291.130970.386084.31005311210059.3959.396.598891.730240.659086.76215622810058.9458.942.032411.161070.305585.14284324610058.7258.725.338181.188680.222590.84317393910058.6958.698.384291.272900.280050.62418237910058.5658.5614.640001.744381.023241.08365395810058.4058.403.435291.303870.525466.91986238810058.3358.3314.582501.598130.875691.51604319510058.2558.253.236111.258730.7128018.57489483810057.7957.793.611881.142170.225561.57089617810057.3557.353.584381.128070.310183.57868391610057.1957.198.170001.330580.244130.62247371910057.0657.064.075711.211750.402541.76559363510057.0657.064.075711.211750.402541.76559355110057.0657.064.075711.211750.402541.76559346710057.0657.064.075711.211750.402541.76559338310057.0657.064.075711.211750.402541.76559603710056.8356.831.353101.041570.084461.59566595310056.8356.831.353101.041570.084461.59566386910056.8056.806.311111.582560.550875.34727411010056.4556.454.032141.144850.305351.03942311110056.3156.316.256671.612670.711528.62090644410056.2156.211.338331.042370.077051.67610386710056.1556.156.238891.610920.709507.14700475610056.0556.053.297061.127310.280942.11430311310055.8655.866.206671.572920.541755.73207398210055.7555.753.484381.145470.245212.14309387010055.4555.456.931251.730760.613324.09452257110055.4255.427.917141.322920.324250.85453496210055.4055.401.420511.105820.206325.09616313110055.3255.326.915001.450930.576431.85473666810055.0255.021.100401.042860.084101.84866252510054.9854.986.108891.563900.670907.07577474810054.5854.582.021481.061830.098983.93710237810054.1954.1913.547501.739590.993041.04914580810054.1354.131.933211.140740.343572.83918572410054.1354.131.933211.140740.343572.83918296210053.9753.975.996671.281680.408861.91488287810053.9753.975.996671.281680.408861.91488279410053.9753.975.996671.281680.408861.91488271010053.9753.975.996671.281680.408861.91488
262610053.9753.975.996671.281680.408861.91488467210053.8553.855.385001.213270.229871.09175318310053.6653.667.665711.249510.256050.65989640210053.4753.471.113961.050530.101202.51138472710053.1853.182.659001.132740.283423.24576237710052.6352.6313.157501.809321.023731.69265486410052.4952.492.916111.097540.183011.48242377010052.3652.362.755791.086540.088242.01983368610052.3652.362.755791.086540.088242.01983360210052.3652.362.755791.086540.088242.01983351810052.3652.362.755791.086540.088242.01983343410052.3652.362.755791.086540.088242.01983321210052.2152.213.480671.170090.318263.02460489510051.9451.942.258261.111300.199072.39341626110051.9251.921.527061.048560.099112.44216238710051.7151.7112.927501.595600.843691.47490554610051.6151.611.075211.073120.332679.57417495810051.4051.401.070831.072790.369739.19333399810051.2151.213.939231.154730.235781.10715315610051.1151.116.388751.233880.380111.07001547210050.8550.851.955771.149910.305524.54039639910050.5450.540.789691.031960.153364.76337225210050.1450.1412.535001.385280.263660.35277216810050.1450.1412.535001.385280.263660.35277208410050.1450.1412.535001.385280.263660.35277200010050.1450.1412.535001.385280.263660.35277191610050.1450.1412.535001.385280.263660.35277654210050.1450.141.285641.039420.069911.24793259910049.9249.928.320001.290880.292070.46466405510049.7449.743.108751.159510.399131.92624579810049.6149.610.826831.055280.302397.01002335110049.5349.533.095631.098590.110911.65320523310049.3449.342.242731.106420.265332.16171514910049.3449.342.242731.106420.265332.16171506510049.3449.342.242731.106420.265332.16171498110049.3449.342.242731.106420.265332.16171147010049.2049.2024.600002.019900.409180.10863138610049.2049.2024.600002.019900.409180.10863130210049.2049.2024.600002.019900.409180.10863121810049.2049.2024.600002.019900.409180.10863113410049.2049.2024.600002.019900.409180.10863105010049.2049.2024.600002.019900.409180.10863388810049.1849.186.147501.364430.465941.57702474210049.0449.042.884711.124130.245802.01506225110048.8048.8012.200001.414680.269510.42166216710048.8048.8012.200001.414680.269510.42166208310048.8048.8012.200001.414680.269510.42166199910048.8048.8012.200001.414680.269510.42166191510048.8048.8012.200001.414680.269510.42166552810048.7448.743.749231.118580.193250.58979468310048.6748.674.867001.179540.249901.02612142810048.6648.6624.3300000.91950148.29499134410048.6648.6624.3300000.91950148.29499
126010048.6648.6624.3300000.91950148.29499117610048.6648.6624.3300000.91950148.29499109210048.6648.6624.3300000.91950148.29499100810048.6648.6624.3300000.91950148.29499318410048.6448.646.948571.218060.211910.49065406910048.6248.623.472861.142260.249861.04305169510048.4248.4248.4200000.686220.29562169410048.4248.4248.4200000.914970161110048.4248.4248.4200000.686220.29562161010048.4248.4248.4200000.91497093910048.4248.4248.4200000.686220.2956293810048.4248.4248.4200000.91497085510048.4248.4248.4200000.686220.2956285410048.4248.4248.4200000.914970221310048.3148.3112.077501.521030.337761.64709212910048.3148.3112.077501.521030.337761.64709204510048.3148.3112.077501.521030.337761.64709196110048.3148.3112.077501.521030.337761.64709187710048.3148.3112.077501.521030.337761.64709142910048.2948.2924.1450001.82502243.87308134510048.2948.2924.1450001.82502243.87308126110048.2948.2924.1450001.82502243.87308117710048.2948.2924.1450001.82502243.87308109310048.2948.2924.1450001.82502243.87308100910048.2948.2924.1450001.82502243.87308237610048.2048.2012.050001.808320.937561.62792221510048.0548.0512.012501.549900.437851.44773213110048.0548.0512.012501.549900.437851.44773204710048.0548.0512.012501.549900.437851.44773196310048.0548.0512.012501.549900.437851.44773187910048.0548.0512.012501.549900.437851.44773652410047.9847.980.578071.016850.077223.12938334510047.7347.735.303331.187130.232840.41202221210047.7047.7011.925001.485350.280130.44298212810047.7047.7011.925001.485350.280130.44298204410047.7047.7011.925001.485350.280130.44298196010047.7047.7011.925001.485350.280130.44298187610047.7047.7011.925001.485350.280130.44298178410047.4147.4115.803332.262250.972713.95066553410047.3447.341.753331.053800.084801.67791178110047.2847.2815.760002.100560.723822.28810658310047.2847.280.892081.033740.075981.70720178210047.0247.0215.673332.168780.824913.00954404310046.9346.932.607221.195730.280563.09378143010046.8646.8623.4300000.996170.60795134610046.8646.8623.4300000.996170.60795126210046.8646.8623.4300000.996170.60795117810046.8646.8623.4300000.996170.60795109410046.8646.8623.4300000.996170.60795101010046.8646.8623.4300000.996170.60795390510046.8246.826.688571.267990.176490.51996447410046.7046.702.594441.137930.292131.99270439010046.7046.702.594441.137930.292131.99270
430610046.7046.702.594441.137930.292131.99270422210046.7046.702.594441.137930.292131.99270413810046.7046.702.594441.137930.292131.99270559110046.6146.611.607241.057710.093821.78182386410046.5246.524.229091.313860.420084.72544391010046.0646.065.757501.215880.343271.15858675110045.8945.890.834361.031810.069151.64013178010045.8445.8415.280001.949070.560121.76646147110045.8445.8422.920001.950250.465150.58005138710045.8445.8422.920001.950250.465150.58005130310045.8445.8422.920001.950250.465150.58005121910045.8445.8422.920001.950250.465150.58005113510045.8445.8422.920001.950250.465150.58005105110045.8445.8422.920001.950250.465150.58005313810045.7945.795.087781.200820.369933.26640483910045.7045.702.856251.105260.183311.25046143110045.0445.0422.5200001.436220.70620134710045.0445.0422.5200001.436220.70620126310045.0445.0422.5200001.436220.70620117910045.0445.0422.5200001.436220.70620109510045.0445.0422.5200001.436220.70620101110045.0445.0422.5200001.436220.70620393110045.0345.037.505001.258510.183150.20023316610044.8544.854.983331.156180.220681.56889225010044.6344.6311.157501.413240.255360.38483216610044.6344.6311.157501.413240.255360.38483208210044.6344.6311.157501.413240.255360.38483199810044.6344.6311.157501.413240.255360.38483191410044.6344.6311.157501.413240.255360.38483470210044.5444.546.362861.196580.174290.22995545510044.4344.434.443001.153390.200940.38326470510043.9943.991.374691.091940.3022716.36324329010043.8643.861.754401.074450.1848817.73766237510043.8443.8410.960001.809010.852751.57327300910043.7743.777.295001.199960.191730.31297292510043.7743.777.295001.199960.191730.31297284110043.7743.777.295001.199960.191730.31297275710043.7743.777.295001.199960.191730.31297267310043.7743.777.295001.199960.191730.31297253410043.7543.754.861111.220800.269661.24608219610043.6243.6210.905002.157030.584481.08442211210043.6243.6210.905002.157030.584481.08442202810043.6243.6210.905002.157030.584481.08442194410043.6243.6210.905002.157030.584481.08442186010043.6243.6210.905002.157030.584481.08442450410043.5543.553.350001.117680.201770.71524442010043.5543.553.350001.117680.201770.71524433610043.5543.553.350001.117680.201770.71524425210043.5543.553.350001.117680.201770.71524416810043.5543.553.350001.117680.201770.71524390410043.3843.386.197141.267250.169750.48875370910043.0943.093.077861.227930.200011.59204362510043.0943.093.077861.227930.200011.59204
354110043.0943.093.077861.227930.200011.59204345710043.0943.093.077861.227930.200011.59204337310043.0943.093.077861.227930.200011.59204219510042.8942.8910.722502.331990.659852.09513211110042.8942.8910.722502.331990.659852.09513202710042.8942.8910.722502.331990.659852.09513194310042.8942.8910.722502.331990.659852.09513185910042.8942.8910.722502.331990.659852.09513221410042.7242.7210.680001.434540.324011.87029213010042.7242.7210.680001.434540.324011.87029204610042.7242.7210.680001.434540.324011.87029196210042.7242.7210.680001.434540.324011.87029187810042.7242.7210.680001.434540.324011.87029676510042.7142.710.805851.027680.055821.27428484210042.6142.612.840671.109520.217021.23365566110042.5442.541.215431.049550.076001.76932147210042.5142.5121.255001.880120.519431.09047138810042.5142.5121.255001.880120.519431.09047130410042.5142.5121.255001.880120.519431.09047122010042.5142.5121.255001.880120.519431.09047113610042.5142.5121.255001.880120.519431.09047105210042.5142.5121.255001.880120.519431.09047224910042.3142.3110.577501.438580.285921.09551216510042.3142.3110.577501.438580.285921.09551208110042.3142.3110.577501.438580.285921.09551199710042.3142.3110.577501.438580.285921.09551191310042.3142.3110.577501.438580.285921.09551484310042.3042.302.820001.100940.199401.06761238010042.1942.1910.547501.431660.263000.19759254810042.1542.154.683331.171080.163651.67810624810042.1542.151.277271.046920.092262.15309403010042.0642.064.673331.142220.164590.32215546410042.0442.041.273941.092140.203977.85303397210041.8941.892.792671.144400.358561.91513658510041.8141.811.045251.043080.079831.57454650110041.8141.811.045251.043080.079831.57454223910041.7541.7510.437501.367580.252890.37787215510041.7541.7510.437501.367580.252890.37787207110041.7541.7510.437501.367580.252890.37787198710041.7541.7510.437501.367580.252890.37787190310041.7541.7510.437501.367580.252890.37787487810041.6941.691.097111.079640.155263.98069329710041.3041.303.176921.163770.339971.08823241410041.2741.2713.756671.513250.308840.35511297610041.2341.235.153751.196470.216470.69786289210041.2341.235.153751.196470.216470.69786280810041.2341.235.153751.196470.216470.69786272410041.2341.235.153751.196470.216470.69786264010041.2341.235.153751.196470.216470.69786407310041.2041.203.433331.135550.207010.71689633110041.1141.111.002681.035540.070081.71457603410040.7040.700.557531.014870.062901.85407595010040.7040.700.557531.014870.062901.85407
329410040.6940.692.141581.102190.126253.57707471810040.6440.641.231521.051850.1462812.80074620010040.5940.593.690001.126300.158830.45788389410040.4240.424.491111.177270.326552.52323242710040.3840.3813.460001.476070.317130.34204662310039.9339.930.605001.016700.048931.12196219410039.3139.319.827502.331640.630781.88984211010039.3139.319.827502.331640.630781.88984202610039.3139.319.827502.331640.630781.88984194210039.3139.319.827502.331640.630781.88984185810039.3139.319.827502.331640.630781.88984547410038.9538.950.998721.041760.1189310.32601654110038.5538.550.803131.024460.052610.97393523510038.3738.371.918501.083660.201711.48045515110038.3738.371.918501.083660.201711.48045506710038.3738.371.918501.083660.201711.48045498310038.3738.371.918501.083660.201711.48045620110038.2338.234.247781.134560.144110.24454244610038.1838.186.363331.640280.934642.30647259810037.8837.886.313331.180510.232020.32834659710037.8837.880.742751.025350.052851.14433407210037.7737.773.147501.133600.200640.68821662510037.7637.760.786671.023940.051540.92887370610037.6337.632.213531.168350.202412.26241362210037.6337.632.213531.168350.202412.26241353810037.6337.632.213531.168350.202412.26241345410037.6337.632.213531.168350.202412.26241337010037.6337.632.213531.168350.202412.26241221010037.5837.589.395001.461670.356890.53204212610037.5837.589.395001.461670.356890.53204204210037.5837.589.395001.461670.356890.53204195810037.5837.589.395001.461670.356890.53204187410037.5837.589.395001.461670.356890.53204466110037.5237.523.752001.146080.141440.76913220910037.3937.399.347501.515440.366780.78268212510037.3937.399.347501.515440.366780.78268204110037.3937.399.347501.515440.366780.78268195710037.3937.399.347501.515440.366780.78268187310037.3937.399.347501.515440.366780.78268243010037.0137.0112.336671.356620.253010.24271480210036.9236.920.723921.029880.112387.50112674910036.7536.750.510421.017830.077672.14830548010036.6636.661.309291.059770.150262.29549315410036.4936.494.561251.171030.271950.96705405910036.4036.402.800001.133130.163880.86669540610036.3136.312.593571.097550.225812.51238392210036.0936.094.010001.125680.177571.10378296610036.0336.034.503751.201220.163300.55566288210036.0336.034.503751.201220.163300.55566279810036.0336.034.503751.201220.163300.55566271410036.0336.034.503751.201220.163300.55566263010036.0336.034.503751.201220.163300.55566219310035.8335.838.957502.335450.600871.76722
210910035.8335.838.957502.335450.600871.76722202510035.8335.838.957502.335450.600871.76722194110035.8335.838.957502.335450.600871.76722185710035.8335.838.957502.335450.600871.76722256010035.7735.775.110001.199770.184930.43517447810035.3935.392.211881.106200.141991.18247439410035.3935.392.211881.106200.141991.18247431010035.3935.392.211881.106200.141991.18247422610035.3935.392.211881.106200.141991.18247414210035.3935.392.211881.106200.141991.18247178310035.2935.2911.763331.731100.542592.31311402210035.1635.162.068241.063540.063051.13502390110035.1035.105.014291.223340.158750.45462318610034.9334.934.990001.163610.168000.35764371410034.8034.801.657141.080580.093352.98439363010034.8034.801.657141.080580.093352.98439354610034.8034.801.657141.080580.093352.98439346210034.8034.801.657141.080580.093352.98439337810034.8034.801.657141.080580.093352.98439402710034.8034.803.163641.101180.157390.35703244510034.6934.695.781671.640160.909072.30504219710034.6634.668.665001.858770.448440.85684211310034.6634.668.665001.858770.448440.85684202910034.6634.668.665001.858770.448440.85684194510034.6634.668.665001.858770.448440.85684186110034.6634.668.665001.858770.448440.85684312410034.6334.633.847781.184620.318173.39294478610034.5934.592.882501.090850.159290.47139466010034.4034.403.440001.144170.134610.71918397510034.3934.392.456431.116890.243871.27845317110034.2234.224.888571.180390.175700.45816220810034.1534.158.537501.513690.346490.73624212410034.1534.158.537501.513690.346490.73624204010034.1534.158.537501.513690.346490.73624195610034.1534.158.537501.513690.346490.73624187210034.1534.158.537501.513690.346490.73624622910033.7833.781.164831.085750.180452.86838405410033.4733.472.091881.112900.231871.29621393410033.3933.393.035461.085080.154233.04635521610033.1633.160.975291.074450.198872.77225513210033.1633.160.975291.074450.198872.77225504810033.1633.160.975291.074450.198872.77225496410033.1633.160.975291.074450.198872.77225242910033.0133.0111.003331.358220.235840.22474329610032.9032.902.056251.098370.169371.60067249210032.5132.515.418331.162360.153770.73547238110032.4132.418.102501.332510.279951.25685539110031.8131.812.120671.092700.227955.63546542410031.6331.632.433081.087880.226111.25668238410031.3631.367.840001.385590.488851.06625388010031.3031.303.477781.166860.287582.64258371810031.1431.142.224291.110090.196070.94275363410031.1431.142.224291.110090.196070.94275
355010031.1431.142.224291.110090.196070.94275346610031.1431.142.224291.110090.196070.94275338210031.1431.142.224291.110090.196070.94275408610031.0931.092.391541.089990.141160.68493614810030.9930.991.822941.081630.145995.25843391110030.7530.753.843751.135020.233260.79946323310030.3830.382.531671.098140.112400.61083491610030.1730.170.735851.023350.047401.43170658110029.9929.990.428431.014860.070371.78049408710029.8829.882.298461.080300.127250.57176238210029.7929.797.447501.305160.319221.46719247710028.2928.295.658001.221880.159000.26595449410028.1628.160.640001.019540.061674.01215441010028.1628.160.640001.019540.061674.01215432610028.1628.160.640001.019540.061674.01215424210028.1628.160.640001.019540.061674.01215415810028.1628.160.640001.019540.061674.01215524210028.0128.011.077311.044170.080011.24450515810028.0128.011.077311.044170.080011.24450507410028.0128.011.077311.044170.080011.24450499010028.0128.011.077311.044170.080011.24450557710027.9327.930.872811.033830.050311.18194182210027.8427.849.280001.296960.168760.61066547810027.7727.770.895811.039460.082191.96777145910027.6727.6713.835001.644090.423610.90929137510027.6727.6713.835001.644090.423610.90929129110027.6727.6713.835001.644090.423610.90929120710027.6727.6713.835001.644090.423610.90929112310027.6727.6713.835001.644090.423610.90929103910027.6727.6713.835001.644090.423610.90929371310027.6627.661.202611.056790.094833.66216362910027.6627.661.202611.056790.094833.66216354510027.6627.661.202611.056790.094833.66216346110027.6627.661.202611.056790.094833.66216337710027.6627.661.202611.056790.094833.66216618010027.5227.521.720001.061000.146211.44571315510027.3827.383.422501.120230.207690.72321402810027.2627.262.478181.080990.116370.28615481410027.2227.221.601181.080730.189321.11293394210027.2227.223.888571.127490.130920.22449218510027.2127.216.802501.611740.454410.31980210110027.2127.216.802501.611740.454410.31980201710027.2127.216.802501.611740.454410.31980193310027.2127.216.802501.611740.454410.31980184910027.2127.216.802501.611740.454410.31980221610026.9326.936.732501.327300.248320.71306213210026.9326.936.732501.327300.248320.71306204810026.9326.936.732501.327300.248320.71306196410026.9326.936.732501.327300.248320.71306188010026.9326.936.732501.327300.248320.71306315310026.8826.883.360001.123810.191020.74807494310026.7626.760.581741.015690.032621.15349490910026.7426.741.407371.054070.102490.87083
489810026.5426.541.327001.060350.147401.08142392710026.3926.393.770001.139110.135500.30915247610026.1026.105.220001.220240.152110.27184314310025.9525.953.243751.140750.262410.78751390910025.9225.923.240001.119390.184200.64257488210025.8425.840.891031.064960.136081.71168244910025.8325.834.305001.328330.451340.76071371610025.6925.691.427221.067510.096031.35708363210025.6925.691.427221.067510.096031.35708354810025.6925.691.427221.067510.096031.35708346410025.6925.691.427221.067510.096031.35708338010025.6925.691.427221.067510.096031.35708257010025.6525.653.664291.122230.157110.37348249010025.3425.346.335001.213820.147680.17065244810025.3125.314.218331.345440.476110.95617547310025.1025.100.965391.068740.140772.18056145610024.8424.8412.420001.514930.206590.06103137210024.8424.8412.420001.514930.206590.06103128810024.8424.8412.420001.514930.206590.06103120410024.8424.8412.420001.514930.206590.06103112010024.8424.8412.420001.514930.206590.06103103610024.8424.8412.420001.514930.206590.06103573010024.6424.640.547561.024990.049711.20745448010024.4924.490.556591.019130.044974.39153439610024.4924.490.556591.019130.044974.39153431210024.4924.490.556591.019130.044974.39153422810024.4924.490.556591.019130.044974.39153414410024.4924.490.556591.019130.044974.39153249110024.4824.486.120001.192000.137590.16300219010024.3524.356.087501.648300.351272.04683210610024.3524.356.087501.648300.351272.04683202210024.3524.356.087501.648300.351272.04683193810024.3524.356.087501.648300.351272.04683185410024.3524.356.087501.648300.351272.04683325310024.3224.321.737141.055910.058370.68669168010024.3024.3024.3000000.459180159610024.3024.3024.3000000.45918092410024.3024.3024.3000000.45918084010024.3024.3024.3000000.459180238310024.2524.256.062501.279640.340971.22694168110024.2124.2124.2100000.914970159710024.2124.2124.2100000.91497092510024.2124.2124.2100000.91497084110024.2124.2124.2100000.914970168210024.1824.1824.1800000.514030.23903159810024.1824.1824.1800000.514030.2390392610024.1824.1824.1800000.514030.2390384210024.1824.1824.1800000.514030.23903473110024.1324.131.270001.062560.113461.42121219210023.7323.735.932501.491510.273801.12818210810023.7323.735.932501.491510.273801.12818202410023.7323.735.932501.491510.273801.12818194010023.7323.735.932501.491510.273801.12818
185610023.7323.735.932501.491510.273801.12818294110023.3623.362.336001.167250.173243.92876285710023.3623.362.336001.167250.173243.92876277310023.3623.362.336001.167250.173243.92876268910023.3623.362.336001.167250.173243.92876260510023.3623.362.336001.167250.173243.92876630210022.8222.820.430571.028520.146893.90867671010022.5522.550.593421.018430.031820.56430470410022.4822.480.661181.041410.1189010.71274145710022.4622.4611.230001.465590.227910.29647137310022.4622.4611.230001.465590.227910.29647128910022.4622.4611.230001.465590.227910.29647120510022.4622.4611.230001.465590.227910.29647112110022.4622.4611.230001.465590.227910.29647103710022.4622.4611.230001.465590.227910.29647473010022.4222.421.180001.058650.112321.27561258510022.2422.243.706671.129590.130120.22161311910022.1022.102.762501.209500.194610.94023486710022.0522.051.470001.047030.088440.41446238510022.0322.035.507501.225950.305170.62365546010021.7421.740.543501.033940.108898.67314578310021.6821.680.401481.010870.029540.69277480110021.5421.541.025711.074840.128641.45207168310021.5221.5221.5200000.686220.29566159910021.5221.5221.5200000.686220.2956692710021.5221.5221.5200000.686220.2956684310021.5221.5221.5200000.686220.29566243310021.3721.377.123331.200340.129320.09956235210021.2821.285.320001.429900.402120.17215391210021.2721.272.658751.097330.158190.40982389910021.2421.242.655001.115200.214780.64418218610021.1521.155.287501.422920.343570.62838210210021.1521.155.287501.422920.343570.62838201810021.1521.155.287501.422920.343570.62838193410021.1521.155.287501.422920.343570.62838185010021.1521.155.287501.422920.343570.62838487410021.1121.110.449151.029900.151853.89348219110020.9920.995.247501.488590.258021.03744210710020.9920.995.247501.488590.258021.03744202310020.9920.995.247501.488590.258021.03744193910020.9920.995.247501.488590.258021.03744185510020.9920.995.247501.488590.258021.03744467710020.9920.991.614621.047850.097632.04309409810020.9920.991.614621.054170.101990.36583478810020.8020.800.400001.024750.074626.61281446310020.4420.441.022001.070680.096791.21050437910020.4420.441.022001.070680.096791.21050429510020.4420.441.022001.070680.096791.21050421110020.4420.441.022001.070680.096791.21050412710020.4420.441.022001.070680.096791.21050468810020.3120.312.256671.075770.079480.20119328910020.0120.011.539231.115480.097620.73748243410019.9119.916.636671.168000.116030.08137
243210019.9019.906.633331.203730.125200.10443145810019.8319.839.915001.410560.242300.42442137410019.8319.839.915001.410560.242300.42442129010019.8319.839.915001.410560.242300.42442120610019.8319.839.915001.410560.242300.42442112210019.8319.839.915001.410560.242300.42442103810019.8319.839.915001.410560.242300.42442335010019.6419.641.155291.035420.038090.70384241310019.5019.506.500001.229900.153150.16897623410018.9518.950.541431.023710.063551.26653491410018.5718.570.314751.009750.039611.96486235310018.4418.444.610001.374570.366530.18893490010018.2618.260.309491.010610.034982.35837637210018.2518.250.414771.011750.024460.55539320410017.8817.881.277141.093460.149441.36454235410017.4617.464.365001.354020.348920.65160218810017.1617.164.290001.426550.221191.30356210410017.1617.164.290001.426550.221191.30356202010017.1617.164.290001.426550.221191.30356193610017.1617.164.290001.426550.221191.30356185210017.1617.164.290001.426550.221191.30356237210017.1217.124.280001.225620.306320.66880481010016.8616.860.843001.044190.065810.84605314610016.1616.162.308571.093410.068980.23371300810016.0316.032.671671.070370.071470.10442292410016.0316.032.671671.070370.071470.10442284010016.0316.032.671671.070370.071470.10442275610016.0316.032.671671.070370.071470.10442267210016.0316.032.671671.070370.071470.10442322410015.9015.900.993751.037400.049330.95750387510015.7215.721.965001.149020.138430.64347243110015.6515.655.216671.176500.102540.11051223710015.5015.503.875001.131710.085600.13792215310015.5015.503.875001.131710.085600.13792206910015.5015.503.875001.131710.085600.13792198510015.5015.503.875001.131710.085600.13792190110015.5015.503.875001.131710.085600.13792221110015.4915.493.872501.177190.136240.23292212710015.4915.493.872501.177190.136240.23292204310015.4915.493.872501.177190.136240.23292195910015.4915.493.872501.177190.136240.23292187510015.4915.493.872501.177190.136240.23292294010015.3515.351.535001.100990.094610.88408285610015.3515.351.535001.100990.094610.88408277210015.3515.351.535001.100990.094610.88408268810015.3515.351.535001.100990.094610.88408260410015.3515.351.535001.100990.094610.88408314510014.8614.862.122861.094550.067210.21963235510014.7914.793.697501.337980.334311.63923543810014.7414.741.228331.040440.064220.37801401610014.6414.641.330911.044480.057290.20114223510014.5014.503.625001.150310.097990.39019215110014.5014.503.625001.150310.097990.39019
206710014.5014.503.625001.150310.097990.39019198310014.5014.503.625001.150310.097990.39019189910014.5014.503.625001.150310.097990.39019335610014.4514.451.313641.041360.061680.14245464310014.4014.401.309091.068340.145660.77454616210014.3914.390.846471.030700.071351.29598320210014.2114.211.015001.075900.134631.29261223810014.0814.083.520001.108190.074040.10227215410014.0814.083.520001.108190.074040.10227207010014.0814.083.520001.108190.074040.10227198610014.0814.083.520001.108190.074040.10227190210014.0814.083.520001.108190.074040.10227322510014.0514.050.936671.034850.048530.69772223610014.0414.043.510001.130000.080330.12686215210014.0414.043.510001.130000.080330.12686206810014.0414.043.510001.130000.080330.12686198410014.0414.043.510001.130000.080330.12686190010014.0414.043.510001.130000.080330.12686296710013.7313.731.716251.071240.060140.21660288310013.7313.731.716251.071240.060140.21660279910013.7313.731.716251.071240.060140.21660271510013.7313.731.716251.071240.060140.21660263110013.7313.731.716251.071240.060140.21660241610013.6113.614.536671.131140.093040.09309320110013.3613.360.954291.071690.124851.21869392510013.1413.141.877141.061100.062700.14321468410012.9812.981.298001.042560.062430.22449481110012.6712.670.633501.031190.050820.63595244210012.4212.422.070001.163680.191281.20075648610012.3512.350.237501.010850.024090.54466241510012.1612.164.053331.131960.086880.10584475510012.1112.110.712351.025690.056310.42446406310011.5811.580.482501.017470.034410.73795401210011.3411.340.872311.030860.050640.22884470110011.0511.051.578571.046240.044940.04077471310010.7610.760.448331.030670.064271.50586523110010.6710.670.444581.021010.035310.49080514710010.6710.670.444581.021010.035310.49080506310010.6710.670.444581.021010.035310.49080497910010.6710.670.444581.021010.035310.49080401710010.5810.581.175561.036210.039880.08437523010010.3810.380.432501.021070.031990.46748514610010.3810.380.432501.021070.031990.46748506210010.3810.380.432501.021070.031990.46748497810010.3810.380.432501.021070.031990.46748218910010.2210.222.555001.211730.119370.71755210510010.2210.222.555001.211730.119370.71755202110010.2210.222.555001.211730.119370.71755193710010.2210.222.555001.211730.119370.71755185310010.2210.222.555001.211730.119370.71755375610010.2110.210.510501.016580.019440.49776367210010.2110.210.510501.016580.019440.49776358810010.2110.210.510501.016580.019440.49776
350410010.2110.210.510501.016580.019440.49776342010010.2110.210.510501.016580.019440.49776372410009.979.970.369261.012680.025102.86140364010009.979.970.369261.012680.025102.86140355610009.979.970.369261.012680.025102.86140347210009.979.970.369261.012680.025102.86140338810009.979.970.369261.012680.025102.86140675210009.669.660.189411.007270.013810.32200177510009.589.583.193331.297520.253511.16866641510009.569.560.203401.007270.014870.37370144810009.529.524.760001.253460.195320.58367136410009.529.524.760001.253460.195320.58367128010009.529.524.760001.253460.195320.58367119610009.529.524.760001.253460.195320.58367111210009.529.524.760001.253460.195320.58367102810009.529.524.760001.253460.195320.58367316910008.868.861.265711.041200.042280.11090177410008.788.782.926671.297430.250071.08167615310008.178.170.510631.024950.053600.59792177310008.078.072.690001.300780.248921.05214397410007.947.940.567141.026710.059050.28504177610007.567.562.520001.200530.159430.25094545910007.517.510.938751.025560.026220.04020226210007.477.471.867501.052470.036260.16839217810007.477.471.867501.052470.036260.16839209410007.477.471.867501.052470.036260.16839201010007.477.471.867501.052470.036260.16839192610007.477.471.867501.052470.036260.16839398010007.277.270.382631.014200.022560.47724244310007.277.271.211671.083740.100040.65490661010006.996.990.129441.003870.010870.18638244010006.986.981.163331.085820.084820.58043464410006.846.840.621821.031900.064790.37377545810006.666.660.832501.024400.024050.03604226110006.556.551.637501.051730.034420.15643217710006.556.551.637501.051730.034420.15643209310006.556.551.637501.051730.034420.15643200910006.556.551.637501.051730.034420.15643192510006.556.551.637501.051730.034420.15643237410006.366.361.590001.065220.095480.20278475210005.725.720.286001.010050.025160.26830237310005.565.561.390001.064040.090720.20146658410005.135.130.104691.004000.007840.17366177010004.924.921.640001.130990.100940.42624563010004.764.760.086551.005620.025670.74186409710004.704.700.335711.011290.024150.08780320510004.504.500.321431.021840.035770.32259469310004.414.410.400911.012260.020610.18159323210004.374.370.364171.014040.015420.08718220510004.344.341.085001.052060.041810.14796212110004.344.341.085001.052060.041810.14796203710004.344.341.085001.052060.041810.14796195310004.344.341.085001.052060.041810.14796
186910004.344.341.085001.052060.041810.14796144510004.084.082.040001.094970.062460.11628136110004.084.082.040001.094970.062460.11628127710004.084.082.040001.094970.062460.11628119310004.084.082.040001.094970.062460.11628110910004.084.082.040001.094970.062460.11628102510004.084.082.040001.094970.062460.11628634510004.024.020.100501.003260.006240.14861254210003.943.940.492501.020560.029850.13090394010003.843.840.548571.017220.016730.04033370810003.713.710.247331.017400.015350.16387362410003.713.710.247331.017400.015350.16387354010003.713.710.247331.017400.015350.16387345610003.713.710.247331.017400.015350.16387337210003.713.710.247331.017400.015350.16387571410003.293.290.056721.003670.017740.48085176810003.273.271.090001.081280.057370.17213317010003.263.260.465711.014620.014200.03899321110003.063.060.204001.008640.010120.18861397110002.862.860.190671.008950.017010.12483220110002.862.860.715001.032730.026060.09225211710002.862.860.715001.032730.026060.09225203310002.862.860.715001.032730.026060.09225194910002.862.860.715001.032730.026060.09225186510002.862.860.715001.032730.026060.09225599710002.712.710.075281.002980.004880.10652591310002.712.710.075281.002980.004880.10652314410002.452.450.306251.011820.022050.05828144610002.022.021.010001.050210.035440.08514136210002.022.021.010001.050210.035440.08514127810002.022.021.010001.050210.035440.08514119410002.022.021.010001.050210.035440.08514111010002.022.021.010001.050210.035440.08514102610002.022.021.010001.050210.035440.08514329910001.491.490.114621.005530.012130.04171483610001.161.160.058001.002070.004040.04775621910000.960.960.025951.001700.003890.20291465510000.890.890.080911.003350.006540.04366375710000.420.420.023331.000780.000820.01599367310000.420.420.023331.000780.000820.01599358910000.420.420.023331.000780.000820.01599350510000.420.420.023331.000780.000820.01599342110000.420.420.023331.000780.000820.01599613110000.000.00000613010000.000.00000612910000.000.00000612810000.000.00000612710000.000.00000612610000.000.00000612510000.000.00000612410000.000.00000612310000.000.00000612210000.000.00000
612110000.000.00000612010000.000.00000611910000.000.00000611810000.000.00000611710000.000.00000611610000.000.00000611510000.000.00000611410000.000.00000611310000.000.00000611210000.000.00000611110000.000.00000611010000.000.00000610910000.000.00000610810000.000.00000610710000.000.00000610610000.000.00000610510000.000.00000610410000.000.00000610310000.000.00000610210000.000.00000610110000.000.00000610010000.000.00000609910000.000.00000609810000.000.00000609710000.000.00000609610000.000.00000609510000.000.00000609410000.000.00000609310000.000.00000609210000.000.00000609110000.000.00000609010000.000.00000608910000.000.00000608810000.000.00000608710000.000.00000608610000.000.00000608510000.000.00000608410000.000.00000608310000.000.00000608210000.000.00000608110000.000.00000608010000.000.00000607910000.000.00000607810000.000.00000607710000.000.00000607610000.000.00000607510000.000.00000607410000.000.00000607310000.000.00000607210000.000.00000607110000.000.00000607010000.000.00000606910000.000.00000
606810000.000.00000606710000.000.00000606610000.000.00000606510000.000.00000606410000.000.00000606310000.000.00000606210000.000.00000606110000.000.00000606010000.000.00000605910000.000.00000605810000.000.00000605710000.000.00000605610000.000.00000605510000.000.00000605410000.000.00000605310000.000.00000605210000.000.00000605110000.000.00000605010000.000.00000604910000.000.00000604810000.000.00000537510000.000.00000537410000.000.00000537310000.000.00000537210000.000.00000537110000.000.00000537010000.000.00000536910000.000.00000536810000.000.00000536710000.000.00000536610000.000.00000536510000.000.00000536410000.000.00000536310000.000.00000536210000.000.00000536110000.000.00000536010000.000.00000535910000.000.00000535810000.000.00000535710000.000.00000535610000.000.00000535510000.000.00000535410000.000.00000535310000.000.00000535210000.000.00000535110000.000.00000535010000.000.00000534910000.000.00000534810000.000.00000534710000.000.00000534610000.000.00000534510000.000.00000534410000.000.00000
534310000.000.00000534210000.000.00000534110000.000.00000534010000.000.00000533910000.000.00000533810000.000.00000533710000.000.00000533610000.000.00000533510000.000.00000533410000.000.00000533310000.000.00000533210000.000.00000533110000.000.00000533010000.000.00000532910000.000.00000532810000.000.00000532710000.000.00000532610000.000.00000532510000.000.00000532410000.000.00000532310000.000.00000532210000.000.00000532110000.000.00000532010000.000.00000531910000.000.00000531810000.000.00000531710000.000.00000531610000.000.00000531510000.000.00000531410000.000.00000531310000.000.00000531210000.000.00000531110000.000.00000531010000.000.00000530910000.000.00000530810000.000.00000530710000.000.00000530610000.000.00000530510000.000.00000530410000.000.00000530310000.000.00000530210000.000.00000530110000.000.00000530010000.000.00000529910000.000.00000529810000.000.00000529710000.000.00000529610000.000.00000529510000.000.00000529410000.000.00000529310000.000.00000529210000.000.00000461910000.000.00000
461810000.000.00000461710000.000.00000461610000.000.00000461510000.000.00000461410000.000.00000461310000.000.00000461210000.000.00000461110000.000.00000461010000.000.00000460910000.000.00000460810000.000.00000460710000.000.00000460610000.000.00000460510000.000.00000460410000.000.00000460310000.000.00000460210000.000.00000460110000.000.00000460010000.000.00000459910000.000.00000459810000.000.00000459710000.000.00000459610000.000.00000459510000.000.00000459410000.000.00000459310000.000.00000459210000.000.00000459110000.000.00000459010000.000.00000458910000.000.00000458810000.000.00000458710000.000.00000458610000.000.00000458510000.000.00000458410000.000.00000458310000.000.00000458210000.000.00000458110000.000.00000458010000.000.00000457910000.000.00000457810000.000.00000457710000.000.00000457610000.000.00000457510000.000.00000457410000.000.00000457310000.000.00000457210000.000.00000457110000.000.00000457010000.000.00000456910000.000.00000456810000.000.00000456710000.000.00000456610000.000.00000
456510000.000.00000456410000.000.00000456310000.000.00000456210000.000.00000456110000.000.00000456010000.000.00000455910000.000.00000455810000.000.00000455710000.000.00000455610000.000.00000455510000.000.00000455410000.000.00000455310000.000.00000455210000.000.00000455110000.000.00000455010000.000.00000454910000.000.00000454810000.000.00000454710000.000.00000454610000.000.00000454510000.000.00000454410000.000.00000454310000.000.00000454210000.000.00000454110000.000.00000454010000.000.00000453910000.000.00000453810000.000.00000453710000.000.00000453610000.000.00000386310000.000.00000386210000.000.00000386110000.000.00000386010000.000.00000385910000.000.00000385810000.000.00000385710000.000.00000385610000.000.00000385510000.000.00000385410000.000.00000385310000.000.00000385210000.000.00000385110000.000.00000385010000.000.00000384910000.000.00000384810000.000.00000384710000.000.00000384610000.000.00000384510000.000.00000384410000.000.00000384310000.000.00000384210000.000.00000384110000.000.00000
384010000.000.00000383910000.000.00000383810000.000.00000383710000.000.00000383610000.000.00000383510000.000.00000383410000.000.00000383310000.000.00000383210000.000.00000383110000.000.00000383010000.000.00000382910000.000.00000382810000.000.00000382710000.000.00000382610000.000.00000382510000.000.00000382410000.000.00000382310000.000.00000382210000.000.00000382110000.000.00000382010000.000.00000381910000.000.00000381810000.000.00000381710000.000.00000381610000.000.00000381510000.000.00000381410000.000.00000381310000.000.00000381210000.000.00000381110000.000.00000381010000.000.00000380910000.000.00000380810000.000.00000380710000.000.00000380610000.000.00000380510000.000.00000380410000.000.00000380310000.000.00000380210000.000.00000380110000.000.00000380010000.000.00000379910000.000.00000379810000.000.00000379710000.000.00000379610000.000.00000379510000.000.00000379410000.000.00000379310000.000.00000379210000.000.00000379110000.000.00000379010000.000.00000378910000.000.00000378810000.000.00000
378710000.000.00000378610000.000.00000378510000.000.00000378410000.000.00000378310000.000.00000378210000.000.00000378110000.000.00000378010000.000.00000310710000.000.00000310610000.000.00000310510000.000.00000310410000.000.00000310310000.000.00000310210000.000.00000310110000.000.00000310010000.000.00000309910000.000.00000309810000.000.00000309710000.000.00000309610000.000.00000309510000.000.00000309410000.000.00000309310000.000.00000309210000.000.00000309110000.000.00000309010000.000.00000308910000.000.00000308810000.000.00000308710000.000.00000308610000.000.00000308510000.000.00000308410000.000.00000308310000.000.00000308210000.000.00000308110000.000.00000308010000.000.00000307910000.000.00000307810000.000.00000307710000.000.00000307610000.000.00000307510000.000.00000307410000.000.00000307310000.000.00000307210000.000.00000307110000.000.00000307010000.000.00000306910000.000.00000306810000.000.00000306710000.000.00000306610000.000.00000306510000.000.00000306410000.000.00000306310000.000.00000
306210000.000.00000306110000.000.00000306010000.000.00000305910000.000.00000305810000.000.00000305710000.000.00000305610000.000.00000305510000.000.00000305410000.000.00000305310000.000.00000305210000.000.00000305110000.000.00000305010000.000.00000304910000.000.00000304810000.000.00000304710000.000.00000304610000.000.00000304510000.000.00000304410000.000.00000304310000.000.00000304210000.000.00000304110000.000.00000304010000.000.00000303910000.000.00000303810000.000.00000303710000.000.00000303610000.000.00000303510000.000.00000303410000.000.00000303310000.000.00000303210000.000.00000303110000.000.00000303010000.000.00000302910000.000.00000302810000.000.00000302710000.000.00000302610000.000.00000302510000.000.00000302410000.000.00000235110000.000.00000235010000.000.00000234910000.000.00000234810000.000.00000234710000.000.00000234610000.000.00000234510000.000.00000234410000.000.00000234310000.000.00000234210000.000.00000234110000.000.00000234010000.000.00000233910000.000.00000233810000.000.00000
233710000.000.00000233610000.000.00000233510000.000.00000233410000.000.00000233310000.000.00000233210000.000.00000233110000.000.00000233010000.000.00000232910000.000.00000232810000.000.00000232710000.000.00000232610000.000.00000232510000.000.00000232410000.000.00000232310000.000.00000232210000.000.00000232110000.000.00000232010000.000.00000231910000.000.00000231810000.000.00000231710000.000.00000231610000.000.00000231510000.000.00000231410000.000.00000231310000.000.00000231210000.000.00000231110000.000.00000231010000.000.00000230910000.000.00000230810000.000.00000230710000.000.00000230610000.000.00000230510000.000.00000230410000.000.00000230310000.000.00000230210000.000.00000230110000.000.00000230010000.000.00000229910000.000.00000229810000.000.00000229710000.000.00000229610000.000.00000229510000.000.00000229410000.000.00000229310000.000.00000229210000.000.00000229110000.000.00000229010000.000.00000228910000.000.00000228810000.000.00000228710000.000.00000228610000.000.00000228510000.000.00000
228410000.000.00000228310000.000.00000228210000.000.00000228110000.000.00000228010000.000.00000227910000.000.00000227810000.000.00000227710000.000.00000227610000.000.00000227510000.000.00000227410000.000.00000227310000.000.00000227210000.000.00000227110000.000.00000227010000.000.00000226910000.000.00000226810000.000.00000159510000.000.00000159410000.000.00000159310000.000.00000159210000.000.00000159110000.000.00000159010000.000.00000158910000.000.00000158810000.000.00000158710000.000.00000158610000.000.00000158510000.000.00000158410000.000.00000158310000.000.00000158210000.000.00000158110000.000.00000158010000.000.00000157910000.000.00000157810000.000.00000157710000.000.00000157610000.000.00000157510000.000.00000157410000.000.00000157310000.000.00000157210000.000.00000157110000.000.00000157010000.000.00000156910000.000.00000156810000.000.00000156710000.000.00000156610000.000.00000156510000.000.00000156410000.000.00000156310000.000.00000156210000.000.00000156110000.000.00000156010000.000.00000
155910000.000.00000155810000.000.00000155710000.000.00000155610000.000.00000155510000.000.00000155410000.000.00000155310000.000.00000155210000.000.00000155110000.000.00000155010000.000.00000154910000.000.00000154810000.000.00000154710000.000.00000154610000.000.00000154510000.000.00000154410000.000.00000154310000.000.00000154210000.000.00000154110000.000.00000154010000.000.00000153910000.000.00000153810000.000.00000153710000.000.00000153610000.000.00000153510000.000.00000153410000.000.00000153310000.000.00000153210000.000.00000153110000.000.00000153010000.000.00000152910000.000.00000152810000.000.00000152710000.000.00000152610000.000.00000152510000.000.00000152410000.000.00000152310000.000.00000152210000.000.00000152110000.000.00000152010000.000.00000151910000.000.00000151810000.000.00000151710000.000.00000151610000.000.00000151510000.000.00000151410000.000.00000151310000.000.00000151210000.000.0000083910000.000.0000083810000.000.0000083710000.000.0000083610000.000.0000083510000.000.00000
83410000.000.0000083310000.000.0000083210000.000.0000083110000.000.0000083010000.000.0000082910000.000.0000082810000.000.0000082710000.000.0000082610000.000.0000082510000.000.0000082410000.000.0000082310000.000.0000082210000.000.0000082110000.000.0000082010000.000.0000081910000.000.0000081810000.000.0000081710000.000.0000081610000.000.0000081510000.000.0000081410000.000.0000081310000.000.0000081210000.000.0000081110000.000.0000081010000.000.0000080910000.000.0000080810000.000.0000080710000.000.0000080610000.000.0000080510000.000.0000080410000.000.0000080310000.000.0000080210000.000.0000080110000.000.0000080010000.000.0000079910000.000.0000079810000.000.0000079710000.000.0000079610000.000.0000079510000.000.0000079410000.000.0000079310000.000.0000079210000.000.0000079110000.000.0000079010000.000.0000078910000.000.0000078810000.000.0000078710000.000.0000078610000.000.0000078510000.000.0000078410000.000.0000078310000.000.0000078210000.000.00000
78110000.000.0000078010000.000.0000077910000.000.0000077810000.000.0000077710000.000.0000077610000.000.0000077510000.000.0000077410000.000.0000077310000.000.0000077210000.000.0000077110000.000.0000077010000.000.0000076910000.000.0000076810000.000.0000076710000.000.0000076610000.000.0000076510000.000.0000076410000.000.0000076310000.000.0000076210000.000.0000076110000.000.0000076010000.000.0000075910000.000.0000075810000.000.0000075710000.000.0000075610000.000.0000075510000.000.0000075410000.000.0000075310000.000.0000075210000.000.0000075110000.000.0000075010000.000.0000074910000.000.0000074810000.000.0000074710000.000.0000074610000.000.0000074510000.000.0000074410000.000.0000074310000.000.0000074210000.000.0000074110000.000.0000074010000.000.0000073910000.000.0000073810000.000.0000073710000.000.0000073610000.000.0000073510000.000.0000073410000.000.0000073310000.000.0000073210000.000.0000073110000.000.0000073010000.000.0000072910000.000.00000
72810000.000.0000072710000.000.0000072610000.000.0000072510000.000.0000072410000.000.0000072310000.000.0000072210000.000.0000072110000.000.0000072010000.000.0000071910000.000.0000071810000.000.0000071710000.000.0000071610000.000.0000071510000.000.0000071410000.000.0000071310000.000.0000071210000.000.0000071110000.000.0000071010000.000.0000070910000.000.0000070810000.000.0000070710000.000.0000070610000.000.0000070510000.000.0000070410000.000.0000070310000.000.0000070210000.000.0000070110000.000.0000070010000.000.0000069910000.000.0000069810000.000.0000069710000.000.0000069610000.000.0000069510000.000.0000069410000.000.0000069310000.000.0000069210000.000.0000069110000.000.0000069010000.000.0000068910000.000.0000068810000.000.0000068710000.000.0000068610000.000.0000068510000.000.0000068410000.000.0000068310000.000.0000068210000.000.0000068110000.000.0000068010000.000.0000067910000.000.0000067810000.000.0000067710000.000.0000067610000.000.00000
67510000.000.0000067410000.000.0000067310000.000.0000067210000.000.0000067110000.000.0000067010000.000.0000066910000.000.0000066810000.000.0000066710000.000.0000066610000.000.0000066510000.000.0000066410000.000.0000066310000.000.0000066210000.000.0000066110000.000.0000066010000.000.0000065910000.000.0000065810000.000.0000065710000.000.0000065610000.000.0000065510000.000.0000065410000.000.0000065310000.000.0000065210000.000.0000065110000.000.0000065010000.000.0000064910000.000.0000064810000.000.0000064710000.000.0000064610000.000.0000064510000.000.0000064410000.000.0000064310000.000.0000064210000.000.0000064110000.000.0000064010000.000.0000063910000.000.0000063810000.000.0000063710000.000.0000063610000.000.0000063510000.000.0000063410000.000.0000063310000.000.0000063210000.000.0000063110000.000.0000063010000.000.0000062910000.000.0000062810000.000.0000062710000.000.0000062610000.000.0000062510000.000.0000062410000.000.0000062310000.000.00000
62210000.000.0000062110000.000.0000062010000.000.0000061910000.000.0000061810000.000.0000061710000.000.0000061610000.000.0000061510000.000.0000061410000.000.0000061310000.000.0000061210000.000.0000061110000.000.0000061010000.000.0000060910000.000.0000060810000.000.0000060710000.000.0000060610000.000.0000060510000.000.0000060410000.000.0000060310000.000.0000060210000.000.0000060110000.000.0000060010000.000.0000059910000.000.0000059810000.000.0000059710000.000.0000059610000.000.0000059510000.000.0000059410000.000.0000059310000.000.0000059210000.000.0000059110000.000.0000059010000.000.0000058910000.000.0000058810000.000.0000058710000.000.0000058610000.000.0000058510000.000.0000058410000.000.0000058310000.000.0000058210000.000.0000058110000.000.0000058010000.000.0000057910000.000.0000057810000.000.0000057710000.000.0000057610000.000.0000057510000.000.0000057410000.000.0000057310000.000.0000057210000.000.0000057110000.000.0000057010000.000.00000
56910000.000.0000056810000.000.0000056710000.000.0000056610000.000.0000056510000.000.0000056410000.000.0000056310000.000.0000056210000.000.0000056110000.000.0000056010000.000.0000055910000.000.0000055810000.000.0000055710000.000.0000055610000.000.0000055510000.000.0000055410000.000.0000055310000.000.0000055210000.000.0000055110000.000.0000055010000.000.0000054910000.000.0000054810000.000.0000054710000.000.0000054610000.000.0000054510000.000.0000054410000.000.0000054310000.000.0000054210000.000.0000054110000.000.0000054010000.000.0000053910000.000.0000053810000.000.0000053710000.000.0000053610000.000.0000053510000.000.0000053410000.000.0000053310000.000.0000053210000.000.0000053110000.000.0000053010000.000.0000052910000.000.0000052810000.000.0000052710000.000.0000052610000.000.0000052510000.000.0000052410000.000.0000052310000.000.0000052210000.000.0000052110000.000.0000052010000.000.0000051910000.000.0000051810000.000.0000051710000.000.00000
51610000.000.0000051510000.000.0000051410000.000.0000051310000.000.0000051210000.000.0000051110000.000.0000051010000.000.0000050910000.000.0000050810000.000.0000050710000.000.0000050610000.000.0000050510000.000.0000050410000.000.0000050310000.000.0000050210000.000.0000050110000.000.0000050010000.000.0000049910000.000.0000049810000.000.0000049710000.000.0000049610000.000.0000049510000.000.0000049410000.000.0000049310000.000.0000049210000.000.0000049110000.000.0000049010000.000.0000048910000.000.0000048810000.000.0000048710000.000.0000048610000.000.0000048510000.000.0000048410000.000.0000048310000.000.0000048210000.000.0000048110000.000.0000048010000.000.0000047910000.000.0000047810000.000.0000047710000.000.0000047610000.000.0000047510000.000.0000047410000.000.0000047310000.000.0000047210000.000.0000047110000.000.0000047010000.000.0000046910000.000.0000046810000.000.0000046710000.000.0000046610000.000.0000046510000.000.0000046410000.000.00000
46310000.000.0000046210000.000.0000046110000.000.0000046010000.000.0000045910000.000.0000045810000.000.0000045710000.000.0000045610000.000.0000045510000.000.0000045410000.000.0000045310000.000.0000045210000.000.0000045110000.000.0000045010000.000.0000044910000.000.0000044810000.000.0000044710000.000.0000044610000.000.0000044510000.000.0000044410000.000.0000044310000.000.0000044210000.000.0000044110000.000.0000044010000.000.0000043910000.000.0000043810000.000.0000043710000.000.0000043610000.000.0000043510000.000.0000043410000.000.0000043310000.000.0000043210000.000.0000043110000.000.0000043010000.000.0000042910000.000.0000042810000.000.0000042710000.000.0000042610000.000.0000042510000.000.0000042410000.000.0000042310000.000.0000042210000.000.0000042110000.000.0000042010000.000.0000041910000.000.0000041810000.000.0000041710000.000.0000041610000.000.0000041510000.000.0000041410000.000.0000041310000.000.0000041210000.000.0000041110000.000.00000
41010000.000.0000040910000.000.0000040810000.000.0000040710000.000.0000040610000.000.0000040510000.000.0000040410000.000.0000040310000.000.0000040210000.000.0000040110000.000.0000040010000.000.0000039910000.000.0000039810000.000.0000039710000.000.0000039610000.000.0000039510000.000.0000039410000.000.0000039310000.000.0000039210000.000.0000039110000.000.0000039010000.000.0000038910000.000.0000038810000.000.0000038710000.000.0000038610000.000.0000038510000.000.0000038410000.000.0000038310000.000.0000038210000.000.0000038110000.000.0000038010000.000.0000037910000.000.0000037810000.000.0000037710000.000.0000037610000.000.0000037510000.000.0000037410000.000.0000037310000.000.0000037210000.000.0000037110000.000.0000037010000.000.0000036910000.000.0000036810000.000.0000036710000.000.0000036610000.000.0000036510000.000.0000036410000.000.0000036310000.000.0000036210000.000.0000036110000.000.0000036010000.000.0000035910000.000.0000035810000.000.00000
35710000.000.0000035610000.000.0000035510000.000.0000035410000.000.0000035310000.000.0000035210000.000.0000035110000.000.0000035010000.000.0000034910000.000.0000034810000.000.0000034710000.000.0000034610000.000.0000034510000.000.0000034410000.000.0000034310000.000.0000034210000.000.0000034110000.000.0000034010000.000.0000033910000.000.0000033810000.000.0000033710000.000.0000033610000.000.0000033510000.000.0000033410000.000.0000033310000.000.0000033210000.000.0000033110000.000.0000033010000.000.0000032910000.000.0000032810000.000.0000032710000.000.0000032610000.000.0000032510000.000.0000032410000.000.0000032310000.000.0000032210000.000.0000032110000.000.0000032010000.000.0000031910000.000.0000031810000.000.0000031710000.000.0000031610000.000.0000031510000.000.0000031410000.000.0000031310000.000.0000031210000.000.0000031110000.000.0000031010000.000.0000030910000.000.0000030810000.000.0000030710000.000.0000030610000.000.0000030510000.000.00000
30410000.000.0000030310000.000.0000030210000.000.0000030110000.000.0000030010000.000.0000029910000.000.0000029810000.000.0000029710000.000.0000029610000.000.0000029510000.000.0000029410000.000.0000029310000.000.0000029210000.000.0000029110000.000.0000029010000.000.0000028910000.000.0000028810000.000.0000028710000.000.0000028610000.000.0000028510000.000.0000028410000.000.0000028310000.000.0000028210000.000.0000028110000.000.0000028010000.000.0000027910000.000.0000027810000.000.0000027710000.000.0000027610000.000.0000027510000.000.0000027410000.000.0000027310000.000.0000027210000.000.0000027110000.000.0000027010000.000.0000026910000.000.0000026810000.000.0000026710000.000.0000026610000.000.0000026510000.000.0000026410000.000.0000026310000.000.0000026210000.000.0000026110000.000.0000026010000.000.0000025910000.000.0000025810000.000.0000025710000.000.0000025610000.000.0000025510000.000.0000025410000.000.0000025310000.000.0000025210000.000.00000
25110000.000.0000025010000.000.0000024910000.000.0000024810000.000.0000024710000.000.0000024610000.000.0000024510000.000.0000024410000.000.0000024310000.000.0000024210000.000.0000024110000.000.0000024010000.000.0000023910000.000.0000023810000.000.0000023710000.000.0000023610000.000.0000023510000.000.0000023410000.000.0000023310000.000.0000023210000.000.0000023110000.000.0000023010000.000.0000022910000.000.0000022810000.000.0000022710000.000.0000022610000.000.0000022510000.000.0000022410000.000.0000022310000.000.0000022210000.000.0000022110000.000.0000022010000.000.0000021910000.000.0000021810000.000.0000021710000.000.0000021610000.000.0000021510000.000.0000021410000.000.0000021310000.000.0000021210000.000.0000021110000.000.0000021010000.000.0000020910000.000.0000020810000.000.0000020710000.000.0000020610000.000.0000020510000.000.0000020410000.000.0000020310000.000.0000020210000.000.0000020110000.000.0000020010000.000.0000019910000.000.00000
19810000.000.0000019710000.000.0000019610000.000.0000019510000.000.0000019410000.000.0000019310000.000.0000019210000.000.0000019110000.000.0000019010000.000.0000018910000.000.0000018810000.000.0000018710000.000.0000018610000.000.0000018510000.000.0000018410000.000.0000018310000.000.0000018210000.000.0000018110000.000.0000018010000.000.0000017910000.000.0000017810000.000.0000017710000.000.0000017610000.000.0000017510000.000.0000017410000.000.0000017310000.000.0000017210000.000.0000017110000.000.0000017010000.000.0000016910000.000.0000016810000.000.0000016710000.000.0000016610000.000.0000016510000.000.0000016410000.000.0000016310000.000.0000016210000.000.0000016110000.000.0000016010000.000.0000015910000.000.0000015810000.000.0000015710000.000.0000015610000.000.0000015510000.000.0000015410000.000.0000015310000.000.0000015210000.000.0000015110000.000.0000015010000.000.0000014910000.000.0000014810000.000.0000014710000.000.0000014610000.000.00000
14510000.000.0000014410000.000.0000014310000.000.0000014210000.000.0000014110000.000.0000014010000.000.0000013910000.000.0000013810000.000.0000013710000.000.0000013610000.000.0000013510000.000.0000013410000.000.0000013310000.000.0000013210000.000.0000013110000.000.0000013010000.000.0000012910000.000.0000012810000.000.0000012710000.000.0000012610000.000.0000012510000.000.0000012410000.000.0000012310000.000.0000012210000.000.0000012110000.000.0000012010000.000.0000011910000.000.0000011810000.000.0000011710000.000.0000011610000.000.0000011510000.000.0000011410000.000.0000011310000.000.0000011210000.000.0000011110000.000.0000011010000.000.0000010910000.000.0000010810000.000.0000010710000.000.0000010610000.000.0000010510000.000.0000010410000.000.0000010310000.000.0000010210000.000.0000010110000.000.0000010010000.000.000009910000.000.000009810000.000.000009710000.000.000009610000.000.000009510000.000.000009410000.000.000009310000.000.00000
9210000.000.000009110000.000.000009010000.000.000008910000.000.000008810000.000.000008710000.000.000008610000.000.000008510000.000.000008410000.000.000008310000.000.000008210000.000.000008110000.000.000008010000.000.000007910000.000.000007810000.000.000007710000.000.000007610000.000.000007510000.000.000007410000.000.000007310000.000.000007210000.000.000007110000.000.000007010000.000.000006910000.000.000006810000.000.000006710000.000.000006610000.000.000006510000.000.000006410000.000.000006310000.000.000006210000.000.000006110000.000.000006010000.000.000005910000.000.000005810000.000.000005710000.000.000005610000.000.000005510000.000.000005410000.000.000005310000.000.000005210000.000.000005110000.000.000005010000.000.000004910000.000.000004810000.000.000004710000.000.000004610000.000.000004510000.000.000004410000.000.000004310000.000.000004210000.000.000004110000.000.000004010000.000.00000
3910000.000.000003810000.000.000003710000.000.000003610000.000.000003510000.000.000003410000.000.000003310000.000.000003210000.000.000003110000.000.000003010000.000.000002910000.000.000002810000.000.000002710000.000.000002610000.000.000002510000.000.000002410000.000.000002310000.000.000002210000.000.000002110000.000.000002010000.000.000001910000.000.000001810000.000.000001710000.000.000001610000.000.000001510000.000.000001410000.000.000001310000.000.000001210000.000.000001110000.000.000001010000.000.00000910000.000.00000810000.000.00000710000.000.00000610000.000.00000510000.000.00000410000.000.00000310000.000.00000210000.000.00000110000.000.00000010000.000.0000025619999.95-0.05-0.007140.99974-0.00025-0.0006133139999.90-0.10-0.008330.99967-0.00045-0.0016839869999.88-0.12-0.009230.99963-0.00051-0.0029731219999.77-0.23-0.028750.99817-0.00175-0.0065231209999.62-0.38-0.047500.99675-0.00302-0.0123440589998.98-1.02-0.072860.99653-0.00487-0.0301347419998.95-1.05-0.061770.99756-0.00553-0.0398617719998.80-1.20-0.400000.97207-0.02217-0.1063517729998.73-1.27-0.423330.97370-0.02136-0.1030539029998.59-1.41-0.201430.99185-0.00602-0.0190861549998.46-1.54-0.096250.99551-0.00957-0.1035446579998.44-1.56-0.156000.99364-0.00706-0.0370824179998.25-1.75-0.583330.98026-0.01147-0.01378
25579998.24-1.76-0.251430.98975-0.01030-0.0285238969998.19-1.81-0.226250.99079-0.01520-0.0531133289998.14-1.86-0.169090.99446-0.00794-0.0233240459998.07-1.93-0.120630.99172-0.01044-0.0948941069997.99-2.01-0.091360.99724-0.00343-0.0730224189997.94-2.06-0.686670.97891-0.01296-0.0157748009997.78-2.22-0.100910.99272-0.01409-0.1562824199997.65-2.35-0.783330.97797-0.01422-0.0163024209997.31-2.69-0.896670.97730-0.01568-0.0122324219997.30-2.70-0.900000.97882-0.01518-0.0121640089997.26-2.74-0.152220.99520-0.00552-0.1267146209997.15-2.85-0.190000.98847-0.02289-0.8044114449997.15-2.85-1.425000.94099-0.03482-0.0662113609997.15-2.85-1.425000.94099-0.03482-0.0662112769997.15-2.85-1.425000.94099-0.03482-0.0662111929997.15-2.85-1.425000.94099-0.03482-0.0662111089997.15-2.85-1.425000.94099-0.03482-0.0662110249997.15-2.85-1.425000.94099-0.03482-0.0662139009997.15-2.85-0.356250.98625-0.02565-0.0670432869996.65-3.35-0.209380.98568-0.01981-0.2155431109996.54-3.46-0.384440.97516-0.03863-0.6692647829996.39-3.61-0.240670.99208-0.01794-0.0847418099996.39-3.61-1.203330.95992-0.02598-0.0959231089996.24-3.76-0.417780.97463-0.03395-0.1830062179995.92-4.08-0.097140.99394-0.02343-1.1367522009995.83-4.17-1.042500.95758-0.03163-0.1992921169995.83-4.17-1.042500.95758-0.03163-0.1992920329995.83-4.17-1.042500.95758-0.03163-0.1992919489995.83-4.17-1.042500.95758-0.03163-0.1992918649995.83-4.17-1.042500.95758-0.03163-0.1992917779995.81-4.19-1.396670.89618-0.08367-0.1403632399995.08-4.92-0.328000.98901-0.01392-0.2139767229994.88-5.12-0.070140.99542-0.02910-0.5997557279994.81-5.19-0.087970.99650-0.01375-0.4974023619994.81-5.19-1.297500.90423-0.13601-0.4384838669994.68-5.32-0.591110.96180-0.05940-0.8079131949994.58-5.42-0.301110.98073-0.05828-1.8971660229994.54-5.46-0.116170.99657-0.00760-0.1601859389994.54-5.46-0.116170.99657-0.00760-0.1601862169994.45-5.55-0.123330.99248-0.02372-1.9725323629994.30-5.70-1.425000.90441-0.13954-0.4349463199994.08-5.92-0.160000.99287-0.01148-0.2805563289994.05-5.95-0.088810.99694-0.01181-0.7147222609993.89-6.11-1.527500.95016-0.03080-0.1401621769993.89-6.11-1.527500.95016-0.03080-0.1401620929993.89-6.11-1.527500.95016-0.03080-0.1401620089993.89-6.11-1.527500.95016-0.03080-0.1401619249993.89-6.11-1.527500.95016-0.03080-0.1401623639993.79-6.21-1.552500.90451-0.14266-0.4526323709993.74-6.26-1.565000.92303-0.09416-0.3619229549993.71-6.29-0.629000.97466-0.03574-0.3556628709993.71-6.29-0.629000.97466-0.03574-0.3556627869993.71-6.29-0.629000.97466-0.03574-0.35566
27029993.71-6.29-0.629000.97466-0.03574-0.3556626189993.71-6.29-0.629000.97466-0.03574-0.3556631099993.68-6.32-0.702220.95670-0.05743-0.9367831729993.59-6.41-0.915710.96998-0.03083-0.0722417699993.57-6.43-2.143330.86679-0.09886-0.4240440909993.13-6.87-0.264230.99208-0.01535-0.3245718029992.94-7.06-2.353330.89380-0.07163-0.1391758299992.80-7.20-0.200000.99207-0.01296-0.2908957459992.80-7.20-0.200000.99207-0.01296-0.2908938769992.71-7.29-0.911250.93774-0.05794-0.2300638779992.31-7.69-0.961250.93891-0.05851-0.2121118039992.28-7.72-2.573330.89358-0.07573-0.1488629689992.11-7.89-0.789000.97338-0.03063-0.5538128849992.11-7.89-0.789000.97338-0.03063-0.5538128009992.11-7.89-0.789000.97338-0.03063-0.5538127169992.11-7.89-0.789000.97338-0.03063-0.5538126329992.11-7.89-0.789000.97338-0.03063-0.5538114479992.09-7.91-3.955000.83613-0.12162-0.3564313639992.09-7.91-3.955000.83613-0.12162-0.3564312799992.09-7.91-3.955000.83613-0.12162-0.3564311959992.09-7.91-3.955000.83613-0.12162-0.3564311119992.09-7.91-3.955000.83613-0.12162-0.3564310279992.09-7.91-3.955000.83613-0.12162-0.3564339509991.93-8.07-0.384290.97549-0.07365-2.6640424509991.68-8.32-1.386670.94453-0.05193-0.0812553879991.47-8.53-0.656150.95562-0.07041-0.6171533369991.34-8.66-0.481110.98468-0.01935-0.4139724019991.34-8.66-2.886670.90602-0.06187-0.0801440209991.31-8.69-0.434500.98795-0.02017-0.5055531509991.26-8.74-0.971110.97020-0.04037-0.5845629959991.08-8.92-1.486670.95925-0.03907-0.0672529119991.08-8.92-1.486670.95925-0.03907-0.0672528279991.08-8.92-1.486670.95925-0.03907-0.0672527439991.08-8.92-1.486670.95925-0.03907-0.0672526599991.08-8.92-1.486670.95925-0.03907-0.0672531409990.99-9.01-1.126250.95415-0.07566-0.2987623649990.45-9.55-2.387500.86966-0.17965-0.3011125209990.42-9.58-1.064440.93697-0.05905-0.3775444669990.35-9.65-0.219320.99109-0.02526-2.3266643829990.35-9.65-0.219320.99109-0.02526-2.3266642989990.35-9.65-0.219320.99109-0.02526-2.3266642149990.35-9.65-0.219320.99109-0.02526-2.3266641309990.35-9.65-0.219320.99109-0.02526-2.3266631159990.35-9.65-1.206250.91582-0.11092-0.6480424449990.30-9.70-1.616670.90053-0.12090-0.8675549479990.22-9.78-0.326000.98928-0.01463-0.3921224419990.16-9.84-1.640000.89908-0.10326-0.7578524029990.12-9.88-3.293330.90480-0.06754-0.0895062309990.07-9.93-0.225680.99080-0.02833-2.3686514379990.07-9.93-4.965000.62989-0.30629-1.0561613539990.07-9.93-4.965000.62989-0.30629-1.0561612699990.07-9.93-4.965000.62989-0.30629-1.0561611859990.07-9.93-4.965000.62989-0.30629-1.05616
11019990.07-9.93-4.965000.62989-0.30629-1.0561610179990.07-9.93-4.965000.62989-0.30629-1.0561623659989.99-10.01-2.502500.87276-0.17491-0.2326231579989.49-10.51-1.501430.94460-0.05396-0.1484648729989.36-10.64-0.177330.98920-0.02862-2.8880933029989.24-10.76-0.896670.95669-0.04567-0.2434414389988.98-11.02-5.510000.62669-0.31387-1.1048213549988.98-11.02-5.510000.62669-0.31387-1.1048212709988.98-11.02-5.510000.62669-0.31387-1.1048211869988.98-11.02-5.510000.62669-0.31387-1.1048211029988.98-11.02-5.510000.62669-0.31387-1.1048210189988.98-11.02-5.510000.62669-0.31387-1.1048218049988.82-11.18-3.726670.86265-0.10617-0.1346833039988.81-11.19-0.932500.95810-0.04518-0.2382438719988.78-11.22-1.402500.90212-0.12897-0.7164746809988.65-11.35-1.031820.96618-0.06326-0.4481447739988.26-11.74-0.978330.96941-0.05175-0.1653114399987.98-12.02-6.010000.62671-0.31807-1.2413613559987.98-12.02-6.010000.62671-0.31807-1.2413612719987.98-12.02-6.010000.62671-0.31807-1.2413611879987.98-12.02-6.010000.62671-0.31807-1.2413611039987.98-12.02-6.010000.62671-0.31807-1.2413610199987.98-12.02-6.010000.62671-0.31807-1.2413639289987.58-12.42-1.774290.94183-0.05974-0.1178123699987.40-12.60-3.150000.85471-0.15045-0.7820354639987.39-12.61-0.382120.97487-0.06389-3.0471023689987.23-12.77-3.192500.86919-0.13684-0.7175350009987.17-12.83-0.305480.99039-0.02032-0.5985932349987.06-12.94-0.718890.97791-0.03815-3.1722522219986.76-13.24-3.310000.86276-0.08947-0.3952221379986.76-13.24-3.310000.86276-0.08947-0.3952220539986.76-13.24-3.310000.86276-0.08947-0.3952219699986.76-13.24-3.310000.86276-0.08947-0.3952218859986.76-13.24-3.310000.86276-0.08947-0.3952261889986.62-13.38-0.637140.98180-0.03917-3.4856948549986.31-13.69-0.977860.96757-0.06652-0.2818432229986.19-13.81-0.767220.97268-0.05269-2.0430061439986.05-13.95-0.871880.94098-0.11462-1.3198814349985.96-14.04-7.020000.62620-0.28806-0.7403113509985.96-14.04-7.020000.62620-0.28806-0.7403112669985.96-14.04-7.020000.62620-0.28806-0.7403111829985.96-14.04-7.020000.62620-0.28806-0.7403110989985.96-14.04-7.020000.62620-0.28806-0.7403110149985.96-14.04-7.020000.62620-0.28806-0.7403139669985.91-14.09-0.741580.96676-0.06053-1.3208424789985.89-14.11-2.351670.92954-0.06674-0.1955731259985.78-14.22-1.777500.91951-0.11659-0.6650252459985.47-14.53-0.726500.97289-0.04808-0.4940851619985.47-14.53-0.726500.97289-0.04808-0.4940850779985.47-14.53-0.726500.97289-0.04808-0.4940849939985.47-14.53-0.726500.97289-0.04808-0.4940838819985.34-14.66-1.832500.91702-0.12019-0.6309240939985.27-14.73-0.736500.97639-0.02886-0.54516
17969985.27-14.73-4.910000.82098-0.13582-0.4944346649984.40-15.60-1.300000.95809-0.07730-1.3492153889984.36-15.64-1.203080.91912-0.13072-0.9685222479984.34-15.66-3.915000.87633-0.08230-0.3816921639984.34-15.66-3.915000.87633-0.08230-0.3816920799984.34-15.66-3.915000.87633-0.08230-0.3816919959984.34-15.66-3.915000.87633-0.08230-0.3816919119984.34-15.66-3.915000.87633-0.08230-0.3816946699984.19-15.81-1.581000.94168-0.08118-0.3620714409984.14-15.86-7.930000.57931-0.33446-0.4299413569984.14-15.86-7.930000.57931-0.33446-0.4299412729984.14-15.86-7.930000.57931-0.33446-0.4299411889984.14-15.86-7.930000.57931-0.33446-0.4299411049984.14-15.86-7.930000.57931-0.33446-0.4299410209984.14-15.86-7.930000.57931-0.33446-0.4299448669983.88-16.12-1.007500.96513-0.06292-0.4323762359983.84-16.16-0.521290.97852-0.03768-0.9761331429983.75-16.25-2.031250.92564-0.12085-0.4114964839983.71-16.29-0.232710.99059-0.04185-1.4183253899983.64-16.36-1.258460.92135-0.13006-0.9084953979983.26-16.74-1.287690.93701-0.13517-0.9753761479983.25-16.75-0.930560.96206-0.08564-3.7753439139983.18-16.82-2.402860.91133-0.08636-0.2146714419983.18-16.82-8.410000.58325-0.33586-0.4479513579983.18-16.82-8.410000.58325-0.33586-0.4479512739983.18-16.82-8.410000.58325-0.33586-0.4479511899983.18-16.82-8.410000.58325-0.33586-0.4479511059983.18-16.82-8.410000.58325-0.33586-0.4479510219983.18-16.82-8.410000.58325-0.33586-0.4479539329983.15-16.85-2.808330.91214-0.06594-0.0862325729982.78-17.22-2.870000.90976-0.09642-0.1422045139982.67-17.33-0.722080.97558-0.03201-0.7200644299982.67-17.33-0.722080.97558-0.03201-0.7200643459982.67-17.33-0.722080.97558-0.03201-0.7200642619982.67-17.33-0.722080.97558-0.03201-0.7200641779982.67-17.33-0.722080.97558-0.03201-0.7200622489982.57-17.43-4.357500.87756-0.08460-0.4151221649982.57-17.43-4.357500.87756-0.08460-0.4151220809982.57-17.43-4.357500.87756-0.08460-0.4151219969982.57-17.43-4.357500.87756-0.08460-0.4151219129982.57-17.43-4.357500.87756-0.08460-0.4151256169982.44-17.56-0.428290.98781-0.02424-0.5715332889982.36-17.64-1.260000.91117-0.07771-0.7932623719982.18-17.82-4.455000.81723-0.23352-0.8982054629981.86-18.14-0.549700.96531-0.10561-4.8211444659981.34-18.66-1.036670.93581-0.07836-0.9032343819981.34-18.66-1.036670.93581-0.07836-0.9032342979981.34-18.66-1.036670.93581-0.07836-0.9032342139981.34-18.66-1.036670.93581-0.07836-0.9032341299981.34-18.66-1.036670.93581-0.07836-0.9032332989981.11-18.89-1.453080.93322-0.14353-0.5134954449981.04-18.96-1.896000.93971-0.06774-0.1875152189981.01-18.99-0.633000.95710-0.10001-1.21586
51349981.01-18.99-0.633000.95710-0.10001-1.2158650509981.01-18.99-0.633000.95710-0.10001-1.2158649669981.01-18.99-0.633000.95710-0.10001-1.2158624039980.87-19.13-6.376670.78426-0.12534-0.1817414329980.77-19.23-9.615000.52200-0.33737-0.6086613489980.77-19.23-9.615000.52200-0.33737-0.6086612649980.77-19.23-9.615000.52200-0.33737-0.6086611809980.77-19.23-9.615000.52200-0.33737-0.6086610969980.77-19.23-9.615000.52200-0.33737-0.6086610129980.77-19.23-9.615000.52200-0.33737-0.6086653929980.70-19.30-1.378570.94183-0.12003-2.6156054089980.68-19.32-1.486150.94243-0.12359-0.9637531169980.49-19.51-2.438750.84856-0.20247-1.0448525739980.48-19.52-3.253330.90656-0.10425-0.1589161459979.92-20.08-1.255000.91716-0.16117-1.5869537439979.57-20.43-1.075260.96144-0.04805-1.1156036599979.57-20.43-1.075260.96144-0.04805-1.1156035759979.57-20.43-1.075260.96144-0.04805-1.1156034919979.57-20.43-1.075260.96144-0.04805-1.1156034079979.57-20.43-1.075260.96144-0.04805-1.1156066119979.52-20.48-0.409600.98711-0.03086-0.5680524049978.82-21.18-7.060000.78317-0.13326-0.1667932389978.81-21.19-1.324380.95586-0.05599-1.0574238729978.70-21.30-2.662500.83467-0.22105-1.0907262479978.49-21.51-0.632650.97867-0.03847-1.1902363329978.32-21.68-0.555900.97968-0.03720-0.9023655729977.85-22.15-0.369170.98741-0.04087-2.9116622429977.83-22.17-5.542500.84579-0.13439-0.6057121589977.83-22.17-5.542500.84579-0.13439-0.6057120749977.83-22.17-5.542500.84579-0.13439-0.6057119909977.83-22.17-5.542500.84579-0.13439-0.6057119069977.83-22.17-5.542500.84579-0.13439-0.6057140269977.82-22.18-1.848330.93965-0.10212-0.3340948229977.77-22.23-1.010460.96026-0.07751-1.0655914359977.20-22.80-11.400000.46927-0.42113-1.3343213519977.20-22.80-11.400000.46927-0.42113-1.3343212679977.20-22.80-11.400000.46927-0.42113-1.3343211839977.20-22.80-11.400000.46927-0.42113-1.3343210999977.20-22.80-11.400000.46927-0.42113-1.3343210159977.20-22.80-11.400000.46927-0.42113-1.3343267949977.19-22.81-0.584870.98202-0.03025-0.5678124059976.77-23.23-7.743330.78223-0.14058-0.1804033309976.74-23.26-2.114550.92319-0.10352-0.3861754579976.06-23.94-2.992500.91506-0.08059-0.0964957019975.89-24.11-0.588050.98238-0.03755-0.7030146589975.75-24.25-2.425000.90396-0.10352-0.6037847039974.72-25.28-3.611430.89634-0.09530-0.1322346569974.67-25.33-2.302730.91522-0.15523-0.9948652349974.57-25.43-1.210950.94828-0.12280-1.0598451509974.57-25.43-1.210950.94828-0.12280-1.0598450669974.57-25.43-1.210950.94828-0.12280-1.0598449829974.57-25.43-1.210950.94828-0.12280-1.0598422469974.53-25.47-6.367500.79223-0.12838-0.60686
21629974.53-25.47-6.367500.79223-0.12838-0.6068620789974.53-25.47-6.367500.79223-0.12838-0.6068619949974.53-25.47-6.367500.79223-0.12838-0.6068619109974.53-25.47-6.367500.79223-0.12838-0.6068614369974.43-25.57-12.785000.47038-0.43004-1.3726713529974.43-25.57-12.785000.47038-0.43004-1.3726712689974.43-25.57-12.785000.47038-0.43004-1.3726711849974.43-25.57-12.785000.47038-0.43004-1.3726711009974.43-25.57-12.785000.47038-0.43004-1.3726710169974.43-25.57-12.785000.47038-0.43004-1.3726754929974.26-25.74-0.858000.96915-0.06322-1.4012947709974.13-25.87-1.724670.94124-0.12967-0.6795949849973.97-26.03-0.433830.98524-0.04606-3.3348038739973.18-26.82-3.352500.78138-0.27750-1.4327017599973.17-26.83-26.830000-0.82758-2.0774417459973.17-26.83-26.830000-0.82758-2.0774417319973.17-26.83-26.830000-0.82758-2.0774417179973.17-26.83-26.830000-0.82758-2.0774417039973.17-26.83-26.830000-0.82758-2.0774416899973.17-26.83-26.830000-0.82758-2.0774416759973.17-26.83-26.830000-0.82758-2.0774416619973.17-26.83-26.830000-0.82758-2.0774416479973.17-26.83-26.830000-0.82758-2.0774416339973.17-26.83-26.830000-0.82758-2.0774416199973.17-26.83-26.830000-0.82758-2.0774416059973.17-26.83-26.830000-0.82758-2.0774410039973.17-26.83-26.830000-0.82758-2.077449899973.17-26.83-26.830000-0.82758-2.077449759973.17-26.83-26.830000-0.82758-2.077449619973.17-26.83-26.830000-0.82758-2.077449479973.17-26.83-26.830000-0.82758-2.077449339973.17-26.83-26.830000-0.82758-2.077449199973.17-26.83-26.830000-0.82758-2.077449059973.17-26.83-26.830000-0.82758-2.077448919973.17-26.83-26.830000-0.82758-2.077448779973.17-26.83-26.830000-0.82758-2.077448639973.17-26.83-26.830000-0.82758-2.077448499973.17-26.83-26.830000-0.82758-2.0774417889973.14-26.86-8.953330.59597-0.27252-0.7192632659972.33-27.67-1.729380.94796-0.07385-1.4888714339971.93-28.07-14.035000.41848-0.43158-1.1274613499971.93-28.07-14.035000.41848-0.43158-1.1274612659971.93-28.07-14.035000.41848-0.43158-1.1274611819971.93-28.07-14.035000.41848-0.43158-1.1274610979971.93-28.07-14.035000.41848-0.43158-1.1274610139971.93-28.07-14.035000.41848-0.43158-1.1274624069971.87-28.13-9.376670.76264-0.16394-0.1770758679971.84-28.16-0.512000.98623-0.03837-0.8993733319971.23-28.77-2.615460.91179-0.12361-0.4155850279970.93-29.07-0.618510.98334-0.03593-1.2355333169970.91-29.09-2.644550.89492-0.13578-0.4555317899970.82-29.18-9.726670.59774-0.28625-0.7724923589970.57-29.43-7.357500.61215-0.45326-2.28670
17609970.48-29.52-29.520000-0.84079-2.1537017469970.48-29.52-29.520000-0.84079-2.1537017329970.48-29.52-29.520000-0.84079-2.1537017189970.48-29.52-29.520000-0.84079-2.1537017049970.48-29.52-29.520000-0.84079-2.1537016909970.48-29.52-29.520000-0.84079-2.1537016769970.48-29.52-29.520000-0.84079-2.1537016629970.48-29.52-29.520000-0.84079-2.1537016489970.48-29.52-29.520000-0.84079-2.1537016349970.48-29.52-29.520000-0.84079-2.1537016209970.48-29.52-29.520000-0.84079-2.1537016069970.48-29.52-29.520000-0.84079-2.1537010049970.48-29.52-29.520000-0.84079-2.153709909970.48-29.52-29.520000-0.84079-2.153709769970.48-29.52-29.520000-0.84079-2.153709629970.48-29.52-29.520000-0.84079-2.153709489970.48-29.52-29.520000-0.84079-2.153709349970.48-29.52-29.520000-0.84079-2.153709209970.48-29.52-29.520000-0.84079-2.153709069970.48-29.52-29.520000-0.84079-2.153708929970.48-29.52-29.520000-0.84079-2.153708789970.48-29.52-29.520000-0.84079-2.153708649970.48-29.52-29.520000-0.84079-2.153708509970.48-29.52-29.520000-0.84079-2.1537056179969.97-30.03-0.811620.97584-0.05383-1.0111629949969.89-30.11-5.018330.86782-0.12848-0.2006929109969.89-30.11-5.018330.86782-0.12848-0.2006928269969.89-30.11-5.018330.86782-0.12848-0.2006927429969.89-30.11-5.018330.86782-0.12848-0.2006926589969.89-30.11-5.018330.86782-0.12848-0.2006924079969.84-30.16-10.053330.76345-0.16951-0.1875538659969.82-30.18-2.743640.84515-0.22529-5.0000066389969.80-30.20-0.419440.97301-0.17166-3.5747046949969.60-30.40-3.040000.90638-0.12280-0.5934339609969.27-30.73-1.920630.87514-0.24360-2.4929733179969.26-30.74-2.794550.89671-0.13688-0.4602839859968.93-31.07-2.390000.91110-0.14052-0.7080055459968.88-31.12-0.587170.96390-0.10795-5.0000049989968.45-31.55-0.525830.98386-0.06080-3.3054522599968.06-31.94-7.985000.75772-0.15382-0.7038221759968.06-31.94-7.985000.75772-0.15382-0.7038220919968.06-31.94-7.985000.75772-0.15382-0.7038220079968.06-31.94-7.985000.75772-0.15382-0.7038219239968.06-31.94-7.985000.75772-0.15382-0.7038217619967.80-32.20-32.200000-0.85208-2.6133817479967.80-32.20-32.200000-0.85208-2.6133817339967.80-32.20-32.200000-0.85208-2.6133817199967.80-32.20-32.200000-0.85208-2.6133817059967.80-32.20-32.200000-0.85208-2.6133816919967.80-32.20-32.200000-0.85208-2.6133816779967.80-32.20-32.200000-0.85208-2.6133816639967.80-32.20-32.200000-0.85208-2.6133816499967.80-32.20-32.200000-0.85208-2.61338
16359967.80-32.20-32.200000-0.85208-2.6133816219967.80-32.20-32.200000-0.85208-2.6133816079967.80-32.20-32.200000-0.85208-2.6133810059967.80-32.20-32.200000-0.85208-2.613389919967.80-32.20-32.200000-0.85208-2.613389779967.80-32.20-32.200000-0.85208-2.613389639967.80-32.20-32.200000-0.85208-2.613389499967.80-32.20-32.200000-0.85208-2.613389359967.80-32.20-32.200000-0.85208-2.613389219967.80-32.20-32.200000-0.85208-2.613389079967.80-32.20-32.200000-0.85208-2.613388939967.80-32.20-32.200000-0.85208-2.613388799967.80-32.20-32.200000-0.85208-2.613388659967.80-32.20-32.200000-0.85208-2.613388519967.80-32.20-32.200000-0.85208-2.6133854329966.94-33.06-1.836670.94756-0.08319-5.0000031179966.42-33.58-4.197500.72628-0.34744-1.9100546929966.36-33.64-2.803330.92015-0.13702-1.7917425569966.35-33.65-4.807140.83965-0.20611-0.5148438979966.08-33.92-4.240000.85106-0.24302-0.9333239269966.04-33.96-4.851430.84775-0.14796-0.3811449579965.96-34.04-0.642260.96060-0.11855-5.0000066559965.91-34.09-0.741090.96453-0.07091-1.5074447009965.84-34.16-3.795560.87674-0.14582-0.3045147329965.68-34.32-1.040000.96462-0.09175-5.0000031399965.63-34.37-4.296250.84169-0.22413-1.2405340009965.53-34.47-2.651540.90642-0.14291-0.7871117909965.44-34.56-11.520000.57543-0.32821-0.5515548839965.20-34.80-1.288890.92026-0.15867-2.0672938959965.02-34.98-4.372500.83888-0.22811-1.0991361449964.97-35.03-2.189380.85477-0.25954-2.9643125469963.89-36.11-5.158570.79834-0.18668-0.5041353989963.80-36.20-2.784620.87883-0.24104-1.8477353809963.75-36.25-2.589290.83555-0.22219-5.0000031419963.55-36.45-4.556250.83995-0.26114-1.0476161379963.55-36.45-2.144120.87004-0.19151-5.0000023899963.49-36.51-12.170000.58825-0.23922-0.3621139209963.16-36.84-3.349090.90613-0.17017-4.6744131189962.89-37.11-4.638750.72501-0.35092-2.0275053839962.48-37.52-2.886150.80858-0.30998-4.4979217569962.44-37.56-37.560000-0.77062-1.4871317429962.44-37.56-37.560000-0.77062-1.4871317289962.44-37.56-37.560000-0.77062-1.4871317149962.44-37.56-37.560000-0.77062-1.4871317009962.44-37.56-37.560000-0.77062-1.4871316869962.44-37.56-37.560000-0.77062-1.4871316729962.44-37.56-37.560000-0.77062-1.4871316589962.44-37.56-37.560000-0.77062-1.4871316449962.44-37.56-37.560000-0.77062-1.4871316309962.44-37.56-37.560000-0.77062-1.4871316169962.44-37.56-37.560000-0.77062-1.4871316029962.44-37.56-37.560000-0.77062-1.4871310009962.44-37.56-37.560000-0.77062-1.48713
9869962.44-37.56-37.560000-0.77062-1.487139729962.44-37.56-37.560000-0.77062-1.487139589962.44-37.56-37.560000-0.77062-1.487139449962.44-37.56-37.560000-0.77062-1.487139309962.44-37.56-37.560000-0.77062-1.487139169962.44-37.56-37.560000-0.77062-1.487139029962.44-37.56-37.560000-0.77062-1.487138889962.44-37.56-37.560000-0.77062-1.487138749962.44-37.56-37.560000-0.77062-1.487138609962.44-37.56-37.560000-0.77062-1.487138469962.44-37.56-37.560000-0.77062-1.4871317629962.30-37.70-37.700000-0.79502-0.8330517489962.30-37.70-37.700000-0.79502-0.8330517349962.30-37.70-37.700000-0.79502-0.8330517209962.30-37.70-37.700000-0.79502-0.8330517069962.30-37.70-37.700000-0.79502-0.8330516929962.30-37.70-37.700000-0.79502-0.8330516789962.30-37.70-37.700000-0.79502-0.8330516649962.30-37.70-37.700000-0.79502-0.8330516509962.30-37.70-37.700000-0.79502-0.8330516369962.30-37.70-37.700000-0.79502-0.8330516229962.30-37.70-37.700000-0.79502-0.8330516089962.30-37.70-37.700000-0.79502-0.8330510069962.30-37.70-37.700000-0.79502-0.833059929962.30-37.70-37.700000-0.79502-0.833059789962.30-37.70-37.700000-0.79502-0.833059649962.30-37.70-37.700000-0.79502-0.833059509962.30-37.70-37.700000-0.79502-0.833059369962.30-37.70-37.700000-0.79502-0.833059229962.30-37.70-37.700000-0.79502-0.833059089962.30-37.70-37.700000-0.79502-0.833058949962.30-37.70-37.700000-0.79502-0.833058809962.30-37.70-37.700000-0.79502-0.833058669962.30-37.70-37.700000-0.79502-0.833058529962.30-37.70-37.700000-0.79502-0.8330554079962.24-37.76-2.904620.89506-0.20200-1.7332344529962.16-37.84-0.860000.94897-0.12932-5.0000043689962.16-37.84-0.860000.94897-0.12932-5.0000042849962.16-37.84-0.860000.94897-0.12932-5.0000042009962.16-37.84-0.860000.94897-0.12932-5.0000041169962.16-37.84-0.860000.94897-0.12932-5.0000022339962.12-37.88-9.470000.70086-0.19907-0.9876321499962.12-37.88-9.470000.70086-0.19907-0.9876320659962.12-37.88-9.470000.70086-0.19907-0.9876319819962.12-37.88-9.470000.70086-0.19907-0.9876318979962.12-37.88-9.470000.70086-0.19907-0.9876353819962.10-37.90-2.707140.83962-0.22031-5.0000040449961.82-38.18-2.245880.84980-0.20157-2.2107738989961.37-38.63-4.828750.82323-0.28730-0.9891653799961.13-38.87-2.776430.83435-0.27180-5.0000061359959.93-40.07-2.357060.85878-0.18752-5.0000017859959.86-40.14-13.380000.51853-0.50019-2.0653717549959.77-40.23-40.230000-0.70579-1.00299
17409959.77-40.23-40.230000-0.70579-1.0029917269959.77-40.23-40.230000-0.70579-1.0029917129959.77-40.23-40.230000-0.70579-1.0029916989959.77-40.23-40.230000-0.70579-1.0029916849959.77-40.23-40.230000-0.70579-1.0029916709959.77-40.23-40.230000-0.70579-1.0029916569959.77-40.23-40.230000-0.70579-1.0029916429959.77-40.23-40.230000-0.70579-1.0029916289959.77-40.23-40.230000-0.70579-1.0029916149959.77-40.23-40.230000-0.70579-1.0029916009959.77-40.23-40.230000-0.70579-1.002999989959.77-40.23-40.230000-0.70579-1.002999849959.77-40.23-40.230000-0.70579-1.002999709959.77-40.23-40.230000-0.70579-1.002999569959.77-40.23-40.230000-0.70579-1.002999429959.77-40.23-40.230000-0.70579-1.002999289959.77-40.23-40.230000-0.70579-1.002999149959.77-40.23-40.230000-0.70579-1.002999009959.77-40.23-40.230000-0.70579-1.002998869959.77-40.23-40.230000-0.70579-1.002998729959.77-40.23-40.230000-0.70579-1.002998589959.77-40.23-40.230000-0.70579-1.002998449959.77-40.23-40.230000-0.70579-1.0029962849959.71-40.29-2.370000.92432-0.12315-0.9329423909959.70-40.30-13.433330.58743-0.25356-0.3910617639959.64-40.36-40.360000-0.80591-0.8779017499959.64-40.36-40.360000-0.80591-0.8779017359959.64-40.36-40.360000-0.80591-0.8779017219959.64-40.36-40.360000-0.80591-0.8779017079959.64-40.36-40.360000-0.80591-0.8779016939959.64-40.36-40.360000-0.80591-0.8779016799959.64-40.36-40.360000-0.80591-0.8779016659959.64-40.36-40.360000-0.80591-0.8779016519959.64-40.36-40.360000-0.80591-0.8779016379959.64-40.36-40.360000-0.80591-0.8779016239959.64-40.36-40.360000-0.80591-0.8779016099959.64-40.36-40.360000-0.80591-0.8779010079959.64-40.36-40.360000-0.80591-0.877909939959.64-40.36-40.360000-0.80591-0.877909799959.64-40.36-40.360000-0.80591-0.877909659959.64-40.36-40.360000-0.80591-0.877909519959.64-40.36-40.360000-0.80591-0.877909379959.64-40.36-40.360000-0.80591-0.877909239959.64-40.36-40.360000-0.80591-0.877909099959.64-40.36-40.360000-0.80591-0.877908959959.64-40.36-40.360000-0.80591-0.877908819959.64-40.36-40.360000-0.80591-0.877908679959.64-40.36-40.360000-0.80591-0.877908539959.64-40.36-40.360000-0.80591-0.8779023599959.42-40.58-10.145000.53260-0.55842-2.9663622079959.10-40.90-10.225000.57603-0.27639-1.3127721239959.10-40.90-10.225000.57603-0.27639-1.3127720399959.10-40.90-10.225000.57603-0.27639-1.31277
19559959.10-40.90-10.225000.57603-0.27639-1.3127718719959.10-40.90-10.225000.57603-0.27639-1.3127732649958.78-41.22-2.424710.93298-0.09762-2.4730561369958.43-41.57-2.445290.84573-0.21834-5.0000046499958.23-41.77-3.213080.89229-0.19533-5.0000022349957.53-42.47-10.617500.70167-0.20615-1.0563621509957.53-42.47-10.617500.70167-0.20615-1.0563620669957.53-42.47-10.617500.70167-0.20615-1.0563619829957.53-42.47-10.617500.70167-0.20615-1.0563618989957.53-42.47-10.617500.70167-0.20615-1.0563665289957.51-42.49-0.944220.97011-0.05476-1.1763154099957.50-42.50-3.269230.88406-0.25730-2.0557756889957.35-42.65-1.066250.96587-0.06114-1.3291017579957.04-42.96-42.960000-0.79350-1.8169217539957.04-42.96-42.960000-0.65769-0.9399717439957.04-42.96-42.960000-0.79350-1.8169217399957.04-42.96-42.960000-0.65769-0.9399717299957.04-42.96-42.960000-0.79350-1.8169217259957.04-42.96-42.960000-0.65769-0.9399717159957.04-42.96-42.960000-0.79350-1.8169217119957.04-42.96-42.960000-0.65769-0.9399717019957.04-42.96-42.960000-0.79350-1.8169216979957.04-42.96-42.960000-0.65769-0.9399716879957.04-42.96-42.960000-0.79350-1.8169216739957.04-42.96-42.960000-0.79350-1.8169216699957.04-42.96-42.960000-0.65769-0.9399716599957.04-42.96-42.960000-0.79350-1.8169216559957.04-42.96-42.960000-0.65769-0.9399716459957.04-42.96-42.960000-0.79350-1.8169216419957.04-42.96-42.960000-0.65769-0.9399716319957.04-42.96-42.960000-0.79350-1.8169216279957.04-42.96-42.960000-0.65769-0.9399716179957.04-42.96-42.960000-0.79350-1.8169216139957.04-42.96-42.960000-0.65769-0.9399716039957.04-42.96-42.960000-0.79350-1.8169210019957.04-42.96-42.960000-0.79350-1.816929979957.04-42.96-42.960000-0.65769-0.939979879957.04-42.96-42.960000-0.79350-1.816929839957.04-42.96-42.960000-0.65769-0.939979739957.04-42.96-42.960000-0.79350-1.816929699957.04-42.96-42.960000-0.65769-0.939979599957.04-42.96-42.960000-0.79350-1.816929559957.04-42.96-42.960000-0.65769-0.939979459957.04-42.96-42.960000-0.79350-1.816929419957.04-42.96-42.960000-0.65769-0.939979319957.04-42.96-42.960000-0.79350-1.816929179957.04-42.96-42.960000-0.79350-1.816929139957.04-42.96-42.960000-0.65769-0.939979039957.04-42.96-42.960000-0.79350-1.816928999957.04-42.96-42.960000-0.65769-0.939978899957.04-42.96-42.960000-0.79350-1.816928859957.04-42.96-42.960000-0.65769-0.939978759957.04-42.96-42.960000-0.79350-1.81692
8719957.04-42.96-42.960000-0.65769-0.939978619957.04-42.96-42.960000-0.79350-1.816928579957.04-42.96-42.960000-0.65769-0.939978479957.04-42.96-42.960000-0.79350-1.8169238749957.01-42.99-5.373750.68144-0.40653-2.2329033379956.93-43.07-2.691880.91427-0.09645-1.4613154459956.83-43.17-5.396250.85309-0.13801-0.2339661399956.76-43.24-2.702500.82359-0.32533-5.0000023569956.28-43.72-10.930000.46244-0.53129-3.2235963599956.05-43.95-1.098750.96665-0.07243-1.5081131299955.95-44.05-5.506250.76108-0.36980-1.5306223919955.93-44.07-14.690000.58686-0.26669-0.4227122589955.50-44.50-11.125000.65161-0.20632-0.9822221749955.50-44.50-11.125000.65161-0.20632-0.9822220909955.50-44.50-11.125000.65161-0.20632-0.9822220069955.50-44.50-11.125000.65161-0.20632-0.9822219229955.50-44.50-11.125000.65161-0.20632-0.9822261389955.35-44.65-2.790630.82839-0.24197-5.0000022329955.09-44.91-11.227500.63366-0.22636-1.0726821489955.09-44.91-11.227500.63366-0.22636-1.0726820649955.09-44.91-11.227500.63366-0.22636-1.0726819809955.09-44.91-11.227500.63366-0.22636-1.0726818969955.09-44.91-11.227500.63366-0.22636-1.0726847699954.75-45.25-3.016670.90402-0.21039-1.1035447769954.49-45.51-1.685560.95354-0.08005-2.7322023609954.44-45.56-11.390000.53281-0.56787-2.9717747389953.02-46.98-2.237140.91744-0.18975-2.4330338859952.78-47.22-5.902500.74389-0.39641-1.5584839619952.26-47.74-2.983750.81982-0.35968-3.5552353829952.23-47.77-3.674620.78015-0.27374-5.0000031589952.16-47.84-6.834290.77593-0.23009-0.6385822299951.97-48.03-12.007500.64287-0.34569-1.0133221459951.97-48.03-12.007500.64287-0.34569-1.0133220619951.97-48.03-12.007500.64287-0.34569-1.0133219779951.97-48.03-12.007500.64287-0.34569-1.0133218939951.97-48.03-12.007500.64287-0.34569-1.0133217519951.76-48.24-48.240000-0.48950-0.4439017509951.76-48.24-48.240000-0.40120-0.1038817379951.76-48.24-48.240000-0.48950-0.4439017369951.76-48.24-48.240000-0.40120-0.1038817239951.76-48.24-48.240000-0.48950-0.4439017229951.76-48.24-48.240000-0.40120-0.1038817099951.76-48.24-48.240000-0.48950-0.4439017089951.76-48.24-48.240000-0.40120-0.1038816679951.76-48.24-48.240000-0.48950-0.4439016669951.76-48.24-48.240000-0.40120-0.1038816539951.76-48.24-48.240000-0.48950-0.4439016529951.76-48.24-48.240000-0.40120-0.1038816399951.76-48.24-48.240000-0.48950-0.4439016389951.76-48.24-48.240000-0.40120-0.1038816259951.76-48.24-48.240000-0.48950-0.4439016249951.76-48.24-48.240000-0.40120-0.103889959951.76-48.24-48.240000-0.48950-0.44390
9949951.76-48.24-48.240000-0.40120-0.103889819951.76-48.24-48.240000-0.48950-0.443909809951.76-48.24-48.240000-0.40120-0.103889679951.76-48.24-48.240000-0.48950-0.443909669951.76-48.24-48.240000-0.40120-0.103889539951.76-48.24-48.240000-0.48950-0.443909529951.76-48.24-48.240000-0.40120-0.103889119951.76-48.24-48.240000-0.48950-0.443909109951.76-48.24-48.240000-0.40120-0.103888979951.76-48.24-48.240000-0.48950-0.443908969951.76-48.24-48.240000-0.40120-0.103888839951.76-48.24-48.240000-0.48950-0.443908829951.76-48.24-48.240000-0.40120-0.103888699951.76-48.24-48.240000-0.48950-0.443908689951.76-48.24-48.240000-0.40120-0.1038817559951.73-48.27-48.270000-0.74216-1.3027217419951.73-48.27-48.270000-0.74216-1.3027217279951.73-48.27-48.270000-0.74216-1.3027217139951.73-48.27-48.270000-0.74216-1.3027216999951.73-48.27-48.270000-0.74216-1.3027216859951.73-48.27-48.270000-0.74216-1.3027216719951.73-48.27-48.270000-0.74216-1.3027216579951.73-48.27-48.270000-0.74216-1.3027216439951.73-48.27-48.270000-0.74216-1.3027216299951.73-48.27-48.270000-0.74216-1.3027216159951.73-48.27-48.270000-0.74216-1.3027216019951.73-48.27-48.270000-0.74216-1.302729999951.73-48.27-48.270000-0.74216-1.302729859951.73-48.27-48.270000-0.74216-1.302729719951.73-48.27-48.270000-0.74216-1.302729579951.73-48.27-48.270000-0.74216-1.302729439951.73-48.27-48.270000-0.74216-1.302729299951.73-48.27-48.270000-0.74216-1.302729159951.73-48.27-48.270000-0.74216-1.302729019951.73-48.27-48.270000-0.74216-1.302728879951.73-48.27-48.270000-0.74216-1.302728739951.73-48.27-48.270000-0.74216-1.302728599951.73-48.27-48.270000-0.74216-1.302728459951.73-48.27-48.270000-0.74216-1.3027217589951.72-48.28-48.280000-0.81197-1.8838717449951.72-48.28-48.280000-0.81197-1.8838717309951.72-48.28-48.280000-0.81197-1.8838717169951.72-48.28-48.280000-0.81197-1.8838717029951.72-48.28-48.280000-0.81197-1.8838716889951.72-48.28-48.280000-0.81197-1.8838716749951.72-48.28-48.280000-0.81197-1.8838716609951.72-48.28-48.280000-0.81197-1.8838716469951.72-48.28-48.280000-0.81197-1.8838716329951.72-48.28-48.280000-0.81197-1.8838716189951.72-48.28-48.280000-0.81197-1.8838716049951.72-48.28-48.280000-0.81197-1.8838710029951.72-48.28-48.280000-0.81197-1.883879889951.72-48.28-48.280000-0.81197-1.88387
9749951.72-48.28-48.280000-0.81197-1.883879609951.72-48.28-48.280000-0.81197-1.883879469951.72-48.28-48.280000-0.81197-1.883879329951.72-48.28-48.280000-0.81197-1.883879189951.72-48.28-48.280000-0.81197-1.883879049951.72-48.28-48.280000-0.81197-1.883878909951.72-48.28-48.280000-0.81197-1.883878769951.72-48.28-48.280000-0.81197-1.883878629951.72-48.28-48.280000-0.81197-1.883878489951.72-48.28-48.280000-0.81197-1.8838717529951.70-48.30-48.300000-0.59018-0.8138217389951.70-48.30-48.300000-0.59018-0.8138217249951.70-48.30-48.300000-0.59018-0.8138217109951.70-48.30-48.300000-0.59018-0.8138216969951.70-48.30-48.300000-0.59018-0.8138216689951.70-48.30-48.300000-0.59018-0.8138216549951.70-48.30-48.300000-0.59018-0.8138216409951.70-48.30-48.300000-0.59018-0.8138216269951.70-48.30-48.300000-0.59018-0.8138216129951.70-48.30-48.300000-0.59018-0.813829969951.70-48.30-48.300000-0.59018-0.813829829951.70-48.30-48.300000-0.59018-0.813829689951.70-48.30-48.300000-0.59018-0.813829549951.70-48.30-48.300000-0.59018-0.813829409951.70-48.30-48.300000-0.59018-0.813829129951.70-48.30-48.300000-0.59018-0.813828989951.70-48.30-48.300000-0.59018-0.813828849951.70-48.30-48.300000-0.59018-0.813828709951.70-48.30-48.300000-0.59018-0.813828569951.70-48.30-48.300000-0.59018-0.8138222459951.40-48.60-12.150000.63134-0.23406-1.1040221619951.40-48.60-12.150000.63134-0.23406-1.1040220779951.40-48.60-12.150000.63134-0.23406-1.1040219939951.40-48.60-12.150000.63134-0.23406-1.1040219099951.40-48.60-12.150000.63134-0.23406-1.1040247169951.18-48.82-2.219090.85607-0.26194-5.0000048739951.07-48.93-0.940960.94265-0.17424-5.0000066969950.88-49.12-1.116360.96401-0.06471-1.3137354799950.45-49.55-1.769640.92812-0.13172-3.1716939489950.14-49.86-1.994400.88771-0.29687-5.0000056869949.90-50.10-1.113330.96742-0.06877-1.5064365549949.80-50.20-0.707040.95514-0.28486-5.0000018059949.47-50.53-16.843330.42199-0.56138-0.7756053849949.39-50.61-3.893080.77032-0.38967-4.2594733429949.35-50.65-4.604550.85790-0.21621-0.6546123929949.33-50.67-16.890000.57244-0.29530-0.3721739469948.98-51.02-10.204000.72517-0.17351-0.1692266829948.73-51.27-1.090850.96263-0.07302-1.5630346319948.39-51.61-4.691820.73151-0.36142-3.4340562339948.29-51.71-1.436390.94301-0.11346-5.0000064039947.81-52.19-1.272930.94250-0.09973-2.4521161649947.56-52.44-3.277500.87832-0.25877-3.6428833349947.00-53.00-2.650000.92452-0.10239-2.79770
47729946.91-53.09-3.539330.88489-0.22918-1.3038545269946.78-53.22-2.046920.93831-0.07891-1.9518444429946.78-53.22-2.046920.93831-0.07891-1.9518443589946.78-53.22-2.046920.93831-0.07891-1.9518442749946.78-53.22-2.046920.93831-0.07891-1.9518441909946.78-53.22-2.046920.93831-0.07891-1.9518461659946.53-53.47-3.341880.88176-0.25872-3.6607046709946.51-53.49-5.349000.82463-0.25726-1.1526344649946.30-53.70-2.826320.82547-0.22107-2.9326143809946.30-53.70-2.826320.82547-0.22107-2.9326142969946.30-53.70-2.826320.82547-0.22107-2.9326142129946.30-53.70-2.826320.82547-0.22107-2.9326141289946.30-53.70-2.826320.82547-0.22107-2.9326139999945.85-54.15-4.165390.86128-0.21617-1.1417839199945.67-54.33-9.055000.73702-0.20480-0.3211831229945.59-54.41-6.045560.77795-0.32521-2.7702923939945.56-54.44-18.146670.57302-0.30598-0.3563339479945.25-54.75-10.950000.72595-0.17766-0.1794439149945.08-54.92-7.845710.74276-0.26414-0.6632747079945.00-55.00-1.964290.87838-0.31049-5.0000055449944.96-55.04-0.902300.94688-0.20130-5.0000032109944.95-55.05-3.440630.85346-0.23649-4.5341661409944.65-55.35-3.459380.79071-0.38916-5.0000054779944.32-55.68-1.740000.93081-0.14720-5.0000046799943.64-56.36-5.123640.84338-0.24869-2.4229139819943.42-56.58-3.328240.88094-0.20430-3.1143339629942.80-57.20-2.288000.91007-0.20588-5.0000023579942.32-57.68-14.420000.40841-0.60531-3.5327537109942.24-57.76-2.139260.91587-0.23211-5.0000036269942.24-57.76-2.139260.91587-0.23211-5.0000035429942.24-57.76-2.139260.91587-0.23211-5.0000034589942.24-57.76-2.139260.91587-0.23211-5.0000033749942.24-57.76-2.139260.91587-0.23211-5.0000022449941.65-58.35-14.587500.54318-0.27053-1.2962421609941.65-58.35-14.587500.54318-0.27053-1.2962420769941.65-58.35-14.587500.54318-0.27053-1.2962419929941.65-58.35-14.587500.54318-0.27053-1.2962419089941.65-58.35-14.587500.54318-0.27053-1.2962455079941.57-58.43-2.247310.92519-0.12662-2.6290848869941.25-58.75-0.995760.95990-0.13772-5.0000049569940.81-59.19-0.970330.94259-0.13539-5.0000022199939.94-60.06-15.015000.52571-0.31562-1.6093721359939.94-60.06-15.015000.52571-0.31562-1.6093720519939.94-60.06-15.015000.52571-0.31562-1.6093719679939.94-60.06-15.015000.52571-0.31562-1.6093718839939.94-60.06-15.015000.52571-0.31562-1.6093724649939.69-60.31-10.051670.69881-0.28526-0.6046015079939.55-60.45-30.225000-0.71327-3.7592814939939.55-60.45-30.225000-0.71327-3.7592814799939.55-60.45-30.225000-0.71327-3.7592814659939.55-60.45-30.225000-0.71327-3.7592814519939.55-60.45-30.225000-0.71327-3.7592814239939.55-60.45-30.225000-0.71327-3.75928
14099939.55-60.45-30.225000-0.71327-3.7592813959939.55-60.45-30.225000-0.71327-3.7592813819939.55-60.45-30.225000-0.71327-3.7592813679939.55-60.45-30.225000-0.71327-3.7592813399939.55-60.45-30.225000-0.71327-3.7592813259939.55-60.45-30.225000-0.71327-3.7592813119939.55-60.45-30.225000-0.71327-3.7592812979939.55-60.45-30.225000-0.71327-3.7592812839939.55-60.45-30.225000-0.71327-3.7592812559939.55-60.45-30.225000-0.71327-3.7592812419939.55-60.45-30.225000-0.71327-3.7592812279939.55-60.45-30.225000-0.71327-3.7592812139939.55-60.45-30.225000-0.71327-3.7592811999939.55-60.45-30.225000-0.71327-3.7592811719939.55-60.45-30.225000-0.71327-3.7592811579939.55-60.45-30.225000-0.71327-3.7592811439939.55-60.45-30.225000-0.71327-3.7592811299939.55-60.45-30.225000-0.71327-3.7592811159939.55-60.45-30.225000-0.71327-3.7592810879939.55-60.45-30.225000-0.71327-3.7592810739939.55-60.45-30.225000-0.71327-3.7592810599939.55-60.45-30.225000-0.71327-3.7592810459939.55-60.45-30.225000-0.71327-3.7592810319939.55-60.45-30.225000-0.71327-3.7592832769939.03-60.97-2.438800.86283-0.30082-5.0000026009938.24-61.76-12.352000.67634-0.34582-0.3750746899937.97-62.03-8.861430.74565-0.23383-0.3288553939937.89-62.11-4.777690.80554-0.35431-5.0000017919937.81-62.19-20.730000.28861-0.69092-1.1892848259937.73-62.27-3.891880.85657-0.24977-1.7459946329937.61-62.39-5.671820.67734-0.44568-3.3504940149937.45-62.55-5.212500.83019-0.26701-1.0622840139937.15-62.85-5.237500.83900-0.27498-0.9825647069937.01-62.99-2.249640.86696-0.43889-5.0000064299936.87-63.13-1.402890.95447-0.08273-2.0164253859936.79-63.21-4.862310.70000-0.60955-5.0000046359936.37-63.63-4.894620.81458-0.40418-5.0000046769936.32-63.68-4.245330.88070-0.20157-5.0000048909936.25-63.75-1.634620.92820-0.14182-4.3875852839936.21-63.79-2.057740.93398-0.09540-2.5044451999936.21-63.79-2.057740.93398-0.09540-2.5044451159936.21-63.79-2.057740.93398-0.09540-2.5044450319936.21-63.79-2.057740.93398-0.09540-2.5044433079936.17-63.83-3.546110.87938-0.13121-4.0015425479936.05-63.95-9.135710.66819-0.31803-0.9343722189935.70-64.30-16.075000.47549-0.32409-1.6413121349935.70-64.30-16.075000.47549-0.32409-1.6413120509935.70-64.30-16.075000.47549-0.32409-1.6413119669935.70-64.30-16.075000.47549-0.32409-1.6413118829935.70-64.30-16.075000.47549-0.32409-1.6413139909935.65-64.35-2.574000.92230-0.21564-5.0000062759935.65-64.35-1.892650.94400-0.10386-2.7414362189935.38-64.62-1.746490.89529-0.33831-5.00000
61639935.17-64.83-4.051880.85954-0.27797-4.0801059799935.15-64.85-1.045970.95898-0.15176-5.0000058959935.15-64.85-1.045970.95898-0.15176-5.0000022319934.74-65.26-16.315000.50497-0.31429-1.5031221479934.74-65.26-16.315000.50497-0.31429-1.5031220639934.74-65.26-16.315000.50497-0.31429-1.5031219799934.74-65.26-16.315000.50497-0.31429-1.5031218959934.74-65.26-16.315000.50497-0.31429-1.5031255059934.73-65.27-2.105480.93392-0.14381-3.3438753869934.59-65.41-5.031540.69499-0.57808-5.0000054569933.80-66.20-6.620000.79078-0.28259-0.5974954109933.56-66.44-5.110770.81541-0.35053-3.2464138829933.55-66.45-8.306250.66183-0.45054-2.6489115089933.52-66.48-33.240000-0.73232-4.1310914949933.52-66.48-33.240000-0.73232-4.1310914809933.52-66.48-33.240000-0.73232-4.1310914669933.52-66.48-33.240000-0.73232-4.1310914529933.52-66.48-33.240000-0.73232-4.1310914249933.52-66.48-33.240000-0.73232-4.1310914109933.52-66.48-33.240000-0.73232-4.1310913969933.52-66.48-33.240000-0.73232-4.1310913829933.52-66.48-33.240000-0.73232-4.1310913689933.52-66.48-33.240000-0.73232-4.1310913409933.52-66.48-33.240000-0.73232-4.1310913269933.52-66.48-33.240000-0.73232-4.1310913129933.52-66.48-33.240000-0.73232-4.1310912989933.52-66.48-33.240000-0.73232-4.1310912849933.52-66.48-33.240000-0.73232-4.1310912569933.52-66.48-33.240000-0.73232-4.1310912429933.52-66.48-33.240000-0.73232-4.1310912289933.52-66.48-33.240000-0.73232-4.1310912149933.52-66.48-33.240000-0.73232-4.1310912009933.52-66.48-33.240000-0.73232-4.1310911729933.52-66.48-33.240000-0.73232-4.1310911589933.52-66.48-33.240000-0.73232-4.1310911449933.52-66.48-33.240000-0.73232-4.1310911309933.52-66.48-33.240000-0.73232-4.1310911169933.52-66.48-33.240000-0.73232-4.1310910889933.52-66.48-33.240000-0.73232-4.1310910749933.52-66.48-33.240000-0.73232-4.1310910609933.52-66.48-33.240000-0.73232-4.1310910469933.52-66.48-33.240000-0.73232-4.1310910329933.52-66.48-33.240000-0.73232-4.1310958699932.62-67.38-1.604290.95226-0.10014-1.9317557859932.62-67.38-1.604290.95226-0.10014-1.9317531309932.52-67.48-8.435000.67439-0.45684-1.9294522209932.52-67.48-16.870000.52599-0.32754-1.7165021369932.52-67.48-16.870000.52599-0.32754-1.7165020529932.52-67.48-16.870000.52599-0.32754-1.7165019689932.52-67.48-16.870000.52599-0.32754-1.7165018849932.52-67.48-16.870000.52599-0.32754-1.7165031919932.24-67.76-13.552000.68156-0.17207-0.1835226019932.06-67.94-13.588000.67477-0.36285-0.40832
63869931.88-68.12-1.135330.92946-0.45909-5.0000061419931.47-68.53-4.283130.73620-0.63156-5.0000062029931.13-68.87-3.279520.91258-0.21538-5.0000046999930.75-69.25-7.694440.76092-0.31319-0.5587339449930.16-69.84-11.640000.64663-0.29813-0.3169264709929.89-70.11-1.046420.93395-0.41022-5.0000052369929.69-70.31-1.152620.96110-0.12442-5.0000051529929.69-70.31-1.152620.96110-0.12442-5.0000050689929.69-70.31-1.152620.96110-0.12442-5.0000061429929.67-70.33-4.395630.72408-0.62080-5.0000038869928.99-71.01-8.876250.65735-0.48074-1.9850846639928.84-71.16-5.473850.83778-0.30680-5.0000031269928.72-71.28-8.910000.63725-0.48329-3.1068360249928.13-71.87-1.752930.94440-0.10327-2.1594959409928.13-71.87-1.752930.94440-0.10327-2.1594922309927.84-72.16-18.040000.43506-0.33455-1.6542121469927.84-72.16-18.040000.43506-0.33455-1.6542120629927.84-72.16-18.040000.43506-0.33455-1.6542119789927.84-72.16-18.040000.43506-0.33455-1.6542118949927.84-72.16-18.040000.43506-0.33455-1.6542164169927.73-72.27-1.680700.93900-0.10563-2.6021033239927.69-72.31-4.253530.85961-0.18864-3.4943415099927.46-72.54-36.270000-0.74907-4.5001814959927.46-72.54-36.270000-0.74907-4.5001814819927.46-72.54-36.270000-0.74907-4.5001814679927.46-72.54-36.270000-0.74907-4.5001814539927.46-72.54-36.270000-0.74907-4.5001814259927.46-72.54-36.270000-0.74907-4.5001814119927.46-72.54-36.270000-0.74907-4.5001813979927.46-72.54-36.270000-0.74907-4.5001813839927.46-72.54-36.270000-0.74907-4.5001813699927.46-72.54-36.270000-0.74907-4.5001813419927.46-72.54-36.270000-0.74907-4.5001813279927.46-72.54-36.270000-0.74907-4.5001813139927.46-72.54-36.270000-0.74907-4.5001812999927.46-72.54-36.270000-0.74907-4.5001812859927.46-72.54-36.270000-0.74907-4.5001812579927.46-72.54-36.270000-0.74907-4.5001812439927.46-72.54-36.270000-0.74907-4.5001812299927.46-72.54-36.270000-0.74907-4.5001812159927.46-72.54-36.270000-0.74907-4.5001812019927.46-72.54-36.270000-0.74907-4.5001811739927.46-72.54-36.270000-0.74907-4.5001811599927.46-72.54-36.270000-0.74907-4.5001811459927.46-72.54-36.270000-0.74907-4.5001811319927.46-72.54-36.270000-0.74907-4.5001811179927.46-72.54-36.270000-0.74907-4.5001810899927.46-72.54-36.270000-0.74907-4.5001810759927.46-72.54-36.270000-0.74907-4.5001810619927.46-72.54-36.270000-0.74907-4.5001810479927.46-72.54-36.270000-0.74907-4.5001810339927.46-72.54-36.270000-0.74907-4.5001852269927.25-72.75-1.774390.92199-0.16184-4.84792
51429927.25-72.75-1.774390.92199-0.16184-4.8479250589927.25-72.75-1.774390.92199-0.16184-4.8479256049926.55-73.45-2.040280.93572-0.12100-2.6309965719926.00-74.00-1.644440.92300-0.15392-3.2945246279925.95-74.05-6.731820.62221-0.54401-5.0000047789925.65-74.35-3.232610.90497-0.11107-3.2576140929925.16-74.84-3.253910.89854-0.14503-3.5039752509924.17-75.83-1.243120.96207-0.14613-5.0000051669924.17-75.83-1.243120.96207-0.14613-5.0000050829924.17-75.83-1.243120.96207-0.14613-5.0000064999924.03-75.97-1.489610.94551-0.11149-2.8128146669923.82-76.18-6.925460.77300-0.39025-3.7810539459923.01-76.99-15.398000.61731-0.22256-0.1779146249922.61-77.39-6.449170.64891-0.42524-5.0000046339921.67-78.33-7.120910.62345-0.49585-3.8118052799921.09-78.91-1.643960.95602-0.09753-3.3491951959921.09-78.91-1.643960.95602-0.09753-3.3491951119921.09-78.91-1.643960.95602-0.09753-3.3491939339920.93-79.07-15.814000.60422-0.25657-0.2622831369920.82-79.18-8.797780.73001-0.33809-3.9955524369920.80-79.20-13.200000.47193-0.49432-1.0215667399920.21-79.79-1.697660.92074-0.15155-3.4910046959919.87-80.13-8.013000.77357-0.29101-1.6549547179919.39-80.61-3.664090.77924-0.40339-5.0000039679919.38-80.62-4.742350.81619-0.27658-5.0000057689918.85-81.15-1.142960.96737-0.11856-5.0000015109918.60-81.40-40.700000-0.77010-1.6914014969918.60-81.40-40.700000-0.77010-1.6914014829918.60-81.40-40.700000-0.77010-1.6914014689918.60-81.40-40.700000-0.77010-1.6914014549918.60-81.40-40.700000-0.77010-1.6914014269918.60-81.40-40.700000-0.77010-1.6914014129918.60-81.40-40.700000-0.77010-1.6914013989918.60-81.40-40.700000-0.77010-1.6914013849918.60-81.40-40.700000-0.77010-1.6914013709918.60-81.40-40.700000-0.77010-1.6914013429918.60-81.40-40.700000-0.77010-1.6914013289918.60-81.40-40.700000-0.77010-1.6914013149918.60-81.40-40.700000-0.77010-1.6914013009918.60-81.40-40.700000-0.77010-1.6914012869918.60-81.40-40.700000-0.77010-1.6914012589918.60-81.40-40.700000-0.77010-1.6914012449918.60-81.40-40.700000-0.77010-1.6914012309918.60-81.40-40.700000-0.77010-1.6914012169918.60-81.40-40.700000-0.77010-1.6914012029918.60-81.40-40.700000-0.77010-1.6914011749918.60-81.40-40.700000-0.77010-1.6914011609918.60-81.40-40.700000-0.77010-1.6914011469918.60-81.40-40.700000-0.77010-1.6914011329918.60-81.40-40.700000-0.77010-1.6914011189918.60-81.40-40.700000-0.77010-1.6914010909918.60-81.40-40.700000-0.77010-1.6914010769918.60-81.40-40.700000-0.77010-1.69140
10629918.60-81.40-40.700000-0.77010-1.6914010489918.60-81.40-40.700000-0.77010-1.6914010349918.60-81.40-40.700000-0.77010-1.6914022179918.20-81.80-20.450000.37950-0.39395-1.9609221339918.20-81.80-20.450000.37950-0.39395-1.9609220499918.20-81.80-20.450000.37950-0.39395-1.9609219659918.20-81.80-20.450000.37950-0.39395-1.9609218819918.20-81.80-20.450000.37950-0.39395-1.9609246259917.98-82.02-6.835000.65293-0.42142-5.0000015029917.72-82.28-41.140000-0.57526-1.9913814889917.72-82.28-41.140000-0.57526-1.9913814749917.72-82.28-41.140000-0.57526-1.9913814609917.72-82.28-41.140000-0.57526-1.9913814189917.72-82.28-41.140000-0.57526-1.9913814049917.72-82.28-41.140000-0.57526-1.9913813909917.72-82.28-41.140000-0.57526-1.9913813769917.72-82.28-41.140000-0.57526-1.9913813349917.72-82.28-41.140000-0.57526-1.9913813209917.72-82.28-41.140000-0.57526-1.9913813069917.72-82.28-41.140000-0.57526-1.9913812929917.72-82.28-41.140000-0.57526-1.9913812509917.72-82.28-41.140000-0.57526-1.9913812369917.72-82.28-41.140000-0.57526-1.9913812229917.72-82.28-41.140000-0.57526-1.9913812089917.72-82.28-41.140000-0.57526-1.9913811669917.72-82.28-41.140000-0.57526-1.9913811529917.72-82.28-41.140000-0.57526-1.9913811389917.72-82.28-41.140000-0.57526-1.9913811249917.72-82.28-41.140000-0.57526-1.9913810829917.72-82.28-41.140000-0.57526-1.9913810689917.72-82.28-41.140000-0.57526-1.9913810549917.72-82.28-41.140000-0.57526-1.9913810409917.72-82.28-41.140000-0.57526-1.9913856289917.14-82.86-1.200870.92961-0.20902-5.0000052199916.77-83.23-2.972500.82834-0.37949-4.8081351359916.77-83.23-2.972500.82834-0.37949-4.8081350519916.77-83.23-2.972500.82834-0.37949-4.8081349679916.77-83.23-2.972500.82834-0.37949-4.8081315059916.63-83.37-41.685000-0.69579-3.5550914919916.63-83.37-41.685000-0.69579-3.5550914779916.63-83.37-41.685000-0.69579-3.5550914639916.63-83.37-41.685000-0.69579-3.5550914499916.63-83.37-41.685000-0.69579-3.5550914219916.63-83.37-41.685000-0.69579-3.5550914079916.63-83.37-41.685000-0.69579-3.5550913939916.63-83.37-41.685000-0.69579-3.5550913799916.63-83.37-41.685000-0.69579-3.5550913659916.63-83.37-41.685000-0.69579-3.5550913379916.63-83.37-41.685000-0.69579-3.5550913239916.63-83.37-41.685000-0.69579-3.5550913099916.63-83.37-41.685000-0.69579-3.5550912959916.63-83.37-41.685000-0.69579-3.5550912819916.63-83.37-41.685000-0.69579-3.55509
12539916.63-83.37-41.685000-0.69579-3.5550912399916.63-83.37-41.685000-0.69579-3.5550912259916.63-83.37-41.685000-0.69579-3.5550912119916.63-83.37-41.685000-0.69579-3.5550911979916.63-83.37-41.685000-0.69579-3.5550911699916.63-83.37-41.685000-0.69579-3.5550911559916.63-83.37-41.685000-0.69579-3.5550911419916.63-83.37-41.685000-0.69579-3.5550911279916.63-83.37-41.685000-0.69579-3.5550911139916.63-83.37-41.685000-0.69579-3.5550910859916.63-83.37-41.685000-0.69579-3.5550910719916.63-83.37-41.685000-0.69579-3.5550910579916.63-83.37-41.685000-0.69579-3.5550910439916.63-83.37-41.685000-0.69579-3.5550910299916.63-83.37-41.685000-0.69579-3.5550925869916.46-83.54-16.708000.56221-0.46778-0.5107531289916.38-83.62-10.452500.61735-0.48085-2.4040652099916.12-83.88-1.553330.90822-0.29213-5.0000051259916.12-83.88-1.553330.90822-0.29213-5.0000050419916.12-83.88-1.553330.90822-0.29213-5.0000015049915.24-84.76-42.380000-0.63557-2.8108914909915.24-84.76-42.380000-0.63557-2.8108914769915.24-84.76-42.380000-0.63557-2.8108914629915.24-84.76-42.380000-0.63557-2.8108914209915.24-84.76-42.380000-0.63557-2.8108914069915.24-84.76-42.380000-0.63557-2.8108913929915.24-84.76-42.380000-0.63557-2.8108913789915.24-84.76-42.380000-0.63557-2.8108913369915.24-84.76-42.380000-0.63557-2.8108913229915.24-84.76-42.380000-0.63557-2.8108913089915.24-84.76-42.380000-0.63557-2.8108912949915.24-84.76-42.380000-0.63557-2.8108912529915.24-84.76-42.380000-0.63557-2.8108912389915.24-84.76-42.380000-0.63557-2.8108912249915.24-84.76-42.380000-0.63557-2.8108912109915.24-84.76-42.380000-0.63557-2.8108911689915.24-84.76-42.380000-0.63557-2.8108911549915.24-84.76-42.380000-0.63557-2.8108911409915.24-84.76-42.380000-0.63557-2.8108911269915.24-84.76-42.380000-0.63557-2.8108910849915.24-84.76-42.380000-0.63557-2.8108910709915.24-84.76-42.380000-0.63557-2.8108910569915.24-84.76-42.380000-0.63557-2.8108910429915.24-84.76-42.380000-0.63557-2.8108939659914.70-85.30-4.265000.82262-0.30253-5.0000058569914.39-85.61-2.088050.93377-0.12301-2.6296757729914.39-85.61-2.088050.93377-0.12301-2.6296739439914.21-85.79-14.298330.57452-0.38594-0.3508746269914.05-85.95-7.813640.60443-0.45794-5.0000036969913.79-86.21-3.192960.82473-0.34473-5.0000036129913.79-86.21-3.192960.82473-0.34473-5.0000035289913.79-86.21-3.192960.82473-0.34473-5.0000034449913.79-86.21-3.192960.82473-0.34473-5.00000
33609913.79-86.21-3.192960.82473-0.34473-5.0000047089913.71-86.29-3.081790.81087-0.41504-5.0000046239913.41-86.59-7.215830.63098-0.52289-5.0000033499912.66-87.34-4.852220.85621-0.20608-4.2111115119912.58-87.42-43.710000-0.78249-1.7797614979912.58-87.42-43.710000-0.78249-1.7797614839912.58-87.42-43.710000-0.78249-1.7797614699912.58-87.42-43.710000-0.78249-1.7797614559912.58-87.42-43.710000-0.78249-1.7797614279912.58-87.42-43.710000-0.78249-1.7797614139912.58-87.42-43.710000-0.78249-1.7797613999912.58-87.42-43.710000-0.78249-1.7797613859912.58-87.42-43.710000-0.78249-1.7797613719912.58-87.42-43.710000-0.78249-1.7797613439912.58-87.42-43.710000-0.78249-1.7797613299912.58-87.42-43.710000-0.78249-1.7797613159912.58-87.42-43.710000-0.78249-1.7797613019912.58-87.42-43.710000-0.78249-1.7797612879912.58-87.42-43.710000-0.78249-1.7797612599912.58-87.42-43.710000-0.78249-1.7797612459912.58-87.42-43.710000-0.78249-1.7797612319912.58-87.42-43.710000-0.78249-1.7797612179912.58-87.42-43.710000-0.78249-1.7797612039912.58-87.42-43.710000-0.78249-1.7797611759912.58-87.42-43.710000-0.78249-1.7797611619912.58-87.42-43.710000-0.78249-1.7797611479912.58-87.42-43.710000-0.78249-1.7797611339912.58-87.42-43.710000-0.78249-1.7797611199912.58-87.42-43.710000-0.78249-1.7797610919912.58-87.42-43.710000-0.78249-1.7797610779912.58-87.42-43.710000-0.78249-1.7797610639912.58-87.42-43.710000-0.78249-1.7797610499912.58-87.42-43.710000-0.78249-1.7797610359912.58-87.42-43.710000-0.78249-1.7797664269912.56-87.44-1.150530.96462-0.14697-5.0000046759912.28-87.72-9.746670.69619-0.33067-1.0205940069912.19-87.81-4.390500.87652-0.19972-5.0000055639911.87-88.13-2.592060.88825-0.18092-4.6257058549911.43-88.57-1.925440.94381-0.12321-2.6406057709911.43-88.57-1.925440.94381-0.12321-2.6406015039911.37-88.63-44.315000-0.64585-2.5220314899911.37-88.63-44.315000-0.64585-2.5220314759911.37-88.63-44.315000-0.64585-2.5220314619911.37-88.63-44.315000-0.64585-2.5220314199911.37-88.63-44.315000-0.64585-2.5220314059911.37-88.63-44.315000-0.64585-2.5220313919911.37-88.63-44.315000-0.64585-2.5220313779911.37-88.63-44.315000-0.64585-2.5220313359911.37-88.63-44.315000-0.64585-2.5220313219911.37-88.63-44.315000-0.64585-2.5220313079911.37-88.63-44.315000-0.64585-2.5220312939911.37-88.63-44.315000-0.64585-2.5220312519911.37-88.63-44.315000-0.64585-2.52203
12379911.37-88.63-44.315000-0.64585-2.5220312239911.37-88.63-44.315000-0.64585-2.5220312099911.37-88.63-44.315000-0.64585-2.5220311679911.37-88.63-44.315000-0.64585-2.5220311539911.37-88.63-44.315000-0.64585-2.5220311399911.37-88.63-44.315000-0.64585-2.5220311259911.37-88.63-44.315000-0.64585-2.5220310839911.37-88.63-44.315000-0.64585-2.5220310699911.37-88.63-44.315000-0.64585-2.5220310559911.37-88.63-44.315000-0.64585-2.5220310419911.37-88.63-44.315000-0.64585-2.5220346419911.22-88.78-8.070910.66593-0.58011-4.8011464439910.72-89.28-1.984000.93937-0.12394-2.6638825199910.69-89.31-22.327500.48193-0.38802-0.3332015019909.93-90.07-45.035000-0.51433-1.7281414879909.93-90.07-45.035000-0.51433-1.7281414739909.93-90.07-45.035000-0.51433-1.7281414179909.93-90.07-45.035000-0.51433-1.7281414039909.93-90.07-45.035000-0.51433-1.7281413899909.93-90.07-45.035000-0.51433-1.7281413339909.93-90.07-45.035000-0.51433-1.7281413199909.93-90.07-45.035000-0.51433-1.7281413059909.93-90.07-45.035000-0.51433-1.7281412499909.93-90.07-45.035000-0.51433-1.7281412359909.93-90.07-45.035000-0.51433-1.7281412219909.93-90.07-45.035000-0.51433-1.7281411659909.93-90.07-45.035000-0.51433-1.7281411519909.93-90.07-45.035000-0.51433-1.7281411379909.93-90.07-45.035000-0.51433-1.7281410819909.93-90.07-45.035000-0.51433-1.7281410679909.93-90.07-45.035000-0.51433-1.7281410539909.93-90.07-45.035000-0.51433-1.7281440799909.72-90.28-4.103640.85742-0.21545-4.9324354889909.41-90.59-2.322820.92211-0.18052-5.0000046289908.34-91.66-8.332730.58403-0.62422-5.0000025879908.32-91.68-18.336000.56113-0.48964-0.5555061669907.70-92.30-5.768750.79542-0.38803-5.0000022069907.67-92.33-23.082500.35143-0.44816-2.5676921229907.67-92.33-23.082500.35143-0.44816-2.5676920389907.67-92.33-23.082500.35143-0.44816-2.5676919549907.67-92.33-23.082500.35143-0.44816-2.5676918709907.67-92.33-23.082500.35143-0.44816-2.5676962449907.46-92.54-2.103180.92921-0.19870-5.0000048859907.43-92.57-3.857080.79126-0.40505-5.0000037429907.05-92.95-4.647500.84697-0.17456-5.0000036589907.05-92.95-4.647500.84697-0.17456-5.0000035749907.05-92.95-4.647500.84697-0.17456-5.0000034909907.05-92.95-4.647500.84697-0.17456-5.0000034069907.05-92.95-4.647500.84697-0.17456-5.0000015069906.30-93.70-46.850000-0.71994-3.8684214929906.30-93.70-46.850000-0.71994-3.8684214789906.30-93.70-46.850000-0.71994-3.8684214649906.30-93.70-46.850000-0.71994-3.86842
14509906.30-93.70-46.850000-0.71994-3.8684214229906.30-93.70-46.850000-0.71994-3.8684214089906.30-93.70-46.850000-0.71994-3.8684213949906.30-93.70-46.850000-0.71994-3.8684213809906.30-93.70-46.850000-0.71994-3.8684213669906.30-93.70-46.850000-0.71994-3.8684213389906.30-93.70-46.850000-0.71994-3.8684213249906.30-93.70-46.850000-0.71994-3.8684213109906.30-93.70-46.850000-0.71994-3.8684212969906.30-93.70-46.850000-0.71994-3.8684212829906.30-93.70-46.850000-0.71994-3.8684212549906.30-93.70-46.850000-0.71994-3.8684212409906.30-93.70-46.850000-0.71994-3.8684212269906.30-93.70-46.850000-0.71994-3.8684212129906.30-93.70-46.850000-0.71994-3.8684211989906.30-93.70-46.850000-0.71994-3.8684211709906.30-93.70-46.850000-0.71994-3.8684211569906.30-93.70-46.850000-0.71994-3.8684211429906.30-93.70-46.850000-0.71994-3.8684211289906.30-93.70-46.850000-0.71994-3.8684211149906.30-93.70-46.850000-0.71994-3.8684210869906.30-93.70-46.850000-0.71994-3.8684210729906.30-93.70-46.850000-0.71994-3.8684210589906.30-93.70-46.850000-0.71994-3.8684210449906.30-93.70-46.850000-0.71994-3.8684210309906.30-93.70-46.850000-0.71994-3.8684215009906.25-93.75-46.875000-0.46160-1.5204214869906.25-93.75-46.875000-0.46160-1.5204214169906.25-93.75-46.875000-0.46160-1.5204214029906.25-93.75-46.875000-0.46160-1.5204213329906.25-93.75-46.875000-0.46160-1.5204213189906.25-93.75-46.875000-0.46160-1.5204212489906.25-93.75-46.875000-0.46160-1.5204212349906.25-93.75-46.875000-0.46160-1.5204211649906.25-93.75-46.875000-0.46160-1.5204211509906.25-93.75-46.875000-0.46160-1.5204210809906.25-93.75-46.875000-0.46160-1.5204210669906.25-93.75-46.875000-0.46160-1.5204267809905.52-94.48-2.099560.93300-0.11744-2.5111532519904.52-95.48-5.967500.82044-0.24649-5.0000040239904.32-95.68-6.378670.81685-0.19284-2.7875618439903.53-96.47-32.156670-0.79879-5.0000018299903.53-96.47-32.156670-0.79879-5.0000018159903.53-96.47-32.156670-0.79879-5.0000018019903.53-96.47-32.156670-0.79879-5.0000017879903.53-96.47-32.156670-0.79879-5.0000067669903.37-96.63-2.013130.93181-0.12927-2.9250766089902.83-97.17-1.129880.96729-0.13612-5.0000032239902.81-97.19-6.074380.79917-0.23553-5.0000040039902.54-97.46-8.121670.75317-0.36210-1.5527940519902.12-97.88-4.449090.81279-0.30972-5.0000033229901.99-98.01-5.445000.82400-0.21553-5.0000046789901.98-98.02-8.168330.76733-0.37073-5.00000
38839901.50-98.50-12.312500.56749-0.57934-3.3920738849901.46-98.54-12.317500.54908-0.56665-2.6989157029901.08-98.92-2.826290.91404-0.15388-2.7127346299901.02-98.98-8.998180.53023-0.81405-5.0000031279899.78-100.22-12.527500.55994-0.58946-3.7739661349898.49-101.51-5.971180.69364-0.44738-5.0000065109898.05-101.95-1.228310.96189-0.14774-5.0000054919897.74-102.26-3.298710.89121-0.20907-5.0000053789897.30-102.70-7.335710.63774-0.69354-5.0000046509896.20-103.80-8.650000.72115-0.47011-5.0000058119895.22-104.78-1.717710.93372-0.24520-5.0000046309895.15-104.85-9.531820.51108-0.78876-5.0000052089894.53-105.47-1.701130.90209-0.24125-5.0000051249894.53-105.47-1.701130.90209-0.24125-5.0000050409894.53-105.47-1.701130.90209-0.24125-5.0000032069894.48-105.52-5.862220.78414-0.46182-5.0000047219894.38-105.62-3.911850.85117-0.27050-5.0000039069894.06-105.94-9.630910.72869-0.49392-5.0000032509892.57-107.43-6.319410.82534-0.24353-5.0000018449892.00-108.00-36.000000-0.73191-0.9957318309892.00-108.00-36.000000-0.73191-0.9957318169892.00-108.00-36.000000-0.73191-0.9957346679891.93-108.07-9.824550.70518-0.50950-5.0000047229891.84-108.16-4.160000.83432-0.29140-5.0000049749891.65-108.35-2.708750.88381-0.24104-5.0000049709890.52-109.48-1.824670.92761-0.22936-5.0000063009890.51-109.49-1.610150.90704-0.44046-5.0000065279890.10-109.90-2.242860.93006-0.15558-3.0898763849889.93-110.07-1.429480.91614-0.30092-5.0000040029889.11-110.89-9.240830.71599-0.39851-1.8784446369887.08-112.92-9.410000.65968-0.54853-5.0000018479886.42-113.58-37.860000-0.82376-1.2330918339886.42-113.58-37.860000-0.82376-1.2330918199886.42-113.58-37.860000-0.82376-1.2330961499886.10-113.90-7.118750.72952-0.45095-5.0000066519885.08-114.92-1.552970.93831-0.26646-5.0000055589884.74-115.26-1.921000.92448-0.24066-5.0000048539883.61-116.39-7.274380.76583-0.46685-3.3829437299883.49-116.51-6.132110.77473-0.26992-5.0000036459883.49-116.51-6.132110.77473-0.26992-5.0000035619883.49-116.51-6.132110.77473-0.26992-5.0000034779883.49-116.51-6.132110.77473-0.26992-5.0000033939883.49-116.51-6.132110.77473-0.26992-5.0000046659883.18-116.82-10.620000.67536-0.48819-5.0000054469882.77-117.23-6.512780.82780-0.31263-5.0000046429882.60-117.40-10.672730.60704-0.64812-5.0000018459882.32-117.68-39.226670-0.76485-1.0813318319882.32-117.68-39.226670-0.76485-1.0813318179882.32-117.68-39.226670-0.76485-1.0813339799882.14-117.86-6.203160.79504-0.28944-5.0000048639880.23-119.77-4.790800.85464-0.19242-5.0000055759880.12-119.88-3.154740.89244-0.21183-5.0000056709880.09-119.91-1.763380.94622-0.19959-5.00000
46689879.87-120.13-10.920910.66624-0.62669-4.2805952219879.66-120.34-4.813600.74463-0.52656-5.0000051379879.66-120.34-4.813600.74463-0.52656-5.0000050539879.66-120.34-4.813600.74463-0.52656-5.0000049699879.66-120.34-4.813600.74463-0.52656-5.0000048849879.40-120.60-4.824000.73173-0.50560-5.0000065009879.02-120.98-2.574040.90422-0.18790-4.1571455209878.58-121.42-4.047330.87649-0.22084-5.0000047449877.87-122.13-7.184120.74312-0.52976-4.4751966269877.54-122.46-3.222630.90349-0.17281-3.1492918409877.41-122.59-40.863330-0.71611-4.2436818269877.41-122.59-40.863330-0.71611-4.2436818129877.41-122.59-40.863330-0.71611-4.2436817989877.41-122.59-40.863330-0.71611-4.2436847629876.54-123.46-4.572590.87249-0.21429-5.0000064879876.32-123.68-2.810910.87130-0.23421-5.0000055339876.14-123.86-3.995480.88483-0.23639-5.0000053949874.93-125.07-9.620770.62732-0.61432-5.0000060389874.64-125.36-3.482220.89499-0.19551-3.3320059549874.64-125.36-3.482220.89499-0.19551-3.3320046819874.32-125.68-12.568000.64485-0.45644-2.6551765139873.94-126.06-2.572650.91513-0.15328-3.8109218419873.37-126.63-42.210000-0.77649-5.0000018279873.37-126.63-42.210000-0.77649-5.0000018139873.37-126.63-42.210000-0.77649-5.0000017999873.37-126.63-42.210000-0.77649-5.0000047249873.21-126.79-5.282920.79328-0.47059-5.0000018389872.27-127.73-42.576670-0.67769-3.8383618249872.27-127.73-42.576670-0.67769-3.8383618109872.27-127.73-42.576670-0.67769-3.8383662629872.23-127.77-3.871820.87574-0.20295-5.0000039899872.04-127.96-9.843080.67592-0.44071-2.8910663469871.38-128.62-3.297950.89209-0.19923-4.8074253779871.30-128.70-8.043750.62316-0.69786-5.0000033489870.87-129.13-6.456500.82237-0.27427-5.0000018469869.86-130.14-43.380000-0.79860-0.9519418329869.86-130.14-43.380000-0.79860-0.9519418189869.86-130.14-43.380000-0.79860-0.9519418399868.17-131.83-43.943330-0.73064-4.0501418259868.17-131.83-43.943330-0.73064-4.0501418119868.17-131.83-43.943330-0.73064-4.0501417979868.17-131.83-43.943330-0.73064-4.0501432099867.50-132.50-7.794120.69673-0.47276-5.0000018379866.67-133.33-44.443330-0.61054-3.2214818239866.67-133.33-44.443330-0.61054-3.2214847599866.25-133.75-8.916670.72500-0.46349-3.3542937549865.96-134.04-6.092730.82887-0.22390-5.0000036709865.96-134.04-6.092730.82887-0.22390-5.0000035869865.96-134.04-6.092730.82887-0.22390-5.0000035029865.96-134.04-6.092730.82887-0.22390-5.0000034189865.96-134.04-6.092730.82887-0.22390-5.0000048199865.53-134.47-4.337740.85342-0.26807-5.0000026039863.51-136.49-27.298000.37645-0.67879-0.95629
46969862.44-137.56-13.756000.62257-0.48306-2.7957749339862.14-137.86-4.595330.84888-0.20616-5.0000048929861.08-138.92-4.630670.80366-0.36490-5.0000065409860.66-139.34-2.629060.92504-0.19819-3.6833633099860.63-139.37-8.198240.71559-0.36942-5.0000037159860.36-139.64-7.349470.70716-0.30988-5.0000036319860.36-139.64-7.349470.70716-0.30988-5.0000035479860.36-139.64-7.349470.70716-0.30988-5.0000034639860.36-139.64-7.349470.70716-0.30988-5.0000033799860.36-139.64-7.349470.70716-0.30988-5.0000046529859.09-140.91-12.810000.58013-0.66792-5.0000047459858.62-141.38-8.316470.70931-0.54739-5.0000044999858.57-141.43-5.439620.81166-0.28532-5.0000044159858.57-141.43-5.439620.81166-0.28532-5.0000043319858.57-141.43-5.439620.81166-0.28532-5.0000042479858.57-141.43-5.439620.81166-0.28532-5.0000041639858.57-141.43-5.439620.81166-0.28532-5.0000058709858.12-141.88-3.941110.88115-0.22127-3.8449057869858.12-141.88-3.941110.88115-0.22127-3.8449018429857.64-142.36-47.453330-0.79615-5.0000018289857.64-142.36-47.453330-0.79615-5.0000018149857.64-142.36-47.453330-0.79615-5.0000018009857.64-142.36-47.453330-0.79615-5.0000017869857.64-142.36-47.453330-0.79615-5.0000018369857.56-142.44-47.480000-0.56571-2.8023939889857.30-142.70-10.976920.63452-0.47908-3.1383466929856.14-143.86-1.653560.95233-0.20152-5.0000047589855.39-144.61-9.640670.69584-0.50132-3.8795539949854.23-145.77-7.672110.76267-0.28931-5.0000032959854.22-145.78-8.575290.67581-0.36791-5.0000064569853.17-146.83-3.058960.91457-0.17868-4.0807667089851.12-148.88-2.809060.92032-0.21080-3.6968433359850.58-149.42-8.301110.75056-0.34688-5.0000046229850.46-149.54-12.461670.47252-0.87553-5.0000046379849.70-150.30-13.663640.51873-0.70418-5.0000025899849.63-150.37-30.074000.31303-0.74781-1.0609553959848.84-151.16-11.627690.58763-0.69270-5.0000031929848.82-151.18-8.398890.61436-0.76327-5.0000026029848.65-151.35-30.270000.33560-0.78245-0.9013538789848.39-151.61-13.782730.55699-0.71363-5.0000039939846.72-153.28-8.067370.75391-0.38847-5.0000060239846.28-153.72-3.660000.88658-0.19778-4.6686559399846.28-153.72-3.660000.88658-0.19778-4.6686556299846.23-153.77-2.562830.85346-0.49140-5.0000047649845.18-154.82-6.192800.81440-0.24110-5.0000065679845.15-154.85-2.121230.91688-0.35904-5.0000054189844.86-155.14-8.618890.75285-0.36758-5.0000032209844.03-155.97-8.665000.73369-0.42937-5.0000032379843.94-156.06-9.753750.70652-0.39013-5.0000061749843.61-156.39-7.447140.78535-0.41347-5.0000040219843.23-156.77-8.251050.76229-0.30826-5.0000046629842.87-157.13-10.475330.70562-0.46139-5.0000063019841.90-158.10-2.635000.85039-0.50413-5.00000
67359841.75-158.25-2.110000.91682-0.33343-5.0000037279841.27-158.73-7.936500.74566-0.27302-5.0000036439841.27-158.73-7.936500.74566-0.27302-5.0000035599841.27-158.73-7.936500.74566-0.27302-5.0000034759841.27-158.73-7.936500.74566-0.27302-5.0000033919841.27-158.73-7.936500.74566-0.27302-5.0000052229840.68-159.32-2.611800.89802-0.33378-5.0000051389840.68-159.32-2.611800.89802-0.33378-5.0000050549840.68-159.32-2.611800.89802-0.33378-5.0000048089840.22-159.78-6.145390.75228-0.52665-5.0000059959839.33-160.67-3.492830.87874-0.24966-5.0000059119839.33-160.67-3.492830.87874-0.24966-5.0000037699838.77-161.23-8.061500.76335-0.32394-5.0000036859838.77-161.23-8.061500.76335-0.32394-5.0000036019838.77-161.23-8.061500.76335-0.32394-5.0000035179838.77-161.23-8.061500.76335-0.32394-5.0000034339838.77-161.23-8.061500.76335-0.32394-5.0000044839837.74-162.26-5.795000.80608-0.38609-5.0000043999837.74-162.26-5.795000.80608-0.38609-5.0000043159837.74-162.26-5.795000.80608-0.38609-5.0000042319837.74-162.26-5.795000.80608-0.38609-5.0000041479837.74-162.26-5.795000.80608-0.38609-5.0000065989836.97-163.03-3.468720.88495-0.23220-5.0000047799836.28-163.72-7.796190.77725-0.27938-5.0000025889835.75-164.25-32.850000.27897-0.83346-0.9847425759835.75-164.25-32.850000.24962-0.81684-1.1630853969835.55-164.45-12.650000.54311-0.66923-5.0000045129834.98-165.02-6.111850.81084-0.27272-5.0000044289834.98-165.02-6.111850.81084-0.27272-5.0000043449834.98-165.02-6.111850.81084-0.27272-5.0000042609834.98-165.02-6.111850.81084-0.27272-5.0000041769834.98-165.02-6.111850.81084-0.27272-5.0000046909834.26-165.74-11.049330.71691-0.53252-5.0000040099832.60-167.40-11.160000.67956-0.33738-4.9364324359827.61-172.39-57.463330-0.55033-0.5128752209827.43-172.57-6.637310.65590-0.65521-5.0000051369827.43-172.57-6.637310.65590-0.65521-5.0000050529827.43-172.57-6.637310.65590-0.65521-5.0000049689827.43-172.57-6.637310.65590-0.65521-5.0000046539827.26-172.74-15.703640.52875-0.74747-5.0000056479827.02-172.98-4.552110.80889-0.32423-5.0000046219826.79-173.21-12.372140.48744-0.85136-5.0000041059826.74-173.26-7.219170.79067-0.33721-5.0000063149826.70-173.30-2.586570.89904-0.34652-5.0000056569825.85-174.15-2.561030.91453-0.25493-5.0000025749825.67-174.33-34.866000.23472-0.84156-1.0479846829824.64-175.36-17.536000.51885-0.61580-3.7919322569824.22-175.78-43.945000-0.61649-4.2528921729824.22-175.78-43.945000-0.61649-4.2528920889824.22-175.78-43.945000-0.61649-4.2528920049824.22-175.78-43.945000-0.61649-4.2528919209824.22-175.78-43.945000-0.61649-4.2528948469823.84-176.16-5.181180.84978-0.26783-5.00000
38929823.62-176.38-16.034550.54829-0.69174-5.0000056189823.54-176.46-5.514380.83843-0.29382-5.0000066129822.50-177.50-4.034090.87412-0.23382-4.8843545109822.29-177.71-5.923670.82892-0.33088-5.0000044269822.29-177.71-5.923670.82892-0.33088-5.0000043429822.29-177.71-5.923670.82892-0.33088-5.0000042589822.29-177.71-5.923670.82892-0.33088-5.0000041749822.29-177.71-5.923670.82892-0.33088-5.0000046519822.28-177.72-16.156360.50611-0.70546-5.0000022579822.25-177.75-44.437500-0.67637-3.3653922439822.25-177.75-44.437500-0.67637-3.3653921739822.25-177.75-44.437500-0.67637-3.3653921599822.25-177.75-44.437500-0.67637-3.3653920899822.25-177.75-44.437500-0.67637-3.3653920759822.25-177.75-44.437500-0.67637-3.3653920059822.25-177.75-44.437500-0.67637-3.3653919919822.25-177.75-44.437500-0.67637-3.3653919219822.25-177.75-44.437500-0.67637-3.3653919079822.25-177.75-44.437500-0.67637-3.3653961509821.05-178.95-11.184380.58476-0.67146-5.0000046549819.97-180.03-16.366360.49982-0.78902-5.0000047369818.05-181.95-6.998080.76528-0.40115-5.0000044719817.71-182.29-7.011150.71542-0.45585-5.0000043879817.71-182.29-7.011150.71542-0.45585-5.0000043039817.71-182.29-7.011150.71542-0.45585-5.0000042199817.71-182.29-7.011150.71542-0.45585-5.0000041359817.71-182.29-7.011150.71542-0.45585-5.0000058529817.56-182.44-2.499180.92924-0.25026-5.0000059839817.19-182.81-4.570250.80855-0.34542-5.0000058999817.19-182.81-4.570250.80855-0.34542-5.0000066249816.99-183.01-3.389070.90381-0.25912-4.7043152289815.20-184.80-5.961290.75473-0.48541-5.0000051449815.20-184.80-5.961290.75473-0.48541-5.0000050609815.20-184.80-5.961290.75473-0.48541-5.0000049769815.20-184.80-5.961290.75473-0.48541-5.0000033089814.78-185.22-10.290000.66739-0.39366-5.0000057009812.96-187.04-4.156440.88379-0.23752-5.0000061519812.95-187.05-11.690630.58637-0.66613-5.0000052699808.13-191.87-6.189360.80143-0.28693-5.0000051859808.13-191.87-6.189360.80143-0.28693-5.0000051019808.13-191.87-6.189360.80143-0.28693-5.0000050179808.13-191.87-6.189360.80143-0.28693-5.0000037289805.93-194.07-9.703500.68048-0.35399-5.0000036449805.93-194.07-9.703500.68048-0.35399-5.0000035609805.93-194.07-9.703500.68048-0.35399-5.0000034769805.93-194.07-9.703500.68048-0.35399-5.0000033929805.93-194.07-9.703500.68048-0.35399-5.0000061339805.61-194.39-10.231050.55120-0.70424-5.0000067769802.63-197.37-2.242840.93546-0.26121-5.0000040659802.54-197.46-8.975460.68321-0.46120-5.0000048499801.94-198.06-7.922400.75463-0.33454-5.0000067929801.18-198.82-3.681850.89636-0.26292-4.9158147379800.74-199.26-8.302500.72653-0.49296-5.00000
58279799.42-200.58-4.457330.84862-0.31168-5.0000053909799.02-200.98-11.165560.62530-0.63674-5.0000039959798.34-201.66-11.862350.64050-0.49259-5.0000056429797.13-202.87-2.983380.88412-0.35787-5.0000037689789.83-210.17-9.553180.73988-0.38085-5.0000036849789.83-210.17-9.553180.73988-0.38085-5.0000036009789.83-210.17-9.553180.73988-0.38085-5.0000035169789.83-210.17-9.553180.73988-0.38085-5.0000034329789.83-210.17-9.553180.73988-0.38085-5.0000047239789.27-210.73-8.780420.68985-0.51447-5.0000056039789.20-210.80-5.697300.82952-0.34585-5.0000061529787.88-212.12-13.257500.52983-0.69176-5.0000033219787.38-212.62-11.812220.64505-0.47668-5.0000055769785.95-214.05-5.945830.79502-0.38426-5.0000056599785.71-214.29-4.983490.83187-0.33324-5.0000047359785.51-214.49-8.249620.74397-0.39212-5.0000064129785.14-214.86-2.827110.90544-0.33948-5.0000046389784.42-215.58-19.598180.35763-0.86440-5.0000057139782.98-217.02-3.444760.80935-0.53995-5.0000059659779.79-220.21-3.336520.81441-0.51969-5.0000058819779.79-220.21-3.336520.81441-0.51969-5.0000064309779.10-220.90-5.259520.83243-0.29235-5.0000058159777.28-222.72-5.710770.76675-0.42083-5.0000057319777.28-222.72-5.710770.76675-0.42083-5.0000041049776.81-223.19-8.584230.76409-0.40642-5.0000040079775.68-224.32-11.806320.65987-0.43037-5.0000058689775.15-224.85-4.888040.86351-0.28933-5.0000057849775.15-224.85-4.888040.86351-0.28933-5.0000040789773.26-226.74-9.447500.70574-0.42706-5.0000056879773.20-226.80-5.531710.83346-0.30674-5.0000046409772.48-227.52-20.683640.34529-0.87927-5.0000060209770.87-229.13-3.096350.91271-0.31431-5.0000059369770.87-229.13-3.096350.91271-0.31431-5.0000060369768.57-231.43-5.031090.86007-0.29780-5.0000059529768.57-231.43-5.031090.86007-0.29780-5.0000037559768.30-231.70-11.585000.65991-0.45162-5.0000036719768.30-231.70-11.585000.65991-0.45162-5.0000035879768.30-231.70-11.585000.65991-0.45162-5.0000035039768.30-231.70-11.585000.65991-0.45162-5.0000034199768.30-231.70-11.585000.65991-0.45162-5.0000055199767.31-232.69-7.506130.78237-0.38487-5.0000065149767.21-232.79-5.060650.83452-0.33155-5.0000057129767.07-232.93-3.235140.82278-0.42315-5.0000055899765.76-234.24-6.330810.80469-0.36967-5.0000046399762.68-237.32-21.574550.35258-0.90740-5.0000056609761.71-238.29-5.957250.79300-0.36795-5.0000057979759.75-240.25-3.696150.79752-0.55854-5.0000048629753.15-246.85-9.142590.73832-0.34848-5.0000061469750.92-249.08-11.860950.60730-0.60231-5.0000047499750.09-249.91-9.611920.71780-0.46767-5.0000065529749.96-250.04-2.841360.83996-0.53481-5.0000047659749.41-250.59-11.932860.65440-0.43495-5.0000046349748.81-251.19-16.746000.48264-0.80350-5.00000
46489747.30-252.70-16.846670.52536-0.69561-5.0000039769743.46-256.54-10.261600.68922-0.65574-5.0000057969742.87-257.13-3.474730.81131-0.48663-5.0000055909742.75-257.25-7.145830.77117-0.41479-5.0000065949742.33-257.67-2.996160.90835-0.32836-5.0000059969741.47-258.53-6.155480.78174-0.40630-5.0000059129741.47-258.53-6.155480.78174-0.40630-5.0000047779738.21-261.79-10.068850.71869-0.39861-5.0000058559735.36-264.64-6.300950.81093-0.34049-5.0000057719735.36-264.64-6.300950.81093-0.34049-5.0000057439735.31-264.69-6.015680.80023-0.41130-5.0000040649734.06-265.94-11.080830.63519-0.60348-5.0000040919733.85-266.15-11.089580.67845-0.50806-5.0000049469732.63-267.37-8.355310.75693-0.33186-5.0000067209731.22-268.78-2.986440.83326-0.60531-5.0000048489731.18-268.82-8.960670.72831-0.39800-5.0000060099730.77-269.23-6.261160.80420-0.35824-5.0000059259730.77-269.23-6.261160.80420-0.35824-5.0000056739727.94-272.06-6.635610.79461-0.37898-5.0000044859724.96-275.04-10.578460.63373-0.53439-5.0000044019724.96-275.04-10.578460.63373-0.53439-5.0000043179724.96-275.04-10.578460.63373-0.53439-5.0000042339724.96-275.04-10.578460.63373-0.53439-5.0000041499724.96-275.04-10.578460.63373-0.53439-5.0000054049724.18-275.82-15.323330.56060-0.61431-5.0000064689723.33-276.67-3.293690.81674-0.53212-5.0000048359721.24-278.76-9.612410.68645-0.47495-5.0000064969718.43-281.57-3.392410.88649-0.42348-5.0000055069718.31-281.69-9.389670.70797-0.48888-5.0000052829712.25-287.75-8.719700.74317-0.35715-5.0000051989712.25-287.75-8.719700.74317-0.35715-5.0000051149712.25-287.75-8.719700.74317-0.35715-5.0000050309712.25-287.75-8.719700.74317-0.35715-5.0000057549709.74-290.26-4.088170.87734-0.40963-5.0000056749705.69-294.31-7.357750.76066-0.41491-5.0000037419705.10-294.90-14.745000.56715-0.55818-5.0000036579705.10-294.90-14.745000.56715-0.55818-5.0000035739705.10-294.90-14.745000.56715-0.55818-5.0000034899705.10-294.90-14.745000.56715-0.55818-5.0000034059705.10-294.90-14.745000.56715-0.55818-5.0000066369703.27-296.73-3.334050.81559-0.63468-5.0000061609700.92-299.08-14.241910.58783-0.63607-5.0000058249700.92-299.08-4.096990.86576-0.42351-5.0000048079700.48-299.52-10.328280.61534-0.61895-5.0000060109697.88-302.12-7.368780.75800-0.40393-5.0000059269697.88-302.12-7.368780.75800-0.40393-5.0000049329697.80-302.20-8.394440.73960-0.37246-5.0000059649696.18-303.82-4.050930.78443-0.57499-5.0000058809696.18-303.82-4.050930.78443-0.57499-5.0000048619695.73-304.27-9.815160.72173-0.44422-5.0000052399695.64-304.36-7.609000.74990-0.48340-5.0000051559695.64-304.36-7.609000.74990-0.48340-5.0000050719695.64-304.36-7.609000.74990-0.48340-5.00000
66789695.64-304.36-3.498390.89352-0.38785-5.0000049199692.11-307.89-8.796860.70687-0.42770-5.0000058289691.58-308.42-7.522440.73962-0.48470-5.0000057449691.58-308.42-7.522440.73962-0.48470-5.0000063859688.57-311.43-4.579850.75499-0.91846-5.0000058429686.95-313.05-7.635370.74924-0.41854-5.0000057589686.95-313.05-7.635370.74924-0.41854-5.0000063989686.08-313.92-4.130530.84228-0.53117-5.0000058419677.54-322.46-7.677620.76549-0.42907-5.0000057579677.54-322.46-7.677620.76549-0.42907-5.0000057409675.79-324.21-4.566340.85060-0.42055-5.0000049039674.31-325.69-8.570790.72263-0.51728-5.0000067489673.65-326.35-3.666850.87788-0.57610-5.0000047509670.32-329.68-12.680000.61976-0.50744-5.0000067629660.48-339.52-3.858180.88252-0.43266-5.0000044849658.88-341.12-12.182860.59670-0.66150-5.0000044009658.88-341.12-12.182860.59670-0.66150-5.0000043169658.88-341.12-12.182860.59670-0.66150-5.0000042329658.88-341.12-12.182860.59670-0.66150-5.0000041489658.88-341.12-12.182860.59670-0.66150-5.0000065809657.20-342.80-3.940230.86895-0.54199-5.0000045259655.06-344.94-12.319290.65485-0.57932-5.0000044419655.06-344.94-12.319290.65485-0.57932-5.0000043579655.06-344.94-12.319290.65485-0.57932-5.0000042739655.06-344.94-12.319290.65485-0.57932-5.0000041899655.06-344.94-12.319290.65485-0.57932-5.0000052689654.43-345.57-9.339730.70689-0.44240-5.0000051849654.43-345.57-9.339730.70689-0.44240-5.0000051009654.43-345.57-9.339730.70689-0.44240-5.0000050169654.43-345.57-9.339730.70689-0.44240-5.0000059929654.23-345.77-4.672570.84799-0.48962-5.0000059089654.23-345.77-4.672570.84799-0.48962-5.0000040779648.21-351.79-14.657920.57498-0.65250-5.0000052559648.07-351.93-9.775830.67843-0.49575-5.0000051719648.07-351.93-9.775830.67843-0.49575-5.0000050879648.07-351.93-9.775830.67843-0.49575-5.0000050039648.07-351.93-9.775830.67843-0.49575-5.0000044989644.04-355.96-12.712860.61034-0.56660-5.0000044149644.04-355.96-12.712860.61034-0.56660-5.0000043309644.04-355.96-12.712860.61034-0.56660-5.0000042469644.04-355.96-12.712860.61034-0.56660-5.0000041629644.04-355.96-12.712860.61034-0.56660-5.0000047639642.98-357.02-13.731540.61636-0.53473-5.0000058109639.49-360.51-4.938490.81455-0.54301-5.0000057269638.86-361.14-5.086480.80920-0.50944-5.0000049879631.53-368.47-9.447950.69722-0.58523-5.0000047519627.98-372.02-15.500830.54318-0.69106-5.0000058389623.05-376.95-5.163700.84610-0.50129-5.0000067219615.96-384.04-4.741240.74442-0.87149-5.0000049459611.94-388.06-10.488110.70343-0.47533-5.0000048609610.85-389.15-11.445590.68807-0.51136-5.0000066649610.51-389.49-4.426020.85371-0.61580-5.0000064699607.80-392.20-5.229330.72379-0.90552-5.00000
45249601.02-398.98-13.299330.64437-0.61986-5.0000044409601.02-398.98-13.299330.64437-0.61986-5.0000043569601.02-398.98-13.299330.64437-0.61986-5.0000042729601.02-398.98-13.299330.64437-0.61986-5.0000041889601.02-398.98-13.299330.64437-0.61986-5.0000059789592.80-407.20-5.502700.79544-0.60209-5.0000058949592.80-407.20-5.502700.79544-0.60209-5.0000066379591.80-408.20-5.102500.72835-0.87817-5.0000048219591.01-408.99-14.103100.53996-0.67499-5.0000064829589.90-410.10-4.940960.81165-0.59867-5.0000065669587.67-412.33-4.739430.81876-0.70140-5.0000067349583.75-416.25-4.676970.82175-0.70675-5.0000052819581.35-418.65-11.017110.68736-0.49428-5.0000051979581.35-418.65-11.017110.68736-0.49428-5.0000051139581.35-418.65-11.017110.68736-0.49428-5.0000050299581.35-418.65-11.017110.68736-0.49428-5.0000048349581.25-418.75-13.508070.58308-0.62276-5.0000048479579.64-420.36-13.560000.61556-0.58959-5.0000060069576.36-423.64-5.724870.83027-0.56338-5.0000059229576.36-423.64-5.724870.83027-0.56338-5.0000065539571.76-428.24-5.420760.71501-0.91278-5.0000049309566.64-433.36-10.834000.69693-0.54262-5.0000048209566.55-433.45-13.982260.54983-0.70614-5.0000048919563.53-436.47-12.124170.55541-0.70757-5.0000045119562.17-437.83-15.636790.56190-0.72312-5.0000044279562.17-437.83-15.636790.56190-0.72312-5.0000043439562.17-437.83-15.636790.56190-0.72312-5.0000042599562.17-437.83-15.636790.56190-0.72312-5.0000041759562.17-437.83-15.636790.56190-0.72312-5.0000066509540.98-459.02-5.216140.80230-0.72661-5.0000049059538.91-461.09-13.174000.55681-0.63259-5.0000052279519.49-480.51-12.986760.53156-0.75876-5.0000051439519.49-480.51-12.986760.53156-0.75876-5.0000050599519.49-480.51-12.986760.53156-0.75876-5.0000049759519.49-480.51-12.986760.53156-0.75876-5.0000052669518.49-481.51-11.744150.67422-0.60291-5.0000051829518.49-481.51-11.744150.67422-0.60291-5.0000050989518.49-481.51-11.744150.67422-0.60291-5.0000050149518.49-481.51-11.744150.67422-0.60291-5.0000049189508.98-491.02-13.270810.57923-0.60373-5.0000048339503.07-496.93-16.030000.54041-0.65055-5.0000052419493.06-506.94-14.081670.53331-0.66327-5.0000051579493.06-506.94-14.081670.53331-0.66327-5.0000050739493.06-506.94-14.081670.53331-0.66327-5.0000049899493.06-506.94-14.081670.53331-0.66327-5.0000044979488.72-511.28-18.260000.48209-0.81755-5.0000044139488.72-511.28-18.260000.48209-0.81755-5.0000043299488.72-511.28-18.260000.48209-0.81755-5.0000042459488.72-511.28-18.260000.48209-0.81755-5.0000041619488.72-511.28-18.260000.48209-0.81755-5.0000049319486.12-513.88-13.888650.60357-0.58768-5.0000049049478.13-521.87-14.104600.53977-0.65606-5.0000052549464.38-535.62-14.095260.55791-0.62433-5.00000
51709464.38-535.62-14.095260.55791-0.62433-5.0000050869464.38-535.62-14.095260.55791-0.62433-5.0000050029464.38-535.62-14.095260.55791-0.62433-5.0000052679443.34-556.66-14.648950.58429-0.60691-5.0000051839443.34-556.66-14.648950.58429-0.60691-5.0000050999443.34-556.66-14.648950.58429-0.60691-5.0000050159443.34-556.66-14.648950.58429-0.60691-5.0000052409442.05-557.95-14.682900.52313-0.67098-5.0000051569442.05-557.95-14.682900.52313-0.67098-5.0000050729442.05-557.95-14.682900.52313-0.67098-5.0000049889442.05-557.95-14.682900.52313-0.67098-5.0000049179383.27-616.73-16.668380.52138-0.66332-5.0000049449353.65-646.35-16.158750.57046-0.68047-5.0000052539340.49-659.51-17.355530.50462-0.67813-5.0000051699340.49-659.51-17.355530.50462-0.67813-5.0000050859340.49-659.51-17.355530.50462-0.67813-5.0000050019340.49-659.51-17.355530.50462-0.67813-5.0000052809311.30-688.70-16.797560.55485-0.69411-5.0000051969311.30-688.70-16.797560.55485-0.69411-5.0000051129311.30-688.70-16.797560.55485-0.69411-5.0000050289311.30-688.70-16.797560.55485-0.69411-5.00000
CustomEquity DD %TradesInpATRSLInpRRInpEMA20MaInpEMA50Ma03.36510.530.751.504.44670.530.75204.97440.530.5203.35330.530.51.501.35263.521201.6221420.5201.342841.52201.342841.51.75201.7224422201.7224421.75205.66390.530.51.7501.29283.522201.29283.521.75203.385312.50.75201.7720432201.7720431.75202.59621.51.51.75201.6317430.5201.391562.521.7501.391562.51.751.7501.102641.51201.7122421201.602441.511.7501.50253.520.75203.65441.51.50.751.7503.96600.530.751.7502.43137321.7502.4313731.751.7502.01223.52.52202.01223.52.51.75202.803912.50.5201.391562.51.51.7501.391562.51.251.7501.391562.511.7503.99521.51.521.7503.99521.51.51.751.7501.641662.50.75200.96244.51.51203.02491.51.50.75202.87631.51.52201.962541.521.7501.962541.51.751.7501.741742.52201.741742.51.75202.59611.51.51.5202.019130.750.7501.252541.50.75201.85174.52.52201.85174.52.51.75202.25281.51.50.751.2501.87184.5321.7501.87184.531.751.75
04.1155120.75201.962541.51.51.7501.962541.51.251.7501.342841.51.5201.342841.51.25202.081962.52202.081962.51.75201.25264.51.52201.25264.51.51.75201.04301.510.751.2502.4313731.51.7502.4313731.251.7502.43137311.7501.6721420.75202.36136.5321.7502.36136.531.751.7501.611762.51202.79390.530.751.2504.9441120.751.501.29283.521.5201.29283.521.25201.84194.522201.84194.521.75201.6218430.75201.66204211.7501.87184.531.51.7501.87184.531.251.7501.87184.5311.7501.7224421.5201.7224421.25203.99511.51.51.51.7501.78243.5211.7502.03214.531201.25264.51.51.5201.25264.51.51.25202.90361.51.50.751.502.01101320.7502.0110131.750.7502.0110131.50.7502.0110131.250.7502.01101310.7501.85164.52.51201.85174.52.51.5201.85174.52.51.25205.44591.521.75203.194111.50.751.501.552441.50.5201.35234.51.50.75201.9714630.75202.36136.531.51.7502.36136.531.251.7502.36136.5311.7504.473912.50.751.5
03.405912.51201.84184.521201.66214221.7501.6621421.751.7501.84194.521.5201.84194.521.25201.88155321.7501.8815531.751.7501.3435412201.3435411.75202.20176.532202.20176.531.75202.07195.52.51204.07491.51.511.7502.0017632202.0017631.75202.081962.51.5202.081962.51.25202.13184321.7502.1318431.751.7503.43541.51.51201.44224.51.511.7501.703311.50.751.2501.602241.50.751.7501.7418431203.3733120.751.2501.6621421.51.7501.6621421.251.7501.78253.5221.7501.78253.521.751.7501.74164.52.50.75202.10193.532202.10193.531.75202.39203.52.521.7502.39203.52.51.751.7502.6020532202.6020531.75201.6614730.75202.14225.52.52202.14225.52.51.75201.95185.52.50.75201.6519420.51.7501.6720622201.6720621.75201.68156.531201.9915631201.4817620.75202.29136321.7502.2913631.751.7501.78253.521.51.7501.78253.521.251.7502.1318431.51.7502.1318431.251.75
02.13184311.7503.99501.51.51.251.7503.963412.50.51.7501.8815531.51.7501.8815531.251.7501.88155311.7505.91601.522201.982052.52201.982052.51.75201.95165.520.75201.4818621201.0981.520.750.7502.39203.52.51.51.7502.39203.52.51.251.7502.39203.52.511.7502.75244.532202.75244.531.75202.1918531201.97155.530.75203.884712.50.751.7502.01213.52.51203.60590.5311.501.271961.52201.271961.51.75202.57250.530.75101.53224.51.50.5201.84234.51.521.7501.84234.51.51.751.7501.43303.51.52201.43303.51.51.75202.01223.52.51.5202.01223.52.51.25201.661742.50.5201.88164.52.521.7501.88164.52.51.751.7501.8416430.751.2501.3434411.5202.11185.532202.11185.531.75201.241761.50.75201.971852.51201.7720431.5201.7720431.25202.61591.51.51.25201.641642.50.75205.40750.531201.84234.51.51.51.7501.84234.51.51.251.7501.62146.530.75205.44581.521.5201.88184.5221.7501.88184.521.751.7501.871752.50.752
02.1014432102.1014431.75102.1014431.5102.1014431.25102.1014431101.64157311.501.42283.51.51204.5749120.751.7502.2913631.51.7502.2913631.251.7502.29136311.7500.89314.512200.89314.511.75202.1117430.51.7501.411771.52201.411771.51.75202.933112.50.751.2502.431372.521.7502.431372.51.751.7501.852151.50.75202.0817530.75202.10165.531201.5829411201.6720621.5201.6720621.25201.88164.52.51.51.7501.88164.52.51.251.7501.88164.52.511.7502.011642.521.7502.011642.51.751.7502.08175.522202.08175.521.75201.271861.51202.58244.531.25202.0017631.5202.0017631.25204.683232.51.75202.14225.52.51.5202.14225.52.51.25201.271961.51.5201.271961.51.25201.12254.510.5202.20176.531.5202.20176.531.25201.88184.521.51.7501.88184.521.251.7501.88184.5211.7502.6020531.5202.6020531.25201.952251.51201.632241.50.51.7501.982052.51.5201.982052.51.252
01.5828410.75203.666812.51.75202.14233.520.5201.0991.5220.7501.0991.521.750.7501.0991.521.50.7501.0991.521.250.7501.0991.5210.7500.98314.511.5202.2615732202.2615731.75202.40250.52.50.75100.99274.510.75201.77511.510.75203.686512.51.25201.391362.50.751.7501.741642.51202.4447210.75202.79390.52.50.751.2501.89167321.501.8916731.751.501.8916731.51.501.8916731.251.504.19600.531.251.501.741742.51.5201.741742.51.25202.75244.531.5202.011642.51.51.7502.011642.51.251.7502.011642.511.7501.962451.52201.962451.51.75202.725511.50.75201.88174.520.75202.36156.52.521.7502.36156.52.51.751.7501.8616520.75201.58156.5311.501.441861.521.7501.441861.51.751.7501.98185.52.521.7501.98185.52.51.751.7502.544011.50.5205.31461.520.75200.98274.511202.933011.50.51.502.431372.51.51.7502.431372.51.251.7502.431372.511.7503.273511.50.51.7501.981761.50.5201.411671.51201.284730.50.752
01.8313430.25201.50186221.7501.5018621.751.7501.8718130.25202.09461.510.751.7501.411771.51.5201.411771.51.25201.36196.51.52201.36196.51.51.75201.79263.51.511.7503.642912.50.51.501.7113731202.08165.521201.6518420.751.7503.00321.51.521.2503.00321.51.51.751.2503.00321.51.51.51.2503.00321.51.51.251.2503.00321.51.511.2502.08175.521.5202.08175.521.25204.15670.52.50.75201.78127321.2501.7812731.751.2501.7812731.51.2501.7812731.251.2501.78127311.2502.11185.531.5202.11185.531.25202.1117430.751.7501.441861.51.51.7501.441861.51.251.7501.441861.511.7501.5942110.751.504.993332.52201.79184.520.5201.92204.530.75202.35155.5321.7502.35155.531.751.7501.33176.51.50.75201.61186.5221.7501.61186.521.751.7501.80381.510.751.501.962451.51.5201.962451.51.25201.9817522201.9817521.75200.99255.510.75202.3313620.25201.78163.530.751.2501.87341.5121.2501.87341.511.751.2501.87341.511.51.25
01.87341.511.251.2501.87341.5111.2501.98185.52.51.51.7501.98185.52.51.251.7501.98185.52.511.7503.0240120.5202.071352.50.25202.36156.52.51.51.7502.36156.52.51.251.7502.36156.52.511.7502.9342210.751.7501.78223.520.751.7502.001852.521.7502.001852.51.751.7501.5018621.51.7501.5018621.251.7501.50186211.7502.13196.52.52202.13196.52.51.75204.19610.5321.504.19610.531.751.504.19610.531.51.501.599120.750.7502.35174321.2502.3517431.751.2502.3517431.51.2502.3517431.251.2502.35174311.2502.89270.532102.89270.531.75102.89270.531.5102.89270.531.25102.89270.531101.1225510.75201.43303.51.51.5201.43303.51.51.25202.20135.52.50.25201.792151.50.5201.96215.51.50.75201.57273.51.50.75202.04166.5321.502.04166.531.751.502.04166.531.51.502.04166.531.251.501.36186.51.51201.95134.530.25201.61176.52.51205.47501.5221.7505.47501.521.751.7501.67126.5321.2501.67126.531.751.2501.67126.531.51.2501.67126.531.251.25
01.67126.5311.2501.1424610.5201.61186.521.51.7501.61186.521.251.7501.61186.5211.7502.0831411.25201.36196.51.51.5201.36196.51.51.25202.011562.50.5201.411671.50.75203.124911.50.751.7501.8615130.251.7504.326912.52201.08265.511202.35155.531.51.7502.35155.531.251.7502.35155.5311.7502.15173.5321.2502.15173.531.751.2502.15173.531.51.2502.15173.531.251.2502.15173.5311.2501.13234.510.51.7501.9620722201.9620721.75201.324540.50.75201.96205.51.511.7501.8418721206.34820.531.25202.07225.51.51201.80273.51.521.7501.80273.51.51.751.7501.87284121.7501.8728411.751.7502.001852.51.51.7502.001852.51.251.7502.001852.511.7502.03912.50.750.7501.44204.51.50.751.7502.122411.50.75101.946130.50.7501.36264111.7502.47156311.501.9816521201.61166.52.50.75201.61196.520.75203.76431.51.511.505.3262121204.883032.51202.111342.52102.111342.51.75102.111342.51.5102.111342.51.251
02.111342.51101.1226511201.661542.50.751.2501.9817521.5201.9817521.25201.6416230.25201.79203.52.50.75201.80174.52.50.5202.2615731.5202.2615731.25201.61206.521201.484230.50.751.7501.8117430.51.501.80273.51.51.51.7501.80273.51.51.251.7504.3029331.75201.06231.510.75102.44153.532102.44153.531.75102.44153.531.5102.44153.531.25102.44153.531105.172632.50.5201.50186.51.521.7501.50186.51.51.751.7501.65333.511201.991542.50.751.7502.10183.531201.8712430.5102.92510.52.50.751.503.666712.51.5203.9835120.51.7505.81481211.500.732830.50.751.2501.59101220.7501.5910121.750.7501.5910121.50.7501.5910121.250.7501.59101210.7501.464040.50.751.7502.10193.531.5202.10193.531.25202.17203.52.50.5203.0135210.751.501.78154.52.521.2501.78154.52.51.751.2501.78154.52.51.51.2501.78154.52.51.251.2501.78154.52.511.2501.3625410.751.7502.90250.520.75102.97261.520.751.2502.0115620.52
02.87270.52.52102.87270.52.51.75102.87270.52.51.5102.87270.52.51.25102.87270.52.51104.355212.511.7501.5128512201.5128511.75201.2824610.75201.76144.52.50.751.2501.82177221.7501.8217721.751.7504.56371221.2504.5637121.751.2504.5637121.51.2504.5637121.251.2504.56371211.2501.991742.50.51.7501.8413430.75101.85373.512201.85373.511.75201.55294.511.25201.00254.5111.7503.92440.52.50.5202.111572.50.75202.65551.5121.7502.65551.511.751.7501.1191.51.50.750.7504.84421.520.751.7501.5934110.751.2506.06511.521201.81183.52.521.2501.81183.52.51.751.2501.81183.52.51.51.2501.81183.52.51.251.2501.81183.52.511.2502.39183.5321.7502.39183.531.751.7502.6462211.75202.44153.52.52102.44153.52.51.75102.44153.52.51.5102.44153.52.51.25102.44153.52.51102.1811630.5201.50186.51.51.51.7501.50186.51.51.251.7501.50186.51.511.7503.78451.51.521.503.78451.51.51.751.503.78451.51.51.51.502.483711.521.2502.483711.51.751.25
02.483711.51.51.2502.483711.51.251.2502.483711.511.2504.683232.51.5204.683232.51.25201.55214.51.50.51.7502.13196.52.51.5202.13196.52.51.25201.441661.50.751.7501.12285.512201.12285.511.75202.031012.520.7502.031012.51.750.7502.031012.51.50.7502.031012.51.250.7502.031012.510.7501.55453.50.50.75200.79821.50.750.7502.08236.522202.08236.521.75202.66221.51.50.75101.89215.51.50.5201.5128511.5201.5128511.25201.9128210.751.2500.74273.50.50.751.2502.4311730.751.7502.09245.51.52202.09245.51.51.75202.48166321.502.4816631.751.502.4816631.51.502.4816631.251.502.23183.530.75202.45204311.501.81184.530.5201.871762.511.502.46126321.2502.4612631.751.2502.4612631.51.2502.4612631.251.2502.46126311.2503.26183.530.5201.561771.521.7501.561771.51.751.7501.2922610.51.7501.8727411.51.7501.8727411.251.7502.021262.50.51.7501.651572.511.502.44136.520.25204.0331130.751.2501.2622710.52
03.56440.5321.2503.56440.531.751.2503.56440.531.51.2503.56440.531.251.2503.56440.5311.2505.37561.521.25202.011761.50.51.7502.10165.5311.506.3323130.75104.6130332202.452341.511.501.9620721.5201.9620721.25202.3512620.251.7501.8217721.51.7501.8217721.251.7501.82177211.7502.39183.531.51.7502.39183.531.251.7502.39183.5311.7501.3213230.251.7501.7684320.7501.768431.750.7501.768431.50.7501.768431.250.7501.7684310.7501.98215.51.521.7501.98215.51.51.751.7501.67176.52.511.501.1552.530.50.7502.6461211.5202.61521.5111.7505.5138130.5204.6534130.51.7503.9030120.51.505.344612.511.502.44651.511.75201.99165.5221.7501.99165.521.751.7501.0662.52.50.50.7501.7950110.751.7505.47491.521.51.7502.5790.530.750.7501.09285.511.5201.09285.511.25200.983750.50.75201.5092.52.520.7501.5092.52.51.750.7501.5092.52.51.50.7501.5092.52.51.250.7501.5092.52.510.7501.882151.511.7501.7456110.752
01.09245.510.5202.091252.50.251.7501.04312.50.50.751.2502.86250.530.51.2502.65541.511.51.7501.183650.511.7501.359130.25104.865612.521.7504.865612.51.751.7501.0561.520.50.7501.57502.50.50.75201.851342.50.25201.5482.5320.7501.5482.531.750.7501.5482.531.50.7501.5482.531.250.7501.5482.5310.7501.90195.51.50.51.7502.451672.52202.451672.51.75201.81184.520.51.7502.36116.530.751.7502.0210732102.0210731.75102.0210731.5102.0210731.25102.0210731101.561771.51.51.7501.561771.51.251.7501.561771.511.7501.53245111.7505.79292.530.5201.8813530.751.7502.001811.50.5102.041462.521.2502.041462.51.751.2502.041462.51.51.2502.041462.51.251.2502.041462.511.2501.85363.511.5201.56264.5121.7501.56264.511.751.7501.8418720.75201.5925110.75102.01165221.7502.0116521.751.7501.6981.52.50.750.7501.15245.5111.7501.98215.51.51.51.7501.98215.51.51.251.7504.98670.5311.7501.053850.521.7501.053850.51.751.75
01.79243.51.50.751.7501.495240.52201.495240.51.75205.8049121.251.501.6983.5320.7501.6983.531.750.7501.6983.531.50.7501.6983.531.250.7501.6983.5310.7504.992832.50.75201.931672.521.501.931672.51.751.501.931672.51.51.501.931672.51.251.506.5452130.75201.9913330.25201.861272.521.2501.861272.51.751.2501.861272.51.51.2501.861272.51.251.2501.861272.511.2500.973950.51201.691642.521.2501.691642.51.751.2501.691642.51.51.2501.691642.51.251.2501.691642.511.2501.11101.51.520.7501.11101.51.51.750.7501.11101.51.51.50.7501.11101.51.51.250.7501.11101.51.510.7502.09245.51.51.5202.09245.51.51.25202.22183.52.50.751.7502.3310632102.3310631.75102.3310631.5102.3310631.25102.3310631103.1163212202.26134.52.52102.26134.52.51.75102.26134.52.51.5102.26134.52.51.25102.26134.52.51102.432041.50.751.501.6283320.7501.628331.750.7501.628331.50.7501.628331.250.7501.6283310.7502.2230410.52
01.76154.52.50.751.7502.22125.52.50.251.7501.935130.521.7501.935130.51.751.7501.56264.511.51.7501.56264.511.251.7500.953350.50.751.7501.4225611200.792740.50.751.2501.96185.51.50.751.7501.56163.522101.56163.521.75101.56163.521.5101.56163.521.25101.56163.521101.144250.52201.144250.51.75202.4318430.751.501.87146.52.521.2501.87146.52.51.751.2501.87146.52.51.51.2501.87146.52.51.251.2501.87146.52.511.2501.68403.50.50.751.7501.03921.520.7501.03921.51.750.7501.03921.51.50.7501.03921.51.250.7501.03921.510.7501.80323.510.75201.99165.521.51.7501.99165.521.251.7501.99165.5211.7501.992311.50.51.2501.98165.52.50.751.7501.97155.520.751.7501.892251.521.7501.892251.51.751.7501.225330.50.7501.72193.5221.2501.72193.521.751.2501.72193.521.51.2501.72193.521.251.2501.72193.5211.2504.334811.511.501.644440.521.7501.644440.51.751.7501.97124.530.251.7503.713512.521.2503.713512.51.751.2503.713512.51.51.2503.713512.51.251.2503.713512.511.25
01.8512430.251.7502.602611.52102.602611.51.75102.602611.51.5102.602611.51.25102.602611.51101.772041.50.51.501.00244.510.751.7501.931262.52101.931262.51.75101.931262.51.5101.931262.51.25101.931262.51101.15225.510.751.7501.49251.512101.49251.511.75101.49251.511.5101.49251.511.25101.49251.511101.921862.521.501.921862.51.751.501.921862.51.51.501.921862.51.251.502.45126.520.251.7501.345430.50.7502.11175.5321.502.11175.531.751.502.11175.531.51.502.11175.531.251.501.92106.532101.92106.531.75101.92106.531.5101.92106.531.25101.92106.531102.0116521.51.7502.0116521.251.7502.01165211.7502.27134.532102.27134.531.75102.27134.531.5102.27134.531.25102.27134.531103.78441.51.51.251.500.862130.50.75102.08236.521.5202.08236.521.25202.96214321.502.9621431.751.502.9621431.51.502.9621431.251.501.2853.530.50.7500.74203.50.50.75101.91175.520.52
01.225020.50.75201.81163.52.50.751.2501.6517620.751.502.44641.511.5201.93255121.7501.9325511.751.7502.43133.530.5101.935030.51.51.7502.4013532102.4013531.75102.4013531.5102.4013531.25102.4013531102.40571.511201.495140.51.5202.962441.521.502.962441.51.751.502.962441.51.51.502.962441.51.251.501.846030.51.75201.98134.52.50.25202.60185311.501.5016620.751.7501.33424.50.50.75202.40171.530.25201.892251.51.51.7501.892251.51.251.7502.1013520.25204.3927331202.44133.52.50.5101.77164.530.751.7501.53255.5121.7501.53255.511.751.7505.294712.51.251.501.504640.51201.82164.530.51.7501.811951.50.51.7501.861812.50.25201.193750.51.51.7501.193750.51.251.7501.04262.50.52101.04262.50.51.75101.04262.50.51.5101.04262.50.51.25101.04262.50.51101.4227612201.4227611.75202.04186.52.521.502.04186.52.51.751.502.04186.52.51.51.502.04186.52.51.251.501.5322510.751.7502.65531.511.251.75
02.23353.511.25201.5512730.751.505.56551211.7501.396230.50.7501.861242.50.75101.8215530.5202.0913622102.0913621.75102.0913621.5102.0913621.25102.0913621104.99390.52.50.51.7505.0468121.25201.9325511.51.7501.9325511.251.7502.22135.520.25201.02345.50.50.75202.57100.5320.7502.57100.531.750.7502.57100.531.50.7502.57100.531.250.7502.57100.5310.7502.171472.51203.39270.522103.39270.521.75103.39270.521.5103.39270.521.25103.39270.521102.73451.5111.501.91185.52.50.5202.0912630.751.502.19223.520.51.7502.17253.51.50.5201.3610130.251.2502.36762.50.25101.644340.51.51.7501.644340.51.251.7501.6827410.51.7501.77452.50.50.751.7501.821652.50.5201.144150.51.5201.144150.51.25204.865412.51.251.7504.99351.530.5203.04180.530.5101.53255.511.51.7501.53255.511.251.7501.252330.52101.252330.51.75101.252330.51.5101.252330.51.25101.252330.51101.186120.50.75
02.371162.50.25201.0892.51.520.7501.0892.51.51.750.7501.0892.51.51.50.7501.0892.51.51.250.7501.0892.51.510.7502.35371.510.5202.451842.511.501.8912420.5101.61911.50.750.7501.934930.51.251.7502.67184.52.511.501.845930.51.5202.91661.512203.9324120.75101.6991.52.520.7501.6991.52.51.750.7501.6991.52.51.50.7501.6991.52.51.250.7501.6991.52.510.7502.18143.530.75101.553630.50.5201.505040.51.25201.04352.50.521.2501.04352.50.51.751.2501.04352.50.51.51.2501.04352.50.51.251.2501.04352.50.511.2501.03223.50.52101.03223.50.51.75101.03223.50.51.5101.03223.50.51.25101.03223.50.51102.19193.52.50.51.7501.891242.50.5101.033230.521.2501.033230.51.751.2501.033230.51.51.2501.033230.51.251.2501.033230.511.2505.60471.5211.7505.80501221.505.8050121.751.505.8050121.51.503.49510.520.751.502.87390.520.751.2501.6424510.5201.77164.520.751.7504.21600.52.50.751.7501.566620.51.75204.234911.51.251.501.6961.530.50.7501.50166.51.50.751.75
02.2911630.751.7501.501462.50.751.502.18143.52.50.75101.644240.511.7502.37331.510.51.7501.423060.50.75201.06365.50.51206.35441.52.50.75201.871512.50.251.7505.0771121.75203.0454211202.79471.5121.502.79471.511.751.502.79471.511.51.501.61166.520.751.7501.22353.50.50.5201.5082.52.50.750.7501.46126.530.751.500.813120.50.751.2501.53293.50.521.2501.53293.50.51.751.2501.53293.50.51.51.2501.53293.50.51.251.2501.53293.50.511.2501.673170.52201.673170.51.75202.1413422102.1413421.75102.1413421.5102.1413421.25102.1413421101.0662.520.50.7501.4227611.5201.4227611.25202.361361.50.25200.74193.50.50.51.2501.72173.520.751.2502.792212.50.51.2501.974830.511.7507.23850.531.5200.6463.520.50.7501.21236.510.5201.16395.50.52201.16395.50.51.75201.57143.520.5101.5122711203.12241.51.52103.12241.51.51.75103.12241.51.51.5103.12241.51.51.25103.12241.51.51102.19133.530.25200.98305.50.50.751.75
01.97142.530.25201.82174.52.50.51.7501.566520.51.5201.51374.50.50.751.7502.431642.50.751.504.772932.511.7501.831742.50.51.501.78303.5111.7501.27325.50.511.7502.451672.51.5202.451672.51.25200.92424.50.51202.6559211.25201.32236111.7506.8025132106.8025131.75106.8025131.5106.8025131.25106.8025131100.79621.50.50.7501.881951.50.751.7501.99185.51.511.501.04242.50.50.75101.77842.520.7501.77842.51.750.7501.77842.51.50.7501.77842.51.250.7501.77842.510.7501.671622.50.25205.47481.521.251.7501.503340.50.751.501.662770.51201.22225.510.51.7502.286130.52201.8915520.751.7502.03196211.502.0910630.751.2502.39135.530.751.7501.224520.50.751.7501.671262.50.751.2501.283440.50.5201.4722710.75200.90244.50.50.751.2501.14345.50.521.7501.14345.50.51.751.7504.3029331.5204.3029331.25201.5072.530.750.7501.7710730.751.2505.0523330.5202.431172.50.751.7501.5092.5220.7501.5092.521.750.75
01.5092.521.50.7501.5092.521.250.7501.5092.5210.7501.891652.50.751.7500.6493.5120.7500.6493.511.750.7500.6493.511.50.7500.6493.511.250.7500.6493.5110.7501.35562.50.521.7501.35562.50.51.751.7501.202840.521.2501.202840.51.751.2501.202840.51.51.2501.202840.51.251.2501.202840.511.2504.67201.520.75101.44313.50.50.51.7502.2111730.5202.25323.5121.7502.25323.511.751.7502.0315620.51.7501.23532.50.50.7505.294812.521.505.294812.51.751.505.294812.51.51.501.89165221.2501.8916521.751.2501.8916521.51.2501.8916521.251.2501.89165211.2501.622870.50.75203.80330.52.50.51.502.961942.521.502.961942.51.751.502.961942.51.51.502.961942.51.251.501.11384.50.511.7502.649630.5101.713230.50.51.7501.41153.520.75104.156211.51201.0882.51.50.750.7502.371162.50.5104.742312.50.75101.8715520.751.2501.7083.52.520.7501.7083.52.51.750.7501.7083.52.51.50.7501.7083.52.51.250.7501.7083.52.510.7501.36912.50.25100.92321.50.50.751.25
02.5990.52.50.750.7500.856320.50.7501.553260.51201.38226.510.75200.802040.50.75101.3393220.7501.339321.750.7501.339321.50.7501.339321.250.7501.3393210.7501.35542.50.50.7502.36136.52.50.751.7501.2953.52.50.50.7501.765230.51201.57522.50.511.7501.3221610.751.7501.2230.530.750.500.72102.5120.7500.72102.511.750.7500.72102.511.50.7500.72102.511.250.7500.72102.5110.7501.63832.520.7501.63832.51.750.7501.63832.51.50.7501.63832.51.250.7501.63832.510.7501.523040.50.51.7503.58440.52.521.2503.58440.52.51.751.2503.58440.52.51.51.2503.58440.52.51.251.2503.58440.52.511.2502.45194211.501.611011.520.7501.611011.51.750.7501.611011.51.50.7501.611011.51.250.7501.611011.510.7501.39622.50.50.7501.9827112101.9827111.75101.9827111.5101.9827111.25101.9827111104.42321.530.51.7501.4421710.51.7504.865512.51.51.7501.5424712201.5424711.75200.953130.750.502.551371.50.25202.4212620.51
00.872030.50.51.2501.083520.521.2501.083520.51.751.2501.083520.51.51.2501.083520.51.251.2501.083520.511.2501.845730.51.25200.819110.750.7500.9393120.7500.939311.750.7500.939311.50.7500.939311.250.7500.9393110.7501.131341.50.5101.7061.52.50.50.7503.03213.52.511.502.031072.52102.031072.51.75102.031072.51.5102.031072.51.25102.031072.51101.35552.50.51.51.7501.67106.530.751.2502.67194.5311.501.99155321.2501.9915531.751.2501.9915531.51.2501.9915531.251.2501.99155311.2503.60331.51.50.51.7502.371261.50.5104.31273311.7501.563530.50.751.501.7717420.51.501.93126.52.52101.93126.52.51.75101.93126.52.51.5101.93126.52.51.25101.93126.52.51101.561571.50.751.7502.79461.511.251.504.753032.521.7504.753032.51.751.7500.871730.50.5101.06385.50.51.5201.06385.50.51.25206.06591221.7506.0659121.751.7501.93155.530.5200.812620.52100.812620.51.75100.812620.51.5100.812620.51.251
00.812620.51101.331322.50.251.7501.89281.510.51.504.235011.521.504.235011.51.751.504.235011.51.51.501.71164221.2501.7116421.751.2501.7116421.51.2501.7116421.251.2501.71164211.2504.58321.520.51.7501.351641.50.751.2501.591841.521.2501.591841.51.751.2501.591841.51.51.2501.591841.51.251.2501.591841.511.2505.07351.520.5203.23194.52.521.503.23194.52.51.751.503.23194.52.51.51.503.23194.52.51.251.501.95141.530.251.7501.8413530.51.7501.33652.50.51.75202.09145.5321.2502.09145.531.751.2502.09145.531.51.2502.09145.531.251.2502.09145.5311.2501.357330.750.7501.0296120.7501.029611.750.7501.029611.50.7501.029611.250.7501.0296110.7501.673070.51.5201.673070.51.25204.86341.520.751.500.75163.50.50.5101.02254.50.521.2501.02254.50.51.751.2501.02254.50.51.51.2501.02254.50.51.251.2501.02254.50.511.2501.63246121.7501.6324611.751.7501.656320.51.25201.333820.50.751.503.48512121.7503.4851211.751.7501.8317520.52
02.4896.530.5103.7517130.5100.809210.750.7501.926720.52207.23860.531.75204.115511.511.7502.67214.51.511.503.326630.25101.93165.52.50.51.7502.1212520.251.7501.35542.50.51.251.7501.09404.50.521.7501.09404.50.51.751.7505.1972122201.86204.510.51.501.231441.52101.231441.51.75101.231441.51.5101.231441.51.25101.231441.51101.278230.25102.4310730.51.7502.55473.50.521.7502.55473.50.51.751.7501.28335.50.51.51.7501.28335.50.51.251.7502.27173.530.751.7501.278230.251.2501.1391.510.750.7501.95612.50.50.7501.507430.750.7501.573610.50.751.2504.753032.51.51.7504.753032.51.251.7502.08124.520.5101.563560.52201.563560.51.75202.00195.51.521.502.00195.51.51.751.502.00195.51.51.51.502.00195.51.51.251.501.9113430.51.2501.07211.510.51.2501.4373.530.750.7501.24474.50.52201.24474.50.51.75203.01195321.503.0119531.751.503.0119531.51.503.0119531.251.502.5466.530.25100.7292.510.750.7500.6483.510.750.75
01.6914420.751.2501.9914620.751.2501.6324611.51.7501.6324611.251.7501.871242.50.251.7503.82301.5221.2503.82301.521.751.2503.82301.521.51.2503.82301.521.251.2503.82301.5211.2501.99124.52.50.251.7501.76382.50.50.751.501.9475320.7501.947531.750.7501.947531.50.7501.947531.250.7501.9475310.7502.10176.51.50.5201.33642.50.51.5204.822332.50.51.7502.4876.52.50.25101.0662.51.50.50.7502.0681.530.750.7501.5424711.5201.5424711.25202.411352.52102.411352.51.75102.411352.51.5102.411352.51.25102.411352.51102.24125.520.251.7500.9895.5120.7500.9895.511.750.7500.9895.511.50.7500.9895.511.250.7500.9895.5110.7502.09206221.502.0920621.751.502.0920621.51.502.0920621.251.501.571861.511.504.86670.520.75202.13116.530.5202.4113522102.4113521.75102.4113521.5102.4113521.25102.4113521105.1537321.75202.67194.5211.501.78293.510.751.7507.8358131202.387620.251
00.9516610.25201.925620.521.7501.925620.51.751.7501.442760.50.751.7503.46482111.7501.8684.52.520.7501.8684.52.51.750.7501.8684.52.51.50.7501.8684.52.51.250.7501.8684.52.510.7502.47136.51.50.25204.29283321.7504.2928331.751.7500.808310.750.7501.53236.511202.25313.511.51.7502.25313.511.251.7502.381261.50.251.7502.2910630.51.7505.6247130.751.7505.8929130.51.502.28134.522102.28134.521.75102.28134.521.5102.28134.521.25102.28134.521102.00124.52.50.75102.54563.50.51.75206.0657121.251.7502.27155.51.521.2502.27155.51.51.751.2502.27155.51.51.51.2502.27155.51.51.251.2502.27155.51.511.2501.49225.5111.501.685220.511.7502.08861.520.7502.08861.51.750.7502.08861.51.50.7502.08861.51.250.7502.08861.510.7501.38216.510.51.7501.0116710.25202.08124.52.50.5104.7425330.75202.2475.530.25101.5082.520.750.7503.19183.530.51.7503.4850211.51.7501.471561.50.751.501.46146.52.50.751.500.952350.50.751.2505.0770121.52
01.53296.50.50.75201.04285.50.50.51.7501.81164.5221.2501.81164.521.751.2501.81164.521.51.2501.81164.521.251.2501.81164.5211.2501.37562.50.51202.55463.50.51.51.7501.3841320.501.384131.750.501.384131.50.501.384131.250.501.3841310.501.551272.50.751.502.59100.52.520.7502.59100.52.51.750.7502.59100.52.51.50.7502.59100.52.51.250.7502.59100.52.510.7502.57621.511.25201.8215720.751.7501.01361.50.521.2501.01361.50.51.751.2501.01361.50.51.51.2501.01361.50.51.251.2501.01361.50.511.2501.00101120.7501.0010111.750.7501.0010111.50.7501.0010111.250.7501.00101110.7501.1313610.5107.0047231.75206.3739130.751.501.925520.51.51.7501.98122.530.251.7502.55125.532102.55125.531.75102.55125.531.5102.55125.531.25102.55125.531100.831840.50.51.2501.1418110.5101.72203.51.521.2501.72203.51.51.751.2501.72203.51.51.51.2501.72203.51.51.251.2501.72203.51.511.2501.7140.5320.501.7140.531.750.501.7140.531.50.501.7140.531.250.5
01.7140.5310.501.2330.52.50.750.501.112550.521.2501.112550.51.751.2501.112550.51.51.2501.112550.51.251.2501.112550.511.2502.67491111.503.48223.52.521.503.48223.52.51.751.503.48223.52.51.51.503.48223.52.51.251.500.96312.50.750.502.47252.510.751.2501.406220.50.7501.12394.50.51.51.7501.12394.50.51.251.7501.398220.750.7500.696110.50.7501.18611.50.50.7501.6622510.51.7502.96204221.502.9620421.751.502.9620421.51.502.9620421.251.502.09114.530.5104.4126122104.4126121.75104.4126121.5104.4126121.25104.4126121101.22134.51.50.5102.38175.52.511.500.892140.52100.892140.51.75100.892140.51.5100.892140.51.25100.892140.51100.64641.50.50.7505.08760.52.51200.6463.51.50.50.7504.8832320.75201.4254.52.50.50.7501.21941.520.7501.21941.51.750.7501.21941.51.50.7501.21941.51.250.7501.21941.510.7501.442960.511.7502.561271.50.251.7502.201671.50.5202.02165.5211.504.2928331.51.75
04.2928331.251.7501.24464.50.51.5201.8812420.75105.2135321202.0085.51.520.7502.0085.51.51.750.7502.0085.51.51.50.7502.0085.51.51.250.7502.0085.51.510.7500.812420.50.75101.58174.51.521.2501.58174.51.51.751.2501.58174.51.51.51.2501.58174.51.51.251.2501.58174.51.511.2502.58972.50.5101.555720.51201.8774.5320.7501.8774.531.750.7501.8774.531.50.7501.8774.531.250.7501.8774.5310.7501.76333.50.50.751.501.93175.520.51.7501.96381121.2501.9638111.751.2501.9638111.51.2501.9638111.251.2501.96381111.2501.78662.50.52202.387620.251.2502.0517620.51.502.25115.530.5101.7723410.51.507.34870.532200.86102120.7500.8610211.750.7500.8610211.50.7500.8610211.250.7500.86102110.7501.632570.50.751.7502.20233.51.50.51.7501.67162.52.50.25202.3910620.251.503.23204.5321.503.23204.531.751.503.23204.531.51.503.23204.531.251.502.36106.530.51.7502.54553.50.51.5202.137530.25102.00134.520.25201.49344.50.50.52
01.453160.521.7501.453160.51.751.7502.0212330.251.7501.654520.511.501.338320.750.7501.53256.512201.53256.511.75200.85631.50.50.7501.5740.530.250.7501.563460.51.5201.563460.51.25204.85440.520.5201.34622.50.51.25201.102660.50.51.7501.365420.50.7502.38156221.2502.3815621.751.2502.3815621.51.2502.3815621.251.2502.38156211.2501.451541.50.51.2502.49116.52.50.5102.53135.51.52102.53135.51.51.75102.53135.51.51.5102.53135.51.51.25102.53135.51.51101.3593.51.520.7501.3593.51.51.750.7501.3593.51.51.50.7501.3593.51.51.250.7501.3593.51.510.7502.001261.52102.001261.51.75102.001261.51.5102.001261.51.25102.001261.51103.03371.51.50.5201.723740.521.501.723740.51.751.501.723740.51.51.501.723740.51.251.502.7923120.51.2502.83322121.2502.8332211.751.2502.8332211.51.2502.8332211.251.2502.83322111.2502.02164.5321.2502.02164.531.751.2502.02164.531.51.2502.02164.531.251.2502.02164.5311.25
01.915420.51.251.7501.1113610.251.7503.71510.51.50.751.501.2313710.251.7501.101641.50.25205.96700.531.251.7501.67126.52.50.751.2500.8094120.7500.809411.750.7500.809411.50.7500.809411.250.7500.8094110.7502.66672.50.25102.1311530.5101.07181.510.5102.48126.51.50.251.7502.391062.50.251.7500.91194.50.52100.91194.50.51.75100.91194.50.51.5100.91194.50.51.25100.91194.50.51101.50217111.7505.5340230.75202.111461.521.2502.111461.51.751.2502.111461.51.51.2502.111461.51.251.2502.111461.511.2501.30132.52.50.251.7502.55453.50.51.251.7501.582960.50.5201.27154.510.51.2504.90351321.2504.9035131.751.2504.9035131.51.2504.9035131.251.2504.90351311.2502.741712.50.5101.2313710.5101.35144.51.52101.35144.51.51.75101.35144.51.51.5101.35144.51.51.25101.35144.51.51101.7984220.7501.798421.750.7501.798421.50.7501.798421.250.7501.7984210.7501.142510.50.75100.98166.510.25201.111460.50.51
00.9161.51.50.50.7502.55164.52.50.751.501.72183.51.50.751.2501.13101.5120.7501.13101.511.750.7501.13101.511.50.7501.13101.511.250.7501.13101.5110.7502.021432.50.25201.781072.50.751.2502.12156.520.51.7503.23224.51.521.503.23224.51.51.751.503.23224.51.51.51.503.23224.51.51.251.501.30164.51.50.25201.8220610.51.504.52590.52.511.504.0422130.51.2502.0912620.75101.58163.51.52101.58163.51.51.75101.58163.51.51.5101.58163.51.51.25101.58163.51.51101.42216.5111.7502.43171.52.50.25201.371012.50.251.2503.923031.50.5201.67304.50.50.51.7501.8814420.25205.5838322201.984720.521.501.984720.51.751.501.984720.51.51.502.00124.530.75101.9485220.7501.948521.750.7501.948521.50.7501.948521.250.7501.9485210.7501.605620.50.7501.723640.511.502.13752.50.251.2501.442540.50.51.501.028610.750.7502.1311530.25201.921961.521.501.921961.51.751.501.921961.51.51.501.921961.51.251.501.7183.5220.7501.7183.521.750.75
01.7183.521.50.7501.7183.521.250.7501.7183.5210.7502.131052.50.251.501.17136.510.251.7502.0691.5320.7502.0691.531.750.7502.0691.531.50.7502.0691.531.250.7502.0691.5310.7501.25454.50.51.25202.83573.50.52200.6564.51.50.50.7501.56227121.7501.5622711.751.7501.36732.50.750.7503.73390.51.50.751.2501.144130.250.7501.604630.50.7502.55443.50.511.7501.86194.51.50.51.501.94752.520.7501.94752.51.750.7501.94752.51.50.7501.94752.51.250.7501.94752.510.7501.98155.51.50.751.501.50235.5121.501.50235.511.751.501.50235.511.51.501.50235.511.251.501.69171.520.25203.4849211.251.7502.041761.50.51.501.33931.520.7501.33931.51.750.7501.33931.51.50.7501.33931.51.250.7501.33931.510.7507.8067131.75205.12221.522105.12221.521.75105.12221.521.5105.12221.521.25105.12221.521100.841020.520.7500.841020.51.750.7500.841020.51.50.7500.841020.51.250.7500.841020.510.7501.101341.50.75100.92251.50.50.75102.214430.521.5
02.214430.51.751.502.214430.51.51.501.57141.520.251.7501.49325.50.50.5201.0141.530.250.7507.3948232206.0658121.51.7501.08134.510.5103.23204.5221.503.23204.521.751.503.23204.521.51.503.23204.521.251.501.67306.50.51202.2213720.51.7501.2816410.51.2501.931162.50.75101.51742.50.750.7501.53256.511.5201.53256.511.25201.45263.50.50.51.501.4473.52.50.750.7504.495911.521.7504.495911.51.751.7500.9885.510.750.7502.4316420.751.501.40195.510.751.501.5455.520.50.7501.17911.50.25103.03203.5311.501.632670.511.7501.39412.520.501.39412.51.750.501.39412.51.50.501.39412.51.250.501.39412.510.501.778230.750.7502.54493.50.51201.68336.50.52201.68336.50.51.75201.3992220.7501.399221.750.7501.399221.50.7501.399221.250.7501.3992210.7502.76157221.2502.7615721.751.2502.7615721.51.2502.7615721.251.2502.76157211.2501.27822.50.25102.6450111.251.502.46187211.501.128610.251
01.27822.50.251.2502.587720.25101.5445.530.50.7502.39185.52.521.502.39185.52.51.751.502.39185.52.51.51.502.39185.52.51.251.500.88184.50.50.51.2501.5622711.51.7501.5622711.251.7502.45234111.500.831540.50.5101.2430.520.750.504.36392.510.751.7501.44154.51.50.751.2500.5230.510.750.501.7140.52.520.501.7140.52.51.750.501.7140.52.51.50.501.7140.52.51.250.501.7140.52.510.501.0714410.5100.963120.750.500.516610.50.7501.984620.51.251.502.04175.5221.502.04175.521.751.502.04175.521.51.502.04175.521.251.501.52143.51.50.5100.59960.520.7500.59960.51.750.7500.59960.51.50.7500.59960.51.250.7500.59960.510.7506.29362.531202.1312530.75101.891652.50.51.7502.1686.51.520.7502.1686.51.51.750.7502.1686.51.51.50.7502.1686.51.51.250.7502.1686.51.510.7501.4244.530.50.7504.495711.51.251.7500.90184.50.50.75102.3412630.51.501.642870.521.7501.642870.51.751.7501.741261.50.751.2501.453060.51.51.7501.453060.51.251.7501.2423110.51.25
04.35432.510.75200.90165.510.25200.703110.750.502.2675.52.50.25101.722730.50.51.505.283531.50.75204.752632.50.751.7502.071462.50.51.502.39135.530.51.7501.171660.50.51.2502.58156.5221.2502.58156.521.751.2502.58156.521.51.2502.58156.521.251.2502.58156.5211.2501.9213420.51.2502.30186.5211.500.8031.520.750.502.4976.520.25102.4221210.75101.75452.50.511.501.98135.51.50.751.2501.8818120.25203.03233.5211.502.54533.50.51.25201.485520.50.7501.18136.510.5101.66304.50.50.751.504.4322330.51.7501.99125.530.751.2501.128610.251.2502.5590.520.750.7501.55266.50.50.751.7502.431072.50.51.7500.43920.50.750.7504.83390.520.51.7502.214330.51.251.507.7664131.25200.5165.510.50.7500.541050.520.7500.541050.51.750.7500.541050.51.50.7500.541050.51.250.7500.541050.510.7502.78390.510.751.2500.714230.250.7500.4991.50.50.750.7503.73330.520.51.501.5740.52.50.250.7502.12176.51.50.51.7502.5911720.25201.64145.512101.64145.511.751
01.64145.511.5101.64145.511.25101.64145.511101.099110.25104.92552.511.75201.484530.50.7502.339630.75100.808410.750.7501.80144.520.751.2500.93271.50.52100.93271.50.51.75100.93271.50.51.5100.93271.50.51.25100.93271.50.51102.1266320.7502.126631.750.7502.126631.50.7502.126631.250.7502.1266310.7501.4254.520.50.7502.1590.530.25106.55521311.7502.26105.52.50.251.501.73226.5121.7501.73226.511.751.7503.12180.52.50.5102.14752.50.25102.7318120.5103.34322.510.751.505.024031.51.75201.971342.50.51.2501.98174.52.50.51.501.84174.520.51.501.211850.52101.211850.51.75101.211850.51.5101.211850.51.25101.211850.51101.2315610.51.2500.516510.50.7502.49106.520.251.502.1913612102.1913611.75102.1913611.5102.1913611.25102.1913611100.9595120.7500.959511.750.7500.959511.50.7500.959511.250.7500.9595110.7506.384922.51.75202.31127221
02.3112721.75102.3112721.5102.3112721.25102.3112721101.379120.25102.214230.511.501.5019710.751.7502.1735110.51.7501.8784.5220.7501.8784.521.750.7501.8784.521.50.7501.8784.521.250.7501.8784.5210.7502.85250.52.50.51.2501.1491.520.25102.55184.51.50.751.501.0816510.25201.248710.25103.75442121.503.7544211.751.503.7544211.51.501.21841.50.750.7503.69281.51.50.51.506.9045231200.6463.510.50.7502.26125.51.50.5100.95182.50.50.5105.162512.52105.162512.51.75105.162512.51.5105.162512.51.25105.162512.51102.26145.51.50.25205.84342.530.75202.22143.52.50.25201.493350.50.5202.22143.52.50.51.2502.74197221.502.7419721.751.502.7419721.51.502.7419721.251.503.41250.51.50.75101.4118610.751.505.00333211.7502.40761.50.25101.97141.52.50.251.7501.99145.520.751.505.19351.52.50.5202.0365.5320.7502.0365.531.750.7502.0365.531.50.7502.0365.531.250.7502.0365.5310.75
02.23126.522102.23126.521.75102.23126.521.5102.23126.521.25102.23126.521101.3583.51.50.750.7501.42196.510.751.7504.256811.51.25202.141451.50.25201.13212.50.50.51.2502.56125.522102.56125.521.75102.56125.521.5102.56125.521.25102.56125.521103.86422111.501.6547320.501.654731.750.501.654731.50.501.654731.250.501.6547310.502.4320410.751.501.6916220.25200.646410.50.7501.14412.50.250.7501.82176.51.511.500.99255.50.50.751.501.1491.520.251.2500.756310.50.7505.08600.52.51.251.503.63171.520.5102.419630.25201.8912420.251.7502.24871.520.7502.24871.51.750.7502.24871.51.50.7502.24871.51.250.7502.24871.510.7501.8915120.251.7501.1886.510.25101.8910430.251.501.73226.511.51.7501.73226.511.251.7502.241272.50.5200.6496.50.520.7500.6496.50.51.750.7500.6496.50.51.50.7500.6496.50.51.250.7500.6496.50.510.7501.3413220.251.7501.61462.50.50.7501.0141.52.50.250.7502.2675.52.50.251.25
00.5795.50.520.7500.5795.50.51.750.7500.5795.50.51.50.7500.5795.50.51.250.7500.5795.50.510.7505.82392.52.50.75203.62201.520.51.2502.1176220.7502.117621.750.7502.117621.50.7502.117621.250.7502.1176210.7500.576710.50.7502.5076.520.251.2502.1113130.251.502.60185211.504.50600.520.751.7501.551571.50.751.500.54860.50.750.7507.8468132201.9791.530.25101.3182.52.50.251.2506.22411.52.50.751.7501.248710.251.2500.66970.520.7500.66970.51.750.7500.66970.51.50.7500.66970.51.250.7500.66970.510.7500.5543.520.250.7501.33831.50.750.7502.02124.520.251.7504.8918332104.8918331.75104.8918331.5104.8918331.25104.8918331101.41153.51.50.75101.041341.50.251.7502.30125.520.5101.69205.510.51.502.029730.75102.22153.520.51.2502.141152.50.5101.68326.50.51.5201.68326.50.51.25200.49950.50.750.7502.141251.50.251.7502.02124.520.75101.7792320.7501.779231.750.7501.779231.50.7501.779231.250.75
01.7792310.7501.08135.510.5102.13186.520.5206.17551.52.51.75200.6342.52.50.250.7501.33203.510.751.2501.55276.50.511.7502.62571111.7503.48213.5321.503.48213.531.751.503.48213.531.51.503.48213.531.251.505.1537321.5205.1537321.25201.692950.50.51.7502.141251.50.5101.82761.50.750.7501.5545.52.50.50.7501.49452.50.50.7501.77822.50.750.7500.5466.510.50.7501.05235.50.50.51.502.0375.5220.7502.0375.521.750.7502.0375.521.50.7502.0375.521.250.7502.0375.5210.7501.3516410.751.2502.401361.50.51.2501.801560.50.75102.619730.25201.80472.50.521.501.80472.50.51.751.501.80472.50.51.51.502.00135.530.751.502.221671.50.51.7502.601952.511.502.63143.530.51.2501.46156.51.50.751.501.9113530.751.2501.242510.50.51.2502.40761.50.251.2501.1886.510.251.2501.4041220.501.404121.750.501.404121.50.501.404121.250.501.4041210.502.57125.52.52102.57125.52.51.75102.57125.52.51.5102.57125.52.51.25102.57125.52.511
02.191652.521.2502.191652.51.751.2502.191652.51.51.2502.191652.51.251.2502.191652.511.2504.71321.52.50.51.7500.701040.520.7500.701040.51.750.7500.701040.51.50.7500.701040.51.250.7500.701040.510.7502.1412520.75102.411162.50.51.2501.171011.50.251.2500.65103.50.520.7500.65103.50.51.750.7500.65103.50.51.50.7500.65103.50.51.250.7500.65103.50.510.7501.523350.511.502.64511121.502.6451111.751.502.6451111.51.501.9296.530.75101.9791.530.251.2502.27115.52.50.5105.304131.52201.664010.521.2501.664010.51.751.2501.664010.51.51.2501.664010.51.251.2501.664010.511.2504.92542.511.5202.1412520.5101.21134.51.50.75101.8917520.51.7502.147520.251.2501.3182.52.50.25101.132260.50.51.500.5320.5120.2500.5320.511.750.2500.5320.511.50.2500.5320.511.250.2500.5320.5110.2500.5320.510.750.2500.71422.50.250.7501.1820.5320.2501.1820.531.750.2501.1820.531.50.2501.1820.531.250.2501.1820.5310.2501.1820.530.750.2500.7041120.5
00.704111.750.500.704111.50.500.704111.250.500.7041110.500.5340.50.520.500.5340.50.51.750.500.5340.50.51.50.500.5340.50.51.250.500.5340.50.510.501.68216111.501.901511.50.251.7501.1830.51.50.750.507.12481.52.51201.7240.5220.501.7240.521.750.501.7240.521.50.501.7240.521.250.501.7240.5210.501.61561.50.50.7503.41292.5121.2503.41292.511.751.2503.41292.511.51.2503.41292.511.251.2503.41292.5111.2501.55296.50.521.7501.55296.50.51.751.7501.7475.51.50.750.7501.0546.51.520.501.0546.51.51.750.501.0546.51.51.50.501.0546.51.51.250.501.0546.51.510.501.31134.51.50.251.7500.8340.5120.500.8340.511.750.500.8340.511.50.500.8340.511.250.500.8340.5110.500.76104.50.520.7500.76104.50.51.750.7500.76104.50.51.50.7500.76104.50.51.250.7500.76104.50.510.7502.96244121.502.9624411.751.502.9624411.51.502.9624411.251.502.2767320.7502.276731.750.7502.276731.50.7502.276731.250.7502.2767310.7505.93531.52.51.252
01.6746.530.50.7501.642770.51.51.7501.642770.51.251.7502.27125.51.50.251.7500.7021120.2500.702111.750.2500.702111.50.2500.702111.250.2500.7021110.2500.702110.750.2502.041651.521.2502.041651.51.751.2502.041651.51.51.2502.041651.51.251.2502.041651.511.2502.38155.52.521.2502.38155.52.51.751.2502.38155.52.51.51.2502.38155.52.51.251.2502.38155.52.511.2504.80472.5121.7504.80472.511.751.7500.6662.510.50.7504.495811.51.51.7503.48243.5221.503.48243.521.751.503.48243.521.51.503.48243.521.251.500.9721320.2500.972131.750.2500.972131.50.2500.972131.250.2500.9721310.2500.972130.750.2500.97311.50.750.500.8031.51.50.750.502.031232.50.251.7500.64321.50.750.501.02461.520.501.02461.51.750.501.02461.51.50.501.02461.51.250.501.02461.510.500.5340.510.250.7501.343710.50.51.7502.0072.530.251.2507.02561321.7507.0256131.751.7506.8552221.75202.22123.530.251.7504.2014330.5101.1211610.251.500.951750.50.751
04.197111.51.75201.65334.50.511.501.2941.5220.501.2941.521.750.501.2941.521.50.501.2941.521.250.501.2941.5210.501.5555.51.50.50.7500.49420.520.500.49420.51.750.500.49420.51.50.500.49420.51.250.500.49420.510.501.961771.511.501.5840.520.250.7504.25152.530.5102.82196.5221.502.82196.521.751.502.82196.521.51.502.82196.521.251.501.60184121.2501.6018411.751.2501.6018411.51.2501.6018411.251.2501.60184111.2502.27125.51.50.75105.35562.512202.5413620.51.2506.39720.531.51.7501.4573.520.750.7506.005421.51.75202.55100.5220.7502.55100.521.750.7502.55100.521.50.7502.55100.521.250.7502.55100.5210.7500.9413510.251.7502.66183.530.51.501.04135.510.251.7506.765022.52201.9046.5320.501.9046.531.750.501.9046.531.50.501.9046.531.250.501.9046.5310.500.7543.5120.500.7543.511.750.500.7543.511.50.500.7543.511.250.500.7543.5110.500.6664.510.50.7503.492731.50.51.7500.704110.250.75
01.4614412101.4614411.75101.4614411.5101.4614411.25101.4614411102.231271.52102.231271.51.75102.231271.51.5102.231271.51.25102.231271.51101.96145.530.51.501.527420.750.7501.80462.50.51.251.505.6834230.5201.5974.52.50.750.7501.0113510.5100.98101.50.520.7500.98101.50.51.750.7500.98101.50.51.50.7500.98101.50.51.250.7500.98101.50.510.7504.99343221.7504.9934321.751.7502.6011720.5100.9845.51.520.500.9845.51.51.750.500.9845.51.51.50.500.9845.51.51.250.500.9845.51.510.501.8930110.51.502.23183.52.50.51.500.5185.50.50.750.7500.83102.50.520.7500.83102.50.51.750.7500.83102.50.51.50.7500.83102.50.51.250.7500.83102.50.510.7502.431351.52102.431351.51.75102.431351.51.5102.431351.51.25102.431351.51100.826210.50.7501.1410110.251.2500.9261.510.50.7501.63175.5121.2501.63175.511.751.2501.63175.511.51.2501.63175.511.251.2501.63175.5111.2502.4516720.5203.7543211.251.501.8046320.5
01.804631.750.501.804631.50.501.804631.250.501.8046310.500.6593.50.50.750.7501.95851.520.7501.95851.51.750.7501.95851.51.50.7501.95851.51.250.7501.95851.510.7501.49551.50.50.7502.411371.521.2502.411371.51.751.2502.411371.51.51.2502.411371.51.251.2502.411371.511.2501.65472.520.501.65472.51.750.501.65472.51.50.501.65472.51.250.501.65472.510.502.64403.50.521.502.64403.50.51.751.502.64403.50.51.51.504.8720330.751.2502.619730.5102.00125.520.751.2502.1510520.251.501.6916320.25202.5296.530.25200.70940.50.750.7502.001161.50.75101.262710.52101.262710.51.75101.262710.51.5101.262710.51.25101.262710.51100.6486.50.50.750.7502.2775.520.25102.13126.51.52102.13126.51.51.75102.13126.51.51.5102.13126.51.51.25102.13126.51.51101.907430.25102.699630.51.2502.0860.530.50.7501.091750.50.51.2503.012052.521.503.012052.51.751.503.012052.51.51.503.012052.51.251.505.613731.512
02.27136.51.521.2502.27136.51.51.751.2502.27136.51.51.51.2502.27136.51.51.251.2502.27136.51.511.2502.411061.50.251.505.48243321.2505.4824331.751.2505.4824331.51.2505.4824331.251.2505.48243311.2502.0172.530.25102.82313.510.5202.02104.530.251.501.144120.250.7501.2411710.251.502.151252.50.75102.1640110.5202.61157121.2502.6115711.751.2502.6115711.51.2502.6115711.251.2502.61157111.2501.3810120.251.2501.85225.50.521.2501.85225.50.51.751.2501.85225.50.51.51.2501.85225.50.51.251.2501.85225.50.511.2501.7445.5320.501.7445.531.750.501.7445.531.50.501.7445.531.250.501.7445.5310.502.12662.520.7502.12662.51.750.7502.12662.51.50.7502.12662.51.250.7502.12662.510.7500.8342.5120.500.8342.511.750.500.8342.511.50.500.8342.511.250.500.8342.5110.501.15155.510.751.2506.48561.52.52202.001811.50.25203.03253.51.511.501.1820.52.520.2501.1820.52.51.750.2501.1820.52.51.50.2501.1820.52.51.250.2501.1820.52.510.25
01.1820.52.50.750.2500.88154.50.50.5102.051660.52102.051660.51.75102.051660.51.5102.051660.51.25102.051660.51101.92116.52.50.75100.5330.50.50.750.501.37135.510.75101.25491.50.521.501.25491.50.51.751.501.25491.50.51.51.506.11431.5221.506.11431.521.751.506.11431.521.51.501.907430.251.2502.30166121.2502.3016611.751.2502.3016611.51.2502.3016611.251.2502.30166111.2500.9241.520.250.7502.157520.25101.13180.50.50.251.7504.9934321.51.7504.9934321.251.7501.8714530.51.502.619730.51.2500.7594.50.50.750.7500.26310.50.750.500.921030.520.7500.921030.51.750.7500.921030.51.50.7500.921030.51.250.7500.921030.510.7500.66870.50.750.7500.4731.50.50.750.500.958510.750.7501.50390.50.50.751.2503.01195221.503.0119521.751.503.0119521.51.503.0119521.251.505.70332.52.50.5201.18116.510.251.501.151810.50.5100.97212.520.2500.97212.51.750.2500.97212.51.50.2500.97212.51.250.2500.97212.510.2500.97212.50.750.25
01.4845320.501.484531.750.501.484531.50.501.484531.250.501.4845310.501.542950.50.751.501.36132.520.251.7500.7392.50.50.750.7501.41611.50.521.7501.41611.50.51.751.7502.60771.50.25102.0465.52.520.7502.0465.52.51.750.7502.0465.52.51.50.7502.0465.52.51.250.7502.0465.52.510.7500.6342.520.250.7500.948510.251.2501.53210.50.50.25205.0129320.5200.9143120.500.914311.750.500.914311.50.500.914311.250.500.9143110.501.27401.50.50.751.501.57144.51.50.51.2500.89910.50.750.7505.08610.52.521.505.08610.52.51.751.505.08610.52.51.51.502.59211.51.50.51.2504.79442.5111.7502.6010720.251.7502.67234.5111.501.5116710.751.502.34186.51.521.502.34186.51.51.751.502.34186.51.51.51.502.34186.51.51.251.500.31320.50.750.502.4413712102.4413711.75102.4413711.5102.4413711.25102.4413711100.50610.50.50.7501.2913320.251.7501.88197111.501.462360.50.751.501.02471.520.501.02471.51.750.501.02471.51.50.5
01.02471.51.250.501.02471.510.501.74472.50.50.7501.3133.530.250.7505.65680.52.511.7500.4961.50.50.50.7502.2066.5320.7502.2066.531.750.7502.2066.531.50.7502.2066.531.250.7502.2066.5310.7501.67185121.2501.6718511.751.2501.6718511.51.2501.6718511.251.2501.67185111.2501.84372.50.50.5201.77254.50.50.51.502.5076.51.50.25101.42205.50.50.751.2500.5543.51.50.250.7502.2612730.51.501.61173.510.51.2502.574510.50.751.502.28115.530.25200.44620.50.50.7500.9083.50.50.25102.42962.50.251.502.85183.52.50.751.501.9414610.751.2500.714320.250.7500.43660.50.50.7500.8992.50.50.251.2502.44233.5121.2502.44233.511.751.2502.44233.511.51.2502.44233.511.251.2502.44233.5111.2500.724220.250.7502.32136.512102.32136.511.75102.32136.511.5102.32136.511.25102.32136.511102.1590.52.50.25101.0485.510.25101.6846.52.50.50.7502.241871.521.502.241871.51.751.502.241871.51.51.502.241871.51.251.501.77922.520.7501.77922.51.750.75
01.77922.51.50.7501.77922.51.250.7501.77922.510.7504.5824330.751.7502.1912610.75104.80462.511.51.7500.982120.50.51.2501.1932.530.250.7503.64162.52.50.5101.533450.521.501.533450.51.751.501.533450.51.51.501.533450.51.251.500.8992.50.50.25101.91296.50.50.5202.59116.520.5102.047330.251.2500.574710.250.7501.09175.50.50.51.2500.6644.51.50.250.7500.821820.50.5102.55164.520.751.501.81162.520.25202.2875.520.251.2501.4014512101.4014511.75101.4014511.5101.4014511.25101.4014511106.56422321.7506.5642231.751.7501.02930.50.251.2501.82144.530.751.2500.79920.50.25106.89422.52.51200.79920.50.251.2501.96175.520.51.501.02930.50.25102.22163.51.50.51.2500.9083.50.50.251.2501.677520.750.7502.64393.50.51.251.500.958510.25106.29502.51.51.75200.81930.50.750.7505.34271.520.51.500.5446.510.250.7501.55286.50.51.51.7501.55286.50.51.251.7501.3294.5120.7501.3294.511.750.7501.3294.511.50.7501.3294.511.250.75
01.3294.5110.7502.28105.520.251.502.047330.25105.07482.511201.8820510.51.500.514610.250.7502.85183.530.751.505.63192.532105.63192.531.75105.63192.531.5105.63192.531.25105.63192.531101.61153.510.5102.60235111.505.0234220.5200.61441.50.250.7501.53481.50.50.751.7501.36481.50.51.251.502.12134.520.51.2501.3283.520.25101.66266.50.50.51.7503.2464111201.9046.52.520.501.9046.52.51.750.501.9046.52.51.50.501.9046.52.51.250.501.9046.52.510.506.75392.531.25201.676530.750.7501.2416510.751.2501.61601.50.51.51.7504.2516330.75101.86226121.501.8622611.751.501.8622611.51.501.8622611.251.501.1820.5220.2501.1820.521.750.2501.1820.521.50.2501.1820.521.250.2501.1820.5210.2501.1820.520.750.2501.0485.510.251.2501.95175.51.50.51.501.80462.520.501.80462.51.750.501.80462.51.50.501.80462.51.250.501.80462.510.502.49136.52.50.51.7501.901042.50.251.500.5320.50.520.2500.5320.50.51.750.25
00.5320.50.51.50.2500.5320.50.51.250.2500.5320.50.510.2500.5320.50.50.750.2502.2373.530.25101.911451.50.751.2500.701110.50.500.5310.510.50.500.701110.250.500.5310.510.250.500.701110.50.2500.5310.510.50.2500.701110.250.2500.5310.510.250.2501.40411.520.501.40411.51.750.501.40411.51.50.501.40411.51.250.501.40411.510.500.26210.520.2500.26210.51.750.2500.26210.51.50.2500.26210.51.250.2500.26210.510.2500.26210.50.750.2500.5145.510.250.7501.08421.520.501.08421.51.750.501.08421.51.50.501.08421.51.250.501.08421.510.506.00830.52.51.25202.03972.50.75101.6740.51.520.501.6740.51.51.750.501.6740.51.51.50.501.6740.51.51.250.501.6740.51.510.500.4833.510.750.505.31272.530.51.7500.653210.750.506.005321.51.5200.5632.510.750.501.651860.50.751.2500.4721.50.520.2500.4721.50.51.750.2500.4721.50.51.50.2500.4721.50.51.250.2500.4721.50.510.2500.4721.50.50.750.2502.60771.50.251.2501.58184.5121.2501.58184.511.751.25
01.58184.511.51.2501.58184.511.251.2501.58184.5111.2504.7829320.751.7501.09110.50.50.251.2501.3282.520.251.2506.405521.52200.8131.510.750.500.9721220.2500.972121.750.2500.972121.50.2500.972121.250.2500.9721210.2500.972120.750.2501.2291.51.50.25102.4916520.751.500.31220.520.2500.31220.51.750.2500.31220.51.50.2500.31220.51.250.2500.31220.510.2500.31220.50.750.2502.42662.50.251.2501.9891.52.50.25101.7445.52.520.501.7445.52.51.750.501.7445.52.51.50.501.7445.52.51.250.501.7445.52.510.502.5276.530.251.502.1510530.251.7501.443210.50.51.502.33250.510.75100.514510.250.7502.27672.520.7502.27672.51.750.7502.27672.51.50.7502.27672.51.250.7502.27672.510.7501.6090.510.750.7500.7446.50.520.500.7446.50.51.750.500.7446.50.51.50.500.7446.50.51.250.500.7446.50.510.502.14135.5221.2502.14135.521.751.2502.14135.521.51.2502.14135.521.251.2502.14135.5211.2502.5176.51.50.251.2502.121470.52102.121470.51.751
02.121470.51.5102.121470.51.25102.121470.51100.65460.520.500.65460.51.750.500.65460.51.50.500.65460.51.250.500.65460.510.501.3041.51.520.501.3041.51.51.750.501.3041.51.51.50.501.3041.51.51.250.501.3041.51.510.507.3253222201.96156.520.751.505.393531.511.7500.8121.5220.2500.8121.521.750.2500.8121.521.50.2500.8121.521.250.2500.8121.5210.2500.8121.520.750.2501.48452.520.501.48452.51.750.501.48452.51.50.501.48452.51.250.501.48452.510.502.1215720.751.501.5840.51.50.250.7502.5190.51.50.750.7504.40332.51.50.5202.5296.530.51.2502.04332.50.50.51.7501.17155.510.51.2505.024031.51.5205.024031.51.25201.6547220.501.654721.750.501.654721.50.501.654721.250.501.6547210.502.64383.50.511.501.2013410.75101.3133.52.50.250.7501.8884.51.520.7501.8884.51.51.750.7501.8884.51.51.50.7501.8884.51.51.250.7501.8884.51.510.7501.971271.50.751.2505.614121.50.75206.39730.5321.7506.39730.531.751.75
03.12192.510.75102.76330.510.51.502.52116.52.50.25201.2291.51.50.251.2501.253330.250.7507.8066131.5200.6245.50.520.500.6245.50.51.750.500.6245.50.51.50.500.6245.50.51.250.500.6245.50.510.503.24390.510.51.7507.0048231.25201.89207121.501.8920711.751.501.8920711.51.501.8920711.251.502.62972.50.25200.4165.50.50.50.7501.6064.530.750.7506.8551221.5201.87126.51.50.751.2507.0048231.5201.83175.50.52101.83175.50.51.75101.83175.50.51.5101.83175.50.51.25101.83175.50.51101.0546.5120.501.0546.511.750.501.0546.511.50.501.0546.511.250.501.0546.5110.502.601071.50.251.501.0246120.501.024611.750.501.024611.50.501.024611.250.501.0246110.501.4434.530.250.7503.21510.510.751.504.657211.52202.38283.510.51.7501.3282.520.25102.1913710.751.2501.58141.51.50.251.7501.9891.52.50.251.2502.1786.5120.7502.1786.511.750.7502.1786.511.50.7502.1786.511.250.7502.1786.5110.7500.59450.520.5
00.59450.51.750.500.59450.51.50.500.59450.51.250.500.59450.510.501.8976.51.50.750.7502.47166.5121.2502.47166.511.751.2502.47166.511.51.2502.47166.511.251.2502.47166.5111.2500.643310.750.505.26172.530.51.2502.16751.50.251.2502.0374.530.25103.61212.512103.61212.511.75103.61212.511.5103.61212.511.25103.61212.511102.1611530.51.2500.38650.50.50.7500.77470.520.500.77470.51.750.500.77470.51.50.500.77470.51.250.500.77470.510.501.0891.510.25102.16126.530.51.502.51106.51.50.251.501.4114710.51.2501.90742.50.25100.9845.5120.500.9845.511.750.500.9845.511.50.500.9845.511.250.500.9845.5110.501.862970.50.5201.44164.510.751.2502.15110.530.251.2501.66344.50.521.501.66344.50.51.751.501.66344.50.51.51.501.66344.50.51.251.501.383430.250.7501.90163.510.75102.0860.52.50.50.7501.14411.50.250.7501.3915110.251.7501.38133.520.251.7500.6442.51.50.250.7501.0891.510.251.2501.57144.512101.57144.511.751
01.57144.511.5101.57144.511.25101.57144.511102.19136.520.751.2502.10171.510.25201.308320.251.2502.651271.50.5106.13411.5211.504.197011.51.5202.3413720.751.2500.9241.51.50.250.7501.74571.50.50.7504.43440.5221.2504.43440.521.751.2504.43440.521.51.2504.43440.521.251.2504.43440.5211.2503.48263.51.521.503.48263.51.51.751.503.48263.51.51.51.503.48263.51.51.251.505.323231.50.751.7501.6331.52.50.750.503.31312.510.51.7500.65221.520.2500.65221.51.750.2500.65221.51.50.2500.65221.51.250.2500.65221.510.2500.65221.50.750.2502.8323212102.8323211.75102.8323211.5102.8323211.25102.8323211101.84163.520.25201.308320.25102.28115.530.51.2501.43176.510.751.502.0374.530.251.2500.59410.520.500.59410.51.750.500.59410.51.50.500.59410.51.250.500.59410.510.501.0842.51.520.501.0842.51.51.750.501.0842.51.51.50.501.0842.51.51.250.501.0842.51.510.501.388220.25107.78461311.502.601951.511.5
01.79206.5111.501.91742.50.251.2501.6856.51.50.50.7500.98841.50.25101.388220.251.2501.87295.50.511.500.57670.50.50.7502.62183.512102.62183.511.75102.62183.511.5102.62183.511.25102.62183.511101.6074.520.750.7501.6846.520.50.7500.5366.50.50.50.7501.772670.50.51.7501.1920.51.520.2501.1920.51.51.750.2501.1920.51.51.50.2501.1920.51.51.250.2501.1920.51.510.2501.1920.51.50.750.2504.80452.511.251.7505.28440.51.521.2505.28440.51.51.751.2505.28440.51.51.51.2505.28440.51.51.251.2505.28440.51.511.2501.744720.50.7500.6943.50.520.500.6943.50.51.750.500.6943.50.51.50.500.6943.50.51.250.500.6943.50.510.503.991432.50.5100.5310.50.50.50.500.5310.50.50.250.500.5310.50.50.50.2500.5310.50.50.250.2500.70421.50.250.7500.26110.50.50.500.26110.50.250.500.26110.50.50.2500.26110.50.250.2500.4711.50.50.50.500.4711.50.50.250.500.4711.50.50.50.2500.4711.50.50.250.2502.1319710.51.500.8644.50.520.500.8644.50.51.750.500.8644.50.51.50.500.8644.50.51.250.5
00.8644.50.510.501.331010.520.7501.331010.51.750.7501.331010.51.50.7501.331010.51.250.7501.331010.510.7501.54531.50.50.75206.78382.531.75201.88340.50.50.51.500.97211.520.2500.97211.51.750.2500.97211.51.50.2500.97211.51.250.2500.97211.510.2500.97211.50.750.2502.00196.510.51.501.68652.50.750.7501.13860.50.25102.4915530.751.500.72431.50.250.7501.98400.50.50.51.7507.0254131.251.7501.662170.50.751.500.31120.50.50.500.31120.50.250.500.31120.50.50.2500.31120.50.250.2501.623630.250.7500.5340.50.50.250.7501.3283.520.251.2500.98841.50.251.2500.6141.50.520.500.6141.50.51.750.500.6141.50.51.50.500.6141.50.51.250.500.6141.50.510.501.37471.50.511.500.81440.520.500.81440.51.750.500.81440.51.50.500.81440.51.250.500.81440.510.502.121312.50.251.502.03135.52.50.751.2502.74520.50.50.751.502.082060.521.2502.082060.51.751.2502.082060.51.51.2502.082060.51.251.2502.082060.511.2502.5296.52.50.251.502.021370.50.75101.6836.530.250.75
01.5635.530.250.7500.8121.51.520.2500.8121.51.51.750.2500.8121.51.51.50.2500.8121.51.51.250.2500.8121.51.510.2500.8121.51.50.750.2504.89172.530.75101.25332.50.250.7502.91352.510.5204.58590.5211.500.50410.50.250.7505.07590.51.511.507.05441.530.75201.19146.50.50.5100.5041.50.50.250.7500.7742.50.520.500.7742.50.51.750.500.7742.50.51.50.500.7742.50.51.250.500.7742.50.510.500.5643.510.250.7502.55204.510.751.502.2975.51.50.25102.2466.52.520.7502.2466.52.51.750.7502.2466.52.51.50.7502.2466.52.51.250.7502.2466.52.510.7503.13162.51.50.5101.13860.50.251.2501.503530.250.7501.8046220.501.804621.750.501.804621.50.501.804621.250.501.8046210.501.1347120.501.134711.750.501.134711.50.501.134711.250.501.1347110.501.61100.50.520.7501.61100.50.51.750.7501.61100.50.51.50.7501.61100.50.51.250.7501.61100.50.510.7502.16751.50.25100.44420.50.250.7502.24123.52.50.251.7502.53116.52.50.51.2501.4845220.501.484521.750.5
01.484521.50.501.484521.250.501.4845210.502.29115.530.75100.9811510.251.501.98171.51.50.25201.04145.50.50.5101.9046.5220.501.9046.521.750.501.9046.521.50.501.9046.521.250.501.9046.5210.502.821531.50.5101.7445.5220.501.7445.521.750.501.7445.521.50.501.7445.521.250.501.7445.5210.502.2587120.7502.258711.750.7502.258711.50.7502.258711.250.7502.2587110.7501.4434.52.50.250.7501.061450.50.5102.05732.50.251.2502.03104.52.50.251.502.4920510.751.500.6463.50.50.50.7504.94522.511.25201.38342.50.250.7502.1317520.51.503.272421.50.751.2502.19134.52.50.51.2502.447630.251.501.662450.50.51.503.01245121.503.0124511.751.503.0124511.51.503.0124511.251.502.62972.50.51.2503.23244.5121.503.23244.511.751.503.23244.511.51.503.23244.511.251.500.85430.520.500.85430.51.750.500.85430.51.50.500.85430.51.250.500.85430.510.505.03202.52.52105.03202.52.51.75105.03202.52.51.51
05.03202.52.51.25105.03202.52.51103.87270.51.52103.87270.51.51.75103.87270.51.51.5103.87270.51.51.25103.87270.51.51106.72512.51.52200.38360.50.750.506.184721.51200.4823.5120.2500.4823.511.750.2500.4823.511.50.2500.4823.511.250.2500.4823.5110.2500.4823.510.750.2502.05732.50.25100.3535.50.50.750.501.5116410.25200.32350.50.750.501.34146.510.51.2500.4736.50.50.750.502.838730.251.7502.0544.5320.502.0544.531.750.502.0544.531.50.502.0544.531.250.502.0544.5310.503.13192.51.50.51.2500.72640.50.50.7506.17541.52.51.5200.8262.50.50.50.7501.05115.510.251.502.7486.530.251.7501.9044320.501.904431.750.501.904431.50.501.904431.250.501.9044310.500.6644.510.250.7502.24203.520.51.500.614410.250.7506.29492.51.51.5200.4833.50.50.750.501.82551.50.511.7501.921452.50.751.2501.251470.50.5102.0911230.251.502.78126.51.50.5101.0344120.501.034411.750.501.034411.50.501.034411.250.5
01.0344110.500.6522120.2500.652211.750.2500.652211.50.2500.652211.250.2500.6522110.2500.652210.750.2506.1740220.75201.3284.510.750.7502.2473.530.251.2502.38156.50.52102.38156.50.51.75102.38156.50.51.5102.38156.50.51.25102.38156.50.51101.82581.50.51.251.7500.5732.50.50.750.502.2473.52.50.25102.9315310.5101.6615510.51.2501.0942120.501.094211.750.501.094211.50.501.094211.250.501.0942110.505.373631.521.7505.373631.51.751.7501.1084.51.50.25100.5722.5120.2500.5722.511.750.2500.5722.511.50.2500.5722.511.250.2500.5722.5110.2500.5722.510.750.2501.2113510.75102.85203.520.751.502.443720.50.5201.351141.50.251.504.941832.52104.941832.51.75104.941832.51.5104.941832.51.25104.941832.51100.000730200.0006.530200.000630200.0005.530200.000530200.0004.530200.000430200.0003.530200.000330200.0002.5302
00.000230200.0001.530200.000130200.0000.530200.00072.50200.0006.52.50200.00062.50200.0005.52.50200.00052.50200.0004.52.50200.00042.50200.0003.52.50200.00032.50200.0002.52.50200.00022.50200.0001.52.50200.00012.50200.0000.52.50200.000720200.0006.520200.000620200.0005.520200.000520200.0004.520200.000420200.0003.520200.000320200.0002.520200.000220200.0001.520200.000120200.0000.520200.00071.50200.0006.51.50200.00061.50200.0005.51.50200.00051.50200.0004.51.50200.00041.50200.0003.51.50200.00031.50200.0002.51.50200.00021.50200.0001.51.50200.00011.50200.0000.51.50200.000710200.0006.510200.000610200.0005.510200.000510200.0004.510200.0004102
00.0003.510200.000310200.0002.510200.000210200.0001.510200.000110200.0000.510200.00070.50200.0006.50.50200.00060.50200.0005.50.50200.00050.50200.0004.50.50200.00040.50200.0003.50.50200.00030.50200.0002.50.50200.00020.50200.0001.50.50200.00010.50200.0000.50.50200.0007301.7500.0006.5301.7500.0006301.7500.0005.5301.7500.0005301.7500.0004.5301.7500.0004301.7500.0003.5301.7500.0003301.7500.0002.5301.7500.0002301.7500.0001.5301.7500.0001301.7500.0000.5301.7500.00072.501.7500.0006.52.501.7500.00062.501.7500.0005.52.501.7500.00052.501.7500.0004.52.501.7500.00042.501.7500.0003.52.501.7500.00032.501.7500.0002.52.501.7500.00022.501.7500.0001.52.501.7500.00012.501.7500.0000.52.501.7500.0007201.7500.0006.5201.7500.0006201.7500.0005.5201.75
00.0005201.7500.0004.5201.7500.0004201.7500.0003.5201.7500.0003201.7500.0002.5201.7500.0002201.7500.0001.5201.7500.0001201.7500.0000.5201.7500.00071.501.7500.0006.51.501.7500.00061.501.7500.0005.51.501.7500.00051.501.7500.0004.51.501.7500.00041.501.7500.0003.51.501.7500.00031.501.7500.0002.51.501.7500.00021.501.7500.0001.51.501.7500.00011.501.7500.0000.51.501.7500.0007101.7500.0006.5101.7500.0006101.7500.0005.5101.7500.0005101.7500.0004.5101.7500.0004101.7500.0003.5101.7500.0003101.7500.0002.5101.7500.0002101.7500.0001.5101.7500.0001101.7500.0000.5101.7500.00070.501.7500.0006.50.501.7500.00060.501.7500.0005.50.501.7500.00050.501.7500.0004.50.501.7500.00040.501.7500.0003.50.501.7500.00030.501.7500.0002.50.501.7500.00020.501.7500.0001.50.501.7500.00010.501.7500.0000.50.501.7500.0007301.5
00.0006.5301.500.0006301.500.0005.5301.500.0005301.500.0004.5301.500.0004301.500.0003.5301.500.0003301.500.0002.5301.500.0002301.500.0001.5301.500.0001301.500.0000.5301.500.00072.501.500.0006.52.501.500.00062.501.500.0005.52.501.500.00052.501.500.0004.52.501.500.00042.501.500.0003.52.501.500.00032.501.500.0002.52.501.500.00022.501.500.0001.52.501.500.00012.501.500.0000.52.501.500.0007201.500.0006.5201.500.0006201.500.0005.5201.500.0005201.500.0004.5201.500.0004201.500.0003.5201.500.0003201.500.0002.5201.500.0002201.500.0001.5201.500.0001201.500.0000.5201.500.00071.501.500.0006.51.501.500.00061.501.500.0005.51.501.500.00051.501.500.0004.51.501.500.00041.501.500.0003.51.501.500.00031.501.500.0002.51.501.500.00021.501.500.0001.51.501.5
00.00011.501.500.0000.51.501.500.0007101.500.0006.5101.500.0006101.500.0005.5101.500.0005101.500.0004.5101.500.0004101.500.0003.5101.500.0003101.500.0002.5101.500.0002101.500.0001.5101.500.0001101.500.0000.5101.500.00070.501.500.0006.50.501.500.00060.501.500.0005.50.501.500.00050.501.500.0004.50.501.500.00040.501.500.0003.50.501.500.00030.501.500.0002.50.501.500.00020.501.500.0001.50.501.500.00010.501.500.0000.50.501.500.0007301.2500.0006.5301.2500.0006301.2500.0005.5301.2500.0005301.2500.0004.5301.2500.0004301.2500.0003.5301.2500.0003301.2500.0002.5301.2500.0002301.2500.0001.5301.2500.0001301.2500.0000.5301.2500.00072.501.2500.0006.52.501.2500.00062.501.2500.0005.52.501.2500.00052.501.2500.0004.52.501.2500.00042.501.2500.0003.52.501.2500.00032.501.25
00.0002.52.501.2500.00022.501.2500.0001.52.501.2500.00012.501.2500.0000.52.501.2500.0007201.2500.0006.5201.2500.0006201.2500.0005.5201.2500.0005201.2500.0004.5201.2500.0004201.2500.0003.5201.2500.0003201.2500.0002.5201.2500.0002201.2500.0001.5201.2500.0001201.2500.0000.5201.2500.00071.501.2500.0006.51.501.2500.00061.501.2500.0005.51.501.2500.00051.501.2500.0004.51.501.2500.00041.501.2500.0003.51.501.2500.00031.501.2500.0002.51.501.2500.00021.501.2500.0001.51.501.2500.00011.501.2500.0000.51.501.2500.0007101.2500.0006.5101.2500.0006101.2500.0005.5101.2500.0005101.2500.0004.5101.2500.0004101.2500.0003.5101.2500.0003101.2500.0002.5101.2500.0002101.2500.0001.5101.2500.0001101.2500.0000.5101.2500.00070.501.2500.0006.50.501.2500.00060.501.2500.0005.50.501.2500.00050.501.2500.0004.50.501.25
00.00040.501.2500.0003.50.501.2500.00030.501.2500.0002.50.501.2500.00020.501.2500.0001.50.501.2500.00010.501.2500.0000.50.501.2500.000730100.0006.530100.000630100.0005.530100.000530100.0004.530100.000430100.0003.530100.000330100.0002.530100.000230100.0001.530100.000130100.0000.530100.00072.50100.0006.52.50100.00062.50100.0005.52.50100.00052.50100.0004.52.50100.00042.50100.0003.52.50100.00032.50100.0002.52.50100.00022.50100.0001.52.50100.00012.50100.0000.52.50100.000720100.0006.520100.000620100.0005.520100.000520100.0004.520100.000420100.0003.520100.000320100.0002.520100.000220100.0001.520100.000120100.0000.520100.00071.50100.0006.51.50100.00061.501
00.0005.51.50100.00051.50100.0004.51.50100.00041.50100.0003.51.50100.00031.50100.0002.51.50100.00021.50100.0001.51.50100.00011.50100.0000.51.50100.000710100.0006.510100.000610100.0005.510100.000510100.0004.510100.000410100.0003.510100.000310100.0002.510100.000210100.0001.510100.000110100.0000.510100.00070.50100.0006.50.50100.00060.50100.0005.50.50100.00050.50100.0004.50.50100.00040.50100.0003.50.50100.00030.50100.0002.50.50100.00020.50100.0001.50.50100.00010.50100.0000.50.50100.0007300.7500.0006.5300.7500.0006300.7500.0005.5300.7500.0005300.7500.0004.5300.7500.0004300.7500.0003.5300.7500.0003300.7500.0002.5300.7500.0002300.7500.0001.5300.7500.0001300.7500.0000.5300.75
00.00072.500.7500.0006.52.500.7500.00062.500.7500.0005.52.500.7500.00052.500.7500.0004.52.500.7500.00042.500.7500.0003.52.500.7500.00032.500.7500.0002.52.500.7500.00022.500.7500.0001.52.500.7500.00012.500.7500.0000.52.500.7500.0007200.7500.0006.5200.7500.0006200.7500.0005.5200.7500.0005200.7500.0004.5200.7500.0004200.7500.0003.5200.7500.0003200.7500.0002.5200.7500.0002200.7500.0001.5200.7500.0001200.7500.0000.5200.7500.00071.500.7500.0006.51.500.7500.00061.500.7500.0005.51.500.7500.00051.500.7500.0004.51.500.7500.00041.500.7500.0003.51.500.7500.00031.500.7500.0002.51.500.7500.00021.500.7500.0001.51.500.7500.00011.500.7500.0000.51.500.7500.0007100.7500.0006.5100.7500.0006100.7500.0005.5100.7500.0005100.7500.0004.5100.7500.0004100.7500.0003.5100.7500.0003100.7500.0002.5100.7500.0002100.75
00.0001.5100.7500.0001100.7500.0000.5100.7500.00070.500.7500.0006.50.500.7500.00060.500.7500.0005.50.500.7500.00050.500.7500.0004.50.500.7500.00040.500.7500.0003.50.500.7500.00030.500.7500.0002.50.500.7500.00020.500.7500.0001.50.500.7500.00010.500.7500.0000.50.500.7500.0007300.500.0006.5300.500.0006300.500.0005.5300.500.0005300.500.0004.5300.500.0004300.500.0003.5300.500.0003300.500.0002.5300.500.0002300.500.0001.5300.500.0001300.500.0000.5300.500.00072.500.500.0006.52.500.500.00062.500.500.0005.52.500.500.00052.500.500.0004.52.500.500.00042.500.500.0003.52.500.500.00032.500.500.0002.52.500.500.00022.500.500.0001.52.500.500.00012.500.500.0000.52.500.500.0007200.500.0006.5200.500.0006200.500.0005.5200.500.0005200.500.0004.5200.500.0004200.500.0003.5200.5
00.0003200.500.0002.5200.500.0002200.500.0001.5200.500.0001200.500.0000.5200.500.00071.500.500.0006.51.500.500.00061.500.500.0005.51.500.500.00051.500.500.0004.51.500.500.00041.500.500.0003.51.500.500.00031.500.500.0002.51.500.500.00021.500.500.0001.51.500.500.00011.500.500.0000.51.500.500.0007100.500.0006.5100.500.0006100.500.0005.5100.500.0005100.500.0004.5100.500.0004100.500.0003.5100.500.0003100.500.0002.5100.500.0002100.500.0001.5100.500.0001100.500.0000.5100.500.00070.500.500.0006.50.500.500.00060.500.500.0005.50.500.500.00050.500.500.0004.50.500.500.00040.500.500.0003.50.500.500.00030.500.500.0002.50.500.500.00020.500.500.0001.50.500.500.00010.500.500.0000.50.500.500.0007300.2500.0006.5300.2500.0006300.2500.0005.5300.2500.0005300.25
00.0004.5300.2500.0004300.2500.0003.5300.2500.0003300.2500.0002.5300.2500.0002300.2500.0001.5300.2500.0001300.2500.0000.5300.2500.00072.500.2500.0006.52.500.2500.00062.500.2500.0005.52.500.2500.00052.500.2500.0004.52.500.2500.00042.500.2500.0003.52.500.2500.00032.500.2500.0002.52.500.2500.00022.500.2500.0001.52.500.2500.00012.500.2500.0000.52.500.2500.0007200.2500.0006.5200.2500.0006200.2500.0005.5200.2500.0005200.2500.0004.5200.2500.0004200.2500.0003.5200.2500.0003200.2500.0002.5200.2500.0002200.2500.0001.5200.2500.0001200.2500.0000.5200.2500.00071.500.2500.0006.51.500.2500.00061.500.2500.0005.51.500.2500.00051.500.2500.0004.51.500.2500.00041.500.2500.0003.51.500.2500.00031.500.2500.0002.51.500.2500.00021.500.2500.0001.51.500.2500.00011.500.2500.0000.51.500.2500.0007100.2500.0006.5100.25
00.0006100.2500.0005.5100.2500.0005100.2500.0004.5100.2500.0004100.2500.0003.5100.2500.0003100.2500.0002.5100.2500.0002100.2500.0001.5100.2500.0001100.2500.0000.5100.2500.00070.500.2500.0006.50.500.2500.00060.500.2500.0005.50.500.2500.00050.500.2500.0004.50.500.2500.00040.500.2500.0003.50.500.2500.00030.500.2500.0002.50.500.2500.00020.500.2500.0001.50.500.2500.00010.500.2500.0000.50.500.2500.000732000.0006.532000.000632000.0005.532000.000532000.0004.532000.000432000.0003.532000.000332000.0002.532000.000232000.0001.532000.000132000.0000.532000.00072.52000.0006.52.52000.00062.52000.0005.52.52000.00052.52000.0004.52.52000.00042.52000.0003.52.52000.00032.52000.0002.52.52000.00022.52000.0001.52.52000.00012.520
00.0000.52.52000.000722000.0006.522000.000622000.0005.522000.000522000.0004.522000.000422000.0003.522000.000322000.0002.522000.000222000.0001.522000.000122000.0000.522000.00071.52000.0006.51.52000.00061.52000.0005.51.52000.00051.52000.0004.51.52000.00041.52000.0003.51.52000.00031.52000.0002.51.52000.00021.52000.0001.51.52000.00011.52000.0000.51.52000.000712000.0006.512000.000612000.0005.512000.000512000.0004.512000.000412000.0003.512000.000312000.0002.512000.000212000.0001.512000.000112000.0000.512000.00070.52000.0006.50.52000.00060.52000.0005.50.52000.00050.52000.0004.50.52000.00040.52000.0003.50.52000.00030.52000.0002.50.520
00.00020.52000.0001.50.52000.00010.52000.0000.50.52000.000731.75000.0006.531.75000.000631.75000.0005.531.75000.000531.75000.0004.531.75000.000431.75000.0003.531.75000.000331.75000.0002.531.75000.000231.75000.0001.531.75000.000131.75000.0000.531.75000.00072.51.75000.0006.52.51.75000.00062.51.75000.0005.52.51.75000.00052.51.75000.0004.52.51.75000.00042.51.75000.0003.52.51.75000.00032.51.75000.0002.52.51.75000.00022.51.75000.0001.52.51.75000.00012.51.75000.0000.52.51.75000.000721.75000.0006.521.75000.000621.75000.0005.521.75000.000521.75000.0004.521.75000.000421.75000.0003.521.75000.000321.75000.0002.521.75000.000221.75000.0001.521.75000.000121.75000.0000.521.75000.00071.51.75000.0006.51.51.75000.00061.51.75000.0005.51.51.75000.00051.51.75000.0004.51.51.75000.00041.51.750
00.0003.51.51.75000.00031.51.75000.0002.51.51.75000.00021.51.75000.0001.51.51.75000.00011.51.75000.0000.51.51.75000.000711.75000.0006.511.75000.000611.75000.0005.511.75000.000511.75000.0004.511.75000.000411.75000.0003.511.75000.000311.75000.0002.511.75000.000211.75000.0001.511.75000.000111.75000.0000.511.75000.00070.51.75000.0006.50.51.75000.00060.51.75000.0005.50.51.75000.00050.51.75000.0004.50.51.75000.00040.51.75000.0003.50.51.75000.00030.51.75000.0002.50.51.75000.00020.51.75000.0001.50.51.75000.00010.51.75000.0000.50.51.75000.000731.5000.0006.531.5000.000631.5000.0005.531.5000.000531.5000.0004.531.5000.000431.5000.0003.531.5000.000331.5000.0002.531.5000.000231.5000.0001.531.5000.000131.5000.0000.531.5000.00072.51.5000.0006.52.51.5000.00062.51.5000.0005.52.51.50
00.00052.51.5000.0004.52.51.5000.00042.51.5000.0003.52.51.5000.00032.51.5000.0002.52.51.5000.00022.51.5000.0001.52.51.5000.00012.51.5000.0000.52.51.5000.000721.5000.0006.521.5000.000621.5000.0005.521.5000.000521.5000.0004.521.5000.000421.5000.0003.521.5000.000321.5000.0002.521.5000.000221.5000.0001.521.5000.000121.5000.0000.521.5000.00071.51.5000.0006.51.51.5000.00061.51.5000.0005.51.51.5000.00051.51.5000.0004.51.51.5000.00041.51.5000.0003.51.51.5000.00031.51.5000.0002.51.51.5000.00021.51.5000.0001.51.51.5000.00011.51.5000.0000.51.51.5000.000711.5000.0006.511.5000.000611.5000.0005.511.5000.000511.5000.0004.511.5000.000411.5000.0003.511.5000.000311.5000.0002.511.5000.000211.5000.0001.511.5000.000111.5000.0000.511.5000.00070.51.50
00.0006.50.51.5000.00060.51.5000.0005.50.51.5000.00050.51.5000.0004.50.51.5000.00040.51.5000.0003.50.51.5000.00030.51.5000.0002.50.51.5000.00020.51.5000.0001.50.51.5000.00010.51.5000.0000.50.51.5000.000731.25000.0006.531.25000.000631.25000.0005.531.25000.000531.25000.0004.531.25000.000431.25000.0003.531.25000.000331.25000.0002.531.25000.000231.25000.0001.531.25000.000131.25000.0000.531.25000.00072.51.25000.0006.52.51.25000.00062.51.25000.0005.52.51.25000.00052.51.25000.0004.52.51.25000.00042.51.25000.0003.52.51.25000.00032.51.25000.0002.52.51.25000.00022.51.25000.0001.52.51.25000.00012.51.25000.0000.52.51.25000.000721.25000.0006.521.25000.000621.25000.0005.521.25000.000521.25000.0004.521.25000.000421.25000.0003.521.25000.000321.25000.0002.521.25000.000221.25000.0001.521.250
00.000121.25000.0000.521.25000.00071.51.25000.0006.51.51.25000.00061.51.25000.0005.51.51.25000.00051.51.25000.0004.51.51.25000.00041.51.25000.0003.51.51.25000.00031.51.25000.0002.51.51.25000.00021.51.25000.0001.51.51.25000.00011.51.25000.0000.51.51.25000.000711.25000.0006.511.25000.000611.25000.0005.511.25000.000511.25000.0004.511.25000.000411.25000.0003.511.25000.000311.25000.0002.511.25000.000211.25000.0001.511.25000.000111.25000.0000.511.25000.00070.51.25000.0006.50.51.25000.00060.51.25000.0005.50.51.25000.00050.51.25000.0004.50.51.25000.00040.51.25000.0003.50.51.25000.00030.51.25000.0002.50.51.25000.00020.51.25000.0001.50.51.25000.00010.51.25000.0000.50.51.25000.000731000.0006.531000.000631000.0005.531000.000531000.0004.531000.000431000.0003.531000.0003310
00.0002.531000.000231000.0001.531000.000131000.0000.531000.00072.51000.0006.52.51000.00062.51000.0005.52.51000.00052.51000.0004.52.51000.00042.51000.0003.52.51000.00032.51000.0002.52.51000.00022.51000.0001.52.51000.00012.51000.0000.52.51000.000721000.0006.521000.000621000.0005.521000.000521000.0004.521000.000421000.0003.521000.000321000.0002.521000.000221000.0001.521000.000121000.0000.521000.00071.51000.0006.51.51000.00061.51000.0005.51.51000.00051.51000.0004.51.51000.00041.51000.0003.51.51000.00031.51000.0002.51.51000.00021.51000.0001.51.51000.00011.51000.0000.51.51000.000711000.0006.511000.000611000.0005.511000.000511000.0004.5110
00.000411000.0003.511000.000311000.0002.511000.000211000.0001.511000.000111000.0000.511000.00070.51000.0006.50.51000.00060.51000.0005.50.51000.00050.51000.0004.50.51000.00040.51000.0003.50.51000.00030.51000.0002.50.51000.00020.51000.0001.50.51000.00010.51000.0000.50.51000.000730.75000.0006.530.75000.000630.75000.0005.530.75000.000530.75000.0004.530.75000.000430.75000.0003.530.75000.000330.75000.0002.530.75000.000230.75000.0001.530.75000.000130.75000.0000.530.75000.00072.50.75000.0006.52.50.75000.00062.50.75000.0005.52.50.75000.00052.50.75000.0004.52.50.75000.00042.50.75000.0003.52.50.75000.00032.50.75000.0002.52.50.75000.00022.50.75000.0001.52.50.75000.00012.50.75000.0000.52.50.75000.000720.75000.0006.520.75000.000620.750
00.0005.520.75000.000520.75000.0004.520.75000.000420.75000.0003.520.75000.000320.75000.0002.520.75000.000220.75000.0001.520.75000.000120.75000.0000.520.75000.00071.50.75000.0006.51.50.75000.00061.50.75000.0005.51.50.75000.00051.50.75000.0004.51.50.75000.00041.50.75000.0003.51.50.75000.00031.50.75000.0002.51.50.75000.00021.50.75000.0001.51.50.75000.00011.50.75000.0000.51.50.75000.000710.75000.0006.510.75000.000610.75000.0005.510.75000.000510.75000.0004.510.75000.000410.75000.0003.510.75000.000310.75000.0002.510.75000.000210.75000.0001.510.75000.000110.75000.0000.510.75000.00070.50.75000.0006.50.50.75000.00060.50.75000.0005.50.50.75000.00050.50.75000.0004.50.50.75000.00040.50.75000.0003.50.50.75000.00030.50.75000.0002.50.50.75000.00020.50.75000.0001.50.50.75000.00010.50.75000.0000.50.50.750
00.000730.5000.0006.530.5000.000630.5000.0005.530.5000.000530.5000.0004.530.5000.000430.5000.0003.530.5000.000330.5000.0002.530.5000.000230.5000.0001.530.5000.000130.5000.0000.530.5000.00072.50.5000.0006.52.50.5000.00062.50.5000.0005.52.50.5000.00052.50.5000.0004.52.50.5000.00042.50.5000.0003.52.50.5000.00032.50.5000.0002.52.50.5000.00022.50.5000.0001.52.50.5000.00012.50.5000.0000.52.50.5000.000720.5000.0006.520.5000.000620.5000.0005.520.5000.000520.5000.0004.520.5000.000420.5000.0003.520.5000.000320.5000.0002.520.5000.000220.5000.0001.520.5000.000120.5000.0000.520.5000.00071.50.5000.0006.51.50.5000.00061.50.5000.0005.51.50.5000.00051.50.5000.0004.51.50.5000.00041.50.5000.0003.51.50.5000.00031.50.5000.0002.51.50.5000.00021.50.50
00.0001.51.50.5000.00011.50.5000.0000.51.50.5000.000710.5000.0006.510.5000.000610.5000.0005.510.5000.000510.5000.0004.510.5000.000410.5000.0003.510.5000.000310.5000.0002.510.5000.000210.5000.0001.510.5000.000110.5000.0000.510.5000.00070.50.5000.0006.50.50.5000.00060.50.5000.0005.50.50.5000.00050.50.5000.0004.50.50.5000.00040.50.5000.0003.50.50.5000.00030.50.5000.0002.50.50.5000.00020.50.5000.0001.50.50.5000.00010.50.5000.0000.50.50.5000.000730.25000.0006.530.25000.000630.25000.0005.530.25000.000530.25000.0004.530.25000.000430.25000.0003.530.25000.000330.25000.0002.530.25000.000230.25000.0001.530.25000.000130.25000.0000.530.25000.00072.50.25000.0006.52.50.25000.00062.50.25000.0005.52.50.25000.00052.50.25000.0004.52.50.25000.00042.50.25000.0003.52.50.250
00.00032.50.25000.0002.52.50.25000.00022.50.25000.0001.52.50.25000.00012.50.25000.0000.52.50.25000.000720.25000.0006.520.25000.000620.25000.0005.520.25000.000520.25000.0004.520.25000.000420.25000.0003.520.25000.000320.25000.0002.520.25000.000220.25000.0001.520.25000.000120.25000.0000.520.25000.00071.50.25000.0006.51.50.25000.00061.50.25000.0005.51.50.25000.00051.50.25000.0004.51.50.25000.00041.50.25000.0003.51.50.25000.00031.50.25000.0002.51.50.25000.00021.50.25000.0001.51.50.25000.00011.50.25000.0000.51.50.25000.000710.25000.0006.510.25000.000610.25000.0005.510.25000.000510.25000.0004.510.25000.000410.25000.0003.510.25000.000310.25000.0002.510.25000.000210.25000.0001.510.25000.000110.25000.0000.510.25000.00070.50.25000.0006.50.50.25000.00060.50.25000.0005.50.50.25000.00050.50.250
00.0004.50.50.25000.00040.50.25000.0003.50.50.25000.00030.50.25000.0002.50.50.25000.00020.50.25000.0001.50.50.25000.00010.50.25000.0000.50.50.25000.000730000.0006.530000.000630000.0005.530000.000530000.0004.530000.000430000.0003.530000.000330000.0002.530000.000230000.0001.530000.000130000.0000.530000.00072.50000.0006.52.50000.00062.50000.0005.52.50000.00052.50000.0004.52.50000.00042.50000.0003.52.50000.00032.50000.0002.52.50000.00022.50000.0001.52.50000.00012.50000.0000.52.50000.000720000.0006.520000.000620000.0005.520000.000520000.0004.520000.000420000.0003.520000.000320000.0002.520000.000220000.0001.520000.000120000.0000.520000.00071.50000.0006.51.500
00.00061.50000.0005.51.50000.00051.50000.0004.51.50000.00041.50000.0003.51.50000.00031.50000.0002.51.50000.00021.50000.0001.51.50000.00011.50000.0000.51.50000.000710000.0006.510000.000610000.0005.510000.000510000.0004.510000.000410000.0003.510000.000310000.0002.510000.000210000.0001.510000.000110000.0000.510000.00070.50000.0006.50.50000.00060.50000.0005.50.50000.00050.50000.0004.50.50000.00040.50000.0003.50.50000.00030.50000.0002.50.50000.00020.50000.0001.50.50000.00010.50000.0000.50.50001.97771.50.750.7502.161251.50.75102.29135.51.50.51.2501.31870.50.25101.2586.50.50.25102.08146.510.751.2501.871751.50.51.500.54340.50.750.500.5934.50.50.750.502.2975.51.50.251.2501.60164.510.25202.161051.50.251.501.50352.50.250.75
01.68751.50.750.7501.1882.51.50.251.2502.29115.520.75101.831670.50.751.2505.60222.530.751.2501.5635.52.50.250.7501.56226.50.50.751.501.63362.50.250.7501.6936.52.50.250.7501.75372.50.250.7504.73182.52.50.51.2501.24150.50.50.251.500.8121.5120.2500.8121.511.750.2500.8121.511.50.2500.8121.511.250.2500.8121.5110.2500.8121.510.750.2501.1084.51.50.251.2501.66165.50.50.75100.8991.50.50.25101.99154.530.51.501.383220.750.501.1090.50.50.25101.724210.50.5201.3041.5120.501.3041.511.750.501.3041.511.50.501.3041.511.250.501.3041.5110.500.50370.50.750.503.4215320.5101.73731.50.52203.6959111.251.7500.38450.50.250.7500.8991.50.50.251.2500.93181.50.50.5106.86471.52.521.7506.86471.52.51.751.7502.33450.50.50.5200.4145.50.50.250.7504.9737310.75204.93670.51.50.75201.9743.5320.501.9743.531.750.501.9743.531.50.501.9743.531.250.501.9743.5310.500.43460.50.250.7500.6642.510.250.7501.73100.5120.7501.73100.511.750.7501.73100.511.50.75
01.73100.511.250.7501.73100.5110.7501.10910.50.25102.0474.52.50.25100.65330.50.750.504.33261.52.50.751.2500.9835.51.50.750.505.373631.51.51.7505.373631.51.251.7501.2586.50.50.251.2501.31870.50.251.2501.02361.50.750.502.51100.51.520.7502.51100.51.51.750.7502.51100.51.51.50.7502.51100.51.51.250.7502.51100.51.510.7500.6523120.2500.652311.750.2500.652311.50.2500.652311.250.2500.6523110.2500.652310.750.2501.09211.50.50.51.2501.5960.510.50.7501.211360.50.251.7504.29182.52.50.75101.383420.250.7504.13201.530.51.2502.1490.520.25102.2767220.7502.276721.750.7502.276721.50.7502.276721.250.7502.2767210.7501.1882.51.50.25100.5346.50.50.250.7501.6190.50.50.750.7503.72440.5121.2503.72440.511.751.2503.72440.511.51.2503.72440.511.251.2503.72440.5111.2500.86840.50.25100.8064.50.50.50.7506.47303311.500.94630.50.50.7501.4434.520.250.7503.47440.510.5200.32250.520.2500.32250.51.750.2500.32250.51.50.2500.32250.51.250.25
00.32250.510.2500.32250.50.750.2500.57470.50.250.7501.917420.25103.66600.50.511.502.32126.510.75100.3525.50.520.2500.3525.50.51.750.2500.3525.50.51.50.2500.3525.50.51.250.2500.3525.50.510.2500.3525.50.50.750.2501.0536.51.50.750.502.4412710.75100.86840.50.251.2501.76112.52.50.251.502.261272.50.51.500.38260.520.2500.38260.51.750.2500.38260.51.50.2500.38260.51.250.2500.38260.510.2500.38260.50.750.2502.0474.52.50.251.2500.834210.250.7501.963320.50.51.7500.9341.510.250.7506.11421.521.251.503.37180.520.5101.48451.520.501.48451.51.750.501.48451.51.50.501.48451.51.250.501.48451.510.503.39210.52.50.25202.03145.52.50.751.502.57181.51.50.5101.211660.50.25200.4923.50.520.2500.4923.50.51.750.2500.4923.50.51.50.2500.4923.50.51.250.2500.4923.50.510.2500.4923.50.50.750.2502.28192.510.51.2502.0960.520.50.7501.218210.25103.012051.521.503.012051.51.751.503.012051.51.51.503.012051.51.251.501.218210.251.2504.922032.50.751.25
01.0832.51.50.750.501.99121.520.251.501.19136.50.50.251.7501.90442.520.501.90442.51.750.501.90442.51.50.501.90442.51.250.501.90442.510.501.9110420.251.500.4726.50.520.2500.4726.50.51.750.2500.4726.50.51.50.2500.4726.50.51.250.2500.4726.50.510.2500.4726.50.50.750.2502.55164.530.751.504.1531310.5201.3383.51.50.25103.8270111.25201.251370.50.251.7501.2313410.251.7501.9418110.25201.917420.251.2500.50270.520.2500.50270.51.750.2500.50270.51.50.2500.50270.51.250.2500.50270.510.2500.50270.50.750.2502.5366.52.50.251.2501.7665.520.750.7505.242432.521.2505.242432.51.751.2505.242432.51.51.2505.242432.51.251.2505.242432.511.2502.0544.52.520.502.0544.52.51.750.502.0544.52.51.50.502.0544.52.51.250.502.0544.52.510.506.91411.530.751.7502.24146.50.50.75100.764310.250.7501.70331.50.50.51.7502.351870.521.2502.351870.51.751.2502.351870.51.51.2502.351870.51.251.2502.351870.511.2501.30134.510.75102.77106.52.50.251.7501.88305.50.521.5
01.88305.50.51.751.501.88305.50.51.51.501.88305.50.51.251.501.513520.250.7500.5722.50.520.2500.5722.50.51.750.2500.5722.50.51.50.2500.5722.50.51.250.2500.5722.50.510.2500.5722.50.50.750.2501.60141.510.251.7501.54132.51.50.251.7500.9684.50.50.25101.846620.750.7501.241670.50.25204.1219322104.1219321.75104.1219321.5104.1219321.25104.1219321106.385022.51.5201.5735.520.250.7503.65162.520.5100.9684.50.50.251.2505.373421.50.5205.59392.51.50.75205.28600.51.50.751.7501.6341.52.520.501.6341.52.51.750.501.6341.52.51.50.501.6341.52.51.250.501.6341.52.510.502.13124.530.51.2502.85223.51.50.751.500.54240.520.2500.54240.51.750.2500.54240.51.50.2500.54240.51.250.2500.54240.510.2500.54240.50.750.2507.22392.532201.633620.250.7502.23116.520.75102.948630.251.7506.25412311.7502.29105.51.50.251.502.647730.251.501.62114.51.50.251.502.07216.5121.502.07216.511.751.502.07216.511.51.502.07216.511.251.501.9743.52.520.5
01.9743.52.51.750.501.9743.52.51.50.501.9743.52.51.250.501.9743.52.510.500.5924.50.520.2500.5924.50.51.750.2500.5924.50.51.50.2500.5924.50.51.250.2500.5924.50.510.2500.5924.50.50.750.2503.97302.51.50.51.7501.98155.52.50.51.505.49600.51.51.251.500.96850.50.251.2500.321530.50.500.32152.50.50.500.321520.50.500.32151.50.50.500.321510.50.500.32150.50.50.500.321530.250.500.32152.50.250.500.321520.250.500.32151.50.250.500.321510.250.500.32150.50.250.500.321530.50.2500.32152.50.50.2500.321520.50.2500.32151.50.50.2500.321510.50.2500.32150.50.50.2500.321530.250.2500.32152.50.250.2500.321520.250.2500.32151.50.250.2500.321510.250.2500.32150.50.250.2500.9835.510.750.503.6216230.5100.65230.520.2500.65230.51.750.2500.65230.51.50.2500.65230.51.250.2500.65230.510.2500.65230.50.750.2501.6936.520.250.7507.0255131.51.7502.3111720.75107.7347131.251.502.13116.51.50.75101.023610.750.500.6543.50.50.250.75
00.3515.530.50.500.3515.52.50.50.500.3515.520.50.500.3515.51.50.50.500.3515.510.50.500.3515.50.50.50.500.3515.530.250.500.3515.52.50.250.500.3515.520.250.500.3515.51.50.250.500.3515.510.250.500.3515.50.50.250.500.3515.530.50.2500.3515.52.50.50.2500.3515.520.50.2500.3515.51.50.50.2500.3515.510.50.2500.3515.50.50.50.2500.3515.530.250.2500.3515.52.50.250.2500.3515.520.250.2500.3515.51.50.250.2500.3515.510.250.2500.3515.50.50.250.2505.4137230.751.7502.3466.5220.7502.3466.521.750.7502.3466.521.50.7502.3466.521.250.7502.3466.5210.7501.753720.250.7501.331110.50.251.2501.74721.50.51.75202.42102.530.251.501.26166.50.50.51.2502.231171.50.75102.171351.50.51.2502.835310.50.751.7505.07600.521.251.502.0743320.502.074331.750.502.074331.50.502.074331.250.502.0743310.500.381630.50.500.38162.50.50.500.381620.50.500.38161.50.50.500.381610.50.500.38160.50.50.500.381630.250.500.38162.50.250.500.381620.250.5
00.38161.50.250.500.381610.250.500.38160.50.250.500.381630.50.2500.38162.50.50.2500.381620.50.2500.38161.50.50.2500.381610.50.2500.38160.50.50.2500.381630.250.2500.38162.50.250.2500.381620.250.2500.38161.50.250.2500.381610.250.2500.38160.50.250.2503.95180.52.50.251.7500.96850.50.25102.40121.530.251.501.6174.51.50.750.7501.38831.50.251.2502.2573.52.50.251.2502.825310.51.251.504.6846311.75202.3095.530.251.503.73330.51.50.51.501.52821.50.25102.36135.520.51.2501.0536.510.750.502.172760.511.501.52821.50.251.2501.34166.50.50.25201.9076.510.750.7501.49134.510.251.7501.62142.50.50.251.7501.38831.50.25101.891730.50.25201.51351.50.250.7502.15110.52.50.251.2501.0585.50.50.25101.201340.50.251.7500.4913.530.50.500.4913.52.50.50.500.4913.520.50.500.4913.51.50.50.500.4913.510.50.500.4913.50.50.50.500.4913.530.250.500.4913.52.50.250.500.4913.520.250.500.4913.51.50.250.500.4913.510.250.500.4913.50.50.250.500.4913.530.50.25
00.4913.52.50.50.2500.4913.520.50.2500.4913.51.50.50.2500.4913.510.50.2500.4913.50.50.50.2500.4913.530.250.2500.4913.52.50.250.2500.4913.520.250.2500.4913.51.50.250.2500.4913.510.250.2500.4913.50.50.250.2500.4716.530.50.500.4716.52.50.50.500.4716.520.50.500.4716.51.50.50.500.4716.510.50.500.4716.50.50.50.500.4716.530.250.500.4716.52.50.250.500.4716.520.250.500.4716.51.50.250.500.4716.510.250.500.4716.50.50.250.500.4716.530.50.2500.4716.52.50.50.2500.4716.520.50.2500.4716.51.50.50.2500.4716.510.50.2500.4716.50.50.50.2500.4716.530.250.2500.4716.52.50.250.2500.4716.520.250.2500.4716.51.50.250.2500.4716.510.250.2500.4716.50.50.250.2501.841321.50.251.7502.88440.50.521.2502.88440.50.51.751.2502.88440.50.51.51.2502.88440.50.51.251.2502.88440.50.511.2501.9044220.501.904421.750.501.904421.50.501.904421.250.501.9044210.501.711430.50.251.7501.88176.50.50.751.2501.3383.51.50.251.2501.431420.50.251.7502.131720.50.25200.803410.750.500.5712.530.50.5
00.5712.52.50.50.500.5712.520.50.500.5712.51.50.50.500.5712.510.50.500.5712.50.50.50.500.5712.530.250.500.5712.52.50.250.500.5712.520.250.500.5712.51.50.250.500.5712.510.250.500.5712.50.50.250.500.5712.530.50.2500.5712.52.50.50.2500.5712.520.50.2500.5712.51.50.50.2500.5712.510.50.2500.5712.50.50.50.2500.5712.530.250.2500.5712.52.50.250.2500.5712.520.250.2500.5712.51.50.250.2500.5712.510.250.2500.5712.50.50.250.2503.24176.52.50.5201.5735.51.50.250.7500.501730.50.500.50172.50.50.500.501720.50.500.50171.50.50.500.501710.50.500.50170.50.50.500.501730.250.500.50172.50.250.500.501720.250.500.50171.50.250.500.501710.250.500.50170.50.250.500.501730.50.2500.50172.50.50.2500.501720.50.2500.50171.50.50.2500.501710.50.2500.50170.50.50.2500.501730.250.2500.50172.50.250.2500.501720.250.2500.50171.50.250.2500.501710.250.2500.50170.50.250.2500.72440.50.250.7501.4845120.501.484511.750.501.484511.50.5
01.484511.250.501.4845110.504.07171.530.5101.90172.50.50.25202.131311.50.251.502.0544.5220.502.0544.521.750.502.0544.521.50.502.0544.521.250.502.0544.5210.507.36452.52.51.25201.631331.50.251.7506.74402.52.511.7500.541430.50.500.651230.50.500.54142.50.50.500.65122.50.50.500.541420.50.500.651220.50.500.54141.50.50.500.65121.50.50.500.541410.50.500.651210.50.500.54140.50.50.500.541430.250.500.651230.250.500.54142.50.250.500.65122.50.250.500.541420.250.500.651220.250.500.54141.50.250.500.65121.50.250.500.541410.250.500.651210.250.500.54140.50.250.500.541430.50.2500.651230.50.2500.54142.50.50.2500.65122.50.50.2500.541420.50.2500.651220.50.2500.54141.50.50.2500.65121.50.50.2500.541410.50.2500.651210.50.2500.54140.50.50.2500.541430.250.2500.651230.250.2500.54142.50.250.2500.65122.50.250.2500.541420.250.2500.651220.250.2500.54141.50.250.25
00.65121.50.250.2500.541410.250.2500.651210.250.2500.54140.50.250.2501.0585.50.50.251.2504.291632.50.75103.09872.50.251.7501.321640.50.25200.8242.50.50.250.7505.814022.50.75201.188410.25101.63361.50.250.7502.1442.5320.502.1442.531.750.502.1442.531.50.502.1442.531.250.502.1442.5310.501.84163.50.50.25201.9743.5220.501.9743.521.750.501.9743.521.50.501.9743.521.250.501.9743.5210.502.131552.50.51.505.50271.530.51.500.8044.50.50.250.7502.44213.51.50.51.501.188410.251.2501.321670.50.51.2501.74133.50.50.251.7502.0574.520.25101.3842220.501.384221.750.501.384221.50.501.384221.250.501.3842210.500.981130.50.501.1910.530.50.500.98112.50.50.501.1910.52.50.50.500.981120.50.501.1910.520.50.500.98111.50.50.501.1910.51.50.50.500.981130.250.501.1910.530.250.500.98112.50.250.501.1910.52.50.250.500.981120.250.501.1910.520.250.500.98111.50.250.501.1910.51.50.250.500.981130.50.25
01.1910.530.50.2500.98112.50.50.2501.1910.52.50.50.2500.981120.50.2501.1910.520.50.2500.98111.50.50.2501.1910.51.50.50.2500.981130.250.2501.1910.530.250.2500.98112.50.250.2501.1910.52.50.250.2500.981120.250.2501.1910.520.250.2500.98111.50.250.2501.1910.51.50.250.2500.651330.50.500.65132.50.50.500.651320.50.500.65131.50.50.500.651310.50.500.65130.50.50.500.651330.250.500.65132.50.250.500.651320.250.500.65131.50.250.500.651310.250.500.65130.50.250.500.651330.50.2500.65132.50.50.2500.651320.50.2500.65131.50.50.2500.651310.50.2500.65130.50.50.2500.651330.250.2500.65132.50.250.2500.651320.250.2500.65131.50.250.2500.651310.250.2500.65130.50.250.2500.5914.530.50.500.5914.52.50.50.500.5914.520.50.500.5914.51.50.50.500.5914.510.50.500.5914.50.50.50.500.5914.530.250.500.5914.52.50.250.500.5914.520.250.500.5914.51.50.250.500.5914.510.250.500.5914.50.50.250.500.5914.530.50.2500.5914.52.50.50.25
00.5914.520.50.2500.5914.51.50.50.2500.5914.510.50.2500.5914.50.50.50.2500.5914.530.250.2500.5914.52.50.250.2500.5914.520.250.2500.5914.51.50.250.2500.5914.510.250.2500.5914.50.50.250.2500.8211.530.50.500.8211.52.50.50.500.8211.520.50.500.8211.51.50.50.500.8211.510.50.500.8211.530.250.500.8211.52.50.250.500.8211.520.250.500.8211.51.50.250.500.8211.510.250.500.8211.530.50.2500.8211.52.50.50.2500.8211.520.50.2500.8211.51.50.50.2500.8211.510.50.2500.8211.530.250.2500.8211.52.50.250.2500.8211.520.250.2500.8211.51.50.250.2500.8211.510.250.2502.07432.520.502.07432.51.750.502.07432.51.50.502.07432.51.250.502.07432.510.501.86226.50.50.51.502.765210.511.507.30442.52.51.75203.6728310.51.7501.66250.50.50.51.2506.92451.52.511.7501.74711.50.51.5200.90371.50.750.501.29134.50.50.251.7502.30115.52.50.75101.7036.51.50.250.7502.9256.530.251.2506.75472.521.75201.421160.50.251.504.4736210.5205.0641311202.00162.51.50.25204.95201.52.50.751
02.32156.52.50.51.506.47262.5321.2506.47262.531.751.2506.47262.531.51.2506.47262.531.251.2506.47262.5311.2502.041631.50.25202.05104.520.251.502.41196.50.521.2502.41196.50.51.751.2502.41196.50.51.51.2502.41196.50.51.251.2502.41196.50.511.2502.4613520.51.2502.636720.251.2501.6690.510.25101.76371.50.250.7503.065730.251.2502.0574.520.251.2501.772820.50.51.502.69610.50.50.751.7502.29162.510.5101.42164.50.50.25203.7432210.51.7502.231122.50.251.502.721731.50.51.2502.76250.510.51.2500.95430.50.250.7502.45270.512102.45270.511.75102.45270.511.5102.45270.511.25102.45270.511102.1442.52.520.502.1442.52.51.750.502.1442.52.51.50.502.1442.52.51.250.502.1442.52.510.504.4726320.51.7504.17590.5111.504.30610.50.51.251.501.90441.520.501.90441.51.750.501.90441.51.50.501.90441.51.250.501.90441.510.502.0960.51.50.50.7500.8525320.2500.85252.520.2500.8525220.2500.85251.520.2500.8525120.2500.852531.750.25
00.85252.51.750.2500.852521.750.2500.85251.51.750.2500.852511.750.2500.852531.50.2500.85252.51.50.2500.852521.50.2500.85251.51.50.2500.852511.50.2500.852531.250.2500.85252.51.250.2500.852521.250.2500.85251.51.250.2500.852511.250.2500.8525310.2500.85252.510.2500.8525210.2500.85251.510.2500.8525110.2500.852530.750.2500.85252.50.750.2500.852520.750.2500.85251.50.750.2500.852510.750.2502.01250.50.50.75101.7755.530.750.7502.64772.50.251.501.7413210.251.7500.903710.750.502.491651.50.751.501.40116.50.50.251.502.30125.52.50.51.2502.251252.50.51.2501.43281.50.50.51.507.3445221201.031350.50.251.7501.5713110.251.503.16150.52.50.251.504.39392.5111.506.50313321.506.5031331.751.506.5031331.51.506.5031331.251.504.671821.50.75101.987710.750.7501.9743.51.520.501.9743.51.51.750.501.9743.51.51.50.501.9743.51.51.250.501.9743.51.510.502.98250.520.51.2505.953422.50.5201.90371.50.50.52
02.291621.50.25204.18621121.7504.1862111.751.7502.0743220.502.074321.750.502.074321.50.502.074321.250.502.0743210.504.4331220.51.7501.13135.50.50.251.7502.30105.530.251.7501.87133.51.50.251.7501.4682.510.251.2500.9125.5320.2500.9125.52.520.2500.9125.5220.2500.9125.51.520.2500.9125.5120.2500.9125.531.750.2500.9125.52.51.750.2500.9125.521.750.2500.9125.51.51.750.2500.9125.511.750.2500.9125.531.50.2500.9125.52.51.50.2500.9125.521.50.2500.9125.51.51.50.2500.9125.511.50.2500.9125.531.250.2500.9125.52.51.250.2500.9125.521.250.2500.9125.51.51.250.2500.9125.511.250.2500.9125.5310.2500.9125.52.510.2500.9125.5210.2500.9125.51.510.2500.9125.5110.2500.9125.530.750.2500.9125.52.50.750.2500.9125.520.750.2500.9125.51.50.750.2500.9125.510.750.2506.5642231.51.7506.5642231.251.7501.4784.510.25102.0544.51.520.502.0544.51.51.750.502.0544.51.51.50.502.0544.51.51.250.502.0544.51.510.503.885730.25101.855630.750.75
01.47601.50.51201.081650.50.25203.16210.530.25202.189530.251.502.3065.530.251.2501.70671.50.51.25205.49610.51.521.505.49610.51.51.751.505.49610.51.51.51.501.13165.50.50.25201.4784.510.251.2502.3013120.251.501.4682.510.25106.75412.52.521.7506.75412.52.51.751.7502.1442.5220.502.1442.521.750.502.1442.521.50.502.1442.521.250.502.1442.5210.506.61432.51.51203.7217320.75100.9726320.2500.97262.520.2500.9726220.2500.97261.520.2500.9726120.2500.972631.750.2500.97262.51.750.2500.972621.750.2500.97261.51.750.2500.972611.750.2500.972631.50.2500.97262.51.50.2500.972621.50.2500.97261.51.50.2500.972611.50.2500.972631.250.2500.97262.51.250.2500.972621.250.2500.97261.51.250.2500.972611.250.2500.9726310.2500.97262.510.2500.9726210.2500.97261.510.2500.9726110.2500.972630.750.2500.97262.50.750.2500.972620.750.2500.97261.50.750.2500.972610.750.2504.41412.5121.5
04.41412.511.751.504.41412.511.51.505.84362.52.50.751.7504.6845311.5201.361140.50.251.506.37232.530.51.504.98232.52.50.751.2505.07610.5221.505.07610.521.751.505.07610.521.51.506.575121.51.25201.93112.520.251.503.425630.251.2501.81122.50.50.251.501.581170.50.251.507.73481321.507.7348131.751.507.7348131.51.503.06572.50.251.2502.3290.51.50.25101.6060.50.50.50.7505.1347312202.7010330.251.502.002270.50.51.502.8517310.51.2506.63710.52.51.251.7501.0526.5320.2501.0526.52.520.2501.0526.5220.2501.0526.51.520.2501.0526.5120.2501.0526.531.750.2501.0526.52.51.750.2501.0526.521.750.2501.0526.51.51.750.2501.0526.511.750.2501.0526.531.50.2501.0526.52.51.50.2501.0526.521.50.2501.0526.51.51.50.2501.0526.511.50.2501.0526.531.250.2501.0526.52.51.250.2501.0526.521.250.2501.0526.51.51.250.2501.0526.511.250.2501.0526.5310.2501.0526.52.510.2501.0526.5210.2501.0526.51.510.2501.0526.5110.2501.0526.530.750.2501.0526.52.50.750.25
01.0526.520.750.2501.0526.51.50.750.2501.0526.510.750.2502.07431.520.502.07431.51.750.502.07431.51.50.502.07431.51.250.502.07431.510.501.941230.50.251.501.4222.5320.2501.4222.52.520.2501.4222.5220.2501.4222.51.520.2501.4222.531.750.2501.4222.52.51.750.2501.4222.521.750.2501.4222.51.51.750.2501.4222.531.50.2501.4222.52.51.50.2501.4222.521.50.2501.4222.51.51.50.2501.4222.531.250.2501.4222.52.51.250.2501.4222.521.250.2501.4222.51.51.250.2501.4222.5310.2501.4222.52.510.2501.4222.5210.2501.4222.51.510.2501.4222.530.750.2501.4222.52.50.750.2501.4222.520.750.2501.4222.51.50.750.2503.91690.50.511.7502.182860.521.502.182860.51.751.502.182860.51.51.502.182860.51.251.501.1924320.2501.19242.520.2501.1924220.2501.19241.520.2501.1924120.2501.192431.750.2501.19242.51.750.2501.192421.750.2501.19241.51.750.2501.192411.750.2501.192431.50.2501.19242.51.50.2501.192421.50.2501.19241.51.50.2501.192411.50.25
01.192431.250.2501.19242.51.250.2501.192421.250.2501.19241.51.250.2501.192411.250.2501.1924310.2501.19242.510.2501.1924210.2501.19241.510.2501.1924110.2501.192430.750.2501.19242.50.750.2501.192420.750.2501.19241.50.750.2501.192410.750.2501.7755.52.50.750.7501.7283.510.25102.825410.521.502.825410.51.751.502.825410.51.51.501.3323.5320.2501.3323.52.520.2501.3323.5220.2501.3323.51.520.2501.3323.531.750.2501.3323.52.51.750.2501.3323.521.750.2501.3323.51.51.750.2501.3323.531.50.2501.3323.52.51.50.2501.3323.521.50.2501.3323.51.51.50.2501.3323.531.250.2501.3323.52.51.250.2501.3323.521.250.2501.3323.51.51.250.2501.3323.5310.2501.3323.52.510.2501.3323.5210.2501.3323.51.510.2501.3323.530.750.2501.3323.52.50.750.2501.3323.520.750.2501.3323.51.50.750.2502.7820210.51.2506.75412.52.51.51.7506.75412.52.51.251.7502.196530.251.2501.87113.50.50.251.502.48270.50.52102.48270.50.51.75102.48270.50.51.5102.48270.50.51.251
02.48270.50.51102.08282.50.50.51.501.661220.50.251.504.1018230.75101.1127320.2501.11272.520.2501.1127220.2501.11271.520.2501.1127120.2501.112731.750.2501.11272.51.750.2501.112721.750.2501.11271.51.750.2501.112711.750.2501.112731.50.2501.11272.51.50.2501.112721.50.2501.11271.51.50.2501.112711.50.2501.112731.250.2501.11272.51.250.2501.112721.250.2501.11271.51.250.2501.112711.250.2501.1127310.2501.11272.510.2501.1127210.2501.11271.510.2501.1127110.2501.112730.750.2501.11272.50.750.2501.112720.750.2501.11271.50.750.2501.112710.750.2505.82760.521202.649720.251.504.25201.52.50.51.2504.7334310.751.7506.86461.52.51.51.7506.86461.52.51.251.7501.3723320.2501.37232.520.2501.3723220.2501.37231.520.2501.372331.750.2501.37232.51.750.2501.372321.750.2501.37231.51.750.2501.372331.50.2501.37232.51.50.2501.372321.50.2501.37231.51.50.2501.372331.250.25
01.37232.51.250.2501.372321.250.2501.37231.51.250.2501.3723310.2501.37232.510.2501.3723210.2501.37231.510.2501.372330.750.2501.37232.50.750.2501.372320.750.2501.37231.50.750.2501.5311410.251.506.934522.51202.274730.50.7501.7422320.2501.74222.520.2501.7422220.2501.742231.750.2501.74222.51.750.2501.742221.750.2501.742231.50.2501.74222.51.50.2501.742221.50.2501.742231.250.2501.74222.51.250.2501.742221.250.2501.7422310.2501.74222.510.2501.7422210.2501.742230.750.2501.74222.50.750.2501.742220.750.2504.0822320.751.2504.98390.51.50.51.7501.46114.50.50.251.501.85562.50.750.7502.34163.51.50.25202.0544.5120.502.0544.511.750.502.0544.511.50.502.0544.511.250.502.0544.5110.504.63440.51.50.5202.272470.511.505.14202.522105.14202.521.75105.14202.521.5105.14202.521.25105.14202.521101.3024.5320.2501.3024.52.520.2501.3024.5220.2501.3024.51.520.25
01.3024.5120.2501.3024.531.750.2501.3024.52.51.750.2501.3024.521.750.2501.3024.51.51.750.2501.3024.511.750.2501.3024.531.50.2501.3024.52.51.50.2501.3024.521.50.2501.3024.51.51.50.2501.3024.511.50.2501.3024.531.250.2501.3024.52.51.250.2501.3024.521.250.2501.3024.51.51.250.2501.3024.511.250.2501.3024.5310.2501.3024.52.510.2501.3024.5210.2501.3024.51.510.2501.3024.5110.2501.3024.530.750.2501.3024.52.50.750.2501.3024.520.750.2501.3024.51.50.750.2501.3024.510.750.2502.0121.5320.2502.0121.52.520.2502.0121.531.750.2502.0121.52.51.750.2502.0121.531.50.2502.0121.52.51.50.2502.0121.531.250.2502.0121.52.51.250.2502.0121.5310.2502.0121.52.510.2502.0121.530.750.2502.0121.52.50.750.2507.74452.52.52203.761622.50.5104.7715330.51.2501.203530.750.501.20352.50.750.501.203520.750.501.20351.50.750.501.203510.750.507.18482.522206.90860.52.51.5204.001621.50.5102.6812720.51.2503.1022310.751.2504.39182.520.75102.60121.52.50.251.5
01.698310.251.2501.7383.510.251.2506.26352.5311.7501.211150.50.251.501.698310.25102.26171.50.50.25206.75830.521.25204.773121.50.51.7501.48141.50.50.251.7502.19121.51.50.251.504.1861111.51.7501.33115.50.50.251.504.30620.50.521.504.30620.50.51.751.504.30620.50.51.51.502.28180.510.5103.8827210.51.502.14110.520.251.2504.27171.52.50.5101.4735.530.750.501.4735.52.50.750.501.4735.520.750.502.1011320.251.503.67262.510.51.504.41402.511.251.504.67600.511.251.502.48680.50.50.75206.824922.51.25203.65770.50.51202.77126.520.51.2502.05121.510.251.501.383730.750.501.38372.50.750.501.383720.750.502.5016210.25204.2674111.75204.66600.510.751.7502.491652.50.751.504.221931.52104.221931.51.75104.221931.51.5104.221931.51.25104.221931.51102.3611220.251.503.72180.530.251.7501.81114.510.251.501.533630.750.501.53362.50.750.501.533620.750.503.961921.50.51.2505.9925330.751.505.483821.50.751.7505.87680.5211.75
01.90113.520.251.502.282570.521.502.282570.51.751.502.282570.51.51.502.282570.51.251.502.37256.50.511.506.27472.51.51.25205.31302.52.50.51.7502.31176.51.50.51.506.78382.531.5201.7033.530.750.501.7033.52.50.750.501.7033.520.750.501.7033.51.50.750.505.62271.52.50.51.505.1444311.25205.1031230.51.7502.02132.510.251.7506.27362.5321.7506.27362.531.751.7502.711032.50.251.507.9149221.25201.623430.750.501.62342.50.750.501.623420.750.501.62341.50.750.502.67243.510.51.501.8732.530.750.501.8732.52.50.750.501.8732.520.750.506.04332.520.5202.891371.50.51.2506.17392.520.75201.841610.50.251.7504.55201.530.75101.6236.530.750.501.6236.52.50.750.501.6236.520.750.501.803330.750.501.80332.50.750.501.803320.750.501.80331.50.750.502.7717210.5102.173230.750.502.17322.50.750.502.8915720.51.505.72221.52.52105.72221.52.51.75105.72221.52.51.5105.72221.52.51.25105.72221.52.51104.913121.50.751.502.005730.750.75
02.81103.530.251.506.533032.511.503.77303.5111.506.74531.531.25203.691731.50.75104.4019312104.4019311.75104.4019311.5104.4019311.25104.4019311102.10112.51.50.251.502.581771.50.51.504.85263221.2504.8526321.751.2504.8526321.51.2504.8526321.251.2504.85263211.2506.27362.531.51.7506.27362.531.251.7501.7834.530.750.501.7834.52.50.750.501.7834.520.750.501.7834.51.50.750.501.7834.510.750.502.4931.530.750.502.96136.51.50.51.2506.90870.52.51.75202.88156.520.51.504.86192.520.51.2503.8717310.75107.80481.531206.80531.531.75204.191822.50.75101.71121.50.50.251.502.1311210.251.502.00572.50.750.7502.1713310.251.7501.98180.50.50.5101.9356.530.750.7502.12110.510.251.2503.8519220.51.2507.594222.521.7507.594222.51.751.7503.096010.511.7506.17252.52.50.51.504.2673111.5204.19180.520.251.7503.62180.51.50.5103.9016220.5103.76210.520.25204.9119230.51.2503.40150.520.251.503.126010.50.752
04.6875112205.582021.52105.582021.51.75105.582021.51.5105.582021.51.25105.582021.51104.67610.5121.504.67610.511.751.504.67610.511.51.503.00263.510.751.506.294621.521.7506.294621.51.751.7504.8220232104.8220231.75104.8220231.5104.8220231.25104.8220231104.102821.521.2504.102821.51.751.2504.102821.51.51.2504.102821.51.251.2504.102821.511.2506.75472.521.5205.6821330.51.501.9656.52.50.750.7502.005720.750.7502.44133.510.251.7505.88272.52.521.2505.88272.52.51.751.2505.88272.52.51.51.2505.88272.52.51.251.2505.88272.52.511.2503.10150.530.251.504.801532.50.51.2503.093730.250.7502.63266.50.521.502.63266.50.51.751.502.63266.50.51.51.502.63266.50.51.251.502.301131.50.251.505.21383111.7502.031410.50.251.505.0324230.751.2504.91670.510.75206.65680.51.511.7502.0656.520.750.7502.82103.52.50.251.502.8241.5320.502.8241.531.750.502.8241.531.50.502.8241.531.250.502.8241.5310.506.42341.52.50.751.5
02.54110.51.50.251.2505.80322.530.751.7507.30442.52.51.5205.22301.52.521.2505.22301.52.51.751.2505.22301.52.51.51.2505.22301.52.51.251.2505.22301.52.511.2502.501121.50.251.502.6142320.502.61422.520.502.614231.750.502.61422.51.750.502.614231.50.502.61422.51.50.502.614231.250.502.61422.51.250.502.6142310.502.61422.510.502.64162.510.25202.27113.51.50.251.504.47262.51.50.51.503.94263121.2503.9426311.751.2503.9426311.51.2503.9426311.251.2503.94263111.2507.06730.52.51.51.7505.19403121.7505.1940311.751.7506.80541.531.5203.78313.5121.503.78313.511.751.503.78313.511.51.503.78313.511.251.504.57182.51.50.75107.56451.5311.7502.7816310.25206.563132.521.506.563132.51.751.506.563132.51.51.506.563132.51.251.505.33202.51.52105.33202.51.51.75105.33202.51.51.5105.33202.51.51.25105.33202.51.51102.751910.50.25207.30880.52.52204.202231.50.751.2505.762532.50.751.507.28541.532204.002431.50.51.5
06.294521.51.51.7503.14180.510.251.7504.0117320.51.2505.52680.5111.7505.34221.532105.34221.531.75105.34221.531.5105.34221.531.25105.34221.531104.0524310.51.505.953722.50.751.7503.04163.510.25204.3618220.75105.43362.51.50.751.7506.254321.511.7505.362621.50.51.506.20760.51.51202.49112.510.251.503.956310.51.251.7504.166610.521.7504.166610.51.751.7507.27422.521205.1939311.51.7505.1939311.251.7505.39261.530.751.2505.061922.50.51.2507.49461.531.51.7507.49461.531.251.7505.18242.520.751.2507.224122.511.7502.58113.510.251.507.06740.52.521.7507.06740.52.51.751.7507.49461.5321.7507.49461.531.751.7504.992022.52104.992022.51.75104.992022.51.5104.992022.51.25104.992022.51105.913122.50.51.7506.79462.521.25205.42720.50.51.251.7506.1737220.751.7502.6111310.251.506.34402.51.511.7504.226510.51.51.7506.85272.530.751.504.09210.510.25205.2626220.51.504.65880.50.51.5205.632132.50.51.503.12150.510.251.5
03.63150.51.50.251.503.90250.51.50.51.2505.20740.50.51.51.7506.04362.520.751.7507.67860.521.5206.28422.51.521.7506.28422.51.51.751.7506.4026230.51.507.594222.51.51.7507.594222.51.251.7506.294421.51.251.7504.35242.51.50.751.2505.162422.50.751.2507.85322.5311.504.41900.50.52206.61302.52.50.751.507.37432221.7507.3743221.751.7507.03412211.7505.072631.521.2505.072631.51.751.2505.072631.51.51.2505.072631.51.251.2505.072631.511.2504.46180.51.50.251.7505.18840.50.51.25205.7729320.751.506.51830.51.51.25205.64302.520.51.7507.88332.5321.507.88332.531.751.507.88332.531.51.507.88332.531.251.506.93710.521.251.7506.97402.5211.7505.1620222105.1620221.75105.1620221.5105.1620221.25105.1620221104.65890.50.51.75204.67210.51.50.25206.88730.51.51.51.7504.7929310.751.507.35412.5221.7507.35412.521.751.7507.97362.52.511.505.20750.50.521.7505.20750.50.51.751.7506.7631230.751.506.224021.521.506.224021.51.751.506.224021.51.51.5
07.67870.521.75207.10353211.506.28412.51.51.51.7506.28412.51.51.251.7503.386810.51207.35412.521.51.7507.35412.521.251.7505.80760.511207.3742221.51.7507.3742221.251.7507.51710.51.51.251.7506.203821.511.505.57890.51.52206.35262.520.51.507.67880.522205.11282.51.521.2505.11282.51.51.751.2505.11282.51.51.51.2505.11282.51.51.251.2505.11282.51.511.2506.22870.51.51.5205.85282321.2505.8528231.751.2505.8528231.51.2505.8528231.251.2505.85282311.2507.73372.52.521.507.73372.52.51.751.507.73372.52.51.51.507.73372.52.51.251.506.88740.51.521.7506.88740.51.51.751.7505.3324220.751.2507.04363221.507.0436321.751.507.0436321.51.507.0436321.251.506.18282.5221.2506.18282.521.751.2506.18282.521.51.2506.18282.521.251.2506.18282.5211.2506.542622.50.51.506.47730.511.51.7506.90710.511.251.7506.223921.51.251.505.3224320.51.507.35730.521.51.7504.398110.52208.10372311.507.53341.530.751.506.22880.51.51.75204.327510.51.252
06.35301.5321.2506.35301.531.751.2506.35301.531.51.2506.35301.531.251.2506.35301.5311.2506.59740.5121.7506.59740.511.751.7504.648010.51.75206.002931.50.751.506.72830.511.25205.79870.511.5205.80890.512208.40382321.508.4038231.751.508.4038231.51.508.4038231.251.506.65312.520.751.507.073122.50.751.507.35740.5221.7507.35740.521.751.7504.687910.51.5207.83401.52.511.506.10312.51.50.751.506.13363111.505.992822.521.2505.992822.51.751.2505.992822.51.51.2505.992822.51.251.2505.992822.511.2506.23880.511.75207.253531.511.506.31373121.506.3137311.751.506.3137311.51.506.3137311.251.507.87411.52.521.507.87411.52.51.751.507.87411.52.51.51.507.87411.52.51.251.508.08372.5211.507.5731220.751.507.613631.521.507.613631.51.751.507.613631.51.51.507.613631.51.251.506.20282221.2506.2028221.751.2506.2028221.51.2506.2028221.251.2506.20282211.2508.673722.511.507.91372.51.511.508.53382.5221.5
08.53382.521.751.508.53382.521.51.508.53382.521.251.509.093822.521.509.093822.51.751.509.093822.51.51.509.093822.51.251.508.27382.51.521.508.27382.51.51.751.508.27382.51.51.51.508.27382.51.51.251.509.22372211.509.40401.5311.509.64382221.509.6438221.751.509.6438221.51.509.6438221.251.509.81411.5321.509.81411.531.751.509.81411.531.51.509.81411.531.251.5





