entry_time,entry,side,sl,tp,atr,entry_i,exit_time,exit,exit_reason,result_r,pnl_price,duration_bars
2021-10-01 06:15:00,1752.488,SHORT,1753.4672142857144,1751.0191785714287,0.9792142857142737,75,2021-10-01 06:20:00,1753.4672142857144,SL,-1.0,-0.9792142857143062,1
2021-10-01 06:45:00,1755.268,LONG,1753.9945,1757.17825,1.2734999999999965,81,2021-10-01 07:20:00,1753.9945,SL,-1.0,-1.2735000000000127,7
2021-10-01 07:20:00,1754.865,LONG,1753.3969285714286,1757.0671071428571,1.4680714285714365,88,2021-10-01 07:25:00,1753.3969285714286,SL,-1.0,-1.4680714285714203,1
2021-10-01 07:35:00,1754.028,LONG,1752.6263571428572,1756.1304642857144,1.401642857142893,91,2021-10-01 07:50:00,1752.6263571428572,SL,-1.0,-1.4016428571428605,3
2021-10-01 08:30:00,1752.778,SHORT,1754.1353571428572,1750.7419642857144,1.357357142857154,102,2021-10-01 09:05:00,1754.1353571428572,SL,-1.0,-1.357357142857154,7
2021-10-01 10:10:00,1754.488,LONG,1753.4109285714287,1756.1036071428573,1.0770714285714251,122,2021-10-01 10:35:00,1753.4109285714287,SL,-1.0,-1.0770714285713439,5
2021-10-01 10:45:00,1753.955,LONG,1752.9995714285715,1755.3881428571428,0.9554285714285697,129,2021-10-01 11:00:00,1752.9995714285715,SL,-1.0,-0.955428571428456,3
2021-10-01 11:15:00,1754.398,LONG,1753.4032857142856,1755.8900714285714,0.9947142857142808,135,2021-10-01 11:30:00,1753.4032857142856,SL,-1.0,-0.9947142857142808,3
2021-10-01 11:45:00,1754.735,LONG,1753.3991428571428,1756.7387857142858,1.3358571428571753,141,2021-10-01 12:00:00,1753.3991428571428,SL,-1.0,-1.335857142857094,3
2021-10-01 13:40:00,1758.215,LONG,1755.8452142857143,1761.7696785714286,2.3697857142857077,164,2021-10-01 13:50:00,1755.8452142857143,SL,-1.0,-2.3697857142856265,2
2021-10-01 15:20:00,1757.838,LONG,1755.297357142857,1761.6489642857143,2.540642857142887,184,2021-10-01 15:50:00,1761.6489642857143,TP,1.5,3.8109642857143626,6
2021-10-01 17:15:00,1758.375,LONG,1757.393142857143,1759.8477857142857,0.9818571428571496,207,2021-10-01 19:10:00,1757.393142857143,SL,-1.0,-0.9818571428570522,23
2021-10-01 20:00:00,1759.855,SHORT,1760.4593571428572,1758.9484642857144,0.6043571428571275,240,2021-10-01 20:55:00,1760.4593571428572,SL,-1.0,-0.604357142857225,11
2021-10-04 01:20:00,1764.368,LONG,1763.3518571428572,1765.8922142857143,1.016142857142849,292,2021-10-04 01:45:00,1763.3518571428572,SL,-1.0,-1.0161428571427678,5
2021-10-04 04:25:00,1759.885,SHORT,1760.4378571428572,1759.0557142857142,0.5528571428571273,329,2021-10-04 04:30:00,1760.4378571428572,SL,-1.0,-0.5528571428571922,1
2021-10-04 04:40:00,1760.928,SHORT,1761.5667857142857,1759.9698214285715,0.6387857142856969,332,2021-10-04 05:35:00,1761.5667857142857,SL,-1.0,-0.6387857142856319,11
2021-10-04 05:45:00,1761.038,LONG,1760.5360714285714,1761.7908928571428,0.5019285714285421,345,2021-10-04 06:00:00,1760.5360714285714,SL,-1.0,-0.501928571428607,3
2021-10-04 09:35:00,1751.728,SHORT,1752.8432857142857,1750.0550714285714,1.1152857142857004,391,2021-10-04 10:20:00,1750.0550714285714,TP,1.5,1.6729285714286561,9
2021-10-04 11:20:00,1749.708,SHORT,1750.8343571428572,1748.0184642857143,1.1263571428571595,412,2021-10-04 11:40:00,1750.8343571428572,SL,-1.0,-1.1263571428571595,4
2021-10-04 13:45:00,1750.105,SHORT,1752.2202142857143,1746.9321785714287,2.1152142857142735,441,2021-10-04 13:55:00,1752.2202142857143,SL,-1.0,-2.1152142857142735,2
2021-10-04 17:40:00,1765.648,LONG,1764.538857142857,1767.311714285714,1.1091428571428423,488,2021-10-04 17:50:00,1764.538857142857,SL,-1.0,-1.1091428571428423,2
2021-10-04 18:05:00,1764.358,LONG,1763.2926428571427,1765.9560357142857,1.0653571428571564,493,2021-10-04 18:35:00,1765.9560357142857,TP,1.5,1.5980357142857429,6
2021-10-04 18:35:00,1766.238,LONG,1765.3110000000001,1767.6285,0.9270000000000209,499,2021-10-04 19:00:00,1765.3110000000001,SL,-1.0,-0.9269999999999072,5
2021-10-04 19:15:00,1764.125,LONG,1763.2189285714285,1765.484107142857,0.9060714285714246,507,2021-10-04 19:30:00,1765.484107142857,TP,1.5,1.3591071428570558,3
2021-10-04 22:40:00,1768.765,LONG,1768.2515,1769.5352500000001,0.5134999999999893,536,2021-10-04 23:00:00,1768.2515,SL,-1.0,-0.5135000000000218,4
2021-10-04 23:55:00,1767.955,LONG,1767.339857142857,1768.8777142857143,0.6151428571428953,551,2021-10-05 00:05:00,1767.339857142857,SL,-1.0,-0.6151428571429278,2
2021-10-05 00:10:00,1767.505,LONG,1766.8517857142858,1768.4848214285716,0.6532142857143332,554,2021-10-05 00:25:00,1766.8517857142858,SL,-1.0,-0.6532142857142844,3
2021-10-05 05:20:00,1759.298,SHORT,1760.1884285714286,1757.9623571428572,0.8904285714285963,616,2021-10-05 05:35:00,1757.9623571428572,TP,1.5,1.3356428571428296,3
2021-10-05 06:20:00,1758.048,SHORT,1759.22,1756.29,1.1720000000000255,628,2021-10-05 06:45:00,1756.29,TP,1.5,1.7580000000000382,5
2021-10-05 07:00:00,1755.838,SHORT,1757.3137142857142,1753.6244285714286,1.4757142857142753,636,2021-10-05 07:15:00,1757.3137142857142,SL,-1.0,-1.4757142857142753,3
2021-10-05 08:25:00,1757.958,SHORT,1759.1243571428572,1756.2084642857144,1.166357142857123,653,2021-10-05 08:45:00,1756.2084642857144,TP,1.5,1.7495357142856847,4
2021-10-05 10:15:00,1756.288,SHORT,1757.0859285714287,1755.0911071428573,0.797928571428575,675,2021-10-05 10:30:00,1755.0911071428573,TP,1.5,1.1968928571427568,3
2021-10-05 11:45:00,1756.548,SHORT,1757.709,1754.8065,1.1610000000000258,693,2021-10-05 12:00:00,1757.709,SL,-1.0,-1.1610000000000582,3
2021-10-05 13:05:00,1753.488,SHORT,1755.4172142857144,1750.5941785714285,1.929214285714303,709,2021-10-05 13:35:00,1755.4172142857144,SL,-1.0,-1.9292142857143517,6
2021-10-05 13:40:00,1754.855,SHORT,1757.0467857142858,1751.5673214285714,2.1917857142857105,716,2021-10-05 13:50:00,1751.5673214285714,TP,1.5,3.2876785714286143,2
2021-10-05 14:40:00,1751.365,SHORT,1753.8891428571428,1747.5787857142857,2.524142857142871,728,2021-10-05 15:05:00,1753.8891428571428,SL,-1.0,-2.524142857142806,5
2021-10-05 22:05:00,1759.978,LONG,1759.5476428571428,1760.6235357142857,0.4303571428571494,805,2021-10-05 22:40:00,1759.5476428571428,SL,-1.0,-0.4303571428572468,7
2021-10-05 23:20:00,1759.498,SHORT,1759.7560714285714,1759.110892857143,0.25807142857141635,820,2021-10-05 23:45:00,1759.110892857143,TP,1.5,0.3871071428570758,5
2021-10-06 00:00:00,1758.768,SHORT,1759.0837142857144,1758.2944285714286,0.31571428571430715,828,2021-10-06 00:05:00,1758.2944285714286,TP,1.5,0.4735714285714039,1
2021-10-06 00:55:00,1757.488,SHORT,1758.1299285714285,1756.5251071428572,0.6419285714285446,839,2021-10-06 01:05:00,1758.1299285714285,SL,-1.0,-0.6419285714284797,2
2021-10-06 01:10:00,1757.398,SHORT,1758.1427857142855,1756.2808214285715,0.7447857142856914,842,2021-10-06 01:20:00,1756.2808214285715,TP,1.5,1.1171785714284397,2
2021-10-06 01:50:00,1756.818,SHORT,1757.6927142857144,1755.5059285714285,0.8747142857142924,850,2021-10-06 02:00:00,1757.6927142857144,SL,-1.0,-0.8747142857143899,2
2021-10-06 02:00:00,1757.128,SHORT,1758.0185,1755.79225,0.8905000000000071,852,2021-10-06 02:05:00,1755.79225,TP,1.5,1.3357499999999618,1
2021-10-06 02:50:00,1754.735,SHORT,1755.6422857142857,1753.3740714285714,0.9072857142857141,862,2021-10-06 03:00:00,1755.6422857142857,SL,-1.0,-0.9072857142857629,2
2021-10-06 04:00:00,1754.925,SHORT,1755.6145714285715,1753.890642857143,0.6895714285714283,876,2021-10-06 04:05:00,1753.890642857143,TP,1.5,1.0343571428570613,1
2021-10-06 05:30:00,1751.615,SHORT,1752.5331428571428,1750.2377857142858,0.9181428571428439,894,2021-10-06 05:35:00,1752.5331428571428,SL,-1.0,-0.9181428571428114,1
2021-10-06 06:40:00,1753.488,SHORT,1754.8072857142859,1751.5090714285716,1.3192857142857,908,2021-10-06 07:00:00,1751.5090714285716,TP,1.5,1.9789285714284688,4
2021-10-06 07:35:00,1750.458,SHORT,1752.2403571428572,1747.7844642857144,1.7823571428571086,919,2021-10-06 07:50:00,1747.7844642857144,TP,1.5,2.673535714285663,3
2021-10-06 09:35:00,1748.305,SHORT,1749.4522142857143,1746.5841785714285,1.1472142857142964,943,2021-10-06 10:10:00,1749.4522142857143,SL,-1.0,-1.147214285714199,7
2021-10-06 10:40:00,1748.945,SHORT,1750.1229285714285,1747.178107142857,1.1779285714286354,956,2021-10-06 10:55:00,1750.1229285714285,SL,-1.0,-1.177928571428538,3
2021-10-06 12:20:00,1758.09,LONG,1755.9017142857142,1761.3724285714284,2.188285714285712,976,2021-10-06 13:20:00,1755.9017142857142,SL,-1.0,-2.188285714285712,12
2021-10-06 14:25:00,1759.848,LONG,1757.768857142857,1762.9667142857143,2.0791428571428208,1001,2021-10-06 14:50:00,1762.9667142857143,TP,1.5,3.1187142857143044,5
2021-10-06 17:30:00,1761.178,LONG,1760.232642857143,1762.5960357142858,0.9453571428571357,1038,2021-10-06 18:05:00,1762.5960357142858,TP,1.5,1.4180357142856792,7
2021-10-06 18:40:00,1762.418,LONG,1761.674857142857,1763.5327142857143,0.7431428571428731,1052,2021-10-06 18:50:00,1763.5327142857143,TP,1.5,1.114714285714399,2
2021-10-06 22:00:00,1762.888,LONG,1762.4521428571427,1763.5417857142857,0.435857142857133,1080,2021-10-06 22:50:00,1762.4521428571427,SL,-1.0,-0.43585714285723043,10
2021-10-07 00:40:00,1763.238,LONG,1762.6046428571428,1764.1880357142857,0.6333571428571402,1112,2021-10-07 01:00:00,1762.6046428571428,SL,-1.0,-0.6333571428572213,4
2021-10-07 05:15:00,1759.025,SHORT,1759.5845000000002,1758.18575,0.5595000000000547,1167,2021-10-07 05:25:00,1758.18575,TP,1.5,0.8392499999999927,2
2021-10-07 08:10:00,1764.678,LONG,1763.3575714285716,1766.658642857143,1.3204285714285302,1202,2021-10-07 08:20:00,1763.3575714285716,SL,-1.0,-1.3204285714284651,2
2021-10-07 13:45:00,1756.248,SHORT,1758.5039285714286,1752.8641071428572,2.2559285714285937,1269,2021-10-07 13:55:00,1758.5039285714286,SL,-1.0,-2.2559285714285124,2
2021-10-07 14:50:00,1757.348,SHORT,1759.5387142857144,1754.0619285714286,2.190714285714307,1282,2021-10-07 15:15:00,1759.5387142857144,SL,-1.0,-2.190714285714421,5
2021-10-07 15:15:00,1758.948,SHORT,1760.891285714286,1756.0330714285715,1.9432857142857398,1287,2021-10-07 18:20:00,1756.0330714285715,TP,1.5,2.914928571428618,37
2021-10-07 20:15:00,1755.568,SHORT,1756.277857142857,1754.5032142857142,0.7098571428571664,1347,2021-10-07 20:35:00,1756.277857142857,SL,-1.0,-0.7098571428571177,4
2021-10-07 22:20:00,1755.508,SHORT,1756.4014285714286,1754.1678571428572,0.8934285714285741,1360,2021-10-08 00:00:00,1754.1678571428572,TP,1.5,1.3401428571428369,20
2021-10-08 00:10:00,1753.628,SHORT,1754.042,1753.007,0.41399999999998727,1382,2021-10-08 00:25:00,1754.042,SL,-1.0,-0.41399999999998727,3
2021-10-08 00:40:00,1754.348,SHORT,1754.9705714285715,1753.414142857143,0.6225714285714048,1388,2021-10-08 00:45:00,1754.9705714285715,SL,-1.0,-0.6225714285715185,1
2021-10-08 03:35:00,1759.648,LONG,1759.020857142857,1760.588714285714,0.6271428571428552,1423,2021-10-08 04:00:00,1759.020857142857,SL,-1.0,-0.6271428571428714,5
2021-10-08 06:15:00,1759.278,LONG,1758.2047142857143,1760.8879285714286,1.0732857142857029,1455,2021-10-08 06:45:00,1758.2047142857143,SL,-1.0,-1.0732857142857029,6
2021-10-08 06:55:00,1758.508,LONG,1757.5783571428572,1759.9024642857144,0.9296428571428805,1463,2021-10-08 07:00:00,1757.5783571428572,SL,-1.0,-0.9296428571428805,1
2021-10-08 08:35:00,1755.355,SHORT,1756.3115714285714,1753.9201428571428,0.9565714285714486,1483,2021-10-08 08:50:00,1756.3115714285714,SL,-1.0,-0.9565714285713511,3
2021-10-08 09:30:00,1757.208,SHORT,1758.1222857142857,1755.8365714285715,0.9142857142856948,1494,2021-10-08 09:35:00,1758.1222857142857,SL,-1.0,-0.9142857142855974,1
2021-10-08 12:30:00,1770.568,LONG,1768.664857142857,1773.4227142857144,1.9031428571428737,1530,2021-10-08 12:35:00,1773.4227142857144,TP,1.5,2.854714285714408,1
2021-10-08 13:50:00,1773.598,LONG,1770.5610714285713,1778.1533928571428,3.036928571428575,1546,2021-10-08 14:05:00,1770.5610714285713,SL,-1.0,-3.036928571428689,3
2021-10-08 16:45:00,1758.915,SHORT,1760.1562142857142,1757.0531785714286,1.2412142857142985,1581,2021-10-08 17:05:00,1757.0531785714286,TP,1.5,1.8618214285713748,4
2021-10-08 18:20:00,1759.148,SHORT,1759.9350714285713,1757.9673928571428,0.7870714285714128,1600,2021-10-08 18:30:00,1757.9673928571428,TP,1.5,1.1806071428570704,2
2021-10-10 22:00:00,1756.855,SHORT,1757.5195,1755.85825,0.6645000000000242,1632,2021-10-10 22:05:00,1757.5195,SL,-1.0,-0.6645000000000891,1
2021-10-10 22:10:00,1756.783,SHORT,1757.4437142857141,1755.7919285714283,0.6607142857143019,1634,2021-10-10 22:20:00,1755.7919285714283,TP,1.5,0.9910714285715585,2
2021-10-10 23:00:00,1754.758,SHORT,1756.1053571428572,1752.7369642857143,1.347357142857147,1644,2021-10-11 00:05:00,1756.1053571428572,SL,-1.0,-1.3473571428571631,13
2021-10-11 01:10:00,1757.908,LONG,1756.875357142857,1759.4569642857143,1.032642857142881,1670,2021-10-11 01:35:00,1759.4569642857143,TP,1.5,1.548964285714419,5
2021-10-11 03:00:00,1759.328,LONG,1758.6055714285715,1760.4116428571429,0.72242857142859,1692,2021-10-11 03:20:00,1758.6055714285715,SL,-1.0,-0.7224285714285088,4
2021-10-11 04:30:00,1755.798,SHORT,1756.5334285714287,1754.6948571428572,0.7354285714285587,1710,2021-10-11 04:40:00,1756.5334285714287,SL,-1.0,-0.7354285714286561,2
2021-10-11 06:05:00,1755.855,SHORT,1756.783,1754.463,0.9279999999999811,1729,2021-10-11 06:20:00,1756.783,SL,-1.0,-0.9279999999998836,3
2021-10-11 06:35:00,1754.138,SHORT,1755.3830714285714,1752.2703928571427,1.2450714285714153,1735,2021-10-11 06:40:00,1755.3830714285714,SL,-1.0,-1.245071428571464,1
2021-10-11 07:40:00,1754.868,SHORT,1756.0615714285714,1753.0776428571428,1.193571428571415,1748,2021-10-11 07:55:00,1756.0615714285714,SL,-1.0,-1.1935714285714312,3
2021-10-11 08:40:00,1754.948,SHORT,1755.9353571428574,1753.4669642857143,0.9873571428571495,1760,2021-10-11 08:50:00,1753.4669642857143,TP,1.5,1.481035714285781,2
2021-10-11 10:55:00,1753.618,SHORT,1754.4530714285713,1752.3653928571428,0.8350714285714632,1787,2021-10-11 11:00:00,1754.4530714285713,SL,-1.0,-0.8350714285713821,1
2021-10-11 12:35:00,1753.478,LONG,1752.3165714285715,1755.220142857143,1.1614285714285708,1807,2021-10-11 12:45:00,1752.3165714285715,SL,-1.0,-1.161428571428587,2
2021-10-11 14:45:00,1756.908,LONG,1755.4644285714285,1759.073357142857,1.4435714285714312,1833,2021-10-11 17:00:00,1755.4644285714285,SL,-1.0,-1.4435714285714312,27
2021-10-11 18:30:00,1755.055,SHORT,1755.585,1754.2600000000002,0.5299999999999727,1878,2021-10-11 19:10:00,1755.585,SL,-1.0,-0.5299999999999727,8
2021-10-11 20:55:00,1753.778,SHORT,1754.2365,1753.09025,0.45849999999999064,1907,2021-10-11 22:30:00,1753.09025,TP,1.5,0.6877500000000509,7
2021-10-11 23:40:00,1754.248,SHORT,1754.6402142857144,1753.6596785714287,0.3922142857142847,1928,2021-10-11 23:45:00,1753.6596785714287,TP,1.5,0.588321428571362,1
2021-10-12 01:40:00,1755.618,LONG,1754.4295,1757.4007499999998,1.1884999999999601,1952,2021-10-12 02:20:00,1757.4007499999998,TP,1.5,1.7827499999998508,8
2021-10-12 03:30:00,1757.888,LONG,1757.231857142857,1758.872214285714,0.6561428571428191,1974,2021-10-12 04:20:00,1757.231857142857,SL,-1.0,-0.6561428571428678,10
2021-10-12 04:35:00,1757.128,LONG,1756.619857142857,1757.8902142857144,0.508142857142892,1987,2021-10-12 05:00:00,1757.8902142857144,TP,1.5,0.7622142857144354,5
2021-10-12 05:10:00,1759.868,LONG,1759.2664285714286,1760.7703571428572,0.6015714285714304,1994,2021-10-12 05:30:00,1760.7703571428572,TP,1.5,0.9023571428572268,4
2021-10-12 06:50:00,1761.395,LONG,1760.449,1762.814,0.9459999999999938,2014,2021-10-12 07:10:00,1760.449,SL,-1.0,-0.9459999999999127,4
2021-10-12 10:30:00,1760.935,LONG,1759.9922857142856,1762.3490714285713,0.9427142857142761,2058,2021-10-12 10:50:00,1762.3490714285713,TP,1.5,1.414071428571333,4
2021-10-12 11:55:00,1761.848,LONG,1760.7815,1763.44775,1.066500000000019,2075,2021-10-12 12:05:00,1760.7815,SL,-1.0,-1.0664999999999054,2
2021-10-12 12:05:00,1761.148,LONG,1760.0729999999999,1762.7604999999999,1.075000000000013,2077,2021-10-12 12:15:00,1762.7604999999999,TP,1.5,1.6124999999999545,2
2021-10-12 13:00:00,1757.325,SHORT,1759.1458571428573,1754.5937142857142,1.8208571428571727,2088,2021-10-12 13:05:00,1759.1458571428573,SL,-1.0,-1.8208571428572213,1
2021-10-12 14:00:00,1768.398,LONG,1765.518,1772.7179999999998,2.879999999999979,2100,2021-10-12 14:15:00,1765.518,SL,-1.0,-2.8799999999998818,3
2021-10-12 15:05:00,1763.908,LONG,1761.9466428571427,1766.8500357142857,1.9613571428571472,2113,2021-10-12 15:15:00,1761.9466428571427,SL,-1.0,-1.9613571428571959,2
2021-10-12 15:20:00,1764.028,LONG,1762.1461428571429,1766.8507857142858,1.8818571428571593,2116,2021-10-12 15:25:00,1762.1461428571429,SL,-1.0,-1.8818571428571431,1
2021-10-12 16:40:00,1760.728,SHORT,1761.7855714285715,1759.1416428571429,1.0575714285714477,2132,2021-10-12 17:20:00,1759.1416428571429,TP,1.5,1.5863571428571959,8
2021-10-12 19:30:00,1760.808,SHORT,1761.4284285714286,1759.8773571428571,0.6204285714286308,2166,2021-10-12 19:40:00,1761.4284285714286,SL,-1.0,-0.620428571428647,2
2021-10-12 20:35:00,1760.358,LONG,1759.8237857142858,1761.1593214285713,0.53421428571424,2179,2021-10-12 20:55:00,1759.8237857142858,SL,-1.0,-0.5342142857141425,4
2021-10-12 23:00:00,1760.028,SHORT,1760.3456428571428,1759.5515357142858,0.31764285714283297,2196,2021-10-12 23:05:00,1760.3456428571428,SL,-1.0,-0.3176428571428005,1
2021-10-12 23:25:00,1760.168,SHORT,1760.4201428571428,1759.7897857142857,0.25214285714285517,2201,2021-10-12 23:40:00,1759.7897857142857,TP,1.5,0.37821428571419347,3
2021-10-12 23:50:00,1760.228,SHORT,1760.5165714285715,1759.795142857143,0.288571428571426,2206,2021-10-13 00:00:00,1760.5165714285715,SL,-1.0,-0.28857142857145845,2
2021-10-13 00:25:00,1760.628,LONG,1760.1342142857143,1761.3686785714285,0.49378571428571505,2213,2021-10-13 00:40:00,1760.1342142857143,SL,-1.0,-0.4937857142856501,3
2021-10-13 00:55:00,1761.278,LONG,1760.6715714285715,1762.187642857143,0.6064285714285883,2219,2021-10-13 01:00:00,1760.6715714285715,SL,-1.0,-0.6064285714285234,1
2021-10-13 01:15:00,1760.998,LONG,1760.2075714285716,1762.183642857143,0.7904285714285899,2223,2021-10-13 01:45:00,1762.183642857143,TP,1.5,1.185642857142966,6
2021-10-13 02:25:00,1762.628,LONG,1761.923857142857,1763.6842142857142,0.7041428571428696,2237,2021-10-13 02:30:00,1761.923857142857,SL,-1.0,-0.7041428571428696,1
2021-10-13 03:25:00,1762.018,LONG,1761.2396428571428,1763.1855357142856,0.778357142857122,2249,2021-10-13 04:25:00,1763.1855357142856,TP,1.5,1.1675357142855773,12
2021-10-13 04:50:00,1761.868,LONG,1761.392214285714,1762.5816785714285,0.4757857142857347,2266,2021-10-13 05:00:00,1761.392214285714,SL,-1.0,-0.47578571428584837,2
2021-10-13 06:10:00,1762.278,LONG,1761.6042142857143,1763.2886785714286,0.6737857142857625,2282,2021-10-13 06:15:00,1763.2886785714286,TP,1.5,1.0106785714285706,1
2021-10-13 07:00:00,1763.168,LONG,1762.1665714285714,1764.6701428571428,1.0014285714286026,2292,2021-10-13 07:10:00,1762.1665714285714,SL,-1.0,-1.0014285714285052,2
2021-10-13 13:25:00,1768.014,SHORT,1771.8095714285714,1762.3206428571427,3.795571428571423,2369,2021-10-13 13:30:00,1771.8095714285714,SL,-1.0,-3.7955714285715203,1
2021-10-13 17:10:00,1794.864,LONG,1793.7748571428572,1796.4977142857144,1.0891428571429091,2414,2021-10-13 17:20:00,1793.7748571428572,SL,-1.0,-1.0891428571428605,2
2021-10-13 17:55:00,1791.678,LONG,1790.6285714285714,1793.252142857143,1.0494285714286207,2423,2021-10-13 18:55:00,1793.252142857143,TP,1.5,1.5741428571429879,12
2021-10-13 19:15:00,1791.778,LONG,1790.7840714285715,1793.2688928571429,0.9939285714285688,2439,2021-10-13 19:30:00,1793.2688928571429,TP,1.5,1.4908928571428532,3
2021-10-13 19:50:00,1792.194,LONG,1791.2793571428572,1793.5659642857142,0.914642857142878,2446,2021-10-13 22:45:00,1793.5659642857142,TP,1.5,1.3719642857142844,23
2021-10-13 23:00:00,1793.048,LONG,1792.603,1793.7155,0.44500000000001755,2472,2021-10-13 23:20:00,1792.603,SL,-1.0,-0.44499999999993634,4
2021-10-14 01:20:00,1790.144,SHORT,1790.9732857142858,1788.9000714285714,0.8292857142857396,2500,2021-10-14 01:30:00,1790.9732857142858,SL,-1.0,-0.8292857142857883,2
2021-10-14 02:40:00,1788.184,SHORT,1788.956,1787.026,0.7719999999999995,2516,2021-10-14 02:50:00,1787.026,TP,1.5,1.1579999999999018,2
2021-10-14 03:45:00,1788.268,SHORT,1789.1010714285715,1787.0183928571428,0.8330714285714294,2529,2021-10-14 04:25:00,1789.1010714285715,SL,-1.0,-0.8330714285714294,8
2021-10-14 04:25:00,1788.588,SHORT,1789.0929999999998,1787.8305,0.5049999999999629,2537,2021-10-14 04:35:00,1789.0929999999998,SL,-1.0,-0.5049999999998818,2
2021-10-14 06:00:00,1791.758,LONG,1791.0367142857144,1792.8399285714286,0.7212857142857112,2556,2021-10-14 06:15:00,1792.8399285714286,TP,1.5,1.0819285714285343,3
2021-10-14 07:15:00,1792.698,LONG,1791.5944285714286,1794.3533571428572,1.1035714285714644,2571,2021-10-14 07:30:00,1791.5944285714286,SL,-1.0,-1.103571428571513,3
2021-10-14 07:35:00,1793.728,LONG,1792.3327142857142,1795.8209285714286,1.3952857142857218,2575,2021-10-14 08:00:00,1795.8209285714286,TP,1.5,2.0929285714285015,5
2021-10-14 09:50:00,1796.294,LONG,1795.3118571428572,1797.7672142857143,0.9821428571428247,2602,2021-10-14 10:00:00,1797.7672142857143,TP,1.5,1.4732142857142208,2
2021-10-14 11:35:00,1798.914,LONG,1797.9108571428571,1800.4187142857143,1.0031428571428478,2623,2021-10-14 11:50:00,1797.9108571428571,SL,-1.0,-1.0031428571428478,3
2021-10-14 13:20:00,1798.388,LONG,1796.2592142857143,1801.5811785714284,2.12878571428569,2644,2021-10-14 13:35:00,1796.2592142857143,SL,-1.0,-2.128785714285641,3
2021-10-14 14:15:00,1798.024,LONG,1796.2295714285713,1800.7156428571427,1.7944285714285766,2655,2021-10-14 14:25:00,1796.2295714285713,SL,-1.0,-1.7944285714286252,2
2021-10-14 14:30:00,1797.644,LONG,1795.7061428571428,1800.5507857142857,1.9378571428571507,2658,2021-10-14 14:40:00,1795.7061428571428,SL,-1.0,-1.9378571428571831,2
2021-10-14 15:30:00,1796.884,SHORT,1798.3466428571428,1794.6900357142856,1.4626428571428636,2670,2021-10-14 15:45:00,1798.3466428571428,SL,-1.0,-1.4626428571427823,3
2021-10-14 15:55:00,1798.198,LONG,1797.1232142857143,1799.8101785714287,1.0747857142857324,2675,2021-10-14 16:20:00,1797.1232142857143,SL,-1.0,-1.074785714285781,5
2021-10-14 16:30:00,1797.028,LONG,1796.211857142857,1798.2522142857142,0.8161428571428685,2682,2021-10-14 16:35:00,1796.211857142857,SL,-1.0,-0.8161428571429497,1
2021-10-14 19:25:00,1797.964,LONG,1797.4467142857143,1798.7399285714284,0.5172857142857278,2717,2021-10-14 19:30:00,1798.7399285714284,TP,1.5,0.7759285714284943,1
2021-10-14 23:30:00,1795.544,SHORT,1795.7778571428573,1795.1932142857142,0.23385714285716727,2754,2021-10-14 23:35:00,1795.1932142857142,TP,1.5,0.35078571428584837,1
2021-10-15 00:05:00,1795.848,SHORT,1796.224,1795.2839999999999,0.3760000000000413,2761,2021-10-15 00:15:00,1795.2839999999999,TP,1.5,0.5640000000000782,2
2021-10-15 00:30:00,1794.754,SHORT,1795.2054285714285,1794.076857142857,0.4514285714285831,2766,2021-10-15 00:40:00,1795.2054285714285,SL,-1.0,-0.45142857142855064,2
2021-10-15 01:05:00,1794.254,SHORT,1794.9822857142856,1793.1615714285713,0.7282857142857405,2773,2021-10-15 01:20:00,1794.9822857142856,SL,-1.0,-0.7282857142856756,3
2021-10-15 04:00:00,1794.928,SHORT,1795.4935714285716,1794.079642857143,0.5655714285714534,2808,2021-10-15 04:55:00,1794.079642857143,TP,1.5,0.8483571428571395,11
2021-10-15 07:30:00,1788.788,SHORT,1789.8317142857143,1787.2224285714285,1.0437142857143076,2850,2021-10-15 07:35:00,1787.2224285714285,TP,1.5,1.565571428571502,1
2021-10-15 08:20:00,1787.858,SHORT,1789.2892857142856,1785.7110714285714,1.4312857142856825,2860,2021-10-15 09:05:00,1785.7110714285714,TP,1.5,2.146928571428589,9
2021-10-15 11:35:00,1780.448,SHORT,1781.5342142857144,1778.8186785714288,1.086214285714261,2899,2021-10-15 11:40:00,1778.8186785714288,TP,1.5,1.629321428571302,1
2021-10-15 13:55:00,1771.534,SHORT,1774.5217142857143,1767.0524285714287,2.9877142857142354,2927,2021-10-15 14:00:00,1774.5217142857143,SL,-1.0,-2.987714285714219,1
2021-10-15 14:35:00,1772.244,SHORT,1774.8702142857142,1768.3046785714284,2.626214285714257,2935,2021-10-15 14:50:00,1774.8702142857142,SL,-1.0,-2.6262142857142408,3
2021-10-15 15:25:00,1772.588,SHORT,1774.215357142857,1770.1469642857144,1.6273571428571196,2945,2021-10-15 15:40:00,1770.1469642857144,TP,1.5,2.44103571428559,3
2021-10-15 17:45:00,1768.308,SHORT,1769.1307142857142,1767.0739285714285,0.8227142857142715,2973,2021-10-15 18:40:00,1767.0739285714285,TP,1.5,1.2340714285714967,11
2021-10-15 19:55:00,1768.238,SHORT,1768.7640000000001,1767.449,0.5260000000000024,2999,2021-10-15 20:20:00,1767.449,TP,1.5,0.7889999999999873,5
2021-10-15 20:30:00,1766.784,SHORT,1767.2878571428573,1766.0282142857145,0.5038571428571329,3006,2021-10-15 20:45:00,1767.2878571428573,SL,-1.0,-0.5038571428572141,3
2021-10-17 22:10:00,1766.489,SHORT,1767.1854285714287,1765.4443571428571,0.6964285714285714,3014,2021-10-17 22:30:00,1765.4443571428571,TP,1.5,1.0446428571428896,4
2021-10-18 00:10:00,1770.038,LONG,1768.9059285714286,1771.7361071428572,1.13207142857144,3038,2021-10-18 01:00:00,1771.7361071428572,TP,1.5,1.698107142857225,10
2021-10-18 02:55:00,1770.798,LONG,1770.1417142857142,1771.7824285714285,0.6562857142857054,3071,2021-10-18 03:00:00,1770.1417142857142,SL,-1.0,-0.6562857142857865,1
2021-10-18 04:30:00,1767.668,SHORT,1768.2117857142857,1766.8523214285713,0.5437857142857508,3090,2021-10-18 04:35:00,1766.8523214285713,TP,1.5,0.8156785714286343,1
2021-10-18 05:10:00,1768.468,SHORT,1769.1590714285715,1767.431392857143,0.6910714285714415,3098,2021-10-18 05:30:00,1769.1590714285715,SL,-1.0,-0.6910714285713766,4
2021-10-18 05:30:00,1768.518,SHORT,1769.2709285714286,1767.3886071428572,0.7529285714285834,3102,2021-10-18 06:00:00,1767.3886071428572,TP,1.5,1.129392857142875,6
2021-10-18 06:10:00,1762.258,SHORT,1763.4921428571429,1760.4067857142857,1.2341428571428585,3110,2021-10-18 06:20:00,1763.4921428571429,SL,-1.0,-1.2341428571428423,2
2021-10-18 06:45:00,1764.918,SHORT,1766.4832857142856,1762.5700714285713,1.5652857142857133,3117,2021-10-18 07:15:00,1762.5700714285713,TP,1.5,2.3479285714286107,6
2021-10-18 07:15:00,1762.618,SHORT,1764.1462857142856,1760.3255714285713,1.5282857142857114,3123,2021-10-18 07:25:00,1764.1462857142856,SL,-1.0,-1.52828571428563,2
2021-10-18 09:20:00,1763.564,SHORT,1765.219,1761.0815,1.654999999999989,3148,2021-10-18 10:10:00,1761.0815,TP,1.5,2.4825000000000728,10
2021-10-18 11:45:00,1762.088,SHORT,1763.2404999999999,1760.35925,1.1525000000000318,3177,2021-10-18 11:55:00,1763.2404999999999,SL,-1.0,-1.1524999999999181,2
2021-10-18 12:35:00,1765.718,LONG,1763.5564285714286,1768.9603571428572,2.1615714285714245,3187,2021-10-18 12:40:00,1763.5564285714286,SL,-1.0,-2.1615714285715057,1
2021-10-18 13:10:00,1764.794,LONG,1762.4347142857143,1768.3329285714285,2.35928571428568,3194,2021-10-18 13:25:00,1768.3329285714285,TP,1.5,3.538928571428414,3
2021-10-18 13:25:00,1769.348,LONG,1766.7912857142858,1773.1830714285713,2.5567142857142438,3197,2021-10-18 13:35:00,1766.7912857142858,SL,-1.0,-2.556714285714179,2
2021-10-18 13:50:00,1765.458,LONG,1762.8818571428571,1769.3222142857144,2.5761428571428433,3202,2021-10-18 14:05:00,1769.3222142857144,TP,1.5,3.864214285714297,3
2021-10-18 14:05:00,1770.134,LONG,1767.4377142857143,1774.1784285714286,2.6962857142857013,3205,2021-10-18 15:50:00,1767.4377142857143,SL,-1.0,-2.69628571428575,21
2021-10-18 18:45:00,1765.588,SHORT,1766.2512142857142,1764.5931785714286,0.6632142857142915,3261,2021-10-18 19:45:00,1764.5931785714286,TP,1.5,0.994821428571413,12
2021-10-19 05:00:00,1774.764,LONG,1774.2595714285712,1775.5206428571428,0.5044285714285641,3372,2021-10-19 05:05:00,1774.2595714285712,SL,-1.0,-0.5044285714286616,1
2021-10-19 05:15:00,1774.334,LONG,1773.7537857142859,1775.2043214285716,0.5802142857142728,3375,2021-10-19 05:25:00,1773.7537857142859,SL,-1.0,-0.5802142857141916,2
2021-10-19 05:25:00,1774.164,LONG,1773.5705,1775.05425,0.5934999999999978,3377,2021-10-19 05:35:00,1775.05425,TP,1.5,0.8902499999999236,2
2021-10-19 07:30:00,1779.734,LONG,1778.5732142857141,1781.4751785714286,1.1607857142857287,3402,2021-10-19 07:40:00,1781.4751785714286,TP,1.5,1.7411785714286907,2
2021-10-19 09:35:00,1778.964,LONG,1778.0281428571427,1780.3677857142857,0.935857142857133,3427,2021-10-19 09:40:00,1780.3677857142857,TP,1.5,1.403785714285732,1
2021-10-19 14:05:00,1777.588,SHORT,1780.3207142857143,1773.4889285714285,2.7327142857142723,3481,2021-10-19 14:15:00,1773.4889285714285,TP,1.5,4.099071428571506,2
2021-10-19 17:50:00,1769.798,SHORT,1770.7659285714285,1768.3461071428571,0.967928571428599,3526,2021-10-19 18:35:00,1770.7659285714285,SL,-1.0,-0.9679285714285015,9
2021-10-19 18:45:00,1770.394,SHORT,1770.9835714285714,1769.5096428571428,0.5895714285714055,3537,2021-10-19 19:15:00,1769.5096428571428,TP,1.5,0.8843571428571977,6
2021-10-19 20:45:00,1768.444,SHORT,1768.8786428571427,1767.7920357142857,0.4346428571428435,3561,2021-10-19 20:55:00,1768.8786428571427,SL,-1.0,-0.4346428571427623,2
2021-10-19 22:10:00,1769.448,SHORT,1769.9368571428572,1768.7147142857143,0.4888571428571303,3566,2021-10-19 23:10:00,1768.7147142857143,TP,1.5,0.7332857142857847,12
2021-10-19 23:50:00,1768.704,SHORT,1769.0375714285715,1768.2036428571428,0.33357142857145,3586,2021-10-19 23:55:00,1769.0375714285715,SL,-1.0,-0.3335714285715312,1
2021-10-19 23:55:00,1768.598,SHORT,1768.9607142857142,1768.0539285714285,0.36271428571431635,3587,2021-10-20 00:00:00,1768.0539285714285,TP,1.5,0.5440714285714421,1
2021-10-20 04:25:00,1773.818,LONG,1773.337142857143,1774.5392857142858,0.480857142857157,3641,2021-10-20 04:30:00,1773.337142857143,SL,-1.0,-0.4808571428570758,1
2021-10-20 05:35:00,1774.608,LONG,1774.0355,1775.46675,0.5725000000000071,3655,2021-10-20 05:45:00,1775.46675,TP,1.5,0.8587500000001,2
2021-10-20 07:40:00,1775.368,LONG,1774.268,1777.018,1.1000000000000227,3680,2021-10-20 08:00:00,1777.018,TP,1.5,1.650000000000091,4
2021-10-20 10:45:00,1778.878,LONG,1778.1952142857142,1779.9021785714285,0.6827857142857121,3717,2021-10-20 10:55:00,1779.9021785714285,TP,1.5,1.0241785714285925,2
2021-10-20 11:30:00,1779.608,LONG,1778.7654285714284,1780.8718571428572,0.8425714285714321,3726,2021-10-20 11:40:00,1778.7654285714284,SL,-1.0,-0.8425714285715458,2
2021-10-20 11:55:00,1779.494,LONG,1778.5202857142856,1780.9545714285714,0.9737142857143226,3731,2021-10-20 12:00:00,1780.9545714285714,TP,1.5,1.460571428571484,1
2021-10-20 13:10:00,1785.214,LONG,1783.357,1787.9995,1.856999999999987,3746,2021-10-20 13:15:00,1783.357,SL,-1.0,-1.856999999999971,1
2021-10-20 13:35:00,1780.008,LONG,1777.385142857143,1783.9422857142858,2.6228571428571286,3751,2021-10-20 14:05:00,1777.385142857143,SL,-1.0,-2.6228571428571286,6
2021-10-20 15:05:00,1783.008,LONG,1781.0967142857144,1785.8749285714287,1.9112857142857496,3769,2021-10-20 16:30:00,1785.8749285714287,TP,1.5,2.866928571428616,17
2021-10-20 17:35:00,1784.618,LONG,1783.0977857142857,1786.8983214285713,1.5202142857142786,3799,2021-10-20 20:20:00,1783.0977857142857,SL,-1.0,-1.5202142857142462,33
2021-10-20 22:40:00,1782.608,SHORT,1783.1822142857143,1781.7466785714284,0.574214285714301,3848,2021-10-20 23:20:00,1781.7466785714284,TP,1.5,0.8613214285715003,8
2021-10-20 23:45:00,1782.204,SHORT,1782.6147142857142,1781.5879285714284,0.41071428571430196,3861,2021-10-20 23:55:00,1781.5879285714284,TP,1.5,0.6160714285715585,2
2021-10-21 00:05:00,1781.944,SHORT,1782.4942857142858,1781.1185714285714,0.5502857142857432,3865,2021-10-21 00:45:00,1782.4942857142858,SL,-1.0,-0.550285714285792,8
2021-10-21 01:25:00,1782.654,SHORT,1783.6705714285715,1781.1291428571428,1.0165714285714427,3881,2021-10-21 01:30:00,1783.6705714285715,SL,-1.0,-1.016571428571524,1
2021-10-21 01:30:00,1784.278,LONG,1783.191142857143,1785.9082857142857,1.0868571428571678,3882,2021-10-21 01:50:00,1785.9082857142857,TP,1.5,1.6302857142857192,4
2021-10-21 03:25:00,1786.324,LONG,1785.4358571428572,1787.6562142857142,0.8881428571428387,3905,2021-10-21 03:45:00,1785.4358571428572,SL,-1.0,-0.8881428571428387,4
2021-10-21 03:45:00,1785.988,LONG,1785.181,1787.1985,0.8069999999999838,3909,2021-10-21 04:30:00,1785.181,SL,-1.0,-0.8070000000000164,9
2021-10-21 05:25:00,1784.688,SHORT,1785.4352857142858,1783.5670714285716,0.7472857142857136,3929,2021-10-21 05:30:00,1783.5670714285716,TP,1.5,1.1209285714285215,1
2021-10-21 07:05:00,1780.964,SHORT,1782.2780714285714,1778.9928928571428,1.3140714285714077,3949,2021-10-21 07:10:00,1782.2780714285714,SL,-1.0,-1.314071428571424,1
2021-10-21 10:30:00,1786.614,LONG,1785.8202857142858,1787.8045714285713,0.7937142857142427,3990,2021-10-21 10:35:00,1785.8202857142858,SL,-1.0,-0.793714285714259,1
2021-10-21 12:20:00,1781.884,SHORT,1783.7947142857142,1779.0179285714287,1.9107142857142858,4012,2021-10-21 12:35:00,1783.7947142857142,SL,-1.0,-1.9107142857142208,3
2021-10-21 12:45:00,1783.328,SHORT,1785.1530714285714,1780.590392857143,1.8250714285713912,4017,2021-10-21 12:50:00,1785.1530714285714,SL,-1.0,-1.8250714285713912,1
2021-10-21 13:15:00,1782.384,SHORT,1784.7415,1778.8477500000001,2.3574999999999755,4023,2021-10-21 13:40:00,1784.7415,SL,-1.0,-2.3575000000000728,5
2021-10-21 14:25:00,1780.104,SHORT,1782.4405714285715,1776.5991428571429,2.3365714285714114,4037,2021-10-21 15:50:00,1782.4405714285715,SL,-1.0,-2.3365714285714603,17
2021-10-21 16:40:00,1781.038,SHORT,1781.8514285714286,1779.817857142857,0.8134285714285657,4064,2021-10-21 17:00:00,1779.817857142857,TP,1.5,1.220142857142946,4
2021-10-21 17:35:00,1780.408,SHORT,1781.1945714285714,1779.2281428571428,0.7865714285714895,4075,2021-10-21 17:50:00,1779.2281428571428,TP,1.5,1.179857142857145,3
2021-10-21 17:50:00,1779.258,SHORT,1780.063142857143,1778.0502857142858,0.8051428571429012,4078,2021-10-21 18:20:00,1780.063142857143,SL,-1.0,-0.8051428571429824,6
2021-10-21 18:55:00,1780.898,SHORT,1781.5621428571428,1779.9017857142856,0.6641428571428898,4091,2021-10-21 19:05:00,1781.5621428571428,SL,-1.0,-0.664142857142906,2
2021-10-21 22:00:00,1783.218,LONG,1782.5720000000001,1784.1870000000001,0.6459999999999907,4116,2021-10-21 23:05:00,1784.1870000000001,TP,1.5,0.9690000000000509,13
2021-10-22 00:15:00,1784.248,LONG,1783.6112142857144,1785.2031785714285,0.6367857142856467,4143,2021-10-22 00:30:00,1785.2031785714285,TP,1.5,0.9551785714284051,3
2021-10-22 02:55:00,1786.644,LONG,1785.9155714285714,1787.736642857143,0.7284285714285943,4175,2021-10-22 03:00:00,1785.9155714285714,SL,-1.0,-0.7284285714285943,1
2021-10-22 03:10:00,1787.258,LONG,1786.4781428571428,1788.4277857142858,0.7798571428571677,4178,2021-10-22 04:30:00,1786.4781428571428,SL,-1.0,-0.7798571428572814,16
2021-10-22 04:45:00,1786.728,LONG,1786.2841428571428,1787.3937857142857,0.4438571428571712,4197,2021-10-22 04:50:00,1786.2841428571428,SL,-1.0,-0.4438571428572686,1
2021-10-22 04:55:00,1786.248,LONG,1785.8398571428572,1786.8602142857144,0.40814285714286924,4199,2021-10-22 05:00:00,1786.8602142857144,TP,1.5,0.6122142857143444,1
2021-10-22 05:15:00,1786.848,LONG,1786.4004285714286,1787.5193571428572,0.4475714285714178,4203,2021-10-22 05:30:00,1787.5193571428572,TP,1.5,0.6713571428572322,3
2021-10-22 06:00:00,1787.314,LONG,1786.7060000000001,1788.226,0.607999999999996,4212,2021-10-22 06:05:00,1786.7060000000001,SL,-1.0,-0.6079999999999472,1
2021-10-22 09:40:00,1792.048,LONG,1791.1188571428572,1793.4417142857142,0.9291428571428274,4256,2021-10-22 10:00:00,1793.4417142857142,TP,1.5,1.393714285714168,4
2021-10-22 10:45:00,1792.614,LONG,1791.884,1793.709,0.7300000000000182,4269,2021-10-22 11:05:00,1791.884,SL,-1.0,-0.7300000000000182,4
2021-10-22 11:40:00,1793.178,LONG,1792.2531428571428,1794.565285714286,0.924857142857182,4280,2021-10-22 12:00:00,1792.2531428571428,SL,-1.0,-0.9248571428572632,4
2021-10-22 12:00:00,1792.514,LONG,1791.559857142857,1793.9452142857142,0.9541428571428858,4284,2021-10-22 12:05:00,1793.9452142857142,TP,1.5,1.4312142857143044,1
2021-10-22 17:00:00,1796.238,SHORT,1798.5904285714287,1792.7093571428572,2.3524285714286015,4344,2021-10-22 17:40:00,1792.7093571428572,TP,1.5,3.5286428571428132,8
2021-10-22 19:00:00,1792.694,SHORT,1793.719357142857,1791.1559642857142,1.0253571428571604,4368,2021-10-22 19:35:00,1793.719357142857,SL,-1.0,-1.0253571428570467,7
2021-10-22 19:40:00,1793.528,SHORT,1794.2742857142857,1792.4085714285713,0.7462857142857209,4376,2021-10-22 19:55:00,1794.2742857142857,SL,-1.0,-0.7462857142857047,3
2021-10-22 20:05:00,1793.678,SHORT,1794.333285714286,1792.6950714285715,0.6552857142856965,4381,2021-10-22 20:35:00,1792.6950714285715,TP,1.5,0.9829285714286016,6
2021-10-24 22:30:00,1792.864,SHORT,1793.5590714285715,1791.8213928571429,0.6950714285714119,4398,2021-10-24 22:35:00,1793.5590714285715,SL,-1.0,-0.6950714285715094,1
2021-10-24 22:40:00,1793.844,SHORT,1794.6035,1792.70475,0.7594999999999702,4400,2021-10-24 23:20:00,1792.70475,TP,1.5,1.1392499999999472,8
2021-10-24 23:40:00,1792.588,SHORT,1793.1477142857143,1791.7484285714286,0.5597142857143191,4412,2021-10-24 23:45:00,1793.1477142857143,SL,-1.0,-0.5597142857143353,1
2021-10-25 00:35:00,1794.018,LONG,1793.072357142857,1795.4364642857145,0.9456428571429082,4423,2021-10-25 00:45:00,1795.4364642857145,TP,1.5,1.4184642857144354,2
2021-10-25 02:10:00,1794.358,LONG,1793.2152857142858,1796.0720714285712,1.1427142857142079,4442,2021-10-25 02:30:00,1793.2152857142858,SL,-1.0,-1.1427142857141916,4
2021-10-25 02:35:00,1793.268,SHORT,1794.2768571428571,1791.7547142857143,1.008857142857112,4447,2021-10-25 02:50:00,1794.2768571428571,SL,-1.0,-1.0088571428570958,3
2021-10-25 05:30:00,1798.434,LONG,1797.454,1799.904,0.980000000000002,4482,2021-10-25 05:50:00,1799.904,TP,1.5,1.4700000000000273,4
2021-10-25 06:15:00,1799.028,LONG,1797.8682857142858,1800.7675714285715,1.1597142857142606,4491,2021-10-25 06:25:00,1797.8682857142858,SL,-1.0,-1.1597142857142444,2
2021-10-25 06:35:00,1797.578,LONG,1796.3298571428572,1799.4502142857143,1.2481428571428361,4495,2021-10-25 06:50:00,1796.3298571428572,SL,-1.0,-1.2481428571427386,3
2021-10-25 07:45:00,1798.148,LONG,1796.849,1800.0964999999999,1.2990000000000106,4509,2021-10-25 08:05:00,1800.0964999999999,TP,1.5,1.9484999999999673,4
2021-10-25 10:05:00,1799.108,LONG,1798.0014285714285,1800.767857142857,1.106571428571442,4537,2021-10-25 11:10:00,1800.767857142857,TP,1.5,1.6598571428571631,13
2021-10-25 11:10:00,1801.424,LONG,1800.7768571428571,1802.3947142857144,0.6471428571428858,4550,2021-10-25 11:35:00,1800.7768571428571,SL,-1.0,-0.6471428571428532,5
2021-10-25 13:35:00,1805.294,LONG,1803.3198571428572,1808.2552142857144,1.9741428571428838,4579,2021-10-25 13:50:00,1808.2552142857144,TP,1.5,2.961214285714277,3
2021-10-25 15:10:00,1807.234,LONG,1805.6942857142856,1809.5435714285713,1.539714285714256,4598,2021-10-25 17:15:00,1805.6942857142856,SL,-1.0,-1.5397142857143535,25
2021-10-25 18:10:00,1807.188,LONG,1806.5320000000002,1808.1720000000003,0.6560000000000302,4634,2021-10-25 18:35:00,1808.1720000000003,TP,1.5,0.984000000000151,5
2021-10-25 20:05:00,1806.398,SHORT,1807.0036428571427,1805.4895357142857,0.6056428571428439,4657,2021-10-25 20:50:00,1807.0036428571427,SL,-1.0,-0.6056428571428114,9
2021-10-26 01:20:00,1805.824,SHORT,1806.481142857143,1804.8382857142858,0.6571428571428767,4708,2021-10-26 01:30:00,1804.8382857142858,TP,1.5,0.9857142857142662,2
2021-10-26 03:00:00,1803.548,SHORT,1804.326142857143,1802.3807857142858,0.7781428571428576,4728,2021-10-26 03:15:00,1804.326142857143,SL,-1.0,-0.7781428571429387,3
2021-10-26 03:35:00,1803.698,SHORT,1804.5255714285715,1802.456642857143,0.8275714285714619,4735,2021-10-26 04:20:00,1802.456642857143,TP,1.5,1.2413571428571686,9
2021-10-26 06:30:00,1805.368,LONG,1804.3245,1806.93325,1.043500000000027,4770,2021-10-26 06:45:00,1804.3245,SL,-1.0,-1.0434999999999945,3
2021-10-26 08:25:00,1802.238,SHORT,1803.5505714285714,1800.269142857143,1.312571428571427,4793,2021-10-26 09:40:00,1803.5505714285714,SL,-1.0,-1.3125714285713457,15
2021-10-26 10:20:00,1802.068,SHORT,1802.7641428571428,1801.0237857142856,0.696142857142864,4816,2021-10-26 10:40:00,1802.7641428571428,SL,-1.0,-0.6961428571428314,4
2021-10-26 11:30:00,1804.208,LONG,1803.4492857142857,1805.3460714285716,0.758714285714307,4830,2021-10-26 11:35:00,1803.4492857142857,SL,-1.0,-0.7587142857144045,1
2021-10-26 12:00:00,1803.068,LONG,1802.1930714285713,1804.3803928571429,0.8749285714285732,4836,2021-10-26 12:05:00,1804.3803928571429,TP,1.5,1.3123928571428678,1
2021-10-26 12:35:00,1796.028,SHORT,1798.0715,1792.96275,2.043500000000027,4843,2021-10-26 12:45:00,1798.0715,SL,-1.0,-2.0434999999999945,2
2021-10-26 13:15:00,1799.238,SHORT,1801.806,1795.386,2.5679999999999836,4851,2021-10-26 13:30:00,1795.386,TP,1.5,3.852000000000089,3
2021-10-26 16:10:00,1790.898,SHORT,1792.0831428571428,1789.1202857142857,1.1851428571428317,4886,2021-10-26 16:20:00,1792.0831428571428,SL,-1.0,-1.1851428571428642,2
2021-10-26 16:30:00,1791.488,SHORT,1792.5944285714286,1789.8283571428572,1.1064285714285558,4890,2021-10-26 16:45:00,1792.5944285714286,SL,-1.0,-1.1064285714285234,3
2021-10-26 17:00:00,1791.794,SHORT,1792.7127142857144,1790.4159285714286,0.9187142857142915,4896,2021-10-26 17:15:00,1792.7127142857144,SL,-1.0,-0.918714285714259,3
2021-10-26 17:20:00,1792.998,SHORT,1793.9334285714285,1791.594857142857,0.9354285714285554,4900,2021-10-26 17:30:00,1791.594857142857,TP,1.5,1.4031428571429387,2
2021-10-26 17:35:00,1791.284,SHORT,1792.2045714285714,1789.903142857143,0.9205714285714066,4903,2021-10-26 18:05:00,1792.2045714285714,SL,-1.0,-0.9205714285712929,6
2021-10-26 20:10:00,1793.898,LONG,1793.3954285714285,1794.6518571428571,0.5025714285714328,4934,2021-10-26 20:30:00,1793.3954285714285,SL,-1.0,-0.5025714285714002,4
2021-10-26 20:40:00,1793.114,LONG,1792.6275714285714,1793.8436428571429,0.4864285714285513,4940,2021-10-26 20:55:00,1792.6275714285714,SL,-1.0,-0.4864285714286325,3
2021-10-27 01:20:00,1792.348,SHORT,1793.3242142857143,1790.8836785714286,0.9762142857142635,4984,2021-10-27 01:35:00,1790.8836785714286,TP,1.5,1.4643214285713384,3
2021-10-27 01:40:00,1789.908,SHORT,1790.9780714285714,1788.3028928571428,1.0700714285714281,4988,2021-10-27 01:45:00,1788.3028928571428,TP,1.5,1.6051071428571504,1
2021-10-27 05:00:00,1788.518,SHORT,1788.8688571428572,1787.9917142857144,0.3508571428571291,5028,2021-10-27 05:05:00,1787.9917142857144,TP,1.5,0.5262857142856774,1
2021-10-27 06:20:00,1787.808,SHORT,1788.741142857143,1786.4082857142857,0.9331428571428303,5044,2021-10-27 06:25:00,1788.741142857143,SL,-1.0,-0.9331428571429115,1
2021-10-27 07:30:00,1786.734,SHORT,1788.1304285714284,1784.639357142857,1.3964285714285356,5058,2021-10-27 08:00:00,1788.1304285714284,SL,-1.0,-1.396428571428487,6
2021-10-27 08:00:00,1787.348,SHORT,1788.7815714285714,1785.197642857143,1.4335714285714078,5064,2021-10-27 08:30:00,1785.197642857143,TP,1.5,2.1503571428570467,6
2021-10-27 10:10:00,1786.478,SHORT,1787.6159285714286,1784.771107142857,1.1379285714286067,5090,2021-10-27 10:35:00,1787.6159285714286,SL,-1.0,-1.1379285714285743,5
2021-10-27 12:15:00,1795.514,LONG,1794.1675714285714,1797.5336428571427,1.3464285714285975,5115,2021-10-27 12:20:00,1794.1675714285714,SL,-1.0,-1.3464285714285325,1
2021-10-27 12:40:00,1793.054,LONG,1791.0837142857144,1796.0094285714285,1.9702857142857024,5120,2021-10-27 13:35:00,1796.0094285714285,TP,1.5,2.955428571428456,11
2021-10-27 15:00:00,1793.508,LONG,1790.727,1797.6795000000002,2.7810000000000303,5148,2021-10-27 17:05:00,1797.6795000000002,TP,1.5,4.171500000000151,25
2021-10-27 19:45:00,1796.008,LONG,1795.1667142857143,1797.2699285714286,0.841285714285667,5205,2021-10-27 19:55:00,1797.2699285714286,TP,1.5,1.261928571428598,2
2021-10-27 20:50:00,1796.842,LONG,1796.2925714285716,1797.6661428571429,0.5494285714285557,5218,2021-10-27 20:55:00,1796.2925714285716,SL,-1.0,-0.549428571428507,1
2021-10-27 22:15:00,1796.708,LONG,1796.2724285714287,1797.3613571428573,0.43557142857140924,5223,2021-10-27 22:25:00,1797.3613571428573,TP,1.5,0.6533571428572031,2
2021-10-28 03:05:00,1798.984,LONG,1797.8532857142857,1800.6800714285714,1.1307142857142642,5281,2021-10-28 04:45:00,1800.6800714285714,TP,1.5,1.6960714285714857,20
2021-10-28 05:20:00,1800.388,LONG,1799.7365714285713,1801.3651428571427,0.6514285714285474,5308,2021-10-28 05:30:00,1801.3651428571427,TP,1.5,0.9771428571427805,2
2021-10-28 05:30:00,1801.358,LONG,1800.6487142857143,1802.4219285714285,0.7092857142856863,5310,2021-10-28 06:05:00,1800.6487142857143,SL,-1.0,-0.7092857142856701,7
2021-10-28 06:25:00,1802.908,LONG,1801.9019999999998,1804.417,1.005999999999988,5321,2021-10-28 06:40:00,1801.9019999999998,SL,-1.0,-1.0060000000000855,3
2021-10-28 06:55:00,1802.188,LONG,1801.002642857143,1803.9660357142857,1.1853571428571286,5327,2021-10-28 07:55:00,1801.002642857143,SL,-1.0,-1.1853571428571286,12
2021-10-28 08:45:00,1801.774,LONG,1800.8972857142855,1803.0890714285713,0.8767142857142777,5349,2021-10-28 08:50:00,1800.8972857142855,SL,-1.0,-0.8767142857143426,1
2021-10-28 13:10:00,1804.244,LONG,1801.2994285714285,1808.660857142857,2.9445714285714075,5402,2021-10-28 13:30:00,1808.660857142857,TP,1.5,4.416857142856998,4
2021-10-28 14:15:00,1802.328,LONG,1798.648,1807.848,3.6799999999999664,5415,2021-10-28 14:30:00,1798.648,SL,-1.0,-3.6800000000000637,3
2021-10-28 16:25:00,1802.584,LONG,1801.2649285714285,1804.5626071428571,1.3190714285714356,5441,2021-10-28 16:55:00,1801.2649285714285,SL,-1.0,-1.319071428571533,6
2021-10-28 20:50:00,1798.734,SHORT,1799.1806428571426,1798.0640357142856,0.4466428571428196,5494,2021-10-28 22:00:00,1799.1806428571426,SL,-1.0,-0.4466428571427059,2
2021-10-28 22:50:00,1799.528,SHORT,1800.1649285714286,1798.5726071428571,0.636928571428533,5506,2021-10-28 23:05:00,1798.5726071428571,TP,1.5,0.9553928571428969,3
2021-10-29 00:00:00,1799.148,SHORT,1799.7535714285714,1798.2396428571428,0.6055714285713846,5520,2021-10-29 00:15:00,1798.2396428571428,TP,1.5,0.9083571428570849,3
2021-10-29 01:25:00,1798.414,SHORT,1799.314,1797.064,0.9000000000000098,5537,2021-10-29 01:30:00,1799.314,SL,-1.0,-0.900000000000091,1
2021-10-29 02:35:00,1796.834,SHORT,1797.7718571428572,1795.4272142857144,0.9378571428571344,5551,2021-10-29 03:00:00,1795.4272142857144,TP,1.5,1.406785714285661,5
2021-10-29 05:30:00,1794.508,SHORT,1795.3711428571428,1793.2132857142858,0.8631428571428289,5586,2021-10-29 05:35:00,1795.3711428571428,SL,-1.0,-0.8631428571427477,1
2021-10-29 06:55:00,1793.248,SHORT,1794.4617142857144,1791.4274285714287,1.2137142857142666,5603,2021-10-29 07:00:00,1794.4617142857144,SL,-1.0,-1.2137142857143317,1
2021-10-29 08:00:00,1795.248,SHORT,1796.6290000000001,1793.1765,1.3810000000000204,5616,2021-10-29 08:25:00,1793.1765,TP,1.5,2.0715000000000146,5
2021-10-29 10:35:00,1795.994,LONG,1795.0127142857143,1797.4659285714283,0.9812857142856696,5647,2021-10-29 10:45:00,1795.0127142857143,SL,-1.0,-0.9812857142856046,2
2021-10-29 10:50:00,1795.638,LONG,1794.720142857143,1797.0147857142856,0.9178571428570876,5650,2021-10-29 11:15:00,1794.720142857143,SL,-1.0,-0.917857142856974,5
2021-10-29 11:20:00,1794.828,LONG,1794.0448571428572,1796.0027142857143,0.783142857142853,5656,2021-10-29 11:25:00,1794.0448571428572,SL,-1.0,-0.7831428571428205,1
2021-10-29 11:25:00,1794.034,SHORT,1794.7958571428571,1792.8912142857143,0.7618571428571386,5657,2021-10-29 11:35:00,1792.8912142857143,TP,1.5,1.1427857142857647,2
2021-10-29 12:35:00,1786.478,SHORT,1789.2110714285714,1782.378392857143,2.7330714285714066,5671,2021-10-29 12:40:00,1782.378392857143,TP,1.5,4.099607142857167,1
2021-10-29 12:45:00,1781.958,SHORT,1785.236642857143,1777.0400357142858,3.2786428571428456,5673,2021-10-29 12:50:00,1777.0400357142858,TP,1.5,4.9179642857143335,1
2021-10-29 14:15:00,1777.824,SHORT,1781.203,1772.7555,3.3790000000000027,5691,2021-10-29 17:10:00,1781.203,SL,-1.0,-3.3789999999999054,35
2021-10-29 19:00:00,1781.934,LONG,1781.2402142857143,1782.9746785714285,0.6937857142857443,5748,2021-10-29 19:05:00,1782.9746785714285,TP,1.5,1.0406785714285434,1
2021-10-31 22:25:00,1781.564,LONG,1780.896,1782.566,0.6680000000000226,5777,2021-10-31 22:45:00,1780.896,SL,-1.0,-0.66800000000012,4
2021-11-01 01:20:00,1782.068,LONG,1780.9912142857142,1783.6831785714285,1.0767857142857338,5812,2021-11-01 01:45:00,1783.6831785714285,TP,1.5,1.615178571428487,5
2021-11-01 03:45:00,1784.194,LONG,1783.4872857142857,1785.2540714285715,0.7067142857143024,5841,2021-11-01 04:40:00,1783.4872857142857,SL,-1.0,-0.7067142857142699,11
2021-11-01 07:15:00,1783.588,SHORT,1784.692,1781.932,1.1040000000000256,5883,2021-11-01 07:25:00,1784.692,SL,-1.0,-1.1040000000000418,2
2021-11-01 07:45:00,1784.304,SHORT,1785.3115714285716,1782.792642857143,1.0075714285714443,5889,2021-11-01 07:50:00,1782.792642857143,TP,1.5,1.5113571428571504,1
2021-11-01 08:35:00,1782.768,SHORT,1784.0052857142857,1780.9120714285714,1.2372857142856901,5899,2021-11-01 08:50:00,1784.0052857142857,SL,-1.0,-1.2372857142856901,3
2021-11-01 09:00:00,1784.014,SHORT,1785.233857142857,1782.1842142857142,1.2198571428571248,5904,2021-11-01 09:30:00,1785.233857142857,SL,-1.0,-1.2198571428571086,6
2021-11-01 11:00:00,1786.884,LONG,1786.113,1788.0405,0.7710000000000069,5928,2021-11-01 11:05:00,1786.113,SL,-1.0,-0.7709999999999582,1
2021-11-01 11:45:00,1786.268,LONG,1785.1948571428572,1787.8777142857143,1.0731428571428492,5937,2021-11-01 12:20:00,1787.8777142857143,TP,1.5,1.6097142857142899,7
2021-11-01 13:10:00,1789.088,LONG,1787.280714285714,1791.7989285714286,1.8072857142857401,5954,2021-11-01 13:30:00,1787.280714285714,SL,-1.0,-1.8072857142858538,4
2021-11-01 13:55:00,1792.108,LONG,1789.9424285714285,1795.3563571428572,2.165571428571411,5963,2021-11-01 14:05:00,1789.9424285714285,SL,-1.0,-2.165571428571411,2
2021-11-01 15:50:00,1791.834,LONG,1790.582,1793.712,1.2519999999999527,5986,2021-11-01 16:05:00,1790.582,SL,-1.0,-1.2519999999999527,3
2021-11-01 16:45:00,1791.228,LONG,1790.2267142857143,1792.7299285714287,1.0012857142857163,5997,2021-11-01 17:05:00,1792.7299285714287,TP,1.5,1.501928571428607,4
2021-11-01 19:55:00,1792.518,LONG,1791.8555714285715,1793.511642857143,0.6624285714285959,6035,2021-11-01 22:35:00,1791.8555714285715,SL,-1.0,-0.6624285714285634,20
2021-11-02 00:05:00,1791.928,SHORT,1792.390142857143,1791.2347857142859,0.46214285714287534,6073,2021-11-02 00:30:00,1792.390142857143,SL,-1.0,-0.4621428571429078,5
2021-11-02 00:35:00,1791.504,SHORT,1792.0761428571427,1790.6457857142857,0.5721428571428727,6079,2021-11-02 00:50:00,1790.6457857142857,TP,1.5,0.8582142857142117,3
2021-11-02 01:45:00,1789.598,SHORT,1790.5935714285713,1788.1046428571428,0.9955714285714196,6093,2021-11-02 02:20:00,1790.5935714285713,SL,-1.0,-0.9955714285713384,7
2021-11-02 02:45:00,1790.818,SHORT,1791.587,1789.6644999999999,0.7690000000000217,6105,2021-11-02 03:30:00,1791.587,SL,-1.0,-0.7690000000000055,9
2021-11-02 06:05:00,1793.454,LONG,1792.6205714285713,1794.7041428571429,0.8334285714285963,6145,2021-11-02 06:15:00,1794.7041428571429,TP,1.5,1.2501428571429187,2
2021-11-02 07:00:00,1795.008,LONG,1794.0437857142858,1796.4543214285716,0.9642142857142874,6156,2021-11-02 07:55:00,1794.0437857142858,SL,-1.0,-0.9642142857142062,11
2021-11-02 09:25:00,1794.694,LONG,1793.7061428571428,1796.1757857142857,0.9878571428571539,6185,2021-11-02 09:40:00,1793.7061428571428,SL,-1.0,-0.9878571428571377,3
2021-11-02 09:40:00,1794.468,LONG,1793.5318571428572,1795.8722142857143,0.936142857142873,6188,2021-11-02 10:10:00,1793.5318571428572,SL,-1.0,-0.9361428571428405,6
2021-11-02 12:45:00,1791.608,SHORT,1793.7737142857143,1788.3594285714285,2.1657142857142975,6225,2021-11-02 14:05:00,1788.3594285714285,TP,1.5,3.248571428571495,16
2021-11-02 15:00:00,1790.388,SHORT,1792.3629285714285,1787.4256071428572,1.974928571428531,6252,2021-11-02 15:20:00,1792.3629285714285,SL,-1.0,-1.9749285714285634,4
2021-11-02 15:20:00,1790.998,SHORT,1792.7300714285714,1788.399892857143,1.7320714285713816,6256,2021-11-02 15:35:00,1788.399892857143,TP,1.5,2.5981071428570885,3
2021-11-02 16:20:00,1788.298,SHORT,1789.7175714285715,1786.168642857143,1.4195714285714465,6268,2021-11-03 00:20:00,1786.168642857143,TP,1.5,2.1293571428570885,84
2021-11-03 03:50:00,1783.124,SHORT,1783.9515714285715,1781.8826428571429,0.8275714285714619,6394,2021-11-03 04:15:00,1781.8826428571429,TP,1.5,1.2413571428571686,5
2021-11-03 05:35:00,1781.238,SHORT,1781.9034285714285,1780.239857142857,0.6654285714285736,6415,2021-11-03 05:40:00,1781.9034285714285,SL,-1.0,-0.6654285714284924,1
2021-11-03 05:45:00,1782.018,SHORT,1782.722,1780.962,0.7040000000000158,6417,2021-11-03 05:50:00,1782.722,SL,-1.0,-0.7039999999999509,1
2021-11-03 08:00:00,1781.408,SHORT,1782.436,1779.866,1.0280000000000038,6444,2021-11-03 08:15:00,1782.436,SL,-1.0,-1.02800000000002,3
2021-11-03 10:25:00,1780.484,SHORT,1781.4209999999998,1779.0784999999998,0.9369999999999793,6473,2021-11-03 10:30:00,1781.4209999999998,SL,-1.0,-0.9369999999998981,1
2021-11-03 10:45:00,1782.694,LONG,1781.7622857142856,1784.0915714285713,0.9317142857143088,6477,2021-11-03 11:05:00,1784.0915714285713,TP,1.5,1.397571428571382,4
2021-11-03 12:45:00,1774.878,SHORT,1776.7642857142857,1772.0485714285714,1.8862857142857072,6501,2021-11-03 12:50:00,1776.7642857142857,SL,-1.0,-1.8862857142858047,1
2021-11-03 15:35:00,1762.808,SHORT,1764.6228571428571,1760.0857142857142,1.8148571428571683,6535,2021-11-03 17:20:00,1764.6228571428571,SL,-1.0,-1.8148571428571358,21
2021-11-03 17:55:00,1764.758,SHORT,1765.788857142857,1763.2117142857144,1.030857142857144,6563,2021-11-03 18:00:00,1765.788857142857,SL,-1.0,-1.0308571428570303,1
2021-11-03 19:25:00,1770.974,LONG,1768.2392857142856,1775.0760714285714,2.73471428571429,6581,2021-11-03 22:25:00,1775.0760714285714,TP,1.5,4.102071428571435,24
2021-11-04 01:15:00,1775.197,LONG,1774.0244285714284,1776.955857142857,1.1725714285714244,6639,2021-11-04 01:40:00,1774.0244285714284,SL,-1.0,-1.172571428571473,5
2021-11-04 01:50:00,1774.298,LONG,1773.1191428571428,1776.0662857142856,1.1788571428571524,6646,2021-11-04 02:00:00,1776.0662857142856,TP,1.5,1.7682857142856392,2
2021-11-04 02:10:00,1776.578,LONG,1775.518857142857,1778.1667142857143,1.059142857142904,6650,2021-11-04 02:45:00,1778.1667142857143,TP,1.5,1.5887142857143317,7
2021-11-04 03:05:00,1776.858,LONG,1776.0046428571427,1778.1380357142857,0.8533571428571675,6661,2021-11-04 03:20:00,1776.0046428571427,SL,-1.0,-0.8533571428572486,3
2021-11-04 03:45:00,1775.704,LONG,1775.0025,1776.75625,0.7014999999999775,6669,2021-11-04 03:55:00,1775.0025,SL,-1.0,-0.7014999999998963,2
2021-11-04 05:15:00,1774.178,SHORT,1774.7335714285716,1773.344642857143,0.5555714285714137,6687,2021-11-04 05:20:00,1774.7335714285716,SL,-1.0,-0.5555714285715112,1
2021-11-04 05:55:00,1774.614,SHORT,1775.2897857142857,1773.6003214285715,0.6757857142856827,6695,2021-11-04 06:00:00,1773.6003214285715,TP,1.5,1.0136785714284997,1
2021-11-04 06:50:00,1772.644,SHORT,1773.726,1771.021,1.0819999999999936,6706,2021-11-04 07:00:00,1773.726,SL,-1.0,-1.0820000000001073,2
2021-11-04 07:40:00,1772.874,SHORT,1773.9715714285715,1771.2276428571429,1.09757142857146,6716,2021-11-04 07:50:00,1773.9715714285715,SL,-1.0,-1.0975714285714275,2
2021-11-04 08:00:00,1773.434,SHORT,1774.6147142857142,1771.6629285714284,1.1807142857143,6720,2021-11-04 08:20:00,1774.6147142857142,SL,-1.0,-1.1807142857142026,4
2021-11-04 09:45:00,1776.624,LONG,1775.5252857142857,1778.2720714285715,1.0987142857142902,6741,2021-11-04 10:30:00,1778.2720714285715,TP,1.5,1.648071428571484,9
2021-11-04 12:15:00,1782.434,LONG,1780.9188571428572,1784.7067142857143,1.5151428571428727,6771,2021-11-04 12:20:00,1784.7067142857143,TP,1.5,2.272714285714301,1
2021-11-04 15:15:00,1795.914,LONG,1793.7590714285714,1799.146392857143,2.154928571428627,6807,2021-11-04 15:25:00,1793.7590714285714,SL,-1.0,-2.154928571428627,2
2021-11-04 16:30:00,1792.814,LONG,1791.4975000000002,1794.7887500000002,1.3164999999999867,6822,2021-11-04 16:45:00,1791.4975000000002,SL,-1.0,-1.3164999999999054,3
2021-11-04 16:55:00,1792.304,LONG,1791.3193571428571,1793.7809642857144,0.9846428571428467,6827,2021-11-04 17:05:00,1791.3193571428571,SL,-1.0,-0.9846428571429442,2
2021-11-04 17:05:00,1792.078,LONG,1791.0995,1793.54575,0.9784999999999725,6829,2021-11-04 17:45:00,1793.54575,TP,1.5,1.4677500000000236,8
2021-11-04 18:55:00,1792.354,LONG,1791.6432857142859,1793.4200714285714,0.710714285714289,6851,2021-11-04 19:30:00,1793.4200714285714,TP,1.5,1.0660714285713766,7
2021-11-04 19:35:00,1793.428,LONG,1792.818142857143,1794.3427857142858,0.6098571428571437,6859,2021-11-04 20:00:00,1792.818142857143,SL,-1.0,-0.6098571428572086,5
2021-11-04 23:05:00,1791.448,SHORT,1791.895142857143,1790.7772857142859,0.4471428571428727,6889,2021-11-04 23:20:00,1791.895142857143,SL,-1.0,-0.44714285714280777,3
2021-11-04 23:45:00,1791.288,SHORT,1791.7342857142858,1790.6185714285714,0.4462857142857014,6897,2021-11-04 23:50:00,1791.7342857142858,SL,-1.0,-0.44628571428575015,1
2021-11-05 00:15:00,1791.614,SHORT,1792.2162142857144,1790.7106785714286,0.6022142857142561,6903,2021-11-05 00:20:00,1792.2162142857144,SL,-1.0,-0.6022142857143535,1
2021-11-05 00:30:00,1791.058,SHORT,1791.9369285714286,1789.739607142857,0.8789285714285597,6906,2021-11-05 01:00:00,1791.9369285714286,SL,-1.0,-0.8789285714285597,6
2021-11-05 01:10:00,1794.738,LONG,1793.6145000000001,1796.42325,1.123500000000003,6914,2021-11-05 01:50:00,1793.6145000000001,SL,-1.0,-1.1234999999999218,8
2021-11-05 01:55:00,1795.474,LONG,1794.4122857142856,1797.0665714285715,1.061714285714288,6923,2021-11-05 02:35:00,1794.4122857142856,SL,-1.0,-1.061714285714288,8
2021-11-05 02:55:00,1793.858,LONG,1793.0644285714286,1795.0483571428572,0.7935714285714377,6935,2021-11-05 03:30:00,1793.0644285714286,SL,-1.0,-0.7935714285713402,7
2021-11-05 03:30:00,1793.304,LONG,1792.5485714285714,1794.437142857143,0.755428571428573,6942,2021-11-05 03:45:00,1792.5485714285714,SL,-1.0,-0.755428571428638,3
2021-11-05 05:35:00,1795.068,LONG,1794.3604285714287,1796.129357142857,0.7075714285714412,6967,2021-11-05 05:45:00,1796.129357142857,TP,1.5,1.061357142857105,2
2021-11-05 06:05:00,1795.508,LONG,1794.6409285714285,1796.8086071428572,0.8670714285714374,6973,2021-11-05 06:20:00,1796.8086071428572,TP,1.5,1.3006071428571886,3
2021-11-05 06:35:00,1796.108,LONG,1795.1947857142857,1797.4778214285714,0.9132142857142915,6979,2021-11-05 07:05:00,1797.4778214285714,TP,1.5,1.369821428571413,6
2021-11-05 07:10:00,1797.534,LONG,1796.6547142857144,1798.8529285714287,0.8792857142857267,6986,2021-11-05 07:35:00,1796.6547142857144,SL,-1.0,-0.8792857142857429,5
2021-11-05 08:00:00,1796.754,LONG,1795.882357142857,1798.0614642857142,0.8716428571428716,6996,2021-11-05 08:05:00,1795.882357142857,SL,-1.0,-0.8716428571428878,1
2021-11-05 08:30:00,1798.584,LONG,1797.3265000000001,1800.47025,1.2575000000000014,7002,2021-11-05 08:50:00,1797.3265000000001,SL,-1.0,-1.2574999999999363,4
2021-11-05 09:55:00,1795.138,SHORT,1796.3422142857141,1793.3316785714285,1.2042142857142966,7019,2021-11-05 10:25:00,1793.3316785714285,TP,1.5,1.8063214285714366,6
2021-11-05 10:55:00,1794.094,SHORT,1795.1185,1792.55725,1.0245000000000377,7031,2021-11-05 11:10:00,1792.55725,TP,1.5,1.5367499999999836,3
2021-11-05 11:40:00,1794.054,SHORT,1795.2560714285714,1792.2508928571428,1.2020714285714575,7040,2021-11-05 12:25:00,1792.2508928571428,TP,1.5,1.8031071428572432,9
2021-11-05 13:25:00,1801.798,LONG,1797.3802142857144,1808.4246785714286,4.417785714285709,7061,2021-11-05 13:40:00,1797.3802142857144,SL,-1.0,-4.417785714285628,3
2021-11-05 14:15:00,1797.224,LONG,1794.1357142857141,1801.8564285714285,3.088285714285689,7071,2021-11-05 14:55:00,1801.8564285714285,TP,1.5,4.632428571428591,8
2021-11-05 19:00:00,1815.798,LONG,1814.8117857142856,1817.2773214285714,0.9862142857142544,7128,2021-11-05 19:25:00,1817.2773214285714,TP,1.5,1.4793214285714384,5
2021-11-08 01:15:00,1819.863,LONG,1818.4855,1821.9292500000001,1.3774999999999895,7179,2021-11-08 01:25:00,1818.4855,SL,-1.0,-1.3775000000000546,2
2021-11-08 02:00:00,1818.363,LONG,1816.5337142857143,1821.1069285714286,1.8292857142856909,7188,2021-11-08 05:55:00,1821.1069285714286,TP,1.5,2.743928571428569,47
2021-11-08 07:30:00,1816.505,SHORT,1817.6542857142858,1814.7810714285715,1.1492857142856923,7254,2021-11-08 08:00:00,1817.6542857142858,SL,-1.0,-1.1492857142857247,6
2021-11-08 08:25:00,1815.928,SHORT,1817.218,1813.9930000000002,1.289999999999996,7265,2021-11-08 08:50:00,1813.9930000000002,TP,1.5,1.9349999999999454,5
2021-11-08 12:05:00,1816.283,SHORT,1817.1602857142857,1814.9670714285712,0.8772857142857414,7309,2021-11-08 12:20:00,1817.1602857142857,SL,-1.0,-0.8772857142857902,3
2021-11-08 12:25:00,1816.203,SHORT,1817.0192142857143,1814.9786785714284,0.8162142857143115,7313,2021-11-08 12:30:00,1817.0192142857143,SL,-1.0,-0.8162142857142953,1
2021-11-08 12:35:00,1816.865,LONG,1815.9607857142857,1818.2213214285714,0.9042142857143095,7315,2021-11-08 12:40:00,1818.2213214285714,TP,1.5,1.3563214285713912,1
2021-11-08 13:15:00,1818.283,LONG,1817.0557857142855,1820.1238214285713,1.2272142857143373,7323,2021-11-08 13:20:00,1820.1238214285713,TP,1.5,1.8408214285714166,1
2021-11-08 13:40:00,1818.828,LONG,1816.7874285714286,1821.8888571428572,2.04057142857146,7328,2021-11-08 14:00:00,1821.8888571428572,TP,1.5,3.0608571428572304,4
2021-11-08 14:05:00,1823.363,LONG,1820.8383571428571,1827.1499642857143,2.524642857142859,7333,2021-11-08 14:30:00,1820.8383571428571,SL,-1.0,-2.524642857142908,5
2021-11-08 14:50:00,1822.903,LONG,1820.4615714285715,1826.5651428571427,2.4414285714285597,7342,2021-11-08 15:05:00,1820.4615714285715,SL,-1.0,-2.4414285714285597,3
2021-11-08 15:20:00,1821.933,LONG,1819.9568571428572,1824.8972142857142,1.9761428571428528,7348,2021-11-08 16:00:00,1819.9568571428572,SL,-1.0,-1.9761428571428041,8
2021-11-08 16:10:00,1822.383,LONG,1820.9660714285715,1824.508392857143,1.4169285714285706,7358,2021-11-08 18:15:00,1824.508392857143,TP,1.5,2.1253928571429697,25
2021-11-08 23:00:00,1824.173,LONG,1823.6017857142858,1825.0298214285715,0.5712142857142746,7428,2021-11-08 23:25:00,1825.0298214285715,TP,1.5,0.856821428571493,5
2021-11-08 23:55:00,1824.508,LONG,1823.840642857143,1825.5090357142858,0.667357142857132,7439,2021-11-09 00:30:00,1823.840642857143,SL,-1.0,-0.6673571428570995,7
2021-11-09 02:40:00,1822.903,SHORT,1823.9460714285715,1821.338392857143,1.0430714285714333,7472,2021-11-09 03:10:00,1823.9460714285715,SL,-1.0,-1.0430714285714657,6
2021-11-09 05:15:00,1823.273,SHORT,1823.6844285714285,1822.655857142857,0.41142857142857076,7503,2021-11-09 05:25:00,1823.6844285714285,SL,-1.0,-0.411428571428587,2
2021-11-09 05:50:00,1825.183,LONG,1824.6712857142857,1825.9505714285713,0.5117142857142524,7510,2021-11-09 05:55:00,1824.6712857142857,SL,-1.0,-0.5117142857143335,1
2021-11-09 08:25:00,1822.723,SHORT,1824.2170714285714,1820.4818928571428,1.494071428571439,7541,2021-11-09 08:35:00,1824.2170714285714,SL,-1.0,-1.4940714285714876,2
2021-11-09 09:05:00,1824.153,LONG,1822.6694285714286,1826.378357142857,1.4835714285714598,7549,2021-11-09 10:10:00,1826.378357142857,TP,1.5,2.225357142857092,13
2021-11-09 11:25:00,1825.838,LONG,1824.962142857143,1827.1517857142856,0.8758571428571226,7577,2021-11-09 11:40:00,1827.1517857142856,TP,1.5,1.3137857142855864,3
2021-11-09 13:25:00,1826.663,LONG,1825.1416428571429,1828.9450357142857,1.5213571428571413,7601,2021-11-09 13:30:00,1828.9450357142857,TP,1.5,2.282035714285712,1
2021-11-09 13:40:00,1829.813,LONG,1827.7880714285716,1832.8503928571429,2.0249285714285827,7604,2021-11-09 14:00:00,1827.7880714285716,SL,-1.0,-2.024928571428518,4
2021-11-09 14:10:00,1827.943,LONG,1825.4968571428572,1831.6122142857143,2.446142857142864,7610,2021-11-09 15:00:00,1825.4968571428572,SL,-1.0,-2.4461428571428314,10
2021-11-09 16:30:00,1825.853,SHORT,1827.1650714285715,1823.8848928571429,1.3120714285714061,7638,2021-11-09 16:45:00,1827.1650714285715,SL,-1.0,-1.3120714285714712,3
2021-11-09 18:20:00,1828.928,LONG,1827.748,1830.698,1.180000000000015,7660,2021-11-09 18:25:00,1827.748,SL,-1.0,-1.1800000000000637,1
2021-11-09 18:55:00,1830.193,LONG,1829.0697857142857,1831.8778214285715,1.1232142857142793,7667,2021-11-09 19:30:00,1829.0697857142857,SL,-1.0,-1.1232142857143117,7
2021-11-09 19:35:00,1829.288,LONG,1828.6915714285715,1830.1826428571428,0.596428571428565,7675,2021-11-09 19:45:00,1830.1826428571428,TP,1.5,0.8946428571427987,2
2021-11-09 19:45:00,1830.168,LONG,1829.5547857142856,1831.0878214285713,0.6132142857143046,7677,2021-11-09 20:00:00,1831.0878214285713,TP,1.5,0.9198214285713675,3
2021-11-09 21:40:00,1831.633,LONG,1831.1162142857142,1832.4081785714286,0.5167857142857396,7700,2021-11-09 23:35:00,1831.1162142857142,SL,-1.0,-0.5167857142857883,11
2021-11-10 00:20:00,1830.673,LONG,1829.9947142857143,1831.6904285714286,0.6782857142857373,7720,2021-11-10 00:30:00,1829.9947142857143,SL,-1.0,-0.678285714285721,2
2021-11-10 01:40:00,1828.288,SHORT,1829.190857142857,1826.9337142857144,0.9028571428571175,7736,2021-11-10 02:35:00,1829.190857142857,SL,-1.0,-0.9028571428571013,11
2021-11-10 02:40:00,1828.108,SHORT,1828.9597857142858,1826.8303214285713,0.8517857142857436,7748,2021-11-10 03:30:00,1826.8303214285713,TP,1.5,1.2776785714286234,10
2021-11-10 05:20:00,1826.573,SHORT,1827.0469285714287,1825.8621071428572,0.47392857142855455,7780,2021-11-10 05:30:00,1827.0469285714287,SL,-1.0,-0.473928571428587,2
2021-11-10 06:20:00,1825.383,SHORT,1826.0827857142858,1824.3333214285715,0.6997857142856999,7792,2021-11-10 06:25:00,1826.0827857142858,SL,-1.0,-0.6997857142857811,1
2021-11-10 07:15:00,1824.918,SHORT,1825.849,1823.5214999999998,0.9309999999999913,7803,2021-11-10 07:25:00,1825.849,SL,-1.0,-0.93100000000004,2
2021-11-10 07:30:00,1824.253,SHORT,1825.3172857142856,1822.6565714285714,1.0642857142857207,7806,2021-11-10 08:00:00,1825.3172857142856,SL,-1.0,-1.0642857142856883,6
2021-11-10 09:05:00,1826.203,SHORT,1827.2659285714285,1824.6086071428572,1.0629285714285774,7825,2021-11-10 10:40:00,1824.6086071428572,TP,1.5,1.5943928571427932,19
2021-11-10 10:45:00,1824.598,SHORT,1825.3285714285714,1823.5021428571426,0.7305714285714657,7845,2021-11-10 11:10:00,1823.5021428571426,TP,1.5,1.0958571428573123,5
2021-11-10 12:40:00,1826.218,LONG,1825.3308571428572,1827.5487142857144,0.8871428571428949,7868,2021-11-10 12:45:00,1825.3308571428572,SL,-1.0,-0.8871428571428623,1
2021-11-10 13:10:00,1826.843,LONG,1825.8844285714285,1828.2808571428573,0.9585714285714337,7874,2021-11-10 13:30:00,1825.8844285714285,SL,-1.0,-0.9585714285715312,4
2021-11-10 16:00:00,1855.258,LONG,1852.4710714285713,1859.4383928571428,2.7869285714286076,7908,2021-11-10 17:10:00,1852.4710714285713,SL,-1.0,-2.786928571428689,14
2021-11-10 17:55:00,1849.578,LONG,1847.9846428571427,1851.9680357142856,1.5933571428571602,7931,2021-11-10 18:00:00,1847.9846428571427,SL,-1.0,-1.5933571428572577,1
2021-11-10 20:00:00,1846.688,SHORT,1848.144,1844.5040000000001,1.4559999999999849,7956,2021-11-10 20:35:00,1848.144,SL,-1.0,-1.4559999999999036,7
2021-11-10 23:45:00,1848.754,LONG,1848.0639999999999,1849.7889999999998,0.6899999999999734,7989,2021-11-11 00:00:00,1848.0639999999999,SL,-1.0,-0.6900000000000546,3
2021-11-11 01:45:00,1846.458,SHORT,1847.6848571428573,1844.6177142857143,1.226857142857138,8013,2021-11-11 02:10:00,1844.6177142857143,TP,1.5,1.8402857142857556,5
2021-11-11 06:50:00,1853.118,LONG,1851.8338571428571,1855.0442142857144,1.2841428571428781,8074,2021-11-11 07:00:00,1851.8338571428571,SL,-1.0,-1.2841428571427969,2
2021-11-11 07:05:00,1853.438,LONG,1852.2624285714287,1855.2013571428572,1.1755714285714507,8077,2021-11-11 07:40:00,1855.2013571428572,TP,1.5,1.763357142857103,7
2021-11-11 10:35:00,1861.744,LONG,1860.9237857142857,1862.9743214285713,0.8202142857142657,8119,2021-11-11 10:55:00,1860.9237857142857,SL,-1.0,-0.8202142857142007,4
2021-11-11 10:55:00,1862.698,LONG,1861.8300714285715,1863.9998928571429,0.8679285714285763,8123,2021-11-11 11:35:00,1863.9998928571429,TP,1.5,1.301892857142775,8
2021-11-11 13:15:00,1857.388,SHORT,1859.4349285714286,1854.317607142857,2.0469285714285985,8151,2021-11-11 13:20:00,1859.4349285714286,SL,-1.0,-2.04692857142868,1
2021-11-11 13:40:00,1862.334,LONG,1860.2429285714286,1865.4706071428573,2.091071428571451,8156,2021-11-11 13:45:00,1865.4706071428573,TP,1.5,3.1366071428572013,1
2021-11-11 14:35:00,1862.484,LONG,1860.3327142857142,1865.7109285714284,2.15128571428571,8167,2021-11-11 14:55:00,1860.3327142857142,SL,-1.0,-2.1512857142856774,4
2021-11-11 15:00:00,1860.714,LONG,1858.5404285714285,1863.9743571428571,2.173571428571417,8172,2021-11-12 01:15:00,1858.5404285714285,SL,-1.0,-2.1735714285714494,111
2021-11-12 01:25:00,1858.168,SHORT,1859.1314285714284,1856.722857142857,0.9634285714285917,8285,2021-11-12 01:40:00,1859.1314285714284,SL,-1.0,-0.9634285714284943,3
2021-11-12 01:50:00,1858.956,SHORT,1860.0184285714286,1857.362357142857,1.0624285714285893,8290,2021-11-12 02:05:00,1860.0184285714286,SL,-1.0,-1.0624285714286543,3
2021-11-12 05:25:00,1856.458,SHORT,1857.0021428571429,1855.6417857142858,0.5441428571428689,8333,2021-11-12 05:30:00,1857.0021428571429,SL,-1.0,-0.5441428571427878,1
2021-11-12 06:40:00,1857.724,LONG,1856.808,1859.098,0.9160000000000211,8348,2021-11-12 07:00:00,1859.098,TP,1.5,1.3740000000000236,4
2021-11-12 07:00:00,1859.208,LONG,1858.2228571428573,1860.6857142857143,0.9851428571428674,8352,2021-11-12 07:05:00,1858.2228571428573,SL,-1.0,-0.9851428571428187,1
2021-11-12 08:10:00,1855.318,SHORT,1856.5392857142856,1853.4860714285714,1.2212857142857274,8366,2021-11-12 08:15:00,1853.4860714285714,TP,1.5,1.8319285714285343,1
2021-11-12 08:20:00,1852.628,SHORT,1854.029142857143,1850.5262857142857,1.4011428571428886,8368,2021-11-12 08:30:00,1854.029142857143,SL,-1.0,-1.401142857142986,2
2021-11-12 10:10:00,1851.148,SHORT,1852.4760714285712,1849.1558928571428,1.3280714285714015,8390,2021-11-12 10:25:00,1849.1558928571428,TP,1.5,1.992107142857094,3
2021-11-12 11:30:00,1847.878,SHORT,1849.4904999999999,1845.4592499999999,1.6125000000000358,8406,2021-11-12 11:55:00,1849.4904999999999,SL,-1.0,-1.6124999999999545,5
2021-11-12 12:05:00,1849.298,SHORT,1850.6822857142859,1847.2215714285715,1.3842857142857545,8413,2021-11-12 12:10:00,1850.6822857142859,SL,-1.0,-1.384285714285852,1
2021-11-12 13:50:00,1856.138,LONG,1854.2407142857141,1858.9839285714286,1.897285714285707,8434,2021-11-12 13:55:00,1854.2407142857141,SL,-1.0,-1.897285714285772,1
2021-11-12 14:10:00,1856.334,LONG,1854.2558571428572,1859.4512142857143,2.0781428571428444,8438,2021-11-12 15:00:00,1859.4512142857143,TP,1.5,3.117214285714226,10
2021-11-12 16:05:00,1861.358,LONG,1858.7822857142855,1865.2215714285715,2.5757142857143145,8461,2021-11-12 17:45:00,1865.2215714285715,TP,1.5,3.863571428571504,20
2021-11-12 20:45:00,1864.328,LONG,1863.6474285714285,1865.3488571428572,0.6805714285714463,8517,2021-11-12 20:55:00,1865.3488571428572,TP,1.5,1.0208571428572668,2
2021-11-12 21:30:00,1864.084,LONG,1863.3495714285714,1865.185642857143,0.7344285714285823,8526,2021-11-14 23:00:00,1865.185642857143,TP,1.5,1.101642857142906,6
2021-11-15 01:05:00,1863.678,SHORT,1864.490142857143,1862.4597857142858,0.8121428571428656,8557,2021-11-15 01:10:00,1862.4597857142858,TP,1.5,1.218214285714339,1
2021-11-15 02:05:00,1858.724,SHORT,1860.7497857142857,1855.6853214285713,2.0257857142857216,8569,2021-11-15 02:35:00,1860.7497857142857,SL,-1.0,-2.025785714285803,6
2021-11-15 02:50:00,1859.568,SHORT,1860.9398571428571,1857.5102142857143,1.3718571428571684,8578,2021-11-15 03:40:00,1857.5102142857143,TP,1.5,2.0577857142857283,10
2021-11-15 06:00:00,1858.438,SHORT,1859.2647857142858,1857.1978214285714,0.8267857142857338,8616,2021-11-15 06:10:00,1857.1978214285714,TP,1.5,1.2401785714287143,2
2021-11-15 06:15:00,1857.248,SHORT,1858.0515,1856.04275,0.8035000000000342,8619,2021-11-15 06:50:00,1858.0515,SL,-1.0,-0.8034999999999854,7
2021-11-15 07:05:00,1856.974,SHORT,1857.7794999999999,1855.76575,0.8055000000000031,8629,2021-11-15 07:25:00,1857.7794999999999,SL,-1.0,-0.8054999999999382,4
2021-11-15 11:05:00,1863.304,LONG,1862.4020714285716,1864.6568928571428,0.9019285714285356,8677,2021-11-15 12:10:00,1862.4020714285716,SL,-1.0,-0.9019285714284706,13
2021-11-15 13:00:00,1864.328,LONG,1863.340357142857,1865.8094642857143,0.987642857142857,8700,2021-11-15 13:10:00,1865.8094642857143,TP,1.5,1.4814642857143099,2
2021-11-15 14:10:00,1863.378,LONG,1860.8916428571429,1867.1075357142856,2.4863571428571567,8714,2021-11-15 14:35:00,1860.8916428571429,SL,-1.0,-2.4863571428570594,5
2021-11-15 15:25:00,1860.854,SHORT,1862.8150714285714,1857.912392857143,1.961071428571407,8729,2021-11-15 16:20:00,1862.8150714285714,SL,-1.0,-1.9610714285713584,11
2021-11-15 17:10:00,1863.794,LONG,1862.6044285714288,1865.5783571428572,1.189571428571412,8750,2021-11-15 18:55:00,1865.5783571428572,TP,1.5,1.7843571428570613,21
2021-11-16 00:25:00,1862.608,SHORT,1863.0739999999998,1861.9089999999999,0.4659999999999919,8825,2021-11-16 00:35:00,1863.0739999999998,SL,-1.0,-0.4659999999998945,2
2021-11-16 03:25:00,1866.438,LONG,1865.5040000000001,1867.8390000000002,0.9339999999999853,8861,2021-11-16 03:40:00,1865.5040000000001,SL,-1.0,-0.9339999999999691,3
2021-11-16 03:50:00,1865.918,LONG,1865.1684285714284,1867.042357142857,0.7495714285714387,8866,2021-11-16 03:55:00,1867.042357142857,TP,1.5,1.1243571428572068,1
2021-11-16 06:00:00,1866.758,LONG,1865.862,1868.102,0.8960000000000069,8892,2021-11-16 06:30:00,1865.862,SL,-1.0,-0.8959999999999582,6
2021-11-16 06:30:00,1866.684,LONG,1865.7742857142857,1868.0485714285714,0.9097142857143419,8898,2021-11-16 06:40:00,1865.7742857142857,SL,-1.0,-0.9097142857142444,2
2021-11-16 06:45:00,1865.928,LONG,1865.068,1867.218,0.8600000000000462,8901,2021-11-16 06:55:00,1865.068,SL,-1.0,-0.8600000000001273,2
2021-11-16 08:35:00,1864.928,SHORT,1866.0617142857145,1863.2274285714286,1.133714285714307,8923,2021-11-16 08:45:00,1866.0617142857145,SL,-1.0,-1.1337142857144045,2
2021-11-16 11:25:00,1873.498,LONG,1872.5077142857144,1874.9834285714287,0.9902857142857167,8957,2021-11-16 11:30:00,1872.5077142857144,SL,-1.0,-0.9902857142856192,1
2021-11-16 11:40:00,1873.278,LONG,1872.3277142857144,1874.7034285714287,0.9502857142857367,8960,2021-11-16 12:40:00,1872.3277142857144,SL,-1.0,-0.9502857142856556,12
2021-11-16 13:40:00,1871.618,LONG,1869.3912857142857,1874.9580714285714,2.2267142857143165,8984,2021-11-16 13:55:00,1869.3912857142857,SL,-1.0,-2.2267142857142517,3
2021-11-16 14:00:00,1865.398,SHORT,1868.2268571428572,1861.1547142857141,2.8288571428571783,8988,2021-11-16 14:10:00,1861.1547142857141,TP,1.5,4.243285714285776,2
2021-11-16 15:25:00,1862.594,SHORT,1865.1159285714286,1858.8111071428573,2.5219285714285724,9005,2021-11-16 16:20:00,1858.8111071428573,TP,1.5,3.7828928571427696,11
2021-11-16 19:55:00,1851.558,SHORT,1852.5122857142858,1850.1265714285714,0.9542857142856909,9059,2021-11-16 20:00:00,1850.1265714285714,TP,1.5,1.4314285714285688,1
2021-11-17 01:40:00,1853.864,LONG,1852.6898571428571,1855.6252142857145,1.174142857142913,9116,2021-11-17 01:55:00,1855.6252142857145,TP,1.5,1.761214285714459,3
2021-11-17 02:45:00,1855.338,LONG,1854.1022857142857,1857.1915714285715,1.2357142857142824,9129,2021-11-17 03:05:00,1854.1022857142857,SL,-1.0,-1.2357142857142662,4
2021-11-17 03:10:00,1854.478,LONG,1853.4288571428572,1856.0517142857143,1.0491428571428483,9134,2021-11-17 03:30:00,1853.4288571428572,SL,-1.0,-1.049142857142897,4
2021-11-17 04:25:00,1854.118,LONG,1853.1625714285715,1855.5511428571428,0.9554285714285535,9149,2021-11-17 05:15:00,1853.1625714285715,SL,-1.0,-0.955428571428456,10
2021-11-17 05:30:00,1852.508,SHORT,1853.2797857142857,1851.3503214285715,0.7717857142857026,9162,2021-11-17 06:00:00,1853.2797857142857,SL,-1.0,-0.7717857142856701,6
2021-11-17 06:40:00,1854.778,LONG,1853.9053571428572,1856.0869642857142,0.8726428571428154,9176,2021-11-17 07:20:00,1856.0869642857142,TP,1.5,1.3089642857141826,8
2021-11-17 10:00:00,1859.508,LONG,1858.6217142857142,1860.8374285714285,0.8862857142857236,9216,2021-11-17 10:05:00,1858.6217142857142,SL,-1.0,-0.8862857142858047,1
2021-11-17 10:15:00,1858.888,LONG,1858.0135714285714,1860.1996428571429,0.8744285714285687,9219,2021-11-17 10:25:00,1860.1996428571429,TP,1.5,1.3116428571429424,2
2021-11-17 10:30:00,1860.148,LONG,1859.0976428571428,1861.7235357142856,1.0503571428571377,9222,2021-11-17 11:30:00,1861.7235357142856,TP,1.5,1.5755357142857065,12
2021-11-17 11:50:00,1860.998,LONG,1859.9834285714287,1862.519857142857,1.014571428571409,9238,2021-11-17 12:00:00,1862.519857142857,TP,1.5,1.5218571428570158,2
2021-11-17 14:05:00,1863.918,LONG,1861.9564285714284,1866.860357142857,1.9615714285714116,9265,2021-11-17 14:55:00,1866.860357142857,TP,1.5,2.9423571428571904,10
2021-11-17 16:50:00,1863.958,LONG,1862.6862857142858,1865.8655714285715,1.2717142857143244,9298,2021-11-17 16:55:00,1865.8655714285715,TP,1.5,1.907571428571373,1
2021-11-17 17:00:00,1866.408,LONG,1865.1201428571428,1868.3397857142857,1.2878571428571897,9300,2021-11-17 18:00:00,1865.1201428571428,SL,-1.0,-1.2878571428570922,12
2021-11-17 18:00:00,1865.818,LONG,1864.6815714285715,1867.522642857143,1.1364285714285935,9312,2021-11-17 18:05:00,1867.522642857143,TP,1.5,1.7046428571429715,1
2021-11-17 20:30:00,1864.618,SHORT,1865.3287142857143,1863.5519285714286,0.710714285714289,9342,2021-11-17 20:40:00,1865.3287142857143,SL,-1.0,-0.7107142857144026,2
2021-11-17 23:15:00,1866.784,LONG,1866.3334285714286,1867.4598571428571,0.4505714285714118,9363,2021-11-17 23:45:00,1866.3334285714286,SL,-1.0,-0.450571428571493,6
2021-11-18 01:15:00,1869.374,LONG,1868.482,1870.712,0.8920000000000202,9387,2021-11-18 01:35:00,1868.482,SL,-1.0,-0.8920000000000528,4
2021-11-18 02:15:00,1869.754,LONG,1868.7569285714285,1871.249607142857,0.9970714285714166,9399,2021-11-18 02:35:00,1868.7569285714285,SL,-1.0,-0.9970714285714166,4
2021-11-18 05:40:00,1865.678,SHORT,1866.4128571428573,1864.5757142857144,0.7348571428571761,9440,2021-11-18 05:45:00,1866.4128571428573,SL,-1.0,-0.7348571428572086,1
2021-11-18 05:50:00,1866.148,SHORT,1866.8867857142857,1865.0398214285713,0.7387857142857683,9442,2021-11-18 06:15:00,1865.0398214285713,TP,1.5,1.1081785714286525,5
2021-11-18 06:20:00,1864.878,SHORT,1865.6636428571428,1863.6995357142855,0.7856428571429238,9448,2021-11-18 06:40:00,1863.6995357142855,TP,1.5,1.1784642857144263,4
2021-11-18 07:20:00,1863.824,SHORT,1864.901,1862.2085,1.0770000000000144,9460,2021-11-18 07:25:00,1864.901,SL,-1.0,-1.0769999999999982,1
2021-11-18 07:30:00,1863.428,SHORT,1864.565142857143,1861.7222857142858,1.1371428571428623,9462,2021-11-18 07:35:00,1864.565142857143,SL,-1.0,-1.1371428571428623,1
2021-11-18 09:05:00,1865.448,SHORT,1866.6457857142857,1863.6513214285715,1.1977857142856985,9481,2021-11-18 09:30:00,1863.6513214285715,TP,1.5,1.7966785714286289,5
2021-11-18 09:45:00,1864.178,SHORT,1865.1645714285714,1862.698142857143,0.9865714285714375,9489,2021-11-18 09:50:00,1862.698142857143,TP,1.5,1.4798571428570995,1
2021-11-18 11:40:00,1862.058,SHORT,1863.3099285714286,1860.1801071428572,1.2519285714285584,9512,2021-11-18 12:05:00,1863.3099285714286,SL,-1.0,-1.251928571428607,5
2021-11-18 13:20:00,1859.638,SHORT,1861.3442857142857,1857.0785714285714,1.7062857142857086,9532,2021-11-18 13:25:00,1857.0785714285714,TP,1.5,2.559428571428498,1
2021-11-18 14:15:00,1862.578,SHORT,1865.7994285714285,1857.7458571428572,3.221428571428516,9543,2021-11-18 15:40:00,1857.7458571428572,TP,1.5,4.832142857142799,17
2021-11-18 16:30:00,1860.164,SHORT,1861.8167142857142,1857.6849285714286,1.6527142857142962,9570,2021-11-18 16:50:00,1861.8167142857142,SL,-1.0,-1.6527142857141826,4
2021-11-18 16:50:00,1861.078,SHORT,1862.434,1859.0439999999999,1.3560000000000108,9574,2021-11-18 17:00:00,1862.434,SL,-1.0,-1.3559999999999945,2
2021-11-18 17:10:00,1861.444,SHORT,1862.5328571428572,1859.8107142857143,1.0888571428571692,9578,2021-11-18 18:00:00,1859.8107142857143,TP,1.5,1.6332857142856483,10
2021-11-18 19:20:00,1859.528,SHORT,1860.2368571428572,1858.4647142857143,0.7088571428571575,9604,2021-11-18 19:35:00,1858.4647142857143,TP,1.5,1.063285714285712,3
2021-11-18 20:50:00,1859.624,SHORT,1860.4127142857142,1858.4409285714287,0.7887142857142635,9622,2021-11-18 20:55:00,1860.4127142857142,SL,-1.0,-0.7887142857141498,1
2021-11-18 23:40:00,1858.538,SHORT,1859.0015714285714,1857.842642857143,0.463571428571413,9644,2021-11-18 23:45:00,1859.0015714285714,SL,-1.0,-0.463571428571413,1
2021-11-19 00:00:00,1859.404,SHORT,1859.915,1858.6375,0.5109999999999673,9648,2021-11-19 00:10:00,1858.6375,TP,1.5,0.7664999999999509,2
2021-11-19 00:35:00,1859.118,SHORT,1859.7958571428571,1858.1012142857144,0.6778571428571111,9655,2021-11-19 01:00:00,1859.7958571428571,SL,-1.0,-0.6778571428571922,5
2021-11-19 01:05:00,1859.438,SHORT,1860.210142857143,1858.279785714286,0.7721428571428532,9661,2021-11-19 01:20:00,1860.210142857143,SL,-1.0,-0.7721428571428532,3
2021-11-19 01:30:00,1860.738,LONG,1859.9904285714288,1861.859357142857,0.7475714285714048,9666,2021-11-19 01:45:00,1861.859357142857,TP,1.5,1.1213571428570503,3
2021-11-19 04:45:00,1863.306,LONG,1862.7197142857144,1864.1854285714287,0.5862857142857203,9705,2021-11-19 04:55:00,1862.7197142857144,SL,-1.0,-0.5862857142856228,2
2021-11-19 08:15:00,1857.494,SHORT,1858.5574285714285,1855.898857142857,1.0634285714286307,9747,2021-11-19 08:20:00,1855.898857142857,TP,1.5,1.595142857142946,1
2021-11-19 08:25:00,1855.408,SHORT,1856.6919285714284,1853.4821071428569,1.2839285714286137,9749,2021-11-19 09:00:00,1853.4821071428569,TP,1.5,1.925892857143026,7
2021-11-19 11:35:00,1861.818,LONG,1860.341,1864.0335,1.4769999999999754,9787,2021-11-19 12:10:00,1860.341,SL,-1.0,-1.4770000000000891,7
2021-11-19 12:30:00,1862.185,LONG,1860.8960714285713,1864.1183928571427,1.2889285714285603,9798,2021-11-19 12:50:00,1860.8960714285713,SL,-1.0,-1.2889285714286416,4
2021-11-19 14:50:00,1860.438,SHORT,1863.6663571428571,1855.5954642857143,3.228357142857135,9826,2021-11-19 17:10:00,1855.5954642857143,TP,1.5,4.842535714285759,28
2021-11-21 23:50:00,1844.384,SHORT,1846.423,1841.3255,2.0390000000000037,9922,2021-11-22 00:00:00,1846.423,SL,-1.0,-2.0389999999999873,2
2021-11-22 00:25:00,1846.338,SHORT,1847.6754285714285,1844.3318571428572,1.3374285714285503,9929,2021-11-22 01:00:00,1847.6754285714285,SL,-1.0,-1.337428571428518,7
2021-11-22 02:00:00,1845.678,SHORT,1846.8200000000002,1843.9650000000001,1.1419999999999553,9948,2021-11-22 02:35:00,1846.8200000000002,SL,-1.0,-1.1420000000000528,7
2021-11-22 03:05:00,1845.674,SHORT,1846.4555,1844.5017500000001,0.7814999999999698,9961,2021-11-22 03:20:00,1846.4555,SL,-1.0,-0.7815000000000509,3
2021-11-22 03:25:00,1845.774,SHORT,1846.4944999999998,1844.69325,0.7204999999999667,9965,2021-11-22 03:55:00,1846.4944999999998,SL,-1.0,-0.7204999999999018,6
2021-11-22 05:15:00,1848.198,LONG,1847.6324285714286,1849.0463571428572,0.565571428571421,9987,2021-11-22 05:30:00,1847.6324285714286,SL,-1.0,-0.5655714285715021,3
2021-11-22 07:15:00,1844.064,SHORT,1845.3517857142858,1842.1323214285715,1.2877857142856979,10011,2021-11-22 07:35:00,1842.1323214285715,TP,1.5,1.9316785714286198,4
2021-11-22 07:55:00,1843.964,SHORT,1845.250857142857,1842.0337142857143,1.2868571428571158,10019,2021-11-22 08:05:00,1845.250857142857,SL,-1.0,-1.2868571428571158,2
2021-11-22 08:05:00,1844.258,SHORT,1845.6627142857144,1842.1509285714287,1.4047142857142814,10021,2021-11-22 08:15:00,1845.6627142857144,SL,-1.0,-1.4047142857143626,2
2021-11-22 09:25:00,1846.388,LONG,1845.1377142857143,1848.2634285714284,1.2502857142856587,10037,2021-11-22 09:40:00,1845.1377142857143,SL,-1.0,-1.25028571428561,3
2021-11-22 10:10:00,1843.478,SHORT,1844.5185714285715,1841.917142857143,1.0405714285714112,10046,2021-11-22 10:25:00,1841.917142857143,TP,1.5,1.560857142857003,3
2021-11-22 12:05:00,1840.078,SHORT,1841.5074285714286,1837.933857142857,1.4294285714285675,10069,2021-11-22 12:15:00,1841.5074285714286,SL,-1.0,-1.4294285714286161,2
2021-11-22 12:25:00,1840.608,SHORT,1842.0467142857142,1838.4499285714285,1.4387142857142732,10073,2021-11-22 12:35:00,1842.0467142857142,SL,-1.0,-1.4387142857142408,2
2021-11-22 12:40:00,1840.774,SHORT,1842.2441428571428,1838.5687857142857,1.4701428571428323,10076,2021-11-22 13:00:00,1838.5687857142857,TP,1.5,2.2052142857141916,4
2021-11-22 13:50:00,1837.928,SHORT,1840.0397142857144,1834.7604285714287,2.111714285714275,10090,2021-11-22 14:00:00,1834.7604285714287,TP,1.5,3.167571428571364,2
2021-11-22 16:20:00,1818.894,SHORT,1821.0215714285714,1815.702642857143,2.127571428571384,10120,2021-11-22 16:30:00,1815.702642857143,TP,1.5,3.1913571428569867,2
2021-11-22 21:00:00,1804.775,SHORT,1805.8660000000002,1803.1385,1.0910000000000244,10176,2021-11-22 23:00:00,1805.8660000000002,SL,-1.0,-1.0910000000001219,12
2021-11-23 00:20:00,1808.888,LONG,1807.9971428571428,1810.2242857142858,0.8908571428572064,10204,2021-11-23 01:00:00,1807.9971428571428,SL,-1.0,-0.8908571428571577,8
2021-11-23 01:10:00,1809.958,LONG,1809.0498571428573,1811.3202142857144,0.9081428571428855,10214,2021-11-23 01:35:00,1811.3202142857144,TP,1.5,1.3622142857143444,5
2021-11-23 02:20:00,1808.644,LONG,1807.3090714285713,1810.646392857143,1.334928571428577,10228,2021-11-23 04:40:00,1807.3090714285713,SL,-1.0,-1.3349285714286907,28
2021-11-23 05:40:00,1807.804,SHORT,1808.5412142857144,1806.6981785714286,0.7372142857142795,10268,2021-11-23 05:45:00,1808.5412142857144,SL,-1.0,-0.7372142857143444,1
2021-11-23 08:15:00,1805.304,SHORT,1807.2567857142858,1802.3748214285715,1.9527857142856777,10299,2021-11-23 08:20:00,1807.2567857142858,SL,-1.0,-1.9527857142857101,1
2021-11-23 08:25:00,1803.438,SHORT,1805.5227857142859,1800.3108214285717,2.0847857142856907,10301,2021-11-23 08:30:00,1805.5227857142859,SL,-1.0,-2.084785714285772,1
2021-11-23 08:40:00,1803.868,SHORT,1805.8281428571427,1800.9277857142856,1.9601428571428252,10304,2021-11-23 08:55:00,1800.9277857142856,TP,1.5,2.940214285714319,3
2021-11-23 12:30:00,1796.148,SHORT,1797.4534999999998,1794.1897499999998,1.3055000000000356,10350,2021-11-23 12:40:00,1794.1897499999998,TP,1.5,1.9582500000001346,2
2021-11-23 12:50:00,1793.788,SHORT,1795.3632142857143,1791.4251785714284,1.575214285714326,10354,2021-11-23 12:55:00,1791.4251785714284,TP,1.5,2.3628214285715785,1
2021-11-23 13:05:00,1788.108,SHORT,1790.1391428571428,1785.0612857142855,2.0311428571428842,10357,2021-11-23 13:10:00,1790.1391428571428,SL,-1.0,-2.031142857142868,1
2021-11-23 14:20:00,1790.758,SHORT,1793.9475714285716,1785.973642857143,3.1895714285714285,10372,2021-11-23 15:15:00,1785.973642857143,TP,1.5,4.784357142857061,11
2021-11-23 17:25:00,1784.908,SHORT,1786.197,1782.9744999999998,1.2890000000000035,10409,2021-11-23 18:00:00,1786.197,SL,-1.0,-1.2889999999999873,7
2021-11-23 18:10:00,1785.828,SHORT,1787.0352142857143,1784.0171785714285,1.2072142857142905,10418,2021-11-23 18:25:00,1784.0171785714285,TP,1.5,1.810821428571444,3
2021-11-23 20:05:00,1788.268,LONG,1787.2365714285716,1789.815142857143,1.0314285714285754,10441,2021-11-23 20:20:00,1789.815142857143,TP,1.5,1.5471428571429442,3
2021-11-23 23:25:00,1789.288,LONG,1788.6269285714286,1790.2796071428572,0.6610714285714364,10469,2021-11-23 23:45:00,1790.2796071428572,TP,1.5,0.9916071428572195,4
2021-11-24 00:45:00,1791.465,LONG,1790.5640714285714,1792.8163928571428,0.9009285714285917,10485,2021-11-24 01:00:00,1790.5640714285714,SL,-1.0,-0.9009285714284943,3
2021-11-24 01:30:00,1790.668,LONG,1789.6296428571427,1792.2255357142856,1.0383571428571454,10494,2021-11-24 01:45:00,1792.2255357142856,TP,1.5,1.5575357142856774,3
2021-11-24 04:10:00,1793.795,LONG,1792.9067142857143,1795.1274285714287,0.8882857142857412,10526,2021-11-24 04:15:00,1792.9067142857143,SL,-1.0,-0.8882857142857574,1
2021-11-24 04:35:00,1792.825,LONG,1792.0864285714285,1793.9328571428573,0.7385714285714552,10531,2021-11-24 05:10:00,1793.9328571428573,TP,1.5,1.107857142857256,7
2021-11-24 07:00:00,1794.028,LONG,1792.962,1795.627,1.066000000000031,10560,2021-11-24 07:05:00,1795.627,TP,1.5,1.5989999999999327,1
2021-11-24 08:35:00,1792.338,SHORT,1793.5375,1790.53875,1.1995000000000087,10579,2021-11-24 08:50:00,1790.53875,TP,1.5,1.799250000000029,3
2021-11-24 09:20:00,1792.255,SHORT,1793.3579285714286,1790.6006071428574,1.1029285714285249,10588,2021-11-24 09:50:00,1793.3579285714286,SL,-1.0,-1.1029285714284924,6
2021-11-24 10:10:00,1789.588,SHORT,1790.8619285714285,1787.677107142857,1.2739285714285578,10598,2021-11-24 10:25:00,1790.8619285714285,SL,-1.0,-1.2739285714285415,3
2021-11-24 11:45:00,1787.115,SHORT,1788.5797142857143,1784.9179285714285,1.4647142857143243,10617,2021-11-24 12:30:00,1784.9179285714285,TP,1.5,2.197071428571462,9
2021-11-24 13:20:00,1784.128,SHORT,1785.6236428571428,1781.8845357142857,1.4956428571428952,10636,2021-11-24 13:25:00,1781.8845357142857,TP,1.5,2.2434642857142535,1
2021-11-24 14:05:00,1782.548,SHORT,1785.3532142857143,1778.3401785714286,2.8052142857142957,10645,2021-11-24 15:50:00,1785.3532142857143,SL,-1.0,-2.805214285714328,21
2021-11-24 17:35:00,1785.598,LONG,1784.1415714285715,1787.7826428571427,1.4564285714285299,10687,2021-11-24 18:15:00,1784.1415714285715,SL,-1.0,-1.4564285714284324,8
2021-11-24 19:10:00,1783.578,SHORT,1784.5959285714287,1782.051107142857,1.0179285714286184,10706,2021-11-24 19:30:00,1784.5959285714287,SL,-1.0,-1.0179285714286834,4
2021-11-24 23:20:00,1786.938,LONG,1786.2755714285715,1787.9316428571428,0.6624285714284984,10744,2021-11-24 23:30:00,1787.9316428571428,TP,1.5,0.9936428571427314,2
2021-11-24 23:30:00,1788.305,LONG,1787.491642857143,1789.5250357142857,0.8133571428570738,10746,2021-11-24 23:45:00,1789.5250357142857,TP,1.5,1.2200357142855864,3
2021-11-25 01:15:00,1791.618,LONG,1790.5795714285714,1793.1756428571427,1.0384285714286048,10767,2021-11-25 02:15:00,1793.1756428571427,TP,1.5,1.5576428571428096,12
2021-11-25 03:20:00,1793.055,LONG,1792.3594285714287,1794.0983571428571,0.6955714285713839,10792,2021-11-25 03:35:00,1792.3594285714287,SL,-1.0,-0.6955714285713839,3
2021-11-25 03:50:00,1792.028,LONG,1791.5314285714287,1792.772857142857,0.4965714285713797,10798,2021-11-25 05:15:00,1791.5314285714287,SL,-1.0,-0.49657142857131475,17
2021-11-25 05:25:00,1792.245,LONG,1791.8307142857143,1792.8664285714285,0.41428571428571104,10817,2021-11-25 05:55:00,1792.8664285714285,TP,1.5,0.6214285714286234,6
2021-11-25 08:10:00,1793.505,LONG,1792.8483571428574,1794.4899642857144,0.6566428571428234,10850,2021-11-25 08:15:00,1794.4899642857144,TP,1.5,0.9849642857143408,1
2021-11-25 08:25:00,1794.645,LONG,1793.933,1795.713,0.7120000000000053,10853,2021-11-25 08:50:00,1793.933,SL,-1.0,-0.7119999999999891,5
2021-11-25 09:30:00,1793.659,LONG,1792.8237142857145,1794.9119285714287,0.8352857142857276,10866,2021-11-25 09:45:00,1792.8237142857145,SL,-1.0,-0.8352857142856465,3
2021-11-25 12:50:00,1790.965,SHORT,1791.6345,1789.96075,0.6695000000000034,10906,2021-11-25 13:00:00,1791.6345,SL,-1.0,-0.6694999999999709,2
2021-11-25 13:00:00,1789.745,SHORT,1790.5465714285713,1788.5426428571427,0.801571428571411,10908,2021-11-25 13:10:00,1790.5465714285713,SL,-1.0,-0.8015714285713784,2
2021-11-25 13:10:00,1789.878,SHORT,1790.7333571428571,1788.5949642857142,0.8553571428571038,10910,2021-11-25 13:15:00,1790.7333571428571,SL,-1.0,-0.8553571428572013,1
2021-11-25 13:30:00,1789.898,SHORT,1790.8504999999998,1788.4692499999999,0.9524999999999701,10914,2021-11-25 13:35:00,1790.8504999999998,SL,-1.0,-0.9524999999998727,1
2021-11-25 14:05:00,1791.149,SHORT,1792.0352857142857,1789.8195714285714,0.8862857142857072,10921,2021-11-25 15:00:00,1789.8195714285714,TP,1.5,1.3294285714284797,11
2021-11-25 15:45:00,1788.758,SHORT,1789.625642857143,1787.4565357142858,0.8676428571429012,10941,2021-11-25 16:10:00,1789.625642857143,SL,-1.0,-0.8676428571429824,5
2021-11-25 16:20:00,1789.655,SHORT,1790.371,1788.581,0.7160000000000244,10948,2021-11-25 17:25:00,1788.581,TP,1.5,1.0740000000000691,13
2021-11-26 00:20:00,1792.955,LONG,1791.7522142857142,1794.7591785714285,1.2027857142857101,10981,2021-11-26 01:00:00,1791.7522142857142,SL,-1.0,-1.2027857142857101,8
2021-11-26 01:05:00,1792.738,LONG,1791.3200000000002,1794.865,1.4179999999999902,10990,2021-11-26 01:25:00,1791.3200000000002,SL,-1.0,-1.4179999999998927,4
2021-11-26 02:15:00,1792.188,LONG,1791.3312857142857,1793.4730714285715,0.8567142857142959,11004,2021-11-26 02:40:00,1793.4730714285715,TP,1.5,1.2850714285714275,5
2021-11-26 05:00:00,1797.525,LONG,1796.851642857143,1798.5350357142859,0.6733571428571524,11037,2021-11-26 05:05:00,1796.851642857143,SL,-1.0,-0.673357142857185,1
2021-11-26 05:25:00,1796.355,LONG,1795.6471428571429,1797.4167857142857,0.7078571428571487,11042,2021-11-26 05:30:00,1797.4167857142857,TP,1.5,1.0617857142856337,1
2021-11-26 05:40:00,1796.878,LONG,1796.1282142857142,1798.0026785714285,0.7497857142857031,11045,2021-11-26 06:00:00,1798.0026785714285,TP,1.5,1.1246785714286034,4
2021-11-26 09:15:00,1804.215,LONG,1801.4297142857142,1808.3929285714285,2.7852857142856595,11088,2021-11-26 09:55:00,1808.3929285714285,TP,1.5,4.177928571428538,8
2021-11-26 12:25:00,1809.258,LONG,1807.1001428571428,1812.4947857142856,2.157857142857113,11126,2021-11-26 12:35:00,1807.1001428571428,SL,-1.0,-2.1578571428572104,2
2021-11-26 12:40:00,1807.915,LONG,1805.84,1811.0275,2.074999999999964,11129,2021-11-26 12:55:00,1805.84,SL,-1.0,-2.0750000000000455,3
2021-11-26 13:25:00,1802.968,SHORT,1805.1222142857143,1799.7366785714287,2.154214285714277,11138,2021-11-26 13:30:00,1799.7366785714287,TP,1.5,3.231321428571391,1
2021-11-26 14:10:00,1806.418,SHORT,1809.2169999999999,1802.2195,2.799000000000043,11147,2021-11-26 14:30:00,1802.2195,TP,1.5,4.198499999999967,4
2021-11-26 16:20:00,1797.598,SHORT,1799.3899285714285,1794.9101071428572,1.7919285714285056,11173,2021-11-26 16:30:00,1794.9101071428572,TP,1.5,2.6878928571427423,2
2021-11-29 00:30:00,1791.138,SHORT,1793.3927857142855,1787.7558214285714,2.2547857142857146,11220,2021-11-29 00:50:00,1793.3927857142855,SL,-1.0,-2.2547857142856174,4
2021-11-29 01:20:00,1794.268,LONG,1792.6978571428572,1796.6232142857143,1.5701428571428389,11230,2021-11-29 02:15:00,1792.6978571428572,SL,-1.0,-1.570142857142855,11
2021-11-29 02:25:00,1793.548,LONG,1792.4471428571428,1795.1992857142857,1.100857142857129,11243,2021-11-29 02:55:00,1795.1992857142857,TP,1.5,1.6512857142856774,6
2021-11-29 04:10:00,1793.438,LONG,1792.6065714285714,1794.6851428571429,0.8314285714285461,11264,2021-11-29 04:35:00,1792.6065714285714,SL,-1.0,-0.8314285714286598,5
2021-11-29 05:25:00,1794.668,LONG,1793.6260714285713,1796.2308928571426,1.0419285714285544,11279,2021-11-29 05:30:00,1793.6260714285713,SL,-1.0,-1.0419285714285706,1
2021-11-29 05:35:00,1795.008,LONG,1793.825857142857,1796.7812142857142,1.1821428571428376,11281,2021-11-29 07:00:00,1793.825857142857,SL,-1.0,-1.182142857142935,17
2021-11-29 07:35:00,1796.135,LONG,1794.6346428571428,1798.3855357142857,1.5003571428571507,11305,2021-11-29 07:45:00,1794.6346428571428,SL,-1.0,-1.5003571428571831,2
2021-11-29 07:45:00,1795.898,LONG,1794.1929285714284,1798.4556071428572,1.7050714285714517,11307,2021-11-29 07:50:00,1794.1929285714284,SL,-1.0,-1.7050714285715003,1
2021-11-29 08:30:00,1795.918,LONG,1794.1111428571428,1798.6282857142858,1.806857142857179,11316,2021-11-29 08:50:00,1798.6282857142858,TP,1.5,2.710285714285874,4
2021-11-29 13:00:00,1792.095,SHORT,1793.4315000000001,1790.09025,1.3365000000000171,11370,2021-11-29 13:10:00,1793.4315000000001,SL,-1.0,-1.3365000000001146,2
2021-11-29 13:20:00,1790.808,SHORT,1792.4253571428571,1788.3819642857143,1.6173571428571611,11374,2021-11-29 13:40:00,1788.3819642857143,TP,1.5,2.4260357142857174,4
2021-11-29 15:25:00,1786.218,SHORT,1788.3982142857144,1782.9476785714287,2.1802142857142957,11399,2021-11-29 16:55:00,1782.9476785714287,TP,1.5,3.2703214285713784,18
2021-11-29 17:55:00,1784.038,SHORT,1785.1095,1782.43075,1.0714999999999983,11429,2021-11-29 18:40:00,1785.1095,SL,-1.0,-1.0715000000000146,9
2021-11-29 18:45:00,1784.328,SHORT,1785.3562857142856,1782.7855714285715,1.0282857142856787,11439,2021-11-29 19:10:00,1782.7855714285715,TP,1.5,1.5424285714284451,5
2021-11-29 19:55:00,1782.518,SHORT,1783.4239285714286,1781.1591071428572,0.9059285714285872,11453,2021-11-29 20:00:00,1783.4239285714286,SL,-1.0,-0.9059285714286034,1
2021-11-29 21:00:00,1783.268,SHORT,1784.3391428571429,1781.6612857142857,1.0711428571428965,11466,2021-11-29 21:30:00,1784.3391428571429,SL,-1.0,-1.0711428571428314,6
2021-11-29 23:05:00,1785.355,LONG,1784.5382857142858,1786.5800714285715,0.8167142857142835,11479,2021-11-29 23:15:00,1784.5382857142858,SL,-1.0,-0.8167142857141698,2
2021-11-29 23:20:00,1786.798,LONG,1785.9357857142857,1788.0913214285715,0.8622142857142795,11482,2021-11-30 00:15:00,1785.9357857142857,SL,-1.0,-0.8622142857143444,11
2021-11-30 00:25:00,1786.368,LONG,1785.6402857142857,1787.4595714285713,0.7277142857142768,11495,2021-11-30 00:35:00,1785.6402857142857,SL,-1.0,-0.727714285714228,2
2021-11-30 03:35:00,1788.845,LONG,1788.2132857142858,1789.7925714285716,0.6317142857143055,11533,2021-11-30 04:00:00,1788.2132857142858,SL,-1.0,-0.6317142857142244,5
2021-11-30 05:05:00,1789.488,LONG,1788.833142857143,1790.4702857142859,0.6548571428571515,11551,2021-11-30 05:15:00,1790.4702857142859,TP,1.5,0.9822857142858084,2
2021-11-30 06:25:00,1793.288,LONG,1791.7388571428571,1795.6117142857142,1.5491428571428483,11567,2021-11-30 06:40:00,1791.7388571428571,SL,-1.0,-1.549142857142897,3
2021-11-30 06:40:00,1792.238,LONG,1790.8398571428572,1794.3352142857143,1.3981428571428782,11570,2021-11-30 06:50:00,1794.3352142857143,TP,1.5,2.0972142857142444,2
2021-11-30 07:40:00,1792.728,LONG,1791.2664285714286,1794.9203571428573,1.4615714285714279,11582,2021-11-30 07:45:00,1791.2664285714286,SL,-1.0,-1.4615714285714603,1
2021-11-30 08:05:00,1793.425,LONG,1791.8677857142857,1795.7608214285715,1.5572142857142808,11587,2021-11-30 09:00:00,1791.8677857142857,SL,-1.0,-1.5572142857142808,11
2021-11-30 10:30:00,1796.708,LONG,1795.3927857142858,1798.6808214285716,1.3152142857142703,11616,2021-11-30 10:50:00,1795.3927857142858,SL,-1.0,-1.315214285714319,4
2021-11-30 13:00:00,1789.928,SHORT,1791.6864285714287,1787.2903571428574,1.758428571428567,11646,2021-11-30 13:10:00,1791.6864285714287,SL,-1.0,-1.758428571428567,2
2021-11-30 14:35:00,1796.428,LONG,1794.5137142857143,1799.2994285714287,1.9142857142857272,11665,2021-11-30 14:45:00,1799.2994285714287,TP,1.5,2.8714285714286234,2
2021-11-30 18:35:00,1774.918,SHORT,1776.6064999999999,1772.3852499999998,1.6885000000000414,11713,2021-11-30 18:50:00,1776.6064999999999,SL,-1.0,-1.6884999999999764,3
2021-11-30 19:45:00,1775.158,SHORT,1776.3145,1773.4232499999998,1.1565000000000185,11727,2021-11-30 20:05:00,1773.4232499999998,TP,1.5,1.7347500000000764,4
2021-11-30 20:10:00,1772.475,SHORT,1773.7319285714284,1770.589607142857,1.2569285714285863,11732,2021-11-30 20:15:00,1773.7319285714284,SL,-1.0,-1.2569285714284888,1
2021-11-30 23:30:00,1775.108,SHORT,1776.1767857142856,1773.5048214285714,1.0687857142856956,11760,2021-11-30 23:40:00,1773.5048214285714,TP,1.5,1.6031785714285434,2
2021-11-30 23:40:00,1773.468,SHORT,1774.6318571428571,1771.7222142857142,1.163857142857166,11762,2021-12-01 00:05:00,1774.6318571428571,SL,-1.0,-1.1638571428570685,5
2021-12-01 04:10:00,1777.425,LONG,1776.6254999999999,1778.6242499999998,0.7994999999999826,11816,2021-12-01 04:15:00,1778.6242499999998,TP,1.5,1.1992499999998927,1
2021-12-01 04:40:00,1779.188,LONG,1778.3500714285715,1780.444892857143,0.8379285714285548,11822,2021-12-01 05:35:00,1780.444892857143,TP,1.5,1.2568928571429296,11
2021-12-01 05:35:00,1781.218,LONG,1780.4478571428572,1782.3732142857143,0.7701428571428843,11833,2021-12-01 05:50:00,1782.3732142857143,TP,1.5,1.1552142857142371,3
2021-12-01 09:20:00,1779.75,SHORT,1781.4945,1777.13325,1.7444999999999677,11878,2021-12-01 09:35:00,1781.4945,SL,-1.0,-1.7445000000000164,3
2021-12-01 13:40:00,1788.928,LONG,1786.6068571428573,1792.4097142857145,2.3211428571428314,11930,2021-12-01 14:15:00,1786.6068571428573,SL,-1.0,-2.3211428571428314,7
2021-12-01 14:20:00,1787.748,LONG,1785.1491428571428,1791.6462857142858,2.598857142857144,11938,2021-12-01 14:25:00,1785.1491428571428,SL,-1.0,-2.5988571428572413,1
2021-12-01 14:35:00,1787.128,LONG,1784.6980714285714,1790.7728928571428,2.429928571428572,11941,2021-12-01 14:45:00,1784.6980714285714,SL,-1.0,-2.4299285714284906,2
2021-12-01 17:15:00,1784.298,SHORT,1786.3329285714285,1781.2456071428571,2.0349285714285736,11973,2021-12-01 18:30:00,1781.2456071428571,TP,1.5,3.052392857142877,15
2021-12-01 18:30:00,1781.548,SHORT,1782.9691428571427,1779.4162857142858,1.421142857142838,11988,2021-12-01 18:55:00,1782.9691428571427,SL,-1.0,-1.4211428571427405,5
2021-12-01 19:10:00,1779.875,SHORT,1781.349642857143,1777.6630357142858,1.4746428571428558,11996,2021-12-01 19:50:00,1781.349642857143,SL,-1.0,-1.4746428571429533,8
2021-12-01 20:00:00,1781.195,SHORT,1782.49,1779.2524999999998,1.2950000000000403,12006,2021-12-01 20:05:00,1779.2524999999998,TP,1.5,1.9425000000001091,1
2021-12-01 20:40:00,1778.915,SHORT,1780.1115,1777.12025,1.1965000000000146,12014,2021-12-01 21:10:00,1780.1115,SL,-1.0,-1.1965000000000146,6
2021-12-01 21:15:00,1780.385,SHORT,1781.4237142857141,1778.8269285714287,1.0387142857142635,12021,2021-12-01 21:25:00,1781.4237142857141,SL,-1.0,-1.0387142857141498,2
2021-12-02 00:05:00,1780.348,SHORT,1781.6022857142857,1778.4665714285713,1.2542857142856942,12043,2021-12-02 01:00:00,1781.6022857142857,SL,-1.0,-1.2542857142857429,11
2021-12-02 01:45:00,1780.638,SHORT,1781.7145714285714,1779.0231428571428,1.0765714285714207,12063,2021-12-02 02:30:00,1781.7145714285714,SL,-1.0,-1.0765714285714694,9
2021-12-02 03:35:00,1779.398,SHORT,1780.1537142857142,1778.2644285714284,0.755714285714313,12085,2021-12-02 04:10:00,1778.2644285714284,TP,1.5,1.1335714285714857,7
2021-12-02 06:10:00,1776.698,SHORT,1777.785142857143,1775.0672857142858,1.0871428571428428,12116,2021-12-02 06:25:00,1777.785142857143,SL,-1.0,-1.0871428571429078,3
2021-12-02 06:25:00,1777.345,SHORT,1778.4819285714286,1775.6396071428571,1.136928571428598,12119,2021-12-02 06:45:00,1778.4819285714286,SL,-1.0,-1.136928571428598,4
2021-12-02 07:05:00,1777.648,SHORT,1778.5317857142857,1776.3223214285713,0.8837857142857176,12127,2021-12-02 07:10:00,1776.3223214285713,TP,1.5,1.3256785714286252,1
2021-12-02 10:05:00,1773.518,SHORT,1774.7529285714286,1771.6656071428572,1.2349285714285867,12163,2021-12-02 10:15:00,1774.7529285714286,SL,-1.0,-1.2349285714285543,2
2021-12-02 13:30:00,1775.545,LONG,1773.7025,1778.3087500000001,1.842499999999989,12204,2021-12-02 13:50:00,1773.7025,SL,-1.0,-1.8424999999999727,4
2021-12-02 14:10:00,1777.188,LONG,1775.1002857142857,1780.3195714285716,2.0877142857143065,12212,2021-12-02 14:30:00,1775.1002857142857,SL,-1.0,-2.0877142857143554,4
2021-12-02 15:40:00,1768.755,SHORT,1772.0378571428573,1763.8307142857145,3.282857142857129,12230,2021-12-02 17:25:00,1763.8307142857145,TP,1.5,4.924285714285588,21
2021-12-02 23:10:00,1769.905,LONG,1769.2600714285713,1770.8723928571428,0.6449285714286199,12308,2021-12-02 23:30:00,1769.2600714285713,SL,-1.0,-0.6449285714286361,4
2021-12-03 01:50:00,1770.318,LONG,1769.2360714285714,1771.940892857143,1.0819285714285667,12340,2021-12-03 02:15:00,1771.940892857143,TP,1.5,1.622892857142915,5
2021-12-03 02:50:00,1771.398,LONG,1770.406714285714,1772.8849285714284,0.9912857142857417,12352,2021-12-03 03:10:00,1772.8849285714284,TP,1.5,1.486928571428507,4
2021-12-03 04:20:00,1772.905,LONG,1772.2300714285714,1773.9173928571429,0.6749285714286251,12370,2021-12-03 04:35:00,1772.2300714285714,SL,-1.0,-0.6749285714286088,3
2021-12-03 05:20:00,1772.588,LONG,1772.0783571428572,1773.3524642857142,0.5096428571428078,12382,2021-12-03 05:25:00,1773.3524642857142,TP,1.5,0.7644642857142117,1
2021-12-03 06:45:00,1772.885,LONG,1771.9190714285714,1774.333892857143,0.9659285714285976,12399,2021-12-03 06:50:00,1771.9190714285714,SL,-1.0,-0.9659285714285488,1
2021-12-03 12:10:00,1772.878,LONG,1772.0727857142856,1774.0858214285713,0.8052142857142469,12464,2021-12-03 12:15:00,1772.0727857142856,SL,-1.0,-0.8052142857143281,1
2021-12-03 12:45:00,1773.505,LONG,1772.7382142857143,1774.6551785714287,0.7667857142857072,12471,2021-12-03 13:00:00,1772.7382142857143,SL,-1.0,-0.7667857142857883,3
2021-12-03 13:25:00,1769.638,LONG,1768.0249999999999,1772.0575,1.6129999999999751,12479,2021-12-03 13:30:00,1772.0575,TP,1.5,2.419499999999971,1
2021-12-03 13:40:00,1773.24,LONG,1770.5474285714286,1777.278857142857,2.692571428571406,12482,2021-12-03 13:45:00,1770.5474285714286,SL,-1.0,-2.692571428571455,1
2021-12-03 14:05:00,1768.158,SHORT,1771.849857142857,1762.6202142857142,3.6918571428571374,12487,2021-12-03 14:30:00,1771.849857142857,SL,-1.0,-3.6918571428570885,5
2021-12-03 14:30:00,1769.918,SHORT,1773.749,1764.1715,3.8310000000000337,12492,2021-12-03 14:50:00,1773.749,SL,-1.0,-3.831000000000131,4
2021-12-03 15:15:00,1770.705,SHORT,1773.5165,1766.48775,2.8114999999999912,12501,2021-12-03 16:05:00,1773.5165,SL,-1.0,-2.8115000000000236,10
2021-12-03 19:45:00,1782.658,LONG,1781.7846428571427,1783.9680357142856,0.8733571428571493,12555,2021-12-03 19:55:00,1783.9680357142856,TP,1.5,1.310035714285732,2
2021-12-03 20:05:00,1785.425,LONG,1784.3628571428571,1787.0182142857143,1.062142857142882,12559,2021-12-03 20:20:00,1784.3628571428571,SL,-1.0,-1.0621428571428169,3
2021-12-03 21:05:00,1783.238,LONG,1781.9785714285715,1785.1271428571429,1.2594285714285758,12571,2021-12-03 21:55:00,1781.9785714285715,SL,-1.0,-1.2594285714285434,10
2021-12-05 23:10:00,1782.558,LONG,1781.4552857142858,1784.2120714285713,1.1027142857142604,12584,2021-12-06 00:00:00,1784.2120714285713,TP,1.5,1.654071428571342,10
2021-12-06 00:30:00,1784.405,LONG,1783.4021428571427,1785.9092857142857,1.0028571428571726,12600,2021-12-06 00:40:00,1783.4021428571427,SL,-1.0,-1.0028571428572377,2
2021-12-06 01:00:00,1784.145,LONG,1783.1127142857142,1785.6934285714285,1.0322857142857143,12606,2021-12-06 01:05:00,1783.1127142857142,SL,-1.0,-1.0322857142857629,1
2021-12-06 01:25:00,1784.358,LONG,1783.28,1785.975,1.0780000000000232,12611,2021-12-06 01:40:00,1785.975,TP,1.5,1.6169999999999618,3
2021-12-06 07:10:00,1784.628,LONG,1783.5300714285713,1786.2748928571427,1.0979285714285456,12680,2021-12-06 07:15:00,1783.5300714285713,SL,-1.0,-1.0979285714286107,1
2021-12-06 07:25:00,1783.485,LONG,1782.2478571428571,1785.340714285714,1.2371428571428364,12683,2021-12-06 07:40:00,1782.2478571428571,SL,-1.0,-1.2371428571427714,3
2021-12-06 07:45:00,1781.835,SHORT,1783.1411428571428,1779.8757857142857,1.3061428571428126,12687,2021-12-06 08:40:00,1779.8757857142857,TP,1.5,1.9592142857143244,11
2021-12-06 09:00:00,1779.308,SHORT,1780.5564285714286,1777.4353571428571,1.2484285714285923,12702,2021-12-06 09:05:00,1780.5564285714286,SL,-1.0,-1.248428571428576,1
2021-12-06 10:10:00,1780.278,SHORT,1781.5677857142857,1778.3433214285715,1.2897857142857154,12716,2021-12-06 10:30:00,1781.5677857142857,SL,-1.0,-1.2897857142856992,4
2021-12-06 10:35:00,1780.538,SHORT,1781.71,1778.78,1.171999999999993,12721,2021-12-06 10:50:00,1781.71,SL,-1.0,-1.1720000000000255,3
2021-12-06 11:40:00,1780.628,SHORT,1781.5440714285714,1779.2538928571428,0.9160714285714319,12734,2021-12-06 12:15:00,1779.2538928571428,TP,1.5,1.3741071428571558,7
2021-12-06 13:00:00,1778.628,SHORT,1779.8922857142857,1776.7315714285714,1.2642857142856851,12750,2021-12-06 13:10:00,1779.8922857142857,SL,-1.0,-1.2642857142857338,2
2021-12-06 13:35:00,1780.048,SHORT,1781.706357142857,1777.5604642857143,1.6583571428571173,12757,2021-12-06 13:40:00,1781.706357142857,SL,-1.0,-1.658357142857085,1
2021-12-06 13:55:00,1778.818,SHORT,1780.5762142857143,1776.1806785714286,1.7582142857142702,12761,2021-12-06 14:40:00,1776.1806785714286,TP,1.5,2.63732142857134,9
2021-12-06 14:55:00,1777.708,SHORT,1779.5989285714286,1774.8716071428573,1.890928571428552,12773,2021-12-06 15:00:00,1779.5989285714286,SL,-1.0,-1.8909285714285033,1
2021-12-06 17:35:00,1782.435,LONG,1781.4049285714286,1783.9801071428572,1.0300714285714159,12805,2021-12-06 17:40:00,1781.4049285714286,SL,-1.0,-1.0300714285713184,1
2021-12-06 17:55:00,1780.788,LONG,1779.7571428571428,1782.3342857142857,1.030857142857144,12809,2021-12-06 18:05:00,1779.7571428571428,SL,-1.0,-1.0308571428572577,2
2021-12-06 19:25:00,1779.678,SHORT,1780.3097142857143,1778.7304285714285,0.6317142857143055,12827,2021-12-06 19:35:00,1778.7304285714285,TP,1.5,0.947571428571564,2
2021-12-06 21:40:00,1778.268,SHORT,1778.7839285714285,1777.4941071428573,0.5159285714285033,12854,2021-12-06 23:00:00,1778.7839285714285,SL,-1.0,-0.5159285714285033,4
2021-12-07 01:00:00,1780.175,LONG,1779.5065714285713,1781.177642857143,0.6684285714286001,12882,2021-12-07 01:05:00,1779.5065714285713,SL,-1.0,-0.6684285714286489,1
2021-12-07 01:50:00,1779.538,SHORT,1780.3222142857144,1778.3616785714285,0.784214285714305,12892,2021-12-07 02:10:00,1780.3222142857144,SL,-1.0,-0.7842142857143699,4
2021-12-07 08:25:00,1781.858,LONG,1780.923142857143,1783.2602857142856,0.9348571428571242,12971,2021-12-07 08:40:00,1783.2602857142856,TP,1.5,1.4022857142856537,3
2021-12-07 08:40:00,1783.445,LONG,1782.4724999999999,1784.90375,0.9724999999999844,12974,2021-12-07 08:55:00,1782.4724999999999,SL,-1.0,-0.9725000000000819,3
2021-12-07 10:00:00,1780.0,SHORT,1781.360357142857,1777.9594642857141,1.3603571428571644,12990,2021-12-07 11:15:00,1781.360357142857,SL,-1.0,-1.360357142857083,15
2021-12-07 11:15:00,1781.118,SHORT,1781.8555714285715,1780.0116428571428,0.7375714285714626,13005,2021-12-07 11:25:00,1781.8555714285715,SL,-1.0,-0.7375714285715276,2
2021-12-07 12:55:00,1783.378,LONG,1782.380357142857,1784.874464285714,0.9976428571428642,13025,2021-12-07 13:00:00,1782.380357142857,SL,-1.0,-0.9976428571428642,1
2021-12-07 13:10:00,1783.138,LONG,1782.175714285714,1784.5814285714287,0.9622857142857616,13028,2021-12-07 13:15:00,1782.175714285714,SL,-1.0,-0.9622857142858265,1
2021-12-07 14:25:00,1778.758,SHORT,1781.0855714285715,1775.2666428571429,2.3275714285714457,13043,2021-12-07 14:35:00,1781.0855714285715,SL,-1.0,-2.3275714285714457,2
2021-12-07 17:55:00,1783.018,LONG,1782.0663571428572,1784.4454642857143,0.95164285714288,13085,2021-12-07 19:15:00,1784.4454642857143,TP,1.5,1.4274642857142226,16
2021-12-07 19:55:00,1784.788,LONG,1784.184642857143,1785.6930357142858,0.6033571428571349,13109,2021-12-07 20:10:00,1785.6930357142858,TP,1.5,0.9050357142857592,3
2021-12-08 01:15:00,1785.438,LONG,1784.7758571428571,1786.4312142857143,0.6621428571428558,13161,2021-12-08 01:25:00,1784.7758571428571,SL,-1.0,-0.6621428571429533,2
2021-12-08 01:25:00,1785.308,LONG,1784.6961428571428,1786.2257857142856,0.6118571428571288,13163,2021-12-08 01:40:00,1786.2257857142856,TP,1.5,0.9177857142856283,3
2021-12-08 04:25:00,1787.768,LONG,1787.2993571428572,1788.4709642857142,0.46864285714285153,13199,2021-12-08 04:45:00,1788.4709642857142,TP,1.5,0.702964285714188,4
2021-12-08 05:30:00,1789.415,LONG,1788.8895714285713,1790.203142857143,0.5254285714285872,13212,2021-12-08 05:35:00,1790.203142857143,TP,1.5,0.7881428571429296,1
2021-12-08 09:50:00,1789.288,LONG,1788.3842142857143,1790.6436785714286,0.9037857142856832,13264,2021-12-08 10:30:00,1790.6436785714286,TP,1.5,1.355678571428598,8
2021-12-08 10:30:00,1790.895,LONG,1790.037,1792.182,0.857999999999996,13272,2021-12-08 10:35:00,1792.182,TP,1.5,1.2870000000000346,1
2021-12-08 11:25:00,1789.578,LONG,1788.412857142857,1791.3257142857142,1.16514285714285,13283,2021-12-08 11:30:00,1788.412857142857,SL,-1.0,-1.1651428571428823,1
2021-12-08 13:20:00,1782.468,SHORT,1784.1917857142857,1779.8823214285717,1.723785714285652,13306,2021-12-08 13:25:00,1784.1917857142857,SL,-1.0,-1.7237857142856683,1
2021-12-08 13:50:00,1783.978,SHORT,1785.7887142857144,1781.2619285714288,1.8107142857142142,13312,2021-12-08 14:05:00,1781.2619285714288,TP,1.5,2.71607142857124,3
2021-12-08 15:10:00,1783.118,SHORT,1785.009857142857,1780.2802142857142,1.8918571428571664,13328,2021-12-08 15:45:00,1780.2802142857142,TP,1.5,2.837785714285701,7
2021-12-08 16:15:00,1781.645,SHORT,1782.766357142857,1779.9629642857144,1.1213571428571154,13341,2021-12-08 16:20:00,1782.766357142857,SL,-1.0,-1.1213571428570503,1
2021-12-08 17:00:00,1782.358,SHORT,1783.3239285714285,1780.909107142857,0.965928571428565,13350,2021-12-08 17:10:00,1783.3239285714285,SL,-1.0,-0.9659285714285488,2
2021-12-08 19:00:00,1784.558,LONG,1783.8092857142858,1785.6810714285714,0.7487142857142673,13374,2021-12-08 19:10:00,1785.6810714285714,TP,1.5,1.123071428571393,2
2021-12-08 20:45:00,1786.078,LONG,1785.594857142857,1786.8027142857143,0.483142857142866,13395,2021-12-08 20:50:00,1785.594857142857,SL,-1.0,-0.483142857142866,1
2021-12-08 23:30:00,1783.085,SHORT,1783.591642857143,1782.3250357142858,0.5066428571428138,13416,2021-12-08 23:40:00,1783.591642857143,SL,-1.0,-0.5066428571428787,2
2021-12-08 23:50:00,1783.245,SHORT,1783.9192857142855,1782.2335714285714,0.6742857142856857,13420,2021-12-09 00:05:00,1783.9192857142855,SL,-1.0,-0.6742857142855883,3
2021-12-09 02:20:00,1783.685,SHORT,1784.299357142857,1782.7634642857142,0.6143571428571022,13450,2021-12-09 02:35:00,1782.7634642857142,TP,1.5,0.9215357142857101,3
2021-12-09 03:05:00,1783.008,SHORT,1783.683,1781.9955,0.6750000000000033,13459,2021-12-09 03:55:00,1783.683,SL,-1.0,-0.6749999999999545,10
2021-12-09 04:05:00,1785.258,LONG,1784.764642857143,1785.9980357142858,0.4933571428571213,13471,2021-12-09 05:15:00,1785.9980357142858,TP,1.5,0.7400357142857956,14
2021-12-09 07:20:00,1786.285,LONG,1785.3412142857144,1787.7006785714286,0.9437857142857443,13510,2021-12-09 07:40:00,1785.3412142857144,SL,-1.0,-0.9437857142856956,4
2021-12-09 07:50:00,1786.428,LONG,1785.3514285714286,1788.0428571428572,1.0765714285714532,13516,2021-12-09 08:00:00,1785.3514285714286,SL,-1.0,-1.0765714285714694,2
2021-12-09 08:05:00,1786.808,LONG,1785.649,1788.5465,1.1590000000000242,13519,2021-12-09 08:15:00,1785.649,SL,-1.0,-1.1590000000001055,2
2021-12-09 09:05:00,1783.378,SHORT,1784.5883571428571,1781.5624642857142,1.2103571428571709,13531,2021-12-09 10:05:00,1781.5624642857142,TP,1.5,1.8155357142857156,12
2021-12-09 11:05:00,1782.555,SHORT,1783.3727857142858,1781.3283214285714,0.8177857142857354,13555,2021-12-09 11:15:00,1783.3727857142858,SL,-1.0,-0.8177857142857192,2
2021-12-09 11:20:00,1783.035,SHORT,1783.8522857142857,1781.8090714285715,0.817285714285731,13558,2021-12-09 11:40:00,1781.8090714285715,TP,1.5,1.2259285714285397,4
2021-12-09 14:30:00,1779.043,SHORT,1781.122214285714,1775.9241785714285,2.0792142857142966,13596,2021-12-09 14:45:00,1775.9241785714285,TP,1.5,3.1188214285714366,3
2021-12-09 15:00:00,1774.768,SHORT,1776.96,1771.48,2.1920000000000073,13602,2021-12-09 15:20:00,1776.96,SL,-1.0,-2.1920000000000073,4
2021-12-09 15:40:00,1779.438,SHORT,1781.2375000000002,1776.7387500000002,1.7994999999999826,13610,2021-12-09 16:25:00,1776.7387500000002,TP,1.5,2.6992499999998927,9
2021-12-09 16:30:00,1776.328,SHORT,1777.7752857142857,1774.1570714285713,1.447285714285759,13620,2021-12-09 17:40:00,1777.7752857142857,SL,-1.0,-1.4472857142857265,14
2021-12-09 17:50:00,1777.368,SHORT,1778.2233571428571,1776.0849642857142,0.8553571428571202,13636,2021-12-09 18:00:00,1776.0849642857142,TP,1.5,1.2830357142856883,2
2021-12-09 19:00:00,1776.918,SHORT,1778.0784999999998,1775.17725,1.1605000000000214,13650,2021-12-09 19:20:00,1775.17725,TP,1.5,1.7407499999999345,4
2021-12-09 19:55:00,1775.968,SHORT,1776.6606428571429,1774.9290357142859,0.6926428571428492,13661,2021-12-09 21:10:00,1774.9290357142859,TP,1.5,1.0389642857142007,15
2021-12-09 23:25:00,1775.655,SHORT,1776.0512142857142,1775.0606785714285,0.3962142857142713,13691,2021-12-09 23:40:00,1776.0512142857142,SL,-1.0,-0.39621428571422257,3
2021-12-10 01:05:00,1776.558,LONG,1775.9074285714285,1777.5338571428572,0.6505714285714573,13711,2021-12-10 01:15:00,1775.9074285714285,SL,-1.0,-0.6505714285715385,2
2021-12-10 01:20:00,1777.188,LONG,1776.4937142857143,1778.2294285714288,0.6942857142857487,13714,2021-12-10 01:35:00,1778.2294285714288,TP,1.5,1.0414285714286962,3
2021-12-10 03:20:00,1778.768,LONG,1778.2185,1779.5922500000001,0.5495000000000313,13738,2021-12-10 03:45:00,1778.2185,SL,-1.0,-0.54950000000008,5
2021-12-10 04:15:00,1778.058,LONG,1777.5410714285715,1778.8333928571428,0.5169285714285609,13749,2021-12-10 04:20:00,1777.5410714285715,SL,-1.0,-0.5169285714284797,1
2021-12-10 04:20:00,1778.655,LONG,1778.0614285714285,1779.545357142857,0.5935714285714246,13750,2021-12-10 04:40:00,1778.0614285714285,SL,-1.0,-0.5935714285715221,4
2021-12-10 05:55:00,1776.988,SHORT,1777.5774285714285,1776.1038571428571,0.5894285714285518,13769,2021-12-10 06:00:00,1776.1038571428571,TP,1.5,0.8841428571429333,1
2021-12-10 07:45:00,1772.178,SHORT,1773.0257142857145,1770.9064285714287,0.8477142857142975,13791,2021-12-10 07:55:00,1773.0257142857145,SL,-1.0,-0.8477142857143463,2
2021-12-10 09:55:00,1770.735,SHORT,1771.6630714285714,1769.3428928571427,0.9280714285714404,13817,2021-12-10 10:30:00,1771.6630714285714,SL,-1.0,-0.9280714285714566,7
2021-12-10 14:50:00,1781.018,LONG,1778.0607857142857,1785.4538214285715,2.957214285714307,13876,2021-12-10 16:20:00,1785.4538214285715,TP,1.5,4.435821428571444,18
2021-12-10 17:45:00,1783.305,LONG,1782.4652142857144,1784.5646785714287,0.8397857142856863,13911,2021-12-10 18:10:00,1784.5646785714287,TP,1.5,1.2596785714285943,5
2021-12-10 18:10:00,1784.518,LONG,1783.7724285714287,1785.6363571428572,0.7455714285714196,13916,2021-12-10 18:20:00,1783.7724285714287,SL,-1.0,-0.7455714285713384,2
2021-12-10 18:40:00,1783.218,LONG,1782.4272857142857,1784.4040714285716,0.7907142857142974,13922,2021-12-10 19:00:00,1782.4272857142857,SL,-1.0,-0.7907142857143299,4
2021-12-10 20:05:00,1782.128,SHORT,1782.6406428571427,1781.3590357142857,0.5126428571428343,13939,2021-12-10 20:45:00,1782.6406428571427,SL,-1.0,-0.5126428571427368,8
2021-12-10 20:50:00,1782.415,SHORT,1782.8345,1781.78575,0.41949999999998716,13948,2021-12-10 20:55:00,1782.8345,SL,-1.0,-0.4194999999999709,1
2021-12-10 21:00:00,1782.208,SHORT,1782.6308571428572,1781.5737142857145,0.42285714285714804,13950,2021-12-10 21:45:00,1782.6308571428572,SL,-1.0,-0.4228571428570831,9
2021-12-12 23:55:00,1783.098,LONG,1782.3957142857143,1784.1514285714286,0.702285714285722,13973,2021-12-13 00:05:00,1782.3957142857143,SL,-1.0,-0.7022857142856083,2
2021-12-13 00:15:00,1782.948,LONG,1782.3572142857145,1783.8341785714288,0.5907857142857112,13977,2021-12-13 00:55:00,1782.3572142857145,SL,-1.0,-0.5907857142856301,8
2021-12-13 02:50:00,1786.358,LONG,1785.4972142857143,1787.6491785714284,0.8607857142856769,14008,2021-12-13 02:55:00,1785.4972142857143,SL,-1.0,-0.8607857142856119,1
2021-12-13 03:20:00,1785.998,LONG,1785.3272857142858,1787.0040714285715,0.6707142857142604,14014,2021-12-13 05:30:00,1785.3272857142858,SL,-1.0,-0.6707142857142117,26
2021-12-13 08:25:00,1786.405,LONG,1785.6210714285714,1787.5808928571428,0.7839285714285325,14075,2021-12-13 08:30:00,1787.5808928571428,TP,1.5,1.1758928571427987,1
2021-12-13 08:35:00,1787.615,LONG,1786.7775000000001,1788.87125,0.837499999999961,14077,2021-12-13 08:45:00,1786.7775000000001,SL,-1.0,-0.8374999999998636,2
2021-12-13 14:35:00,1785.228,SHORT,1786.7428571428572,1782.9557142857143,1.5148571428571327,14149,2021-12-13 14:50:00,1786.7428571428572,SL,-1.0,-1.5148571428571813,3
2021-12-13 15:40:00,1787.208,LONG,1785.533357142857,1789.7199642857145,1.6746428571429013,14162,2021-12-13 16:40:00,1789.7199642857145,TP,1.5,2.5119642857143845,12
2021-12-13 17:20:00,1788.078,LONG,1787.2254285714284,1789.356857142857,0.852571428571423,14182,2021-12-13 17:25:00,1787.2254285714284,SL,-1.0,-0.8525714285715367,1
2021-12-13 17:55:00,1788.208,LONG,1787.5408571428572,1789.2087142857144,0.6671428571428838,14189,2021-12-13 18:25:00,1787.5408571428572,SL,-1.0,-0.667142857142835,6
2021-12-13 19:30:00,1787.468,SHORT,1788.0230000000001,1786.6355,0.55499999999995,14208,2021-12-13 19:40:00,1788.0230000000001,SL,-1.0,-0.5550000000000637,2
2021-12-13 20:05:00,1787.678,LONG,1787.1878571428574,1788.4132142857143,0.49014285714281414,14215,2021-12-13 20:45:00,1787.1878571428574,SL,-1.0,-0.49014285714270045,8
2021-12-13 21:05:00,1786.988,SHORT,1787.505642857143,1786.2115357142857,0.517642857142846,14227,2021-12-13 23:00:00,1786.2115357142857,TP,1.5,0.7764642857143826,11
2021-12-14 03:40:00,1786.545,SHORT,1787.1355,1785.6592500000002,0.59050000000002,14294,2021-12-14 04:00:00,1785.6592500000002,TP,1.5,0.8857499999999163,4
2021-12-14 04:00:00,1785.665,SHORT,1786.221142857143,1784.8307857142856,0.5561428571428776,14298,2021-12-14 04:10:00,1786.221142857143,SL,-1.0,-0.5561428571429587,2
2021-12-14 06:55:00,1788.018,LONG,1787.426642857143,1788.9050357142858,0.5913571428571264,14333,2021-12-14 07:00:00,1787.426642857143,SL,-1.0,-0.5913571428570776,1
2021-12-14 09:15:00,1783.468,SHORT,1784.456642857143,1781.985035714286,0.9886428571428496,14361,2021-12-14 09:55:00,1784.456642857143,SL,-1.0,-0.9886428571428496,8
2021-12-14 10:15:00,1784.285,SHORT,1785.0065000000002,1783.2027500000002,0.721500000000008,14373,2021-12-14 10:30:00,1783.2027500000002,TP,1.5,1.0822499999999309,3
2021-12-14 12:35:00,1783.755,SHORT,1784.3703571428573,1782.8319642857143,0.6153571428571597,14401,2021-12-14 12:45:00,1784.3703571428573,SL,-1.0,-0.6153571428571922,2
2021-12-14 13:00:00,1784.308,SHORT,1785.1152142857143,1783.0971785714285,0.8072142857143133,14406,2021-12-14 13:15:00,1783.0971785714285,TP,1.5,1.2108214285715349,3
2021-12-14 15:05:00,1773.718,SHORT,1776.229642857143,1769.9505357142857,2.511642857142874,14431,2021-12-14 16:00:00,1776.229642857143,SL,-1.0,-2.511642857142988,11
2021-12-14 17:20:00,1772.358,SHORT,1773.2409285714284,1771.0336071428571,0.8829285714285788,14458,2021-12-14 17:25:00,1773.2409285714284,SL,-1.0,-0.8829285714284651,1
2021-12-14 17:30:00,1772.608,SHORT,1773.3719285714285,1771.4621071428571,0.7639285714285832,14460,2021-12-14 18:15:00,1771.4621071428571,TP,1.5,1.145892857142826,9
2021-12-14 18:25:00,1771.925,SHORT,1772.693857142857,1770.7717142857143,0.7688571428571193,14471,2021-12-14 18:30:00,1772.693857142857,SL,-1.0,-0.7688571428570867,1
2021-12-14 18:35:00,1771.668,SHORT,1772.3447142857142,1770.6529285714284,0.6767142857142646,14473,2021-12-14 19:15:00,1772.3447142857142,SL,-1.0,-0.6767142857142971,8
2021-12-14 19:30:00,1772.438,SHORT,1773.1533571428572,1771.3649642857144,0.71535714285715,14484,2021-12-14 20:15:00,1771.3649642857144,TP,1.5,1.073035714285652,9
2021-12-14 23:25:00,1771.918,SHORT,1772.3239285714285,1771.309107142857,0.40592857142855465,14519,2021-12-14 23:30:00,1772.3239285714285,SL,-1.0,-0.4059285714286034,1
2021-12-15 02:20:00,1772.588,LONG,1771.803357142857,1773.7649642857143,0.7846428571428987,14554,2021-12-15 03:00:00,1771.803357142857,SL,-1.0,-0.7846428571428987,8
2021-12-15 04:45:00,1770.498,SHORT,1770.9867857142858,1769.7648214285716,0.4887857142856709,14583,2021-12-15 05:10:00,1769.7648214285716,TP,1.5,0.7331785714284251,5
2021-12-15 05:15:00,1769.905,SHORT,1770.3720714285714,1769.204392857143,0.46707142857141143,14589,2021-12-15 05:25:00,1769.204392857143,TP,1.5,0.7006071428570522,2
2021-12-15 05:55:00,1769.198,SHORT,1769.9895714285715,1768.010642857143,0.79157142857142,14597,2021-12-15 06:05:00,1769.9895714285715,SL,-1.0,-0.7915714285713875,2
2021-12-15 06:05:00,1769.488,SHORT,1770.3337857142858,1768.2193214285714,0.8457857142856743,14599,2021-12-15 06:55:00,1768.2193214285714,TP,1.5,1.2686785714286088,10
2021-12-15 07:00:00,1767.378,SHORT,1768.2724999999998,1766.0362499999999,0.8944999999999774,14610,2021-12-15 07:10:00,1768.2724999999998,SL,-1.0,-0.89449999999988,2
2021-12-15 08:05:00,1768.218,SHORT,1769.2393571428572,1766.6859642857144,1.0213571428571089,14623,2021-12-15 08:20:00,1769.2393571428572,SL,-1.0,-1.0213571428571413,3
2021-12-15 08:30:00,1769.288,SHORT,1770.1815,1767.94775,0.8934999999999848,14628,2021-12-15 08:55:00,1767.94775,TP,1.5,1.340249999999969,5
2021-12-15 09:05:00,1768.558,SHORT,1769.4703571428572,1767.1894642857144,0.9123571428571202,14635,2021-12-15 09:15:00,1769.4703571428572,SL,-1.0,-0.9123571428572177,2
2021-12-15 09:15:00,1769.128,SHORT,1769.9495,1767.89575,0.8214999999999983,14637,2021-12-15 09:20:00,1769.9495,SL,-1.0,-0.8215000000000146,1
2021-12-15 11:45:00,1768.448,SHORT,1769.105642857143,1767.461535714286,0.6576428571428485,14667,2021-12-15 11:55:00,1769.105642857143,SL,-1.0,-0.657642857142946,2
2021-12-15 12:05:00,1769.388,SHORT,1770.1647142857141,1768.2229285714284,0.7767142857142874,14671,2021-12-15 12:20:00,1770.1647142857141,SL,-1.0,-0.7767142857142062,3
2021-12-15 12:40:00,1769.948,LONG,1769.0234285714287,1771.3348571428571,0.9245714285714095,14678,2021-12-15 12:55:00,1771.3348571428571,TP,1.5,1.3868571428570249,3
2021-12-15 14:15:00,1770.595,LONG,1769.1774285714287,1772.7213571428572,1.41757142857138,14697,2021-12-15 14:25:00,1769.1774285714287,SL,-1.0,-1.4175714285713639,2
2021-12-15 15:35:00,1764.868,SHORT,1766.9772857142857,1761.7040714285713,2.1092857142856962,14713,2021-12-15 15:40:00,1766.9772857142857,SL,-1.0,-2.109285714285761,1
2021-12-15 16:20:00,1766.805,SHORT,1768.3310714285715,1764.515892857143,1.526071428571413,14722,2021-12-15 18:25:00,1764.515892857143,TP,1.5,2.2891071428571195,25
2021-12-15 19:40:00,1764.428,SHORT,1768.0244285714286,1759.033357142857,3.5964285714286137,14762,2021-12-15 19:50:00,1768.0244285714286,SL,-1.0,-3.5964285714285325,2
2021-12-16 00:25:00,1778.325,LONG,1777.4409285714287,1779.6511071428572,0.8840714285714414,14807,2021-12-16 00:30:00,1777.4409285714287,SL,-1.0,-0.8840714285713602,1
2021-12-16 00:50:00,1777.798,LONG,1776.9042857142858,1779.1385714285714,0.8937142857142817,14812,2021-12-16 01:00:00,1776.9042857142858,SL,-1.0,-0.893714285714168,2
2021-12-16 01:10:00,1777.068,LONG,1776.1066428571428,1778.5100357142858,0.9613571428571309,14816,2021-12-16 01:20:00,1778.5100357142858,TP,1.5,1.4420357142857938,2
2021-12-16 03:05:00,1782.118,LONG,1781.316,1783.321,0.8020000000000047,14839,2021-12-16 03:55:00,1781.316,SL,-1.0,-0.8019999999999072,10
2021-12-16 04:05:00,1781.418,LONG,1780.8905,1782.2092499999999,0.5275000000000156,14851,2021-12-16 04:40:00,1782.2092499999999,TP,1.5,0.7912499999999909,7
2021-12-16 05:10:00,1781.478,LONG,1780.9702857142859,1782.2395714285715,0.5077142857142982,14864,2021-12-16 05:15:00,1780.9702857142859,SL,-1.0,-0.5077142857142007,1
2021-12-16 05:25:00,1781.238,LONG,1780.6938571428573,1782.0542142857144,0.5441428571428852,14867,2021-12-16 05:30:00,1782.0542142857144,TP,1.5,0.8162142857142953,1
2021-12-16 08:00:00,1785.485,LONG,1784.3726428571426,1787.1535357142857,1.1123571428571495,14898,2021-12-16 10:25:00,1787.1535357142857,TP,1.5,1.668535714285781,29
2021-12-16 10:50:00,1786.575,LONG,1785.7873571428572,1787.7564642857142,0.7876428571428278,14932,2021-12-16 11:10:00,1787.7564642857142,TP,1.5,1.181464285714128,4
2021-12-16 11:15:00,1788.178,LONG,1787.3483571428574,1789.4224642857143,0.8296428571428253,14937,2021-12-16 11:20:00,1787.3483571428574,SL,-1.0,-0.8296428571427441,1
2021-12-16 11:40:00,1786.605,LONG,1785.7999285714286,1787.8126071428571,0.8050714285713931,14942,2021-12-16 11:45:00,1785.7999285714286,SL,-1.0,-0.8050714285714093,1
2021-12-16 14:30:00,1789.488,LONG,1787.6215,1792.2877500000002,1.8665000000000387,14976,2021-12-16 14:40:00,1792.2877500000002,TP,1.5,2.799750000000131,2
2021-12-16 17:30:00,1797.495,LONG,1796.7029285714284,1798.683107142857,0.7920714285714082,15012,2021-12-16 17:35:00,1796.7029285714284,SL,-1.0,-0.7920714285714894,1
2021-12-16 17:45:00,1796.988,LONG,1796.1748571428573,1798.2077142857142,0.8131428571428582,15015,2021-12-16 18:35:00,1796.1748571428573,SL,-1.0,-0.8131428571427932,10
2021-12-16 19:00:00,1796.238,LONG,1795.5494285714285,1797.2708571428573,0.6885714285714682,15030,2021-12-16 19:10:00,1795.5494285714285,SL,-1.0,-0.6885714285715494,2
2021-12-16 19:15:00,1795.168,LONG,1794.489214285714,1796.1861785714284,0.6787857142857417,15033,2021-12-16 19:40:00,1796.1861785714284,TP,1.5,1.018178571428507,5
2021-12-16 19:50:00,1796.428,LONG,1795.8317857142858,1797.3223214285715,0.5962142857143006,15040,2021-12-16 20:00:00,1797.3223214285715,TP,1.5,0.8943214285714021,2
2021-12-16 23:25:00,1798.445,LONG,1797.9995,1799.1132499999999,0.44549999999998946,15071,2021-12-16 23:30:00,1797.9995,SL,-1.0,-0.4455000000000382,1
2021-12-16 23:35:00,1798.455,LONG,1797.962857142857,1799.1932142857142,0.49214285714284806,15073,2021-12-16 23:45:00,1799.1932142857142,TP,1.5,0.7382142857143208,2
2021-12-17 00:50:00,1797.788,LONG,1797.1327857142858,1798.7708214285715,0.6552142857142859,15088,2021-12-17 01:15:00,1798.7708214285715,TP,1.5,0.9828214285714694,5
2021-12-17 01:30:00,1798.828,LONG,1798.0414285714285,1800.0078571428571,0.7865714285714246,15096,2021-12-17 01:40:00,1800.0078571428571,TP,1.5,1.179857142857145,2
2021-12-17 03:00:00,1802.698,LONG,1801.5153571428573,1804.4719642857144,1.1826428571428746,15114,2021-12-17 03:05:00,1801.5153571428573,SL,-1.0,-1.1826428571428096,1
2021-12-17 03:25:00,1803.168,LONG,1801.9147857142855,1805.0478214285713,1.2532142857143396,15119,2021-12-17 03:50:00,1801.9147857142855,SL,-1.0,-1.2532142857144208,5
2021-12-17 03:55:00,1802.978,LONG,1801.8614285714286,1804.6528571428573,1.1165714285714816,15125,2021-12-17 05:50:00,1804.6528571428573,TP,1.5,1.6748571428572632,23
2021-12-17 09:05:00,1807.588,LONG,1806.6287142857143,1809.0269285714285,0.9592857142857351,15187,2021-12-17 09:10:00,1809.0269285714285,TP,1.5,1.4389285714285052,1
2021-12-17 10:00:00,1806.835,LONG,1805.9258571428572,1808.1987142857142,0.9091428571428618,15198,2021-12-17 10:20:00,1808.1987142857142,TP,1.5,1.3637142857141953,4
2021-12-17 10:35:00,1807.289,LONG,1806.4645714285714,1808.5256428571429,0.8244285714286141,15205,2021-12-17 11:05:00,1806.4645714285714,SL,-1.0,-0.8244285714285979,6
2021-12-17 11:10:00,1806.988,LONG,1806.2448571428572,1808.1027142857145,0.7431428571428894,15212,2021-12-17 11:15:00,1808.1027142857145,TP,1.5,1.114714285714399,1
2021-12-17 12:10:00,1809.399,LONG,1808.3841428571427,1810.9212857142857,1.0148571428571327,15224,2021-12-17 12:35:00,1810.9212857142857,TP,1.5,1.522285714285772,5
2021-12-17 15:00:00,1807.018,SHORT,1809.101142857143,1803.8932857142856,2.083142857142905,15258,2021-12-17 15:15:00,1809.101142857143,SL,-1.0,-2.0831428571430024,3
2021-12-17 15:20:00,1807.678,SHORT,1809.5968571428573,1804.7997142857143,1.9188571428571777,15262,2021-12-17 15:55:00,1804.7997142857143,TP,1.5,2.8782857142857665,7
2021-12-17 17:10:00,1803.875,SHORT,1805.0854285714286,1802.0593571428572,1.2104285714285814,15284,2021-12-17 17:45:00,1805.0854285714286,SL,-1.0,-1.2104285714285652,7
2021-12-17 18:10:00,1804.068,SHORT,1804.795357142857,1802.9769642857143,0.7273571428570936,15296,2021-12-17 18:20:00,1802.9769642857143,TP,1.5,1.091035714285681,2
2021-12-17 18:40:00,1800.788,SHORT,1801.8141428571428,1799.2487857142858,1.0261428571428561,15302,2021-12-17 18:50:00,1801.8141428571428,SL,-1.0,-1.0261428571427587,2
2021-12-17 19:50:00,1801.908,SHORT,1802.7620714285713,1800.6268928571428,0.8540714285713875,15316,2021-12-17 20:00:00,1800.6268928571428,TP,1.5,1.2811071428570813,2
2021-12-19 23:55:00,1799.948,SHORT,1800.7992142857142,1798.6711785714288,0.8512142857142635,15353,2021-12-20 00:05:00,1800.7992142857142,SL,-1.0,-0.8512142857141498,2
2021-12-20 02:00:00,1801.028,LONG,1800.1287142857143,1802.3769285714286,0.8992857142857247,15378,2021-12-20 02:20:00,1800.1287142857143,SL,-1.0,-0.8992857142857247,4
2021-12-20 02:20:00,1800.608,LONG,1799.8184999999999,1801.79225,0.7894999999999917,15382,2021-12-20 02:45:00,1801.79225,TP,1.5,1.18425000000002,5
2021-12-20 04:35:00,1801.425,LONG,1801.0602857142858,1801.9720714285713,0.3647142857142853,15409,2021-12-20 05:05:00,1801.9720714285713,TP,1.5,0.5470714285713711,6
2021-12-20 05:40:00,1802.438,LONG,1801.9553571428573,1803.1619642857145,0.48264285714286154,15422,2021-12-20 05:50:00,1803.1619642857145,TP,1.5,0.7239642857143735,2
2021-12-20 06:25:00,1801.638,LONG,1800.9297142857142,1802.7004285714286,0.7082857142857263,15431,2021-12-20 07:00:00,1800.9297142857142,SL,-1.0,-0.7082857142856938,7
2021-12-20 08:50:00,1800.379,SHORT,1801.4327142857142,1798.7984285714285,1.0537142857142985,15460,2021-12-20 09:00:00,1801.4327142857142,SL,-1.0,-1.0537142857142499,2
2021-12-20 09:30:00,1800.015,SHORT,1801.0088571428573,1798.5242142857144,0.9938571428571257,15468,2021-12-20 10:10:00,1798.5242142857144,TP,1.5,1.490785714285721,8
2021-12-20 12:55:00,1797.498,SHORT,1798.459285714286,1796.0560714285714,0.9612857142857527,15509,2021-12-20 13:00:00,1798.459285714286,SL,-1.0,-0.9612857142858502,1
2021-12-20 13:50:00,1796.158,SHORT,1798.1472857142858,1793.1740714285713,1.9892857142857565,15520,2021-12-20 14:55:00,1793.1740714285713,TP,1.5,2.983928571428578,13
2021-12-20 15:05:00,1796.188,SHORT,1798.068785714286,1793.3668214285715,1.8807857142857236,15535,2021-12-20 15:55:00,1793.3668214285715,TP,1.5,2.821178571428618,10
2021-12-20 16:20:00,1794.578,SHORT,1795.8266428571428,1792.7050357142857,1.2486428571429056,15550,2021-12-20 17:00:00,1795.8266428571428,SL,-1.0,-1.2486428571428405,8
2021-12-20 17:40:00,1793.918,SHORT,1794.7072857142857,1792.7340714285713,0.7892857142857436,15566,2021-12-20 17:55:00,1794.7072857142857,SL,-1.0,-0.7892857142858247,3
2021-12-20 18:05:00,1794.805,SHORT,1795.5264285714286,1793.7228571428573,0.7214285714285812,15571,2021-12-20 18:25:00,1793.7228571428573,TP,1.5,1.0821428571427987,4
2021-12-20 23:30:00,1790.735,SHORT,1791.3729285714285,1789.7781071428572,0.6379285714285581,15624,2021-12-20 23:50:00,1791.3729285714285,SL,-1.0,-0.6379285714285743,4
2021-12-21 00:20:00,1791.068,SHORT,1791.7539285714286,1790.0391071428571,0.6859285714285599,15634,2021-12-21 00:25:00,1791.7539285714286,SL,-1.0,-0.6859285714285761,1
2021-12-21 00:30:00,1791.188,SHORT,1791.9109285714287,1790.1036071428573,0.7229285714285781,15636,2021-12-21 00:55:00,1790.1036071428573,TP,1.5,1.0843928571428023,5
2021-12-21 01:45:00,1791.058,SHORT,1791.9077857142856,1789.7833214285713,0.8497857142857258,15651,2021-12-21 02:00:00,1789.7833214285713,TP,1.5,1.2746785714286943,3
2021-12-21 02:20:00,1791.008,SHORT,1791.7737142857143,1789.8594285714287,0.7657142857143039,15658,2021-12-21 03:15:00,1789.8594285714287,TP,1.5,1.1485714285713584,11
2021-12-21 04:30:00,1790.898,LONG,1790.3652142857143,1791.6971785714286,0.5327857142857348,15684,2021-12-21 04:40:00,1791.6971785714286,TP,1.5,0.7991785714286834,2
2021-12-21 04:55:00,1792.008,LONG,1791.5563571428572,1792.6854642857143,0.4516428571428638,15689,2021-12-21 05:10:00,1791.5563571428572,SL,-1.0,-0.45164285714281505,3
2021-12-21 05:20:00,1791.855,LONG,1791.4039285714287,1792.5316071428572,0.45107142857141624,15694,2021-12-21 05:30:00,1792.5316071428572,TP,1.5,0.676607142857165,2
2021-12-21 07:10:00,1790.388,SHORT,1791.3507142857143,1788.9439285714286,0.9627142857142742,15716,2021-12-21 07:20:00,1791.3507142857143,SL,-1.0,-0.9627142857143554,2
2021-12-21 07:20:00,1790.288,SHORT,1791.265,1788.8225,0.9769999999999917,15718,2021-12-21 07:25:00,1791.265,SL,-1.0,-0.9770000000000891,1
2021-12-21 07:40:00,1791.335,SHORT,1792.3104285714287,1789.8718571428572,0.9754285714285678,15722,2021-12-21 07:50:00,1792.3104285714287,SL,-1.0,-0.9754285714286652,2
2021-12-21 10:45:00,1796.965,LONG,1796.1996428571429,1798.1130357142856,0.7653571428571045,15759,2021-12-21 10:55:00,1796.1996428571429,SL,-1.0,-0.7653571428570558,2
2021-12-21 11:05:00,1796.478,LONG,1795.7365,1797.59025,0.7414999999999736,15763,2021-12-21 11:15:00,1797.59025,TP,1.5,1.1122499999999036,2
2021-12-21 13:45:00,1796.398,LONG,1795.135857142857,1798.2912142857142,1.2621428571428948,15795,2021-12-21 14:15:00,1795.135857142857,SL,-1.0,-1.2621428571428623,6
2021-12-21 17:15:00,1787.135,SHORT,1788.1442857142856,1785.6210714285714,1.0092857142857221,15837,2021-12-21 18:00:00,1788.1442857142856,SL,-1.0,-1.0092857142856246,9
2021-12-21 18:30:00,1787.665,SHORT,1788.5355,1786.35925,0.8705000000000089,15852,2021-12-21 19:45:00,1788.5355,SL,-1.0,-0.8704999999999927,15
2021-12-21 19:50:00,1788.085,SHORT,1788.621642857143,1787.2800357142858,0.5366428571429002,15868,2021-12-21 20:00:00,1788.621642857143,SL,-1.0,-0.5366428571428514,2
2021-12-21 20:50:00,1787.688,SHORT,1788.2874285714286,1786.7888571428573,0.5994285714285427,15880,2021-12-21 21:05:00,1788.2874285714286,SL,-1.0,-0.5994285714284615,3
2021-12-21 23:35:00,1789.678,LONG,1789.0800714285715,1790.574892857143,0.5979285714285619,15901,2021-12-21 23:50:00,1789.0800714285715,SL,-1.0,-0.5979285714286107,3
2021-12-22 00:45:00,1789.478,LONG,1788.903642857143,1790.3395357142858,0.5743571428571386,15915,2021-12-22 00:50:00,1788.903642857143,SL,-1.0,-0.5743571428570249,1
2021-12-22 01:25:00,1789.248,LONG,1788.6607857142858,1790.1288214285714,0.5872142857142535,15923,2021-12-22 02:40:00,1788.6607857142858,SL,-1.0,-0.5872142857142535,15
2021-12-22 02:50:00,1788.565,SHORT,1789.0130000000001,1787.893,0.44799999999999535,15940,2021-12-22 02:55:00,1789.0130000000001,SL,-1.0,-0.44800000000009277,1
2021-12-22 03:00:00,1788.768,SHORT,1789.2662142857143,1788.0206785714286,0.49821428571429544,15942,2021-12-22 03:20:00,1789.2662142857143,SL,-1.0,-0.4982142857143117,4
2021-12-22 04:00:00,1789.125,LONG,1788.6200714285715,1789.8823928571428,0.504928571428601,15954,2021-12-22 04:10:00,1788.6200714285715,SL,-1.0,-0.5049285714285361,2
2021-12-22 05:45:00,1787.905,SHORT,1788.3809999999999,1787.191,0.4759999999999828,15975,2021-12-22 06:00:00,1787.191,TP,1.5,0.7139999999999418,3
2021-12-22 06:30:00,1788.048,SHORT,1788.6221428571428,1787.1867857142856,0.5741428571428416,15984,2021-12-22 06:35:00,1787.1867857142856,TP,1.5,0.8612142857143681,1
2021-12-22 07:00:00,1787.568,SHORT,1788.1609285714285,1786.6786071428571,0.5929285714285827,15990,2021-12-22 07:10:00,1786.6786071428571,TP,1.5,0.889392857142866,2
2021-12-22 07:10:00,1786.555,SHORT,1787.2372142857143,1785.5316785714285,0.682214285714297,15992,2021-12-22 07:15:00,1787.2372142857143,SL,-1.0,-0.6822142857142808,1
2021-12-22 07:15:00,1786.535,SHORT,1787.2507857142857,1785.4613214285714,0.7157857142857276,15993,2021-12-22 08:00:00,1787.2507857142857,SL,-1.0,-0.7157857142856301,9
2021-12-22 08:30:00,1786.559,SHORT,1787.3612857142857,1785.3555714285715,0.8022857142857122,16008,2021-12-22 09:05:00,1787.3612857142857,SL,-1.0,-0.8022857142857447,7
2021-12-22 11:05:00,1789.345,LONG,1788.5885714285714,1790.4796428571428,0.7564285714285331,16039,2021-12-22 11:10:00,1788.5885714285714,SL,-1.0,-0.7564285714286143,1
2021-12-22 13:40:00,1792.349,LONG,1791.3334285714286,1793.872357142857,1.015571428571434,16070,2021-12-22 13:55:00,1793.872357142857,TP,1.5,1.523357142857094,3
2021-12-22 13:55:00,1794.484,LONG,1793.3899285714285,1796.1251071428571,1.0940714285714452,16073,2021-12-22 14:00:00,1793.3899285714285,SL,-1.0,-1.0940714285713966,1
2021-12-22 15:20:00,1792.639,LONG,1791.237857142857,1794.7407142857141,1.4011428571428886,16090,2021-12-22 15:50:00,1794.7407142857141,TP,1.5,2.1017142857142517,6
2021-12-23 00:00:00,1804.418,LONG,1803.8977857142856,1805.1983214285713,0.520214285714295,16182,2021-12-23 00:05:00,1803.8977857142856,SL,-1.0,-0.5202142857142462,1
2021-12-23 00:25:00,1803.235,LONG,1802.7695714285712,1803.9331428571427,0.4654285714285931,16187,2021-12-23 00:30:00,1803.9331428571427,TP,1.5,0.6981428571427841,1
2021-12-23 01:00:00,1804.268,LONG,1803.6644285714285,1805.1733571428572,0.6035714285714805,16194,2021-12-23 01:05:00,1805.1733571428572,TP,1.5,0.9053571428571558,1
2021-12-23 02:45:00,1805.638,LONG,1804.8407857142856,1806.8338214285714,0.7972142857142411,16215,2021-12-23 05:05:00,1806.8338214285714,TP,1.5,1.1958214285714348,28
2021-12-23 07:00:00,1806.648,LONG,1805.8999999999999,1807.77,0.7480000000000148,16266,2021-12-23 07:05:00,1805.8999999999999,SL,-1.0,-0.7480000000000473,1
2021-12-23 07:15:00,1806.535,LONG,1805.7320714285715,1807.739392857143,0.8029285714285541,16269,2021-12-23 07:25:00,1805.7320714285715,SL,-1.0,-0.8029285714285379,2
2021-12-23 08:05:00,1806.765,LONG,1805.8247857142858,1808.1753214285716,0.9402142857142702,16279,2021-12-23 10:25:00,1805.8247857142858,SL,-1.0,-0.940214285714319,28
2021-12-23 15:30:00,1804.658,SHORT,1806.6884285714286,1801.612357142857,2.030428571428615,16368,2021-12-23 16:00:00,1806.6884285714286,SL,-1.0,-2.030428571428729,6
2021-12-23 16:40:00,1806.955,LONG,1806.0104285714285,1808.3718571428572,0.9445714285714563,16382,2021-12-23 17:20:00,1808.3718571428572,TP,1.5,1.416857142857225,8
2021-12-23 18:00:00,1808.578,LONG,1807.9349285714286,1809.5426071428572,0.6430714285714397,16398,2021-12-23 18:25:00,1809.5426071428572,TP,1.5,0.9646071428571759,5
2021-12-23 19:40:00,1808.575,LONG,1808.1235000000001,1809.25225,0.45149999999996127,16418,2021-12-23 19:55:00,1809.25225,TP,1.5,0.6772499999999582,3
2021-12-26 23:00:00,1805.898,SHORT,1806.514857142857,1804.9727142857141,0.6168571428571406,16446,2021-12-26 23:05:00,1806.514857142857,SL,-1.0,-0.6168571428570431,1
2021-12-26 23:35:00,1807.448,SHORT,1808.3015714285716,1806.167642857143,0.8535714285714481,16453,2021-12-27 01:00:00,1808.3015714285716,SL,-1.0,-0.853571428571513,17
2021-12-27 02:40:00,1810.924,LONG,1810.2462857142857,1811.9405714285713,0.6777142857142735,16490,2021-12-27 02:50:00,1810.2462857142857,SL,-1.0,-0.6777142857142735,2
2021-12-27 03:00:00,1810.868,LONG,1810.1742857142856,1811.9085714285713,0.693714285714285,16494,2021-12-27 03:10:00,1810.1742857142856,SL,-1.0,-0.6937142857143499,2
2021-12-27 03:20:00,1809.998,LONG,1809.323,1811.0105,0.6749999999999707,16498,2021-12-27 04:25:00,1809.323,SL,-1.0,-0.6749999999999545,13
2021-12-27 05:35:00,1809.124,SHORT,1809.6922142857143,1808.2716785714285,0.5682142857142968,16525,2021-12-27 05:45:00,1809.6922142857143,SL,-1.0,-0.568214285714248,2
2021-12-27 06:25:00,1809.264,SHORT,1809.9921428571427,1808.1717857142855,0.7281428571428543,16535,2021-12-27 07:30:00,1808.1717857142855,TP,1.5,1.0922142857143626,13
2021-12-27 08:00:00,1808.368,SHORT,1808.9824285714285,1807.446357142857,0.6144285714285941,16554,2021-12-27 08:05:00,1808.9824285714285,SL,-1.0,-0.6144285714285616,1
2021-12-27 08:10:00,1808.088,SHORT,1808.7427857142857,1807.1058214285713,0.6547857142857408,16556,2021-12-27 08:30:00,1807.1058214285713,TP,1.5,0.9821785714286762,4
2021-12-27 10:10:00,1806.544,SHORT,1807.2160000000001,1805.536,0.672000000000058,16580,2021-12-27 10:20:00,1805.536,TP,1.5,1.0080000000000382,2
2021-12-27 11:55:00,1806.219,SHORT,1806.759142857143,1805.4087857142858,0.5401428571428498,16601,2021-12-27 12:10:00,1805.4087857142858,TP,1.5,0.8102142857142098,3
2021-12-27 13:20:00,1804.678,SHORT,1805.4270000000001,1803.5545000000002,0.7489999999999911,16618,2021-12-27 13:25:00,1803.5545000000002,TP,1.5,1.1234999999999218,1
2021-12-27 13:55:00,1808.458,LONG,1807.0899285714286,1810.5101071428571,1.3680714285714137,16625,2021-12-27 15:00:00,1810.5101071428571,TP,1.5,2.0521071428570394,13
2021-12-27 19:10:00,1807.205,SHORT,1807.8730714285714,1806.2028928571428,0.6680714285714008,16688,2021-12-27 19:25:00,1807.8730714285714,SL,-1.0,-0.6680714285714657,3
2021-12-27 20:00:00,1808.615,SHORT,1809.1742142857142,1807.7761785714285,0.5592142857142984,16698,2021-12-27 20:15:00,1809.1742142857142,SL,-1.0,-0.5592142857142335,3
2021-12-27 23:05:00,1811.728,LONG,1811.347,1812.2995,0.3810000000000692,16723,2021-12-27 23:55:00,1812.2995,TP,1.5,0.5715000000000146,10
2021-12-28 01:50:00,1810.538,SHORT,1811.0737142857142,1809.7344285714287,0.5357142857142695,16756,2021-12-28 02:00:00,1809.7344285714287,TP,1.5,0.8035714285713311,2
2021-12-28 07:55:00,1813.714,LONG,1812.9333571428572,1814.8849642857142,0.7806428571428634,16829,2021-12-28 08:10:00,1814.8849642857142,TP,1.5,1.1709642857142626,3
2021-12-28 08:20:00,1815.018,LONG,1814.2960714285714,1816.1008928571428,0.7219285714285368,16834,2021-12-28 08:35:00,1814.2960714285714,SL,-1.0,-0.7219285714286343,3
2021-12-28 09:55:00,1815.158,LONG,1814.5697857142857,1816.0403214285714,0.5882142857142786,16853,2021-12-28 10:25:00,1816.0403214285714,TP,1.5,0.8823214285714585,6
2021-12-28 11:40:00,1817.288,LONG,1816.4729285714286,1818.5106071428572,0.815071428571449,16874,2021-12-28 12:55:00,1816.4729285714286,SL,-1.0,-0.8150714285714002,15
2021-12-28 14:45:00,1813.714,SHORT,1815.959,1810.3464999999999,2.245000000000021,16911,2021-12-28 16:00:00,1810.3464999999999,TP,1.5,3.3675000000000637,15
2021-12-28 18:00:00,1809.888,SHORT,1810.563642857143,1808.8745357142857,0.675642857142894,16950,2021-12-28 18:05:00,1810.563642857143,SL,-1.0,-0.6756428571429751,1
2021-12-28 20:35:00,1806.448,SHORT,1807.0222142857144,1805.5866785714288,0.5742142857142524,16981,2021-12-28 20:55:00,1805.5866785714288,TP,1.5,0.8613214285712729,4
2021-12-29 00:05:00,1805.248,SHORT,1805.8953571428572,1804.2769642857143,0.6473571428571664,17011,2021-12-29 01:15:00,1804.2769642857143,TP,1.5,0.9710357142857902,14
2021-12-29 01:55:00,1805.698,SHORT,1806.3735000000001,1804.6847500000001,0.6755000000000076,17033,2021-12-29 02:50:00,1806.3735000000001,SL,-1.0,-0.6755000000000564,11
2021-12-29 06:50:00,1806.398,LONG,1805.907857142857,1807.1332142857143,0.4901428571428629,17092,2021-12-29 06:55:00,1805.907857142857,SL,-1.0,-0.4901428571429278,1
2021-12-29 07:20:00,1805.615,SHORT,1806.2377857142858,1804.6808214285713,0.6227857142857341,17098,2021-12-29 07:35:00,1804.6808214285713,TP,1.5,0.9341785714286743,3
2021-12-29 12:00:00,1796.788,SHORT,1797.6309285714285,1795.5236071428571,0.8429285714285503,17154,2021-12-29 12:10:00,1795.5236071428571,TP,1.5,1.264392857142866,2
2021-12-29 12:15:00,1794.725,SHORT,1795.569714285714,1793.4579285714285,0.8447142857142548,17157,2021-12-29 12:20:00,1795.569714285714,SL,-1.0,-0.8447142857141898,1
2021-12-29 12:55:00,1793.538,SHORT,1794.6107142857143,1791.9289285714287,1.072714285714223,17165,2021-12-29 13:00:00,1791.9289285714287,TP,1.5,1.6090714285712693,1
2021-12-29 13:40:00,1792.488,SHORT,1794.1617142857144,1789.9774285714286,1.6737142857142544,17174,2021-12-29 13:55:00,1789.9774285714286,TP,1.5,2.5105714285714384,3
2021-12-29 14:20:00,1791.955,SHORT,1793.5584285714285,1789.549857142857,1.6034285714285619,17182,2021-12-29 14:30:00,1793.5584285714285,SL,-1.0,-1.6034285714285943,2
2021-12-29 18:45:00,1804.455,LONG,1803.5332857142857,1805.8375714285714,0.9217142857142692,17235,2021-12-30 00:20:00,1803.5332857142857,SL,-1.0,-0.921714285714188,55
2021-12-30 00:25:00,1804.528,LONG,1803.946357142857,1805.4004642857144,0.5816428571429242,17291,2021-12-30 00:45:00,1803.946357142857,SL,-1.0,-0.5816428571429242,4
2021-12-30 02:05:00,1802.818,SHORT,1803.5456428571429,1801.7265357142855,0.7276428571428986,17311,2021-12-30 02:40:00,1801.7265357142855,TP,1.5,1.0914642857144372,7
2021-12-30 03:15:00,1802.778,SHORT,1803.3560714285716,1801.910892857143,0.5780714285714501,17325,2021-12-30 03:40:00,1801.910892857143,TP,1.5,0.867107142857094,5
2021-12-30 03:50:00,1801.445,SHORT,1802.0561428571427,1800.5282857142856,0.61114285714286,17332,2021-12-30 04:50:00,1800.5282857142856,TP,1.5,0.9167142857143062,12
2021-12-30 09:45:00,1800.325,LONG,1799.5513571428573,1801.4854642857142,0.7736428571428178,17403,2021-12-30 10:00:00,1799.5513571428573,SL,-1.0,-0.7736428571427041,3
2021-12-30 10:00:00,1800.305,LONG,1799.5687857142857,1801.4093214285715,0.7362142857142706,17406,2021-12-30 10:10:00,1799.5687857142857,SL,-1.0,-0.7362142857143681,2
2021-12-30 13:10:00,1802.618,LONG,1801.6791428571428,1804.0262857142857,0.9388571428571433,17444,2021-12-30 13:15:00,1801.6791428571428,SL,-1.0,-0.9388571428571595,1
2021-12-30 13:25:00,1800.918,LONG,1799.6905714285713,1802.7591428571427,1.2274285714285529,17447,2021-12-30 13:30:00,1799.6905714285713,SL,-1.0,-1.227428571428618,1
2021-12-30 18:35:00,1813.848,LONG,1813.045357142857,1815.0519642857141,0.8026428571428303,17509,2021-12-30 19:05:00,1813.045357142857,SL,-1.0,-0.8026428571429278,6
2021-12-30 19:25:00,1813.998,LONG,1813.3346428571429,1814.9930357142857,0.6633571428571129,17519,2021-12-30 19:45:00,1814.9930357142857,TP,1.5,0.9950357142856774,4
2021-12-30 21:20:00,1815.515,LONG,1814.966142857143,1816.3382857142858,0.5488571428571244,17542,2021-12-30 21:50:00,1814.966142857143,SL,-1.0,-0.5488571428570594,6
2021-12-30 23:50:00,1815.788,LONG,1815.2585,1816.58225,0.5295000000000007,17560,2021-12-31 00:10:00,1816.58225,TP,1.5,0.79424999999992,4
2021-12-31 00:35:00,1815.728,LONG,1815.3222142857144,1816.3366785714286,0.4057857142857334,17569,2021-12-31 00:45:00,1815.3222142857144,SL,-1.0,-0.40578571428568466,2
2021-12-31 00:45:00,1815.658,LONG,1815.237357142857,1816.2889642857142,0.42064285714288224,17571,2021-12-31 00:55:00,1816.2889642857142,TP,1.5,0.630964285714299,2
2021-12-31 01:05:00,1817.039,LONG,1816.4834285714285,1817.8723571428573,0.5555714285714463,17575,2021-12-31 01:15:00,1817.8723571428573,TP,1.5,0.8333571428572668,2
2021-12-31 01:55:00,1816.458,LONG,1815.4478571428572,1817.9732142857144,1.0101428571428772,17585,2021-12-31 02:10:00,1815.4478571428572,SL,-1.0,-1.0101428571429096,3
2021-12-31 02:45:00,1816.538,LONG,1815.6789285714285,1817.8266071428573,0.8590714285714479,17595,2021-12-31 02:55:00,1817.8266071428573,TP,1.5,1.288607142857245,2
2021-12-31 03:00:00,1817.898,LONG,1817.0642142857141,1819.1486785714285,0.8337857142856981,17598,2021-12-31 03:40:00,1817.0642142857141,SL,-1.0,-0.8337857142857956,8
2021-12-31 05:25:00,1817.868,LONG,1817.5482142857143,1818.3476785714286,0.3197857142856882,17627,2021-12-31 05:30:00,1818.3476785714286,TP,1.5,0.4796785714286216,1
2021-12-31 05:35:00,1818.258,LONG,1817.8924285714286,1818.8063571428572,0.36557142857142416,17629,2021-12-31 05:40:00,1818.8063571428572,TP,1.5,0.548357142857185,1
2021-12-31 06:00:00,1818.878,LONG,1818.3586428571427,1819.6570357142857,0.5193571428571724,17634,2021-12-31 06:15:00,1818.3586428571427,SL,-1.0,-0.5193571428571886,3
2021-12-31 06:40:00,1818.138,LONG,1817.5481428571427,1819.0227857142856,0.5898571428571456,17642,2021-12-31 07:00:00,1819.0227857142856,TP,1.5,0.8847857142857265,4
2021-12-31 07:45:00,1817.338,LONG,1816.5812142857142,1818.4731785714284,0.7567857142857,17655,2021-12-31 07:55:00,1816.5812142857142,SL,-1.0,-0.7567857142857974,2
2021-12-31 11:55:00,1819.429,LONG,1818.8454285714288,1820.3043571428573,0.5835714285714013,17705,2021-12-31 12:00:00,1818.8454285714288,SL,-1.0,-0.5835714285713038,1
2021-12-31 12:10:00,1819.054,LONG,1818.3823571428572,1820.0614642857142,0.6716428571428261,17708,2021-12-31 12:40:00,1820.0614642857142,TP,1.5,1.0074642857141498,6
2021-12-31 12:45:00,1819.958,LONG,1819.3582857142858,1820.8575714285714,0.599714285714234,17715,2021-12-31 12:50:00,1819.3582857142858,SL,-1.0,-0.599714285714299,1
2021-12-31 16:25:00,1823.308,LONG,1821.8214285714284,1825.537857142857,1.4865714285714375,17759,2021-12-31 16:45:00,1825.537857142857,TP,1.5,2.2298571428570995,4
2021-12-31 18:20:00,1826.258,LONG,1825.3102857142858,1827.6795714285715,0.947714285714304,17782,2021-12-31 18:25:00,1827.6795714285715,TP,1.5,1.4215714285714967,1
2021-12-31 18:40:00,1827.404,LONG,1826.3205714285714,1829.029142857143,1.0834285714285963,17786,2021-12-31 20:35:00,1829.029142857143,TP,1.5,1.6251428571429187,23
2021-12-31 21:45:00,1828.508,LONG,1828.0212857142858,1829.2380714285714,0.48671428571427505,17823,2021-12-31 21:55:00,1829.2380714285714,TP,1.5,0.7300714285713639,2
2022-01-02 23:05:00,1831.584,LONG,1830.8977142857143,1832.6134285714286,0.6862857142857105,17827,2022-01-02 23:10:00,1830.8977142857143,SL,-1.0,-0.6862857142857592,1
2022-01-02 23:55:00,1828.354,LONG,1827.5073571428572,1829.6239642857145,0.846642857142878,17837,2022-01-03 00:10:00,1827.5073571428572,SL,-1.0,-0.8466428571427969,3
2022-01-03 00:35:00,1829.898,LONG,1829.1115,1831.07775,0.7865000000000139,17845,2022-01-03 00:40:00,1829.1115,SL,-1.0,-0.7864999999999327,1
2022-01-03 01:45:00,1828.308,LONG,1827.456,1829.586,0.8519999999999917,17859,2022-01-03 02:05:00,1827.456,SL,-1.0,-0.8520000000000891,4
2022-01-03 04:30:00,1825.364,SHORT,1825.8927142857142,1824.5709285714286,0.5287142857142726,17892,2022-01-03 04:50:00,1824.5709285714286,TP,1.5,0.7930714285714657,4
2022-01-03 05:55:00,1825.338,SHORT,1825.8742857142856,1824.5335714285713,0.5362857142857008,17909,2022-01-03 06:15:00,1824.5335714285713,TP,1.5,0.8044285714286161,4
2022-01-03 08:10:00,1823.078,SHORT,1824.0307142857143,1821.6489285714285,0.9527142857142995,17936,2022-01-03 08:30:00,1821.6489285714285,TP,1.5,1.429071428571433,4
2022-01-03 09:20:00,1824.728,SHORT,1825.4807142857144,1823.5989285714286,0.752714285714254,17950,2022-01-03 09:45:00,1825.4807142857144,SL,-1.0,-0.752714285714319,5
2022-01-03 10:45:00,1826.054,LONG,1825.3155000000002,1827.16175,0.7384999999999958,17967,2022-01-03 11:20:00,1825.3155000000002,SL,-1.0,-0.7384999999999309,7
2022-01-03 11:30:00,1824.204,LONG,1823.4625714285714,1825.3161428571427,0.741428571428563,17976,2022-01-03 11:45:00,1823.4625714285714,SL,-1.0,-0.7414285714285143,3
2022-01-03 19:00:00,1801.458,SHORT,1802.318142857143,1800.1677857142859,0.8601428571428674,18066,2022-01-03 19:10:00,1802.318142857143,SL,-1.0,-0.8601428571428187,2
2022-01-03 20:05:00,1801.408,SHORT,1802.0244285714284,1800.4833571428571,0.6164285714285143,18079,2022-01-03 20:25:00,1802.0244285714284,SL,-1.0,-0.6164285714285143,4
2022-01-04 00:30:00,1803.848,LONG,1803.2479285714285,1804.7481071428572,0.6000714285714496,18120,2022-01-04 01:00:00,1804.7481071428572,TP,1.5,0.9001071428572232,6
2022-01-04 01:45:00,1804.418,LONG,1803.3659999999998,1805.9959999999999,1.0520000000000371,18135,2022-01-04 02:20:00,1805.9959999999999,TP,1.5,1.5779999999999745,7
2022-01-04 03:25:00,1804.548,LONG,1803.7722857142858,1805.7115714285715,0.7757142857142786,18155,2022-01-04 03:55:00,1803.7722857142858,SL,-1.0,-0.7757142857142298,6
2022-01-04 04:40:00,1803.508,SHORT,1803.9958571428572,1802.7762142857143,0.4878571428570727,18170,2022-01-04 05:05:00,1803.9958571428572,SL,-1.0,-0.48785714285713766,5
2022-01-04 05:10:00,1803.988,SHORT,1804.4577142857142,1803.2834285714287,0.46971428571423857,18176,2022-01-04 05:30:00,1804.4577142857142,SL,-1.0,-0.4697142857141898,4
2022-01-04 06:35:00,1804.588,LONG,1803.906857142857,1805.6097142857143,0.6811428571428776,18193,2022-01-04 06:50:00,1803.906857142857,SL,-1.0,-0.6811428571429587,3
2022-01-04 08:10:00,1805.888,LONG,1804.668857142857,1807.7167142857143,1.2191428571428722,18212,2022-01-04 08:15:00,1804.668857142857,SL,-1.0,-1.2191428571429697,1
2022-01-04 10:05:00,1805.858,LONG,1804.776357142857,1807.480464285714,1.0816428571428267,18235,2022-01-04 10:30:00,1807.480464285714,TP,1.5,1.622464285714159,5
2022-01-04 13:25:00,1802.928,SHORT,1804.606142857143,1800.4107857142858,1.678142857142851,18275,2022-01-04 13:35:00,1804.606142857143,SL,-1.0,-1.6781428571428023,2
2022-01-04 16:45:00,1812.568,LONG,1811.1987857142858,1814.6218214285714,1.369214285714244,18315,2022-01-04 17:25:00,1814.6218214285714,TP,1.5,2.053821428571382,8
2022-01-04 18:45:00,1814.688,LONG,1814.0141428571428,1815.6987857142858,0.6738571428571731,18339,2022-01-04 19:45:00,1814.0141428571428,SL,-1.0,-0.6738571428572868,12
2022-01-04 20:10:00,1814.428,LONG,1813.9190714285714,1815.191392857143,0.5089285714285552,18356,2022-01-04 20:25:00,1813.9190714285714,SL,-1.0,-0.5089285714286689,3
2022-01-04 20:40:00,1813.905,LONG,1813.3885714285714,1814.6796428571429,0.5164285714285565,18362,2022-01-04 20:50:00,1814.6796428571429,TP,1.5,0.7746428571429078,2
2022-01-04 21:35:00,1814.298,LONG,1813.9010714285714,1814.8933928571428,0.3969285714285726,18373,2022-01-04 21:45:00,1814.8933928571428,TP,1.5,0.5953928571427696,2
2022-01-05 00:20:00,1814.358,LONG,1813.910357142857,1815.0294642857143,0.44764285714289337,18394,2022-01-05 00:25:00,1813.910357142857,SL,-1.0,-0.44764285714290963,1
2022-01-05 00:45:00,1813.298,SHORT,1813.8332857142857,1812.4950714285715,0.5352857142857407,18399,2022-01-05 01:25:00,1813.8332857142857,SL,-1.0,-0.5352857142856919,8
2022-01-05 02:55:00,1815.458,LONG,1814.8767142857143,1816.3299285714286,0.5812857142857085,18425,2022-01-05 03:00:00,1814.8767142857143,SL,-1.0,-0.581285714285741,1
2022-01-05 03:25:00,1816.108,LONG,1815.5134285714284,1816.999857142857,0.5945714285714497,18431,2022-01-05 03:45:00,1815.5134285714284,SL,-1.0,-0.5945714285714985,4
2022-01-05 04:15:00,1814.998,LONG,1814.5262857142857,1815.7055714285714,0.4717142857142887,18441,2022-01-05 05:25:00,1815.7055714285714,TP,1.5,0.7075714285713275,14
2022-01-05 06:10:00,1816.058,LONG,1815.4632142857142,1816.9501785714285,0.5947857142856654,18464,2022-01-05 06:35:00,1815.4632142857142,SL,-1.0,-0.5947857142857629,5
2022-01-05 10:00:00,1818.638,LONG,1817.6691428571428,1820.0912857142855,0.968857142857116,18510,2022-01-05 11:05:00,1817.6691428571428,SL,-1.0,-0.9688571428571322,13
2022-01-05 11:25:00,1820.384,LONG,1819.5145714285713,1821.688142857143,0.8694285714286057,18527,2022-01-05 11:40:00,1819.5145714285713,SL,-1.0,-0.8694285714286707,3
2022-01-05 15:55:00,1823.238,LONG,1821.3736428571428,1826.0345357142858,1.8643571428571672,18581,2022-01-05 19:00:00,1821.3736428571428,SL,-1.0,-1.8643571428572159,37
2022-01-05 19:15:00,1816.038,SHORT,1817.4451428571429,1813.9272857142857,1.4071428571428604,18621,2022-01-05 19:25:00,1817.4451428571429,SL,-1.0,-1.4071428571428442,2
2022-01-05 23:10:00,1810.888,SHORT,1811.6597142857142,1809.7304285714285,0.7717142857142757,18656,2022-01-06 00:00:00,1809.7304285714285,TP,1.5,1.157571428571373,10
2022-01-06 01:45:00,1810.898,SHORT,1811.9532857142856,1809.3150714285714,1.0552857142857388,18687,2022-01-06 02:05:00,1809.3150714285714,TP,1.5,1.5829285714285106,4
2022-01-06 03:05:00,1809.009,SHORT,1809.6625,1808.02875,0.6535000000000082,18703,2022-01-06 03:15:00,1808.02875,TP,1.5,0.9802500000000691,2
2022-01-06 05:30:00,1806.524,SHORT,1807.2861428571427,1805.3807857142856,0.7621428571428785,18732,2022-01-06 05:35:00,1805.3807857142856,TP,1.5,1.1432142857142935,1
2022-01-06 07:25:00,1802.448,SHORT,1803.8010714285715,1800.4183928571429,1.3530714285714274,18755,2022-01-06 07:40:00,1800.4183928571429,TP,1.5,2.0296071428572304,3
2022-01-06 08:20:00,1799.948,SHORT,1801.2084285714286,1798.0573571428572,1.2604285714285521,18766,2022-01-06 08:25:00,1798.0573571428572,TP,1.5,1.8906428571428933,1
2022-01-06 10:35:00,1803.298,SHORT,1805.190857142857,1800.4587142857142,1.892857142857159,18793,2022-01-06 11:10:00,1800.4587142857142,TP,1.5,2.8392857142857792,7
2022-01-06 11:30:00,1797.718,SHORT,1799.521642857143,1795.0125357142858,1.8036428571428718,18804,2022-01-06 12:10:00,1799.521642857143,SL,-1.0,-1.8036428571429042,8
2022-01-06 13:45:00,1789.428,SHORT,1791.8525000000002,1785.7912500000002,2.4244999999999988,18831,2022-01-06 14:30:00,1791.8525000000002,SL,-1.0,-2.42450000000008,9
2022-01-06 15:00:00,1789.245,SHORT,1791.8887857142856,1785.2793214285714,2.6437857142857086,18846,2022-01-06 16:10:00,1791.8887857142856,SL,-1.0,-2.643785714285741,14
2022-01-06 16:15:00,1791.058,SHORT,1792.8787142857143,1788.3269285714284,1.8207142857143188,18861,2022-01-06 17:30:00,1792.8787142857143,SL,-1.0,-1.8207142857143026,15
2022-01-06 18:05:00,1790.588,SHORT,1791.6328571428571,1789.0207142857143,1.044857142857154,18883,2022-01-06 18:30:00,1789.0207142857143,TP,1.5,1.5672857142856174,5
2022-01-06 19:50:00,1788.518,SHORT,1789.3537142857142,1787.2644285714287,0.8357142857142728,18904,2022-01-06 20:10:00,1789.3537142857142,SL,-1.0,-0.8357142857141753,4
2022-01-06 20:35:00,1788.878,SHORT,1789.6085714285714,1787.7821428571428,0.7305714285714008,18913,2022-01-06 20:55:00,1787.7821428571428,TP,1.5,1.095857142857085,4
2022-01-06 20:55:00,1788.018,SHORT,1788.7955,1786.85175,0.7774999999999831,18917,2022-01-06 21:15:00,1788.7955,SL,-1.0,-0.7774999999999181,4
2022-01-06 21:30:00,1788.838,SHORT,1789.4420714285714,1787.9318928571429,0.6040714285714363,18924,2022-01-06 21:50:00,1789.4420714285714,SL,-1.0,-0.6040714285713875,4
2022-01-07 01:50:00,1791.728,LONG,1790.9848571428572,1792.8427142857142,0.7431428571428407,18964,2022-01-07 01:55:00,1790.9848571428572,SL,-1.0,-0.7431428571428569,1
2022-01-07 04:35:00,1792.328,LONG,1791.9903571428572,1792.8344642857141,0.3376428571428148,18997,2022-01-07 05:30:00,1791.9903571428572,SL,-1.0,-0.3376428571427823,11
2022-01-07 07:20:00,1790.435,SHORT,1791.4018571428571,1788.9847142857143,0.9668571428571145,19030,2022-01-07 07:45:00,1788.9847142857143,TP,1.5,1.4502857142856556,5
2022-01-07 08:10:00,1787.698,SHORT,1788.7027142857144,1786.1909285714287,1.004714285714288,19040,2022-01-07 08:20:00,1788.7027142857144,SL,-1.0,-1.0047142857142717,2
2022-01-07 08:50:00,1789.248,SHORT,1790.3246428571429,1787.6330357142858,1.0766428571428475,19048,2022-01-07 08:55:00,1790.3246428571429,SL,-1.0,-1.076642857142815,1
2022-01-07 09:25:00,1790.208,SHORT,1791.3011428571428,1788.5682857142858,1.0931428571428472,19055,2022-01-07 09:30:00,1791.3011428571428,SL,-1.0,-1.093142857142766,1
2022-01-07 10:40:00,1791.485,LONG,1790.6473571428571,1792.7414642857143,0.8376428571428635,19070,2022-01-07 11:00:00,1790.6473571428571,SL,-1.0,-0.8376428571427823,4
2022-01-07 11:45:00,1792.548,LONG,1791.8248571428571,1793.6327142857144,0.7231428571428913,19083,2022-01-07 11:55:00,1793.6327142857144,TP,1.5,1.0847142857144263,2
2022-01-07 12:15:00,1792.428,LONG,1791.600142857143,1793.6697857142858,0.827857142857137,19089,2022-01-07 12:20:00,1791.600142857143,SL,-1.0,-0.8278571428570558,1
2022-01-07 12:20:00,1792.668,LONG,1791.7799285714284,1794.0001071428571,0.8880714285714281,19090,2022-01-07 12:40:00,1791.7799285714284,SL,-1.0,-0.888071428571493,4
2022-01-07 13:50:00,1789.565,SHORT,1792.8925000000002,1784.57375,3.3275000000000188,19108,2022-01-07 14:10:00,1792.8925000000002,SL,-1.0,-3.3275000000001,4
2022-01-07 15:00:00,1791.205,LONG,1788.962857142857,1794.5682142857142,2.242142857142848,19122,2022-01-07 15:35:00,1788.962857142857,SL,-1.0,-2.2421428571428805,7
2022-01-07 16:15:00,1790.468,SHORT,1792.3912142857143,1787.5831785714286,1.9232142857142824,19137,2022-01-07 16:40:00,1792.3912142857143,SL,-1.0,-1.9232142857142662,5
2022-01-07 16:50:00,1792.965,LONG,1791.3520714285714,1795.3843928571428,1.612928571428597,19144,2022-01-07 17:50:00,1795.3843928571428,TP,1.5,2.4193928571428387,12
2022-01-07 19:40:00,1796.988,LONG,1796.0543571428573,1798.3884642857142,0.9336428571428509,19178,2022-01-07 20:20:00,1796.0543571428573,SL,-1.0,-0.9336428571427859,8
2022-01-07 21:35:00,1795.958,LONG,1795.3688571428572,1796.8417142857145,0.589142857142893,19201,2022-01-07 21:55:00,1796.8417142857145,TP,1.5,0.8837142857144045,4
2022-01-09 23:30:00,1795.818,LONG,1794.9842142857142,1797.0686785714286,0.8337857142857469,19212,2022-01-09 23:35:00,1794.9842142857142,SL,-1.0,-0.8337857142857956,1
2022-01-10 01:05:00,1794.258,SHORT,1795.2975000000001,1792.69875,1.0395000000000405,19231,2022-01-10 01:30:00,1795.2975000000001,SL,-1.0,-1.0395000000000891,5
2022-01-10 02:35:00,1795.548,LONG,1794.4806428571428,1797.1490357142857,1.0673571428571904,19249,2022-01-10 02:45:00,1794.4806428571428,SL,-1.0,-1.0673571428571904,2
2022-01-10 03:00:00,1793.815,SHORT,1794.6661428571429,1792.5382857142858,0.8511428571428691,19254,2022-01-10 03:15:00,1792.5382857142858,TP,1.5,1.2767142857142062,3
2022-01-10 04:50:00,1792.268,SHORT,1792.8072857142859,1791.4590714285714,0.5392857142857272,19276,2022-01-10 05:10:00,1791.4590714285714,TP,1.5,0.8089285714286234,4
2022-01-10 05:50:00,1793.545,SHORT,1794.1190714285715,1792.6838928571428,0.574071428571431,19288,2022-01-10 06:05:00,1792.6838928571428,TP,1.5,0.8611071428572359,3
2022-01-10 06:05:00,1792.168,SHORT,1792.7794999999999,1791.25075,0.6115000000000269,19291,2022-01-10 06:35:00,1792.7794999999999,SL,-1.0,-0.6114999999999782,6
2022-01-10 06:55:00,1793.058,SHORT,1793.604,1792.239,0.5460000000000004,19301,2022-01-10 07:05:00,1792.239,TP,1.5,0.81899999999996,2
2022-01-10 12:15:00,1798.898,LONG,1797.7100714285714,1800.6798928571427,1.1879285714285774,19365,2022-01-10 12:35:00,1797.7100714285714,SL,-1.0,-1.1879285714285288,4
2022-01-10 13:40:00,1792.805,SHORT,1794.6452142857142,1790.0446785714287,1.84021428571428,19382,2022-01-10 14:30:00,1794.6452142857142,SL,-1.0,-1.8402142857141826,10
2022-01-10 15:45:00,1792.308,SHORT,1793.9390714285714,1789.8613928571428,1.6310714285714474,19407,2022-01-10 16:00:00,1793.9390714285714,SL,-1.0,-1.6310714285714312,3
2022-01-10 16:25:00,1794.538,SHORT,1795.8711428571428,1792.5382857142856,1.3331428571428725,19415,2022-01-10 17:30:00,1795.8711428571428,SL,-1.0,-1.333142857142775,13
2022-01-10 20:25:00,1800.168,LONG,1799.3975714285714,1801.3236428571427,0.7704285714285756,19463,2022-01-10 21:10:00,1801.3236428571427,TP,1.5,1.155642857142766,9
2022-01-10 23:05:00,1800.455,LONG,1799.9320714285714,1801.2393928571428,0.522928571428549,19483,2022-01-10 23:20:00,1801.2393928571428,TP,1.5,0.7843928571428478,3
2022-01-10 23:45:00,1801.755,LONG,1801.1150000000002,1802.7150000000001,0.6399999999999864,19491,2022-01-10 23:50:00,1801.1150000000002,SL,-1.0,-0.6399999999998727,1
2022-01-11 00:00:00,1802.138,LONG,1801.3763571428572,1803.2804642857143,0.761642857142858,19494,2022-01-11 00:10:00,1803.2804642857143,TP,1.5,1.142464285714368,2
2022-01-11 01:00:00,1803.998,LONG,1803.2044285714287,1805.1883571428573,0.7935714285714377,19506,2022-01-11 01:25:00,1805.1883571428573,TP,1.5,1.1903571428572377,5
2022-01-11 04:00:00,1806.048,LONG,1805.3707857142858,1807.0638214285714,0.6772142857142853,19542,2022-01-11 05:00:00,1807.0638214285714,TP,1.5,1.0158214285713711,12
2022-01-11 05:45:00,1807.768,LONG,1807.1365714285714,1808.7151428571428,0.6314285714285656,19563,2022-01-11 06:00:00,1808.7151428571428,TP,1.5,0.9471428571428078,3
2022-01-11 06:50:00,1807.685,LONG,1806.9156428571428,1808.8390357142857,0.7693571428571399,19576,2022-01-11 07:10:00,1808.8390357142857,TP,1.5,1.1540357142857829,4
2022-01-11 08:00:00,1809.278,LONG,1808.3038571428572,1810.7392142857143,0.9741428571428189,19590,2022-01-11 08:10:00,1808.3038571428572,SL,-1.0,-0.9741428571428514,2
2022-01-11 08:20:00,1809.548,LONG,1808.5477857142857,1811.0483214285714,1.0002142857142806,19594,2022-01-11 09:00:00,1808.5477857142857,SL,-1.0,-1.0002142857142644,8
2022-01-11 09:10:00,1808.588,LONG,1807.7249285714286,1809.882607142857,0.8630714285714346,19604,2022-01-11 09:20:00,1809.882607142857,TP,1.5,1.294607142857103,2
2022-01-11 11:50:00,1807.055,SHORT,1807.7987142857144,1805.9394285714286,0.7437142857142719,19636,2022-01-11 12:00:00,1805.9394285714286,TP,1.5,1.1155714285714566,2
2022-01-11 12:05:00,1805.878,SHORT,1806.6709999999998,1804.6885,0.7929999999999902,19639,2022-01-11 12:15:00,1806.6709999999998,SL,-1.0,-0.7929999999998927,2
2022-01-11 12:35:00,1806.748,SHORT,1807.570642857143,1805.5140357142857,0.8226428571428609,19645,2022-01-11 12:55:00,1807.570642857143,SL,-1.0,-0.8226428571429096,4
2022-01-11 14:40:00,1804.388,SHORT,1806.1070714285713,1801.8093928571427,1.7190714285714128,19670,2022-01-11 14:55:00,1806.1070714285713,SL,-1.0,-1.7190714285713966,3
2022-01-11 15:30:00,1808.578,LONG,1806.693,1811.4054999999998,1.8849999999999747,19680,2022-01-11 15:40:00,1806.693,SL,-1.0,-1.884999999999991,2
2022-01-11 15:55:00,1811.578,LONG,1809.571,1814.5885,2.006999999999997,19685,2022-01-11 16:25:00,1814.5885,TP,1.5,3.0105000000000928,6
2022-01-11 23:25:00,1821.048,LONG,1820.4640714285715,1821.9238928571428,0.5839285714285845,19763,2022-01-11 23:45:00,1820.4640714285715,SL,-1.0,-0.583928571428487,4
2022-01-12 00:10:00,1821.138,LONG,1820.482,1822.122,0.6560000000000465,19772,2022-01-12 00:30:00,1822.122,TP,1.5,0.984000000000151,4
2022-01-12 02:40:00,1819.448,SHORT,1820.1394285714287,1818.4108571428571,0.6914285714285923,19802,2022-01-12 03:45:00,1818.4108571428571,TP,1.5,1.0371428571429533,13
2022-01-12 04:50:00,1818.198,SHORT,1818.6035000000002,1817.58975,0.40550000000002584,19828,2022-01-12 05:00:00,1818.6035000000002,SL,-1.0,-0.4055000000000746,2
2022-01-12 06:55:00,1819.948,LONG,1819.395785714286,1820.7763214285715,0.5522142857142853,19853,2022-01-12 07:00:00,1819.395785714286,SL,-1.0,-0.5522142857141716,1
2022-01-12 07:05:00,1819.648,LONG,1819.0902857142855,1820.4845714285714,0.5577142857142852,19855,2022-01-12 07:10:00,1819.0902857142855,SL,-1.0,-0.5577142857143826,1
2022-01-12 08:25:00,1817.148,SHORT,1818.1325,1815.6712499999999,0.9844999999999929,19871,2022-01-12 08:40:00,1815.6712499999999,TP,1.5,1.4767500000000382,3
2022-01-12 10:20:00,1816.928,SHORT,1817.6779285714288,1815.8031071428572,0.7499285714285568,19894,2022-01-12 10:35:00,1817.6779285714288,SL,-1.0,-0.7499285714286543,3
2022-01-12 11:45:00,1816.798,SHORT,1817.3864285714285,1815.9153571428571,0.588428571428543,19911,2022-01-12 12:25:00,1817.3864285714285,SL,-1.0,-0.5884285714284943,8
2022-01-12 13:15:00,1820.018,LONG,1819.0815,1821.42275,0.9364999999999911,19929,2022-01-12 13:20:00,1819.0815,SL,-1.0,-0.9365000000000236,1
2022-01-12 13:20:00,1820.148,LONG,1819.0746428571429,1821.7580357142856,1.073357142857146,19930,2022-01-12 13:25:00,1819.0746428571429,SL,-1.0,-1.0733571428570485,1
2022-01-12 13:35:00,1821.218,LONG,1819.6303571428573,1823.5994642857145,1.5876428571428636,19933,2022-01-12 13:40:00,1823.5994642857145,TP,1.5,2.381464285714401,1
2022-01-12 14:05:00,1821.898,LONG,1819.6064285714285,1825.335357142857,2.2915714285713875,19939,2022-01-12 14:10:00,1819.6064285714285,SL,-1.0,-2.2915714285713875,1
2022-01-12 14:20:00,1821.048,LONG,1818.6157142857144,1824.6964285714284,2.4322857142856753,19942,2022-01-12 16:55:00,1824.6964285714284,TP,1.5,3.6484285714284397,31
2022-01-12 20:30:00,1826.428,LONG,1825.8484285714287,1827.2973571428572,0.5795714285714472,20016,2022-01-12 20:40:00,1827.2973571428572,TP,1.5,0.8693571428570976,2
2022-01-13 02:00:00,1824.818,SHORT,1825.5545,1823.71325,0.7364999999999944,20070,2022-01-13 04:05:00,1825.5545,SL,-1.0,-0.7364999999999782,25
2022-01-13 05:00:00,1826.118,LONG,1825.665,1826.7975,0.4529999999999908,20106,2022-01-13 05:15:00,1826.7975,TP,1.5,0.6794999999999618,3
2022-01-13 10:25:00,1822.428,SHORT,1823.3495714285716,1821.045642857143,0.9215714285713992,20171,2022-01-13 11:25:00,1823.3495714285716,SL,-1.0,-0.9215714285714967,12
2022-01-13 17:10:00,1819.164,SHORT,1820.3676428571428,1817.3585357142858,1.2036428571428328,20252,2022-01-13 17:25:00,1820.3676428571428,SL,-1.0,-1.2036428571427678,3
2022-01-13 18:10:00,1820.668,LONG,1819.7657142857142,1822.0214285714285,0.9022857142857674,20264,2022-01-13 18:35:00,1819.7657142857142,SL,-1.0,-0.9022857142856537,5
2022-01-13 18:55:00,1820.338,LONG,1819.4846428571427,1821.6180357142857,0.8533571428571511,20273,2022-01-13 19:30:00,1821.6180357142857,TP,1.5,1.2800357142857592,7
2022-01-13 20:05:00,1822.088,LONG,1821.4847142857143,1822.9929285714286,0.6032857142856918,20287,2022-01-13 20:10:00,1821.4847142857143,SL,-1.0,-0.6032857142856756,1
2022-01-13 21:05:00,1821.828,LONG,1821.2072857142857,1822.7590714285714,0.6207142857142897,20299,2022-01-13 21:55:00,1822.7590714285714,TP,1.5,0.9310714285713857,10
2022-01-13 23:25:00,1821.148,LONG,1820.7161428571428,1821.7957857142856,0.4318571428571301,20315,2022-01-13 23:50:00,1821.7957857142856,TP,1.5,0.6477857142856465,5
2022-01-14 00:00:00,1821.468,LONG,1820.8547142857144,1822.3879285714286,0.6132857142856827,20322,2022-01-14 00:05:00,1820.8547142857144,SL,-1.0,-0.6132857142856665,1
2022-01-14 00:15:00,1820.998,LONG,1820.3352857142859,1821.9920714285713,0.6627142857142384,20325,2022-01-14 00:20:00,1820.3352857142859,SL,-1.0,-0.6627142857141735,1
2022-01-14 00:30:00,1819.768,SHORT,1820.5382857142856,1818.6125714285715,0.770285714285673,20328,2022-01-14 00:45:00,1820.5382857142856,SL,-1.0,-0.7702857142855919,3
2022-01-14 04:15:00,1826.204,LONG,1825.6516428571429,1827.0325357142856,0.5523571428571066,20373,2022-01-14 04:25:00,1827.0325357142856,TP,1.5,0.8285357142856355,2
2022-01-14 04:55:00,1825.874,LONG,1825.3318571428572,1826.6872142857142,0.542142857142835,20381,2022-01-14 05:30:00,1826.6872142857142,TP,1.5,0.8132142857141389,7
2022-01-14 06:25:00,1827.228,LONG,1826.5518571428572,1828.2422142857145,0.6761428571429146,20399,2022-01-14 06:30:00,1826.5518571428572,SL,-1.0,-0.6761428571428496,1
2022-01-14 06:35:00,1827.404,LONG,1826.6574285714285,1828.5238571428572,0.7465714285714772,20401,2022-01-14 06:50:00,1826.6574285714285,SL,-1.0,-0.7465714285715421,3
2022-01-14 07:00:00,1827.688,LONG,1826.9185714285716,1828.842142857143,0.769428571428583,20406,2022-01-14 07:05:00,1826.9185714285716,SL,-1.0,-0.7694285714285343,1
2022-01-14 07:50:00,1827.408,LONG,1826.6136428571428,1828.5995357142856,0.7943571428571333,20416,2022-01-14 07:55:00,1826.6136428571428,SL,-1.0,-0.7943571428570522,1
2022-01-14 08:05:00,1827.758,LONG,1826.8100714285715,1829.179892857143,0.9479285714285685,20419,2022-01-14 08:25:00,1826.8100714285715,SL,-1.0,-0.9479285714285197,4
2022-01-14 14:50:00,1823.748,LONG,1821.7560714285714,1826.735892857143,1.9919285714285675,20500,2022-01-14 15:25:00,1821.7560714285714,SL,-1.0,-1.9919285714286161,7
2022-01-14 15:35:00,1821.468,SHORT,1823.416642857143,1818.5450357142856,1.9486428571429022,20509,2022-01-14 16:25:00,1818.5450357142856,TP,1.5,2.9229642857144427,10
2022-01-14 19:10:00,1816.458,SHORT,1817.3523571428573,1815.1164642857143,0.8943571428571561,20552,2022-01-14 19:15:00,1817.3523571428573,SL,-1.0,-0.8943571428571886,1
2022-01-14 20:25:00,1817.324,SHORT,1818.1407857142858,1816.0988214285717,0.8167857142856454,20567,2022-01-16 23:00:00,1818.1407857142858,SL,-1.0,-0.8167857142857429,19
2022-01-16 23:05:00,1817.098,SHORT,1817.7202857142856,1816.1645714285714,0.622285714285746,20587,2022-01-16 23:20:00,1817.7202857142856,SL,-1.0,-0.622285714285681,3
2022-01-16 23:35:00,1817.208,SHORT,1817.8700000000001,1816.2150000000001,0.6620000000000184,20593,2022-01-16 23:45:00,1816.2150000000001,TP,1.5,0.9929999999999382,2
2022-01-16 23:50:00,1815.938,SHORT,1816.717142857143,1814.7692857142858,0.7791428571428664,20596,2022-01-17 00:20:00,1814.7692857142858,TP,1.5,1.168714285714259,6
2022-01-17 05:20:00,1819.048,LONG,1818.4972857142857,1819.8740714285714,0.5507142857142558,20662,2022-01-17 05:30:00,1818.4972857142857,SL,-1.0,-0.5507142857143208,2
2022-01-17 05:30:00,1819.078,LONG,1818.5002857142856,1819.9445714285714,0.577714285714267,20664,2022-01-17 05:40:00,1819.9445714285714,TP,1.5,0.866571428571433,2
2022-01-17 06:40:00,1818.954,LONG,1818.3589285714286,1819.8466071428572,0.5950714285714704,20678,2022-01-17 07:10:00,1819.8466071428572,TP,1.5,0.8926071428572868,6
2022-01-17 09:35:00,1820.958,LONG,1820.3183571428572,1821.9174642857145,0.6396428571428682,20713,2022-01-17 10:30:00,1820.3183571428572,SL,-1.0,-0.6396428571429169,11
2022-01-17 11:45:00,1820.298,LONG,1819.8472857142858,1820.9740714285713,0.4507142857142493,20739,2022-01-17 11:55:00,1820.9740714285713,TP,1.5,0.6760714285712766,2
2022-01-17 12:05:00,1821.118,LONG,1820.6094285714285,1821.8808571428572,0.5085714285714208,20743,2022-01-17 12:10:00,1820.6094285714285,SL,-1.0,-0.5085714285714857,1
2022-01-17 13:05:00,1819.338,SHORT,1820.1032142857143,1818.1901785714285,0.7652142857143157,20755,2022-01-17 13:10:00,1820.1032142857143,SL,-1.0,-0.7652142857143645,1
2022-01-17 14:00:00,1820.754,SHORT,1821.6142857142856,1819.4635714285712,0.8602857142857536,20766,2022-01-17 15:00:00,1819.4635714285712,TP,1.5,1.2904285714287198,12
2022-01-17 16:30:00,1818.757,SHORT,1819.2822142857144,1817.9691785714285,0.5252142857142904,20796,2022-01-17 16:55:00,1819.2822142857144,SL,-1.0,-0.5252142857143554,5
2022-01-18 00:00:00,1818.694,SHORT,1819.1767142857143,1817.9699285714285,0.4827142857142722,20826,2022-01-18 00:15:00,1819.1767142857143,SL,-1.0,-0.48271428571433717,3
2022-01-18 00:20:00,1819.068,SHORT,1819.5851428571427,1818.2922857142858,0.5171428571428416,20830,2022-01-18 00:25:00,1819.5851428571427,SL,-1.0,-0.5171428571427441,1
2022-01-18 00:35:00,1819.668,SHORT,1820.2824285714285,1818.746357142857,0.6144285714285616,20833,2022-01-18 01:10:00,1820.2824285714285,SL,-1.0,-0.6144285714285616,7
2022-01-18 01:30:00,1820.398,LONG,1819.8024285714284,1821.2913571428571,0.5955714285714586,20844,2022-01-18 01:40:00,1821.2913571428571,TP,1.5,0.8933571428572122,2
2022-01-18 02:55:00,1821.658,LONG,1821.1690714285712,1822.3913928571428,0.48892857142858964,20861,2022-01-18 03:10:00,1822.3913928571428,TP,1.5,0.7333928571429169,3
2022-01-18 07:20:00,1814.632,SHORT,1815.7911428571429,1812.8932857142856,1.1591428571428943,20914,2022-01-18 07:35:00,1815.7911428571429,SL,-1.0,-1.1591428571427969,3
2022-01-18 07:45:00,1816.468,SHORT,1817.6374285714287,1814.7138571428573,1.1694285714285928,20919,2022-01-18 08:00:00,1814.7138571428573,TP,1.5,1.7541428571428241,3
2022-01-18 08:15:00,1815.858,SHORT,1817.2362857142857,1813.7905714285714,1.3782857142857179,20925,2022-01-18 08:25:00,1813.7905714285714,TP,1.5,2.067428571428536,2
2022-01-18 11:50:00,1813.544,SHORT,1814.4419285714287,1812.1971071428572,0.897928571428549,20968,2022-01-18 12:25:00,1814.4419285714287,SL,-1.0,-0.8979285714285652,7
2022-01-18 12:45:00,1815.798,LONG,1814.69,1817.46,1.1079999999999797,20979,2022-01-18 12:55:00,1814.69,SL,-1.0,-1.1079999999999472,2
2022-01-18 15:40:00,1818.994,LONG,1816.73,1822.3899999999999,2.2639999999999936,21014,2022-01-18 16:05:00,1816.73,SL,-1.0,-2.2639999999998963,5
2022-01-18 17:00:00,1813.588,SHORT,1815.2809285714286,1811.048607142857,1.692928571428573,21030,2022-01-18 17:45:00,1811.048607142857,TP,1.5,2.539392857142957,9
2022-01-18 18:25:00,1812.308,SHORT,1813.3821428571428,1810.6967857142856,1.0741428571428742,21047,2022-01-18 18:30:00,1813.3821428571428,SL,-1.0,-1.0741428571427605,1
2022-01-18 20:20:00,1814.964,LONG,1814.1697142857142,1816.1554285714285,0.7942857142857065,21070,2022-01-18 20:35:00,1814.1697142857142,SL,-1.0,-0.7942857142857065,3
2022-01-18 21:00:00,1813.562,SHORT,1814.4155714285714,1812.2816428571427,0.8535714285714481,21078,2022-01-18 21:15:00,1814.4155714285714,SL,-1.0,-0.853571428571513,3
2022-01-18 21:20:00,1813.748,SHORT,1814.5058571428572,1812.6112142857144,0.7578571428571682,21082,2022-01-18 23:00:00,1812.6112142857144,TP,1.5,1.1367857142856792,8
2022-01-18 23:45:00,1814.328,LONG,1813.790857142857,1815.1337142857142,0.5371428571428558,21099,2022-01-19 00:00:00,1813.790857142857,SL,-1.0,-0.5371428571429533,3
2022-01-19 00:10:00,1812.668,SHORT,1813.1587142857143,1811.9319285714284,0.49071428571427794,21104,2022-01-19 00:15:00,1813.1587142857143,SL,-1.0,-0.49071428571437536,1
2022-01-19 00:45:00,1813.538,SHORT,1814.0865714285715,1812.7151428571428,0.5485714285714494,21111,2022-01-19 00:50:00,1812.7151428571428,TP,1.5,0.822857142857174,1
2022-01-19 01:00:00,1813.008,SHORT,1813.6737142857144,1812.0094285714285,0.6657142857143137,21114,2022-01-19 01:05:00,1813.6737142857144,SL,-1.0,-0.6657142857143299,1
2022-01-19 02:20:00,1812.848,SHORT,1813.6412857142857,1811.6580714285715,0.7932857142857301,21130,2022-01-19 02:40:00,1811.6580714285715,TP,1.5,1.1899285714284815,4
2022-01-19 04:10:00,1811.718,SHORT,1812.1922142857143,1811.0066785714287,0.4742142857143108,21152,2022-01-19 04:35:00,1812.1922142857143,SL,-1.0,-0.4742142857141971,5
2022-01-19 04:40:00,1811.588,SHORT,1812.0077142857142,1810.9584285714286,0.41971428571430025,21158,2022-01-19 05:05:00,1812.0077142857142,SL,-1.0,-0.4197142857142353,5
2022-01-19 06:45:00,1813.754,LONG,1813.0187857142857,1814.8568214285713,0.7352142857142618,21183,2022-01-19 07:05:00,1814.8568214285713,TP,1.5,1.1028214285713602,4
2022-01-19 07:05:00,1814.778,LONG,1813.9555,1816.01175,0.8224999999999584,21187,2022-01-19 07:15:00,1813.9555,SL,-1.0,-0.8224999999999909,2
2022-01-19 07:35:00,1813.648,LONG,1812.6869285714286,1815.089607142857,0.9610714285714071,21193,2022-01-19 07:40:00,1812.6869285714286,SL,-1.0,-0.9610714285713584,1
2022-01-19 08:10:00,1813.498,LONG,1812.3915,1815.15775,1.1065000000000151,21200,2022-01-19 08:20:00,1812.3915,SL,-1.0,-1.1065000000000964,2
2022-01-19 08:25:00,1813.418,LONG,1812.2769285714285,1815.1296071428571,1.1410714285714545,21203,2022-01-19 08:40:00,1815.1296071428571,TP,1.5,1.7116071428572468,3
2022-01-19 12:00:00,1817.528,LONG,1816.6112142857144,1818.9031785714287,0.9167857142857494,21246,2022-01-19 12:15:00,1818.9031785714287,TP,1.5,1.3751785714287053,3
2022-01-19 13:15:00,1819.788,LONG,1818.7335,1821.36975,1.0545000000000104,21261,2022-01-19 13:20:00,1821.36975,TP,1.5,1.5817500000000564,1
2022-01-19 14:35:00,1825.978,LONG,1824.2766428571429,1828.5300357142858,1.7013571428571563,21277,2022-01-19 15:00:00,1828.5300357142858,TP,1.5,2.5520357142856938,5
2022-01-19 18:05:00,1840.354,LONG,1839.2367857142858,1842.0298214285715,1.1172142857143075,21319,2022-01-19 18:20:00,1842.0298214285715,TP,1.5,1.675821428571453,3
2022-01-19 19:10:00,1842.008,LONG,1841.1727857142857,1843.2608214285715,0.8352142857142846,21332,2022-01-19 19:25:00,1841.1727857142857,SL,-1.0,-0.8352142857143008,3
2022-01-19 19:30:00,1841.944,LONG,1841.153,1843.1305,0.7910000000000211,21336,2022-01-19 19:55:00,1843.1305,TP,1.5,1.1865000000000236,5
2022-01-19 20:20:00,1842.484,LONG,1841.7402142857143,1843.5996785714285,0.7437857142856988,21346,2022-01-19 21:05:00,1841.7402142857143,SL,-1.0,-0.7437857142856501,9
2022-01-19 21:15:00,1840.928,LONG,1840.2465714285715,1841.950142857143,0.6814285714285363,21357,2022-01-19 21:30:00,1840.2465714285715,SL,-1.0,-0.6814285714285688,3
2022-01-20 00:20:00,1839.738,SHORT,1840.3642857142856,1838.7985714285714,0.6262857142856676,21382,2022-01-20 00:55:00,1840.3642857142856,SL,-1.0,-0.6262857142855864,7
2022-01-20 01:05:00,1841.738,LONG,1840.8785714285714,1843.027142857143,0.8594285714285661,21391,2022-01-20 01:10:00,1840.8785714285714,SL,-1.0,-0.8594285714286798,1
2022-01-20 01:15:00,1841.948,LONG,1841.0124285714287,1843.3513571428573,0.9355714285714417,21393,2022-01-20 01:25:00,1843.3513571428573,TP,1.5,1.4033571428572031,2
2022-01-20 02:10:00,1841.908,LONG,1840.7591428571427,1843.6312857142857,1.1488571428571472,21404,2022-01-20 02:15:00,1840.7591428571427,SL,-1.0,-1.1488571428571959,1
2022-01-20 03:15:00,1841.004,LONG,1839.9812857142856,1842.5380714285714,1.0227142857142522,21417,2022-01-20 03:45:00,1839.9812857142856,SL,-1.0,-1.0227142857143008,6
2022-01-20 03:45:00,1839.674,SHORT,1840.4289285714285,1838.5416071428572,0.7549285714285199,21423,2022-01-20 05:10:00,1838.5416071428572,TP,1.5,1.1323928571428041,17
2022-01-20 05:35:00,1838.548,SHORT,1839.1490000000001,1837.6465,0.6010000000000153,21445,2022-01-20 05:40:00,1839.1490000000001,SL,-1.0,-0.6010000000001128,1
2022-01-20 06:20:00,1839.484,SHORT,1840.2024285714285,1838.4063571428571,0.7184285714285872,21454,2022-01-20 06:45:00,1840.2024285714285,SL,-1.0,-0.7184285714286034,5
2022-01-20 07:25:00,1840.448,LONG,1839.6502857142857,1841.6445714285715,0.7977142857143106,21467,2022-01-20 07:50:00,1839.6502857142857,SL,-1.0,-0.7977142857143917,5
2022-01-20 08:00:00,1840.548,LONG,1839.5364285714286,1842.0653571428572,1.0115714285714799,21474,2022-01-20 08:35:00,1839.5364285714286,SL,-1.0,-1.0115714285714148,7
2022-01-20 09:00:00,1840.438,LONG,1839.3457857142857,1842.0763214285716,1.0922142857142976,21486,2022-01-20 09:20:00,1839.3457857142857,SL,-1.0,-1.0922142857143626,4
2022-01-20 10:25:00,1838.338,SHORT,1839.1346428571428,1837.1430357142856,0.7966428571428585,21503,2022-01-20 10:30:00,1837.1430357142856,TP,1.5,1.1949642857143772,1
2022-01-20 11:40:00,1838.478,SHORT,1839.1580714285715,1837.457892857143,0.6800714285714256,21518,2022-01-20 11:55:00,1839.1580714285715,SL,-1.0,-0.6800714285714093,3
2022-01-20 14:35:00,1845.179,LONG,1842.9889285714287,1848.4641071428573,2.1900714285714167,21553,2022-01-20 14:40:00,1842.9889285714287,SL,-1.0,-2.1900714285714002,1
2022-01-20 14:45:00,1844.288,LONG,1842.2534285714287,1847.3398571428572,2.0345714285714394,21555,2022-01-20 15:05:00,1847.3398571428572,TP,1.5,3.051857142857216,4
2022-01-20 15:25:00,1845.778,LONG,1843.7525714285714,1848.816142857143,2.0254285714285873,21563,2022-01-20 15:35:00,1843.7525714285714,SL,-1.0,-2.0254285714286198,2
2022-01-20 17:35:00,1842.274,SHORT,1843.1737857142855,1840.9243214285714,0.8997857142856641,21589,2022-01-20 18:05:00,1840.9243214285714,TP,1.5,1.3496785714285124,6
2022-01-20 19:40:00,1840.408,SHORT,1841.1215714285713,1839.3376428571428,0.7135714285713968,21614,2022-01-20 20:10:00,1839.3376428571428,TP,1.5,1.0703571428571195,6
2022-01-20 21:35:00,1838.068,SHORT,1838.7861428571427,1836.9907857142857,0.7181428571428796,21637,2022-01-20 21:50:00,1838.7861428571427,SL,-1.0,-0.7181428571427659,3
2022-01-20 23:15:00,1838.778,SHORT,1839.3687142857143,1837.8919285714285,0.590714285714317,21645,2022-01-20 23:20:00,1839.3687142857143,SL,-1.0,-0.5907142857142844,1
2022-01-20 23:25:00,1839.038,SHORT,1839.6794285714286,1838.075857142857,0.641428571428589,21647,2022-01-20 23:30:00,1838.075857142857,TP,1.5,0.9621428571429078,1
2022-01-21 00:00:00,1838.124,SHORT,1838.8902857142857,1836.9745714285714,0.7662857142857514,21654,2022-01-21 00:40:00,1838.8902857142857,SL,-1.0,-0.7662857142856865,8
2022-01-21 00:55:00,1838.478,SHORT,1839.1572857142858,1837.4590714285714,0.6792857142857461,21665,2022-01-21 01:05:00,1837.4590714285714,TP,1.5,1.0189285714286598,2
2022-01-21 01:10:00,1836.618,SHORT,1837.4342857142856,1835.3935714285712,0.8162857142857385,21668,2022-01-21 01:20:00,1837.4342857142856,SL,-1.0,-0.816285714285641,2
2022-01-21 01:45:00,1837.278,SHORT,1838.3111428571428,1835.7282857142857,1.033142857142853,21675,2022-01-21 01:55:00,1838.3111428571428,SL,-1.0,-1.0331428571428205,2
2022-01-21 04:10:00,1840.918,LONG,1840.3759285714284,1841.7311071428571,0.5420714285714568,21704,2022-01-21 04:45:00,1841.7311071428571,TP,1.5,0.8131071428572341,7
2022-01-21 05:35:00,1840.928,LONG,1840.4633571428571,1841.6249642857144,0.46464285714288117,21721,2022-01-21 05:45:00,1841.6249642857144,TP,1.5,0.6969642857143299,2
2022-01-21 07:50:00,1838.068,SHORT,1839.186357142857,1836.3904642857142,1.1183571428571375,21748,2022-01-21 08:15:00,1836.3904642857142,TP,1.5,1.6775357142857956,5
2022-01-21 11:25:00,1833.568,SHORT,1834.1977857142858,1832.6233214285714,0.6297857142857636,21791,2022-01-21 11:55:00,1832.6233214285714,TP,1.5,0.9446785714285397,6
2022-01-21 11:55:00,1831.868,SHORT,1832.6015714285713,1830.7676428571428,0.7335714285714435,21797,2022-01-21 12:00:00,1832.6015714285713,SL,-1.0,-0.7335714285713948,1
2022-01-21 16:40:00,1833.878,SHORT,1835.3984285714284,1831.5973571428572,1.5204285714285593,21854,2022-01-21 17:35:00,1831.5973571428572,TP,1.5,2.280642857142766,11
2022-01-21 19:05:00,1831.868,SHORT,1832.8227142857143,1830.4359285714286,0.9547142857142522,21883,2022-01-21 20:00:00,1830.4359285714286,TP,1.5,1.432071428571362,11
2022-01-21 21:25:00,1831.038,SHORT,1831.872,1829.787,0.8339999999999951,21911,2022-01-21 21:30:00,1831.872,SL,-1.0,-0.83400000000006,1
2022-01-24 00:20:00,1833.898,LONG,1832.9512142857143,1835.3181785714285,0.9467857142856896,21934,2022-01-24 01:00:00,1832.9512142857143,SL,-1.0,-0.9467857142856246,8
2022-01-24 03:30:00,1836.068,LONG,1835.4287142857142,1837.0269285714285,0.6392857142857012,21972,2022-01-24 04:20:00,1837.0269285714285,TP,1.5,0.958928571428487,10
2022-01-24 05:30:00,1837.624,LONG,1837.145857142857,1838.3412142857144,0.4781428571428868,21996,2022-01-24 05:35:00,1837.145857142857,SL,-1.0,-0.4781428571429842,1
2022-01-24 07:05:00,1837.258,LONG,1836.501142857143,1838.3932857142856,0.7568571428571269,22015,2022-01-24 07:10:00,1836.501142857143,SL,-1.0,-0.7568571428571431,1
2022-01-24 07:15:00,1838.388,LONG,1837.5206428571428,1839.6890357142856,0.8673571428571287,22017,2022-01-24 07:40:00,1837.5206428571428,SL,-1.0,-0.8673571428571449,5
2022-01-24 07:50:00,1837.558,LONG,1836.5134285714287,1839.124857142857,1.044571428571414,22024,2022-01-24 08:05:00,1839.124857142857,TP,1.5,1.5668571428570885,3
2022-01-24 08:15:00,1840.554,LONG,1839.3491428571429,1842.3612857142857,1.2048571428571384,22029,2022-01-24 09:10:00,1842.3612857142857,TP,1.5,1.8072857142856265,11
2022-01-24 10:15:00,1841.954,LONG,1840.8642857142856,1843.5885714285714,1.0897142857143405,22053,2022-01-24 10:20:00,1840.8642857142856,SL,-1.0,-1.089714285714308,1
2022-01-24 12:30:00,1839.394,SHORT,1840.516,1837.711,1.1220000000000223,22080,2022-01-24 12:35:00,1837.711,TP,1.5,1.6829999999999927,1
2022-01-24 12:40:00,1838.088,SHORT,1839.2324285714285,1836.371357142857,1.1444285714285993,22082,2022-01-24 12:50:00,1836.371357142857,TP,1.5,1.716642857142915,2
2022-01-24 13:25:00,1841.338,LONG,1839.8227142857143,1843.6109285714285,1.5152857142857425,22091,2022-01-24 13:40:00,1839.8227142857143,SL,-1.0,-1.5152857142857101,3
2022-01-24 14:40:00,1833.128,SHORT,1835.768357142857,1829.1674642857142,2.640357142857137,22106,2022-01-24 14:45:00,1835.768357142857,SL,-1.0,-2.640357142857056,1
2022-01-24 16:00:00,1833.674,SHORT,1835.7790714285713,1830.5163928571428,2.105071428571445,22122,2022-01-24 17:05:00,1835.7790714285713,SL,-1.0,-2.105071428571364,13
2022-01-24 17:05:00,1834.664,SHORT,1835.7615,1833.01775,1.0974999999999844,22135,2022-01-24 17:20:00,1835.7615,SL,-1.0,-1.0975000000000819,3
2022-01-24 20:10:00,1839.038,LONG,1837.9197142857142,1840.7154285714284,1.1182857142856943,22172,2022-01-24 20:25:00,1837.9197142857142,SL,-1.0,-1.1182857142857756,3
2022-01-24 20:25:00,1838.468,LONG,1837.3877142857143,1840.0884285714287,1.0802857142856996,22175,2022-01-24 20:40:00,1840.0884285714287,TP,1.5,1.620428571428647,3
2022-01-25 00:20:00,1842.888,LONG,1842.4542142857142,1843.5386785714284,0.4337857142856884,22210,2022-01-25 00:30:00,1842.4542142857142,SL,-1.0,-0.43378571428570467,2
2022-01-25 00:40:00,1843.058,LONG,1842.5435,1843.8297499999999,0.514499999999982,22214,2022-01-25 00:45:00,1842.5435,SL,-1.0,-0.5144999999999982,1
2022-01-25 01:25:00,1842.108,LONG,1841.378,1843.2029999999997,0.729999999999937,22223,2022-01-25 01:35:00,1841.378,SL,-1.0,-0.7300000000000182,2
2022-01-25 05:10:00,1841.958,LONG,1841.4014285714286,1842.7928571428572,0.5565714285714388,22268,2022-01-25 05:30:00,1841.4014285714286,SL,-1.0,-0.5565714285714876,4
2022-01-25 05:40:00,1842.088,LONG,1841.4711428571427,1843.0132857142858,0.6168571428571568,22274,2022-01-25 06:00:00,1841.4711428571427,SL,-1.0,-0.6168571428572704,4
2022-01-25 07:15:00,1842.028,LONG,1841.3494285714287,1843.0458571428571,0.6785714285714123,22293,2022-01-25 07:20:00,1843.0458571428571,TP,1.5,1.0178571428571104,1
2022-01-25 08:25:00,1839.568,SHORT,1840.5777857142857,1838.0533214285715,1.0097857142857265,22307,2022-01-25 08:30:00,1840.5777857142857,SL,-1.0,-1.0097857142857265,1
2022-01-25 08:50:00,1839.634,SHORT,1840.875,1837.7725,1.2410000000000179,22312,2022-01-25 09:05:00,1837.7725,TP,1.5,1.8614999999999782,3
2022-01-25 10:25:00,1837.474,SHORT,1838.3402857142858,1836.1745714285714,0.8662857142857254,22331,2022-01-25 10:30:00,1836.1745714285714,TP,1.5,1.299428571428507,1
2022-01-25 11:45:00,1838.455,SHORT,1839.3038571428572,1837.1817142857142,0.8488571428571602,22347,2022-01-25 11:55:00,1837.1817142857142,TP,1.5,1.2732857142857483,2
2022-01-25 12:15:00,1838.438,SHORT,1839.2692857142858,1837.1910714285716,0.8312857142857085,22353,2022-01-25 12:30:00,1839.2692857142858,SL,-1.0,-0.831285714285741,3
2022-01-25 14:25:00,1840.748,LONG,1839.2137857142857,1843.0493214285714,1.5342142857142724,22379,2022-01-25 14:45:00,1843.0493214285714,TP,1.5,2.3013214285713275,4
2022-01-25 15:20:00,1843.518,LONG,1840.1767857142856,1848.5298214285715,3.341214285714305,22390,2022-01-25 16:20:00,1848.5298214285715,TP,1.5,5.011821428571466,12
2022-01-25 18:55:00,1852.104,LONG,1851.0085714285715,1853.747142857143,1.0954285714285885,22433,2022-01-25 19:50:00,1853.747142857143,TP,1.5,1.6431428571429478,11
2022-01-26 00:30:00,1848.868,LONG,1848.3257857142855,1849.6813214285714,0.5422142857143106,22488,2022-01-26 00:55:00,1848.3257857142855,SL,-1.0,-0.5422142857144081,5
2022-01-26 01:10:00,1847.378,SHORT,1847.8940714285714,1846.6038928571427,0.5160714285714383,22496,2022-01-26 01:30:00,1846.6038928571427,TP,1.5,0.7741071428572468,4
2022-01-26 02:05:00,1847.694,SHORT,1848.4976428571429,1846.4885357142857,0.803642857142888,22507,2022-01-26 02:35:00,1848.4976428571429,SL,-1.0,-0.8036428571429042,6
2022-01-26 02:55:00,1847.518,SHORT,1848.1405,1846.58425,0.622499999999978,22517,2022-01-26 03:50:00,1846.58425,TP,1.5,0.9337499999999181,11
2022-01-26 04:15:00,1846.838,SHORT,1847.2061428571428,1846.2857857142858,0.3681428571428406,22533,2022-01-26 04:35:00,1847.2061428571428,SL,-1.0,-0.3681428571428569,4
2022-01-26 05:35:00,1847.778,SHORT,1848.263357142857,1847.0499642857144,0.48535714285711556,22549,2022-01-26 05:50:00,1847.0499642857144,TP,1.5,0.7280357142856246,3
2022-01-26 06:40:00,1846.558,SHORT,1847.183857142857,1845.6192142857142,0.6258571428571388,22562,2022-01-26 07:35:00,1845.6192142857142,TP,1.5,0.9387857142858138,11
2022-01-26 07:45:00,1844.548,SHORT,1845.3,1843.42,0.7519999999999689,22575,2022-01-26 08:05:00,1845.3,SL,-1.0,-0.7519999999999527,4
2022-01-26 08:30:00,1844.614,SHORT,1845.5474285714286,1843.2138571428573,0.9334285714285703,22584,2022-01-26 09:10:00,1845.5474285714286,SL,-1.0,-0.9334285714285215,8
2022-01-26 10:30:00,1846.878,LONG,1845.9349285714284,1848.2926071428572,0.943071428571443,22608,2022-01-26 11:05:00,1845.9349285714284,SL,-1.0,-0.9430714285715567,7
2022-01-26 18:55:00,1828.948,SHORT,1830.0880714285715,1827.237892857143,1.1400714285714133,22709,2022-01-26 19:00:00,1830.0880714285715,SL,-1.0,-1.1400714285714457,1
2022-01-26 19:00:00,1826.108,SHORT,1827.7687857142857,1823.6168214285715,1.6607857142856963,22710,2022-01-26 19:05:00,1827.7687857142857,SL,-1.0,-1.6607857142857938,1
2022-01-26 19:30:00,1826.878,SHORT,1829.9457857142856,1822.2763214285712,3.0677857142857357,22716,2022-01-26 19:35:00,1829.9457857142856,SL,-1.0,-3.0677857142857192,1
2022-01-26 19:55:00,1819.308,SHORT,1824.2478571428571,1811.8982142857144,4.939857142857136,22721,2022-01-27 06:15:00,1811.8982142857144,TP,1.5,7.40978571428559,112
2022-01-27 07:25:00,1812.158,SHORT,1813.5524999999998,1810.0662499999999,1.3944999999999936,22847,2022-01-27 08:00:00,1810.0662499999999,TP,1.5,2.0917500000000473,7
2022-01-27 08:30:00,1811.878,SHORT,1813.425857142857,1809.556214285714,1.5478571428571806,22860,2022-01-27 08:45:00,1813.425857142857,SL,-1.0,-1.547857142857083,3
2022-01-27 12:30:00,1810.774,SHORT,1812.1507857142856,1808.7088214285714,1.3767857142856883,22908,2022-01-27 12:40:00,1808.7088214285714,TP,1.5,2.0651785714285325,2
2022-01-27 14:40:00,1807.768,SHORT,1810.8982857142857,1803.0725714285716,3.130285714285703,22934,2022-01-27 15:15:00,1803.0725714285716,TP,1.5,4.695428571428465,7
2022-01-27 15:20:00,1801.938,SHORT,1805.229,1797.0015,3.290999999999989,22942,2022-01-27 15:35:00,1797.0015,TP,1.5,4.936500000000024,3
2022-01-27 19:20:00,1794.918,SHORT,1795.999857142857,1793.295214285714,1.0818571428571235,22990,2022-01-27 19:50:00,1793.295214285714,TP,1.5,1.6227857142857829,6
2022-01-27 19:55:00,1792.858,SHORT,1793.6586428571427,1791.6570357142857,0.8006428571428614,22997,2022-01-27 20:10:00,1793.6586428571427,SL,-1.0,-0.8006428571427477,3
2022-01-27 20:20:00,1793.408,SHORT,1794.2692142857143,1792.1161785714285,0.8612142857143031,23002,2022-01-27 20:30:00,1794.2692142857143,SL,-1.0,-0.8612142857143681,2
2022-01-27 20:55:00,1794.838,SHORT,1795.835,1793.3425,0.9969999999999735,23009,2022-01-27 21:05:00,1795.835,SL,-1.0,-0.9970000000000709,2
2022-01-27 23:55:00,1797.158,LONG,1796.3452857142856,1798.3770714285713,0.8127142857142482,23033,2022-01-28 00:00:00,1796.3452857142856,SL,-1.0,-0.8127142857142644,1
2022-01-28 01:20:00,1797.688,LONG,1796.8628571428571,1798.9257142857143,0.8251428571428505,23050,2022-01-28 01:40:00,1798.9257142857143,TP,1.5,1.237714285714219,4
2022-01-28 04:25:00,1798.368,LONG,1797.9146428571428,1799.0480357142856,0.4533571428571252,23087,2022-01-28 04:30:00,1797.9146428571428,SL,-1.0,-0.45335714285715767,1
2022-01-28 04:35:00,1798.328,LONG,1797.8510714285715,1799.0433928571429,0.47692857142854855,23089,2022-01-28 05:00:00,1797.8510714285715,SL,-1.0,-0.4769285714285161,5
2022-01-28 05:10:00,1797.858,LONG,1797.311357142857,1798.6779642857143,0.5466428571428911,23096,2022-01-28 05:30:00,1798.6779642857143,TP,1.5,0.8199642857143772,4
2022-01-28 05:55:00,1797.428,SHORT,1798.1549285714286,1796.3376071428572,0.7269285714285972,23105,2022-01-28 06:00:00,1798.1549285714286,SL,-1.0,-0.7269285714285161,1
2022-01-28 06:55:00,1797.088,SHORT,1797.892,1795.8819999999998,0.8040000000000224,23117,2022-01-28 07:00:00,1795.8819999999998,TP,1.5,1.206000000000131,1
2022-01-28 07:05:00,1796.288,SHORT,1797.1857142857143,1794.9414285714286,0.8977142857142846,23119,2022-01-28 07:15:00,1797.1857142857143,SL,-1.0,-0.8977142857143008,2
2022-01-28 09:50:00,1791.368,SHORT,1792.3352857142856,1789.9170714285715,0.9672857142857083,23152,2022-01-28 10:20:00,1789.9170714285715,TP,1.5,1.4509285714284488,6
2022-01-28 12:15:00,1787.345,SHORT,1788.765642857143,1785.2140357142857,1.4206428571428498,23181,2022-01-28 12:30:00,1788.765642857143,SL,-1.0,-1.420642857142866,3
2022-01-28 12:35:00,1789.265,SHORT,1790.6009285714285,1787.2611071428573,1.3359285714285372,23185,2022-01-28 12:45:00,1787.2611071428573,TP,1.5,2.003892857142773,2
2022-01-28 13:00:00,1784.738,SHORT,1786.2637142857143,1782.4494285714286,1.525714285714246,23190,2022-01-28 13:05:00,1786.2637142857143,SL,-1.0,-1.5257142857142298,1
2022-01-28 13:20:00,1786.238,SHORT,1788.2927857142859,1783.1558214285715,2.054785714285702,23194,2022-01-28 13:30:00,1788.2927857142859,SL,-1.0,-2.0547857142857993,2
2022-01-28 14:55:00,1786.358,SHORT,1788.7085714285713,1782.8321428571428,2.350571428571454,23213,2022-01-28 15:05:00,1788.7085714285713,SL,-1.0,-2.3505714285713566,2
2022-01-28 15:10:00,1787.828,SHORT,1790.3962142857142,1783.9756785714285,2.5682142857143293,23216,2022-01-28 15:15:00,1783.9756785714285,TP,1.5,3.8523214285714857,1
2022-01-28 16:05:00,1782.658,SHORT,1785.2822857142855,1778.7215714285712,2.624285714285731,23227,2022-01-28 16:15:00,1785.2822857142855,SL,-1.0,-2.6242857142856337,2
2022-01-28 16:20:00,1784.928,SHORT,1787.2115000000001,1781.50275,2.2835000000000036,23230,2022-01-28 18:30:00,1787.2115000000001,SL,-1.0,-2.2835000000000036,26
2022-01-28 20:05:00,1787.898,LONG,1787.0170714285714,1789.2193928571428,0.8809285714285612,23275,2022-01-28 20:50:00,1789.2193928571428,TP,1.5,1.3213928571428823,9
2022-01-30 23:10:00,1789.278,LONG,1788.4767857142858,1790.4798214285715,0.8012142857142764,23300,2022-01-30 23:55:00,1788.4767857142858,SL,-1.0,-0.8012142857141953,9
2022-01-30 23:55:00,1789.408,LONG,1788.4039285714284,1790.9141071428571,1.0040714285714623,23309,2022-01-31 00:20:00,1788.4039285714284,SL,-1.0,-1.0040714285714785,5
2022-01-31 00:25:00,1788.978,LONG,1788.177357142857,1790.1789642857143,0.8006428571428776,23315,2022-01-31 00:30:00,1788.177357142857,SL,-1.0,-0.8006428571429751,1
2022-01-31 02:50:00,1788.148,LONG,1787.4527857142857,1789.1908214285713,0.6952142857142819,23344,2022-01-31 03:15:00,1787.4527857142857,SL,-1.0,-0.6952142857142007,5
2022-01-31 04:50:00,1787.028,SHORT,1787.6099285714286,1786.155107142857,0.5819285714285505,23368,2022-01-31 05:10:00,1787.6099285714286,SL,-1.0,-0.5819285714285343,4
2022-01-31 05:20:00,1787.268,SHORT,1787.8246428571429,1786.4330357142858,0.556642857142817,23374,2022-01-31 05:30:00,1787.8246428571429,SL,-1.0,-0.5566428571428332,2
2022-01-31 06:30:00,1788.545,LONG,1787.8759285714286,1789.5486071428572,0.6690714285714096,23388,2022-01-31 07:00:00,1787.8759285714286,SL,-1.0,-0.6690714285714421,6
2022-01-31 07:05:00,1787.368,LONG,1786.6244285714286,1788.4833571428571,0.7435714285713857,23395,2022-01-31 07:10:00,1786.6244285714286,SL,-1.0,-0.7435714285713857,1
2022-01-31 08:00:00,1787.958,SHORT,1789.0250714285714,1786.357392857143,1.0670714285714504,23406,2022-01-31 08:10:00,1789.0250714285714,SL,-1.0,-1.067071428571353,2
2022-01-31 09:50:00,1790.288,LONG,1789.2348571428572,1791.8677142857143,1.0531428571428674,23428,2022-01-31 09:55:00,1789.2348571428572,SL,-1.0,-1.0531428571428023,1
2022-01-31 10:10:00,1788.808,LONG,1787.845142857143,1790.2522857142858,0.9628571428571442,23432,2022-01-31 10:30:00,1790.2522857142858,TP,1.5,1.4442857142857974,4
2022-01-31 11:45:00,1790.968,LONG,1790.1036428571429,1792.2645357142858,0.8643571428571509,23451,2022-01-31 11:50:00,1792.2645357142858,TP,1.5,1.2965357142857101,1
2022-01-31 12:20:00,1791.188,LONG,1790.113285714286,1792.8000714285715,1.0747142857143055,23458,2022-01-31 13:05:00,1790.113285714286,SL,-1.0,-1.074714285714208,9
2022-01-31 13:40:00,1792.628,LONG,1791.056857142857,1794.984714285714,1.571142857142799,23474,2022-01-31 13:50:00,1794.984714285714,TP,1.5,2.3567142857141334,2
2022-01-31 13:50:00,1795.559,LONG,1793.676642857143,1798.3825357142857,1.8823571428570989,23476,2022-01-31 14:35:00,1798.3825357142857,TP,1.5,2.823535714285754,9
2022-01-31 15:05:00,1794.755,LONG,1792.814,1797.6665,1.9410000000000147,23491,2022-01-31 16:05:00,1797.6665,TP,1.5,2.9114999999999327,12
2022-01-31 16:45:00,1796.398,LONG,1794.9556428571427,1798.5615357142856,1.4423571428571254,23511,2022-01-31 17:10:00,1798.5615357142856,TP,1.5,2.163535714285672,5
2022-01-31 18:25:00,1795.748,LONG,1794.8454285714286,1797.1018571428572,0.90257142857141,23531,2022-01-31 18:35:00,1797.1018571428572,TP,1.5,1.353857142857123,2
2022-01-31 18:40:00,1797.748,LONG,1796.8304285714287,1799.1243571428572,0.9175714285714288,23534,2022-01-31 19:00:00,1799.1243571428572,TP,1.5,1.3763571428571595,4
2022-01-31 20:10:00,1797.428,LONG,1796.6255714285714,1798.631642857143,0.8024285714285985,23552,2022-01-31 20:25:00,1796.6255714285714,SL,-1.0,-0.8024285714286634,3
2022-01-31 20:45:00,1798.538,LONG,1797.6337857142858,1799.8943214285714,0.9042142857142933,23559,2022-01-31 20:50:00,1797.6337857142858,SL,-1.0,-0.9042142857142608,1
2022-01-31 20:55:00,1799.468,LONG,1798.386642857143,1801.0900357142857,1.0813571428571518,23561,2022-01-31 21:00:00,1798.386642857143,SL,-1.0,-1.0813571428570867,1
2022-01-31 23:25:00,1797.788,LONG,1797.2315,1798.62275,0.5564999999999795,23579,2022-02-01 00:00:00,1797.2315,SL,-1.0,-0.5564999999999145,7
2022-02-01 00:15:00,1796.758,SHORT,1797.228,1796.053,0.4699999999999948,23589,2022-02-01 00:45:00,1797.228,SL,-1.0,-0.4700000000000273,6
2022-02-01 01:05:00,1796.488,SHORT,1796.9975714285715,1795.723642857143,0.5095714285714134,23599,2022-02-01 01:10:00,1796.9975714285715,SL,-1.0,-0.5095714285714621,1
2022-02-01 02:05:00,1797.158,SHORT,1797.827857142857,1796.1532142857143,0.6698571428571215,23611,2022-02-01 02:40:00,1797.827857142857,SL,-1.0,-0.669857142857154,7
2022-02-01 03:10:00,1797.688,LONG,1797.258,1798.333,0.4300000000000474,23624,2022-02-01 03:30:00,1797.258,SL,-1.0,-0.43000000000006366,4
2022-02-01 03:40:00,1795.868,SHORT,1796.4134285714285,1795.049857142857,0.5454285714285854,23630,2022-02-01 03:50:00,1796.4134285714285,SL,-1.0,-0.5454285714286016,2
2022-02-01 04:25:00,1797.018,SHORT,1797.6415,1796.08275,0.6235000000000029,23639,2022-02-01 04:35:00,1797.6415,SL,-1.0,-0.6234999999999218,2
2022-02-01 06:25:00,1802.168,LONG,1801.3791428571428,1803.3512857142855,0.7888571428571335,23663,2022-02-01 07:05:00,1803.3512857142855,TP,1.5,1.1832857142856028,8
2022-02-01 07:15:00,1802.505,LONG,1801.536142857143,1803.958285714286,0.9688571428571647,23673,2022-02-01 07:30:00,1803.958285714286,TP,1.5,1.453285714285812,3
2022-02-01 07:50:00,1803.745,LONG,1802.5739999999998,1805.5014999999999,1.1710000000000005,23680,2022-02-01 08:00:00,1802.5739999999998,SL,-1.0,-1.1710000000000491,2
2022-02-01 12:00:00,1807.038,LONG,1806.2565714285715,1808.210142857143,0.781428571428559,23730,2022-02-01 12:50:00,1806.2565714285715,SL,-1.0,-0.7814285714284779,10
2022-02-01 13:30:00,1802.588,SHORT,1804.2170714285714,1800.144392857143,1.629071428571381,23748,2022-02-01 13:35:00,1804.2170714285714,SL,-1.0,-1.6290714285714785,1
2022-02-01 14:15:00,1804.018,SHORT,1805.9416428571428,1801.1325357142857,1.9236428571428437,23757,2022-02-01 14:40:00,1801.1325357142857,TP,1.5,2.8854642857143062,5
2022-02-01 15:10:00,1801.308,SHORT,1804.1236428571428,1797.0845357142857,2.8156428571428314,23768,2022-02-01 15:35:00,1804.1236428571428,SL,-1.0,-2.815642857142848,5
2022-02-01 19:50:00,1800.518,SHORT,1801.184642857143,1799.5180357142858,0.6666428571428469,23824,2022-02-01 19:55:00,1799.5180357142858,TP,1.5,0.9999642857142135,1
2022-02-01 20:55:00,1800.948,SHORT,1801.9112142857143,1799.5031785714286,0.9632142857142624,23837,2022-02-01 21:10:00,1801.9112142857143,SL,-1.0,-0.9632142857142298,3
2022-02-01 21:40:00,1800.908,SHORT,1801.603357142857,1799.8649642857142,0.695357142857152,23846,2022-02-01 23:00:00,1799.8649642857142,TP,1.5,1.0430357142856792,4
2022-02-02 00:10:00,1800.265,SHORT,1800.6152857142858,1799.7395714285715,0.35028571428569777,23864,2022-02-02 00:20:00,1799.7395714285715,TP,1.5,0.5254285714286198,2
2022-02-02 00:30:00,1799.538,SHORT,1799.9768571428572,1798.8797142857143,0.438857142857127,23868,2022-02-02 00:45:00,1799.9768571428572,SL,-1.0,-0.4388571428571595,3
2022-02-02 01:25:00,1801.168,SHORT,1801.7060714285712,1800.3608928571427,0.5380714285714377,23879,2022-02-02 01:55:00,1800.3608928571427,TP,1.5,0.8071071428571486,6
2022-02-02 04:20:00,1798.088,SHORT,1798.5315,1797.42275,0.4435000000000043,23914,2022-02-02 04:30:00,1798.5315,SL,-1.0,-0.4435000000000855,2
2022-02-02 04:30:00,1798.238,SHORT,1798.6544285714285,1797.6133571428572,0.4164285714285825,23916,2022-02-02 04:55:00,1797.6133571428572,TP,1.5,0.6246428571428169,5
2022-02-02 05:05:00,1797.318,SHORT,1797.7857857142858,1796.6163214285714,0.46778571428572896,23923,2022-02-02 05:15:00,1797.7857857142858,SL,-1.0,-0.4677857142858102,2
2022-02-02 05:55:00,1798.395,SHORT,1798.8974285714285,1797.6413571428573,0.5024285714285465,23933,2022-02-02 06:10:00,1797.6413571428573,TP,1.5,0.7536428571427223,3
2022-02-02 06:25:00,1798.345,SHORT,1798.8608571428572,1797.5712142857144,0.5158571428571089,23939,2022-02-02 06:30:00,1797.5712142857144,TP,1.5,0.7737857142856228,1
2022-02-02 06:35:00,1796.728,SHORT,1797.3331428571428,1795.8202857142858,0.605142857142807,23941,2022-02-02 06:45:00,1797.3331428571428,SL,-1.0,-0.6051428571427095,2
2022-02-02 07:00:00,1797.228,SHORT,1797.9125714285715,1796.201142857143,0.6845714285713841,23946,2022-02-02 07:10:00,1797.9125714285715,SL,-1.0,-0.6845714285714166,2
2022-02-02 07:30:00,1797.035,SHORT,1797.9032857142859,1795.7325714285716,0.8682857142856945,23952,2022-02-02 07:35:00,1795.7325714285716,TP,1.5,1.302428571428436,1
2022-02-02 08:05:00,1796.938,SHORT,1797.9720714285716,1795.3868928571428,1.0340714285714512,23959,2022-02-02 08:15:00,1797.9720714285716,SL,-1.0,-1.0340714285714512,2
2022-02-02 13:15:00,1803.518,LONG,1802.3257857142858,1805.3063214285714,1.1922142857142717,24021,2022-02-02 13:20:00,1805.3063214285714,TP,1.5,1.7883214285714075,1
2022-02-02 14:05:00,1801.808,LONG,1799.648,1805.048,2.160000000000017,24031,2022-02-02 14:35:00,1805.048,TP,1.5,3.240000000000009,6
2022-02-02 17:50:00,1809.435,LONG,1808.606857142857,1810.6772142857142,0.8281428571428283,24076,2022-02-02 18:30:00,1808.606857142857,SL,-1.0,-0.8281428571428933,8
2022-02-02 18:50:00,1808.448,LONG,1807.7230714285715,1809.535392857143,0.7249285714286121,24088,2022-02-02 19:25:00,1807.7230714285715,SL,-1.0,-0.7249285714285634,7
2022-02-02 19:35:00,1808.008,LONG,1807.392857142857,1808.9307142857144,0.6151428571428953,24097,2022-02-02 19:55:00,1807.392857142857,SL,-1.0,-0.6151428571429278,4
2022-02-02 21:15:00,1806.808,SHORT,1807.7247142857143,1805.4329285714286,0.9167142857142737,24117,2022-02-02 23:30:00,1807.7247142857143,SL,-1.0,-0.9167142857143062,15
2022-02-03 00:20:00,1807.078,SHORT,1807.4567857142856,1806.5098214285715,0.3787857142856735,24142,2022-02-03 00:35:00,1807.4567857142856,SL,-1.0,-0.378785714285641,3
2022-02-03 02:35:00,1806.185,SHORT,1806.8361428571427,1805.2082857142857,0.6511428571428561,24169,2022-02-03 03:20:00,1806.8361428571427,SL,-1.0,-0.6511428571427587,9
2022-02-03 03:55:00,1806.918,SHORT,1807.3310714285712,1806.2983928571427,0.41307142857140533,24185,2022-02-03 04:10:00,1806.2983928571427,TP,1.5,0.6196071428571486,3
2022-02-03 04:20:00,1806.138,SHORT,1806.539857142857,1805.5352142857141,0.4018571428571249,24190,2022-02-03 04:30:00,1806.539857142857,SL,-1.0,-0.4018571428571249,2
2022-02-03 04:45:00,1806.758,SHORT,1807.1163571428572,1806.2204642857143,0.35835714285714665,24195,2022-02-03 04:55:00,1806.2204642857143,TP,1.5,0.5375357142856956,2
2022-02-03 05:15:00,1806.398,SHORT,1806.7942142857144,1805.8036785714285,0.3962142857143525,24201,2022-02-03 05:30:00,1805.8036785714285,TP,1.5,0.5943214285714475,3
2022-02-03 05:30:00,1805.565,SHORT,1805.9945714285716,1804.9206428571429,0.4295714285714699,24204,2022-02-03 05:55:00,1805.9945714285716,SL,-1.0,-0.42957142857153485,5
2022-02-03 06:10:00,1805.398,SHORT,1805.9727857142857,1804.5358214285714,0.5747857142856999,24212,2022-02-03 07:20:00,1804.5358214285714,TP,1.5,0.8621785714285579,14
2022-02-03 07:20:00,1804.525,SHORT,1805.1154285714288,1803.6393571428573,0.5904285714285606,24226,2022-02-03 07:30:00,1803.6393571428573,TP,1.5,0.8856428571427841,2
2022-02-03 08:20:00,1803.368,SHORT,1804.1698571428572,1802.1652142857142,0.8018571428571509,24238,2022-02-03 08:30:00,1804.1698571428572,SL,-1.0,-0.8018571428572159,2
2022-02-03 09:05:00,1804.315,SHORT,1805.159142857143,1803.0487857142857,0.8441428571429209,24247,2022-02-03 09:20:00,1805.159142857143,SL,-1.0,-0.8441428571429697,3
2022-02-03 09:25:00,1805.528,SHORT,1806.2449285714285,1804.452607142857,0.7169285714286227,24251,2022-02-03 09:45:00,1804.452607142857,TP,1.5,1.0753928571430151,4
2022-02-03 12:15:00,1801.418,SHORT,1802.5917857142856,1799.6573214285713,1.1737857142857462,24285,2022-02-03 12:40:00,1802.5917857142856,SL,-1.0,-1.1737857142857138,5
2022-02-03 13:15:00,1801.525,SHORT,1803.0582857142858,1799.2250714285715,1.5332857142857392,24297,2022-02-03 13:35:00,1803.0582857142858,SL,-1.0,-1.5332857142857392,4
2022-02-03 14:25:00,1802.168,SHORT,1804.1985,1799.12225,2.030500000000042,24311,2022-02-03 14:40:00,1799.12225,TP,1.5,3.045749999999998,3
2022-02-03 15:20:00,1798.358,SHORT,1801.6905,1793.35925,3.3325000000000307,24322,2022-02-03 15:35:00,1801.6905,SL,-1.0,-3.332499999999982,3
2022-02-03 17:55:00,1803.938,LONG,1802.8798571428572,1805.5252142857144,1.0581428571428302,24353,2022-02-03 19:00:00,1805.5252142857144,TP,1.5,1.5872142857142535,13
2022-02-03 20:40:00,1805.438,LONG,1804.805285714286,1806.3870714285715,0.6327142857142982,24386,2022-02-03 21:15:00,1804.805285714286,SL,-1.0,-0.6327142857142007,7
2022-02-03 23:50:00,1805.468,LONG,1804.9775,1806.2037500000001,0.49050000000001354,24412,2022-02-04 00:00:00,1804.9775,SL,-1.0,-0.49050000000011096,2
2022-02-04 00:05:00,1805.638,LONG,1805.0865714285715,1806.4651428571428,0.5514285714285572,24415,2022-02-04 00:10:00,1805.0865714285715,SL,-1.0,-0.5514285714284597,1
2022-02-04 00:40:00,1805.715,LONG,1805.184714285714,1806.5104285714285,0.5302857142857127,24422,2022-02-04 01:00:00,1806.5104285714285,TP,1.5,0.7954285714286016,4
2022-02-04 02:25:00,1806.545,LONG,1805.991642857143,1807.3750357142858,0.5533571428571317,24443,2022-02-04 02:50:00,1805.991642857143,SL,-1.0,-0.5533571428570667,5
2022-02-04 03:10:00,1806.408,LONG,1805.9512142857143,1807.0931785714286,0.45678571428571296,24452,2022-02-04 03:20:00,1805.9512142857143,SL,-1.0,-0.45678571428561554,2
2022-02-04 04:10:00,1806.798,LONG,1806.3377142857144,1807.4884285714286,0.4602857142857277,24464,2022-02-04 04:20:00,1806.3377142857144,SL,-1.0,-0.46028571428564646,2
2022-02-04 05:15:00,1806.738,LONG,1806.2810000000002,1807.4235,0.45699999999996116,24477,2022-02-04 06:00:00,1806.2810000000002,SL,-1.0,-0.45699999999987995,9
2022-02-04 11:45:00,1811.158,LONG,1810.2536428571427,1812.5145357142856,0.9043571428571795,24555,2022-02-04 11:55:00,1810.2536428571427,SL,-1.0,-0.9043571428571795,2
2022-02-04 11:55:00,1810.888,LONG,1809.9321428571427,1812.3217857142856,0.9558571428571473,24557,2022-02-04 12:00:00,1809.9321428571427,SL,-1.0,-0.9558571428572122,1
2022-02-04 12:05:00,1810.715,LONG,1809.7224999999999,1812.20375,0.9924999999999987,24559,2022-02-04 12:35:00,1812.20375,TP,1.5,1.4887499999999818,6
2022-02-04 12:35:00,1812.075,LONG,1811.1114285714286,1813.5203571428572,0.963571428571413,24565,2022-02-04 12:45:00,1811.1114285714286,SL,-1.0,-0.963571428571413,2
2022-02-04 12:45:00,1811.658,LONG,1810.7149285714286,1813.072607142857,0.9430714285713943,24567,2022-02-04 12:55:00,1810.7149285714286,SL,-1.0,-0.9430714285713293,2
2022-02-04 13:00:00,1812.375,LONG,1811.4207857142858,1813.8063214285714,0.9542142857142965,24570,2022-02-04 13:10:00,1813.8063214285714,TP,1.5,1.4313214285714366,2
2022-02-04 13:15:00,1813.915,LONG,1812.9212857142857,1815.4055714285714,0.9937142857142882,24573,2022-02-04 13:20:00,1812.9212857142857,SL,-1.0,-0.9937142857143044,1
2022-02-04 14:25:00,1799.618,SHORT,1803.932857142857,1793.1457142857143,4.314857142857103,24587,2022-02-04 14:40:00,1803.932857142857,SL,-1.0,-4.314857142857136,3
2022-02-04 14:45:00,1805.808,SHORT,1809.3721428571428,1800.4617857142857,3.5641428571428344,24591,2022-02-04 15:05:00,1809.3721428571428,SL,-1.0,-3.5641428571427696,4
2022-02-04 15:05:00,1806.548,SHORT,1810.2181428571428,1801.0427857142856,3.6701428571428454,24595,2022-02-06 23:00:00,1810.2181428571428,SL,-1.0,-3.670142857142764,83
2022-02-06 23:00:00,1808.378,LONG,1807.6420714285714,1809.4818928571426,0.7359285714285144,24678,2022-02-06 23:15:00,1809.4818928571426,TP,1.5,1.1038928571426823,3
2022-02-07 01:35:00,1810.334,LONG,1808.938142857143,1812.4277857142858,1.3958571428571207,24709,2022-02-07 01:45:00,1808.938142857143,SL,-1.0,-1.3958571428570394,2
2022-02-07 02:10:00,1810.079,LONG,1808.8106428571427,1811.9815357142857,1.268357142857131,24716,2022-02-07 06:30:00,1808.8106428571427,SL,-1.0,-1.2683571428572122,52
2022-02-07 06:30:00,1809.078,SHORT,1809.7420714285713,1808.081892857143,0.6640714285713979,24768,2022-02-07 06:45:00,1809.7420714285713,SL,-1.0,-0.664071428571333,3
2022-02-07 06:55:00,1809.468,SHORT,1810.1435000000001,1808.45475,0.6754999999999914,24773,2022-02-07 07:00:00,1810.1435000000001,SL,-1.0,-0.6755000000000564,1
2022-02-07 08:25:00,1811.158,LONG,1810.2084285714286,1812.582357142857,0.949571428571403,24791,2022-02-07 08:40:00,1812.582357142857,TP,1.5,1.4243571428571613,3
2022-02-07 12:30:00,1812.998,LONG,1812.247142857143,1814.1242857142859,0.7508571428571388,24840,2022-02-07 12:50:00,1814.1242857142859,TP,1.5,1.1262857142858138,4
2022-02-07 13:00:00,1814.834,LONG,1813.8957857142857,1816.2413214285714,0.9382142857142688,24846,2022-02-07 13:20:00,1816.2413214285714,TP,1.5,1.407321428571322,4
2022-02-07 13:55:00,1813.841,LONG,1812.058,1816.5155,1.782999999999983,24857,2022-02-07 15:10:00,1812.058,SL,-1.0,-1.7829999999999018,15
2022-02-07 15:10:00,1812.714,LONG,1811.1704285714286,1815.029357142857,1.5435714285714053,24872,2022-02-07 15:20:00,1815.029357142857,TP,1.5,2.3153571428570103,2
2022-02-07 15:50:00,1815.498,LONG,1813.8659285714286,1817.9461071428573,1.6320714285714237,24880,2022-02-07 16:30:00,1817.9461071428573,TP,1.5,2.448107142857225,8
2022-02-07 20:40:00,1821.298,LONG,1820.6147142857144,1822.3229285714285,0.6832857142857003,24938,2022-02-07 21:45:00,1820.6147142857144,SL,-1.0,-0.6832857142856028,13
2022-02-07 23:00:00,1821.198,LONG,1820.7322857142858,1821.8965714285714,0.46571428571426815,24954,2022-02-07 23:05:00,1820.7322857142858,SL,-1.0,-0.4657142857142844,1
2022-02-08 01:35:00,1821.538,LONG,1820.8532142857143,1822.5651785714285,0.6847857142857136,24985,2022-02-08 02:05:00,1822.5651785714285,TP,1.5,1.0271785714285215,6
2022-02-08 03:45:00,1822.048,LONG,1821.5493571428572,1822.7959642857143,0.4986428571428568,25011,2022-02-08 04:35:00,1821.5493571428572,SL,-1.0,-0.4986428571428405,10
2022-02-08 04:40:00,1821.718,LONG,1821.351142857143,1822.2682857142859,0.3668571428571243,25022,2022-02-08 04:45:00,1821.351142857143,SL,-1.0,-0.3668571428570431,1
2022-02-08 06:20:00,1819.885,SHORT,1820.5877142857144,1818.8309285714286,0.7027142857142995,25042,2022-02-08 06:30:00,1820.5877142857144,SL,-1.0,-0.7027142857143645,2
2022-02-08 06:45:00,1819.958,SHORT,1820.6197142857145,1818.9654285714287,0.6617142857143108,25047,2022-02-08 07:05:00,1818.9654285714287,TP,1.5,0.9925714285714093,4
2022-02-08 08:15:00,1817.738,SHORT,1818.808,1816.133,1.0700000000000014,25065,2022-02-08 08:25:00,1818.808,SL,-1.0,-1.0699999999999363,2
2022-02-08 09:00:00,1819.114,SHORT,1820.1927142857144,1817.4959285714285,1.0787142857142922,25074,2022-02-08 09:10:00,1817.4959285714285,TP,1.5,1.6180714285715112,2
2022-02-08 09:20:00,1817.428,SHORT,1818.446642857143,1815.9000357142859,1.0186428571428547,25078,2022-02-08 09:30:00,1818.446642857143,SL,-1.0,-1.0186428571428223,2
2022-02-08 09:35:00,1818.234,SHORT,1819.1397857142856,1816.8753214285714,0.9057857142856847,25081,2022-02-08 09:45:00,1819.1397857142856,SL,-1.0,-0.9057857142856847,2
2022-02-08 11:00:00,1818.388,SHORT,1819.1172857142856,1817.2940714285714,0.7292857142857169,25098,2022-02-08 11:05:00,1819.1172857142856,SL,-1.0,-0.7292857142856519,1
2022-02-08 11:10:00,1818.528,SHORT,1819.3344285714286,1817.3183571428572,0.8064285714285526,25100,2022-02-08 11:20:00,1817.3183571428572,TP,1.5,1.2096428571428532,2
2022-02-08 11:25:00,1817.498,SHORT,1818.3880000000001,1816.163,0.8900000000000026,25103,2022-02-08 11:45:00,1818.3880000000001,SL,-1.0,-0.8900000000001,4
2022-02-08 12:00:00,1817.368,SHORT,1818.1067857142857,1816.2598214285713,0.7387857142857034,25110,2022-02-08 12:10:00,1818.1067857142857,SL,-1.0,-0.7387857142857683,2
2022-02-08 12:45:00,1818.238,SHORT,1818.9201428571428,1817.2147857142859,0.6821428571428214,25119,2022-02-08 13:05:00,1818.9201428571428,SL,-1.0,-0.6821428571427077,4
2022-02-08 14:55:00,1822.088,LONG,1820.4681428571428,1824.5177857142858,1.6198571428571344,25145,2022-02-08 15:10:00,1824.5177857142858,TP,1.5,2.4297857142857993,3
2022-02-08 18:25:00,1826.945,LONG,1826.3572857142856,1827.8265714285715,0.5877142857143228,25187,2022-02-08 18:35:00,1827.8265714285715,TP,1.5,0.881571428571533,2
2022-02-08 23:35:00,1825.928,SHORT,1826.2562857142857,1825.4355714285716,0.3282857142856983,25237,2022-02-09 00:00:00,1825.4355714285716,TP,1.5,0.4924285714284906,5
2022-02-09 00:00:00,1825.484,SHORT,1825.8351428571427,1824.9572857142857,0.3511428571428366,25242,2022-02-09 00:40:00,1824.9572857142857,TP,1.5,0.5267142857142062,8
2022-02-09 01:15:00,1825.568,SHORT,1826.0223571428571,1824.8864642857143,0.454357142857134,25257,2022-02-09 01:40:00,1826.0223571428571,SL,-1.0,-0.454357142857134,5
2022-02-09 01:45:00,1825.678,SHORT,1826.2085714285715,1824.882142857143,0.5305714285714365,25263,2022-02-09 01:50:00,1826.2085714285715,SL,-1.0,-0.5305714285714203,1
2022-02-09 02:50:00,1827.208,LONG,1826.5095000000001,1828.25575,0.6984999999999998,25276,2022-02-09 03:05:00,1828.25575,TP,1.5,1.0477499999999509,3
2022-02-09 05:35:00,1828.158,LONG,1827.768857142857,1828.7417142857141,0.3891428571427988,25309,2022-02-09 05:45:00,1828.7417142857141,TP,1.5,0.5837142857142226,2
2022-02-09 07:00:00,1827.218,SHORT,1827.9264285714287,1826.1553571428572,0.70842857142858,25326,2022-02-09 07:05:00,1827.9264285714287,SL,-1.0,-0.7084285714286125,1
2022-02-09 07:10:00,1827.204,SHORT,1827.9339285714286,1826.109107142857,0.7299285714285588,25328,2022-02-09 07:40:00,1826.109107142857,TP,1.5,1.094892857142895,6
2022-02-09 08:05:00,1826.478,SHORT,1827.2565000000002,1825.31025,0.7785000000000407,25339,2022-02-09 08:15:00,1827.2565000000002,SL,-1.0,-0.7785000000001219,2
2022-02-09 09:55:00,1827.599,LONG,1827.056857142857,1828.4122142857143,0.5421428571428513,25361,2022-02-09 10:15:00,1827.056857142857,SL,-1.0,-0.542142857142835,4
2022-02-09 10:25:00,1827.484,LONG,1826.9995714285715,1828.2106428571428,0.48442857142854984,25367,2022-02-09 10:35:00,1826.9995714285715,SL,-1.0,-0.4844285714284524,2
2022-02-09 10:45:00,1826.894,LONG,1826.3705714285716,1827.6791428571428,0.5234285714285372,25371,2022-02-09 11:05:00,1826.3705714285716,SL,-1.0,-0.5234285714284397,4
2022-02-09 11:10:00,1826.134,SHORT,1826.7272857142857,1825.2440714285715,0.5932857142856847,25376,2022-02-09 11:55:00,1826.7272857142857,SL,-1.0,-0.5932857142856847,9
2022-02-09 12:50:00,1826.448,SHORT,1827.0834285714286,1825.4948571428572,0.6354285714286009,25396,2022-02-09 12:55:00,1827.0834285714286,SL,-1.0,-0.6354285714285197,1
2022-02-09 13:10:00,1830.148,LONG,1829.0304285714285,1831.824357142857,1.117571428571458,25400,2022-02-09 13:20:00,1829.0304285714285,SL,-1.0,-1.1175714285714093,2
2022-02-09 14:40:00,1828.848,LONG,1827.230857142857,1831.2737142857143,1.6171428571428155,25418,2022-02-09 14:50:00,1827.230857142857,SL,-1.0,-1.6171428571428805,2
2022-02-09 16:00:00,1829.148,LONG,1827.6937857142857,1831.3293214285713,1.4542142857143128,25434,2022-02-09 16:30:00,1831.3293214285713,TP,1.5,2.1813214285714366,6
2022-02-09 18:50:00,1834.514,LONG,1833.764,1835.639,0.7499999999999838,25468,2022-02-09 19:00:00,1833.764,SL,-1.0,-0.75,2
2022-02-09 19:10:00,1834.028,LONG,1833.3564285714285,1835.035357142857,0.6715714285713992,25472,2022-02-09 19:30:00,1833.3564285714285,SL,-1.0,-0.6715714285714967,4
2022-02-09 21:40:00,1832.558,LONG,1832.077142857143,1833.2792857142856,0.48085714285712455,25502,2022-02-09 23:20:00,1833.2792857142856,TP,1.5,0.7212857142856137,8
2022-02-09 23:20:00,1833.148,LONG,1832.828857142857,1833.6267142857141,0.31914285714286245,25510,2022-02-09 23:35:00,1832.828857142857,SL,-1.0,-0.3191428571428787,3
2022-02-10 00:00:00,1832.348,SHORT,1832.6837142857141,1831.8444285714286,0.3357142857142727,25518,2022-02-10 00:35:00,1831.8444285714286,TP,1.5,0.5035714285713766,7
2022-02-10 04:00:00,1834.204,LONG,1833.8295,1834.76575,0.37449999999999556,25566,2022-02-10 04:30:00,1833.8295,SL,-1.0,-0.37449999999989814,6
2022-02-10 05:10:00,1833.818,LONG,1833.5411428571429,1834.2332857142856,0.2768571428571249,25580,2022-02-10 05:30:00,1833.5411428571429,SL,-1.0,-0.2768571428571249,4
2022-02-10 06:10:00,1834.618,LONG,1834.1477142857143,1835.3234285714284,0.4702857142857023,25592,2022-02-10 06:20:00,1834.1477142857143,SL,-1.0,-0.47028571428563737,2
2022-02-10 06:30:00,1834.258,LONG,1833.7434285714287,1835.029857142857,0.5145714285714088,25596,2022-02-10 07:00:00,1833.7434285714287,SL,-1.0,-0.5145714285713439,6
2022-02-10 07:10:00,1834.368,LONG,1833.8387142857143,1835.1619285714285,0.5292857142856714,25604,2022-02-10 07:30:00,1835.1619285714285,TP,1.5,0.7939285714285234,4
2022-02-10 07:30:00,1835.378,LONG,1834.8317142857143,1836.1974285714284,0.5462857142856917,25608,2022-02-10 07:45:00,1834.8317142857143,SL,-1.0,-0.5462857142856592,3
2022-02-10 09:15:00,1831.318,SHORT,1832.2689285714287,1829.891607142857,0.9509285714285787,25629,2022-02-10 09:55:00,1832.2689285714287,SL,-1.0,-0.9509285714286762,8
2022-02-10 10:05:00,1832.388,SHORT,1833.1856428571427,1831.1915357142857,0.7976428571428674,25639,2022-02-10 10:40:00,1833.1856428571427,SL,-1.0,-0.7976428571428187,7
2022-02-10 11:40:00,1832.618,SHORT,1833.1657142857143,1831.7964285714286,0.5477142857143106,25658,2022-02-10 12:20:00,1831.7964285714286,TP,1.5,0.8215714285713602,8
2022-02-10 12:25:00,1830.944,SHORT,1831.4562857142857,1830.1755714285714,0.5122857142857161,25667,2022-02-10 12:35:00,1831.4562857142857,SL,-1.0,-0.5122857142857811,2
2022-02-10 13:20:00,1830.098,SHORT,1830.9047857142857,1828.8878214285714,0.8067857142857358,25678,2022-02-10 13:30:00,1828.8878214285714,TP,1.5,1.2101785714285143,2
2022-02-10 13:45:00,1827.954,SHORT,1830.5947857142858,1823.9928214285712,2.640785714285747,25683,2022-02-10 13:50:00,1830.5947857142858,SL,-1.0,-2.640785714285812,1
2022-02-10 14:00:00,1828.758,SHORT,1832.0163571428573,1823.8704642857142,3.2583571428571565,25686,2022-02-10 14:40:00,1832.0163571428573,SL,-1.0,-3.2583571428572213,8
2022-02-10 17:55:00,1835.108,LONG,1833.5427142857143,1837.4559285714286,1.565285714285697,25733,2022-02-10 18:00:00,1833.5427142857143,SL,-1.0,-1.5652857142856647,1
2022-02-10 18:15:00,1835.928,LONG,1834.0792142857144,1838.7011785714287,1.848785714285717,25737,2022-02-10 19:10:00,1834.0792142857144,SL,-1.0,-1.8487857142856683,11
2022-02-10 23:10:00,1827.248,SHORT,1827.948142857143,1826.1977857142858,0.7001428571428505,25784,2022-02-10 23:30:00,1826.1977857142858,TP,1.5,1.050214285714219,4
2022-02-10 23:50:00,1827.128,SHORT,1827.8625714285713,1826.0261428571428,0.7345714285714199,25792,2022-02-11 00:20:00,1826.0261428571428,TP,1.5,1.1018571428571704,6
2022-02-11 01:55:00,1825.624,SHORT,1826.5892857142858,1824.1760714285715,0.9652857142857069,25817,2022-02-11 02:55:00,1826.5892857142858,SL,-1.0,-0.9652857142857556,12
2022-02-11 03:15:00,1825.534,SHORT,1826.1100714285715,1824.669892857143,0.5760714285714487,25833,2022-02-11 04:00:00,1824.669892857143,TP,1.5,0.864107142857165,9
2022-02-11 04:40:00,1824.668,SHORT,1825.2561428571428,1823.7857857142856,0.588142857142868,25850,2022-02-11 04:50:00,1823.7857857142856,TP,1.5,0.8822142857143263,2
2022-02-11 05:30:00,1824.364,SHORT,1825.1362142857142,1823.2056785714287,0.7722142857142639,25860,2022-02-11 06:25:00,1823.2056785714287,TP,1.5,1.1583214285712984,11
2022-02-11 07:15:00,1822.378,SHORT,1823.338,1820.938,0.9599999999999389,25881,2022-02-11 07:20:00,1820.938,TP,1.5,1.4399999999998272,1
2022-02-11 07:35:00,1823.598,SHORT,1824.7284285714286,1821.9023571428572,1.1304285714285567,25885,2022-02-11 07:45:00,1824.7284285714286,SL,-1.0,-1.130428571428638,2
2022-02-11 09:50:00,1826.178,LONG,1825.3960000000002,1827.351,0.7820000000000391,25912,2022-02-11 10:05:00,1825.3960000000002,SL,-1.0,-0.7819999999999254,3
2022-02-11 10:10:00,1825.728,LONG,1825.0438571428572,1826.7542142857144,0.6841428571429203,25916,2022-02-11 10:35:00,1826.7542142857144,TP,1.5,1.0262142857143317,5
2022-02-11 11:05:00,1825.964,LONG,1825.2786428571428,1826.9920357142857,0.6853571428571611,25927,2022-02-11 11:10:00,1825.2786428571428,SL,-1.0,-0.6853571428571286,1
2022-02-11 11:15:00,1826.044,LONG,1825.3069285714287,1827.1496071428573,0.7370714285714419,25929,2022-02-11 11:45:00,1827.1496071428573,TP,1.5,1.1056071428572523,6
2022-02-11 11:45:00,1827.358,LONG,1826.6059285714284,1828.486107142857,0.7520714285714283,25935,2022-02-11 11:50:00,1826.6059285714284,SL,-1.0,-0.7520714285715258,1
2022-02-11 13:45:00,1827.238,LONG,1825.5642142857143,1829.7486785714286,1.6737857142857624,25959,2022-02-11 13:50:00,1825.5642142857143,SL,-1.0,-1.6737857142857138,1
2022-02-11 15:10:00,1833.028,LONG,1831.224642857143,1835.7330357142857,1.803357142857083,25976,2022-02-11 15:20:00,1835.7330357142857,TP,1.5,2.7050357142857138,2
2022-02-11 16:40:00,1833.908,LONG,1832.5037142857143,1836.0144285714284,1.404285714285704,25994,2022-02-11 16:50:00,1836.0144285714284,TP,1.5,2.1064285714285234,2
2022-02-13 23:05:00,1859.888,LONG,1857.7415714285714,1863.1076428571428,2.146428571428552,26059,2022-02-13 23:45:00,1857.7415714285714,SL,-1.0,-2.146428571428487,8
2022-02-13 23:45:00,1858.948,LONG,1856.699142857143,1862.3212857142858,2.2488571428571213,26067,2022-02-14 02:35:00,1856.699142857143,SL,-1.0,-2.248857142857105,34
2022-02-14 04:35:00,1852.528,SHORT,1853.439142857143,1851.1612857142857,0.9111428571428795,26125,2022-02-14 05:10:00,1853.439142857143,SL,-1.0,-0.9111428571429769,7
2022-02-14 05:30:00,1853.208,SHORT,1854.097,1851.8745000000001,0.8889999999999613,26136,2022-02-14 05:35:00,1854.097,SL,-1.0,-0.8889999999998963,1
2022-02-14 05:40:00,1853.948,SHORT,1854.7975714285715,1852.673642857143,0.849571428571364,26138,2022-02-14 06:15:00,1852.673642857143,TP,1.5,1.2743571428570704,7
2022-02-14 07:30:00,1853.768,SHORT,1854.7362142857144,1852.3156785714286,0.9682142857142415,26160,2022-02-14 07:40:00,1854.7362142857144,SL,-1.0,-0.968214285714339,2
2022-02-14 09:30:00,1855.018,LONG,1853.558,1857.208,1.4600000000000202,26184,2022-02-14 09:55:00,1857.208,TP,1.5,2.1900000000000546,5
2022-02-14 10:20:00,1857.188,LONG,1856.0224285714287,1858.936357142857,1.1655714285714112,26194,2022-02-14 10:30:00,1856.0224285714287,SL,-1.0,-1.1655714285714112,2
2022-02-14 10:50:00,1855.218,LONG,1854.1367142857143,1856.8399285714286,1.0812857142857248,26200,2022-02-14 11:10:00,1854.1367142857143,SL,-1.0,-1.081285714285741,4
2022-02-14 11:35:00,1856.158,LONG,1855.0285714285712,1857.8521428571428,1.1294285714285965,26209,2022-02-14 12:35:00,1855.0285714285712,SL,-1.0,-1.1294285714286616,12
2022-02-14 13:10:00,1854.008,SHORT,1856.0177857142858,1850.9933214285716,2.009785714285694,26228,2022-02-14 13:20:00,1856.0177857142858,SL,-1.0,-2.0097857142857265,2
2022-02-14 13:30:00,1857.748,LONG,1855.3858571428573,1861.2912142857142,2.3621428571428362,26232,2022-02-14 13:45:00,1861.2912142857142,TP,1.5,3.543214285714157,3
2022-02-14 19:35:00,1869.684,LONG,1867.4536428571428,1873.0295357142857,2.230357142857169,26305,2022-02-14 20:15:00,1873.0295357142857,TP,1.5,3.3455357142856883,8
2022-02-14 21:45:00,1870.498,LONG,1869.6190000000001,1871.8165000000001,0.8790000000000029,26331,2022-02-14 21:50:00,1871.8165000000001,TP,1.5,1.3185000000000855,1
2022-02-15 00:15:00,1871.348,LONG,1870.7451428571428,1872.2522857142858,0.6028571428571468,26349,2022-02-15 00:25:00,1870.7451428571428,SL,-1.0,-0.6028571428571468,2
2022-02-15 01:55:00,1870.878,LONG,1870.0844285714286,1872.0683571428572,0.7935714285714214,26369,2022-02-15 02:35:00,1872.0683571428572,TP,1.5,1.1903571428572377,8
2022-02-15 06:30:00,1878.168,LONG,1877.0690714285713,1879.8163928571428,1.0989285714285708,26424,2022-02-15 07:35:00,1877.0690714285713,SL,-1.0,-1.098928571428587,13
2022-02-15 08:20:00,1867.938,SHORT,1869.9392857142857,1864.9360714285715,2.0012857142857,26446,2022-02-15 08:30:00,1869.9392857142857,SL,-1.0,-2.0012857142855864,2
2022-02-15 12:55:00,1849.978,SHORT,1852.1625714285715,1846.701142857143,2.1845714285714655,26501,2022-02-15 13:00:00,1852.1625714285715,SL,-1.0,-2.1845714285714166,1
2022-02-15 14:15:00,1854.074,SHORT,1856.9167857142859,1849.8098214285715,2.8427857142857453,26517,2022-02-15 14:30:00,1849.8098214285715,TP,1.5,4.264178571428602,3
2022-02-15 14:40:00,1850.268,SHORT,1853.236,1845.816,2.9679999999999933,26522,2022-02-15 14:45:00,1853.236,SL,-1.0,-2.9680000000000746,1
2022-02-15 15:30:00,1849.618,SHORT,1852.4185714285713,1845.4171428571428,2.8005714285714185,26532,2022-02-15 16:55:00,1852.4185714285713,SL,-1.0,-2.800571428571402,17
2022-02-15 17:00:00,1851.474,SHORT,1853.1277142857143,1848.9934285714285,1.653714285714305,26550,2022-02-15 17:50:00,1853.1277142857143,SL,-1.0,-1.6537142857143863,10
2022-02-15 19:05:00,1855.074,LONG,1854.0433571428573,1856.6199642857143,1.0306428571428634,26575,2022-02-15 19:30:00,1854.0433571428573,SL,-1.0,-1.030642857142766,5
2022-02-15 19:40:00,1854.134,LONG,1853.3038571428572,1855.3792142857142,0.8301428571428298,26582,2022-02-15 20:00:00,1855.3792142857142,TP,1.5,1.2452142857141553,4
2022-02-15 20:35:00,1852.447,LONG,1851.4485,1853.9447499999999,0.9984999999999705,26593,2022-02-15 20:50:00,1853.9447499999999,TP,1.5,1.4977499999999964,3
2022-02-15 21:35:00,1853.408,LONG,1852.5729999999999,1854.6605,0.8350000000000202,26605,2022-02-16 00:00:00,1852.5729999999999,SL,-1.0,-0.8350000000000364,17
2022-02-16 00:55:00,1851.978,SHORT,1852.516,1851.171,0.5379999999999622,26633,2022-02-16 01:00:00,1851.171,TP,1.5,0.8070000000000164,1
2022-02-16 01:50:00,1851.688,SHORT,1852.4979285714287,1850.4731071428573,0.8099285714285672,26644,2022-02-16 01:55:00,1852.4979285714287,SL,-1.0,-0.8099285714285998,1
2022-02-16 02:10:00,1852.004,SHORT,1852.834214285714,1850.7586785714286,0.8302142857142404,26648,2022-02-16 02:25:00,1852.834214285714,SL,-1.0,-0.8302142857141916,3
2022-02-16 02:25:00,1852.224,SHORT,1853.0392142857143,1851.0011785714285,0.815214285714254,26651,2022-02-16 04:15:00,1853.0392142857143,SL,-1.0,-0.815214285714319,22
2022-02-16 05:15:00,1852.548,LONG,1852.105142857143,1853.2122857142856,0.44285714285711364,26685,2022-02-16 05:20:00,1853.2122857142856,TP,1.5,0.6642857142855974,1
2022-02-16 07:45:00,1855.548,LONG,1854.6009285714285,1856.968607142857,0.9470714285713809,26715,2022-02-16 08:15:00,1856.968607142857,TP,1.5,1.4206071428570795,6
2022-02-16 09:25:00,1857.158,LONG,1856.4555714285714,1858.2116428571428,0.7024285714285919,26735,2022-02-16 09:30:00,1856.4555714285714,SL,-1.0,-0.702428571428527,1
2022-02-16 12:20:00,1854.178,SHORT,1854.8985,1853.09725,0.7204999999999993,26770,2022-02-16 12:35:00,1854.8985,SL,-1.0,-0.7204999999999018,3
2022-02-16 19:00:00,1867.258,LONG,1865.921,1869.2635,1.3369999999999729,26850,2022-02-16 19:05:00,1869.2635,TP,1.5,2.0054999999999836,1
2022-02-16 19:20:00,1871.514,LONG,1869.6474285714285,1874.313857142857,1.8665714285714168,26854,2022-02-16 19:30:00,1869.6474285714285,SL,-1.0,-1.866571428571433,2
2022-02-16 19:55:00,1870.298,LONG,1867.7965714285715,1874.0501428571429,2.501428571428619,26861,2022-02-16 21:20:00,1867.7965714285715,SL,-1.0,-2.501428571428505,17
2022-02-16 21:20:00,1868.428,LONG,1867.3114285714287,1870.1028571428574,1.1165714285714492,26878,2022-02-16 23:10:00,1870.1028571428574,TP,1.5,1.6748571428572632,10
2022-02-17 00:10:00,1870.554,LONG,1869.7911428571429,1871.698285714286,0.7628571428571799,26900,2022-02-17 01:05:00,1869.7911428571429,SL,-1.0,-0.7628571428572286,11
2022-02-17 02:00:00,1870.098,LONG,1869.260142857143,1871.3547857142858,0.8378571428571442,26922,2022-02-17 02:10:00,1869.260142857143,SL,-1.0,-0.8378571428570467,2
2022-02-17 02:15:00,1870.078,LONG,1869.3377142857144,1871.1884285714286,0.7402857142857003,26925,2022-02-17 02:20:00,1869.3377142857144,SL,-1.0,-0.7402857142856192,1
2022-02-17 02:35:00,1868.318,SHORT,1869.1221428571428,1867.1117857142858,0.8041428571428436,26929,2022-02-17 03:05:00,1869.1221428571428,SL,-1.0,-0.8041428571427787,6
2022-02-17 05:35:00,1873.655,LONG,1872.1589285714285,1875.899107142857,1.4960714285714078,26965,2022-02-17 06:05:00,1875.899107142857,TP,1.5,2.2441071428570467,6
2022-02-17 06:10:00,1876.118,LONG,1874.6461428571429,1878.3257857142858,1.4718571428571587,26972,2022-02-17 06:25:00,1874.6461428571429,SL,-1.0,-1.4718571428570613,3
2022-02-17 07:30:00,1875.448,LONG,1873.9044285714288,1877.7633571428573,1.5435714285714215,26988,2022-02-17 08:20:00,1877.7633571428573,TP,1.5,2.3153571428572377,10
2022-02-17 08:20:00,1877.028,LONG,1875.9353571428571,1878.6669642857144,1.092642857142859,26998,2022-02-17 08:25:00,1878.6669642857144,TP,1.5,1.6389642857143372,1
2022-02-17 08:35:00,1885.088,LONG,1882.7316428571428,1888.6225357142857,2.356357142857129,27001,2022-02-17 09:05:00,1888.6225357142857,TP,1.5,3.5345357142857665,6
2022-02-17 10:35:00,1886.098,LONG,1884.4142142857143,1888.6236785714286,1.6837857142857209,27025,2022-02-17 11:20:00,1884.4142142857143,SL,-1.0,-1.6837857142857047,9
2022-02-17 11:40:00,1884.278,LONG,1883.3207142857143,1885.7139285714286,0.9572857142857012,27038,2022-02-17 11:45:00,1883.3207142857143,SL,-1.0,-0.9572857142857174,1
2022-02-17 11:50:00,1883.968,LONG,1882.9667142857143,1885.4699285714287,1.0012857142857001,27040,2022-02-17 12:00:00,1882.9667142857143,SL,-1.0,-1.0012857142858138,2
2022-02-17 12:00:00,1884.088,LONG,1883.0452857142857,1885.6520714285714,1.0427142857142664,27042,2022-02-17 12:10:00,1885.6520714285714,TP,1.5,1.564071428571424,2
2022-02-17 14:40:00,1892.618,LONG,1889.5002142857143,1897.2946785714284,3.1177857142857226,27074,2022-02-17 16:45:00,1897.2946785714284,TP,1.5,4.676678571428511,25
2022-02-17 17:10:00,1897.678,LONG,1895.7775000000001,1900.5287500000002,1.9004999999999979,27104,2022-02-17 18:30:00,1900.5287500000002,TP,1.5,2.850750000000062,16
2022-02-17 20:10:00,1898.538,LONG,1897.3362142857143,1900.3406785714285,1.2017857142857176,27140,2022-02-17 20:45:00,1897.3362142857143,SL,-1.0,-1.2017857142857338,7
2022-02-17 20:50:00,1898.336,LONG,1897.1845,1900.06325,1.1515000000000069,27148,2022-02-17 23:30:00,1900.06325,TP,1.5,1.7272499999999127,20
2022-02-18 01:10:00,1898.508,LONG,1897.6022857142857,1899.8665714285714,0.9057142857143065,27188,2022-02-18 01:30:00,1897.6022857142857,SL,-1.0,-0.905714285714339,4
2022-02-18 03:55:00,1890.938,SHORT,1891.6145714285715,1889.923142857143,0.676571428571411,27221,2022-02-18 04:15:00,1889.923142857143,TP,1.5,1.0148571428571813,4
2022-02-18 04:55:00,1890.318,SHORT,1890.9722857142856,1889.3365714285715,0.6542857142857039,27233,2022-02-18 05:10:00,1890.9722857142856,SL,-1.0,-0.6542857142856064,3
2022-02-18 05:50:00,1892.248,SHORT,1893.048,1891.048,0.8000000000000033,27244,2022-02-18 06:10:00,1891.048,TP,1.5,1.2000000000000455,4
2022-02-18 06:10:00,1891.178,SHORT,1892.1222857142857,1889.7615714285716,0.9442857142856838,27248,2022-02-18 06:45:00,1892.1222857142857,SL,-1.0,-0.9442857142855701,7
2022-02-18 08:15:00,1894.993,LONG,1893.9836428571427,1896.5070357142856,1.0093571428571326,27273,2022-02-18 08:20:00,1893.9836428571427,SL,-1.0,-1.0093571428571977,1
2022-02-18 09:30:00,1893.888,LONG,1892.6705,1895.71425,1.217499999999989,27288,2022-02-18 10:15:00,1892.6705,SL,-1.0,-1.2174999999999727,9
2022-02-18 12:10:00,1890.658,SHORT,1891.8047857142856,1888.9378214285714,1.1467857142857025,27320,2022-02-18 12:30:00,1891.8047857142856,SL,-1.0,-1.14678571428567,4
2022-02-18 14:30:00,1896.868,LONG,1894.967642857143,1899.7185357142857,1.9003571428571442,27348,2022-02-18 14:50:00,1894.967642857143,SL,-1.0,-1.9003571428570467,4
2022-02-18 16:20:00,1894.798,LONG,1892.8549285714284,1897.7126071428572,1.943071428571443,27370,2022-02-18 16:30:00,1892.8549285714284,SL,-1.0,-1.9430714285715567,2
2022-02-18 18:35:00,1897.328,LONG,1896.3517142857143,1898.7924285714287,0.9762857142857391,27397,2022-02-18 18:45:00,1896.3517142857143,SL,-1.0,-0.9762857142857229,2
2022-02-18 18:50:00,1896.568,LONG,1895.8117142857143,1897.7024285714285,0.7562857142857118,27400,2022-02-18 19:00:00,1895.8117142857143,SL,-1.0,-0.7562857142856956,2
2022-02-18 19:30:00,1896.603,LONG,1895.863142857143,1897.7127857142857,0.7398571428571391,27408,2022-02-18 19:35:00,1895.863142857143,SL,-1.0,-0.7398571428570904,1
2022-02-18 21:00:00,1897.008,LONG,1896.0504285714287,1898.4443571428571,0.9575714285714086,27426,2022-02-18 21:35:00,1898.4443571428571,TP,1.5,1.436357142857105,7
2022-02-20 23:15:00,1904.448,LONG,1902.637642857143,1907.163535714286,1.8103571428571286,27441,2022-02-21 00:15:00,1907.163535714286,TP,1.5,2.7155357142858065,12
2022-02-21 03:20:00,1898.428,SHORT,1899.2722857142858,1897.1615714285715,0.844285714285726,27490,2022-02-21 03:40:00,1897.1615714285715,TP,1.5,1.2664285714286052,4
2022-02-21 05:50:00,1892.458,SHORT,1893.4903571428572,1890.9094642857144,1.0323571428571248,27520,2022-02-21 06:15:00,1890.9094642857144,TP,1.5,1.5485357142856628,5
2022-02-21 07:40:00,1890.829,SHORT,1892.0822857142857,1888.9490714285714,1.2532857142857179,27542,2022-02-21 07:50:00,1892.0822857142857,SL,-1.0,-1.2532857142857665,2
2022-02-21 08:00:00,1891.298,SHORT,1892.5812857142857,1889.3730714285714,1.2832857142857068,27546,2022-02-21 08:10:00,1892.5812857142857,SL,-1.0,-1.2832857142857392,2
2022-02-21 10:50:00,1897.388,LONG,1896.5557857142855,1898.6363214285714,0.8322142857142906,27580,2022-02-21 11:00:00,1896.5557857142855,SL,-1.0,-0.8322142857143717,2
2022-02-21 11:20:00,1896.908,LONG,1895.9829285714284,1898.295607142857,0.9250714285714301,27586,2022-02-21 11:35:00,1895.9829285714284,SL,-1.0,-0.9250714285715276,3
2022-02-21 13:30:00,1896.618,LONG,1894.9297142857142,1899.1504285714286,1.6882857142857282,27612,2022-02-21 13:40:00,1894.9297142857142,SL,-1.0,-1.688285714285712,2
2022-02-21 16:40:00,1896.268,LONG,1895.5887142857143,1897.2869285714287,0.6792857142857461,27650,2022-02-21 17:15:00,1895.5887142857143,SL,-1.0,-0.6792857142856974,7
2022-02-21 17:20:00,1896.448,LONG,1895.7994285714285,1897.4208571428574,0.6485714285714721,27658,2022-02-21 17:30:00,1895.7994285714285,SL,-1.0,-0.6485714285715858,2
2022-02-21 17:55:00,1897.598,LONG,1896.985357142857,1898.5169642857143,0.612642857142857,27665,2022-02-21 18:00:00,1896.985357142857,SL,-1.0,-0.6126428571428733,1
2022-02-22 00:40:00,1909.688,LONG,1908.1297857142858,1912.0253214285715,1.5582142857143058,27704,2022-02-22 00:55:00,1908.1297857142858,SL,-1.0,-1.5582142857142571,3
2022-02-22 01:10:00,1906.118,LONG,1904.4965,1908.55025,1.6215000000000177,27710,2022-02-22 01:35:00,1908.55025,TP,1.5,2.4322500000000673,5
2022-02-22 01:35:00,1910.363,LONG,1908.7072142857144,1912.8466785714286,1.655785714285717,27715,2022-02-22 01:50:00,1908.7072142857144,SL,-1.0,-1.6557857142856847,3
2022-02-22 01:55:00,1909.343,LONG,1907.6597142857142,1911.8679285714286,1.6832857142857327,27719,2022-02-22 02:05:00,1907.6597142857142,SL,-1.0,-1.6832857142858302,2
2022-02-22 02:15:00,1908.078,LONG,1906.5937857142858,1910.3043214285715,1.4842142857143017,27723,2022-02-22 06:05:00,1910.3043214285715,TP,1.5,2.2263214285715094,46
2022-02-22 06:25:00,1909.658,LONG,1908.8047857142856,1910.9378214285714,0.8532142857142812,27773,2022-02-22 06:40:00,1908.8047857142856,SL,-1.0,-0.8532142857143299,3
2022-02-22 08:10:00,1910.598,LONG,1908.8901428571428,1913.1597857142856,1.7078571428571163,27794,2022-02-22 08:15:00,1908.8901428571428,SL,-1.0,-1.707857142857165,1
2022-02-22 11:40:00,1894.758,SHORT,1896.7005,1891.84425,1.9424999999999955,27836,2022-02-22 11:50:00,1891.84425,TP,1.5,2.9137499999999363,2
2022-02-22 12:15:00,1895.488,SHORT,1897.1790714285714,1892.951392857143,1.6910714285714252,27843,2022-02-22 12:20:00,1897.1790714285714,SL,-1.0,-1.6910714285713766,1
2022-02-22 14:50:00,1902.338,LONG,1900.5515714285714,1905.0176428571428,1.7864285714285384,27874,2022-02-22 15:05:00,1900.5515714285714,SL,-1.0,-1.786428571428587,3
2022-02-22 15:10:00,1899.398,LONG,1897.2512142857142,1902.6181785714284,2.14678571428567,27878,2022-02-22 15:20:00,1897.2512142857142,SL,-1.0,-2.14678571428567,2
2022-02-22 16:20:00,1900.168,SHORT,1902.1682142857142,1897.1676785714285,2.000214285714232,27892,2022-02-22 16:30:00,1902.1682142857142,SL,-1.0,-2.0002142857142644,2
2022-02-22 18:55:00,1903.458,LONG,1902.3455000000001,1905.1267500000001,1.1124999999999707,27923,2022-02-22 19:20:00,1902.3455000000001,SL,-1.0,-1.1124999999999545,5
2022-02-22 19:55:00,1901.498,LONG,1900.0637142857145,1903.6494285714286,1.4342857142856928,27935,2022-02-22 20:00:00,1900.0637142857145,SL,-1.0,-1.4342857142855792,1
2022-02-22 20:55:00,1900.328,SHORT,1901.548857142857,1898.4967142857142,1.2208571428571335,27947,2022-02-22 21:50:00,1898.4967142857142,TP,1.5,1.831285714285741,11
2022-02-22 23:30:00,1898.698,SHORT,1899.15,1898.02,0.4519999999999982,27966,2022-02-22 23:45:00,1898.02,TP,1.5,0.678000000000111,3
2022-02-22 23:45:00,1898.028,SHORT,1898.513,1897.3005,0.48500000000001364,27969,2022-02-23 00:05:00,1898.513,SL,-1.0,-0.48499999999989996,4
2022-02-23 00:15:00,1898.808,SHORT,1899.2997857142857,1898.0703214285713,0.49178571428572987,27975,2022-02-23 00:30:00,1899.2997857142857,SL,-1.0,-0.4917857142856974,3
2022-02-23 00:40:00,1899.568,SHORT,1900.0469285714285,1898.8496071428572,0.4789285714285825,27980,2022-02-23 00:50:00,1900.0469285714285,SL,-1.0,-0.4789285714284688,2
2022-02-23 01:55:00,1898.218,SHORT,1899.0085000000001,1897.03225,0.7905000000000167,27995,2022-02-23 02:00:00,1899.0085000000001,SL,-1.0,-0.7905000000000655,1
2022-02-23 03:15:00,1899.138,SHORT,1899.8672142857142,1898.0441785714286,0.72921428571429,28011,2022-02-23 03:50:00,1899.8672142857142,SL,-1.0,-0.7292142857143062,7
2022-02-23 07:05:00,1897.328,SHORT,1898.254642857143,1895.9380357142857,0.9266428571428865,28057,2022-02-23 07:25:00,1895.9380357142857,TP,1.5,1.3899642857143135,4
2022-02-23 08:35:00,1895.778,SHORT,1897.3004285714287,1893.494357142857,1.522428571428577,28075,2022-02-23 08:50:00,1893.494357142857,TP,1.5,2.2836428571429224,3
2022-02-23 08:55:00,1892.958,SHORT,1894.6850714285715,1890.367392857143,1.7270714285714186,28079,2022-02-23 09:00:00,1894.6850714285715,SL,-1.0,-1.7270714285714348,1
2022-02-23 10:10:00,1893.058,SHORT,1894.481,1890.9234999999999,1.4230000000000018,28094,2022-02-23 10:15:00,1894.481,SL,-1.0,-1.4230000000000018,1
2022-02-23 10:25:00,1893.843,SHORT,1895.239,1891.749,1.3959999999999906,28097,2022-02-23 10:30:00,1895.239,SL,-1.0,-1.3959999999999582,1
2022-02-23 12:25:00,1894.158,SHORT,1895.0245,1892.85825,0.8665000000000062,28121,2022-02-23 12:35:00,1895.0245,SL,-1.0,-0.8665000000000873,2
2022-02-23 12:35:00,1894.381,SHORT,1895.2434285714287,1893.0873571428572,0.8624285714285926,28123,2022-02-23 12:40:00,1895.2434285714287,SL,-1.0,-0.8624285714286088,1
2022-02-23 14:30:00,1900.798,LONG,1898.9850000000001,1903.5175,1.8129999999999558,28146,2022-02-23 14:45:00,1903.5175,TP,1.5,2.7194999999999254,3
2022-02-23 16:30:00,1907.278,LONG,1905.7354285714287,1909.5918571428572,1.5425714285714125,28170,2022-02-23 17:00:00,1909.5918571428572,TP,1.5,2.3138571428571595,6
2022-02-23 18:20:00,1909.203,LONG,1908.192857142857,1910.7182142857143,1.010142857142861,28192,2022-02-23 18:25:00,1908.192857142857,SL,-1.0,-1.0101428571429096,1
2022-02-23 18:45:00,1907.678,LONG,1906.5010714285715,1909.443392857143,1.176928571428594,28197,2022-02-23 19:45:00,1906.5010714285715,SL,-1.0,-1.1769285714285616,12
2022-02-23 20:10:00,1907.358,LONG,1906.3532857142857,1908.8650714285714,1.0047142857142393,28214,2022-02-23 20:15:00,1906.3532857142857,SL,-1.0,-1.0047142857142717,1
2022-02-23 20:50:00,1908.858,LONG,1907.7271428571428,1910.5542857142857,1.1308571428571017,28222,2022-02-23 21:35:00,1907.7271428571428,SL,-1.0,-1.1308571428571668,9
2022-02-23 21:45:00,1907.788,LONG,1906.867642857143,1909.1685357142858,0.920357142857126,28233,2022-02-23 23:00:00,1909.1685357142858,TP,1.5,1.3805357142857702,3
2022-02-24 00:20:00,1910.945,LONG,1910.2061428571428,1912.0532857142857,0.7388571428571302,28252,2022-02-24 00:25:00,1912.0532857142857,TP,1.5,1.1082857142857847,1
2022-02-24 05:00:00,1938.497,LONG,1933.500142857143,1945.9922857142858,4.996857142857152,28308,2022-02-24 08:50:00,1945.9922857142858,TP,1.5,7.495285714285728,46
2022-02-24 08:50:00,1945.603,LONG,1942.9364285714287,1949.6028571428571,2.6665714285713875,28354,2022-02-24 09:05:00,1942.9364285714287,SL,-1.0,-2.6665714285713875,3
2022-02-24 12:15:00,1960.908,LONG,1957.8984285714284,1965.422357142857,3.009571428571381,28395,2022-02-24 12:20:00,1957.8984285714284,SL,-1.0,-3.009571428571462,1
2022-02-24 12:30:00,1957.978,LONG,1954.1502142857144,1963.7196785714286,3.8277857142856777,28398,2022-02-24 12:40:00,1963.7196785714286,TP,1.5,5.741678571428565,2
2022-02-24 12:40:00,1963.288,LONG,1959.1291428571428,1969.5262857142857,4.158857142857122,28400,2022-02-24 12:50:00,1959.1291428571428,SL,-1.0,-4.158857142857187,2
2022-02-24 12:50:00,1961.728,LONG,1957.5058571428572,1968.0612142857144,4.222142857142866,28402,2022-02-24 13:45:00,1957.5058571428572,SL,-1.0,-4.222142857142899,11
2022-02-24 17:35:00,1923.208,SHORT,1925.799642857143,1919.3205357142858,2.591642857142834,28459,2022-02-24 18:30:00,1925.799642857143,SL,-1.0,-2.591642857142915,11
2022-02-24 18:30:00,1924.058,SHORT,1926.1601428571428,1920.9047857142857,2.1021428571428293,28470,2022-02-24 18:40:00,1920.9047857142857,TP,1.5,3.1532142857142844,2
2022-02-24 18:45:00,1919.478,SHORT,1922.1189285714286,1915.5166071428573,2.640928571428552,28473,2022-02-24 19:05:00,1915.5166071428573,TP,1.5,3.961392857142755,4
2022-02-24 20:35:00,1891.428,SHORT,1896.6362142857145,1883.6156785714288,5.208214285714267,28495,2022-02-24 20:50:00,1896.6362142857145,SL,-1.0,-5.208214285714348,3
2022-02-24 21:00:00,1898.163,SHORT,1902.0321428571428,1892.3592857142858,3.8691428571428657,28500,2022-02-24 21:20:00,1902.0321428571428,SL,-1.0,-3.8691428571428332,4
2022-02-25 00:00:00,1904.738,SHORT,1907.6245714285715,1900.408142857143,2.886571428571415,28524,2022-02-25 00:20:00,1907.6245714285715,SL,-1.0,-2.886571428571415,4
2022-02-25 01:40:00,1909.433,LONG,1905.923,1914.698,3.510000000000072,28544,2022-02-25 02:30:00,1914.698,TP,1.5,5.2650000000001,10
2022-02-25 05:40:00,1913.978,LONG,1912.6671428571428,1915.9442857142858,1.3108571428571492,28592,2022-02-25 05:50:00,1915.9442857142858,TP,1.5,1.966285714285732,2
2022-02-25 05:55:00,1916.448,LONG,1915.0049285714285,1918.6126071428573,1.443071428571443,28595,2022-02-25 06:05:00,1915.0049285714285,SL,-1.0,-1.4430714285715567,2
2022-02-25 08:00:00,1914.328,LONG,1912.2447857142856,1917.4528214285715,2.0832142857143316,28620,2022-02-25 08:05:00,1912.2447857142856,SL,-1.0,-2.083214285714348,1
2022-02-25 08:50:00,1911.668,SHORT,1914.1109285714285,1908.003607142857,2.442928571428589,28630,2022-02-25 10:20:00,1908.003607142857,TP,1.5,3.664392857142957,18
2022-02-25 10:40:00,1908.758,SHORT,1910.3832142857143,1906.3201785714286,1.6252142857142806,28652,2022-02-25 10:50:00,1910.3832142857143,SL,-1.0,-1.6252142857142644,2
2022-02-25 12:35:00,1905.378,SHORT,1908.410357142857,1900.8294642857143,3.0323571428571574,28675,2022-02-25 12:50:00,1900.8294642857143,TP,1.5,4.548535714285663,3
2022-02-25 14:50:00,1889.528,SHORT,1893.0527142857143,1884.2409285714286,3.52471428571427,28702,2022-02-25 15:05:00,1884.2409285714286,TP,1.5,5.28707142857138,3
2022-02-25 15:05:00,1884.168,SHORT,1887.7912857142856,1878.7330714285713,3.6232857142857062,28705,2022-02-25 15:15:00,1887.7912857142856,SL,-1.0,-3.6232857142856574,2
2022-02-25 15:45:00,1888.778,SHORT,1891.7667857142858,1884.2948214285714,2.9887857142857035,28713,2022-02-25 16:45:00,1884.2948214285714,TP,1.5,4.4831785714286525,12
2022-02-25 18:00:00,1887.018,SHORT,1888.4090714285715,1884.931392857143,1.3910714285714059,28740,2022-02-25 18:05:00,1888.4090714285715,SL,-1.0,-1.391071428571422,1
2022-02-25 18:45:00,1887.548,SHORT,1889.0808571428572,1885.2487142857144,1.532857142857113,28749,2022-02-25 19:25:00,1889.0808571428572,SL,-1.0,-1.5328571428572104,8
2022-02-28 01:30:00,1910.938,LONG,1907.7283571428572,1915.7524642857145,3.2096428571428857,28818,2022-02-28 03:15:00,1907.7283571428572,SL,-1.0,-3.2096428571428532,21
2022-02-28 04:30:00,1909.568,LONG,1908.2910714285713,1911.483392857143,1.2769285714285843,28854,2022-02-28 04:35:00,1908.2910714285713,SL,-1.0,-1.276928571428698,1
2022-02-28 05:40:00,1908.788,LONG,1907.2500714285713,1911.094892857143,1.537928571428584,28868,2022-02-28 05:50:00,1907.2500714285713,SL,-1.0,-1.5379285714286652,2
2022-02-28 06:35:00,1908.598,LONG,1906.8654999999999,1911.19675,1.7325000000000077,28879,2022-02-28 06:50:00,1906.8654999999999,SL,-1.0,-1.7325000000000728,3
2022-02-28 07:00:00,1907.378,SHORT,1908.915857142857,1905.0712142857142,1.5378571428571408,28884,2022-02-28 07:20:00,1905.0712142857142,TP,1.5,2.306785714285752,4
2022-02-28 08:50:00,1899.558,SHORT,1901.7595714285715,1896.255642857143,2.2015714285714205,28906,2022-02-28 09:00:00,1901.7595714285715,SL,-1.0,-2.2015714285714694,2
2022-02-28 09:30:00,1899.773,SHORT,1901.7332142857142,1896.8326785714285,1.9602142857142846,28914,2022-02-28 10:10:00,1901.7332142857142,SL,-1.0,-1.9602142857143008,8
2022-02-28 10:15:00,1902.258,SHORT,1903.8146428571429,1899.9230357142858,1.5566428571428332,28923,2022-02-28 10:30:00,1903.8146428571429,SL,-1.0,-1.5566428571428332,3
2022-02-28 12:00:00,1906.268,LONG,1904.429,1909.0265000000002,1.839000000000023,28944,2022-02-28 12:20:00,1904.429,SL,-1.0,-1.8389999999999418,4
2022-02-28 14:15:00,1913.96,LONG,1911.648357142857,1917.4274642857142,2.311642857142861,28971,2022-02-28 14:30:00,1911.648357142857,SL,-1.0,-2.3116428571429424,3
2022-02-28 15:00:00,1912.628,LONG,1909.3042142857144,1917.6136785714284,3.323785714285691,28980,2022-02-28 15:40:00,1909.3042142857144,SL,-1.0,-3.3237857142855773,8
2022-02-28 18:20:00,1899.348,SHORT,1901.4065714285714,1896.260142857143,2.058571428571408,29020,2022-02-28 19:20:00,1901.4065714285714,SL,-1.0,-2.0585714285714403,12
2022-02-28 21:50:00,1908.198,LONG,1907.092642857143,1909.8560357142858,1.1053571428571527,29062,2022-02-28 23:00:00,1907.092642857143,SL,-1.0,-1.1053571428572013,2
2022-02-28 23:05:00,1908.628,LONG,1907.5715714285714,1910.2126428571428,1.0564285714286012,29065,2022-02-28 23:10:00,1907.5715714285714,SL,-1.0,-1.0564285714285688,1
2022-02-28 23:40:00,1906.798,LONG,1905.8340714285714,1908.2438928571428,0.9639285714285961,29072,2022-02-28 23:55:00,1905.8340714285714,SL,-1.0,-0.9639285714285961,3
2022-03-01 00:00:00,1906.508,LONG,1905.5887142857143,1907.8869285714286,0.9192857142857227,29076,2022-03-01 00:35:00,1905.5887142857143,SL,-1.0,-0.9192857142857065,7
2022-03-01 02:50:00,1902.938,SHORT,1903.738142857143,1901.7377857142858,0.8001428571428407,29110,2022-03-01 03:00:00,1903.738142857143,SL,-1.0,-0.8001428571428733,2
2022-03-01 03:05:00,1903.848,SHORT,1904.7474285714286,1902.498857142857,0.8994285714285623,29113,2022-03-01 03:25:00,1904.7474285714286,SL,-1.0,-0.8994285714286434,4
2022-03-01 04:30:00,1905.358,LONG,1904.6036428571429,1906.4895357142857,0.754357142857186,29130,2022-03-01 04:45:00,1906.4895357142857,TP,1.5,1.1315357142857465,3
2022-03-01 05:15:00,1905.728,LONG,1905.0393571428572,1906.7609642857144,0.6886428571428626,29139,2022-03-01 05:20:00,1905.0393571428572,SL,-1.0,-0.6886428571428951,1
2022-03-01 06:25:00,1905.598,LONG,1904.6091428571428,1907.0812857142857,0.9888571428571465,29153,2022-03-01 06:45:00,1907.0812857142857,TP,1.5,1.4832857142857847,4
2022-03-01 07:55:00,1907.621,LONG,1906.4605000000001,1909.3617500000003,1.1605000000000376,29171,2022-03-01 08:00:00,1909.3617500000003,TP,1.5,1.740750000000162,1
2022-03-01 11:25:00,1921.697,LONG,1919.3918571428571,1925.1547142857141,2.3051428571428523,29213,2022-03-01 12:45:00,1919.3918571428571,SL,-1.0,-2.305142857142755,16
2022-03-01 13:10:00,1919.167,LONG,1916.4994285714286,1923.168357142857,2.6675714285714287,29234,2022-03-01 13:20:00,1916.4994285714286,SL,-1.0,-2.667571428571364,2
2022-03-01 13:35:00,1916.058,LONG,1912.6707857142858,1921.1388214285714,3.387214285714273,29239,2022-03-01 13:45:00,1912.6707857142858,SL,-1.0,-3.387214285714208,2
2022-03-01 14:10:00,1917.888,SHORT,1921.0040714285713,1913.2138928571428,3.1160714285714124,29246,2022-03-01 14:35:00,1921.0040714285713,SL,-1.0,-3.116071428571331,5
2022-03-01 14:45:00,1922.697,LONG,1920.0061428571428,1926.7332857142856,2.690857142857161,29253,2022-03-01 14:55:00,1926.7332857142856,TP,1.5,4.036285714285668,2
2022-03-01 19:40:00,1939.953,LONG,1937.6142857142856,1943.4610714285714,2.338714285714283,29312,2022-03-01 20:35:00,1943.4610714285714,TP,1.5,3.508071428571384,11
2022-03-01 23:50:00,1942.508,LONG,1941.284357142857,1944.3434642857144,1.2236428571428632,29350,2022-03-02 00:25:00,1941.284357142857,SL,-1.0,-1.223642857142977,7
2022-03-02 02:35:00,1937.158,SHORT,1938.8386428571428,1934.6370357142855,1.6806428571428893,29383,2022-03-02 02:55:00,1938.8386428571428,SL,-1.0,-1.6806428571428569,4
2022-03-02 02:55:00,1938.088,SHORT,1939.7297142857142,1935.6254285714285,1.6417142857143128,29387,2022-03-02 03:15:00,1935.6254285714285,TP,1.5,2.4625714285714366,4
2022-03-02 03:50:00,1935.468,SHORT,1936.6568571428572,1933.6847142857143,1.188857142857127,29398,2022-03-02 04:10:00,1936.6568571428572,SL,-1.0,-1.1888571428571595,4
2022-03-02 04:25:00,1936.648,SHORT,1937.6814285714286,1935.097857142857,1.0334285714285605,29405,2022-03-02 05:05:00,1935.097857142857,TP,1.5,1.5501428571428733,8
2022-03-02 06:30:00,1936.808,SHORT,1938.6202142857144,1934.0896785714285,1.8122142857143249,29430,2022-03-02 06:45:00,1938.6202142857144,SL,-1.0,-1.81221428571439,3
2022-03-02 09:15:00,1935.398,SHORT,1937.8348571428571,1931.742714285714,2.436857142857142,29463,2022-03-02 09:20:00,1937.8348571428571,SL,-1.0,-2.436857142857207,1
2022-03-02 11:10:00,1926.096,SHORT,1929.8657857142857,1920.4413214285714,3.769785714285685,29486,2022-03-02 11:25:00,1929.8657857142857,SL,-1.0,-3.7697857142857174,3
2022-03-02 11:25:00,1928.556,SHORT,1932.506,1922.631,3.9499999999999966,29489,2022-03-02 13:40:00,1932.506,SL,-1.0,-3.9500000000000455,27
2022-03-02 17:45:00,1917.213,SHORT,1919.4471428571428,1913.8617857142856,2.2341428571428588,29565,2022-03-02 18:05:00,1919.4471428571428,SL,-1.0,-2.2341428571428423,4
2022-03-02 18:35:00,1919.798,SHORT,1921.6243571428572,1917.0584642857143,1.8263571428571563,29575,2022-03-02 18:55:00,1921.6243571428572,SL,-1.0,-1.826357142857205,4
2022-03-02 19:05:00,1922.818,SHORT,1924.605,1920.1375,1.786999999999986,29581,2022-03-02 19:15:00,1924.605,SL,-1.0,-1.7870000000000346,2
2022-03-02 21:30:00,1927.588,LONG,1925.9691428571427,1930.0162857142857,1.6188571428571745,29610,2022-03-02 23:35:00,1930.0162857142857,TP,1.5,2.428285714285721,13
2022-03-03 00:05:00,1928.938,LONG,1927.9942857142858,1930.3535714285715,0.943714285714285,29629,2022-03-03 00:25:00,1930.3535714285715,TP,1.5,1.4155714285714112,4
2022-03-03 00:45:00,1929.798,LONG,1928.8787142857143,1931.1769285714286,0.9192857142857227,29637,2022-03-03 00:50:00,1928.8787142857143,SL,-1.0,-0.9192857142857065,1
2022-03-03 01:50:00,1929.577,LONG,1928.3474285714285,1931.421357142857,1.229571428571408,29650,2022-03-03 02:40:00,1928.3474285714285,SL,-1.0,-1.2295714285714894,10
2022-03-03 02:50:00,1928.588,LONG,1927.4722857142856,1930.2615714285714,1.1157142857142779,29662,2022-03-03 03:25:00,1930.2615714285714,TP,1.5,1.6735714285714494,7
2022-03-03 03:25:00,1930.148,LONG,1929.2277142857142,1931.5284285714283,0.9202857142856828,29669,2022-03-03 03:35:00,1929.2277142857142,SL,-1.0,-0.9202857142856828,2
2022-03-03 05:45:00,1925.788,SHORT,1926.996642857143,1923.9750357142857,1.2086428571428283,29697,2022-03-03 06:15:00,1926.996642857143,SL,-1.0,-1.208642857142877,6
2022-03-03 06:20:00,1926.653,SHORT,1927.7238571428572,1925.0467142857144,1.0708571428571239,29704,2022-03-03 06:35:00,1927.7238571428572,SL,-1.0,-1.0708571428572213,3
2022-03-03 08:30:00,1932.263,LONG,1930.3487142857143,1935.1344285714285,1.9142857142856786,29730,2022-03-03 09:00:00,1930.3487142857143,SL,-1.0,-1.9142857142855974,6
2022-03-03 09:10:00,1929.708,LONG,1927.7618571428573,1932.6272142857142,1.9461428571428152,29738,2022-03-03 09:20:00,1927.7618571428573,SL,-1.0,-1.9461428571428314,2
2022-03-03 12:10:00,1934.05,LONG,1932.4889285714285,1936.391607142857,1.5610714285713974,29774,2022-03-03 12:35:00,1932.4889285714285,SL,-1.0,-1.5610714285714948,5
2022-03-03 13:15:00,1935.17,LONG,1933.1917857142857,1938.1373214285716,1.9782142857142648,29787,2022-03-03 13:20:00,1933.1917857142857,SL,-1.0,-1.97821428571433,1
2022-03-03 14:45:00,1930.56,SHORT,1933.4030714285714,1926.2953928571428,2.8430714285714367,29805,2022-03-03 14:55:00,1926.2953928571428,TP,1.5,4.26460714285713,2
2022-03-03 16:05:00,1927.493,SHORT,1929.8829285714285,1923.908107142857,2.3899285714285594,29821,2022-03-03 16:20:00,1923.908107142857,TP,1.5,3.584892857142904,3
2022-03-03 17:40:00,1931.747,LONG,1929.7195000000002,1934.78825,2.0275000000000154,29840,2022-03-03 18:30:00,1934.78825,TP,1.5,3.041249999999991,10
2022-03-03 19:25:00,1933.346,LONG,1931.9322142857143,1935.4666785714287,1.413785714285739,29861,2022-03-03 20:00:00,1935.4666785714287,TP,1.5,2.120678571428698,7
2022-03-03 21:00:00,1938.1,LONG,1936.2825714285714,1940.8261428571427,1.8174285714285523,29880,2022-03-03 21:10:00,1936.2825714285714,SL,-1.0,-1.817428571428536,2
2022-03-03 21:20:00,1937.55,LONG,1935.87,1940.07,1.6799999999999824,29884,2022-03-03 21:45:00,1935.87,SL,-1.0,-1.6800000000000637,5
2022-03-03 23:00:00,1936.957,LONG,1935.7709285714286,1938.7361071428572,1.1860714285713811,29892,2022-03-03 23:10:00,1935.7709285714286,SL,-1.0,-1.1860714285714948,2
2022-03-03 23:20:00,1935.527,LONG,1934.5477857142857,1936.9958214285714,0.9792142857142088,29896,2022-03-04 00:05:00,1936.9958214285714,TP,1.5,1.4688214285713457,9
2022-03-04 03:35:00,1939.918,LONG,1938.3055,1942.33675,1.6124999999999707,29947,2022-03-04 04:15:00,1938.3055,SL,-1.0,-1.6124999999999545,8
2022-03-04 04:40:00,1939.588,LONG,1938.2284285714286,1941.6273571428571,1.3595714285714198,29960,2022-03-04 05:35:00,1938.2284285714286,SL,-1.0,-1.3595714285713711,11
2022-03-04 05:50:00,1936.037,SHORT,1937.1740714285716,1934.3313928571429,1.1370714285714516,29974,2022-03-04 06:10:00,1937.1740714285716,SL,-1.0,-1.1370714285715167,4
2022-03-04 07:05:00,1935.77,SHORT,1937.1252142857143,1933.7371785714286,1.3552142857142664,29989,2022-03-04 07:15:00,1937.1252142857143,SL,-1.0,-1.3552142857142826,2
2022-03-04 08:05:00,1936.618,SHORT,1938.1572857142855,1934.3090714285713,1.5392857142856948,30001,2022-03-04 08:10:00,1934.3090714285713,TP,1.5,2.3089285714286234,1
2022-03-04 08:40:00,1938.358,SHORT,1940.1702857142857,1935.6395714285713,1.812285714285687,30008,2022-03-04 09:05:00,1940.1702857142857,SL,-1.0,-1.8122857142857356,5
2022-03-04 12:55:00,1945.548,LONG,1943.9107857142858,1948.0038214285714,1.6372142857143217,30059,2022-03-04 13:00:00,1943.9107857142858,SL,-1.0,-1.637214285714208,1
2022-03-04 13:10:00,1942.748,LONG,1940.8190714285715,1945.641392857143,1.9289285714285955,30062,2022-03-04 13:20:00,1945.641392857143,TP,1.5,2.8933928571429988,2
2022-03-04 14:00:00,1947.369,LONG,1944.519357142857,1951.6434642857141,2.849642857142856,30072,2022-03-04 14:30:00,1951.6434642857141,TP,1.5,4.274464285714203,6
2022-03-04 15:25:00,1954.998,LONG,1950.299785714286,1962.0453214285715,4.6982142857142275,30089,2022-03-04 16:20:00,1962.0453214285715,TP,1.5,7.047321428571422,11
2022-03-04 17:55:00,1961.983,LONG,1960.1108571428572,1964.7912142857142,1.8721428571428598,30119,2022-03-04 18:30:00,1964.7912142857142,TP,1.5,2.808214285714257,7
2022-03-04 18:40:00,1965.403,LONG,1963.7738571428572,1967.8467142857144,1.6291428571428566,30128,2022-03-04 18:50:00,1963.7738571428572,SL,-1.0,-1.6291428571428241,2
2022-03-04 20:05:00,1967.708,LONG,1965.949285714286,1970.3460714285716,1.7587142857142584,30145,2022-03-04 21:05:00,1965.949285714286,SL,-1.0,-1.758714285714177,12
2022-03-04 21:10:00,1968.898,LONG,1967.1729285714284,1971.4856071428571,1.725071428571417,30158,2022-03-06 23:00:00,1971.4856071428571,TP,1.5,2.587607142857223,10
2022-03-07 02:15:00,1994.102,LONG,1990.8679285714286,1998.953107142857,3.2340714285713994,30207,2022-03-07 02:30:00,1990.8679285714286,SL,-1.0,-3.2340714285714967,3
2022-03-07 02:40:00,1990.488,LONG,1987.2803571428572,1995.2994642857143,3.2076428571428193,30212,2022-03-07 02:55:00,1987.2803571428572,SL,-1.0,-3.2076428571429005,3
2022-03-07 07:00:00,1981.548,SHORT,1984.0432142857144,1977.8051785714285,2.4952142857142854,30264,2022-03-07 07:30:00,1984.0432142857144,SL,-1.0,-2.4952142857143826,6
2022-03-07 13:05:00,1983.998,SHORT,1988.0087142857144,1977.9819285714286,4.010714285714276,30337,2022-03-07 13:15:00,1977.9819285714286,TP,1.5,6.016071428571422,2
2022-03-07 14:15:00,1971.018,SHORT,1977.200857142857,1961.7437142857143,6.182857142857172,30351,2022-03-07 14:30:00,1977.200857142857,SL,-1.0,-6.182857142857074,3
2022-03-07 15:00:00,1979.749,SHORT,1984.803,1972.1680000000001,5.05399999999999,30360,2022-03-07 15:35:00,1984.803,SL,-1.0,-5.054000000000087,7
2022-03-07 15:45:00,1987.952,SHORT,1993.2306428571428,1980.0340357142857,5.278642857142846,30369,2022-03-07 15:55:00,1980.0340357142857,TP,1.5,7.9179642857143335,2
2022-03-07 16:40:00,1979.392,SHORT,1983.7057857142856,1972.9213214285714,4.313785714285684,30380,2022-03-07 17:00:00,1983.7057857142856,SL,-1.0,-4.313785714285586,4
2022-03-07 20:30:00,1994.918,LONG,1992.8644285714286,1997.998357142857,2.053571428571445,30426,2022-03-07 20:50:00,1997.998357142857,TP,1.5,3.0803571428571104,4
2022-03-07 21:45:00,1998.118,LONG,1996.3320714285715,2000.7968928571427,1.7859285714285502,30441,2022-03-07 21:50:00,1996.3320714285715,SL,-1.0,-1.7859285714284852,1
2022-03-07 23:10:00,1998.678,LONG,1997.1419285714287,2000.9821071428573,1.5360714285714363,30446,2022-03-07 23:20:00,1997.1419285714287,SL,-1.0,-1.5360714285714039,2
2022-03-07 23:50:00,1998.968,LONG,1997.5096428571428,2001.1555357142859,1.4583571428571531,30454,2022-03-08 00:20:00,1997.5096428571428,SL,-1.0,-1.4583571428572668,6
2022-03-08 02:30:00,1985.672,SHORT,1987.7668571428571,1982.5297142857144,2.0948571428571086,30486,2022-03-08 02:35:00,1987.7668571428571,SL,-1.0,-2.0948571428571086,1
2022-03-08 02:50:00,1988.192,SHORT,1989.9361428571428,1985.5757857142858,1.7441428571428494,30490,2022-03-08 03:00:00,1989.9361428571428,SL,-1.0,-1.7441428571428332,2
2022-03-08 03:00:00,1988.442,SHORT,1990.0892857142858,1985.9710714285713,1.647285714285707,30492,2022-03-08 03:30:00,1985.9710714285713,TP,1.5,2.470928571428658,6
2022-03-08 05:50:00,1992.468,LONG,1990.817,1994.9445,1.6510000000000022,30526,2022-03-08 06:00:00,1994.9445,TP,1.5,2.4764999999999873,2
2022-03-08 08:40:00,2006.46,LONG,2001.4677857142858,2013.9483214285715,4.992214285714291,30560,2022-03-08 12:30:00,2013.9483214285715,TP,1.5,7.488321428571453,46
2022-03-08 13:05:00,2007.868,LONG,2004.4591428571428,2012.9812857142856,3.408857142857122,30613,2022-03-08 13:10:00,2012.9812857142856,TP,1.5,5.1132857142856665,1
2022-03-08 18:40:00,2047.048,LONG,2039.2217142857144,2058.7874285714283,7.826285714285697,30680,2022-03-08 19:05:00,2039.2217142857144,SL,-1.0,-7.826285714285632,5
2022-03-08 23:20:00,2048.958,LONG,2047.1900000000003,2051.6099999999997,1.7679999999998668,30724,2022-03-08 23:30:00,2047.1900000000003,SL,-1.0,-1.7679999999998017,2
2022-03-09 01:35:00,2039.798,SHORT,2042.8608571428572,2035.2037142857143,3.0628571428571183,30751,2022-03-09 02:00:00,2042.8608571428572,SL,-1.0,-3.062857142857183,5
2022-03-09 05:00:00,2053.318,LONG,2051.4772857142857,2056.0790714285718,1.8407142857144143,30792,2022-03-09 05:10:00,2056.0790714285718,TP,1.5,2.7610714285715403,2
2022-03-09 05:20:00,2056.24,LONG,2054.3414285714284,2059.087857142857,1.8985714285714559,30796,2022-03-09 05:30:00,2054.3414285714284,SL,-1.0,-1.8985714285713584,2
2022-03-09 05:55:00,2047.908,LONG,2045.3342857142857,2051.7685714285712,2.573714285714313,30803,2022-03-09 06:35:00,2051.7685714285712,TP,1.5,3.8605714285713475,8
2022-03-09 06:55:00,2048.988,SHORT,2051.832857142857,2044.7207142857142,2.844857142857125,30815,2022-03-09 07:05:00,2044.7207142857142,TP,1.5,4.267285714285663,2
2022-03-09 12:40:00,2018.192,SHORT,2021.2225,2013.64625,3.0305000000000257,30884,2022-03-09 12:55:00,2013.64625,TP,1.5,4.545749999999998,3
2022-03-09 15:20:00,1993.128,SHORT,1998.7975,1984.62375,5.66950000000002,30916,2022-03-09 16:05:00,1998.7975,SL,-1.0,-5.669499999999971,9
2022-03-09 20:00:00,1988.602,SHORT,1992.1267142857143,1983.3149285714287,3.5247142857143023,30972,2022-03-09 20:10:00,1992.1267142857143,SL,-1.0,-3.5247142857142535,2
2022-03-09 20:45:00,1991.032,SHORT,1994.5375714285715,1985.7736428571427,3.505571428571443,30981,2022-03-09 20:55:00,1994.5375714285715,SL,-1.0,-3.5055714285715567,2
2022-03-09 21:45:00,1991.578,LONG,1988.937,1995.5395,2.6410000000000116,30993,2022-03-09 23:00:00,1988.937,SL,-1.0,-2.6410000000000764,3
2022-03-09 23:00:00,1992.038,LONG,1989.3307857142856,1996.0988214285715,2.707214285714307,30996,2022-03-09 23:40:00,1989.3307857142856,SL,-1.0,-2.7072142857143717,8
2022-03-10 00:05:00,1988.758,SHORT,1990.6291428571428,1985.9512857142859,1.871142857142851,31009,2022-03-10 00:25:00,1985.9512857142859,TP,1.5,2.806714285714179,4
2022-03-10 02:45:00,1974.622,SHORT,1976.4428571428573,1971.8907142857142,1.8208571428571727,31041,2022-03-10 03:20:00,1976.4428571428573,SL,-1.0,-1.8208571428572213,7
2022-03-10 03:45:00,1977.948,SHORT,1979.5792142857144,1975.5011785714287,1.6312142857142848,31053,2022-03-10 03:50:00,1975.5011785714287,TP,1.5,2.446821428571411,1
2022-03-10 04:20:00,1975.558,SHORT,1977.0490714285713,1973.3213928571429,1.4910714285714124,31060,2022-03-10 04:25:00,1977.0490714285713,SL,-1.0,-1.4910714285713311,1
2022-03-10 07:25:00,1981.562,LONG,1979.1910714285714,1985.118392857143,2.370928571428603,31097,2022-03-10 07:30:00,1979.1910714285714,SL,-1.0,-2.3709285714285215,1
2022-03-10 08:05:00,1980.248,SHORT,1983.5980714285715,1975.2228928571428,3.3500714285714333,31105,2022-03-10 08:10:00,1983.5980714285715,SL,-1.0,-3.350071428571482,1
2022-03-10 08:35:00,1986.418,LONG,1983.1312857142857,1991.3480714285713,3.286714285714262,31111,2022-03-10 08:45:00,1983.1312857142857,SL,-1.0,-3.286714285714197,2
2022-03-10 09:35:00,1982.178,LONG,1979.0763571428572,1986.8304642857145,3.1016428571428736,31123,2022-03-10 09:55:00,1986.8304642857145,TP,1.5,4.652464285714359,4
2022-03-10 13:15:00,2006.398,LONG,2002.5384999999999,2012.18725,3.8594999999999766,31167,2022-03-10 13:20:00,2002.5384999999999,SL,-1.0,-3.8595000000000255,1
2022-03-10 16:15:00,1994.902,SHORT,1999.323,1988.2705,4.421000000000049,31203,2022-03-10 17:05:00,1999.323,SL,-1.0,-4.421000000000049,10
2022-03-10 17:10:00,1996.866,SHORT,1999.9112857142857,1992.2980714285713,3.0452857142857153,31214,2022-03-10 17:15:00,1999.9112857142857,SL,-1.0,-3.045285714285683,1
2022-03-10 23:30:00,1996.652,SHORT,1997.760142857143,1994.9897857142857,1.1081428571428336,31278,2022-03-10 23:40:00,1994.9897857142857,TP,1.5,1.662214285714299,2
2022-03-10 23:40:00,1994.568,SHORT,1995.8695,1992.61575,1.3014999999999677,31280,2022-03-10 23:45:00,1995.8695,SL,-1.0,-1.3015000000000327,1
2022-03-10 23:50:00,1994.598,SHORT,1996.0609285714286,1992.403607142857,1.4629285714285547,31282,2022-03-11 00:00:00,1996.0609285714286,SL,-1.0,-1.4629285714286198,2
2022-03-11 00:10:00,1994.018,SHORT,1995.8473571428572,1991.2739642857143,1.829357142857134,31286,2022-03-11 00:25:00,1995.8473571428572,SL,-1.0,-1.829357142857134,3
2022-03-11 00:40:00,1994.568,SHORT,1996.2427857142857,1992.0558214285716,1.6747857142856901,31292,2022-03-11 00:50:00,1992.0558214285716,TP,1.5,2.5121785714284215,2
2022-03-11 01:50:00,1994.092,SHORT,1996.3092857142858,1990.7660714285716,2.217285714285676,31306,2022-03-11 02:35:00,1996.3092857142858,SL,-1.0,-2.2172857142857083,9
2022-03-11 02:40:00,1994.978,SHORT,1996.364857142857,1992.8977142857143,1.3868571428571062,31316,2022-03-11 03:05:00,1992.8977142857143,TP,1.5,2.0802857142857647,5
2022-03-11 03:05:00,1991.648,SHORT,1992.9485714285713,1989.6971428571428,1.3005714285714183,31321,2022-03-11 03:15:00,1992.9485714285713,SL,-1.0,-1.300571428571402,2
2022-03-11 03:20:00,1992.008,SHORT,1993.2464285714286,1990.1503571428573,1.238428571428569,31324,2022-03-11 04:10:00,1990.1503571428573,TP,1.5,1.8576428571427641,10
2022-03-11 06:35:00,1986.178,SHORT,1988.3545000000001,1982.91325,2.1765000000000003,31363,2022-03-11 07:05:00,1982.91325,TP,1.5,3.264750000000049,6
2022-03-11 10:15:00,1991.878,LONG,1990.1885714285713,1994.4121428571427,1.6894285714285584,31407,2022-03-11 11:00:00,1990.1885714285713,SL,-1.0,-1.689428571428607,9
2022-03-11 11:15:00,1990.068,LONG,1988.3242857142857,1992.6835714285714,1.7437142857142882,31419,2022-03-11 11:20:00,1988.3242857142857,SL,-1.0,-1.7437142857143044,1
2022-03-11 11:30:00,1979.292,SHORT,1982.3809999999999,1974.6585,3.0890000000000066,31422,2022-03-11 11:40:00,1974.6585,TP,1.5,4.633499999999913,2
2022-03-11 13:15:00,1972.692,SHORT,1977.555,1965.3975,4.8629999999999916,31443,2022-03-11 13:30:00,1965.3975,TP,1.5,7.294499999999971,3
2022-03-11 13:40:00,1964.278,SHORT,1968.702142857143,1957.6417857142858,4.424142857142848,31448,2022-03-11 14:05:00,1968.702142857143,SL,-1.0,-4.424142857142897,5
2022-03-11 15:35:00,1976.222,SHORT,1980.6945714285714,1969.5131428571428,4.4725714285714115,31471,2022-03-11 16:00:00,1980.6945714285714,SL,-1.0,-4.4725714285714275,5
2022-03-11 18:35:00,1985.188,LONG,1983.0485714285714,1988.397142857143,2.1394285714286037,31507,2022-03-11 18:45:00,1983.0485714285714,SL,-1.0,-2.1394285714286525,2
2022-03-11 18:55:00,1985.812,LONG,1983.5935714285713,1989.139642857143,2.2184285714286034,31511,2022-03-11 19:00:00,1983.5935714285713,SL,-1.0,-2.2184285714286034,1
2022-03-11 19:05:00,1986.118,LONG,1983.7145714285714,1989.7231428571429,2.4034285714285977,31513,2022-03-11 20:25:00,1983.7145714285714,SL,-1.0,-2.403428571428549,16
2022-03-11 21:55:00,1988.248,LONG,1986.6768571428572,1990.6047142857142,1.5711428571428152,31547,2022-03-13 22:00:00,1986.6768571428572,SL,-1.0,-1.5711428571428314,1
2022-03-13 23:10:00,1978.688,SHORT,1982.4675714285715,1973.018642857143,3.7795714285714275,31562,2022-03-13 23:45:00,1973.018642857143,TP,1.5,5.669357142857052,7
2022-03-14 00:50:00,1977.288,SHORT,1979.2785714285715,1974.3021428571428,1.9905714285714404,31582,2022-03-14 01:00:00,1974.3021428571428,TP,1.5,2.985857142857185,2
2022-03-14 01:40:00,1974.828,SHORT,1976.9104285714286,1971.7043571428571,2.0824285714285713,31592,2022-03-14 02:50:00,1971.7043571428571,TP,1.5,3.1236428571428405,14
2022-03-14 04:00:00,1974.318,SHORT,1975.488,1972.5629999999999,1.1700000000000077,31620,2022-03-14 04:15:00,1975.488,SL,-1.0,-1.1700000000000728,3
2022-03-14 05:45:00,1972.718,SHORT,1973.9558571428572,1970.8612142857144,1.23785714285717,31641,2022-03-14 05:55:00,1973.9558571428572,SL,-1.0,-1.2378571428571377,2
2022-03-14 06:20:00,1973.198,SHORT,1974.5781428571431,1971.1277857142857,1.3801428571429142,31648,2022-03-14 06:35:00,1974.5781428571431,SL,-1.0,-1.3801428571430279,3
2022-03-14 07:30:00,1973.528,SHORT,1975.248,1970.948,1.720000000000011,31662,2022-03-14 07:40:00,1975.248,SL,-1.0,-1.7200000000000273,2
2022-03-14 11:10:00,1961.971,SHORT,1964.346,1958.4085,2.3749999999999676,31706,2022-03-14 11:20:00,1958.4085,TP,1.5,3.5625,2
2022-03-14 12:10:00,1963.597,SHORT,1967.1191428571428,1958.3137857142856,3.5221428571428697,31718,2022-03-14 12:20:00,1967.1191428571428,SL,-1.0,-3.5221428571428532,2
2022-03-14 13:10:00,1959.344,SHORT,1962.5508571428572,1954.5337142857143,3.206857142857156,31730,2022-03-14 13:15:00,1962.5508571428572,SL,-1.0,-3.2068571428571886,1
2022-03-14 13:25:00,1960.946,SHORT,1964.1532142857143,1956.1351785714285,3.2072142857142905,31733,2022-03-14 13:45:00,1956.1351785714285,TP,1.5,4.810821428571444,4
2022-03-14 14:10:00,1954.428,SHORT,1958.5763571428572,1948.2054642857145,4.148357142857143,31742,2022-03-14 14:25:00,1958.5763571428572,SL,-1.0,-4.148357142857094,3
2022-03-14 14:45:00,1956.101,SHORT,1959.9765000000002,1950.2877500000002,3.8755000000000046,31749,2022-03-14 16:45:00,1959.9765000000002,SL,-1.0,-3.875500000000102,24
2022-03-14 17:30:00,1957.028,SHORT,1959.0315714285714,1954.022642857143,2.0035714285713766,31782,2022-03-14 17:35:00,1959.0315714285714,SL,-1.0,-2.0035714285713766,1
2022-03-14 17:50:00,1957.172,SHORT,1959.342,1953.9170000000001,2.1699999999999915,31786,2022-03-14 18:20:00,1953.9170000000001,TP,1.5,3.2549999999998818,6
2022-03-14 19:45:00,1953.768,SHORT,1955.5715,1951.06275,1.8035000000000017,31809,2022-03-14 20:15:00,1951.06275,TP,1.5,2.705249999999978,6
2022-03-14 20:30:00,1953.468,SHORT,1955.1287142857143,1950.9769285714287,1.6607142857142858,31818,2022-03-14 20:55:00,1950.9769285714287,TP,1.5,2.491071428571331,5
2022-03-14 20:55:00,1950.458,SHORT,1951.8334285714286,1948.3948571428573,1.3754285714285612,31823,2022-03-14 22:00:00,1951.8334285714286,SL,-1.0,-1.3754285714285288,1
2022-03-14 22:20:00,1952.768,SHORT,1953.9486428571429,1950.9970357142856,1.1806428571428569,31828,2022-03-14 22:55:00,1953.9486428571429,SL,-1.0,-1.1806428571428569,7
2022-03-14 22:55:00,1953.222,SHORT,1954.2189285714285,1951.7266071428571,0.996928571428579,31835,2022-03-14 23:00:00,1951.7266071428571,TP,1.5,1.4953928571428605,1
2022-03-14 23:35:00,1953.298,SHORT,1954.3334285714286,1951.7448571428572,1.0354285714285945,31843,2022-03-15 00:00:00,1951.7448571428572,TP,1.5,1.5531428571428023,5
2022-03-15 02:20:00,1941.938,SHORT,1944.1490714285715,1938.621392857143,2.2110714285714232,31876,2022-03-15 02:25:00,1944.1490714285715,SL,-1.0,-2.2110714285713584,1
2022-03-15 02:55:00,1942.978,SHORT,1944.6948571428572,1940.4027142857144,1.7168571428571309,31883,2022-03-15 04:05:00,1940.4027142857144,TP,1.5,2.5752857142856556,14
2022-03-15 09:15:00,1931.649,SHORT,1934.1627142857142,1927.8784285714285,2.5137142857142862,31959,2022-03-15 09:45:00,1927.8784285714285,TP,1.5,3.7705714285714294,6
2022-03-15 10:45:00,1929.708,SHORT,1931.7832142857144,1926.5951785714285,2.0752142857143423,31977,2022-03-15 10:50:00,1926.5951785714285,TP,1.5,3.1128214285715785,1
2022-03-15 12:00:00,1925.759,SHORT,1928.3565714285714,1921.8626428571429,2.597571428571411,31992,2022-03-15 12:15:00,1928.3565714285714,SL,-1.0,-2.5975714285714275,3
2022-03-15 12:20:00,1923.526,SHORT,1926.0505,1919.73925,2.5245000000000215,31996,2022-03-15 12:30:00,1919.73925,TP,1.5,3.7867499999999836,2
2022-03-15 12:45:00,1920.988,SHORT,1924.1397857142858,1916.2603214285714,3.1517857142857957,32001,2022-03-15 13:00:00,1924.1397857142858,SL,-1.0,-3.1517857142857792,3
2022-03-15 13:05:00,1920.509,SHORT,1924.1812857142859,1915.0005714285712,3.672285714285798,32005,2022-03-15 13:20:00,1915.0005714285712,TP,1.5,5.508428571428794,3
2022-03-15 13:45:00,1921.708,SHORT,1925.7779285714287,1915.6031071428572,4.069928571428591,32013,2022-03-15 14:05:00,1915.6031071428572,TP,1.5,6.104892857142886,4
2022-03-15 15:00:00,1914.378,SHORT,1918.061857142857,1908.8522142857141,3.6838571428571476,32028,2022-03-15 15:15:00,1918.061857142857,SL,-1.0,-3.6838571428570503,3
2022-03-15 15:15:00,1915.648,SHORT,1919.051857142857,1910.5422142857142,3.4038571428571265,32031,2022-03-15 15:20:00,1919.051857142857,SL,-1.0,-3.4038571428570776,1
2022-03-15 15:30:00,1918.158,SHORT,1921.2606428571428,1913.5040357142857,3.1026428571428335,32034,2022-03-15 15:50:00,1921.2606428571428,SL,-1.0,-3.1026428571428823,4
2022-03-15 22:15:00,1917.213,SHORT,1918.6183571428571,1915.1049642857142,1.4053571428571396,32103,2022-03-15 22:30:00,1915.1049642857142,TP,1.5,2.1080357142857338,3
2022-03-15 23:25:00,1916.778,SHORT,1917.7412142857142,1915.3331785714286,0.9632142857142624,32117,2022-03-15 23:35:00,1917.7412142857142,SL,-1.0,-0.9632142857142298,2
2022-03-16 02:05:00,1920.648,LONG,1919.0199285714284,1923.090107142857,1.6280714285713884,32149,2022-03-16 02:10:00,1919.0199285714284,SL,-1.0,-1.628071428571502,1
2022-03-16 02:50:00,1920.978,LONG,1919.7049285714286,1922.8876071428572,1.2730714285714189,32158,2022-03-16 03:10:00,1919.7049285714286,SL,-1.0,-1.273071428571484,4
2022-03-16 03:35:00,1918.453,SHORT,1919.427642857143,1916.9910357142858,0.9746428571428558,32167,2022-03-16 04:00:00,1916.9910357142858,TP,1.5,1.4619642857142026,5
2022-03-16 04:55:00,1916.583,SHORT,1917.7119285714286,1914.8896071428571,1.1289285714285922,32183,2022-03-16 05:35:00,1917.7119285714286,SL,-1.0,-1.1289285714285597,8
2022-03-16 07:30:00,1916.753,SHORT,1918.4965714285713,1914.137642857143,1.7435714285713857,32214,2022-03-16 07:40:00,1914.137642857143,TP,1.5,2.615357142856965,2
2022-03-16 08:00:00,1914.938,SHORT,1916.6819285714287,1912.3221071428572,1.7439285714285364,32220,2022-03-16 08:15:00,1916.6819285714287,SL,-1.0,-1.7439285714285688,3
2022-03-16 08:15:00,1913.228,SHORT,1915.1743571428572,1910.3084642857143,1.9463571428571445,32223,2022-03-16 08:25:00,1915.1743571428572,SL,-1.0,-1.9463571428570958,2
2022-03-16 08:30:00,1915.263,SHORT,1917.3232857142857,1912.1725714285712,2.060285714285718,32226,2022-03-16 08:40:00,1917.3232857142857,SL,-1.0,-2.060285714285783,2
2022-03-16 10:50:00,1922.213,LONG,1920.141357142857,1925.3204642857143,2.071642857142836,32254,2022-03-16 11:40:00,1925.3204642857143,TP,1.5,3.1074642857142862,10
2022-03-16 14:10:00,1911.408,SHORT,1914.744857142857,1906.4027142857142,3.3368571428571516,32294,2022-03-16 14:15:00,1906.4027142857142,TP,1.5,5.005285714285719,1
2022-03-16 14:45:00,1912.368,SHORT,1916.6352142857143,1905.9671785714286,4.267214285714284,32301,2022-03-16 18:00:00,1905.9671785714286,TP,1.5,6.400821428571362,39
2022-03-16 18:05:00,1912.418,SHORT,1914.9487857142856,1908.6218214285714,2.5307857142856682,32341,2022-03-16 18:10:00,1908.6218214285714,TP,1.5,3.796178571428527,1
2022-03-16 20:55:00,1927.278,LONG,1925.2658571428572,1930.2962142857143,2.0121428571428948,32375,2022-03-16 22:00:00,1925.2658571428572,SL,-1.0,-2.0121428571428623,1
2022-03-16 23:55:00,1926.898,LONG,1925.720357142857,1928.664464285714,1.1776428571428303,32399,2022-03-17 00:00:00,1925.720357142857,SL,-1.0,-1.1776428571429278,1
2022-03-17 00:05:00,1927.153,LONG,1925.9582142857143,1928.9451785714286,1.1947857142856881,32401,2022-03-17 00:35:00,1925.9582142857143,SL,-1.0,-1.194785714285672,6
2022-03-17 01:20:00,1927.758,LONG,1926.4340714285715,1929.7438928571428,1.3239285714285611,32416,2022-03-17 01:25:00,1929.7438928571428,TP,1.5,1.985892857142744,1
2022-03-17 01:35:00,1933.298,LONG,1931.6194285714287,1935.815857142857,1.6785714285714124,32419,2022-03-17 02:45:00,1935.815857142857,TP,1.5,2.5178571428571104,14
2022-03-17 04:20:00,1936.058,LONG,1934.953,1937.7155,1.1049999999999858,32452,2022-03-17 04:40:00,1934.953,SL,-1.0,-1.1050000000000182,4
2022-03-17 05:20:00,1933.598,LONG,1932.5582857142856,1935.1575714285714,1.039714285714256,32464,2022-03-17 05:35:00,1935.1575714285714,TP,1.5,1.5595714285714166,3
2022-03-17 05:45:00,1935.453,LONG,1934.2817857142857,1937.2098214285713,1.171214285714281,32469,2022-03-17 05:55:00,1934.2817857142857,SL,-1.0,-1.1712142857143135,2
2022-03-17 06:40:00,1933.738,LONG,1932.4275,1935.7037500000001,1.3105000000000149,32480,2022-03-17 06:50:00,1932.4275,SL,-1.0,-1.3105000000000473,2
2022-03-17 07:40:00,1933.608,SHORT,1935.3017857142856,1931.0673214285714,1.6937857142856956,32492,2022-03-17 07:55:00,1935.3017857142856,SL,-1.0,-1.6937857142856956,3
2022-03-17 07:55:00,1935.388,LONG,1933.6560714285713,1937.9858928571427,1.7319285714285766,32495,2022-03-17 08:20:00,1937.9858928571427,TP,1.5,2.597892857142824,5
2022-03-17 09:25:00,1937.57,LONG,1935.6147857142857,1940.5028214285715,1.955214285714273,32513,2022-03-17 09:35:00,1940.5028214285715,TP,1.5,2.932821428571515,2
2022-03-17 10:25:00,1942.0,LONG,1939.7684285714286,1945.3473571428572,2.231571428571442,32525,2022-03-17 11:10:00,1945.3473571428572,TP,1.5,3.347357142857163,9
2022-03-17 11:40:00,1946.248,LONG,1944.6260714285715,1948.680892857143,1.6219285714285465,32540,2022-03-17 11:45:00,1944.6260714285715,SL,-1.0,-1.621928571428498,1
2022-03-17 11:55:00,1943.128,LONG,1941.235357142857,1945.966964285714,1.8926428571428298,32543,2022-03-17 12:00:00,1941.235357142857,SL,-1.0,-1.892642857142846,1
2022-03-17 12:10:00,1942.678,LONG,1940.4465714285716,1946.025142857143,2.231428571428572,32546,2022-03-17 12:15:00,1940.4465714285716,SL,-1.0,-2.2314285714285234,1
2022-03-17 12:55:00,1938.828,LONG,1935.409642857143,1943.9555357142858,3.4183571428571895,32555,2022-03-17 13:35:00,1943.9555357142858,TP,1.5,5.127535714285841,8
2022-03-17 13:50:00,1942.944,LONG,1939.8307857142856,1947.6138214285713,3.1132142857142884,32566,2022-03-17 14:25:00,1947.6138214285713,TP,1.5,4.6698214285713675,7
2022-03-17 17:05:00,1945.168,LONG,1943.4451428571429,1947.7522857142856,1.7228571428571513,32605,2022-03-17 17:25:00,1943.4451428571429,SL,-1.0,-1.7228571428570376,4
2022-03-17 19:05:00,1940.558,SHORT,1941.9536428571428,1938.4645357142858,1.39564285714284,32629,2022-03-17 19:30:00,1938.4645357142858,TP,1.5,2.0934642857141625,5
2022-03-17 20:40:00,1941.038,SHORT,1942.5331428571428,1938.7952857142857,1.4951428571428582,32648,2022-03-17 20:50:00,1942.5331428571428,SL,-1.0,-1.4951428571428096,2
2022-03-17 22:40:00,1940.178,SHORT,1941.2797142857144,1938.5254285714286,1.1017142857142679,32660,2022-03-17 22:45:00,1941.2797142857144,SL,-1.0,-1.1017142857142517,1
2022-03-17 23:00:00,1941.708,LONG,1940.6570000000002,1943.2845,1.0509999999999633,32664,2022-03-17 23:55:00,1943.2845,TP,1.5,1.5764999999998963,11
2022-03-18 00:50:00,1942.668,LONG,1941.5739999999998,1944.309,1.0940000000000023,32686,2022-03-18 00:55:00,1941.5739999999998,SL,-1.0,-1.094000000000051,1
2022-03-18 01:35:00,1941.198,LONG,1939.8080714285716,1943.282892857143,1.389928571428592,32695,2022-03-18 01:40:00,1939.8080714285716,SL,-1.0,-1.389928571428527,1
2022-03-18 01:40:00,1939.588,SHORT,1941.054357142857,1937.3884642857142,1.466357142857175,32696,2022-03-18 01:55:00,1937.3884642857142,TP,1.5,2.19953571428573,3
2022-03-18 04:30:00,1934.303,SHORT,1936.063,1931.663,1.7600000000000395,32730,2022-03-18 05:15:00,1931.663,TP,1.5,2.6400000000001,9
2022-03-18 05:40:00,1934.558,SHORT,1935.8262142857143,1932.6556785714286,1.2682142857142773,32744,2022-03-18 06:00:00,1932.6556785714286,TP,1.5,1.9023214285714403,4
2022-03-18 07:15:00,1933.278,SHORT,1934.598,1931.298,1.3200000000000014,32763,2022-03-18 07:25:00,1934.598,SL,-1.0,-1.3199999999999363,2
2022-03-18 07:45:00,1933.548,SHORT,1935.1517857142858,1931.1423214285714,1.6037857142857288,32769,2022-03-18 08:05:00,1935.1517857142858,SL,-1.0,-1.6037857142857774,4
2022-03-18 09:20:00,1932.992,SHORT,1934.7002142857143,1930.4296785714287,1.7082142857142668,32788,2022-03-18 09:30:00,1930.4296785714287,TP,1.5,2.5623214285712947,2
2022-03-18 10:10:00,1933.643,SHORT,1935.1992857142857,1931.3085714285714,1.5562857142856987,32798,2022-03-18 10:40:00,1931.3085714285714,TP,1.5,2.334428571428589,6
2022-03-18 10:40:00,1931.193,SHORT,1932.8804285714286,1928.6618571428571,1.6874285714285406,32804,2022-03-18 10:50:00,1932.8804285714286,SL,-1.0,-1.6874285714286543,2
2022-03-18 12:25:00,1937.823,LONG,1935.8246428571429,1940.8205357142858,1.9983571428571654,32825,2022-03-18 12:50:00,1935.8246428571429,SL,-1.0,-1.9983571428572304,5
2022-03-18 14:00:00,1930.223,SHORT,1934.8246428571429,1923.3205357142856,4.601642857142873,32844,2022-03-18 14:35:00,1934.8246428571429,SL,-1.0,-4.601642857142906,7
2022-03-18 14:55:00,1936.148,SHORT,1939.322357142857,1931.3864642857143,3.1743571428571613,32855,2022-03-18 15:40:00,1931.3864642857143,TP,1.5,4.761535714285628,9
2022-03-18 17:50:00,1930.168,SHORT,1931.7397857142855,1927.8103214285713,1.571785714285706,32890,2022-03-18 18:20:00,1927.8103214285713,TP,1.5,2.3576785714285506,6
2022-03-18 18:55:00,1923.568,SHORT,1925.050857142857,1921.3437142857142,1.4828571428571098,32903,2022-03-18 19:00:00,1921.3437142857142,TP,1.5,2.22428571428577,1
2022-03-20 22:05:00,1924.108,SHORT,1925.7516428571428,1921.6425357142857,1.6436428571428874,32929,2022-03-20 22:10:00,1921.6425357142857,TP,1.5,2.4654642857142335,1
2022-03-20 23:00:00,1919.698,SHORT,1921.7165714285716,1916.670142857143,2.018571428571412,32940,2022-03-21 00:20:00,1921.7165714285716,SL,-1.0,-2.0185714285714766,16
2022-03-21 01:15:00,1922.788,LONG,1921.5047857142856,1924.7128214285715,1.283214285714296,32967,2022-03-21 01:25:00,1924.7128214285715,TP,1.5,1.9248214285714766,2
2022-03-21 01:30:00,1924.628,LONG,1923.2591428571427,1926.6812857142857,1.3688571428571419,32970,2022-03-21 01:40:00,1926.6812857142857,TP,1.5,2.053285714285721,2
2022-03-21 02:45:00,1926.358,LONG,1925.2955,1927.95175,1.0625000000000324,32985,2022-03-21 02:50:00,1925.2955,SL,-1.0,-1.0625,1
2022-03-21 03:20:00,1925.668,LONG,1924.8204999999998,1926.93925,0.8474999999999844,32992,2022-03-21 03:25:00,1926.93925,TP,1.5,1.271250000000009,1
2022-03-21 04:00:00,1926.483,LONG,1925.8005,1927.50675,0.6824999999999883,33000,2022-03-21 04:05:00,1927.50675,TP,1.5,1.0237500000000637,1
2022-03-21 04:20:00,1927.588,LONG,1926.8190714285713,1928.7413928571427,0.7689285714285786,33004,2022-03-21 04:45:00,1928.7413928571427,TP,1.5,1.1533928571427623,5
2022-03-21 05:25:00,1927.388,LONG,1926.655714285714,1928.4864285714286,0.7322857142857596,33017,2022-03-21 05:30:00,1926.655714285714,SL,-1.0,-0.7322857142858084,1
2022-03-21 05:30:00,1927.908,LONG,1927.1546428571428,1929.0380357142856,0.7533571428571771,33018,2022-03-21 05:40:00,1927.1546428571428,SL,-1.0,-0.7533571428571122,2
2022-03-21 07:50:00,1925.018,SHORT,1926.4015,1922.94275,1.3835000000000102,33046,2022-03-21 08:40:00,1926.4015,SL,-1.0,-1.3834999999999127,10
2022-03-21 08:50:00,1925.708,SHORT,1927.0450714285714,1923.702392857143,1.3370714285713834,33058,2022-03-21 09:05:00,1927.0450714285714,SL,-1.0,-1.3370714285713348,3
2022-03-21 09:25:00,1923.018,SHORT,1924.342642857143,1921.0310357142857,1.3246428571428461,33065,2022-03-21 09:35:00,1924.342642857143,SL,-1.0,-1.3246428571428623,2
2022-03-21 09:40:00,1922.688,SHORT,1924.1183571428571,1920.5424642857145,1.430357142857117,33068,2022-03-21 09:45:00,1924.1183571428571,SL,-1.0,-1.4303571428570194,1
2022-03-21 10:30:00,1925.453,LONG,1923.7085,1928.0697499999999,1.744499999999984,33078,2022-03-21 12:10:00,1923.7085,SL,-1.0,-1.7445000000000164,20
2022-03-21 12:15:00,1923.578,SHORT,1925.0705714285714,1921.3391428571429,1.4925714285714093,33099,2022-03-21 12:35:00,1925.0705714285714,SL,-1.0,-1.4925714285714093,4
2022-03-21 12:45:00,1924.668,SHORT,1926.3872857142856,1922.0890714285713,1.7192857142857096,33105,2022-03-21 13:15:00,1922.0890714285713,TP,1.5,2.578928571428605,6
2022-03-21 15:35:00,1933.828,LONG,1931.9020714285714,1936.7168928571427,1.9259285714285852,33139,2022-03-21 16:05:00,1936.7168928571427,TP,1.5,2.888892857142764,6
2022-03-21 18:25:00,1932.618,LONG,1931.1754285714285,1934.781857142857,1.4425714285714062,33173,2022-03-21 18:55:00,1934.781857142857,TP,1.5,2.1638571428570685,6
2022-03-21 19:20:00,1935.093,LONG,1933.3344285714286,1937.7308571428573,1.7585714285714533,33184,2022-03-21 19:30:00,1937.7308571428573,TP,1.5,2.6378571428572286,2
2022-03-21 20:20:00,1935.208,LONG,1933.2064285714287,1938.2103571428572,2.001571428571424,33196,2022-03-22 00:20:00,1933.2064285714287,SL,-1.0,-2.001571428571424,36
2022-03-22 01:15:00,1931.008,SHORT,1932.4194285714286,1928.8908571428572,1.411428571428587,33243,2022-03-22 01:35:00,1932.4194285714286,SL,-1.0,-1.411428571428587,4
2022-03-22 01:40:00,1931.558,SHORT,1933.085142857143,1929.2672857142857,1.5271428571428973,33248,2022-03-22 01:50:00,1933.085142857143,SL,-1.0,-1.5271428571429624,2
2022-03-22 02:40:00,1933.158,SHORT,1934.1397857142856,1931.6853214285713,0.9817857142857065,33260,2022-03-22 02:55:00,1934.1397857142856,SL,-1.0,-0.9817857142857065,3
2022-03-22 04:25:00,1935.598,LONG,1934.8175714285715,1936.7686428571428,0.7804285714285503,33281,2022-03-22 04:35:00,1934.8175714285715,SL,-1.0,-0.7804285714285015,2
2022-03-22 05:10:00,1936.258,LONG,1935.3099285714286,1937.6801071428572,0.9480714285714059,33290,2022-03-22 05:35:00,1937.6801071428572,TP,1.5,1.4221071428571577,5
2022-03-22 06:05:00,1936.598,LONG,1935.6165714285714,1938.0701428571429,0.9814285714285883,33301,2022-03-22 06:10:00,1938.0701428571429,TP,1.5,1.4721428571428987,1
2022-03-22 10:20:00,1927.808,SHORT,1929.1521428571427,1925.7917857142857,1.3441428571428398,33352,2022-03-22 10:30:00,1929.1521428571427,SL,-1.0,-1.3441428571427423,2
2022-03-22 10:55:00,1927.263,SHORT,1928.7012857142856,1925.1055714285715,1.4382857142856633,33359,2022-03-22 11:00:00,1928.7012857142856,SL,-1.0,-1.438285714285712,1
2022-03-22 11:25:00,1928.128,SHORT,1929.5109285714284,1926.0536071428571,1.3829285714285626,33365,2022-03-22 11:40:00,1926.0536071428571,TP,1.5,2.0743928571428114,3
2022-03-22 12:20:00,1925.678,SHORT,1927.121,1923.5135,1.4430000000000323,33376,2022-03-22 12:25:00,1927.121,SL,-1.0,-1.4429999999999836,1
2022-03-22 12:30:00,1925.518,SHORT,1927.2910714285715,1922.858392857143,1.7730714285714515,33378,2022-03-22 12:35:00,1927.2910714285715,SL,-1.0,-1.773071428571484,1
2022-03-22 12:35:00,1925.478,SHORT,1927.329642857143,1922.7005357142857,1.8516428571428736,33379,2022-03-22 12:40:00,1927.329642857143,SL,-1.0,-1.851642857142906,1
2022-03-22 13:15:00,1925.798,SHORT,1928.3446428571428,1921.9780357142856,2.5466428571428747,33387,2022-03-22 13:30:00,1921.9780357142856,TP,1.5,3.819964285714377,3
2022-03-22 16:05:00,1918.578,SHORT,1920.5587857142857,1915.6068214285715,1.9807857142856977,33421,2022-03-22 16:20:00,1920.5587857142857,SL,-1.0,-1.9807857142857301,3
2022-03-22 18:25:00,1922.633,LONG,1921.0988571428572,1924.9342142857142,1.5341428571428455,33449,2022-03-22 19:45:00,1921.0988571428572,SL,-1.0,-1.5341428571427969,16
2022-03-22 19:55:00,1921.528,LONG,1920.3753571428572,1923.2569642857143,1.1526428571428369,33467,2022-03-22 22:20:00,1920.3753571428572,SL,-1.0,-1.1526428571428369,17
2022-03-22 23:05:00,1919.613,SHORT,1920.286142857143,1918.6032857142857,0.673142857142888,33493,2022-03-22 23:10:00,1920.286142857143,SL,-1.0,-0.6731428571429205,1
2022-03-22 23:40:00,1920.919,SHORT,1921.6430714285716,1919.832892857143,0.724071428571457,33500,2022-03-22 23:45:00,1921.6430714285716,SL,-1.0,-0.7240714285715057,1
2022-03-22 23:45:00,1920.778,SHORT,1921.5699285714286,1919.590107142857,0.7919285714285869,33501,2022-03-22 23:55:00,1919.590107142857,TP,1.5,1.1878928571429697,2
2022-03-22 23:55:00,1919.543,SHORT,1920.4807857142855,1918.1363214285714,0.9377857142857238,33503,2022-03-23 00:20:00,1918.1363214285714,TP,1.5,1.4066785714285288,5
2022-03-23 02:10:00,1922.333,LONG,1921.2637857142859,1923.9368214285716,1.0692142857143219,33530,2022-03-23 02:50:00,1923.9368214285716,TP,1.5,1.603821428571564,8
2022-03-23 04:35:00,1922.083,LONG,1921.4837142857143,1922.9819285714286,0.5992857142857214,33559,2022-03-23 05:00:00,1921.4837142857143,SL,-1.0,-0.5992857142857702,5
2022-03-23 05:50:00,1921.108,SHORT,1921.8312142857142,1920.0231785714284,0.7232142857143019,33574,2022-03-23 06:00:00,1920.0231785714284,TP,1.5,1.0848214285715585,2
2022-03-23 06:05:00,1919.028,SHORT,1919.9137142857144,1917.6994285714286,0.885714285714276,33577,2022-03-23 06:30:00,1917.6994285714286,TP,1.5,1.328571428571422,5
2022-03-23 07:10:00,1917.598,SHORT,1918.5799285714286,1916.1251071428571,0.9819285714285927,33590,2022-03-23 07:15:00,1918.5799285714286,SL,-1.0,-0.9819285714286252,1
2022-03-23 07:45:00,1919.438,SHORT,1920.392642857143,1918.0060357142859,0.954642857142874,33597,2022-03-23 07:55:00,1920.392642857143,SL,-1.0,-0.9546428571429715,2
2022-03-23 11:40:00,1931.018,LONG,1929.2492857142859,1933.6710714285714,1.7687142857142655,33644,2022-03-23 11:45:00,1929.2492857142859,SL,-1.0,-1.768714285714168,1
2022-03-23 13:10:00,1932.123,LONG,1929.967642857143,1935.3560357142858,2.155357142857156,33662,2022-03-23 13:55:00,1935.3560357142858,TP,1.5,3.2330357142857338,9
2022-03-23 14:40:00,1931.203,LONG,1928.9702857142856,1934.5520714285715,2.2327142857143047,33680,2022-03-23 15:35:00,1928.9702857142856,SL,-1.0,-2.232714285714337,11
2022-03-23 22:05:00,1944.653,LONG,1943.582,1946.2595000000001,1.0710000000000102,33757,2022-03-23 23:25:00,1946.2595000000001,TP,1.5,1.6065000000000964,16
2022-03-24 00:05:00,1945.888,LONG,1945.2297857142855,1946.8753214285714,0.6582142857143448,33781,2022-03-24 00:25:00,1946.8753214285714,TP,1.5,0.9873214285714766,4
2022-03-24 04:25:00,1939.293,SHORT,1940.2001428571427,1937.9322857142856,0.9071428571428604,33833,2022-03-24 04:55:00,1940.2001428571427,SL,-1.0,-0.9071428571428442,6
2022-03-24 05:20:00,1939.688,SHORT,1940.3579285714286,1938.6831071428574,0.6699285714285322,33844,2022-03-24 05:30:00,1938.6831071428574,TP,1.5,1.0048928571427496,2
2022-03-24 05:45:00,1938.383,SHORT,1939.1647142857144,1937.2104285714286,0.7817142857142666,33849,2022-03-24 06:05:00,1939.1647142857144,SL,-1.0,-0.7817142857143153,4
2022-03-24 07:10:00,1942.653,LONG,1941.0683571428572,1945.0299642857144,1.5846428571428695,33866,2022-03-24 07:15:00,1941.0683571428572,SL,-1.0,-1.5846428571428532,1
2022-03-24 11:05:00,1945.365,LONG,1943.9075714285714,1947.5511428571428,1.4574285714286037,33913,2022-03-24 11:40:00,1947.5511428571428,TP,1.5,2.1861428571428405,7
2022-03-24 12:35:00,1946.588,LONG,1943.2504285714285,1951.5943571428572,3.337571428571453,33931,2022-03-24 13:25:00,1951.5943571428572,TP,1.5,5.006357142857269,10
2022-03-24 13:50:00,1951.913,LONG,1948.7191428571427,1956.7037857142857,3.193857142857155,33946,2022-03-24 14:15:00,1956.7037857142857,TP,1.5,4.790785714285676,5
2022-03-24 16:15:00,1964.278,LONG,1962.151142857143,1967.4682857142857,2.1268571428571312,33975,2022-03-24 16:35:00,1962.151142857143,SL,-1.0,-2.126857142857034,4
2022-03-24 16:50:00,1962.453,LONG,1960.5835714285715,1965.2571428571428,1.8694285714285408,33982,2022-03-24 18:00:00,1965.2571428571428,TP,1.5,2.8041428571427787,14
2022-03-24 18:40:00,1963.058,LONG,1961.7711428571429,1964.9882857142857,1.2868571428571483,34004,2022-03-24 18:50:00,1961.7711428571429,SL,-1.0,-1.2868571428571158,2
2022-03-24 19:10:00,1962.088,LONG,1960.919642857143,1963.8405357142856,1.1683571428571409,34010,2022-03-24 19:50:00,1960.919642857143,SL,-1.0,-1.1683571428570758,8
2022-03-24 23:35:00,1958.682,SHORT,1959.2592857142859,1957.8160714285714,0.577285714285722,34051,2022-03-24 23:45:00,1959.2592857142859,SL,-1.0,-0.5772857142858356,2
2022-03-24 23:55:00,1959.155,SHORT,1959.7913571428571,1958.2004642857141,0.6363571428571829,34055,2022-03-25 00:00:00,1959.7913571428571,SL,-1.0,-0.6363571428571504,1
2022-03-25 00:00:00,1958.461,SHORT,1959.1854285714287,1957.3743571428572,0.7244285714286077,34056,2022-03-25 00:10:00,1959.1854285714287,SL,-1.0,-0.7244285714286889,2
2022-03-25 01:35:00,1962.517,LONG,1961.3727857142858,1964.2333214285713,1.1442142857142699,34075,2022-03-25 01:50:00,1961.3727857142858,SL,-1.0,-1.1442142857142699,3
2022-03-25 05:00:00,1959.928,SHORT,1960.768642857143,1958.667035714286,0.8406428571428576,34116,2022-03-25 05:05:00,1958.667035714286,TP,1.5,1.2609642857141807,1
2022-03-25 09:40:00,1957.658,SHORT,1958.9904285714285,1955.659357142857,1.3324285714285387,34172,2022-03-25 10:00:00,1955.659357142857,TP,1.5,1.9986428571428405,4
2022-03-25 12:10:00,1953.768,SHORT,1955.1795714285715,1951.6506428571429,1.4115714285714407,34202,2022-03-25 12:15:00,1955.1795714285715,SL,-1.0,-1.4115714285715057,1
2022-03-25 12:30:00,1955.043,SHORT,1956.8974285714285,1952.261357142857,1.8544285714285706,34206,2022-03-25 13:10:00,1952.261357142857,TP,1.5,2.7816428571429697,8
2022-03-25 13:20:00,1947.118,SHORT,1949.8677857142857,1942.9933214285713,2.7497857142856867,34216,2022-03-25 13:45:00,1949.8677857142857,SL,-1.0,-2.7497857142857356,5
2022-03-25 14:40:00,1951.468,SHORT,1954.5802857142858,1946.7995714285714,3.112285714285739,34232,2022-03-25 15:00:00,1954.5802857142858,SL,-1.0,-3.11228571428569,4
2022-03-25 16:55:00,1955.938,LONG,1954.1425000000002,1958.63125,1.7954999999999472,34259,2022-03-25 17:25:00,1954.1425000000002,SL,-1.0,-1.7954999999999472,6
2022-03-25 18:30:00,1953.703,SHORT,1954.9510714285714,1951.8308928571428,1.248071428571458,34278,2022-03-25 19:00:00,1951.8308928571428,TP,1.5,1.8721071428572031,6
2022-03-27 22:10:00,1956.045,LONG,1955.0060714285714,1957.603392857143,1.038928571428593,34310,2022-03-27 22:50:00,1955.0060714285714,SL,-1.0,-1.0389285714286416,8
2022-03-27 23:00:00,1955.503,LONG,1954.2744285714284,1957.345857142857,1.228571428571448,34320,2022-03-27 23:45:00,1957.345857142857,TP,1.5,1.8428571428571558,9
2022-03-28 00:45:00,1957.578,LONG,1956.385142857143,1959.3672857142856,1.19285714285713,34341,2022-03-28 01:00:00,1956.385142857143,SL,-1.0,-1.192857142857065,3
2022-03-28 08:05:00,1932.918,SHORT,1934.916857142857,1929.9197142857142,1.9988571428571373,34429,2022-03-28 08:25:00,1929.9197142857142,TP,1.5,2.9982857142856574,4
2022-03-28 10:05:00,1931.053,SHORT,1932.7892142857145,1928.4486785714287,1.7362142857142868,34453,2022-03-28 10:30:00,1932.7892142857145,SL,-1.0,-1.736214285714368,5
2022-03-28 11:20:00,1931.589,SHORT,1933.3466428571428,1928.9525357142857,1.7576428571428064,34468,2022-03-28 11:35:00,1928.9525357142857,TP,1.5,2.6364642857142826,3
2022-03-28 11:45:00,1928.453,SHORT,1930.3395,1925.62325,1.8864999999999716,34473,2022-03-28 12:00:00,1930.3395,SL,-1.0,-1.8865000000000691,3
2022-03-28 14:30:00,1937.378,LONG,1933.6535,1942.96475,3.7245000000000346,34506,2022-03-28 17:55:00,1933.6535,SL,-1.0,-3.7245000000000346,41
2022-03-28 20:40:00,1921.833,SHORT,1923.3907857142858,1919.4963214285715,1.5577857142857283,34580,2022-03-28 22:35:00,1923.3907857142858,SL,-1.0,-1.5577857142857283,11
2022-03-28 22:45:00,1922.758,SHORT,1923.6962142857144,1921.3506785714285,0.9382142857143013,34593,2022-03-28 23:10:00,1923.6962142857144,SL,-1.0,-0.9382142857143663,5
2022-03-28 23:40:00,1922.538,SHORT,1923.3987142857143,1921.2469285714285,0.8607142857142988,34604,2022-03-28 23:45:00,1923.3987142857143,SL,-1.0,-0.8607142857142662,1
2022-03-29 00:00:00,1923.428,SHORT,1924.3408571428572,1922.0587142857144,0.9128571428571409,34608,2022-03-29 00:15:00,1924.3408571428572,SL,-1.0,-0.9128571428570922,3
2022-03-29 00:35:00,1923.608,SHORT,1924.594857142857,1922.1277142857143,0.9868571428571451,34615,2022-03-29 00:40:00,1924.594857142857,SL,-1.0,-0.9868571428571613,1
2022-03-29 00:45:00,1923.263,SHORT,1924.3396428571427,1921.6480357142857,1.0766428571428637,34617,2022-03-29 00:50:00,1921.6480357142857,TP,1.5,1.6149642857142226,1
2022-03-29 01:05:00,1922.218,SHORT,1923.4674285714286,1920.3438571428574,1.24942857142852,34621,2022-03-29 01:10:00,1923.4674285714286,SL,-1.0,-1.2494285714285525,1
2022-03-29 02:40:00,1927.338,LONG,1926.1202142857142,1929.1646785714286,1.2177857142856965,34640,2022-03-29 03:10:00,1926.1202142857142,SL,-1.0,-1.2177857142858102,6
2022-03-29 05:55:00,1922.678,SHORT,1923.7923571428573,1921.0064642857144,1.1143571428571346,34679,2022-03-29 06:05:00,1923.7923571428573,SL,-1.0,-1.1143571428572159,2
2022-03-29 06:10:00,1922.558,SHORT,1923.6865714285714,1920.865142857143,1.1285714285714252,34682,2022-03-29 06:35:00,1923.6865714285714,SL,-1.0,-1.1285714285713766,5
2022-03-29 10:20:00,1914.243,SHORT,1916.3562857142856,1911.0730714285714,2.113285714285683,34732,2022-03-29 11:40:00,1911.0730714285714,TP,1.5,3.1699285714284997,16
2022-03-29 11:40:00,1910.018,SHORT,1911.8822857142857,1907.2215714285715,1.864285714285724,34748,2022-03-29 11:45:00,1907.2215714285715,TP,1.5,2.796428571428578,1
2022-03-29 17:45:00,1916.543,LONG,1915.0612142857142,1918.7656785714285,1.481785714285739,34821,2022-03-29 19:30:00,1918.7656785714285,TP,1.5,2.2226785714285597,21
2022-03-29 20:50:00,1919.158,LONG,1918.4315714285713,1920.2476428571429,0.7264285714285929,34858,2022-03-29 22:00:00,1920.2476428571429,TP,1.5,1.0896428571429624,2
2022-03-29 22:00:00,1920.308,LONG,1919.5369285714285,1921.4646071428572,0.7710714285714501,34860,2022-03-29 22:30:00,1919.5369285714285,SL,-1.0,-0.7710714285715312,6
2022-03-29 22:40:00,1920.078,LONG,1919.3614285714286,1921.152857142857,0.7165714285714395,34868,2022-03-29 22:45:00,1919.3614285714286,SL,-1.0,-0.716571428571342,1
2022-03-29 22:55:00,1919.568,LONG,1918.8364285714285,1920.6653571428571,0.7315714285714259,34871,2022-03-29 23:10:00,1918.8364285714285,SL,-1.0,-0.7315714285714421,3
2022-03-30 00:15:00,1917.678,SHORT,1918.6365714285714,1916.240142857143,0.9585714285714013,34887,2022-03-30 00:50:00,1918.6365714285714,SL,-1.0,-0.9585714285713038,7
2022-03-30 03:00:00,1924.438,LONG,1923.0592857142858,1926.5060714285714,1.378714285714263,34920,2022-03-30 03:30:00,1923.0592857142858,SL,-1.0,-1.3787142857142953,6
2022-03-30 03:40:00,1923.098,LONG,1921.8937142857142,1924.9044285714285,1.2042857142857233,34928,2022-03-30 04:00:00,1924.9044285714285,TP,1.5,1.8064285714285688,4
2022-03-30 05:15:00,1923.648,LONG,1922.2576428571429,1925.7335357142856,1.3903571428571044,34947,2022-03-30 05:40:00,1925.7335357142856,TP,1.5,2.0855357142856974,5
2022-03-30 05:45:00,1924.948,LONG,1923.6669285714286,1926.8696071428571,1.2810714285714246,34953,2022-03-30 05:50:00,1923.6669285714286,SL,-1.0,-1.2810714285715221,1
2022-03-30 06:00:00,1925.248,LONG,1923.9505000000001,1927.19425,1.2974999999999974,34956,2022-03-30 06:15:00,1927.19425,TP,1.5,1.9462499999999636,3
2022-03-30 08:05:00,1922.903,SHORT,1925.0777142857144,1919.6409285714285,2.174714285714312,34981,2022-03-30 08:20:00,1919.6409285714285,TP,1.5,3.2620714285715167,3
2022-03-30 08:35:00,1921.758,SHORT,1923.7157142857143,1918.8214285714287,1.9577142857142948,34987,2022-03-30 09:00:00,1918.8214285714287,TP,1.5,2.9365714285713693,5
2022-03-30 10:15:00,1920.353,SHORT,1921.8953571428572,1918.0394642857143,1.5423571428571319,35007,2022-03-30 11:05:00,1921.8953571428572,SL,-1.0,-1.5423571428570995,10
2022-03-30 12:10:00,1927.113,LONG,1925.2612142857142,1929.8906785714287,1.851785714285711,35030,2022-03-30 12:15:00,1929.8906785714287,TP,1.5,2.7776785714286234,1
2022-03-30 13:05:00,1927.253,LONG,1924.4684285714286,1931.4298571428571,2.784571428571423,35041,2022-03-30 13:15:00,1924.4684285714286,SL,-1.0,-2.7845714285713257,2
2022-03-30 13:25:00,1926.253,LONG,1923.8234285714286,1929.897357142857,2.4295714285713723,35045,2022-03-30 13:30:00,1929.897357142857,TP,1.5,3.644357142856961,1
2022-03-30 13:40:00,1932.438,LONG,1929.8022857142857,1936.3915714285715,2.63571428571426,35048,2022-03-30 14:10:00,1929.8022857142857,SL,-1.0,-2.635714285714357,6
2022-03-30 15:30:00,1935.078,LONG,1933.0127857142857,1938.1758214285715,2.06521428571427,35070,2022-03-30 16:25:00,1933.0127857142857,SL,-1.0,-2.065214285714319,11
2022-03-30 16:50:00,1932.218,LONG,1930.9940714285715,1934.053892857143,1.223928571428587,35086,2022-03-30 17:05:00,1934.053892857143,TP,1.5,1.8358928571428805,3
2022-03-30 17:25:00,1934.438,LONG,1933.2297857142858,1936.2503214285716,1.2082142857142995,35093,2022-03-30 17:30:00,1933.2297857142858,SL,-1.0,-1.208214285714348,1
2022-03-30 18:40:00,1933.853,LONG,1932.8547857142858,1935.3503214285715,0.9982142857142792,35108,2022-03-30 18:50:00,1932.8547857142858,SL,-1.0,-0.9982142857143117,2
2022-03-30 19:00:00,1932.698,LONG,1931.7983571428572,1934.0474642857143,0.8996428571428267,35112,2022-03-30 19:25:00,1931.7983571428572,SL,-1.0,-0.8996428571429078,5
2022-03-30 19:30:00,1932.338,LONG,1931.4933571428571,1933.6049642857142,0.8446428571428442,35118,2022-03-30 19:35:00,1933.6049642857142,TP,1.5,1.2669642857142662,1
2022-03-30 23:15:00,1932.688,SHORT,1933.049785714286,1932.1453214285716,0.36178571428570194,35151,2022-03-30 23:25:00,1932.1453214285716,TP,1.5,0.5426785714284961,2
2022-03-31 01:00:00,1929.968,SHORT,1931.5094285714288,1927.6558571428573,1.541428571428615,35172,2022-03-31 01:10:00,1931.5094285714288,SL,-1.0,-1.5414285714286962,2
2022-03-31 01:15:00,1929.188,SHORT,1930.8808571428574,1926.6487142857143,1.6928571428571948,35175,2022-03-31 01:30:00,1926.6487142857143,TP,1.5,2.5392857142858247,3
2022-03-31 06:15:00,1923.488,SHORT,1925.1315714285715,1921.022642857143,1.6435714285714116,35235,2022-03-31 06:20:00,1925.1315714285715,SL,-1.0,-1.6435714285714766,1
2022-03-31 06:25:00,1925.058,SHORT,1926.7037142857143,1922.5894285714287,1.6457142857142668,35237,2022-03-31 06:45:00,1926.7037142857143,SL,-1.0,-1.645714285714348,4
2022-03-31 10:00:00,1925.233,SHORT,1926.5894285714285,1923.198357142857,1.3564285714285396,35280,2022-03-31 10:15:00,1926.5894285714285,SL,-1.0,-1.3564285714285234,3
2022-03-31 12:10:00,1930.123,LONG,1928.4503571428572,1932.6319642857143,1.6726428571428673,35306,2022-03-31 12:20:00,1932.6319642857143,TP,1.5,2.508964285714228,2
2022-03-31 13:05:00,1934.998,LONG,1932.7438571428572,1938.3792142857144,2.2541428571428566,35317,2022-03-31 13:10:00,1938.3792142857144,TP,1.5,3.38121428571435,1
2022-03-31 14:55:00,1939.938,LONG,1937.4180000000001,1943.718,2.5200000000000142,35339,2022-03-31 15:25:00,1943.718,TP,1.5,3.7799999999999727,6
2022-03-31 16:25:00,1940.848,LONG,1939.4351428571429,1942.9672857142857,1.4128571428571408,35357,2022-03-31 16:45:00,1942.9672857142857,TP,1.5,2.119285714285752,4
2022-03-31 16:50:00,1942.678,LONG,1941.410285714286,1944.5795714285716,1.2677142857142891,35362,2022-03-31 17:00:00,1944.5795714285716,TP,1.5,1.9015714285715148,2
2022-03-31 18:20:00,1943.168,LONG,1941.850857142857,1945.1437142857142,1.317142857142861,35380,2022-03-31 18:30:00,1941.850857142857,SL,-1.0,-1.317142857142926,2
2022-03-31 18:30:00,1942.688,LONG,1941.4837142857143,1944.4944285714287,1.2042857142857233,35382,2022-03-31 18:45:00,1941.4837142857143,SL,-1.0,-1.2042857142857883,3
2022-04-01 00:00:00,1934.878,SHORT,1935.658642857143,1933.7070357142857,0.7806428571428958,35436,2022-04-01 00:10:00,1935.658642857143,SL,-1.0,-0.7806428571429933,2
2022-04-01 00:10:00,1934.948,SHORT,1935.7097142857144,1933.8054285714286,0.7617142857143173,35438,2022-04-01 00:15:00,1935.7097142857144,SL,-1.0,-0.7617142857143335,1
2022-04-01 00:20:00,1933.908,SHORT,1934.7545714285714,1932.6381428571426,0.8465714285714512,35440,2022-04-01 00:25:00,1932.6381428571426,TP,1.5,1.2698571428572905,1
2022-04-01 01:05:00,1934.668,SHORT,1936.0051428571428,1932.6622857142856,1.3371428571428428,35449,2022-04-01 01:20:00,1936.0051428571428,SL,-1.0,-1.3371428571429078,3
2022-04-01 02:40:00,1935.088,SHORT,1935.9222142857143,1933.8366785714286,0.8342142857142919,35468,2022-04-01 02:50:00,1933.8366785714286,TP,1.5,1.251321428571373,2
2022-04-01 04:45:00,1937.478,LONG,1936.6500714285714,1938.719892857143,0.8279285714285477,35493,2022-04-01 05:00:00,1936.6500714285714,SL,-1.0,-0.8279285714286289,3
2022-04-01 05:20:00,1937.808,LONG,1936.9469285714285,1939.0996071428572,0.8610714285714168,35500,2022-04-01 05:35:00,1936.9469285714285,SL,-1.0,-0.8610714285714494,3
2022-04-01 06:00:00,1938.188,LONG,1937.0515714285716,1939.892642857143,1.1364285714286098,35508,2022-04-01 06:10:00,1937.0515714285716,SL,-1.0,-1.136428571428496,2
2022-04-01 10:15:00,1931.888,SHORT,1933.1174285714285,1930.0438571428572,1.2294285714285706,35559,2022-04-01 10:20:00,1933.1174285714285,SL,-1.0,-1.2294285714285706,1
2022-04-01 10:35:00,1931.803,SHORT,1933.1408571428574,1929.7962142857143,1.3378571428571604,35563,2022-04-01 10:45:00,1929.7962142857143,TP,1.5,2.0067857142857974,2
2022-04-01 12:45:00,1931.828,SHORT,1934.399357142857,1927.9709642857142,2.5713571428571607,35589,2022-04-01 12:55:00,1927.9709642857142,TP,1.5,3.8570357142857574,2
2022-04-01 14:20:00,1927.193,SHORT,1930.3429285714285,1922.4681071428572,3.149928571428518,35608,2022-04-01 14:30:00,1922.4681071428572,TP,1.5,4.724892857142777,2
2022-04-01 15:00:00,1923.558,SHORT,1926.8210714285713,1918.663392857143,3.263071428571363,35616,2022-04-01 15:10:00,1926.8210714285713,SL,-1.0,-3.2630714285712656,2
2022-04-01 15:25:00,1927.723,SHORT,1930.9958571428572,1922.8137142857142,3.2728571428571223,35621,2022-04-01 16:55:00,1922.8137142857142,TP,1.5,4.909285714285716,18
2022-04-01 17:55:00,1921.953,SHORT,1923.6570714285713,1919.3968928571428,1.7040714285714103,35651,2022-04-01 18:05:00,1923.6570714285713,SL,-1.0,-1.7040714285712966,2
2022-04-01 18:05:00,1922.203,SHORT,1923.8072857142856,1919.7965714285715,1.6042857142857005,35653,2022-04-01 18:20:00,1923.8072857142856,SL,-1.0,-1.604285714285652,3
2022-04-01 19:55:00,1922.423,SHORT,1923.8421428571428,1920.2942857142857,1.4191428571428852,35675,2022-04-01 20:00:00,1923.8421428571428,SL,-1.0,-1.4191428571427878,1
2022-04-01 20:30:00,1923.753,SHORT,1924.8707142857143,1922.0764285714286,1.1177142857142794,35682,2022-04-01 20:55:00,1924.8707142857143,SL,-1.0,-1.117714285714328,5
2022-04-03 23:00:00,1922.499,SHORT,1923.4579285714285,1921.0606071428572,0.9589285714285519,35700,2022-04-03 23:10:00,1923.4579285714285,SL,-1.0,-0.958928571428487,2
2022-04-03 23:25:00,1923.268,SHORT,1923.995357142857,1922.1769642857143,0.7273571428571098,35705,2022-04-03 23:45:00,1923.995357142857,SL,-1.0,-0.7273571428570449,4
2022-04-04 01:20:00,1924.258,LONG,1923.4806428571428,1925.4240357142858,0.7773571428571618,35728,2022-04-04 01:35:00,1923.4806428571428,SL,-1.0,-0.7773571428572268,3
2022-04-04 08:50:00,1930.198,LONG,1928.7495714285715,1932.370642857143,1.4484285714285565,35818,2022-04-04 09:05:00,1928.7495714285715,SL,-1.0,-1.4484285714286216,3
2022-04-04 10:25:00,1926.708,LONG,1925.6472142857144,1928.2991785714285,1.0607857142856574,35837,2022-04-04 10:50:00,1928.2991785714285,TP,1.5,1.5911785714283724,5
2022-04-04 10:55:00,1928.768,LONG,1927.7670714285714,1930.2693928571427,1.000928571428517,35843,2022-04-04 11:15:00,1930.2693928571427,TP,1.5,1.5013928571427186,4
2022-04-04 11:45:00,1929.568,LONG,1928.3544285714286,1931.388357142857,1.2135714285714454,35853,2022-04-04 12:00:00,1928.3544285714286,SL,-1.0,-1.213571428571413,3
2022-04-04 12:00:00,1932.058,LONG,1930.6155714285715,1934.2216428571428,1.4424285714285847,35856,2022-04-04 12:10:00,1930.6155714285715,SL,-1.0,-1.442428571428536,2
2022-04-04 13:25:00,1931.408,LONG,1928.9524285714285,1935.091357142857,2.455571428571472,35873,2022-04-04 13:35:00,1935.091357142857,TP,1.5,3.683357142857176,2
2022-04-04 13:35:00,1934.583,LONG,1931.9964285714286,1938.4628571428573,2.5865714285714603,35875,2022-04-04 13:45:00,1931.9964285714286,SL,-1.0,-2.5865714285714603,2
2022-04-04 14:00:00,1930.243,LONG,1927.0282142857143,1935.0651785714285,3.2147857142857026,35880,2022-04-04 14:05:00,1927.0282142857143,SL,-1.0,-3.2147857142856537,1
2022-04-04 14:50:00,1935.583,LONG,1932.140142857143,1940.747285714286,3.442857142857146,35890,2022-04-04 15:05:00,1932.140142857143,SL,-1.0,-3.442857142857065,3
2022-04-04 18:30:00,1933.028,LONG,1932.0347857142858,1934.5178214285713,0.9932142857142188,35934,2022-04-04 18:35:00,1932.0347857142858,SL,-1.0,-0.9932142857142026,1
2022-04-04 19:10:00,1931.698,LONG,1930.6887142857145,1933.2119285714286,1.0092857142856733,35942,2022-04-04 19:25:00,1930.6887142857145,SL,-1.0,-1.0092857142856246,3
2022-04-04 19:45:00,1930.953,LONG,1929.9747142857143,1932.4204285714286,0.9782857142856918,35949,2022-04-04 19:55:00,1932.4204285714286,TP,1.5,1.467428571428627,2
2022-04-04 20:15:00,1931.753,LONG,1930.8229285714285,1933.148107142857,0.9300714285714256,35955,2022-04-04 20:35:00,1933.148107142857,TP,1.5,1.395107142857114,4
2022-04-05 00:40:00,1931.543,SHORT,1932.316857142857,1930.382214285714,0.7738571428571309,35996,2022-04-05 00:45:00,1932.316857142857,SL,-1.0,-0.7738571428571959,1
2022-04-05 04:55:00,1928.413,SHORT,1929.2272142857144,1927.1916785714286,0.8142142857142939,36047,2022-04-05 05:20:00,1929.2272142857144,SL,-1.0,-0.8142142857143426,5
2022-04-05 08:30:00,1927.628,SHORT,1928.968357142857,1925.6174642857143,1.3403571428571663,36090,2022-04-05 08:45:00,1928.968357142857,SL,-1.0,-1.3403571428571013,3
2022-04-05 09:40:00,1929.988,LONG,1928.4132142857143,1932.3501785714286,1.5747857142857324,36104,2022-04-05 10:15:00,1928.4132142857143,SL,-1.0,-1.574785714285781,7
2022-04-05 15:30:00,1926.438,SHORT,1929.2930000000001,1922.1555,2.8549999999999693,36174,2022-04-05 15:55:00,1922.1555,TP,1.5,4.282500000000027,5
2022-04-05 18:40:00,1922.483,SHORT,1923.7615714285714,1920.5651428571427,1.2785714285714025,36212,2022-04-05 18:50:00,1923.7615714285714,SL,-1.0,-1.2785714285714675,2
2022-04-05 19:00:00,1923.103,SHORT,1924.3772857142858,1921.1915714285715,1.2742857142857085,36216,2022-04-05 19:35:00,1924.3772857142858,SL,-1.0,-1.2742857142857247,7
2022-04-05 19:55:00,1920.358,SHORT,1921.6751428571429,1918.3822857142857,1.3171428571428447,36227,2022-04-05 20:15:00,1921.6751428571429,SL,-1.0,-1.317142857142926,4
2022-04-05 20:30:00,1922.788,SHORT,1924.0222857142858,1920.9365714285714,1.234285714285696,36234,2022-04-05 22:00:00,1924.0222857142858,SL,-1.0,-1.234285714285761,6
2022-04-05 22:25:00,1921.953,SHORT,1922.7597857142857,1920.7428214285715,0.8067857142857032,36245,2022-04-05 22:45:00,1922.7597857142857,SL,-1.0,-0.806785714285752,4
2022-04-05 23:30:00,1921.718,SHORT,1922.3860714285715,1920.715892857143,0.6680714285714008,36258,2022-04-05 23:50:00,1920.715892857143,TP,1.5,1.002107142857085,4
2022-04-06 01:30:00,1923.588,SHORT,1925.4665714285713,1920.770142857143,1.8785714285714417,36282,2022-04-06 04:30:00,1920.770142857143,TP,1.5,2.817857142857065,36
2022-04-06 05:45:00,1923.398,LONG,1922.4215714285713,1924.8626428571429,0.9764285714285766,36333,2022-04-06 05:50:00,1922.4215714285713,SL,-1.0,-0.9764285714286416,1
2022-04-06 07:00:00,1918.308,SHORT,1919.7110714285714,1916.2033928571427,1.403071428571447,36348,2022-04-06 07:10:00,1916.2033928571427,TP,1.5,2.104607142857276,2
2022-04-06 10:35:00,1927.218,LONG,1925.7358571428572,1929.4412142857143,1.4821428571428572,36391,2022-04-06 10:40:00,1925.7358571428572,SL,-1.0,-1.4821428571428896,1
2022-04-06 12:10:00,1919.968,SHORT,1921.9487142857145,1916.9969285714287,1.980714285714287,36410,2022-04-06 12:15:00,1921.9487142857145,SL,-1.0,-1.9807142857143845,1
2022-04-06 13:25:00,1926.168,LONG,1923.7147857142857,1929.8478214285713,2.4532142857142714,36425,2022-04-06 13:30:00,1929.8478214285713,TP,1.5,3.6798214285713584,1
2022-04-06 15:00:00,1927.958,LONG,1925.908142857143,1931.0327857142859,2.049857142857117,36444,2022-04-06 16:10:00,1925.908142857143,SL,-1.0,-2.049857142857036,14
2022-04-06 18:20:00,1917.808,SHORT,1921.0529285714285,1912.940607142857,3.2449285714285616,36484,2022-04-06 18:30:00,1921.0529285714285,SL,-1.0,-3.244928571428545,2
2022-04-06 18:45:00,1920.848,SHORT,1925.1705,1914.36425,4.322499999999958,36489,2022-04-06 18:55:00,1925.1705,SL,-1.0,-4.322499999999991,2
2022-04-07 00:55:00,1925.338,LONG,1924.2719285714286,1926.937107142857,1.0660714285714252,36551,2022-04-07 01:10:00,1924.2719285714286,SL,-1.0,-1.0660714285713766,3
2022-04-07 04:20:00,1921.736,SHORT,1922.7679285714287,1920.1881071428572,1.031928571428596,36592,2022-04-07 05:35:00,1922.7679285714287,SL,-1.0,-1.0319285714285797,15
2022-04-07 08:25:00,1927.278,LONG,1925.8410714285715,1929.433392857143,1.4369285714285849,36641,2022-04-07 08:50:00,1925.8410714285715,SL,-1.0,-1.4369285714285525,5
2022-04-07 09:30:00,1926.804,LONG,1925.5290714285716,1928.7163928571429,1.2749285714285665,36654,2022-04-07 11:05:00,1925.5290714285716,SL,-1.0,-1.274928571428518,19
2022-04-07 11:10:00,1927.098,LONG,1926.0231428571428,1928.7102857142856,1.0748571428571105,36674,2022-04-07 11:20:00,1928.7102857142856,TP,1.5,1.6122857142856901,2
2022-04-07 11:30:00,1929.638,LONG,1928.3322142857141,1931.5966785714284,1.3057857142856943,36678,2022-04-07 11:40:00,1928.3322142857141,SL,-1.0,-1.3057857142857756,2
2022-04-07 11:40:00,1928.845,LONG,1927.4315714285715,1930.9651428571428,1.413428571428556,36680,2022-04-07 11:45:00,1930.9651428571428,TP,1.5,2.1201428571428096,1
2022-04-07 13:20:00,1930.586,LONG,1928.2345714285714,1934.113142857143,2.3514285714285927,36700,2022-04-07 13:25:00,1928.2345714285714,SL,-1.0,-2.3514285714286416,1
2022-04-07 13:45:00,1930.972,LONG,1928.3552142857143,1934.8971785714286,2.616785714285714,36705,2022-04-07 14:35:00,1934.8971785714286,TP,1.5,3.92517857142866,10
2022-04-07 15:25:00,1930.901,LONG,1928.478142857143,1934.5352857142857,2.422857142857148,36725,2022-04-07 16:15:00,1934.5352857142857,TP,1.5,3.6342857142856246,10
2022-04-07 17:50:00,1935.454,LONG,1934.2119285714284,1937.3171071428571,1.2420714285715024,36754,2022-04-07 18:00:00,1934.2119285714284,SL,-1.0,-1.2420714285715349,2
2022-04-07 18:05:00,1935.252,LONG,1934.1009999999999,1936.9785000000002,1.1510000000000673,36757,2022-04-07 18:15:00,1934.1009999999999,SL,-1.0,-1.1510000000000673,2
2022-04-07 20:00:00,1931.498,SHORT,1932.8405,1929.48425,1.3424999999999727,36780,2022-04-07 23:40:00,1932.8405,SL,-1.0,-1.3424999999999727,32
2022-04-08 00:50:00,1933.412,LONG,1932.4441428571429,1934.8637857142858,0.9678571428571233,36826,2022-04-08 00:55:00,1932.4441428571429,SL,-1.0,-0.9678571428571558,1
2022-04-08 01:00:00,1934.168,LONG,1933.108,1935.7579999999998,1.059999999999994,36828,2022-04-08 01:25:00,1933.108,SL,-1.0,-1.0599999999999454,5
2022-04-08 01:35:00,1933.348,LONG,1932.1972857142857,1935.0740714285714,1.1507142857142623,36835,2022-04-08 02:00:00,1932.1972857142857,SL,-1.0,-1.1507142857142298,5
2022-04-08 04:05:00,1930.482,SHORT,1931.2177142857142,1929.3784285714285,0.7357142857142824,36865,2022-04-08 04:20:00,1929.3784285714285,TP,1.5,1.103571428571513,3
2022-04-08 05:35:00,1930.388,SHORT,1931.1352857142856,1929.2670714285714,0.7472857142856972,36883,2022-04-08 05:40:00,1931.1352857142856,SL,-1.0,-0.747285714285681,1
2022-04-08 06:40:00,1929.242,SHORT,1930.3412857142857,1927.5930714285714,1.099285714285705,36896,2022-04-08 07:00:00,1930.3412857142857,SL,-1.0,-1.0992857142857702,4
2022-04-08 07:00:00,1929.768,SHORT,1930.9264285714287,1928.0303571428572,1.158428571428593,36900,2022-04-08 07:05:00,1930.9264285714287,SL,-1.0,-1.158428571428658,1
2022-04-08 07:40:00,1931.328,LONG,1929.9564285714284,1933.3853571428572,1.3715714285714447,36908,2022-04-08 08:20:00,1929.9564285714284,SL,-1.0,-1.3715714285715421,8
2022-04-08 08:20:00,1931.188,LONG,1929.7295714285715,1933.375642857143,1.4584285714285639,36916,2022-04-08 09:20:00,1933.375642857143,TP,1.5,2.1876428571429187,12
2022-04-08 09:50:00,1931.962,LONG,1930.925,1933.5175,1.036999999999986,36934,2022-04-08 10:10:00,1933.5175,TP,1.5,1.5554999999999382,4
2022-04-08 10:15:00,1933.708,LONG,1932.6467857142857,1935.2998214285715,1.0612142857142999,36939,2022-04-08 11:00:00,1932.6467857142857,SL,-1.0,-1.0612142857144136,9
2022-04-08 11:55:00,1933.478,LONG,1932.2487857142858,1935.3218214285714,1.22921428571429,36959,2022-04-08 12:00:00,1932.2487857142858,SL,-1.0,-1.2292142857143062,1
2022-04-08 13:30:00,1937.319,LONG,1934.5232857142857,1941.5125714285714,2.7957142857142605,36978,2022-04-08 14:00:00,1941.5125714285714,TP,1.5,4.193571428571431,6
2022-04-08 17:10:00,1941.148,LONG,1940.0837857142856,1942.7443214285713,1.064214285714294,37022,2022-04-08 18:00:00,1942.7443214285713,TP,1.5,1.5963214285714002,10
2022-04-08 19:25:00,1942.298,LONG,1941.3274285714285,1943.7538571428572,0.9705714285714099,37049,2022-04-08 19:35:00,1943.7538571428572,TP,1.5,1.4558571428572122,2
2022-04-08 20:00:00,1944.272,LONG,1943.0380714285714,1946.1228928571427,1.2339285714285293,37056,2022-04-08 20:50:00,1946.1228928571427,TP,1.5,1.8508928571427532,10
2022-04-10 22:55:00,1946.828,LONG,1945.4847142857143,1948.8429285714285,1.3432857142857497,37079,2022-04-10 23:00:00,1945.4847142857143,SL,-1.0,-1.3432857142856847,1
2022-04-10 23:35:00,1944.998,LONG,1944.0488571428573,1946.4217142857144,0.9491428571428416,37087,2022-04-10 23:45:00,1944.0488571428573,SL,-1.0,-0.9491428571427605,2
2022-04-11 00:15:00,1945.428,LONG,1944.5463571428572,1946.7504642857143,0.8816428571428625,37095,2022-04-11 00:40:00,1944.5463571428572,SL,-1.0,-0.8816428571428787,5
2022-04-11 01:00:00,1945.958,LONG,1945.0405714285714,1947.334142857143,0.917428571428575,37104,2022-04-11 01:05:00,1947.334142857143,TP,1.5,1.376142857142895,1
2022-04-11 01:40:00,1942.673,SHORT,1943.9329285714284,1940.7831071428573,1.2599285714285315,37112,2022-04-11 01:55:00,1943.9329285714284,SL,-1.0,-1.2599285714284179,3
2022-04-11 02:50:00,1943.088,SHORT,1944.3666428571428,1941.1700357142856,1.2786428571428945,37126,2022-04-11 03:15:00,1944.3666428571428,SL,-1.0,-1.2786428571428132,5
2022-04-11 03:25:00,1944.548,SHORT,1945.704,1942.814,1.1560000000000141,37133,2022-04-11 03:50:00,1942.814,TP,1.5,1.7339999999999236,5
2022-04-11 04:00:00,1941.538,SHORT,1942.5812857142857,1939.9730714285715,1.0432857142856977,37140,2022-04-11 04:05:00,1942.5812857142857,SL,-1.0,-1.0432857142857301,1
2022-04-11 04:50:00,1941.965,SHORT,1943.0805714285714,1940.2916428571427,1.1155714285714242,37150,2022-04-11 05:25:00,1940.2916428571427,TP,1.5,1.673357142857185,7
2022-04-11 07:00:00,1942.512,SHORT,1943.6799999999998,1940.76,1.1679999999999902,37176,2022-04-11 07:10:00,1943.6799999999998,SL,-1.0,-1.1679999999998927,2
2022-04-11 13:10:00,1962.862,LONG,1959.8429285714287,1967.3906071428573,3.0190714285714484,37250,2022-04-11 13:35:00,1959.8429285714287,SL,-1.0,-3.019071428571351,5
2022-04-11 13:35:00,1963.588,LONG,1960.2724285714285,1968.561357142857,3.3155714285714373,37255,2022-04-11 13:45:00,1960.2724285714285,SL,-1.0,-3.315571428571502,2
2022-04-11 16:10:00,1950.208,SHORT,1951.7620714285715,1947.876892857143,1.554071428571433,37286,2022-04-11 16:20:00,1947.876892857143,TP,1.5,2.331107142857036,2
2022-04-11 18:20:00,1948.172,SHORT,1949.4181428571428,1946.3027857142856,1.2461428571428834,37312,2022-04-11 18:40:00,1949.4181428571428,SL,-1.0,-1.246142857142786,4
2022-04-11 22:15:00,1952.112,LONG,1950.9761428571428,1953.8157857142858,1.1358571428571622,37347,2022-04-11 23:35:00,1953.8157857142858,TP,1.5,1.7037857142856865,16
2022-04-12 00:05:00,1952.528,LONG,1951.6712857142857,1953.8130714285714,0.8567142857143121,37369,2022-04-12 00:20:00,1951.6712857142857,SL,-1.0,-0.8567142857143608,3
2022-04-12 01:25:00,1950.638,SHORT,1951.8179285714284,1948.868107142857,1.179928571428588,37385,2022-04-12 01:35:00,1951.8179285714284,SL,-1.0,-1.1799285714284906,2
2022-04-12 01:45:00,1953.952,LONG,1952.6687142857143,1955.8769285714286,1.2832857142857068,37389,2022-04-12 02:00:00,1955.8769285714286,TP,1.5,1.9249285714286088,3
2022-04-12 05:55:00,1956.508,LONG,1955.4807142857144,1958.0489285714286,1.0272857142857024,37439,2022-04-12 06:40:00,1958.0489285714286,TP,1.5,1.5409285714285943,9
2022-04-12 06:50:00,1958.518,LONG,1957.3298571428572,1960.3002142857144,1.1881428571428907,37450,2022-04-12 07:05:00,1957.3298571428572,SL,-1.0,-1.1881428571427932,3
2022-04-12 07:10:00,1956.742,LONG,1955.2902857142856,1958.9195714285715,1.451714285714323,37454,2022-04-12 07:25:00,1955.2902857142856,SL,-1.0,-1.451714285714388,3
2022-04-12 07:35:00,1955.632,SHORT,1957.159285714286,1953.3410714285715,1.5272857142857674,37459,2022-04-12 07:45:00,1953.3410714285715,TP,1.5,2.2909285714285943,2
2022-04-12 09:45:00,1952.022,SHORT,1953.221857142857,1950.2222142857142,1.1998571428571105,37485,2022-04-12 09:55:00,1953.221857142857,SL,-1.0,-1.1998571428571267,2
2022-04-12 11:30:00,1955.318,LONG,1954.1027857142858,1957.1408214285714,1.2152142857142476,37506,2022-04-12 11:35:00,1954.1027857142858,SL,-1.0,-1.2152142857141826,1
2022-04-12 11:45:00,1955.588,LONG,1954.0980714285715,1957.8228928571427,1.4899285714285335,37509,2022-04-12 12:05:00,1957.8228928571427,TP,1.5,2.2348928571427678,4
2022-04-12 14:10:00,1963.218,LONG,1960.1567142857143,1967.8099285714288,3.0612857142857592,37538,2022-04-12 14:20:00,1967.8099285714288,TP,1.5,4.5919285714287525,2
2022-04-12 16:00:00,1970.938,LONG,1968.5999285714286,1974.4451071428573,2.338071428571457,37560,2022-04-12 16:15:00,1974.4451071428573,TP,1.5,3.507107142857194,3
2022-04-12 16:50:00,1973.758,LONG,1972.0161428571428,1976.3707857142858,1.7418571428571568,37570,2022-04-12 17:05:00,1972.0161428571428,SL,-1.0,-1.7418571428572704,3
2022-04-12 17:20:00,1972.548,LONG,1970.8721428571428,1975.0617857142856,1.6758571428571583,37576,2022-04-12 17:40:00,1970.8721428571428,SL,-1.0,-1.6758571428572395,4
2022-04-12 19:15:00,1967.838,SHORT,1969.2347857142856,1965.7428214285712,1.3967857142857676,37599,2022-04-12 20:15:00,1965.7428214285712,TP,1.5,2.0951785714287325,12
2022-04-12 22:15:00,1966.428,SHORT,1967.1052857142859,1965.4120714285716,0.6772857142856797,37623,2022-04-12 22:20:00,1967.1052857142859,SL,-1.0,-0.6772857142857447,1
2022-04-12 23:00:00,1965.878,SHORT,1966.5751428571427,1964.8322857142857,0.6971428571428403,37632,2022-04-13 00:00:00,1966.5751428571427,SL,-1.0,-0.6971428571428078,12
2022-04-13 00:15:00,1964.702,SHORT,1965.471,1963.5484999999999,0.7690000000000217,37647,2022-04-13 00:25:00,1963.5484999999999,TP,1.5,1.1535000000001219,2
2022-04-13 00:25:00,1964.108,SHORT,1965.0285714285715,1962.7271428571428,0.9205714285714554,37649,2022-04-13 00:45:00,1962.7271428571428,TP,1.5,1.3808571428571668,4
2022-04-13 01:05:00,1964.508,SHORT,1965.8742857142859,1962.4585714285715,1.3662857142857254,37657,2022-04-13 01:20:00,1965.8742857142859,SL,-1.0,-1.366285714285823,3
2022-04-13 04:25:00,1969.818,LONG,1968.9567142857143,1971.1099285714286,0.8612857142856976,37697,2022-04-13 04:45:00,1968.9567142857143,SL,-1.0,-0.8612857142857138,4
2022-04-13 04:55:00,1968.222,LONG,1967.3667142857144,1969.5049285714285,0.8552857142856932,37703,2022-04-13 05:15:00,1969.5049285714285,TP,1.5,1.282928571428556,4
2022-04-13 05:15:00,1969.512,LONG,1968.734,1970.6789999999999,0.7779999999999713,37707,2022-04-13 05:25:00,1968.734,SL,-1.0,-0.77800000000002,2
2022-04-13 05:25:00,1969.332,LONG,1968.534142857143,1970.5287857142857,0.7978571428571156,37709,2022-04-13 05:30:00,1970.5287857142857,TP,1.5,1.1967857142856246,1
2022-04-13 11:55:00,1977.953,LONG,1976.3964285714285,1980.287857142857,1.55657142857139,37787,2022-04-13 12:10:00,1980.287857142857,TP,1.5,2.3348571428571177,3
2022-04-13 12:35:00,1976.723,LONG,1974.4189999999999,1980.1789999999999,2.3039999999999736,37795,2022-04-13 13:05:00,1974.4189999999999,SL,-1.0,-2.3040000000000873,6
2022-04-13 13:10:00,1976.168,LONG,1973.4844285714285,1980.193357142857,2.6835714285713914,37802,2022-04-13 13:40:00,1980.193357142857,TP,1.5,4.025357142857047,6
2022-04-13 14:05:00,1977.702,LONG,1975.0149285714285,1981.7326071428572,2.6870714285714064,37813,2022-04-13 19:00:00,1975.0149285714285,SL,-1.0,-2.687071428571471,59
2022-04-13 20:00:00,1976.818,SHORT,1978.1279285714286,1974.8531071428572,1.3099285714285511,37884,2022-04-13 22:05:00,1978.1279285714286,SL,-1.0,-1.3099285714285998,13
2022-04-13 22:10:00,1978.062,SHORT,1978.730857142857,1977.0587142857141,0.6688571428571289,37898,2022-04-13 22:15:00,1978.730857142857,SL,-1.0,-0.6688571428571777,1
2022-04-13 23:20:00,1978.198,LONG,1977.712142857143,1978.9267857142856,0.48585714285710374,37912,2022-04-13 23:35:00,1978.9267857142856,TP,1.5,0.7287857142855501,3
2022-04-13 23:35:00,1978.562,LONG,1978.1170714285713,1979.2293928571428,0.4449285714285419,37915,2022-04-13 23:40:00,1978.1170714285713,SL,-1.0,-0.44492857142859066,1
2022-04-14 01:25:00,1976.048,SHORT,1976.8922142857143,1974.7816785714285,0.8442142857142991,37937,2022-04-14 01:35:00,1976.8922142857143,SL,-1.0,-0.8442142857143153,2
2022-04-14 05:00:00,1973.872,SHORT,1974.8777142857143,1972.3634285714286,1.0057142857142805,37980,2022-04-14 05:20:00,1972.3634285714286,TP,1.5,1.5085714285714857,4
2022-04-14 05:40:00,1973.318,SHORT,1974.2919285714286,1971.857107142857,0.9739285714285545,37988,2022-04-14 05:45:00,1974.2919285714286,SL,-1.0,-0.973928571428587,1
2022-04-14 06:20:00,1973.568,SHORT,1974.8362857142856,1971.6655714285714,1.2682857142857367,37996,2022-04-14 06:45:00,1971.6655714285714,TP,1.5,1.9024285714285725,5
2022-04-14 07:05:00,1971.448,SHORT,1972.9138571428573,1969.2492142857143,1.465857142857138,38005,2022-04-14 07:10:00,1972.9138571428573,SL,-1.0,-1.4658571428572031,1
2022-04-14 07:40:00,1977.058,SHORT,1978.8379285714286,1974.388107142857,1.779928571428562,38012,2022-04-14 08:00:00,1974.388107142857,TP,1.5,2.6698928571429406,4
2022-04-14 08:05:00,1974.803,LONG,1973.0467142857144,1977.4374285714287,1.7562857142856956,38017,2022-04-14 08:50:00,1973.0467142857144,SL,-1.0,-1.7562857142856956,9
2022-04-14 13:15:00,1976.798,LONG,1974.277,1980.5795,2.521000000000023,38079,2022-04-14 13:30:00,1974.277,SL,-1.0,-2.520999999999958,3
2022-04-14 15:15:00,1967.382,SHORT,1969.7357857142858,1963.8513214285715,2.353785714285745,38103,2022-04-14 15:20:00,1963.8513214285715,TP,1.5,3.5306785714285525,1
2022-04-14 16:20:00,1969.148,SHORT,1971.0742857142857,1966.2585714285713,1.9262857142857197,38116,2022-04-14 16:35:00,1971.0742857142857,SL,-1.0,-1.9262857142857683,3
2022-04-14 16:40:00,1969.688,SHORT,1971.1157142857144,1967.5464285714288,1.4277142857142735,38120,2022-04-14 16:45:00,1971.1157142857144,SL,-1.0,-1.4277142857142735,1
2022-04-14 17:40:00,1970.938,LONG,1969.3095714285716,1973.380642857143,1.6284285714285553,38132,2022-04-14 18:05:00,1973.380642857143,TP,1.5,2.4426428571428005,5
2022-04-18 02:10:00,1984.868,LONG,1983.3155714285715,1987.1966428571427,1.5524285714285335,38222,2022-04-18 02:35:00,1983.3155714285715,SL,-1.0,-1.552428571428436,5
2022-04-18 02:35:00,1983.838,LONG,1982.6481428571428,1985.6227857142856,1.1898571428571034,38227,2022-04-18 02:55:00,1982.6481428571428,SL,-1.0,-1.1898571428571358,4
2022-04-18 03:05:00,1983.278,LONG,1982.190857142857,1984.9087142857143,1.0871428571428428,38233,2022-04-18 03:20:00,1984.9087142857143,TP,1.5,1.630714285714248,3
2022-04-18 03:35:00,1983.748,LONG,1982.6514285714286,1985.392857142857,1.096571428571435,38239,2022-04-18 05:10:00,1985.392857142857,TP,1.5,1.644857142857063,19
2022-04-18 05:50:00,1984.948,LONG,1983.7312142857145,1986.7731785714286,1.216785714285704,38266,2022-04-18 06:00:00,1983.7312142857145,SL,-1.0,-1.2167857142856064,2
2022-04-18 06:05:00,1985.112,LONG,1983.8733571428572,1986.9699642857142,1.2386428571428334,38269,2022-04-18 06:20:00,1986.9699642857142,TP,1.5,1.8579642857141607,3
2022-04-18 08:30:00,1991.702,LONG,1990.2828571428572,1993.8307142857143,1.4191428571428528,38298,2022-04-18 10:20:00,1990.2828571428572,SL,-1.0,-1.4191428571427878,22
2022-04-18 10:30:00,1989.712,LONG,1988.822357142857,1991.0464642857144,0.8896428571429007,38322,2022-04-18 10:35:00,1988.822357142857,SL,-1.0,-0.8896428571429169,1
2022-04-18 11:45:00,1991.738,LONG,1990.7361428571428,1993.2407857142857,1.0018571428571639,38337,2022-04-18 12:05:00,1993.2407857142857,TP,1.5,1.5027857142856647,4
2022-04-18 13:35:00,1991.488,LONG,1989.3671428571429,1994.6692857142857,2.1208571428571434,38359,2022-04-18 13:45:00,1989.3671428571429,SL,-1.0,-2.120857142857176,2
2022-04-18 14:05:00,1993.522,LONG,1991.3201428571429,1996.8247857142856,2.2018571428571443,38365,2022-04-18 14:10:00,1991.3201428571429,SL,-1.0,-2.2018571428570795,1
2022-04-18 15:40:00,1987.308,SHORT,1989.4045714285714,1984.163142857143,2.0965714285714188,38384,2022-04-18 15:55:00,1989.4045714285714,SL,-1.0,-2.096571428571451,3
2022-04-18 16:05:00,1988.962,SHORT,1990.4712857142858,1986.6980714285714,1.5092857142857383,38389,2022-04-18 16:40:00,1986.6980714285714,TP,1.5,2.2639285714285506,7
2022-04-18 19:25:00,1980.632,SHORT,1981.8422142857144,1978.8166785714286,1.2102142857142684,38429,2022-04-18 19:40:00,1978.8166785714286,TP,1.5,1.8153214285714512,3
2022-04-18 22:15:00,1977.928,SHORT,1978.8374285714287,1976.5638571428572,0.9094285714285694,38451,2022-04-18 23:15:00,1976.5638571428572,TP,1.5,1.3641428571429515,12
2022-04-19 00:00:00,1976.308,SHORT,1976.9219285714287,1975.387107142857,0.6139285714286059,38472,2022-04-19 00:05:00,1976.9219285714287,SL,-1.0,-0.6139285714286871,1
2022-04-19 00:10:00,1977.458,SHORT,1978.2128571428573,1976.3257142857144,0.7548571428571579,38474,2022-04-19 00:15:00,1978.2128571428573,SL,-1.0,-0.7548571428571904,1
2022-04-19 00:25:00,1977.362,SHORT,1978.3660000000002,1975.856,1.0040000000000353,38477,2022-04-19 00:45:00,1975.856,TP,1.5,1.5060000000000855,4
2022-04-19 01:10:00,1974.957,SHORT,1976.3580000000002,1972.8555000000001,1.4010000000000187,38486,2022-04-19 01:25:00,1976.3580000000002,SL,-1.0,-1.4010000000000673,3
2022-04-19 01:30:00,1975.422,SHORT,1976.614857142857,1973.6327142857142,1.1928571428571462,38490,2022-04-19 01:40:00,1976.614857142857,SL,-1.0,-1.192857142857065,2
2022-04-19 02:35:00,1975.782,SHORT,1976.8275714285712,1974.2136428571428,1.0455714285713904,38503,2022-04-19 02:50:00,1976.8275714285712,SL,-1.0,-1.045571428571293,3
2022-04-19 06:45:00,1974.568,SHORT,1975.6225,1972.98625,1.0544999999999942,38553,2022-04-19 07:00:00,1975.6225,SL,-1.0,-1.0544999999999618,3
2022-04-19 07:05:00,1975.382,SHORT,1976.5647857142858,1973.6078214285715,1.182785714285712,38557,2022-04-19 07:10:00,1976.5647857142858,SL,-1.0,-1.1827857142857283,1
2022-04-19 09:05:00,1978.168,LONG,1976.782,1980.2469999999998,1.3860000000000159,38581,2022-04-19 09:15:00,1976.782,SL,-1.0,-1.3859999999999673,2
2022-04-19 10:45:00,1975.742,SHORT,1976.8918571428571,1974.0172142857143,1.1498571428571398,38601,2022-04-19 10:50:00,1976.8918571428571,SL,-1.0,-1.1498571428571722,1
2022-04-19 11:35:00,1978.642,LONG,1977.5117142857143,1980.3374285714287,1.1302857142857354,38611,2022-04-19 12:10:00,1977.5117142857143,SL,-1.0,-1.1302857142857192,7
2022-04-19 12:10:00,1979.509,LONG,1978.2058571428572,1981.4637142857143,1.3031428571428836,38618,2022-04-19 12:15:00,1981.4637142857143,TP,1.5,1.9547142857143172,1
2022-04-19 13:45:00,1964.868,SHORT,1968.9536428571428,1958.7395357142857,4.085642857142894,38637,2022-04-19 14:15:00,1958.7395357142857,TP,1.5,6.128464285714244,6
2022-04-19 16:05:00,1955.282,SHORT,1957.326357142857,1952.2154642857142,2.0443571428571334,38665,2022-04-19 16:35:00,1957.326357142857,SL,-1.0,-2.044357142857052,6
2022-04-19 16:50:00,1956.592,SHORT,1957.957,1954.5445,1.365000000000009,38674,2022-04-19 16:55:00,1957.957,SL,-1.0,-1.365000000000009,1
2022-04-19 17:00:00,1956.552,SHORT,1957.8939285714284,1954.5391071428571,1.3419285714285738,38676,2022-04-19 17:40:00,1954.5391071428571,TP,1.5,2.0128928571427878,8
2022-04-19 20:45:00,1949.552,SHORT,1950.5972142857142,1947.9841785714284,1.045214285714321,38721,2022-04-19 22:05:00,1950.5972142857142,SL,-1.0,-1.0452142857143372,4
2022-04-19 22:30:00,1949.262,SHORT,1949.992857142857,1948.1657142857143,0.7308571428571246,38730,2022-04-19 22:45:00,1949.992857142857,SL,-1.0,-0.7308571428570758,3
2022-04-19 23:05:00,1950.582,SHORT,1951.3532142857143,1949.4251785714287,0.7712142857142551,38737,2022-04-19 23:25:00,1949.4251785714287,TP,1.5,1.1568214285714475,4
2022-04-20 00:10:00,1947.488,SHORT,1948.5394285714287,1945.9108571428571,1.0514285714285896,38750,2022-04-20 01:05:00,1948.5394285714287,SL,-1.0,-1.051428571428687,11
2022-04-20 01:25:00,1943.878,SHORT,1945.4587142857142,1941.5069285714285,1.5807142857142773,38765,2022-04-20 01:50:00,1945.4587142857142,SL,-1.0,-1.5807142857142935,5
2022-04-20 02:30:00,1945.558,SHORT,1947.0712857142858,1943.2880714285714,1.5132857142857088,38778,2022-04-20 03:00:00,1947.0712857142858,SL,-1.0,-1.5132857142857574,6
2022-04-20 03:00:00,1945.982,SHORT,1947.3969285714286,1943.8596071428572,1.4149285714285529,38784,2022-04-20 03:25:00,1947.3969285714286,SL,-1.0,-1.414928571428618,5
2022-04-20 05:20:00,1945.213,SHORT,1946.2322142857142,1943.6841785714284,1.019214285714286,38812,2022-04-20 05:30:00,1946.2322142857142,SL,-1.0,-1.0192142857142699,2
2022-04-20 08:15:00,1941.702,SHORT,1943.4000714285714,1939.1548928571428,1.6980714285714547,38847,2022-04-20 08:30:00,1943.4000714285714,SL,-1.0,-1.6980714285714384,3
2022-04-20 12:05:00,1951.138,LONG,1949.7401428571427,1953.2347857142856,1.3978571428571382,38893,2022-04-20 12:15:00,1949.7401428571427,SL,-1.0,-1.3978571428572195,2
2022-04-20 12:55:00,1949.828,LONG,1947.669357142857,1953.0659642857142,2.158642857142841,38903,2022-04-20 13:00:00,1947.669357142857,SL,-1.0,-2.1586428571429224,1
2022-04-20 13:25:00,1946.382,SHORT,1948.5774285714285,1943.0888571428573,2.1954285714285464,38909,2022-04-20 13:40:00,1948.5774285714285,SL,-1.0,-2.195428571428465,3
2022-04-20 14:10:00,1950.858,LONG,1948.6324285714286,1954.196357142857,2.2255714285714214,38918,2022-04-20 14:45:00,1954.196357142857,TP,1.5,3.3383571428571486,7
2022-04-20 17:05:00,1952.888,LONG,1951.6394285714284,1954.760857142857,1.2485714285714462,38953,2022-04-20 17:10:00,1951.6394285714284,SL,-1.0,-1.2485714285714948,1
2022-04-20 17:15:00,1953.082,LONG,1951.7998571428573,1955.0052142857144,1.2821428571428766,38955,2022-04-20 17:55:00,1951.7998571428573,SL,-1.0,-1.2821428571428442,8
2022-04-20 18:35:00,1952.098,LONG,1951.043,1953.6805,1.0549999999999986,38971,2022-04-20 18:45:00,1951.043,SL,-1.0,-1.0550000000000637,2
2022-04-20 18:50:00,1951.868,LONG,1950.9190714285714,1953.2913928571427,0.948928571428561,38974,2022-04-20 19:00:00,1950.9190714285714,SL,-1.0,-0.9489285714284961,2
2022-04-20 22:25:00,1955.508,LONG,1954.722,1956.6870000000001,0.7860000000000257,39005,2022-04-20 22:35:00,1954.722,SL,-1.0,-0.7860000000000582,2
2022-04-20 22:55:00,1955.338,LONG,1954.5092142857143,1956.5811785714286,0.8287857142857027,39011,2022-04-20 23:50:00,1956.5811785714286,TP,1.5,1.2431785714286434,11
2022-04-21 01:05:00,1955.718,LONG,1954.6203571428573,1957.3644642857143,1.0976428571428383,39037,2022-04-21 01:25:00,1954.6203571428573,SL,-1.0,-1.0976428571427732,4
2022-04-21 04:25:00,1951.868,SHORT,1952.6005714285714,1950.7691428571427,0.732571428571451,39077,2022-04-21 04:45:00,1950.7691428571427,TP,1.5,1.0988571428572413,4
2022-04-21 04:45:00,1950.928,SHORT,1951.5808571428572,1949.9487142857145,0.65285714285715,39081,2022-04-21 05:00:00,1951.5808571428572,SL,-1.0,-0.6528571428571013,3
2022-04-21 05:05:00,1950.822,SHORT,1951.5242857142857,1949.7685714285712,0.702285714285722,39085,2022-04-21 05:10:00,1949.7685714285712,TP,1.5,1.0534285714286398,1
2022-04-21 05:55:00,1952.962,SHORT,1953.932,1951.507,0.9699999999999948,39095,2022-04-21 06:20:00,1951.507,TP,1.5,1.4549999999999272,5
2022-04-21 06:55:00,1952.358,SHORT,1953.4534999999998,1950.71475,1.0954999999999504,39107,2022-04-21 07:10:00,1950.71475,TP,1.5,1.6432499999998527,3
2022-04-21 09:50:00,1944.952,SHORT,1946.2754285714286,1942.9668571428572,1.323428571428524,39142,2022-04-21 10:00:00,1942.9668571428572,TP,1.5,1.9851428571428187,2
2022-04-21 10:25:00,1945.552,SHORT,1947.0209285714284,1943.348607142857,1.4689285714285591,39149,2022-04-21 10:30:00,1943.348607142857,TP,1.5,2.203392857142944,1
2022-04-21 12:40:00,1946.202,SHORT,1948.9264285714287,1942.1153571428572,2.7244285714286076,39176,2022-04-21 12:50:00,1948.9264285714287,SL,-1.0,-2.724428571428689,2
2022-04-21 13:45:00,1945.288,LONG,1942.9374285714287,1948.8138571428572,2.350571428571438,39189,2022-04-21 14:05:00,1942.9374285714287,SL,-1.0,-2.3505714285713566,4
2022-04-21 14:55:00,1945.472,SHORT,1947.7295,1942.08575,2.2575000000000336,39203,2022-04-21 15:25:00,1942.08575,TP,1.5,3.386250000000018,6
2022-04-21 15:30:00,1940.398,SHORT,1942.496357142857,1937.250464285714,2.098357142857156,39210,2022-04-21 17:00:00,1942.496357142857,SL,-1.0,-2.0983571428571395,18
2022-04-21 18:15:00,1943.939,LONG,1942.0813571428573,1946.7254642857142,1.8576428571428127,39243,2022-04-21 18:30:00,1946.7254642857142,TP,1.5,2.786464285714146,3
2022-04-21 22:30:00,1950.943,LONG,1950.2603571428572,1951.9669642857143,0.6826428571428583,39282,2022-04-21 23:05:00,1951.9669642857143,TP,1.5,1.023964285714328,7
2022-04-21 23:05:00,1952.008,LONG,1951.4165,1952.89525,0.5915000000000126,39289,2022-04-21 23:40:00,1951.4165,SL,-1.0,-0.5914999999999964,7
2022-04-22 00:30:00,1950.492,LONG,1949.4947142857143,1951.9879285714285,0.997285714285746,39306,2022-04-22 00:50:00,1949.4947142857143,SL,-1.0,-0.997285714285681,4
2022-04-22 01:30:00,1953.062,LONG,1951.5971428571427,1955.2592857142856,1.4648571428571293,39318,2022-04-22 01:40:00,1951.5971428571427,SL,-1.0,-1.4648571428572268,2
2022-04-22 05:35:00,1951.362,LONG,1950.4049285714286,1952.7976071428573,0.9570714285714368,39367,2022-04-22 05:45:00,1950.4049285714286,SL,-1.0,-0.957071428571453,2
2022-04-22 05:50:00,1952.282,LONG,1951.225357142857,1953.8669642857142,1.0566428571428819,39370,2022-04-22 06:00:00,1953.8669642857142,TP,1.5,1.5849642857142499,2
2022-04-22 06:40:00,1953.912,LONG,1952.6308571428572,1955.8337142857144,1.2811428571428678,39380,2022-04-22 06:50:00,1952.6308571428572,SL,-1.0,-1.2811428571428678,2
2022-04-22 07:15:00,1953.178,LONG,1951.7324285714287,1955.3463571428572,1.4455714285714163,39387,2022-04-22 07:20:00,1951.7324285714287,SL,-1.0,-1.4455714285713839,1
2022-04-22 07:20:00,1953.608,LONG,1952.1305,1955.82425,1.477499999999996,39388,2022-04-22 07:25:00,1952.1305,SL,-1.0,-1.4774999999999636,1
2022-04-22 11:25:00,1936.185,SHORT,1938.8666428571428,1932.1625357142857,2.681642857142817,39437,2022-04-22 12:00:00,1932.1625357142857,TP,1.5,4.02246428571425,7
2022-04-22 12:55:00,1936.892,SHORT,1939.5403571428571,1932.9194642857142,2.6483571428571753,39455,2022-04-22 13:00:00,1932.9194642857142,TP,1.5,3.9725357142858684,1
2022-04-22 16:50:00,1935.068,SHORT,1936.836142857143,1932.4157857142857,1.7681428571428992,39502,2022-04-22 17:25:00,1932.4157857142857,TP,1.5,2.652214285714308,7
2022-04-22 17:40:00,1934.782,SHORT,1936.139,1932.7465,1.356999999999987,39512,2022-04-22 18:00:00,1932.7465,TP,1.5,2.0354999999999563,4
2022-04-22 18:25:00,1933.738,SHORT,1935.0672857142858,1931.7440714285715,1.3292857142856909,39521,2022-04-22 19:05:00,1931.7440714285715,TP,1.5,1.9939285714285688,8
2022-04-22 19:25:00,1933.568,SHORT,1934.7877142857142,1931.7384285714286,1.2197142857142549,39533,2022-04-22 19:35:00,1934.7877142857142,SL,-1.0,-1.2197142857141898,2
2022-04-22 20:20:00,1932.798,SHORT,1934.2103571428572,1930.6794642857144,1.4123571428571202,39544,2022-04-22 20:55:00,1930.6794642857144,TP,1.5,2.118535714285599,7
2022-04-24 22:20:00,1932.813,SHORT,1934.3218571428572,1930.5497142857143,1.5088571428571282,39556,2022-04-24 22:35:00,1930.5497142857143,TP,1.5,2.2632857142857574,3
2022-04-24 22:45:00,1930.448,SHORT,1932.1865,1927.8402500000002,1.738499999999996,39561,2022-04-24 23:35:00,1932.1865,SL,-1.0,-1.7384999999999309,10
2022-04-24 23:45:00,1931.463,SHORT,1932.328857142857,1930.1642142857143,0.8658571428571155,39573,2022-04-24 23:50:00,1932.328857142857,SL,-1.0,-0.8658571428570667,1
2022-04-24 23:55:00,1932.508,SHORT,1933.3502857142857,1931.2445714285716,0.8422857142856921,39575,2022-04-25 00:00:00,1931.2445714285716,TP,1.5,1.2634285714284488,1
2022-04-25 00:05:00,1930.218,SHORT,1931.2049285714286,1928.7376071428573,0.9869285714285395,39577,2022-04-25 00:15:00,1928.7376071428573,TP,1.5,1.4803928571427605,2
2022-04-25 02:50:00,1925.108,SHORT,1926.7268571428572,1922.6797142857142,1.6188571428571257,39610,2022-04-25 03:00:00,1922.6797142857142,TP,1.5,2.428285714285721,2
2022-04-25 03:40:00,1922.778,SHORT,1924.3509285714285,1920.4186071428571,1.572928571428536,39620,2022-04-25 03:50:00,1924.3509285714285,SL,-1.0,-1.5729285714285197,2
2022-04-25 04:15:00,1922.483,SHORT,1923.7124999999999,1920.63875,1.2294999999999814,39627,2022-04-25 04:40:00,1920.63875,TP,1.5,1.8442499999998745,5
2022-04-25 07:00:00,1916.168,SHORT,1918.3574285714285,1912.883857142857,2.189428571428558,39660,2022-04-25 07:05:00,1918.3574285714285,SL,-1.0,-2.189428571428607,1
2022-04-25 07:15:00,1917.938,SHORT,1920.2072142857144,1914.5341785714286,2.2692142857142863,39663,2022-04-25 07:25:00,1920.2072142857144,SL,-1.0,-2.26921428571427,2
2022-04-25 07:45:00,1915.788,SHORT,1918.0055714285716,1912.4616428571428,2.2175714285714645,39669,2022-04-25 08:20:00,1918.0055714285716,SL,-1.0,-2.2175714285715458,7
2022-04-25 08:55:00,1916.403,SHORT,1918.0745,1913.89575,1.671500000000021,39683,2022-04-25 09:05:00,1918.0745,SL,-1.0,-1.6714999999999236,2
2022-04-25 09:10:00,1916.793,SHORT,1918.397714285714,1914.3859285714284,1.6047142857142782,39686,2022-04-25 09:30:00,1918.397714285714,SL,-1.0,-1.6047142857141807,4
2022-04-25 10:20:00,1915.048,SHORT,1916.6397857142856,1912.6603214285715,1.591785714285704,39700,2022-04-25 10:35:00,1912.6603214285715,TP,1.5,2.3876785714285234,3
2022-04-25 13:35:00,1897.778,SHORT,1901.2797142857144,1892.5254285714286,3.50171428571431,39739,2022-04-25 13:40:00,1901.2797142857144,SL,-1.0,-3.5017142857143426,1
2022-04-25 15:15:00,1897.768,SHORT,1900.754357142857,1893.2884642857143,2.9863571428571243,39759,2022-04-25 15:40:00,1893.2884642857143,TP,1.5,4.479535714285703,5
2022-04-25 16:15:00,1895.273,SHORT,1896.9469285714285,1892.762107142857,1.6739285714285512,39771,2022-04-25 16:30:00,1896.9469285714285,SL,-1.0,-1.6739285714286325,3
2022-04-25 16:50:00,1895.833,SHORT,1897.4669285714288,1893.3821071428572,1.6339285714285714,39778,2022-04-25 16:55:00,1897.4669285714288,SL,-1.0,-1.6339285714286689,1
2022-04-25 17:10:00,1894.693,SHORT,1896.3547857142858,1892.2003214285714,1.6617857142857215,39782,2022-04-25 17:20:00,1896.3547857142858,SL,-1.0,-1.6617857142857702,2
2022-04-25 17:25:00,1895.163,SHORT,1896.8990714285715,1892.5588928571428,1.736071428571417,39785,2022-04-25 17:35:00,1896.8990714285715,SL,-1.0,-1.7360714285714494,2
2022-04-25 18:10:00,1897.423,SHORT,1898.9112142857143,1895.1906785714286,1.4882142857142884,39794,2022-04-25 18:25:00,1898.9112142857143,SL,-1.0,-1.4882142857143208,3
2022-04-25 19:15:00,1900.958,LONG,1899.2765714285715,1903.480142857143,1.6814285714286012,39807,2022-04-25 19:45:00,1899.2765714285715,SL,-1.0,-1.6814285714285688,6
2022-04-25 20:45:00,1897.598,SHORT,1898.47,1896.29,0.8719999999999898,39825,2022-04-25 22:00:00,1898.47,SL,-1.0,-0.8720000000000709,3
2022-04-25 22:10:00,1899.438,LONG,1898.6335000000001,1900.6447500000002,0.8044999999999943,39830,2022-04-25 22:25:00,1898.6335000000001,SL,-1.0,-0.8044999999999618,3
2022-04-25 23:05:00,1899.233,LONG,1898.3094285714285,1900.6183571428571,0.9235714285714168,39841,2022-04-26 00:15:00,1900.6183571428571,TP,1.5,1.385357142857174,14
2022-04-26 00:15:00,1900.718,LONG,1899.9876428571429,1901.8135357142858,0.7303571428571202,39855,2022-04-26 00:20:00,1901.8135357142858,TP,1.5,1.0955357142856883,1
2022-04-26 01:55:00,1900.128,LONG,1898.4147857142857,1902.6978214285714,1.713214285714295,39875,2022-04-26 02:30:00,1902.6978214285714,TP,1.5,2.5698214285714585,7
2022-04-26 04:10:00,1902.743,LONG,1901.8001428571429,1904.1572857142858,0.9428571428571786,39902,2022-04-26 04:20:00,1901.8001428571429,SL,-1.0,-0.9428571428570649,2
2022-04-26 04:20:00,1902.703,LONG,1901.7690714285714,1904.103892857143,0.9339285714285909,39904,2022-04-26 04:35:00,1904.103892857143,TP,1.5,1.400892857142935,3
2022-04-26 05:15:00,1903.513,LONG,1902.3004999999998,1905.33175,1.212500000000026,39915,2022-04-26 05:40:00,1905.33175,TP,1.5,1.8187500000001364,5
2022-04-26 05:45:00,1906.053,LONG,1904.5644285714286,1908.2858571428574,1.4885714285714389,39921,2022-04-26 06:05:00,1904.5644285714286,SL,-1.0,-1.488571428571504,4
2022-04-26 08:15:00,1899.633,SHORT,1901.8405,1896.32175,2.2075000000000307,39951,2022-04-26 08:30:00,1901.8405,SL,-1.0,-2.207499999999982,3
2022-04-26 08:35:00,1901.633,SHORT,1903.6667857142859,1898.5823214285715,2.033785714285744,39955,2022-04-26 08:45:00,1903.6667857142859,SL,-1.0,-2.033785714285841,2
2022-04-26 10:35:00,1904.683,LONG,1903.509857142857,1906.4427142857144,1.1731428571428555,39979,2022-04-26 10:55:00,1906.4427142857144,TP,1.5,1.7597142857143808,4
2022-04-26 11:40:00,1904.282,LONG,1902.5952857142856,1906.8120714285712,1.6867142857142718,39992,2022-04-26 11:45:00,1902.5952857142856,SL,-1.0,-1.686714285714288,1
2022-04-26 11:45:00,1904.402,LONG,1902.6000000000001,1907.105,1.8019999999999885,39993,2022-04-26 12:20:00,1902.6000000000001,SL,-1.0,-1.8019999999999072,7
2022-04-26 12:45:00,1902.298,SHORT,1904.6646428571428,1898.7480357142856,2.36664285714286,40005,2022-04-26 13:05:00,1904.6646428571428,SL,-1.0,-2.3666428571427787,4
2022-04-26 13:10:00,1905.973,SHORT,1908.5431428571428,1902.1177857142857,2.5701428571428715,40010,2022-04-26 13:25:00,1908.5431428571428,SL,-1.0,-2.570142857142855,3
2022-04-26 14:25:00,1902.273,LONG,1899.5586428571428,1906.3445357142857,2.7143571428571573,40025,2022-04-26 14:40:00,1906.3445357142857,TP,1.5,4.071535714285801,3
2022-04-26 17:40:00,1902.028,SHORT,1903.1194285714287,1900.3908571428572,1.0914285714286183,40064,2022-04-26 17:50:00,1900.3908571428572,TP,1.5,1.6371428571428623,2
2022-04-26 19:45:00,1900.378,SHORT,1901.5279285714284,1898.6531071428572,1.149928571428583,40089,2022-04-26 20:00:00,1901.5279285714284,SL,-1.0,-1.149928571428518,3
2022-04-26 22:40:00,1904.493,LONG,1903.5427857142856,1905.9183214285713,0.9502142857142611,40112,2022-04-26 23:40:00,1905.9183214285713,TP,1.5,1.4253214285713511,12
2022-04-27 00:25:00,1904.828,LONG,1903.9947142857143,1906.0779285714284,0.8332857142856775,40133,2022-04-27 00:30:00,1903.9947142857143,SL,-1.0,-0.8332857142856938,1
2022-04-27 01:50:00,1902.848,SHORT,1904.0735,1901.00975,1.225500000000011,40150,2022-04-27 02:10:00,1904.0735,SL,-1.0,-1.225500000000011,4
2022-04-27 06:50:00,1898.345,SHORT,1899.809642857143,1896.1480357142857,1.4646428571428487,40210,2022-04-27 07:25:00,1899.809642857143,SL,-1.0,-1.4646428571429624,7
2022-04-27 07:35:00,1900.452,SHORT,1902.2951428571428,1897.6872857142857,1.8431428571428472,40219,2022-04-27 07:55:00,1897.6872857142857,TP,1.5,2.7647142857142626,4
2022-04-27 08:10:00,1891.138,SHORT,1893.6207857142856,1887.4138214285713,2.4827857142856993,40226,2022-04-27 08:25:00,1893.6207857142856,SL,-1.0,-2.482785714285683,3
2022-04-27 08:40:00,1891.553,SHORT,1894.313142857143,1887.4127857142857,2.760142857142861,40232,2022-04-27 09:05:00,1894.313142857143,SL,-1.0,-2.7601428571429096,5
2022-04-27 09:15:00,1894.168,SHORT,1896.6402142857141,1890.4596785714284,2.472214285714277,40239,2022-04-27 09:35:00,1896.6402142857141,SL,-1.0,-2.4722142857142444,4
2022-04-27 09:40:00,1897.148,SHORT,1898.8184999999999,1894.6422499999999,1.6704999999999635,40244,2022-04-27 09:55:00,1894.6422499999999,TP,1.5,2.5057500000000346,3
2022-04-27 10:00:00,1894.788,SHORT,1896.3508571428572,1892.4437142857143,1.562857142857118,40248,2022-04-27 10:15:00,1896.3508571428572,SL,-1.0,-1.5628571428571831,3
2022-04-27 10:15:00,1894.128,SHORT,1895.7351428571428,1891.7172857142857,1.6071428571428084,40251,2022-04-27 10:35:00,1895.7351428571428,SL,-1.0,-1.6071428571428896,4
2022-04-27 10:45:00,1895.678,SHORT,1897.077,1893.5795,1.3989999999999685,40257,2022-04-27 10:55:00,1897.077,SL,-1.0,-1.3989999999998872,2
2022-04-27 11:15:00,1898.558,LONG,1897.078,1900.778,1.4799999999999531,40263,2022-04-27 11:20:00,1900.778,TP,1.5,2.2200000000000273,1
2022-04-27 11:45:00,1898.838,LONG,1897.1457142857143,1901.3764285714285,1.6922857142857148,40269,2022-04-27 12:00:00,1901.3764285714285,TP,1.5,2.5384285714285397,3
2022-04-27 13:05:00,1895.278,LONG,1892.489857142857,1899.4602142857143,2.788142857142881,40285,2022-04-27 13:25:00,1892.489857142857,SL,-1.0,-2.7881428571429296,4
2022-04-27 16:35:00,1887.488,SHORT,1889.415642857143,1884.596535714286,1.9276428571428466,40327,2022-04-27 17:30:00,1889.415642857143,SL,-1.0,-1.9276428571429278,11
2022-04-27 19:30:00,1885.923,SHORT,1887.1163571428572,1884.1329642857143,1.1933571428571506,40362,2022-04-27 22:50:00,1884.1329642857143,TP,1.5,1.7900357142857501,28
2022-04-28 00:10:00,1885.518,SHORT,1886.4727857142857,1884.0858214285713,0.954785714285744,40406,2022-04-28 00:30:00,1886.4727857142857,SL,-1.0,-0.9547857142856628,4
2022-04-28 02:50:00,1883.038,SHORT,1883.9947857142856,1881.6028214285714,0.9567857142856967,40438,2022-04-28 03:10:00,1881.6028214285714,TP,1.5,1.4351785714286507,4
2022-04-28 04:55:00,1878.168,SHORT,1879.4047857142857,1876.3128214285712,1.2367857142857506,40463,2022-04-28 05:10:00,1876.3128214285712,TP,1.5,1.8551785714287234,3
2022-04-28 05:10:00,1876.388,SHORT,1877.4990714285714,1874.7213928571427,1.1110714285714656,40466,2022-04-28 05:15:00,1877.4990714285714,SL,-1.0,-1.1110714285714494,1
2022-04-28 10:40:00,1889.728,LONG,1888.089642857143,1892.1855357142858,1.6383571428571355,40532,2022-04-28 11:00:00,1888.089642857143,SL,-1.0,-1.638357142857103,4
2022-04-28 11:05:00,1889.223,LONG,1887.696357142857,1891.5129642857141,1.526642857142828,40537,2022-04-28 11:50:00,1887.696357142857,SL,-1.0,-1.5266428571428605,9
2022-04-28 13:40:00,1889.763,LONG,1887.1341428571427,1893.7062857142855,2.6288571428571004,40568,2022-04-28 14:10:00,1887.1341428571427,SL,-1.0,-2.628857142857214,6
2022-04-28 15:30:00,1889.263,LONG,1886.8842857142856,1892.8310714285712,2.378714285714263,40590,2022-04-28 15:50:00,1886.8842857142856,SL,-1.0,-2.3787142857142953,4
2022-04-28 17:05:00,1889.913,LONG,1888.6347857142857,1891.8303214285716,1.2782142857143006,40609,2022-04-28 17:50:00,1888.6347857142857,SL,-1.0,-1.2782142857142844,9
2022-04-28 18:55:00,1892.438,LONG,1891.238,1894.238,1.2000000000000293,40631,2022-04-28 19:05:00,1894.238,TP,1.5,1.7999999999999545,2
2022-04-28 23:15:00,1893.848,LONG,1893.3405,1894.60925,0.5074999999999689,40671,2022-04-28 23:20:00,1893.3405,SL,-1.0,-0.5074999999999363,1
2022-04-28 23:40:00,1894.628,LONG,1894.0783571428572,1895.452464285714,0.5496428571428039,40676,2022-04-28 23:50:00,1895.452464285714,TP,1.5,0.8244642857141571,2
2022-04-29 03:15:00,1901.328,LONG,1900.073,1903.2105,1.2549999999999792,40719,2022-04-29 03:30:00,1903.2105,TP,1.5,1.8824999999999363,3
2022-04-29 05:45:00,1907.193,LONG,1906.0383571428572,1908.9249642857144,1.154642857142887,40749,2022-04-29 06:05:00,1908.9249642857144,TP,1.5,1.7319642857144117,4
2022-04-29 10:00:00,1915.543,LONG,1914.0294285714285,1917.813357142857,1.5135714285714,40800,2022-04-29 11:50:00,1917.813357142857,TP,1.5,2.270357142857165,22
2022-04-29 12:10:00,1916.206,LONG,1914.674357142857,1918.5034642857142,1.531642857142856,40826,2022-04-29 12:15:00,1914.674357142857,SL,-1.0,-1.5316428571429697,1
2022-04-29 14:00:00,1910.063,SHORT,1913.1144285714288,1905.4858571428572,3.05142857142859,40848,2022-04-29 14:40:00,1913.1144285714288,SL,-1.0,-3.051428571428687,8
2022-04-29 15:00:00,1910.148,SHORT,1912.7651428571428,1906.2222857142856,2.617142857142848,40860,2022-04-29 15:15:00,1906.2222857142856,TP,1.5,3.925714285714321,3
2022-04-29 16:50:00,1907.983,SHORT,1909.5345,1905.65575,1.5515000000000327,40882,2022-04-29 17:15:00,1909.5345,SL,-1.0,-1.5515000000000327,5
2022-04-29 18:20:00,1910.533,LONG,1909.343357142857,1912.317464285714,1.1896428571428228,40900,2022-04-29 18:50:00,1909.343357142857,SL,-1.0,-1.1896428571428714,6
2022-05-02 00:00:00,1896.728,SHORT,1897.815857142857,1895.0962142857143,1.0878571428571442,40956,2022-05-02 00:15:00,1897.815857142857,SL,-1.0,-1.0878571428570467,3
2022-05-02 03:45:00,1888.398,SHORT,1889.493357142857,1886.7549642857143,1.0953571428570967,41001,2022-05-02 04:00:00,1886.7549642857143,TP,1.5,1.6430357142855883,3
2022-05-02 04:55:00,1885.468,SHORT,1886.7247857142859,1883.5828214285714,1.2567857142857324,41015,2022-05-02 05:00:00,1883.5828214285714,TP,1.5,1.8851785714286962,1
2022-05-02 05:10:00,1882.898,SHORT,1884.3004999999998,1880.79425,1.4025000000000156,41018,2022-05-02 05:35:00,1884.3004999999998,SL,-1.0,-1.4024999999999181,5
2022-05-02 06:40:00,1885.348,SHORT,1886.9701428571427,1882.9147857142857,1.6221428571428436,41036,2022-05-02 06:50:00,1886.9701428571427,SL,-1.0,-1.6221428571427623,2
2022-05-02 07:10:00,1884.138,SHORT,1885.7015714285712,1881.7926428571427,1.5635714285714357,41042,2022-05-02 07:25:00,1885.7015714285712,SL,-1.0,-1.563571428571322,3
2022-05-02 07:55:00,1884.147,SHORT,1885.6487142857143,1881.8944285714285,1.5017142857142776,41051,2022-05-02 08:25:00,1881.8944285714285,TP,1.5,2.2525714285714002,6
2022-05-02 09:55:00,1880.673,SHORT,1881.8959285714286,1878.8386071428572,1.2229285714285456,41075,2022-05-02 10:10:00,1878.8386071428572,TP,1.5,1.8343928571428023,3
2022-05-02 10:20:00,1877.955,SHORT,1879.0087142857142,1876.3744285714286,1.0537142857142823,41080,2022-05-02 10:35:00,1879.0087142857142,SL,-1.0,-1.0537142857142499,3
2022-05-02 11:00:00,1881.008,SHORT,1882.2003571428572,1879.2194642857144,1.192357142857158,41088,2022-05-02 11:10:00,1879.2194642857144,TP,1.5,1.788535714285672,2
2022-05-02 11:30:00,1878.218,SHORT,1879.6036428571429,1876.1395357142858,1.3856428571428165,41094,2022-05-02 11:40:00,1876.1395357142858,TP,1.5,2.07846428571429,2
2022-05-02 14:35:00,1861.748,SHORT,1864.4442142857145,1857.7036785714286,2.696214285714307,41131,2022-05-02 14:40:00,1864.4442142857145,SL,-1.0,-2.6962142857144045,1
2022-05-02 15:00:00,1861.888,SHORT,1864.3491428571429,1858.1962857142855,2.461142857142899,41136,2022-05-02 15:35:00,1864.3491428571429,SL,-1.0,-2.4611428571429315,7
2022-05-02 17:05:00,1863.818,SHORT,1865.336857142857,1861.5397142857144,1.5188571428571354,41161,2022-05-02 17:15:00,1865.336857142857,SL,-1.0,-1.5188571428570867,2
2022-05-02 19:50:00,1862.658,SHORT,1863.7861428571427,1860.9657857142856,1.128142857142864,41194,2022-05-02 19:55:00,1860.9657857142856,TP,1.5,1.6922142857142717,1
2022-05-02 22:10:00,1863.308,SHORT,1863.9043571428572,1862.4134642857143,0.5963571428571542,41210,2022-05-02 22:25:00,1863.9043571428572,SL,-1.0,-0.5963571428571868,3
2022-05-03 01:20:00,1863.023,LONG,1861.8801428571428,1864.7372857142855,1.1428571428570942,41248,2022-05-03 01:35:00,1861.8801428571428,SL,-1.0,-1.1428571428571104,3
2022-05-03 04:40:00,1860.908,SHORT,1861.8294285714285,1859.525857142857,0.9214285714286105,41288,2022-05-03 04:50:00,1859.525857142857,TP,1.5,1.3821428571429806,2
2022-05-03 07:50:00,1855.828,SHORT,1858.2167857142856,1852.2448214285714,2.3887857142856967,41326,2022-05-03 08:20:00,1852.2448214285714,TP,1.5,3.5831785714285616,6
2022-05-03 12:55:00,1863.228,LONG,1860.6593571428573,1867.0809642857143,2.568642857142874,41387,2022-05-03 13:30:00,1867.0809642857143,TP,1.5,3.852964285714279,7
2022-05-03 13:30:00,1867.238,LONG,1864.5385,1871.28725,2.6994999999999925,41394,2022-05-03 13:50:00,1871.28725,TP,1.5,4.049250000000029,4
2022-05-03 15:35:00,1873.558,LONG,1871.4087857142858,1876.7818214285714,2.1492142857142653,41419,2022-05-03 15:50:00,1871.4087857142858,SL,-1.0,-2.1492142857141516,3
2022-05-03 16:10:00,1870.493,LONG,1868.8335,1872.98225,1.6595000000000124,41426,2022-05-03 16:20:00,1868.8335,SL,-1.0,-1.65949999999998,2
2022-05-03 16:20:00,1870.258,LONG,1868.4865,1872.91525,1.771499999999995,41428,2022-05-03 16:55:00,1868.4865,SL,-1.0,-1.77150000000006,7
2022-05-03 17:30:00,1871.013,LONG,1869.6169285714286,1873.107107142857,1.3960714285714013,41442,2022-05-03 17:40:00,1869.6169285714286,SL,-1.0,-1.3960714285713038,2
2022-05-03 17:45:00,1870.288,LONG,1869.020142857143,1872.1897857142858,1.2678571428571266,41445,2022-05-03 18:00:00,1869.020142857143,SL,-1.0,-1.2678571428571104,3
2022-05-03 18:15:00,1866.823,SHORT,1868.2200714285716,1864.7273928571428,1.3970714285714425,41451,2022-05-03 18:50:00,1868.2200714285716,SL,-1.0,-1.3970714285715076,7
2022-05-03 20:35:00,1866.713,SHORT,1867.5415714285714,1865.470142857143,0.8285714285714059,41479,2022-05-03 20:40:00,1867.5415714285714,SL,-1.0,-0.8285714285714221,1
2022-05-03 23:30:00,1868.578,LONG,1868.0637857142856,1869.3493214285713,0.5142142857142744,41502,2022-05-03 23:40:00,1868.0637857142856,SL,-1.0,-0.5142142857143881,2
2022-05-04 01:45:00,1863.118,SHORT,1864.2915714285714,1861.3576428571428,1.1735714285714007,41529,2022-05-04 02:55:00,1864.2915714285714,SL,-1.0,-1.1735714285714494,14
2022-05-04 03:05:00,1863.828,SHORT,1864.6905,1862.53425,0.8625000000000195,41545,2022-05-04 03:20:00,1864.6905,SL,-1.0,-0.8624999999999545,3
2022-05-04 08:30:00,1869.926,LONG,1868.6736428571428,1871.8045357142855,1.2523571428571358,41610,2022-05-04 08:40:00,1868.6736428571428,SL,-1.0,-1.2523571428571358,2
2022-05-04 08:45:00,1869.898,LONG,1868.6945714285714,1871.7031428571427,1.203428571428552,41613,2022-05-04 08:55:00,1868.6945714285714,SL,-1.0,-1.2034285714285033,2
2022-05-04 09:35:00,1868.708,LONG,1867.6140714285716,1870.348892857143,1.0939285714285591,41623,2022-05-04 09:45:00,1870.348892857143,TP,1.5,1.6408928571429442,2
2022-05-04 10:35:00,1869.428,LONG,1868.1913571428572,1871.2829642857143,1.2366428571428483,41635,2022-05-04 10:50:00,1868.1913571428572,SL,-1.0,-1.236642857142897,3
2022-05-04 12:15:00,1866.893,SHORT,1868.0979285714286,1865.0856071428573,1.2049285714285654,41655,2022-05-04 12:20:00,1865.0856071428573,TP,1.5,1.8073928571427587,1
2022-05-04 12:45:00,1867.778,SHORT,1869.4937857142857,1865.2043214285716,1.7157857142856952,41661,2022-05-04 13:00:00,1869.4937857142857,SL,-1.0,-1.71578571428563,3
2022-05-04 13:55:00,1862.727,SHORT,1865.2455,1858.9492500000001,2.518500000000001,41675,2022-05-04 14:35:00,1865.2455,SL,-1.0,-2.5184999999999036,8
2022-05-04 16:15:00,1866.979,LONG,1865.5332142857144,1869.1476785714285,1.4457857142857133,41703,2022-05-04 17:00:00,1869.1476785714285,TP,1.5,2.1686785714284724,9
2022-05-04 17:30:00,1868.583,LONG,1867.2762857142857,1870.5430714285715,1.3067142857143088,41718,2022-05-04 17:45:00,1867.2762857142857,SL,-1.0,-1.3067142857144063,3
2022-05-04 22:10:00,1882.668,LONG,1881.2671428571427,1884.7692857142856,1.4008571428571648,41762,2022-05-04 23:10:00,1884.7692857142856,TP,1.5,2.101285714285723,12
2022-05-05 03:00:00,1900.988,LONG,1899.8397857142859,1902.7103214285714,1.1482142857142728,41820,2022-05-05 04:15:00,1899.8397857142859,SL,-1.0,-1.1482142857141753,15
2022-05-05 04:30:00,1900.358,LONG,1899.4519285714284,1901.717107142857,0.906071428571441,41838,2022-05-05 05:00:00,1899.4519285714284,SL,-1.0,-0.9060714285715221,6
2022-05-05 05:10:00,1900.703,LONG,1899.7862142857143,1902.0781785714285,0.9167857142857007,41846,2022-05-05 05:45:00,1902.0781785714285,TP,1.5,1.3751785714284779,7
2022-05-05 06:35:00,1899.218,LONG,1897.7337142857143,1901.4444285714287,1.4842857142857286,41863,2022-05-05 06:55:00,1897.7337142857143,SL,-1.0,-1.484285714285761,4
2022-05-05 09:30:00,1894.708,SHORT,1896.2420714285715,1892.4068928571428,1.5340714285714836,41898,2022-05-05 09:50:00,1896.2420714285715,SL,-1.0,-1.5340714285714512,4
2022-05-05 10:45:00,1895.308,LONG,1894.0065,1897.26025,1.3014999999999841,41913,2022-05-05 11:05:00,1897.26025,TP,1.5,1.9522500000000491,4
2022-05-05 11:40:00,1896.968,LONG,1895.2038571428573,1899.6142142857143,1.7641428571428637,41924,2022-05-05 12:00:00,1899.6142142857143,TP,1.5,2.6462142857142226,4
2022-05-05 12:00:00,1900.088,LONG,1898.0784285714285,1903.102357142857,2.0095714285714297,41928,2022-05-05 12:30:00,1903.102357142857,TP,1.5,3.0143571428570795,6
2022-05-05 17:15:00,1876.343,SHORT,1878.3212857142858,1873.3755714285714,1.9782857142857242,41991,2022-05-05 17:55:00,1873.3755714285714,TP,1.5,2.967428571428627,8
2022-05-05 18:20:00,1875.523,SHORT,1877.085857142857,1873.1787142857142,1.5628571428571507,42004,2022-05-05 18:45:00,1877.085857142857,SL,-1.0,-1.5628571428571831,5
2022-05-05 19:10:00,1877.523,SHORT,1878.7881428571427,1875.6252857142856,1.2651428571428727,42014,2022-05-05 19:25:00,1878.7881428571427,SL,-1.0,-1.2651428571427914,3
2022-05-05 20:05:00,1877.568,SHORT,1879.0115,1875.40275,1.4435000000000042,42025,2022-05-05 20:25:00,1879.0115,SL,-1.0,-1.4435000000000855,4
2022-05-05 20:30:00,1878.268,SHORT,1879.6054285714285,1876.2618571428573,1.3374285714285665,42030,2022-05-05 22:00:00,1876.2618571428573,TP,1.5,2.006142857142777,6
2022-05-05 22:50:00,1877.358,SHORT,1877.9806428571428,1876.4240357142858,0.622642857142848,42046,2022-05-05 23:20:00,1876.4240357142858,TP,1.5,0.9339642857141826,6
2022-05-06 00:25:00,1875.368,SHORT,1876.5212142857142,1873.6381785714284,1.1532142857143006,42065,2022-05-06 00:45:00,1873.6381785714284,TP,1.5,1.7298214285715403,4
2022-05-06 05:50:00,1874.833,LONG,1873.855785714286,1876.2988214285715,0.9772142857142398,42130,2022-05-06 06:20:00,1876.2988214285715,TP,1.5,1.4658214285714166,6
2022-05-06 06:30:00,1876.524,LONG,1875.264357142857,1878.413464285714,1.2596428571428402,42138,2022-05-06 06:40:00,1875.264357142857,SL,-1.0,-1.2596428571428078,2
2022-05-06 06:40:00,1876.313,LONG,1875.0425714285716,1878.2186428571429,1.2704285714285593,42140,2022-05-06 06:45:00,1875.0425714285716,SL,-1.0,-1.2704285714285106,1
2022-05-06 07:30:00,1873.693,SHORT,1875.2807857142857,1871.3113214285713,1.5877857142857172,42150,2022-05-06 07:50:00,1875.2807857142857,SL,-1.0,-1.587785714285701,4
2022-05-06 10:40:00,1882.958,LONG,1881.577642857143,1885.028535714286,1.3803571428571786,42188,2022-05-06 11:00:00,1885.028535714286,TP,1.5,2.0705357142858247,4
2022-05-06 11:20:00,1882.648,LONG,1881.3365714285715,1884.6151428571427,1.3114285714285643,42196,2022-05-06 11:50:00,1884.6151428571427,TP,1.5,1.9671428571427896,6
2022-05-06 12:05:00,1883.508,LONG,1882.0915,1885.63275,1.4164999999999768,42205,2022-05-06 12:30:00,1885.63275,TP,1.5,2.124749999999949,5
2022-05-06 12:30:00,1887.868,LONG,1886.0552142857143,1890.5871785714285,1.8127857142857076,42210,2022-05-06 12:35:00,1886.0552142857143,SL,-1.0,-1.81278571428561,1
2022-05-06 16:00:00,1888.898,LONG,1886.6236428571428,1892.3095357142856,2.2743571428571516,42252,2022-05-06 17:10:00,1886.6236428571428,SL,-1.0,-2.2743571428570704,14
2022-05-06 18:55:00,1882.398,SHORT,1883.4849285714286,1880.767607142857,1.0869285714285783,42287,2022-05-06 19:10:00,1883.4849285714286,SL,-1.0,-1.0869285714286434,3
2022-05-06 19:15:00,1881.735,SHORT,1882.9506428571428,1879.9115357142857,1.2156428571428575,42291,2022-05-06 19:35:00,1882.9506428571428,SL,-1.0,-1.2156428571429387,4
2022-05-06 19:45:00,1883.743,SHORT,1885.1286428571427,1881.6645357142856,1.3856428571428816,42297,2022-05-06 19:55:00,1881.6645357142856,TP,1.5,2.07846428571429,2
2022-05-06 20:45:00,1881.888,SHORT,1883.0526428571427,1880.1410357142856,1.1646428571428455,42309,2022-05-06 20:50:00,1883.0526428571427,SL,-1.0,-1.1646428571427805,1
2022-05-09 00:35:00,1879.783,SHORT,1880.9801428571427,1877.9872857142857,1.1971428571428728,42343,2022-05-09 00:40:00,1880.9801428571427,SL,-1.0,-1.1971428571428078,1
2022-05-09 00:45:00,1880.688,SHORT,1881.9483571428573,1878.7974642857143,1.2603571428571578,42345,2022-05-09 00:50:00,1881.9483571428573,SL,-1.0,-1.260357142857174,1
2022-05-09 01:25:00,1877.758,SHORT,1879.3419285714285,1875.3821071428572,1.5839285714285356,42353,2022-05-09 01:45:00,1879.3419285714285,SL,-1.0,-1.583928571428487,4
2022-05-09 01:55:00,1878.208,SHORT,1879.8772857142858,1875.7040714285715,1.6692857142857065,42359,2022-05-09 02:10:00,1875.7040714285715,TP,1.5,2.5039285714285597,3
2022-05-09 03:15:00,1875.798,SHORT,1876.9587142857142,1874.0569285714287,1.1607142857142532,42375,2022-05-09 04:35:00,1874.0569285714287,TP,1.5,1.7410714285713311,16
2022-05-09 05:50:00,1871.298,SHORT,1872.4969285714285,1869.499607142857,1.1989285714285773,42406,2022-05-09 06:00:00,1872.4969285714285,SL,-1.0,-1.198928571428496,2
2022-05-09 06:35:00,1871.978,SHORT,1873.1485,1870.22225,1.1704999999999959,42415,2022-05-09 06:50:00,1870.22225,TP,1.5,1.7557500000000346,3
2022-05-09 07:10:00,1870.498,SHORT,1871.8177857142857,1868.5183214285714,1.3197857142856881,42422,2022-05-09 07:15:00,1868.5183214285714,TP,1.5,1.9796785714286216,1
2022-05-09 07:50:00,1868.568,SHORT,1870.4874285714286,1865.6888571428572,1.9194285714285766,42430,2022-05-09 08:10:00,1870.4874285714286,SL,-1.0,-1.9194285714286252,4
2022-05-09 08:20:00,1870.428,SHORT,1872.472785714286,1867.3608214285716,2.044785714285727,42436,2022-05-09 08:35:00,1867.3608214285716,TP,1.5,3.067178571428485,3
2022-05-09 11:40:00,1859.178,SHORT,1860.750142857143,1856.819785714286,1.5721428571428402,42476,2022-05-09 11:50:00,1860.750142857143,SL,-1.0,-1.5721428571428078,2
2022-05-09 13:45:00,1864.568,LONG,1862.0836428571429,1868.2945357142858,2.4843571428571067,42501,2022-05-09 13:55:00,1862.0836428571429,SL,-1.0,-2.4843571428571067,2
2022-05-09 17:05:00,1860.398,SHORT,1862.0676428571428,1857.8935357142857,1.6696428571428246,42541,2022-05-09 17:15:00,1857.8935357142857,TP,1.5,2.5044642857142208,2
2022-05-09 19:20:00,1853.578,SHORT,1855.0270714285714,1851.4043928571427,1.4490714285714472,42568,2022-05-10 00:30:00,1855.0270714285714,SL,-1.0,-1.4490714285714148,50
2022-05-10 00:40:00,1854.568,SHORT,1855.6027857142858,1853.0158214285714,1.03478571428572,42620,2022-05-10 00:50:00,1855.6027857142858,SL,-1.0,-1.0347857142858174,2
2022-05-10 02:05:00,1854.928,LONG,1853.5867857142857,1856.9398214285716,1.341214285714305,42637,2022-05-10 02:10:00,1856.9398214285716,TP,1.5,2.0118214285714657,1
2022-05-10 02:25:00,1859.408,LONG,1858.0442857142857,1861.4535714285714,1.3637142857142928,42641,2022-05-10 03:50:00,1861.4535714285714,TP,1.5,2.0455714285715203,17
2022-05-10 05:10:00,1863.598,LONG,1862.5090714285714,1865.231392857143,1.0889285714285961,42674,2022-05-10 05:20:00,1862.5090714285714,SL,-1.0,-1.0889285714285961,2
2022-05-10 05:25:00,1863.698,LONG,1862.4965714285715,1865.500142857143,1.201428571428583,42677,2022-05-10 05:35:00,1862.4965714285715,SL,-1.0,-1.2014285714285506,2
2022-05-10 05:35:00,1862.663,LONG,1861.4544285714285,1864.4758571428572,1.2085714285714337,42679,2022-05-10 06:00:00,1864.4758571428572,TP,1.5,1.8128571428571831,5
2022-05-10 06:00:00,1864.798,LONG,1863.4740714285715,1866.783892857143,1.3239285714285773,42684,2022-05-10 06:05:00,1863.4740714285715,SL,-1.0,-1.323928571428496,1
2022-05-10 06:40:00,1861.048,LONG,1859.5994285714287,1863.220857142857,1.4485714285714266,42692,2022-05-10 06:55:00,1859.5994285714287,SL,-1.0,-1.448571428571313,3
2022-05-10 07:25:00,1862.328,LONG,1860.9007857142858,1864.4688214285713,1.4272142857142691,42701,2022-05-10 07:30:00,1860.9007857142858,SL,-1.0,-1.4272142857141716,1
2022-05-10 07:35:00,1861.033,LONG,1859.4878571428571,1863.3507142857143,1.5451428571428454,42703,2022-05-10 07:55:00,1859.4878571428571,SL,-1.0,-1.5451428571427641,4
2022-05-10 11:20:00,1859.948,SHORT,1861.0889285714286,1858.2366071428573,1.140928571428552,42748,2022-05-10 11:25:00,1861.0889285714286,SL,-1.0,-1.1409285714285033,1
2022-05-10 12:05:00,1859.228,SHORT,1860.7248571428572,1856.9827142857143,1.4968571428571198,42757,2022-05-10 12:15:00,1860.7248571428572,SL,-1.0,-1.4968571428571522,2
2022-05-10 12:50:00,1862.298,LONG,1860.5080714285714,1864.9828928571428,1.7899285714285529,42766,2022-05-10 13:30:00,1860.5080714285714,SL,-1.0,-1.789928571428618,8
2022-05-10 17:05:00,1844.218,SHORT,1846.0302857142858,1841.4995714285717,1.8122857142856543,42817,2022-05-10 17:20:00,1841.4995714285717,TP,1.5,2.718428571428376,3
2022-05-10 17:35:00,1844.148,SHORT,1846.1822857142856,1841.0965714285715,2.034285714285683,42823,2022-05-10 17:55:00,1846.1822857142856,SL,-1.0,-2.0342857142857156,4
2022-05-10 18:15:00,1844.978,SHORT,1846.6282857142858,1842.5025714285714,1.6502857142857335,42831,2022-05-10 18:40:00,1842.5025714285714,TP,1.5,2.4754285714286652,5
2022-05-10 18:45:00,1842.298,SHORT,1843.677642857143,1840.2285357142857,1.3796428571428774,42837,2022-05-10 18:55:00,1840.2285357142857,TP,1.5,2.0694642857142753,2
2022-05-10 20:25:00,1839.808,SHORT,1841.3277142857144,1837.5284285714285,1.5197142857143067,42857,2022-05-10 20:35:00,1837.5284285714285,TP,1.5,2.279571428571444,2
2022-05-10 20:50:00,1838.158,SHORT,1839.654,1835.914,1.495999999999997,42862,2022-05-10 22:05:00,1839.654,SL,-1.0,-1.4960000000000946,3
2022-05-10 22:15:00,1838.758,SHORT,1839.9236428571428,1837.009535714286,1.165642857142822,42867,2022-05-10 23:35:00,1837.009535714286,TP,1.5,1.7484642857141353,16
2022-05-11 03:20:00,1838.213,LONG,1837.1062142857143,1839.8731785714285,1.1067857142856903,42928,2022-05-11 03:30:00,1837.1062142857143,SL,-1.0,-1.1067857142857065,2
2022-05-11 05:25:00,1838.943,LONG,1837.898,1840.5105,1.0450000000000241,42953,2022-05-11 05:35:00,1837.898,SL,-1.0,-1.0450000000000728,2
2022-05-11 05:40:00,1838.438,LONG,1837.412642857143,1839.976035714286,1.0253571428571604,42956,2022-05-11 05:55:00,1837.412642857143,SL,-1.0,-1.0253571428570467,3
2022-05-11 08:35:00,1848.763,LONG,1847.3089285714284,1850.944107142857,1.4540714285714265,42991,2022-05-11 08:55:00,1850.944107142857,TP,1.5,2.181107142857172,4
2022-05-11 10:25:00,1852.872,LONG,1851.758,1854.5430000000001,1.1140000000000327,43013,2022-05-11 11:35:00,1851.758,SL,-1.0,-1.1140000000000327,14
2022-05-11 11:45:00,1852.438,LONG,1851.3127857142858,1854.1258214285715,1.125214285714232,43029,2022-05-11 11:55:00,1851.3127857142858,SL,-1.0,-1.1252142857142644,2
2022-05-11 12:15:00,1850.498,LONG,1849.155642857143,1852.5115357142856,1.342357142857119,43035,2022-05-11 12:20:00,1849.155642857143,SL,-1.0,-1.342357142857054,1
2022-05-11 14:20:00,1849.903,LONG,1845.830642857143,1856.0115357142856,4.072357142857137,43060,2022-05-11 17:15:00,1856.0115357142856,TP,1.5,6.108535714285608,35
2022-05-11 18:00:00,1855.218,LONG,1853.2621428571429,1858.1517857142858,1.955857142857131,43104,2022-05-11 18:05:00,1853.2621428571429,SL,-1.0,-1.9558571428572122,1
2022-05-11 18:20:00,1852.713,LONG,1850.7269285714285,1855.6921071428571,1.9860714285714332,43108,2022-05-11 18:40:00,1850.7269285714285,SL,-1.0,-1.9860714285714494,4
2022-05-11 20:05:00,1852.948,LONG,1851.9678571428572,1854.4182142857144,0.980142857142872,43129,2022-05-11 20:20:00,1851.9678571428572,SL,-1.0,-0.9801428571429369,3
2022-05-11 22:10:00,1851.063,SHORT,1851.5900000000001,1850.2725,0.5270000000000274,43142,2022-05-11 22:15:00,1851.5900000000001,SL,-1.0,-0.5270000000000437,1
2022-05-12 00:10:00,1853.278,LONG,1852.358642857143,1854.6570357142857,0.9193571428571496,43166,2022-05-12 00:25:00,1854.6570357142857,TP,1.5,1.379035714285692,3
2022-05-12 01:20:00,1856.404,LONG,1855.0676428571428,1858.4085357142856,1.3363571428570984,43180,2022-05-12 01:30:00,1858.4085357142856,TP,1.5,2.0045357142855664,2
2022-05-12 02:15:00,1857.768,LONG,1856.5894285714287,1859.5358571428571,1.1785714285714124,43191,2022-05-12 02:30:00,1856.5894285714287,SL,-1.0,-1.1785714285713311,3
2022-05-12 05:05:00,1851.378,SHORT,1852.4247857142857,1849.8078214285713,1.0467857142857124,43225,2022-05-12 05:30:00,1849.8078214285713,TP,1.5,1.5701785714286416,5
2022-05-12 05:30:00,1849.088,SHORT,1850.4776428571429,1847.0035357142858,1.3896428571428194,43230,2022-05-12 06:00:00,1850.4776428571429,SL,-1.0,-1.389642857142917,6
2022-05-12 06:05:00,1849.828,SHORT,1851.3112142857142,1847.6031785714285,1.4832142857142603,43237,2022-05-12 06:20:00,1851.3112142857142,SL,-1.0,-1.4832142857142117,3
2022-05-12 06:40:00,1851.613,SHORT,1853.3374285714285,1849.0263571428573,1.724428571428559,43244,2022-05-12 07:05:00,1849.0263571428573,TP,1.5,2.586642857142806,5
2022-05-12 07:10:00,1846.893,SHORT,1848.8570714285715,1843.9468928571428,1.9640714285714662,43250,2022-05-12 07:15:00,1843.9468928571428,TP,1.5,2.9461071428572723,1
2022-05-12 08:30:00,1850.048,SHORT,1852.228,1846.778,2.179999999999999,43266,2022-05-12 08:45:00,1846.778,TP,1.5,3.269999999999982,3
2022-05-12 08:45:00,1846.928,SHORT,1849.1069285714286,1843.6596071428573,2.178928571428563,43269,2022-05-12 09:00:00,1849.1069285714286,SL,-1.0,-2.1789285714285143,3
2022-05-12 09:30:00,1849.688,SHORT,1851.7275,1846.62875,2.0394999999999754,43278,2022-05-12 10:35:00,1851.7275,SL,-1.0,-2.0394999999998618,13
2022-05-12 11:00:00,1846.678,SHORT,1848.645642857143,1843.7265357142858,1.9676428571428752,43296,2022-05-12 11:40:00,1843.7265357142858,TP,1.5,2.951464285714337,8
2022-05-12 12:40:00,1846.008,SHORT,1848.4625714285714,1842.3261428571427,2.4545714285714957,43316,2022-05-12 13:20:00,1848.4625714285714,SL,-1.0,-2.4545714285713984,8
2022-05-12 15:10:00,1840.818,SHORT,1843.4847857142856,1836.8178214285715,2.6667857142857008,43346,2022-05-12 15:30:00,1836.8178214285715,TP,1.5,4.000178571428478,4
2022-05-12 16:45:00,1834.108,SHORT,1835.9089285714285,1831.4066071428572,1.800928571428569,43365,2022-05-12 16:50:00,1831.4066071428572,TP,1.5,2.701392857142764,1
2022-05-12 22:10:00,1822.583,SHORT,1823.423142857143,1821.3227857142858,0.8401428571428369,43418,2022-05-12 22:25:00,1821.3227857142858,TP,1.5,1.2602142857142553,3
2022-05-12 23:20:00,1819.878,SHORT,1822.2392857142856,1816.3360714285714,2.36128571428573,43432,2022-05-12 23:45:00,1822.2392857142856,SL,-1.0,-2.3612857142857138,5
2022-05-12 23:55:00,1821.248,SHORT,1822.759,1818.9815,1.5110000000000323,43439,2022-05-13 00:05:00,1822.759,SL,-1.0,-1.5109999999999673,2
2022-05-13 01:10:00,1824.888,LONG,1823.5249999999999,1826.9325,1.3629999999999751,43454,2022-05-13 01:35:00,1823.5249999999999,SL,-1.0,-1.3630000000000564,5
2022-05-13 02:00:00,1824.293,LONG,1822.8544285714286,1826.450857142857,1.4385714285714195,43464,2022-05-13 02:15:00,1822.8544285714286,SL,-1.0,-1.438571428571322,3
2022-05-13 02:15:00,1824.378,LONG,1823.0715714285714,1826.3376428571428,1.3064285714285688,43467,2022-05-13 03:20:00,1826.3376428571428,TP,1.5,1.9596428571428532,13
2022-05-13 04:20:00,1825.868,LONG,1824.903,1827.3155,0.9649999999999669,43492,2022-05-13 04:50:00,1827.3155,TP,1.5,1.447499999999991,6
2022-05-13 05:05:00,1826.988,LONG,1826.077642857143,1828.3535357142857,0.9103571428571351,43501,2022-05-13 05:10:00,1826.077642857143,SL,-1.0,-0.9103571428570376,1
2022-05-13 05:20:00,1827.25,LONG,1826.3075,1828.66375,0.9424999999999955,43504,2022-05-13 05:45:00,1826.3075,SL,-1.0,-0.9425000000001091,5
2022-05-13 08:15:00,1823.718,SHORT,1825.4254285714287,1821.1568571428572,1.7074285714285875,43539,2022-05-13 08:30:00,1821.1568571428572,TP,1.5,2.5611428571428405,3
2022-05-13 09:15:00,1822.643,SHORT,1823.960142857143,1820.6672857142858,1.317142857142861,43551,2022-05-13 09:30:00,1823.960142857143,SL,-1.0,-1.317142857142926,3
2022-05-13 10:05:00,1821.208,SHORT,1822.3625714285715,1819.476142857143,1.1545714285714115,43561,2022-05-13 10:15:00,1819.476142857143,TP,1.5,1.7318571428570522,2
2022-05-13 11:00:00,1818.128,SHORT,1819.861357142857,1815.5279642857142,1.7333571428571628,43572,2022-05-13 11:50:00,1815.5279642857142,TP,1.5,2.6000357142856956,10
2022-05-13 16:35:00,1811.828,SHORT,1813.8172142857143,1808.8441785714285,1.989214285714232,43639,2022-05-13 17:40:00,1808.8441785714285,TP,1.5,2.9838214285714457,13
2022-05-13 19:00:00,1808.713,SHORT,1809.8476428571428,1807.0110357142858,1.1346428571428564,43668,2022-05-13 19:25:00,1807.0110357142858,TP,1.5,1.7019642857142117,5
2022-05-15 22:50:00,1810.878,LONG,1809.4442857142856,1813.0285714285715,1.433714285714294,43702,2022-05-15 23:55:00,1813.0285714285715,TP,1.5,2.1505714285715385,13
2022-05-16 00:10:00,1813.048,LONG,1811.712,1815.052,1.3359999999999477,43718,2022-05-16 00:20:00,1811.712,SL,-1.0,-1.3360000000000127,2
2022-05-16 00:30:00,1812.748,LONG,1811.402,1814.767,1.3459999999999386,43722,2022-05-16 00:50:00,1814.767,TP,1.5,2.0190000000000055,4
2022-05-16 02:10:00,1812.158,LONG,1810.6301428571428,1814.4497857142856,1.5278571428571663,43742,2022-05-16 02:30:00,1810.6301428571428,SL,-1.0,-1.5278571428571013,4
2022-05-16 06:00:00,1807.238,SHORT,1808.435642857143,1805.4415357142857,1.197642857142861,43788,2022-05-16 06:10:00,1805.4415357142857,TP,1.5,1.7964642857143645,2
2022-05-16 06:35:00,1805.458,SHORT,1806.7640714285715,1803.498892857143,1.3060714285714343,43795,2022-05-16 06:55:00,1806.7640714285715,SL,-1.0,-1.3060714285713857,4
2022-05-16 07:15:00,1808.84,SHORT,1810.1274285714285,1806.908857142857,1.2874285714285796,43803,2022-05-16 07:25:00,1806.908857142857,TP,1.5,1.9311428571429587,2
2022-05-16 08:20:00,1797.558,SHORT,1801.5277142857142,1791.6034285714286,3.969714285714271,43816,2022-05-16 09:25:00,1801.5277142857142,SL,-1.0,-3.96971428571419,13
2022-05-16 10:15:00,1803.678,SHORT,1805.5897142857143,1800.8104285714287,1.9117142857142946,43839,2022-05-16 10:50:00,1805.5897142857143,SL,-1.0,-1.911714285714197,7
2022-05-16 13:25:00,1805.838,LONG,1803.3352857142856,1809.5920714285714,2.502714285714254,43877,2022-05-16 13:50:00,1809.5920714285714,TP,1.5,3.7540714285714785,5
2022-05-16 13:50:00,1808.498,LONG,1806.0991428571429,1812.0962857142856,2.398857142857082,43882,2022-05-16 14:20:00,1812.0962857142856,TP,1.5,3.5982857142855664,6
2022-05-16 15:35:00,1812.618,LONG,1810.8494285714285,1815.270857142857,1.7685714285714442,43903,2022-05-16 16:50:00,1815.270857142857,TP,1.5,2.6528571428571013,15
2022-05-16 17:35:00,1815.518,LONG,1814.2894285714285,1817.3608571428572,1.2285714285714155,43927,2022-05-16 17:45:00,1817.3608571428572,TP,1.5,1.8428571428571558,2
2022-05-16 20:50:00,1824.638,LONG,1823.4645714285714,1826.3981428571428,1.1734285714285957,43966,2022-05-16 22:15:00,1823.4645714285714,SL,-1.0,-1.1734285714285306,5
2022-05-17 01:05:00,1824.178,LONG,1822.8805000000002,1826.12425,1.2974999999999974,44005,2022-05-17 01:35:00,1826.12425,TP,1.5,1.9462499999999636,6
2022-05-17 02:25:00,1825.808,LONG,1824.4015714285715,1827.917642857143,1.4064285714285591,44021,2022-05-17 03:05:00,1824.4015714285715,SL,-1.0,-1.4064285714284779,8
2022-05-17 04:50:00,1823.428,SHORT,1824.3305,1822.0742500000001,0.9024999999999831,44050,2022-05-17 05:05:00,1824.3305,SL,-1.0,-0.9024999999999181,3
2022-05-17 06:35:00,1828.168,LONG,1826.9227142857142,1830.0359285714285,1.245285714285712,44071,2022-05-17 06:55:00,1830.0359285714285,TP,1.5,1.8679285714285925,4
2022-05-17 08:40:00,1827.798,LONG,1826.278,1830.078,1.519999999999998,44096,2022-05-17 08:55:00,1826.278,SL,-1.0,-1.5199999999999818,3
2022-05-17 08:55:00,1827.848,LONG,1826.2887142857141,1830.1869285714286,1.5592857142857253,44099,2022-05-17 09:45:00,1826.2887142857141,SL,-1.0,-1.5592857142858065,10
2022-05-17 11:20:00,1829.198,LONG,1827.8459285714287,1831.2261071428572,1.3520714285714186,44128,2022-05-17 11:30:00,1831.2261071428572,TP,1.5,2.028107142857152,2
2022-05-17 12:25:00,1831.063,LONG,1828.9365000000003,1834.25275,2.1264999999999645,44141,2022-05-17 12:30:00,1828.9365000000003,SL,-1.0,-2.126499999999851,1
2022-05-17 12:35:00,1831.217,LONG,1828.8112857142858,1834.8255714285715,2.4057142857142577,44143,2022-05-17 13:05:00,1828.8112857142858,SL,-1.0,-2.405714285714339,6
2022-05-17 15:40:00,1820.748,SHORT,1822.8154285714286,1817.6468571428572,2.067428571428601,44180,2022-05-17 16:45:00,1822.8154285714286,SL,-1.0,-2.067428571428536,13
2022-05-17 17:35:00,1819.538,SHORT,1820.5919285714285,1817.9571071428572,1.0539285714285793,44203,2022-05-17 18:05:00,1820.5919285714285,SL,-1.0,-1.0539285714285143,6
2022-05-17 18:25:00,1816.338,SHORT,1817.8829285714285,1814.020607142857,1.544928571428581,44213,2022-05-17 18:35:00,1814.020607142857,TP,1.5,2.317392857142977,2
2022-05-17 20:00:00,1815.578,SHORT,1816.9451428571429,1813.5272857142857,1.3671428571428643,44232,2022-05-17 20:25:00,1813.5272857142857,TP,1.5,2.050714285714321,5
2022-05-17 20:50:00,1814.318,SHORT,1815.3215714285714,1812.812642857143,1.0035714285714252,44242,2022-05-17 22:45:00,1815.3215714285714,SL,-1.0,-1.0035714285713766,11
2022-05-18 00:15:00,1815.598,SHORT,1816.4140714285713,1814.373892857143,0.8160714285714415,44271,2022-05-18 00:20:00,1816.4140714285713,SL,-1.0,-0.8160714285713766,1
2022-05-18 01:30:00,1812.613,SHORT,1813.6457142857143,1811.0639285714287,1.0327142857142917,44286,2022-05-18 01:35:00,1813.6457142857143,SL,-1.0,-1.0327142857142917,1
2022-05-18 02:30:00,1812.538,SHORT,1814.0387142857144,1810.2869285714287,1.5007142857142526,44298,2022-05-18 03:05:00,1810.2869285714287,TP,1.5,2.251071428571322,7
2022-05-18 04:25:00,1808.613,SHORT,1809.4232857142856,1807.3975714285716,0.8102857142856692,44321,2022-05-18 04:40:00,1809.4232857142856,SL,-1.0,-0.8102857142855555,3
2022-05-18 05:20:00,1809.523,SHORT,1810.3647857142857,1808.2603214285714,0.8417857142857363,44332,2022-05-18 05:30:00,1810.3647857142857,SL,-1.0,-0.8417857142858338,2
2022-05-18 09:10:00,1815.168,LONG,1813.7974285714286,1817.223857142857,1.3705714285714359,44378,2022-05-18 09:30:00,1817.223857142857,TP,1.5,2.0558571428571213,4
2022-05-18 09:30:00,1818.468,LONG,1817.1187142857143,1820.4919285714286,1.349285714285705,44382,2022-05-18 10:45:00,1817.1187142857143,SL,-1.0,-1.3492857142857702,15
2022-05-18 10:55:00,1817.158,LONG,1816.0759285714284,1818.781107142857,1.0820714285714692,44399,2022-05-18 11:00:00,1816.0759285714284,SL,-1.0,-1.082071428571453,1
2022-05-18 12:55:00,1811.258,SHORT,1813.6797857142858,1807.6253214285714,2.4217857142856962,44423,2022-05-18 13:05:00,1813.6797857142858,SL,-1.0,-2.421785714285761,2
2022-05-18 14:35:00,1811.568,SHORT,1813.837,1808.1645,2.268999999999973,44443,2022-05-18 14:40:00,1813.837,SL,-1.0,-2.2690000000000055,1
2022-05-18 15:00:00,1813.644,SHORT,1815.683142857143,1810.5852857142859,2.0391428571428247,44448,2022-05-18 15:05:00,1815.683142857143,SL,-1.0,-2.039142857142906,1
2022-05-18 19:00:00,1820.528,LONG,1819.3234285714286,1822.3348571428571,1.204571428571447,44496,2022-05-18 19:20:00,1819.3234285714286,SL,-1.0,-1.2045714285713984,4
2022-05-18 20:55:00,1816.238,SHORT,1816.9997142857144,1815.0954285714288,0.7617142857142524,44519,2022-05-18 22:45:00,1816.9997142857144,SL,-1.0,-0.7617142857143335,10
2022-05-18 22:50:00,1816.994,SHORT,1817.558,1816.148,0.5639999999999971,44530,2022-05-18 23:10:00,1816.148,TP,1.5,0.8460000000000036,4
2022-05-18 23:35:00,1815.888,SHORT,1816.3711428571428,1815.1632857142856,0.4831428571428497,44539,2022-05-18 23:45:00,1816.3711428571428,SL,-1.0,-0.483142857142866,2
2022-05-18 23:50:00,1815.978,SHORT,1816.5607142857143,1815.1039285714287,0.5827142857142624,44542,2022-05-19 00:00:00,1816.5607142857143,SL,-1.0,-0.5827142857142462,2
2022-05-19 00:35:00,1815.178,SHORT,1816.0807142857143,1813.8239285714287,0.9027142857142962,44551,2022-05-19 01:30:00,1813.8239285714287,TP,1.5,1.3540714285713875,11
2022-05-19 01:40:00,1816.074,SHORT,1817.1112857142857,1814.5180714285716,1.0372857142856933,44564,2022-05-19 02:20:00,1814.5180714285716,TP,1.5,1.555928571428467,8
2022-05-19 02:45:00,1815.948,SHORT,1816.7723571428571,1814.7114642857143,0.824357142857106,44577,2022-05-19 03:00:00,1816.7723571428571,SL,-1.0,-0.8243571428570249,3
2022-05-19 03:05:00,1816.718,SHORT,1817.5253571428573,1815.5069642857145,0.807357142857102,44581,2022-05-19 03:45:00,1815.5069642857145,TP,1.5,1.2110357142855719,8
2022-05-19 06:30:00,1813.228,SHORT,1814.2969285714287,1811.6246071428573,1.0689285714285657,44622,2022-05-19 06:45:00,1814.2969285714287,SL,-1.0,-1.0689285714286143,3
2022-05-19 06:55:00,1813.938,SHORT,1814.9637142857143,1812.3994285714286,1.025714285714295,44627,2022-05-19 07:00:00,1812.3994285714286,TP,1.5,1.5385714285714585,1
2022-05-19 07:25:00,1812.795,SHORT,1814.1010714285715,1810.8358928571429,1.3060714285714181,44633,2022-05-19 07:55:00,1810.8358928571429,TP,1.5,1.9591071428571922,6
2022-05-19 08:25:00,1813.478,SHORT,1815.1271428571429,1811.0042857142857,1.6491428571428872,44645,2022-05-19 08:40:00,1815.1271428571429,SL,-1.0,-1.649142857142806,3
2022-05-19 12:20:00,1831.638,LONG,1829.9504285714286,1834.169357142857,1.6875714285714107,44692,2022-05-19 12:30:00,1834.169357142857,TP,1.5,2.531357142857132,2
2022-05-19 13:35:00,1834.813,LONG,1831.6402142857144,1839.5721785714286,3.1727857142856886,44707,2022-05-19 13:45:00,1839.5721785714286,TP,1.5,4.759178571428492,2
2022-05-19 13:50:00,1839.973,LONG,1837.1037857142858,1844.2768214285713,2.8692142857142438,44710,2022-05-19 14:00:00,1844.2768214285713,TP,1.5,4.303821428571382,2
2022-05-19 16:25:00,1842.638,LONG,1840.8862857142856,1845.2655714285713,1.7517142857143102,44741,2022-05-19 17:30:00,1840.8862857142856,SL,-1.0,-1.7517142857143426,13
2022-05-19 18:20:00,1841.333,LONG,1840.1484285714287,1843.1098571428572,1.1845714285714328,44764,2022-05-19 18:40:00,1840.1484285714287,SL,-1.0,-1.1845714285714166,4
2022-05-19 18:40:00,1841.498,LONG,1840.3987857142859,1843.1468214285715,1.0992142857142784,44768,2022-05-19 18:55:00,1840.3987857142859,SL,-1.0,-1.099214285714197,3
2022-05-19 19:40:00,1842.578,LONG,1841.3826428571429,1844.3710357142857,1.1953571428571033,44780,2022-05-19 20:15:00,1841.3826428571429,SL,-1.0,-1.1953571428571195,7
2022-05-19 22:10:00,1842.118,LONG,1841.4885,1843.06225,0.6295000000000073,44798,2022-05-19 22:30:00,1841.4885,SL,-1.0,-0.6295000000000073,4
2022-05-19 22:50:00,1841.748,LONG,1841.1898571428571,1842.5852142857143,0.5581428571428627,44806,2022-05-19 23:20:00,1842.5852142857143,TP,1.5,0.8372142857142535,6
2022-05-20 00:35:00,1842.018,LONG,1841.2260714285715,1843.205892857143,0.7919285714286194,44827,2022-05-20 00:40:00,1841.2260714285715,SL,-1.0,-0.7919285714285706,1
2022-05-20 01:15:00,1838.528,SHORT,1839.6262142857142,1836.8806785714287,1.0982142857142858,44835,2022-05-20 02:20:00,1836.8806785714287,TP,1.5,1.6473214285713311,13
2022-05-20 03:25:00,1839.538,SHORT,1840.2864285714286,1838.4153571428571,0.7484285714285761,44861,2022-05-20 03:35:00,1840.2864285714286,SL,-1.0,-0.7484285714285761,2
2022-05-20 03:40:00,1840.738,SHORT,1841.4735,1839.6347500000002,0.7354999999999856,44864,2022-05-20 03:50:00,1841.4735,SL,-1.0,-0.7355000000000018,2
2022-05-20 05:05:00,1841.848,LONG,1841.1041428571427,1842.9637857142857,0.7438571428571906,44881,2022-05-20 05:15:00,1842.9637857142857,TP,1.5,1.115785714285721,2
2022-05-20 07:40:00,1844.268,LONG,1842.5337142857143,1846.8694285714287,1.7342857142857286,44912,2022-05-20 09:30:00,1846.8694285714287,TP,1.5,2.6014285714286416,22
2022-05-20 11:35:00,1843.288,SHORT,1844.4315,1841.57275,1.1434999999999522,44959,2022-05-20 11:55:00,1841.57275,TP,1.5,1.715249999999969,4
2022-05-20 12:50:00,1842.993,SHORT,1844.9272142857142,1840.0916785714285,1.9342142857143148,44974,2022-05-20 13:00:00,1840.0916785714285,TP,1.5,2.901321428571464,2
2022-05-20 13:05:00,1841.948,SHORT,1844.0902857142858,1838.7345714285714,2.142285714285744,44977,2022-05-20 13:45:00,1838.7345714285714,TP,1.5,3.2134285714287216,8
2022-05-20 13:50:00,1837.313,SHORT,1839.4867142857145,1834.0524285714287,2.1737142857143033,44986,2022-05-20 14:00:00,1834.0524285714287,TP,1.5,3.2605714285714384,2
2022-05-20 17:35:00,1842.553,LONG,1841.3027142857143,1844.4284285714286,1.25028571428574,45031,2022-05-20 18:30:00,1841.3027142857143,SL,-1.0,-1.2502857142858375,11
2022-05-20 18:35:00,1841.588,LONG,1840.6668571428572,1842.9697142857142,0.921142857142838,45043,2022-05-20 18:45:00,1842.9697142857142,TP,1.5,1.3817142857142244,2
2022-05-20 18:55:00,1843.074,LONG,1842.2445,1844.31825,0.8294999999999878,45047,2022-05-20 19:05:00,1842.2445,SL,-1.0,-0.8295000000000528,2
2022-05-20 19:25:00,1843.478,LONG,1842.6429285714287,1844.7306071428573,0.835071428571447,45053,2022-05-20 19:55:00,1844.7306071428573,TP,1.5,1.2526071428571868,6
2022-05-22 22:15:00,1845.838,LONG,1843.9025,1848.7412499999998,1.9354999999999498,45075,2022-05-22 23:05:00,1848.7412499999998,TP,1.5,2.9032499999998436,10
2022-05-22 23:40:00,1845.928,LONG,1845.0590000000002,1847.2315,0.8689999999999795,45092,2022-05-23 00:00:00,1847.2315,TP,1.5,1.3034999999999854,4
2022-05-23 00:10:00,1847.498,LONG,1846.6404285714286,1848.7843571428573,0.8575714285714346,45098,2022-05-23 00:15:00,1846.6404285714286,SL,-1.0,-0.8575714285714184,1
2022-05-23 00:20:00,1848.578,LONG,1847.6792857142857,1849.9260714285715,0.8987142857142933,45100,2022-05-23 00:30:00,1849.9260714285715,TP,1.5,1.3480714285715294,2
2022-05-23 02:55:00,1852.338,LONG,1851.0583571428572,1854.2574642857141,1.2796428571428546,45131,2022-05-23 03:10:00,1854.2574642857141,TP,1.5,1.9194642857141844,3
2022-05-23 05:00:00,1854.588,LONG,1853.7934285714284,1855.779857142857,0.7945714285714628,45156,2022-05-23 05:05:00,1855.779857142857,TP,1.5,1.1918571428570885,1
2022-05-23 05:30:00,1854.644,LONG,1853.806857142857,1855.8997142857143,0.8371428571428753,45162,2022-05-23 05:45:00,1855.8997142857143,TP,1.5,1.255714285714248,3
2022-05-23 05:45:00,1857.658,LONG,1856.6311428571428,1859.1982857142857,1.0268571428571573,45165,2022-05-23 05:50:00,1856.6311428571428,SL,-1.0,-1.026857142857125,1
2022-05-23 06:20:00,1854.593,LONG,1853.0653571428572,1856.8844642857143,1.5276428571428855,45172,2022-05-23 06:25:00,1853.0653571428572,SL,-1.0,-1.5276428571428369,1
2022-05-23 07:55:00,1856.423,LONG,1855.0859285714287,1858.4286071428571,1.3370714285713672,45191,2022-05-23 08:15:00,1858.4286071428571,TP,1.5,2.005607142857116,4
2022-05-23 11:10:00,1861.538,LONG,1860.3412857142857,1863.3330714285714,1.1967142857143114,45230,2022-05-23 11:20:00,1860.3412857142857,SL,-1.0,-1.196714285714279,2
2022-05-23 11:35:00,1861.843,LONG,1860.5464285714286,1863.7878571428573,1.296571428571448,45235,2022-05-23 12:00:00,1863.7878571428573,TP,1.5,1.944857142857245,5
2022-05-23 12:10:00,1863.164,LONG,1861.6770714285715,1865.394392857143,1.4869285714285883,45242,2022-05-23 12:20:00,1861.6770714285715,SL,-1.0,-1.486928571428507,2
2022-05-23 19:45:00,1854.298,LONG,1853.2404285714285,1855.8843571428572,1.057571428571464,45333,2022-05-23 19:55:00,1853.2404285714285,SL,-1.0,-1.057571428571464,2
2022-05-23 20:55:00,1853.248,SHORT,1853.7805714285714,1852.4491428571428,0.5325714285714704,45347,2022-05-23 22:00:00,1853.7805714285714,SL,-1.0,-0.532571428571373,1
2022-05-23 22:10:00,1853.268,SHORT,1853.8027142857143,1852.4659285714285,0.5347142857143093,45350,2022-05-23 22:20:00,1853.8027142857143,SL,-1.0,-0.5347142857142444,2
2022-05-23 22:30:00,1853.678,SHORT,1854.190142857143,1852.9097857142858,0.5121428571428461,45354,2022-05-23 23:20:00,1854.190142857143,SL,-1.0,-0.5121428571428623,10
2022-05-23 23:45:00,1853.693,LONG,1853.1273571428571,1854.5414642857143,0.5656428571428478,45369,2022-05-24 00:00:00,1853.1273571428571,SL,-1.0,-0.5656428571428478,3
2022-05-24 00:00:00,1853.164,SHORT,1853.7992142857142,1852.2111785714285,0.6352142857142878,45372,2022-05-24 00:20:00,1853.7992142857142,SL,-1.0,-0.6352142857142553,4
2022-05-24 00:20:00,1853.374,SHORT,1854.0642142857143,1852.3386785714285,0.6902142857142864,45376,2022-05-24 00:55:00,1852.3386785714285,TP,1.5,1.0353214285714785,7
2022-05-24 05:15:00,1855.788,LONG,1855.1542857142858,1856.7385714285715,0.6337142857142908,45435,2022-05-24 05:20:00,1855.1542857142858,SL,-1.0,-0.6337142857141771,1
2022-05-24 05:55:00,1854.913,LONG,1854.1332142857143,1856.0826785714287,0.7797857142857408,45443,2022-05-24 06:00:00,1854.1332142857143,SL,-1.0,-0.7797857142857083,1
2022-05-24 09:10:00,1856.878,LONG,1855.7364285714286,1858.590357142857,1.141571428571394,45482,2022-05-24 09:20:00,1858.590357142857,TP,1.5,1.7123571428571722,2
2022-05-24 09:50:00,1856.928,LONG,1855.9612857142859,1858.3780714285715,0.966714285714277,45490,2022-05-24 10:00:00,1855.9612857142859,SL,-1.0,-0.9667142857142608,2
2022-05-24 10:50:00,1856.814,LONG,1856.0129285714286,1858.015607142857,0.8010714285714065,45502,2022-05-24 11:00:00,1858.015607142857,TP,1.5,1.2016071428570285,2
2022-05-24 11:05:00,1857.688,LONG,1856.789642857143,1859.0355357142857,0.8983571428570778,45505,2022-05-24 11:30:00,1859.0355357142857,TP,1.5,1.347535714285641,5
2022-05-24 12:00:00,1858.498,LONG,1857.5440714285714,1859.928892857143,0.9539285714285403,45516,2022-05-24 12:15:00,1857.5440714285714,SL,-1.0,-0.9539285714286052,3
2022-05-24 13:55:00,1867.399,LONG,1864.9212857142857,1871.1155714285712,2.4777142857142604,45539,2022-05-24 14:05:00,1864.9212857142857,SL,-1.0,-2.477714285714228,2
2022-05-24 16:35:00,1866.968,LONG,1865.8669285714286,1868.6196071428571,1.101071428571426,45571,2022-05-24 17:00:00,1865.8669285714286,SL,-1.0,-1.1010714285714585,5
2022-05-24 17:10:00,1865.788,LONG,1864.6937142857143,1867.4294285714286,1.0942857142856934,45578,2022-05-24 17:40:00,1864.6937142857143,SL,-1.0,-1.094285714285661,6
2022-05-24 18:05:00,1865.618,LONG,1864.6012857142857,1867.1430714285714,1.0167142857142804,45589,2022-05-24 18:45:00,1864.6012857142857,SL,-1.0,-1.0167142857142153,8
2022-05-24 19:10:00,1865.198,LONG,1864.274642857143,1866.5830357142859,0.9233571428571362,45602,2022-05-24 19:35:00,1866.5830357142859,TP,1.5,1.3850357142857774,5
2022-05-24 22:05:00,1865.828,LONG,1865.1221428571428,1866.8867857142857,0.7058571428571635,45625,2022-05-24 23:30:00,1866.8867857142857,TP,1.5,1.0587857142857047,17
2022-05-25 04:15:00,1862.068,SHORT,1862.655857142857,1861.1862142857142,0.5878571428571279,45699,2022-05-25 04:25:00,1862.655857142857,SL,-1.0,-0.5878571428570467,2
2022-05-25 04:45:00,1862.323,SHORT,1862.844285714286,1861.5410714285715,0.5212857142856819,45705,2022-05-25 04:55:00,1862.844285714286,SL,-1.0,-0.5212857142857956,2
2022-05-25 07:35:00,1858.193,SHORT,1859.2721428571429,1856.5742857142857,1.0791428571428696,45739,2022-05-25 08:15:00,1859.2721428571429,SL,-1.0,-1.0791428571428696,8
2022-05-25 09:15:00,1857.433,SHORT,1858.8935,1855.24225,1.460499999999976,45759,2022-05-25 09:30:00,1858.8935,SL,-1.0,-1.4604999999999109,3
2022-05-25 09:30:00,1858.478,SHORT,1859.7370714285714,1856.589392857143,1.2590714285713926,45762,2022-05-25 09:50:00,1856.589392857143,TP,1.5,1.888607142857154,4
2022-05-25 09:50:00,1856.453,SHORT,1857.4977857142856,1854.8858214285715,1.0447857142856785,45766,2022-05-25 10:10:00,1854.8858214285715,TP,1.5,1.5671785714284852,4
2022-05-25 11:50:00,1855.158,SHORT,1856.5582142857143,1853.0576785714284,1.4002142857142903,45790,2022-05-25 12:20:00,1856.5582142857143,SL,-1.0,-1.4002142857143554,6
2022-05-25 13:35:00,1851.218,SHORT,1853.4537857142857,1847.8643214285717,2.2357857142856608,45811,2022-05-25 14:00:00,1847.8643214285717,TP,1.5,3.353678571428418,5
2022-05-25 17:30:00,1846.764,SHORT,1847.9632142857142,1844.9651785714286,1.1992142857142523,45858,2022-05-25 17:40:00,1847.9632142857142,SL,-1.0,-1.1992142857143335,2
2022-05-25 20:35:00,1853.808,LONG,1853.2130714285713,1854.7003928571428,0.5949285714285679,45895,2022-05-25 20:45:00,1853.2130714285713,SL,-1.0,-0.5949285714286816,2
2022-05-25 20:50:00,1853.624,LONG,1853.0755,1854.44675,0.54849999999999,45898,2022-05-25 20:55:00,1853.0755,SL,-1.0,-0.5485000000001037,1
2022-05-25 23:00:00,1853.318,LONG,1852.7685,1854.14225,0.5495000000000638,45912,2022-05-26 00:00:00,1854.14225,TP,1.5,0.82425000000012,12
2022-05-26 00:30:00,1853.798,LONG,1853.154142857143,1854.7637857142856,0.6438571428571517,45930,2022-05-26 00:50:00,1853.154142857143,SL,-1.0,-0.6438571428570867,4
2022-05-26 01:40:00,1852.014,SHORT,1852.7120714285713,1850.9668928571427,0.6980714285714547,45944,2022-05-26 01:55:00,1850.9668928571427,TP,1.5,1.0471071428571577,3
2022-05-26 03:40:00,1850.488,SHORT,1851.3078571428573,1849.2582142857143,0.8198571428571638,45968,2022-05-26 04:00:00,1851.3078571428573,SL,-1.0,-0.819857142857245,4
2022-05-26 06:20:00,1844.998,SHORT,1846.165785714286,1843.2463214285715,1.167785714285742,46000,2022-05-26 06:30:00,1846.165785714286,SL,-1.0,-1.1677857142858556,2
2022-05-26 06:45:00,1845.623,SHORT,1846.7422142857145,1843.9441785714287,1.119214285714325,46005,2022-05-26 06:55:00,1846.7422142857145,SL,-1.0,-1.1192142857144063,2
2022-05-26 07:20:00,1847.128,SHORT,1848.341,1845.3084999999999,1.2130000000000305,46012,2022-05-26 07:30:00,1848.341,SL,-1.0,-1.2129999999999654,2
2022-05-26 08:25:00,1847.862,LONG,1846.4575714285716,1849.9686428571429,1.4044285714285576,46025,2022-05-26 08:55:00,1846.4575714285716,SL,-1.0,-1.4044285714285252,6
2022-05-26 09:55:00,1845.708,SHORT,1846.9372857142857,1843.8640714285716,1.2292857142857005,46043,2022-05-26 10:00:00,1846.9372857142857,SL,-1.0,-1.229285714285652,1
2022-05-26 10:30:00,1845.698,SHORT,1846.9163571428571,1843.8704642857144,1.2183571428571278,46050,2022-05-26 10:50:00,1843.8704642857144,TP,1.5,1.8275357142856592,4
2022-05-26 11:20:00,1842.998,SHORT,1844.4070714285715,1840.884392857143,1.409071428571435,46060,2022-05-26 11:35:00,1844.4070714285715,SL,-1.0,-1.4090714285714512,3
2022-05-26 12:20:00,1844.478,SHORT,1846.2231428571429,1841.860285714286,1.7451428571427934,46072,2022-05-26 13:05:00,1846.2231428571429,SL,-1.0,-1.7451428571428096,9
2022-05-26 13:40:00,1844.198,SHORT,1846.3297142857143,1841.0004285714288,2.1317142857142732,46088,2022-05-26 13:45:00,1846.3297142857143,SL,-1.0,-2.1317142857142244,1
2022-05-26 13:45:00,1848.408,LONG,1846.04,1851.9599999999998,2.367999999999987,46089,2022-05-26 14:15:00,1851.9599999999998,TP,1.5,3.5519999999999072,6
2022-05-26 14:45:00,1849.524,LONG,1847.0587142857141,1853.2219285714284,2.465285714285723,46101,2022-05-26 14:55:00,1847.0587142857141,SL,-1.0,-2.4652857142857556,2
2022-05-26 16:35:00,1847.348,LONG,1846.4516428571428,1848.6925357142857,0.8963571428571738,46123,2022-05-26 16:40:00,1846.4516428571428,SL,-1.0,-0.8963571428571413,1
2022-05-26 18:15:00,1849.963,LONG,1849.156857142857,1851.1722142857143,0.8061428571428451,46143,2022-05-26 18:45:00,1851.1722142857143,TP,1.5,1.2092142857143244,6
2022-05-26 20:20:00,1850.838,LONG,1850.274357142857,1851.6834642857143,0.5636428571428463,46168,2022-05-26 20:30:00,1851.6834642857143,TP,1.5,0.8454642857143426,2
2022-05-26 22:25:00,1850.358,LONG,1849.9374285714284,1850.9888571428571,0.42057142857145535,46181,2022-05-26 22:45:00,1850.9888571428571,TP,1.5,0.6308571428571668,4
2022-05-26 22:55:00,1851.198,LONG,1850.782642857143,1851.8210357142857,0.4153571428571305,46187,2022-05-26 23:05:00,1851.8210357142857,TP,1.5,0.6230357142856064,2
2022-05-27 02:45:00,1853.368,LONG,1852.0514285714285,1855.3428571428572,1.3165714285714134,46233,2022-05-27 03:05:00,1852.0514285714285,SL,-1.0,-1.3165714285714785,4
2022-05-27 03:10:00,1853.528,LONG,1852.4544285714287,1855.138357142857,1.0735714285714104,46238,2022-05-27 05:20:00,1852.4544285714287,SL,-1.0,-1.073571428571313,26
2022-05-27 06:00:00,1853.698,LONG,1852.688,1855.2130000000002,1.0100000000000071,46272,2022-05-27 06:15:00,1855.2130000000002,TP,1.5,1.5150000000001,3
2022-05-27 06:45:00,1854.223,LONG,1853.0441428571428,1855.9912857142856,1.17885714285712,46281,2022-05-27 07:10:00,1855.9912857142856,TP,1.5,1.7682857142856392,5
2022-05-27 07:10:00,1856.003,LONG,1854.8355,1857.75425,1.1675000000000182,46286,2022-05-27 07:15:00,1857.75425,TP,1.5,1.7512500000000273,1
2022-05-27 09:00:00,1857.819,LONG,1856.5902142857142,1859.6621785714285,1.22878571428568,46308,2022-05-27 09:20:00,1859.6621785714285,TP,1.5,1.8431785714285525,4
2022-05-27 11:10:00,1858.648,LONG,1857.4866428571427,1860.3900357142857,1.16135714285716,46334,2022-05-27 11:55:00,1857.4866428571427,SL,-1.0,-1.1613571428572413,9
2022-05-27 15:55:00,1854.573,SHORT,1856.024642857143,1852.3955357142859,1.4516428571428637,46391,2022-05-27 16:40:00,1852.3955357142859,TP,1.5,2.1774642857142226,9
2022-05-27 18:30:00,1853.483,SHORT,1854.2807142857143,1852.2864285714286,0.7977142857142943,46422,2022-05-27 19:10:00,1854.2807142857143,SL,-1.0,-0.7977142857143917,8
2022-05-27 19:50:00,1853.188,SHORT,1853.8445714285715,1852.203142857143,0.6565714285714616,46438,2022-05-27 20:50:00,1853.8445714285715,SL,-1.0,-0.6565714285713966,12
2022-05-27 20:50:00,1853.013,SHORT,1853.4637857142857,1852.3368214285713,0.45078571428574116,46450,2022-05-27 20:55:00,1853.4637857142857,SL,-1.0,-0.4507857142857574,1
2022-05-29 22:15:00,1853.163,SHORT,1853.7440714285715,1852.291392857143,0.5810714285714441,46455,2022-05-29 22:30:00,1852.291392857143,TP,1.5,0.8716071428571013,3
2022-05-30 00:10:00,1850.798,SHORT,1851.7532142857144,1849.3651785714285,0.9552142857143053,46478,2022-05-30 00:25:00,1851.7532142857144,SL,-1.0,-0.955214285714419,3
2022-05-30 00:30:00,1850.678,SHORT,1851.4486428571429,1849.5220357142857,0.7706428571428725,46482,2022-05-30 00:40:00,1849.5220357142857,TP,1.5,1.15596428571439,2
2022-05-30 01:45:00,1856.773,LONG,1855.5080714285714,1858.6703928571428,1.2649285714285594,46497,2022-05-30 02:10:00,1858.6703928571428,TP,1.5,1.8973928571429042,5
2022-05-30 06:10:00,1862.133,LONG,1861.093142857143,1863.6927857142857,1.0398571428571424,46550,2022-05-30 06:15:00,1863.6927857142857,TP,1.5,1.559785714285681,1
2022-05-30 06:45:00,1861.634,LONG,1860.5399285714286,1863.2751071428572,1.0940714285714128,46557,2022-05-30 07:05:00,1860.5399285714286,SL,-1.0,-1.0940714285713966,4
2022-05-30 07:10:00,1862.963,LONG,1861.7625714285714,1864.7636428571427,1.2004285714285743,46562,2022-05-30 07:30:00,1861.7625714285714,SL,-1.0,-1.2004285714285743,4
2022-05-30 10:10:00,1858.073,SHORT,1858.9055714285716,1856.824142857143,0.8325714285714574,46598,2022-05-30 10:20:00,1856.824142857143,TP,1.5,1.248857142857105,2
2022-05-30 12:40:00,1855.318,SHORT,1856.1115,1854.12775,0.7934999999999945,46628,2022-05-30 13:00:00,1856.1115,SL,-1.0,-0.7934999999999945,4
2022-05-30 14:25:00,1856.666,LONG,1855.149357142857,1858.9409642857142,1.5166428571428858,46649,2022-05-30 15:50:00,1855.149357142857,SL,-1.0,-1.5166428571428696,17
2022-05-30 16:35:00,1856.363,SHORT,1857.0585714285714,1855.319642857143,0.6955714285713839,46675,2022-05-30 17:10:00,1855.319642857143,TP,1.5,1.0433571428570758,7
2022-05-30 17:10:00,1855.348,SHORT,1855.8573571428572,1854.5839642857143,0.5093571428571165,46682,2022-05-30 17:55:00,1854.5839642857143,TP,1.5,0.7640357142856828,9
2022-05-30 18:15:00,1854.263,SHORT,1854.9008571428571,1853.3062142857143,0.6378571428571149,46695,2022-05-30 18:20:00,1854.9008571428571,SL,-1.0,-0.6378571428572286,1
2022-05-31 02:15:00,1849.148,SHORT,1850.271857142857,1847.462214285714,1.1238571428572024,46749,2022-05-31 02:25:00,1850.271857142857,SL,-1.0,-1.123857142857105,2
2022-05-31 05:20:00,1852.928,LONG,1852.1455,1854.10175,0.7825000000000111,46786,2022-05-31 05:50:00,1854.10175,TP,1.5,1.1737499999999272,6
2022-05-31 06:20:00,1854.723,LONG,1853.7229285714286,1856.223107142857,1.0000714285714107,46798,2022-05-31 06:30:00,1856.223107142857,TP,1.5,1.5001071428571322,2
2022-05-31 06:30:00,1855.875,LONG,1854.7639285714286,1857.5416071428572,1.1110714285714007,46800,2022-05-31 06:35:00,1854.7639285714286,SL,-1.0,-1.1110714285714494,1
2022-05-31 07:40:00,1854.973,LONG,1853.863,1856.638,1.1099999999999324,46814,2022-05-31 07:50:00,1853.863,SL,-1.0,-1.1099999999999,2
2022-05-31 07:50:00,1854.598,LONG,1853.5477857142857,1856.1733214285714,1.050214285714219,46816,2022-05-31 08:15:00,1856.1733214285714,TP,1.5,1.575321428571442,5
2022-05-31 09:35:00,1851.848,SHORT,1852.992857142857,1850.1307142857142,1.1448571428571443,46837,2022-05-31 09:40:00,1850.1307142857142,TP,1.5,1.7172857142857083,1
2022-05-31 10:50:00,1848.548,SHORT,1849.8146428571429,1846.6480357142857,1.2666428571428696,46852,2022-05-31 11:00:00,1846.6480357142857,TP,1.5,1.8999642857143044,2
2022-05-31 11:00:00,1847.253,SHORT,1848.5963571428572,1845.2379642857143,1.3433571428571602,46854,2022-05-31 11:10:00,1848.5963571428572,SL,-1.0,-1.3433571428572577,2
2022-05-31 11:30:00,1848.529,SHORT,1850.1447142857144,1846.1054285714285,1.615714285714294,46860,2022-05-31 11:55:00,1846.1054285714285,TP,1.5,2.4235714285714494,5
2022-05-31 12:40:00,1848.863,SHORT,1851.1129285714287,1845.4881071428572,2.2499285714286055,46874,2022-05-31 13:15:00,1851.1129285714287,SL,-1.0,-2.2499285714286543,7
2022-05-31 13:25:00,1851.704,SHORT,1853.4792857142857,1849.0410714285713,1.775285714285701,46883,2022-05-31 13:30:00,1853.4792857142857,SL,-1.0,-1.775285714285701,1
2022-05-31 14:15:00,1844.603,SHORT,1846.9429285714286,1841.0931071428572,2.339928571428589,46893,2022-05-31 14:25:00,1841.0931071428572,TP,1.5,3.5098928571428587,2
2022-05-31 15:05:00,1845.118,SHORT,1847.9016428571429,1840.9425357142857,2.7836428571428735,46903,2022-05-31 15:25:00,1840.9425357142857,TP,1.5,4.17546428571427,4
2022-05-31 17:25:00,1844.323,SHORT,1845.414642857143,1842.6855357142858,1.0916428571428338,46931,2022-05-31 17:35:00,1845.414642857143,SL,-1.0,-1.091642857142915,2
2022-05-31 18:05:00,1842.098,SHORT,1843.2882857142856,1840.3125714285713,1.190285714285697,46939,2022-05-31 18:50:00,1840.3125714285713,TP,1.5,1.7854285714286107,9
2022-05-31 22:05:00,1836.878,SHORT,1837.760857142857,1835.5537142857142,0.882857142857152,46975,2022-05-31 22:30:00,1837.760857142857,SL,-1.0,-0.8828571428571195,5
2022-05-31 22:40:00,1838.078,SHORT,1838.6840714285713,1837.168892857143,0.6060714285714052,46982,2022-05-31 23:00:00,1837.168892857143,TP,1.5,0.9091071428570103,4
2022-05-31 23:35:00,1837.198,SHORT,1837.745142857143,1836.3772857142858,0.5471428571428305,46993,2022-05-31 23:45:00,1836.3772857142858,TP,1.5,0.8207142857143026,2
2022-05-31 23:45:00,1836.255,SHORT,1836.8124285714287,1835.4188571428572,0.5574285714285614,46995,2022-06-01 00:00:00,1835.4188571428572,TP,1.5,0.8361428571429315,3
2022-06-01 00:50:00,1834.638,SHORT,1835.7046428571427,1833.0380357142856,1.0666428571428728,47008,2022-06-01 01:25:00,1835.7046428571427,SL,-1.0,-1.0666428571428241,7
2022-06-01 01:35:00,1834.638,SHORT,1835.737357142857,1832.9889642857142,1.099357142857132,47017,2022-06-01 02:10:00,1835.737357142857,SL,-1.0,-1.0993571428571158,7
2022-06-01 07:10:00,1835.618,SHORT,1836.878,1833.728,1.259999999999991,47084,2022-06-01 07:30:00,1833.728,TP,1.5,1.8899999999998727,4
2022-06-01 08:45:00,1831.921,SHORT,1833.188642857143,1830.0195357142857,1.2676428571428946,47103,2022-06-01 08:55:00,1830.0195357142857,TP,1.5,1.9014642857143826,2
2022-06-01 09:50:00,1830.663,SHORT,1832.1184285714285,1828.479857142857,1.4554285714285697,47116,2022-06-01 10:35:00,1832.1184285714285,SL,-1.0,-1.455428571428456,9
2022-06-01 10:45:00,1832.068,SHORT,1833.0698571428572,1830.5652142857143,1.0018571428571639,47127,2022-06-01 11:10:00,1830.5652142857143,TP,1.5,1.5027857142856647,5
2022-06-01 11:35:00,1830.488,SHORT,1831.5680714285716,1828.867892857143,1.080071428571419,47137,2022-06-01 11:45:00,1831.5680714285716,SL,-1.0,-1.0800714285715003,2
2022-06-01 12:00:00,1828.948,SHORT,1830.0593571428572,1827.2809642857144,1.1113571428571245,47142,2022-06-01 12:05:00,1830.0593571428572,SL,-1.0,-1.1113571428570594,1
2022-06-01 14:35:00,1840.448,LONG,1837.7705714285714,1844.464142857143,2.6774285714285986,47173,2022-06-01 15:45:00,1844.464142857143,TP,1.5,4.016142857142995,14
2022-06-01 17:35:00,1846.408,LONG,1845.0124285714285,1848.5013571428572,1.3955714285714294,47209,2022-06-01 18:00:00,1848.5013571428572,TP,1.5,2.0933571428572577,5
2022-06-01 19:05:00,1848.863,LONG,1847.6995714285715,1850.6081428571429,1.163428571428556,47227,2022-06-01 19:30:00,1847.6995714285715,SL,-1.0,-1.1634285714285397,5
2022-06-01 19:35:00,1847.954,LONG,1847.0817857142856,1849.2623214285713,0.8722142857143191,47233,2022-06-01 19:45:00,1847.0817857142856,SL,-1.0,-0.8722142857143353,2
2022-06-01 20:20:00,1846.794,LONG,1846.1292857142857,1847.7910714285715,0.6647142857143373,47242,2022-06-01 20:55:00,1846.1292857142857,SL,-1.0,-0.6647142857143535,7
2022-06-01 22:20:00,1846.094,SHORT,1846.5635,1845.38975,0.46950000000000663,47254,2022-06-01 22:30:00,1846.5635,SL,-1.0,-0.4694999999999254,2
2022-06-01 22:35:00,1846.524,SHORT,1847.0057857142856,1845.8013214285713,0.4817857142857065,47257,2022-06-01 22:45:00,1847.0057857142856,SL,-1.0,-0.4817857142857065,2
2022-06-01 23:40:00,1846.398,SHORT,1846.8702142857142,1845.6896785714284,0.47221428571430935,47270,2022-06-01 23:55:00,1845.6896785714284,TP,1.5,0.7083214285714803,3
2022-06-01 23:55:00,1845.864,SHORT,1846.4022142857143,1845.0566785714286,0.5382142857143078,47273,2022-06-02 00:00:00,1846.4022142857143,SL,-1.0,-0.5382142857142753,1
2022-06-02 02:30:00,1844.668,SHORT,1845.5748571428571,1843.3077142857142,0.9068571428571529,47304,2022-06-02 03:15:00,1845.5748571428571,SL,-1.0,-0.9068571428572341,9
2022-06-02 03:15:00,1845.143,SHORT,1845.851,1844.081,0.7080000000000349,47313,2022-06-02 03:25:00,1845.851,SL,-1.0,-0.7080000000000837,2
2022-06-02 03:40:00,1845.148,SHORT,1845.7402857142856,1844.2595714285712,0.592285714285757,47318,2022-06-02 04:10:00,1845.7402857142856,SL,-1.0,-0.5922857142857083,6
2022-06-02 04:50:00,1845.048,SHORT,1845.6990714285714,1844.0713928571429,0.6510714285713968,47332,2022-06-02 04:55:00,1845.6990714285714,SL,-1.0,-0.651071428571413,1
2022-06-02 04:55:00,1844.988,SHORT,1845.696642857143,1843.9250357142857,0.7086428571428282,47333,2022-06-02 05:30:00,1845.696642857143,SL,-1.0,-0.7086428571428769,7
2022-06-02 07:30:00,1851.243,LONG,1850.0411428571429,1853.0457857142858,1.2018571428571607,47364,2022-06-02 09:15:00,1853.0457857142858,TP,1.5,1.8027857142858466,21
2022-06-02 11:30:00,1855.598,LONG,1854.5817857142856,1857.1223214285715,1.0162142857142757,47412,2022-06-02 12:00:00,1857.1223214285715,TP,1.5,1.5243214285715112,6
2022-06-02 12:55:00,1856.448,LONG,1854.0472142857143,1860.0491785714287,2.4007857142857056,47429,2022-06-02 13:05:00,1860.0491785714287,TP,1.5,3.6011785714285907,2
2022-06-02 17:20:00,1866.978,LONG,1866.1390714285715,1868.236392857143,0.8389285714286123,47482,2022-06-02 17:30:00,1868.236392857143,TP,1.5,1.2583928571430079,2
2022-06-02 17:35:00,1868.488,LONG,1867.6117857142858,1869.8023214285715,0.8762142857143219,47485,2022-06-02 17:50:00,1867.6117857142858,SL,-1.0,-0.8762142857142408,3
2022-06-02 18:15:00,1868.178,LONG,1867.3422857142857,1869.4315714285715,0.8357142857143052,47493,2022-06-02 18:40:00,1869.4315714285715,TP,1.5,1.2535714285713766,5
2022-06-02 18:45:00,1869.863,LONG,1869.1127142857144,1870.9884285714286,0.7502857142857238,47499,2022-06-02 19:00:00,1869.1127142857144,SL,-1.0,-0.7502857142856101,3
2022-06-02 22:00:00,1869.025,LONG,1868.4302142857143,1869.9171785714288,0.5947857142857629,47526,2022-06-02 23:10:00,1869.9171785714288,TP,1.5,0.892178571428758,14
2022-06-02 23:10:00,1869.978,LONG,1869.676642857143,1870.4300357142859,0.30135714285716275,47540,2022-06-02 23:20:00,1869.676642857143,SL,-1.0,-0.301357142857114,2
2022-06-02 23:35:00,1869.154,LONG,1868.7092142857143,1869.8211785714286,0.44478571428575314,47545,2022-06-03 00:00:00,1868.7092142857143,SL,-1.0,-0.44478571428567193,5
2022-06-03 00:15:00,1870.063,LONG,1869.3604285714287,1871.1168571428573,0.7025714285713808,47553,2022-06-03 00:30:00,1871.1168571428573,TP,1.5,1.0538571428571686,3
2022-06-03 00:30:00,1873.498,LONG,1872.5395714285714,1874.9356428571427,0.9584285714284988,47556,2022-06-03 00:35:00,1872.5395714285714,SL,-1.0,-0.9584285714286125,1
2022-06-03 01:20:00,1871.163,LONG,1869.8953571428572,1873.0644642857142,1.2676428571428136,47566,2022-06-03 02:40:00,1869.8953571428572,SL,-1.0,-1.267642857142846,16
2022-06-03 02:45:00,1870.203,LONG,1869.4219285714287,1871.374607142857,0.7810714285713922,47583,2022-06-03 03:10:00,1869.4219285714287,SL,-1.0,-0.7810714285712947,5
2022-06-03 05:10:00,1867.324,SHORT,1868.0145714285716,1866.288142857143,0.6905714285714534,47612,2022-06-03 05:25:00,1868.0145714285716,SL,-1.0,-0.6905714285715021,3
2022-06-03 05:55:00,1868.193,SHORT,1868.9577857142858,1867.0458214285713,0.764785714285722,47621,2022-06-03 06:05:00,1868.9577857142858,SL,-1.0,-0.7647857142858356,2
2022-06-03 06:10:00,1867.428,SHORT,1868.3072857142859,1866.1090714285715,0.8792857142856941,47624,2022-06-03 06:45:00,1866.1090714285715,TP,1.5,1.3189285714286143,7
2022-06-03 06:50:00,1865.915,SHORT,1866.7647857142856,1864.6403214285715,0.8497857142856772,47632,2022-06-03 07:00:00,1864.6403214285715,TP,1.5,1.274678571428467,2
2022-06-03 07:55:00,1864.543,SHORT,1865.6087857142857,1862.9443214285714,1.065785714285734,47645,2022-06-03 08:10:00,1865.6087857142857,SL,-1.0,-1.0657857142857665,3
2022-06-03 08:20:00,1865.328,SHORT,1866.3008571428572,1863.8687142857143,0.9728571428571838,47650,2022-06-03 08:30:00,1866.3008571428572,SL,-1.0,-0.972857142857265,2
2022-06-03 08:35:00,1865.378,SHORT,1866.2525714285714,1864.0661428571427,0.8745714285714712,47653,2022-06-03 08:45:00,1866.2525714285714,SL,-1.0,-0.8745714285714712,2
2022-06-03 10:10:00,1865.754,SHORT,1866.4422142857143,1864.7216785714286,0.6882142857142688,47672,2022-06-03 10:25:00,1864.7216785714286,TP,1.5,1.032321428571322,3
2022-06-03 10:25:00,1864.848,SHORT,1865.5389285714284,1863.8116071428572,0.6909285714285553,47675,2022-06-03 10:50:00,1865.5389285714284,SL,-1.0,-0.6909285714284579,5
2022-06-03 12:35:00,1857.053,SHORT,1859.3802142857144,1853.5621785714286,2.327214285714295,47701,2022-06-03 12:40:00,1859.3802142857144,SL,-1.0,-2.3272142857142626,1
2022-06-03 12:45:00,1858.588,SHORT,1861.2424285714285,1854.6063571428572,2.6544285714285576,47703,2022-06-03 13:25:00,1861.2424285714285,SL,-1.0,-2.654428571428525,8
2022-06-03 14:00:00,1863.208,SHORT,1865.4585,1859.8322500000002,2.2504999999999717,47718,2022-06-03 14:20:00,1859.8322500000002,TP,1.5,3.3757499999999254,4
2022-06-03 14:25:00,1859.113,SHORT,1861.3236428571429,1855.7970357142858,2.210642857142846,47723,2022-06-03 14:35:00,1861.3236428571429,SL,-1.0,-2.2106428571428296,2
2022-06-03 18:50:00,1850.208,SHORT,1850.8365000000001,1849.26525,0.6285000000000471,47776,2022-06-03 19:05:00,1849.26525,TP,1.5,0.9427500000001601,3
2022-06-03 20:10:00,1850.174,SHORT,1850.803,1849.2305,0.6290000000000353,47792,2022-06-03 20:40:00,1850.803,SL,-1.0,-0.6290000000001328,6
2022-06-03 20:55:00,1850.338,SHORT,1850.9440714285713,1849.4288928571427,0.6060714285714377,47801,2022-06-05 22:00:00,1850.9440714285713,SL,-1.0,-0.6060714285713402,1
2022-06-05 22:10:00,1850.594,SHORT,1851.3109285714286,1849.5186071428573,0.7169285714285739,47804,2022-06-05 22:35:00,1851.3109285714286,SL,-1.0,-0.7169285714285252,5
2022-06-06 00:10:00,1853.098,LONG,1852.4616428571428,1854.0525357142856,0.6363571428571504,47828,2022-06-06 00:15:00,1852.4616428571428,SL,-1.0,-0.6363571428571504,1
2022-06-06 00:35:00,1851.264,LONG,1850.4537857142857,1852.4793214285714,0.810214285714291,47833,2022-06-06 00:45:00,1850.4537857142857,SL,-1.0,-0.8102142857142098,2
2022-06-06 04:40:00,1856.128,LONG,1855.5570714285714,1856.9843928571427,0.570928571428567,47882,2022-06-06 04:55:00,1855.5570714285714,SL,-1.0,-0.570928571428567,3
2022-06-06 05:30:00,1854.513,LONG,1853.7975714285712,1855.5861428571427,0.7154285714285769,47892,2022-06-06 06:35:00,1853.7975714285712,SL,-1.0,-0.7154285714286743,13
2022-06-06 07:20:00,1852.818,SHORT,1853.8979285714286,1851.1981071428572,1.0799285714285816,47914,2022-06-06 07:35:00,1853.8979285714286,SL,-1.0,-1.0799285714285816,3
2022-06-06 07:45:00,1852.148,SHORT,1853.4035714285715,1850.2646428571427,1.255571428571443,47919,2022-06-06 08:15:00,1853.4035714285715,SL,-1.0,-1.2555714285715567,6
2022-06-06 08:25:00,1852.743,SHORT,1854.0572142857143,1850.7716785714285,1.3142142857142614,47927,2022-06-06 10:05:00,1854.0572142857143,SL,-1.0,-1.3142142857143426,20
2022-06-06 10:40:00,1852.458,SHORT,1853.5250714285714,1850.857392857143,1.0670714285714504,47954,2022-06-06 11:05:00,1853.5250714285714,SL,-1.0,-1.067071428571353,5
2022-06-06 11:40:00,1853.468,LONG,1852.415,1855.0475000000001,1.053000000000046,47966,2022-06-06 12:00:00,1855.0475000000001,TP,1.5,1.5795000000000528,4
2022-06-06 13:15:00,1852.854,SHORT,1854.707142857143,1850.0742857142857,1.853142857142903,47985,2022-06-06 13:40:00,1850.0742857142857,TP,1.5,2.7797142857143626,5
2022-06-06 13:45:00,1849.878,SHORT,1851.4155714285714,1847.5716428571427,1.537571428571417,47991,2022-06-06 14:00:00,1847.5716428571427,TP,1.5,2.306357142857223,3
2022-06-06 19:15:00,1841.678,SHORT,1842.3333571428573,1840.6949642857144,0.6553571428571071,48057,2022-06-06 19:55:00,1842.3333571428573,SL,-1.0,-0.6553571428571558,8
2022-06-06 20:40:00,1841.918,SHORT,1842.3402142857142,1841.2846785714285,0.42221428571428987,48074,2022-06-06 20:55:00,1841.2846785714285,TP,1.5,0.6333214285714348,3
2022-06-06 20:55:00,1841.078,SHORT,1841.5430714285715,1840.3803928571429,0.46507142857144246,48077,2022-06-06 22:00:00,1840.3803928571429,TP,1.5,0.6976071428571231,1
2022-06-06 22:40:00,1841.618,SHORT,1842.091357142857,1840.9079642857141,0.47335714285715574,48086,2022-06-06 23:00:00,1840.9079642857141,TP,1.5,0.7100357142858229,4
2022-06-06 23:00:00,1840.773,SHORT,1841.3650714285714,1839.8848928571429,0.5920714285714439,48090,2022-06-06 23:20:00,1839.8848928571429,TP,1.5,0.8881071428570522,4
2022-06-07 00:20:00,1838.094,SHORT,1839.0157857142858,1836.7113214285716,0.9217857142856474,48106,2022-06-07 00:40:00,1839.0157857142858,SL,-1.0,-0.9217857142857611,4
2022-06-07 01:30:00,1838.144,SHORT,1839.429,1836.2165,1.2850000000000168,48120,2022-06-07 01:35:00,1839.429,SL,-1.0,-1.2850000000000819,1
2022-06-07 01:45:00,1840.153,SHORT,1841.5847857142858,1838.0053214285713,1.4317857142857682,48123,2022-06-07 02:55:00,1841.5847857142858,SL,-1.0,-1.431785714285752,14
2022-06-07 04:00:00,1840.718,LONG,1840.0220000000002,1841.7620000000002,0.6959999999999938,48150,2022-06-07 04:10:00,1841.7620000000002,TP,1.5,1.0440000000000964,2
2022-06-07 05:05:00,1842.455,LONG,1841.6010714285715,1843.7358928571427,0.8539285714285663,48163,2022-06-07 05:10:00,1841.6010714285715,SL,-1.0,-0.8539285714284688,1
2022-06-07 08:35:00,1846.028,LONG,1844.7337857142857,1847.9693214285714,1.2942142857142795,48205,2022-06-07 08:45:00,1847.9693214285714,TP,1.5,1.9413214285714275,2
2022-06-07 11:40:00,1848.678,LONG,1847.5087857142858,1850.4318214285715,1.1692142857142958,48242,2022-06-07 11:55:00,1847.5087857142858,SL,-1.0,-1.1692142857143608,3
2022-06-07 12:00:00,1848.343,LONG,1847.1761428571428,1850.093285714286,1.16685714285716,48246,2022-06-07 12:15:00,1847.1761428571428,SL,-1.0,-1.166857142857225,3
2022-06-07 13:35:00,1845.064,SHORT,1846.809642857143,1842.4455357142858,1.745642857142879,48265,2022-06-07 13:40:00,1846.809642857143,SL,-1.0,-1.7456428571429115,1
2022-06-07 16:05:00,1850.714,LONG,1849.5067857142858,1852.5248214285714,1.207214285714258,48295,2022-06-07 16:30:00,1852.5248214285714,TP,1.5,1.810821428571444,5
2022-06-07 16:55:00,1851.058,LONG,1850.1892142857143,1852.3611785714286,0.868785714285715,48305,2022-06-07 17:00:00,1850.1892142857143,SL,-1.0,-0.8687857142856501,1
2022-06-07 18:05:00,1851.112,LONG,1850.0435714285716,1852.714642857143,1.0684285714285449,48319,2022-06-07 18:35:00,1852.714642857143,TP,1.5,1.6026428571428823,6
2022-06-07 19:30:00,1854.628,LONG,1853.6988571428572,1856.0217142857143,0.9291428571428761,48336,2022-06-07 19:40:00,1853.6988571428572,SL,-1.0,-0.9291428571427787,2
2022-06-07 19:50:00,1853.904,LONG,1852.9327142857144,1855.3609285714285,0.9712857142856949,48340,2022-06-07 20:10:00,1852.9327142857144,SL,-1.0,-0.9712857142856137,4
2022-06-07 22:55:00,1852.553,LONG,1852.0080714285716,1853.3703928571429,0.5449285714285322,48365,2022-06-07 23:05:00,1852.0080714285716,SL,-1.0,-0.5449285714284997,2
2022-06-07 23:55:00,1853.458,LONG,1852.9027857142858,1854.2908214285715,0.5552142857142955,48377,2022-06-08 00:00:00,1852.9027857142858,SL,-1.0,-0.5552142857143281,1
2022-06-08 00:10:00,1850.203,SHORT,1851.0925,1848.86875,0.8894999999999982,48380,2022-06-08 00:15:00,1851.0925,SL,-1.0,-0.8894999999999982,1
2022-06-08 00:30:00,1850.318,SHORT,1851.4357857142857,1848.6413214285715,1.1177857142857062,48384,2022-06-08 01:05:00,1848.6413214285715,TP,1.5,1.6766785714285106,7
2022-06-08 01:50:00,1848.448,SHORT,1849.584642857143,1846.7430357142857,1.1366428571429066,48400,2022-06-08 02:00:00,1849.584642857143,SL,-1.0,-1.1366428571429879,2
2022-06-08 02:10:00,1849.303,SHORT,1850.312285714286,1847.7890714285716,1.0092857142857707,48404,2022-06-08 03:10:00,1847.7890714285716,TP,1.5,1.5139285714285506,12
2022-06-08 04:55:00,1847.404,SHORT,1848.1417857142858,1846.2973214285714,0.7377857142856945,48437,2022-06-08 05:30:00,1848.1417857142858,SL,-1.0,-0.737785714285792,7
2022-06-08 05:40:00,1847.698,SHORT,1848.5255000000002,1846.45675,0.8275000000000026,48446,2022-06-08 05:50:00,1848.5255000000002,SL,-1.0,-0.8275000000001,2
2022-06-08 06:45:00,1849.273,LONG,1848.3957142857141,1850.5889285714284,0.877285714285709,48459,2022-06-08 07:00:00,1848.3957142857141,SL,-1.0,-0.8772857142857902,3
2022-06-08 07:50:00,1850.423,LONG,1849.2552142857144,1852.1746785714286,1.1677857142857095,48472,2022-06-08 08:05:00,1849.2552142857144,SL,-1.0,-1.1677857142856283,3
2022-06-08 09:15:00,1847.388,SHORT,1848.5219285714284,1845.687107142857,1.133928571428539,48489,2022-06-08 09:25:00,1848.5219285714284,SL,-1.0,-1.1339285714284415,2
2022-06-08 11:25:00,1850.525,LONG,1849.3263571428572,1852.3229642857143,1.1986428571428698,48515,2022-06-08 12:00:00,1852.3229642857143,TP,1.5,1.7979642857142153,7
2022-06-08 14:10:00,1854.078,LONG,1852.4167857142857,1856.5698214285712,1.6612142857142413,48548,2022-06-08 14:45:00,1856.5698214285712,TP,1.5,2.4918214285712565,7
2022-06-08 18:15:00,1854.634,SHORT,1855.5115714285714,1853.3176428571428,0.8775714285714328,48597,2022-06-08 18:50:00,1853.3176428571428,TP,1.5,1.316357142857214,7
2022-06-08 19:25:00,1853.388,SHORT,1853.9825714285714,1852.4961428571428,0.5945714285714497,48611,2022-06-08 19:50:00,1852.4961428571428,TP,1.5,0.891857142857134,5
2022-06-08 23:55:00,1852.643,SHORT,1853.084,1851.9815,0.4409999999999822,48653,2022-06-09 00:05:00,1853.084,SL,-1.0,-0.4410000000000309,2
2022-06-09 01:25:00,1852.133,SHORT,1852.8488571428572,1851.0592142857142,0.7158571428571544,48671,2022-06-09 01:30:00,1852.8488571428572,SL,-1.0,-0.7158571428572031,1
2022-06-09 02:35:00,1851.808,SHORT,1852.6600714285714,1850.5298928571428,0.8520714285714023,48685,2022-06-09 02:55:00,1852.6600714285714,SL,-1.0,-0.8520714285714348,4
2022-06-09 05:30:00,1853.993,LONG,1853.4284285714286,1854.839857142857,0.5645714285713959,48720,2022-06-09 05:35:00,1854.839857142857,TP,1.5,0.8468571428570613,1
2022-06-09 07:45:00,1849.328,SHORT,1850.6743571428572,1847.3084642857143,1.3463571428571217,48747,2022-06-09 07:55:00,1850.6743571428572,SL,-1.0,-1.3463571428571868,2
2022-06-09 09:15:00,1849.268,SHORT,1850.273357142857,1847.7599642857142,1.0053571428571624,48765,2022-06-09 10:20:00,1850.273357142857,SL,-1.0,-1.005357142857065,13
2022-06-09 10:45:00,1848.688,SHORT,1849.5520000000001,1847.392,0.8640000000000327,48783,2022-06-09 11:10:00,1847.392,TP,1.5,1.2960000000000491,5
2022-06-09 11:45:00,1845.555,SHORT,1846.8495,1843.61325,1.2945000000000033,48795,2022-06-09 11:50:00,1846.8495,SL,-1.0,-1.294499999999971,1
2022-06-09 12:50:00,1847.618,SHORT,1850.1727142857142,1843.7859285714285,2.554714285714275,48808,2022-06-09 12:55:00,1850.1727142857142,SL,-1.0,-2.554714285714226,1
2022-06-09 13:10:00,1847.235,SHORT,1849.6605,1843.59675,2.4255000000000075,48812,2022-06-09 13:15:00,1849.6605,SL,-1.0,-2.4255000000000564,1
2022-06-09 13:35:00,1848.258,SHORT,1850.6390000000001,1844.6865,2.3810000000000042,48817,2022-06-09 14:05:00,1844.6865,TP,1.5,3.5715000000000146,6
2022-06-09 18:25:00,1848.388,LONG,1847.5216428571428,1849.6875357142856,0.8663571428571524,48875,2022-06-09 18:55:00,1849.6875357142856,TP,1.5,1.2995357142856392,6
2022-06-09 19:35:00,1847.808,LONG,1846.9661428571428,1849.0707857142856,0.8418571428570983,48889,2022-06-09 19:40:00,1846.9661428571428,SL,-1.0,-0.8418571428571795,1
2022-06-09 20:40:00,1847.828,LONG,1847.296,1848.626,0.5319999999999904,48902,2022-06-09 22:15:00,1847.296,SL,-1.0,-0.5319999999999254,7
2022-06-09 22:20:00,1847.028,SHORT,1847.3709285714285,1846.5136071428572,0.34292857142859895,48910,2022-06-09 22:50:00,1846.5136071428572,TP,1.5,0.514392857142866,6
2022-06-09 23:55:00,1846.794,SHORT,1847.1606428571429,1846.2440357142857,0.3666428571428599,48929,2022-06-10 00:00:00,1847.1606428571429,SL,-1.0,-0.36664285714277867,1
2022-06-10 00:20:00,1846.118,SHORT,1846.6862142857142,1845.2656785714285,0.5682142857142806,48934,2022-06-10 00:40:00,1846.6862142857142,SL,-1.0,-0.568214285714248,4
2022-06-10 00:50:00,1846.278,SHORT,1846.9162142857144,1845.3206785714285,0.6382142857142981,48940,2022-06-10 00:55:00,1846.9162142857144,SL,-1.0,-0.6382142857144117,1
2022-06-10 01:00:00,1847.074,SHORT,1847.8327142857142,1845.9359285714286,0.7587142857142908,48942,2022-06-10 01:20:00,1845.9359285714286,TP,1.5,1.138071428571493,4
2022-06-10 01:20:00,1845.255,SHORT,1846.038,1844.0805,0.7830000000000155,48946,2022-06-10 01:30:00,1846.038,SL,-1.0,-0.7829999999999018,2
2022-06-10 01:40:00,1845.998,SHORT,1846.8997142857143,1844.6454285714285,0.9017142857142874,48950,2022-06-10 03:15:00,1844.6454285714285,TP,1.5,1.3525714285715367,19
2022-06-10 03:40:00,1844.978,SHORT,1845.5700714285715,1844.0898928571428,0.5920714285714439,48974,2022-06-10 04:05:00,1845.5700714285715,SL,-1.0,-0.5920714285714439,5
2022-06-10 05:50:00,1844.768,SHORT,1845.5307142857143,1843.6239285714287,0.7627142857143099,49000,2022-06-10 06:00:00,1845.5307142857143,SL,-1.0,-0.7627142857143099,2
2022-06-10 07:35:00,1847.033,LONG,1845.9249285714286,1848.695107142857,1.1080714285713904,49021,2022-06-10 07:45:00,1845.9249285714286,SL,-1.0,-1.108071428571293,2
2022-06-10 07:55:00,1845.394,LONG,1844.1665714285714,1847.2351428571428,1.2274285714285855,49025,2022-06-10 08:35:00,1844.1665714285714,SL,-1.0,-1.227428571428618,8
2022-06-10 10:40:00,1842.925,SHORT,1843.8010714285715,1841.6108928571427,0.8760714285714357,49058,2022-06-10 11:15:00,1841.6108928571427,TP,1.5,1.3141071428572104,7
2022-06-10 18:05:00,1871.288,LONG,1869.9198571428572,1873.3402142857142,1.3681428571428083,49147,2022-06-10 18:30:00,1873.3402142857142,TP,1.5,2.0522142857141716,5
2022-06-10 19:45:00,1872.713,LONG,1871.5369285714285,1874.477107142857,1.1760714285714227,49167,2022-06-10 19:50:00,1871.5369285714285,SL,-1.0,-1.176071428571504,1
2022-06-10 20:15:00,1870.863,LONG,1869.840642857143,1872.3965357142858,1.02235714285715,49173,2022-06-12 22:00:00,1872.3965357142858,TP,1.5,1.5335357142857902,9
2022-06-13 00:20:00,1874.613,LONG,1873.4650714285715,1876.334892857143,1.1479285714285976,49210,2022-06-13 00:40:00,1873.4650714285715,SL,-1.0,-1.1479285714285652,4
2022-06-13 03:10:00,1864.578,SHORT,1865.5984285714285,1863.0473571428572,1.020428571428543,49244,2022-06-13 03:55:00,1863.0473571428572,TP,1.5,1.530642857142766,9
2022-06-13 05:40:00,1864.663,SHORT,1865.8764285714285,1862.8428571428572,1.2134285714285755,49274,2022-06-13 06:00:00,1865.8764285714285,SL,-1.0,-1.2134285714284943,4
2022-06-13 06:00:00,1864.813,SHORT,1866.1135714285715,1862.862142857143,1.300571428571402,49278,2022-06-13 06:35:00,1862.862142857143,TP,1.5,1.950857142857103,7
2022-06-13 06:45:00,1862.248,SHORT,1863.504357142857,1860.3634642857144,1.2563571428571225,49287,2022-06-13 07:00:00,1863.504357142857,SL,-1.0,-1.2563571428570413,3
2022-06-13 07:20:00,1861.663,SHORT,1863.0522857142857,1859.5790714285715,1.3892857142856851,49294,2022-06-13 07:30:00,1859.5790714285715,TP,1.5,2.083928571428487,2
2022-06-13 09:45:00,1856.603,SHORT,1858.1407142857142,1854.2964285714286,1.5377142857142871,49323,2022-06-13 09:55:00,1854.2964285714286,TP,1.5,2.3065714285714876,2
2022-06-13 10:15:00,1855.068,SHORT,1856.466357142857,1852.9704642857141,1.3983571428571753,49329,2022-06-13 10:20:00,1856.466357142857,SL,-1.0,-1.398357142857094,1
2022-06-13 11:00:00,1857.703,SHORT,1859.212857142857,1855.4382142857141,1.5098571428571697,49338,2022-06-13 11:45:00,1855.4382142857141,TP,1.5,2.2647857142858356,9
2022-06-13 12:05:00,1856.401,SHORT,1858.0430714285715,1853.937892857143,1.6420714285714146,49351,2022-06-13 12:10:00,1853.937892857143,TP,1.5,2.4631071428570976,1
2022-06-13 15:50:00,1827.878,SHORT,1830.1822857142856,1824.4215714285713,2.30428571428573,49396,2022-06-13 16:00:00,1830.1822857142856,SL,-1.0,-2.3042857142856974,2
2022-06-13 16:20:00,1831.578,SHORT,1833.530857142857,1828.6487142857143,1.952857142857137,49402,2022-06-13 16:55:00,1828.6487142857143,TP,1.5,2.9292857142856974,7
2022-06-13 17:20:00,1829.588,SHORT,1830.9005,1827.61925,1.3124999999999676,49414,2022-06-13 18:10:00,1827.61925,TP,1.5,1.96875,10
2022-06-13 18:15:00,1827.938,SHORT,1829.0744285714286,1826.2333571428571,1.1364285714285773,49425,2022-06-13 18:30:00,1826.2333571428571,TP,1.5,1.7046428571429715,3
2022-06-13 19:55:00,1822.648,SHORT,1824.9364999999998,1819.21525,2.2884999999999827,49445,2022-06-13 20:20:00,1819.21525,TP,1.5,3.432749999999942,5
2022-06-13 22:45:00,1820.278,SHORT,1822.2075,1817.38375,1.9294999999999942,49467,2022-06-13 23:00:00,1822.2075,SL,-1.0,-1.9294999999999618,3
2022-06-13 23:10:00,1820.778,SHORT,1821.9026428571428,1819.0910357142857,1.1246428571428655,49472,2022-06-13 23:40:00,1819.0910357142857,TP,1.5,1.686964285714339,6
2022-06-14 00:15:00,1821.448,SHORT,1822.8597857142859,1819.3303214285716,1.4117857142856889,49485,2022-06-14 00:20:00,1822.8597857142859,SL,-1.0,-1.4117857142857702,1
2022-06-14 02:05:00,1824.448,LONG,1823.2847857142858,1826.1928214285715,1.1632142857142915,49507,2022-06-14 02:30:00,1826.1928214285715,TP,1.5,1.744821428571413,5
2022-06-14 02:30:00,1826.378,LONG,1825.2394285714286,1828.085857142857,1.1385714285714326,49512,2022-06-14 03:25:00,1825.2394285714286,SL,-1.0,-1.1385714285713675,11
2022-06-14 04:05:00,1826.708,LONG,1825.8069285714287,1828.0596071428572,0.9010714285714455,49531,2022-06-14 04:25:00,1825.8069285714287,SL,-1.0,-0.901071428571413,4
2022-06-14 04:55:00,1824.698,LONG,1823.8415,1825.9827500000001,0.8564999999999827,49541,2022-06-14 05:20:00,1825.9827500000001,TP,1.5,1.284750000000031,5
2022-06-14 05:30:00,1825.363,LONG,1824.3794285714287,1826.8383571428571,0.9835714285714273,49548,2022-06-14 05:40:00,1824.3794285714287,SL,-1.0,-0.9835714285713948,2
2022-06-14 05:40:00,1825.573,LONG,1824.5262142857143,1827.1431785714287,1.0467857142857286,49550,2022-06-14 05:50:00,1827.1431785714287,TP,1.5,1.5701785714286416,2
2022-06-14 07:15:00,1829.302,LONG,1827.7731428571428,1831.5952857142856,1.528857142857159,49569,2022-06-14 07:30:00,1827.7731428571428,SL,-1.0,-1.5288571428570776,3
2022-06-14 08:05:00,1828.333,LONG,1826.4095,1831.2182500000001,1.9235000000000224,49579,2022-06-14 08:45:00,1826.4095,SL,-1.0,-1.9235000000001037,8
2022-06-14 08:50:00,1826.448,LONG,1824.8382142857145,1828.8626785714287,1.6097857142857006,49588,2022-06-14 08:55:00,1824.8382142857145,SL,-1.0,-1.6097857142856355,1
2022-06-14 10:25:00,1820.438,SHORT,1822.2025714285714,1817.7911428571429,1.7645714285714575,49607,2022-06-14 10:45:00,1822.2025714285714,SL,-1.0,-1.7645714285713439,4
2022-06-14 11:10:00,1823.593,SHORT,1825.2687142857144,1821.0794285714287,1.6757142857143046,49616,2022-06-14 11:15:00,1821.0794285714287,TP,1.5,2.5135714285713675,1
2022-06-14 11:45:00,1820.148,SHORT,1821.9115,1817.5027499999999,1.7634999999999894,49623,2022-06-14 11:50:00,1817.5027499999999,TP,1.5,2.6452500000000327,1
2022-06-14 12:40:00,1820.498,SHORT,1822.9102857142857,1816.8795714285716,2.412285714285677,49634,2022-06-14 13:35:00,1816.8795714285716,TP,1.5,3.618428571428467,11
2022-06-14 13:55:00,1815.968,SHORT,1818.0654285714286,1812.8218571428572,2.0974285714286225,49649,2022-06-14 14:00:00,1818.0654285714286,SL,-1.0,-2.097428571428509,1
2022-06-14 15:35:00,1811.803,SHORT,1813.6920714285716,1808.969392857143,1.8890714285714532,49669,2022-06-14 16:35:00,1813.6920714285716,SL,-1.0,-1.8890714285714694,12
2022-06-14 16:50:00,1812.968,SHORT,1814.4775714285715,1810.703642857143,1.5095714285714297,49684,2022-06-14 18:10:00,1810.703642857143,TP,1.5,2.2643571428570795,16
2022-06-14 18:10:00,1810.358,SHORT,1811.6740714285713,1808.3838928571429,1.316071428571409,49700,2022-06-14 18:45:00,1808.3838928571429,TP,1.5,1.974107142857065,7
2022-06-14 19:40:00,1808.458,SHORT,1809.8131428571428,1806.4252857142858,1.3551428571428232,49718,2022-06-14 20:50:00,1809.8131428571428,SL,-1.0,-1.3551428571427095,14
2022-06-14 22:00:00,1807.363,SHORT,1808.2687857142857,1806.0043214285715,0.9057857142857172,49734,2022-06-14 22:10:00,1808.2687857142857,SL,-1.0,-0.9057857142856847,2
2022-06-14 22:25:00,1808.408,SHORT,1809.3489285714286,1806.996607142857,0.9409285714285716,49739,2022-06-14 23:25:00,1809.3489285714286,SL,-1.0,-0.9409285714286852,12
2022-06-15 00:15:00,1810.218,LONG,1809.1993571428573,1811.7459642857143,1.0186428571428385,49761,2022-06-15 00:20:00,1809.1993571428573,SL,-1.0,-1.0186428571428223,1
2022-06-15 00:35:00,1810.738,LONG,1809.7177857142858,1812.2683214285714,1.0202142857142462,49765,2022-06-15 00:40:00,1809.7177857142858,SL,-1.0,-1.0202142857142462,1
2022-06-15 01:05:00,1812.198,LONG,1810.9434285714287,1814.0798571428572,1.2545714285713854,49771,2022-06-15 01:20:00,1814.0798571428572,TP,1.5,1.8818571428571431,3
2022-06-15 04:35:00,1814.824,LONG,1814.124,1815.874,0.700000000000013,49813,2022-06-15 04:50:00,1814.124,SL,-1.0,-0.7000000000000455,3
2022-06-15 05:40:00,1817.498,LONG,1816.2777142857144,1819.3284285714287,1.2202857142857348,49826,2022-06-15 06:00:00,1819.3284285714287,TP,1.5,1.8304285714286834,4
2022-06-15 08:45:00,1822.372,LONG,1820.396785714286,1825.3348214285716,1.975214285714271,49863,2022-06-15 09:00:00,1820.396785714286,SL,-1.0,-1.9752142857141735,3
2022-06-15 09:05:00,1823.218,LONG,1821.4593571428572,1825.8559642857144,1.7586428571428476,49867,2022-06-15 09:40:00,1825.8559642857144,TP,1.5,2.637964285714361,7
2022-06-15 12:30:00,1833.423,LONG,1830.9295,1837.1632499999998,2.4934999999999428,49908,2022-06-15 12:55:00,1830.9295,SL,-1.0,-2.49350000000004,5
2022-06-15 15:30:00,1820.24,SHORT,1822.3366428571428,1817.0950357142858,2.0966428571428293,49944,2022-06-15 16:00:00,1822.3366428571428,SL,-1.0,-2.096642857142797,6
2022-06-15 16:45:00,1820.704,SHORT,1822.041857142857,1818.6972142857142,1.3378571428571442,49959,2022-06-15 17:10:00,1818.6972142857142,TP,1.5,2.0067857142857974,5
2022-06-15 18:25:00,1823.025,SHORT,1826.5335714285716,1817.762142857143,3.5085714285714045,49979,2022-06-15 18:35:00,1826.5335714285716,SL,-1.0,-3.5085714285714857,2
2022-06-15 20:00:00,1832.738,LONG,1829.0765714285715,1838.230142857143,3.6614285714285546,49998,2022-06-16 06:40:00,1829.0765714285715,SL,-1.0,-3.661428571428587,116
2022-06-16 07:40:00,1826.838,SHORT,1828.8807142857142,1823.7739285714285,2.042714285714266,50126,2022-06-16 07:45:00,1828.8807142857142,SL,-1.0,-2.0427142857142826,1
2022-06-16 08:00:00,1829.038,SHORT,1831.1282857142858,1825.9025714285715,2.0902857142857068,50130,2022-06-16 08:15:00,1831.1282857142858,SL,-1.0,-2.0902857142857556,3
2022-06-16 10:15:00,1820.693,SHORT,1822.988,1817.2505,2.2949999999999755,50157,2022-06-16 11:00:00,1817.2505,TP,1.5,3.4424999999998818,9
2022-06-16 11:30:00,1820.393,SHORT,1822.909642857143,1816.6180357142857,2.516642857142853,50172,2022-06-16 11:45:00,1816.6180357142857,TP,1.5,3.7749642857143044,3
2022-06-16 12:25:00,1823.358,SHORT,1825.7346428571427,1819.7930357142857,2.376642857142867,50183,2022-06-16 12:30:00,1825.7346428571427,SL,-1.0,-2.3766428571427696,1
2022-06-16 13:40:00,1831.698,LONG,1829.1319285714287,1835.5471071428572,2.5660714285714255,50198,2022-06-16 13:55:00,1829.1319285714287,SL,-1.0,-2.5660714285713766,3
2022-06-16 15:05:00,1834.188,LONG,1831.7150714285715,1837.897392857143,2.4729285714285942,50215,2022-06-16 15:15:00,1837.897392857143,TP,1.5,3.7093928571428023,2
2022-06-16 17:35:00,1848.028,LONG,1846.123,1850.8854999999999,1.9049999999999565,50245,2022-06-16 19:10:00,1850.8854999999999,TP,1.5,2.8574999999998454,19
2022-06-16 23:00:00,1851.234,LONG,1850.0374285714286,1853.028857142857,1.1965714285714089,50298,2022-06-16 23:35:00,1850.0374285714286,SL,-1.0,-1.1965714285713602,7
2022-06-17 02:45:00,1842.888,SHORT,1844.0896428571427,1841.0855357142857,1.20164285714288,50343,2022-06-17 02:55:00,1844.0896428571427,SL,-1.0,-1.201642857142815,2
2022-06-17 03:00:00,1842.943,SHORT,1844.2975000000001,1840.9112499999999,1.35450000000003,50346,2022-06-17 03:10:00,1844.2975000000001,SL,-1.0,-1.3545000000001437,2
2022-06-17 03:20:00,1844.018,SHORT,1845.3810714285714,1841.973392857143,1.3630714285714671,50350,2022-06-17 03:45:00,1841.973392857143,TP,1.5,2.044607142857103,5
2022-06-17 04:10:00,1843.128,SHORT,1844.16,1841.58,1.0320000000000553,50360,2022-06-17 04:20:00,1844.16,SL,-1.0,-1.0320000000001528,2
2022-06-17 04:20:00,1842.488,SHORT,1843.5775,1840.85375,1.0895000000000437,50362,2022-06-17 04:35:00,1843.5775,SL,-1.0,-1.0895000000000437,3
2022-06-17 06:25:00,1846.818,LONG,1845.7777142857142,1848.3784285714287,1.040285714285736,50387,2022-06-17 06:30:00,1845.7777142857142,SL,-1.0,-1.040285714285801,1
2022-06-17 06:35:00,1846.548,LONG,1845.3495714285714,1848.3456428571428,1.1984285714285892,50389,2022-06-17 06:40:00,1845.3495714285714,SL,-1.0,-1.1984285714286216,1
2022-06-17 11:35:00,1845.958,SHORT,1847.2235,1844.05975,1.265500000000072,50449,2022-06-17 11:50:00,1847.2235,SL,-1.0,-1.2654999999999745,3
2022-06-17 12:00:00,1846.544,SHORT,1847.9405714285715,1844.449142857143,1.3965714285714708,50454,2022-06-17 12:05:00,1844.449142857143,TP,1.5,2.0948571428571086,1
2022-06-17 12:15:00,1845.918,SHORT,1847.464857142857,1843.5977142857141,1.5468571428571554,50457,2022-06-17 12:20:00,1847.464857142857,SL,-1.0,-1.5468571428571067,1
2022-06-17 12:40:00,1850.458,LONG,1848.4017857142858,1853.5423214285715,2.056214285714321,50462,2022-06-17 13:10:00,1848.4017857142858,SL,-1.0,-2.0562142857143044,6
2022-06-17 13:10:00,1849.238,LONG,1846.7910000000002,1852.9085,2.4469999999999863,50468,2022-06-17 13:20:00,1846.7910000000002,SL,-1.0,-2.446999999999889,2
2022-06-17 16:15:00,1840.473,SHORT,1842.1869285714286,1837.9021071428572,1.7139285714285475,50505,2022-06-17 17:20:00,1837.9021071428572,TP,1.5,2.5708928571427805,13
2022-06-17 18:45:00,1838.814,SHORT,1839.7147857142859,1837.4628214285715,0.9007857142857054,50535,2022-06-17 18:50:00,1837.4628214285715,TP,1.5,1.3511785714285907,1
2022-06-17 20:00:00,1836.788,SHORT,1837.8174285714285,1835.2438571428572,1.0294285714285414,50550,2022-06-17 20:20:00,1837.8174285714285,SL,-1.0,-1.0294285714285252,4
2022-06-19 23:45:00,1838.138,SHORT,1838.971,1836.8884999999998,0.8330000000000511,50583,2022-06-20 00:35:00,1838.971,SL,-1.0,-0.8330000000000837,10
2022-06-20 00:40:00,1838.338,SHORT,1839.2862142857143,1836.9156785714285,0.9482142857142597,50594,2022-06-20 00:50:00,1839.2862142857143,SL,-1.0,-0.9482142857143572,2
2022-06-20 01:00:00,1840.638,LONG,1839.5701428571429,1842.2397857142855,1.0678571428570973,50598,2022-06-20 01:15:00,1839.5701428571429,SL,-1.0,-1.067857142857065,3
2022-06-20 01:30:00,1839.528,LONG,1838.1287142857143,1841.6269285714286,1.3992857142857085,50604,2022-06-20 01:50:00,1838.1287142857143,SL,-1.0,-1.3992857142857247,4
2022-06-20 02:05:00,1835.868,SHORT,1837.4251428571429,1833.5322857142858,1.5571428571428376,50611,2022-06-20 02:30:00,1837.4251428571429,SL,-1.0,-1.557142857142935,5
2022-06-20 05:05:00,1843.933,LONG,1843.2015714285715,1845.030142857143,0.7314285714285559,50647,2022-06-20 05:15:00,1843.2015714285715,SL,-1.0,-0.7314285714285234,2
2022-06-20 06:05:00,1843.088,LONG,1841.9915714285714,1844.7326428571428,1.096428571428581,50659,2022-06-20 06:25:00,1841.9915714285714,SL,-1.0,-1.0964285714285325,4
2022-06-20 08:30:00,1839.928,SHORT,1841.294,1837.8790000000001,1.3660000000000505,50688,2022-06-20 09:00:00,1841.294,SL,-1.0,-1.3659999999999854,6
2022-06-20 09:40:00,1841.028,SHORT,1842.1882142857144,1839.2876785714286,1.1602142857142488,50702,2022-06-20 10:00:00,1839.2876785714286,TP,1.5,1.7403214285714057,4
2022-06-20 10:00:00,1838.353,SHORT,1839.5882857142858,1836.5000714285716,1.2352857142856724,50706,2022-06-20 10:05:00,1836.5000714285716,TP,1.5,1.8529285714284924,1
2022-06-20 10:15:00,1837.908,SHORT,1839.263714285714,1835.8744285714286,1.3557142857142546,50709,2022-06-20 10:55:00,1839.263714285714,SL,-1.0,-1.355714285714157,8
2022-06-20 11:00:00,1838.913,SHORT,1840.1598571428572,1837.0427142857143,1.246857142857136,50718,2022-06-20 12:20:00,1840.1598571428572,SL,-1.0,-1.2468571428571522,16
2022-06-20 12:20:00,1839.083,SHORT,1840.1865,1837.42775,1.1035000000000212,50734,2022-06-20 13:05:00,1840.1865,SL,-1.0,-1.10349999999994,9
2022-06-20 13:50:00,1839.813,LONG,1838.643,1841.568,1.1699999999999753,50752,2022-06-20 14:00:00,1838.643,SL,-1.0,-1.1700000000000728,2
2022-06-20 14:10:00,1837.578,SHORT,1838.9547857142857,1835.5128214285714,1.3767857142857207,50756,2022-06-20 15:15:00,1838.9547857142857,SL,-1.0,-1.3767857142856883,13
2022-06-20 15:20:00,1838.028,SHORT,1839.0372857142856,1836.5140714285715,1.0092857142857383,50770,2022-06-20 16:50:00,1836.5140714285715,TP,1.5,1.5139285714285506,18
2022-06-20 17:45:00,1836.873,SHORT,1837.4658571428572,1835.9837142857143,0.5928571428571071,50799,2022-06-20 17:55:00,1835.9837142857143,TP,1.5,0.8892857142857338,2
2022-06-20 18:05:00,1835.828,SHORT,1836.3862142857142,1834.9906785714286,0.5582142857142733,50803,2022-06-20 18:10:00,1836.3862142857142,SL,-1.0,-0.5582142857142571,1
2022-06-20 18:15:00,1836.504,SHORT,1837.0855,1835.63175,0.5814999999999892,50805,2022-06-20 18:20:00,1837.0855,SL,-1.0,-0.5815000000000055,1
2022-06-20 22:05:00,1837.862,SHORT,1838.5790000000002,1836.7865000000002,0.7170000000000007,50809,2022-06-20 22:30:00,1838.5790000000002,SL,-1.0,-0.7170000000000982,5
2022-06-20 22:45:00,1837.888,LONG,1837.2777857142855,1838.8033214285713,0.610214285714278,50817,2022-06-20 23:35:00,1837.2777857142855,SL,-1.0,-0.6102142857143917,10
2022-06-20 23:35:00,1837.728,LONG,1837.1792857142857,1838.5510714285715,0.5487142857142706,50827,2022-06-20 23:45:00,1838.5510714285715,TP,1.5,0.8230714285714384,2
2022-06-20 23:50:00,1838.818,LONG,1838.2237142857143,1839.7094285714286,0.5942857142856935,50830,2022-06-21 00:00:00,1839.7094285714286,TP,1.5,0.8914285714286052,2
2022-06-21 01:30:00,1840.438,LONG,1839.4352142857144,1841.9421785714287,1.0027857142857133,50850,2022-06-21 02:25:00,1841.9421785714287,TP,1.5,1.5041785714286107,11
2022-06-21 03:40:00,1840.098,LONG,1839.4902142857143,1841.0096785714286,0.607785714285699,50876,2022-06-21 04:15:00,1839.4902142857143,SL,-1.0,-0.6077857142856828,7
2022-06-21 04:15:00,1840.248,LONG,1839.6389285714286,1841.161607142857,0.6090714285714155,50883,2022-06-21 04:25:00,1839.6389285714286,SL,-1.0,-0.6090714285714967,2
2022-06-21 07:20:00,1832.947,SHORT,1834.3281428571427,1830.8752857142856,1.3811428571428743,50920,2022-06-21 07:35:00,1834.3281428571427,SL,-1.0,-1.3811428571427768,3
2022-06-21 08:25:00,1834.807,SHORT,1836.3147142857144,1832.5454285714286,1.5077142857143306,50933,2022-06-21 09:15:00,1836.3147142857144,SL,-1.0,-1.5077142857144281,10
2022-06-21 09:20:00,1836.588,SHORT,1837.806,1834.761,1.2180000000000584,50944,2022-06-21 09:45:00,1837.806,SL,-1.0,-1.2180000000000746,5
2022-06-21 10:55:00,1833.264,SHORT,1834.4895714285713,1831.4256428571427,1.225571428571454,50963,2022-06-21 11:00:00,1834.4895714285713,SL,-1.0,-1.2255714285713566,1
2022-06-21 11:05:00,1832.433,SHORT,1833.8354285714286,1830.3293571428571,1.4024285714285725,50965,2022-06-21 11:15:00,1833.8354285714286,SL,-1.0,-1.4024285714285725,2
2022-06-21 11:45:00,1831.218,SHORT,1832.7735714285716,1828.884642857143,1.5555714285714137,50973,2022-06-21 11:55:00,1832.7735714285716,SL,-1.0,-1.5555714285715112,2
2022-06-21 12:10:00,1833.645,SHORT,1835.3487142857143,1831.0894285714285,1.7037142857142757,50978,2022-06-21 12:15:00,1835.3487142857143,SL,-1.0,-1.7037142857143408,1
2022-06-21 12:25:00,1835.803,SHORT,1837.548142857143,1833.1852857142858,1.7451428571428258,50981,2022-06-21 12:30:00,1837.548142857143,SL,-1.0,-1.7451428571428096,1
2022-06-21 14:00:00,1839.488,LONG,1837.5165,1842.4452500000002,1.9715000000000404,51000,2022-06-21 14:10:00,1837.5165,SL,-1.0,-1.9715000000001055,2
2022-06-21 15:25:00,1839.298,LONG,1837.6097142857143,1841.8304285714285,1.6882857142856957,51017,2022-06-21 15:35:00,1837.6097142857143,SL,-1.0,-1.688285714285712,2
2022-06-21 15:45:00,1836.188,LONG,1834.4160000000002,1838.846,1.7719999999999831,51021,2022-06-21 16:10:00,1834.4160000000002,SL,-1.0,-1.7719999999999345,5
2022-06-21 17:35:00,1835.878,SHORT,1836.7510714285713,1834.5683928571427,0.8730714285714741,51043,2022-06-21 17:40:00,1834.5683928571427,TP,1.5,1.3096071428572031,1
2022-06-21 20:55:00,1832.718,SHORT,1833.5038571428572,1831.5392142857145,0.7858571428571395,51083,2022-06-21 22:05:00,1831.5392142857145,TP,1.5,1.1787857142855955,2
2022-06-21 22:35:00,1831.398,SHORT,1832.4439285714284,1829.829107142857,1.0459285714285573,51091,2022-06-22 00:05:00,1829.829107142857,TP,1.5,1.5688928571428278,18
2022-06-22 01:10:00,1829.148,SHORT,1830.6669285714286,1826.8696071428571,1.5189285714285623,51122,2022-06-22 02:00:00,1826.8696071428571,TP,1.5,2.2783928571427623,10
2022-06-22 04:00:00,1827.138,SHORT,1828.0567142857142,1825.7599285714284,0.9187142857142915,51156,2022-06-22 04:15:00,1828.0567142857142,SL,-1.0,-0.918714285714259,3
2022-06-22 04:20:00,1827.758,SHORT,1828.631,1826.4485,0.8729999999999986,51160,2022-06-22 04:45:00,1826.4485,TP,1.5,1.309500000000071,5
2022-06-22 05:50:00,1825.208,SHORT,1826.1555,1823.7867500000002,0.9474999999999584,51178,2022-06-22 06:05:00,1826.1555,SL,-1.0,-0.9474999999999909,3
2022-06-22 06:10:00,1824.453,SHORT,1825.4490714285714,1822.958892857143,0.9960714285714077,51182,2022-06-22 06:20:00,1825.4490714285714,SL,-1.0,-0.9960714285714403,2
2022-06-22 06:45:00,1825.708,SHORT,1826.9435714285714,1823.8546428571428,1.2355714285714288,51189,2022-06-22 07:00:00,1826.9435714285714,SL,-1.0,-1.2355714285713475,3
2022-06-22 07:00:00,1825.693,SHORT,1827.0165714285715,1823.707642857143,1.323571428571459,51192,2022-06-22 07:20:00,1827.0165714285715,SL,-1.0,-1.3235714285715403,4
2022-06-22 09:45:00,1827.823,LONG,1826.6020714285714,1829.654392857143,1.220928571428593,51225,2022-06-22 10:05:00,1829.654392857143,TP,1.5,1.8313928571428733,4
2022-06-22 13:45:00,1843.663,LONG,1841.0324285714287,1847.6088571428572,2.6305714285714266,51273,2022-06-22 13:55:00,1847.6088571428572,TP,1.5,3.9458571428572213,2
2022-06-22 14:55:00,1840.108,LONG,1837.6360714285713,1843.815892857143,2.4719285714285695,51287,2022-06-22 15:50:00,1837.6360714285713,SL,-1.0,-2.4719285714286343,11
2022-06-22 16:55:00,1838.198,SHORT,1839.4295714285715,1836.350642857143,1.2315714285714583,51311,2022-06-22 17:10:00,1836.350642857143,TP,1.5,1.8473571428571631,3
2022-06-22 20:55:00,1837.588,SHORT,1838.0774285714285,1836.8538571428571,0.48942857142856155,51359,2022-06-22 23:35:00,1838.0774285714285,SL,-1.0,-0.48942857142856155,20
2022-06-22 23:40:00,1836.958,SHORT,1837.4469285714285,1836.2246071428572,0.4889285714285734,51380,2022-06-22 23:50:00,1836.2246071428572,TP,1.5,0.7333928571429169,2
2022-06-23 01:50:00,1834.118,SHORT,1835.1574999999998,1832.55875,1.0394999999999754,51406,2022-06-23 02:00:00,1832.55875,TP,1.5,1.55925000000002,2
2022-06-23 02:55:00,1833.313,SHORT,1834.2832857142857,1831.8575714285716,0.9702857142857023,51419,2022-06-23 03:20:00,1834.2832857142857,SL,-1.0,-0.9702857142856374,5
2022-06-23 03:50:00,1832.678,SHORT,1833.5329285714288,1831.3956071428572,0.8549285714285914,51430,2022-06-23 04:55:00,1833.5329285714288,SL,-1.0,-0.8549285714286725,13
2022-06-23 04:55:00,1833.108,SHORT,1833.7190714285714,1832.1913928571428,0.6110714285714332,51443,2022-06-23 05:00:00,1832.1913928571428,TP,1.5,0.916607142857174,1
2022-06-23 05:45:00,1833.378,SHORT,1834.4063571428571,1831.8354642857141,1.028357142857138,51453,2022-06-23 05:55:00,1834.4063571428571,SL,-1.0,-1.0283571428572031,2
2022-06-23 06:25:00,1833.578,SHORT,1834.9140714285713,1831.573892857143,1.336071428571407,51461,2022-06-23 06:55:00,1834.9140714285713,SL,-1.0,-1.3360714285713584,6
2022-06-23 06:55:00,1835.376,LONG,1834.1571428571428,1837.2042857142856,1.2188571428570998,51467,2022-06-23 07:00:00,1834.1571428571428,SL,-1.0,-1.2188571428571322,1
2022-06-23 07:10:00,1834.163,LONG,1832.8347142857144,1836.1554285714285,1.328285714285682,51470,2022-06-23 07:25:00,1832.8347142857144,SL,-1.0,-1.3282857142855846,3
2022-06-23 07:50:00,1837.968,LONG,1836.1739285714286,1840.6591071428572,1.7940714285714259,51478,2022-06-23 08:10:00,1836.1739285714286,SL,-1.0,-1.794071428571442,4
2022-06-23 15:05:00,1841.293,LONG,1839.3930714285714,1844.1428928571427,1.8999285714285503,51565,2022-06-23 15:15:00,1839.3930714285714,SL,-1.0,-1.899928571428518,2
2022-06-23 19:05:00,1825.674,SHORT,1827.0215,1823.65275,1.3475000000000168,51613,2022-06-23 19:25:00,1827.0215,SL,-1.0,-1.3475000000000819,4
2022-06-23 19:50:00,1826.173,SHORT,1827.092,1824.7945,0.9190000000000152,51622,2022-06-23 20:20:00,1824.7945,TP,1.5,1.378500000000031,6
2022-06-23 22:15:00,1824.338,SHORT,1825.0805,1823.22425,0.7424999999999825,51639,2022-06-23 22:25:00,1823.22425,TP,1.5,1.1137499999999818,2
2022-06-23 23:30:00,1823.748,SHORT,1824.452642857143,1822.6910357142858,0.704642857142874,51654,2022-06-23 23:40:00,1824.452642857143,SL,-1.0,-0.7046428571429715,2
2022-06-24 00:25:00,1824.028,SHORT,1824.861,1822.7785,0.8330000000000187,51665,2022-06-24 00:30:00,1822.7785,TP,1.5,1.2495000000001255,1
2022-06-24 01:00:00,1822.173,SHORT,1823.2928571428572,1820.4932142857142,1.1198571428571344,51672,2022-06-24 01:10:00,1823.2928571428572,SL,-1.0,-1.1198571428571995,2
2022-06-24 01:15:00,1823.013,SHORT,1824.355357142857,1820.999464285714,1.3423571428571353,51675,2022-06-24 01:30:00,1824.355357142857,SL,-1.0,-1.342357142857054,3
2022-06-24 01:35:00,1824.318,SHORT,1825.7431428571429,1822.1802857142857,1.4251428571428408,51679,2022-06-24 02:35:00,1825.7431428571429,SL,-1.0,-1.4251428571428733,12
2022-06-24 04:00:00,1825.188,LONG,1824.3658571428573,1826.4212142857143,0.8221428571428727,51708,2022-06-24 04:20:00,1824.3658571428573,SL,-1.0,-0.8221428571428078,4
2022-06-24 04:50:00,1825.528,LONG,1824.683,1826.7955,0.8449999999999948,51718,2022-06-24 05:30:00,1826.7955,TP,1.5,1.2674999999999272,8
2022-06-24 05:35:00,1826.038,LONG,1825.0853571428572,1827.4669642857143,0.9526428571428401,51727,2022-06-24 05:40:00,1825.0853571428572,SL,-1.0,-0.9526428571427914,1
2022-06-24 08:50:00,1826.803,LONG,1824.9095714285716,1829.643142857143,1.8934285714285903,51766,2022-06-24 10:55:00,1824.9095714285716,SL,-1.0,-1.893428571428558,25
2022-06-24 11:00:00,1825.393,LONG,1824.0997142857143,1827.3329285714285,1.2932857142856815,51792,2022-06-24 11:30:00,1824.0997142857143,SL,-1.0,-1.2932857142857301,6
2022-06-24 11:35:00,1823.896,SHORT,1825.123,1822.0555,1.2269999999999754,51799,2022-06-24 11:45:00,1822.0555,TP,1.5,1.84050000000002,2
2022-06-24 12:10:00,1823.633,SHORT,1825.1362142857142,1821.3781785714286,1.5032142857142585,51806,2022-06-24 12:15:00,1825.1362142857142,SL,-1.0,-1.5032142857141935,1
2022-06-24 12:30:00,1822.298,SHORT,1824.2341428571428,1819.3937857142857,1.9361428571428567,51810,2022-06-24 12:45:00,1824.2341428571428,SL,-1.0,-1.9361428571428405,3
2022-06-24 13:50:00,1824.034,SHORT,1826.9713571428572,1819.6279642857144,2.937357142857146,51826,2022-06-24 14:00:00,1826.9713571428572,SL,-1.0,-2.9373571428570813,2
2022-06-24 14:20:00,1827.473,LONG,1824.4774285714286,1831.966357142857,2.9955714285714032,51832,2022-06-24 19:55:00,1824.4774285714286,SL,-1.0,-2.9955714285713384,67
2022-06-24 20:55:00,1825.858,SHORT,1826.5471428571427,1824.8242857142857,0.6891428571428833,51911,2022-06-26 22:00:00,1826.5471428571427,SL,-1.0,-0.6891428571427696,1
2022-06-27 03:35:00,1835.268,LONG,1834.5115,1836.40275,0.7565000000000087,51979,2022-06-27 03:45:00,1834.5115,SL,-1.0,-0.75649999999996,2
2022-06-27 05:10:00,1835.213,LONG,1834.690857142857,1835.9962142857144,0.5221428571428695,51998,2022-06-27 05:15:00,1835.9962142857144,TP,1.5,0.7832142857143936,1
2022-06-27 06:05:00,1835.163,LONG,1834.1722857142856,1836.6490714285715,0.9907142857142942,52009,2022-06-27 06:30:00,1836.6490714285715,TP,1.5,1.4860714285714494,5
2022-06-27 06:55:00,1838.193,LONG,1837.0004999999999,1839.98175,1.1925000000000279,52019,2022-06-27 07:20:00,1839.98175,TP,1.5,1.7887499999999363,5
2022-06-27 07:30:00,1838.023,LONG,1836.5362857142857,1840.2530714285713,1.4867142857143076,52026,2022-06-27 07:35:00,1836.5362857142857,SL,-1.0,-1.4867142857142426,1
2022-06-27 07:45:00,1835.853,LONG,1834.2467857142858,1838.2623214285716,1.6062142857142914,52029,2022-06-27 08:15:00,1834.2467857142858,SL,-1.0,-1.606214285714259,6
2022-06-27 09:10:00,1838.338,LONG,1836.8099285714286,1840.6301071428572,1.5280714285714632,52046,2022-06-27 11:00:00,1836.8099285714286,SL,-1.0,-1.5280714285713657,22
2022-06-27 13:05:00,1832.963,SHORT,1835.1959285714286,1829.613607142857,2.232928571428585,52093,2022-06-27 13:25:00,1829.613607142857,TP,1.5,3.3493928571429024,4
2022-06-27 16:10:00,1825.388,SHORT,1827.0976428571428,1822.8235357142858,1.7096428571428532,52130,2022-06-27 17:05:00,1822.8235357142858,TP,1.5,2.564464285714166,11
2022-06-27 17:20:00,1824.333,SHORT,1825.7125,1822.26375,1.3795000000000073,52144,2022-06-27 17:30:00,1822.26375,TP,1.5,2.069250000000011,2
2022-06-27 19:15:00,1823.163,SHORT,1823.881,1822.086,0.7180000000000258,52167,2022-06-27 19:50:00,1822.086,TP,1.5,1.0769999999999982,7
2022-06-27 22:05:00,1821.767,SHORT,1822.4175,1820.79125,0.6504999999999816,52189,2022-06-27 22:20:00,1822.4175,SL,-1.0,-0.6504999999999654,3
2022-06-27 23:20:00,1822.818,SHORT,1823.303357142857,1822.0899642857144,0.48535714285713183,52204,2022-06-27 23:35:00,1823.303357142857,SL,-1.0,-0.4853571428570831,3
2022-06-28 00:00:00,1822.713,SHORT,1823.3800714285715,1821.712392857143,0.6670714285714082,52212,2022-06-28 00:05:00,1823.3800714285715,SL,-1.0,-0.6670714285714894,1
2022-06-28 00:15:00,1824.163,SHORT,1824.9155,1823.0342500000002,0.7524999999999409,52215,2022-06-28 01:00:00,1824.9155,SL,-1.0,-0.7525000000000546,9
2022-06-28 01:10:00,1825.168,LONG,1824.273,1826.5104999999999,0.8949999999999818,52226,2022-06-28 01:15:00,1824.273,SL,-1.0,-0.8949999999999818,1
2022-06-28 01:45:00,1824.378,LONG,1823.4243571428572,1825.8084642857143,0.9536428571428489,52233,2022-06-28 02:05:00,1823.4243571428572,SL,-1.0,-0.9536428571427678,4
2022-06-28 02:40:00,1824.538,LONG,1823.6562142857142,1825.8606785714285,0.8817857142857,52244,2022-06-28 03:45:00,1825.8606785714285,TP,1.5,1.3226785714284688,13
2022-06-28 05:05:00,1825.658,LONG,1825.0922857142857,1826.5065714285713,0.5657142857142909,52273,2022-06-28 05:50:00,1825.0922857142857,SL,-1.0,-0.5657142857141935,9
2022-06-28 07:30:00,1826.848,LONG,1825.8062142857143,1828.4106785714287,1.0417857142857332,52302,2022-06-28 08:20:00,1828.4106785714287,TP,1.5,1.5626785714287053,10
2022-06-28 08:50:00,1827.443,LONG,1826.4235714285714,1828.972142857143,1.0194285714285667,52318,2022-06-28 08:55:00,1826.4235714285714,SL,-1.0,-1.0194285714285343,1
2022-06-28 11:45:00,1822.883,SHORT,1824.0409285714286,1821.1461071428573,1.1579285714285237,52353,2022-06-28 11:50:00,1821.1461071428573,TP,1.5,1.7368928571427205,1
2022-06-28 12:30:00,1822.786,SHORT,1824.4004285714286,1820.3643571428572,1.6144285714285616,52362,2022-06-28 12:35:00,1824.4004285714286,SL,-1.0,-1.6144285714285616,1
2022-06-28 13:20:00,1825.113,SHORT,1827.0082142857143,1822.2701785714287,1.8952142857142624,52372,2022-06-28 13:40:00,1822.2701785714287,TP,1.5,2.8428214285713693,4
2022-06-28 13:40:00,1822.253,SHORT,1824.1407857142856,1819.4213214285714,1.887785714285688,52376,2022-06-28 13:45:00,1819.4213214285714,TP,1.5,2.8316785714284833,1
2022-06-28 15:10:00,1820.318,SHORT,1821.921857142857,1817.9122142857143,1.603857142857107,52394,2022-06-28 16:05:00,1821.921857142857,SL,-1.0,-1.603857142857123,11
2022-06-28 16:10:00,1822.798,SHORT,1824.0538571428572,1820.9142142857143,1.2558571428571017,52406,2022-06-28 16:45:00,1820.9142142857143,TP,1.5,1.8837857142857501,7
2022-06-28 16:45:00,1820.888,SHORT,1822.093214285714,1819.0801785714286,1.205214285714224,52413,2022-06-28 17:00:00,1822.093214285714,SL,-1.0,-1.2052142857141916,3
2022-06-28 17:15:00,1821.133,SHORT,1822.1558571428573,1819.5987142857143,1.022857142857122,52419,2022-06-28 17:35:00,1819.5987142857143,TP,1.5,1.5342857142857156,4
2022-06-28 18:00:00,1820.643,SHORT,1821.5402142857142,1819.2971785714285,0.8972142857142964,52428,2022-06-28 18:30:00,1819.2971785714285,TP,1.5,1.3458214285715258,6
2022-06-28 18:55:00,1820.143,SHORT,1820.9555,1818.92425,0.8125000000000162,52439,2022-06-28 19:45:00,1818.92425,TP,1.5,1.21875,10
2022-06-28 20:45:00,1819.818,SHORT,1820.308142857143,1819.0827857142858,0.4901428571428304,52461,2022-06-28 20:50:00,1820.308142857143,SL,-1.0,-0.4901428571429278,1
2022-06-28 20:55:00,1819.708,SHORT,1820.3095714285714,1818.805642857143,0.6015714285713817,52463,2022-06-28 23:20:00,1818.805642857143,TP,1.5,0.9023571428569994,17
2022-06-29 00:30:00,1819.108,SHORT,1819.5938571428571,1818.3792142857142,0.4858571428572012,52494,2022-06-29 00:35:00,1819.5938571428571,SL,-1.0,-0.48585714285718495,1
2022-06-29 01:15:00,1820.088,SHORT,1820.7874285714286,1819.038857142857,0.6994285714286141,52503,2022-06-29 01:30:00,1820.7874285714286,SL,-1.0,-0.6994285714285979,3
2022-06-29 02:20:00,1821.643,LONG,1820.9609285714287,1822.6661071428573,0.6820714285714595,52516,2022-06-29 02:55:00,1820.9609285714287,SL,-1.0,-0.682071428571362,7
2022-06-29 04:30:00,1821.488,LONG,1820.9297857142858,1822.3253214285714,0.5582142857142733,52542,2022-06-29 04:55:00,1820.9297857142858,SL,-1.0,-0.5582142857142571,5
2022-06-29 05:25:00,1821.348,LONG,1820.5262857142857,1822.5805714285714,0.821714285714279,52553,2022-06-29 05:35:00,1820.5262857142857,SL,-1.0,-0.821714285714279,2
2022-06-29 05:35:00,1821.328,LONG,1820.4441428571429,1822.6537857142857,0.8838571428571446,52555,2022-06-29 06:00:00,1820.4441428571429,SL,-1.0,-0.8838571428570958,5
2022-06-29 06:25:00,1819.695,SHORT,1820.6618571428571,1818.2447142857143,0.9668571428571633,52565,2022-06-29 06:30:00,1818.2447142857143,TP,1.5,1.4502857142856556,1
2022-06-29 07:10:00,1818.173,SHORT,1819.590642857143,1816.0465357142857,1.4176428571428557,52574,2022-06-29 07:55:00,1816.0465357142857,TP,1.5,2.1264642857142917,9
2022-06-29 09:35:00,1815.388,SHORT,1816.6025,1813.5662499999999,1.214499999999995,52603,2022-06-29 09:40:00,1816.6025,SL,-1.0,-1.2145000000000437,1
2022-06-29 09:45:00,1815.038,SHORT,1816.3812142857143,1813.0231785714286,1.3432142857142577,52605,2022-06-29 10:10:00,1816.3812142857143,SL,-1.0,-1.343214285714339,5
2022-06-29 13:20:00,1830.883,LONG,1828.8417142857143,1833.9449285714286,2.041285714285745,52648,2022-06-29 13:30:00,1828.8417142857143,SL,-1.0,-2.0412857142857774,2
2022-06-29 16:15:00,1817.973,SHORT,1819.3214285714284,1815.950357142857,1.3484285714285664,52683,2022-06-29 16:20:00,1819.3214285714284,SL,-1.0,-1.3484285714284852,1
2022-06-29 16:50:00,1817.263,SHORT,1818.315857142857,1815.6837142857141,1.0528571428571436,52690,2022-06-29 17:25:00,1815.6837142857141,TP,1.5,1.5792857142857883,7
2022-06-29 22:20:00,1818.078,SHORT,1818.530142857143,1817.3997857142858,0.4521428571428195,52744,2022-06-29 22:30:00,1817.3997857142858,TP,1.5,0.678214285714148,2
2022-06-29 22:40:00,1817.598,SHORT,1818.1344285714285,1816.793357142857,0.5364285714285708,52748,2022-06-29 22:50:00,1818.1344285714285,SL,-1.0,-0.536428571428587,2
2022-06-30 02:10:00,1819.998,LONG,1819.2219285714286,1821.1621071428572,0.7760714285713805,52790,2022-06-30 02:25:00,1821.1621071428572,TP,1.5,1.1641071428571195,3
2022-06-30 05:30:00,1815.993,SHORT,1816.648,1815.0104999999999,0.6549999999999727,52830,2022-06-30 05:45:00,1816.648,SL,-1.0,-0.6549999999999727,3
2022-06-30 05:45:00,1815.493,SHORT,1816.213714285714,1814.4119285714285,0.7207142857142637,52833,2022-06-30 05:50:00,1816.213714285714,SL,-1.0,-0.7207142857141662,1
2022-06-30 06:50:00,1816.848,SHORT,1817.9242857142856,1815.2335714285714,1.0762857142856805,52846,2022-06-30 07:35:00,1815.2335714285714,TP,1.5,1.6144285714285616,9
2022-06-30 07:35:00,1814.983,SHORT,1816.1286428571427,1813.2645357142858,1.1456428571428237,52855,2022-06-30 07:45:00,1813.2645357142858,TP,1.5,1.7184642857141625,2
2022-06-30 08:20:00,1814.773,SHORT,1815.9092857142855,1813.0685714285714,1.1362857142856748,52864,2022-06-30 08:35:00,1813.0685714285714,TP,1.5,1.7044285714284797,3
2022-06-30 08:35:00,1813.448,SHORT,1814.684,1811.594,1.2359999999999576,52867,2022-06-30 08:45:00,1814.684,SL,-1.0,-1.2359999999998763,2
2022-06-30 09:10:00,1814.678,SHORT,1815.8308571428572,1812.9487142857145,1.1528571428571337,52874,2022-06-30 09:35:00,1812.9487142857145,TP,1.5,1.729285714285652,5
2022-06-30 16:15:00,1811.1,SHORT,1812.8164285714286,1808.525357142857,1.7164285714285856,52959,2022-06-30 17:10:00,1808.525357142857,TP,1.5,2.5746428571428623,11
2022-06-30 17:10:00,1808.728,SHORT,1810.0635714285715,1806.724642857143,1.3355714285714353,52970,2022-06-30 17:25:00,1810.0635714285715,SL,-1.0,-1.335571428571484,3
2022-06-30 17:40:00,1806.484,SHORT,1807.9134285714285,1804.339857142857,1.4294285714286161,52976,2022-06-30 17:45:00,1807.9134285714285,SL,-1.0,-1.4294285714286161,1
2022-06-30 18:10:00,1807.398,SHORT,1808.6397857142856,1805.5353214285713,1.2417857142857298,52982,2022-06-30 19:15:00,1805.5353214285713,TP,1.5,1.8626785714286598,13
2022-06-30 19:35:00,1807.848,SHORT,1808.7727857142856,1806.4608214285713,0.9247857142857226,52999,2022-06-30 19:55:00,1806.4608214285713,TP,1.5,1.3871785714286489,4
2022-06-30 20:40:00,1807.148,SHORT,1807.9384285714284,1805.962357142857,0.7904285714285899,53012,2022-06-30 22:10:00,1805.962357142857,TP,1.5,1.185642857142966,6
2022-06-30 23:55:00,1806.428,SHORT,1807.045285714286,1805.5020714285715,0.6172857142856856,53039,2022-07-01 00:05:00,1807.045285714286,SL,-1.0,-0.6172857142857993,2
2022-07-01 00:05:00,1805.818,SHORT,1806.5157142857142,1804.7714285714287,0.6977142857142553,53041,2022-07-01 00:15:00,1806.5157142857142,SL,-1.0,-0.6977142857142553,2
2022-07-01 01:00:00,1805.848,SHORT,1806.899857142857,1804.2702142857142,1.0518571428571022,53052,2022-07-01 02:00:00,1804.2702142857142,TP,1.5,1.5777857142857101,12
2022-07-01 02:25:00,1805.314,SHORT,1806.357,1803.7495000000001,1.0429999999999902,53069,2022-07-01 03:00:00,1803.7495000000001,TP,1.5,1.5644999999999527,7
2022-07-01 05:30:00,1800.072,SHORT,1800.9812857142856,1798.7080714285714,0.909285714285683,53106,2022-07-01 05:35:00,1798.7080714285714,TP,1.5,1.3639285714284597,1
2022-07-01 07:35:00,1795.804,SHORT,1797.5683571428572,1793.1574642857145,1.7643571428571445,53131,2022-07-01 08:05:00,1793.1574642857145,TP,1.5,2.646535714285619,6
2022-07-01 09:40:00,1794.855,SHORT,1796.0987857142857,1792.9893214285714,1.2437857142857152,53156,2022-07-01 09:45:00,1796.0987857142857,SL,-1.0,-1.24378571428565,1
2022-07-01 09:50:00,1795.068,SHORT,1796.4205714285713,1793.039142857143,1.352571428571423,53158,2022-07-01 10:10:00,1793.039142857143,TP,1.5,2.0288571428570776,4
2022-07-01 12:05:00,1789.729,SHORT,1791.7035,1786.76725,1.9744999999999695,53185,2022-07-01 12:15:00,1786.76725,TP,1.5,2.961749999999938,2
2022-07-01 13:50:00,1794.462,LONG,1791.1074285714285,1799.4938571428572,3.3545714285714245,53206,2022-07-01 14:10:00,1799.4938571428572,TP,1.5,5.031857142857234,4
2022-07-01 16:20:00,1802.728,LONG,1801.1115,1805.15275,1.6164999999999736,53236,2022-07-01 16:50:00,1801.1115,SL,-1.0,-1.6165000000000873,6
2022-07-01 19:25:00,1807.718,LONG,1806.5720000000001,1809.4370000000001,1.1460000000000068,53273,2022-07-01 19:35:00,1806.5720000000001,SL,-1.0,-1.1459999999999582,2
2022-07-01 19:45:00,1806.878,LONG,1805.7044285714285,1808.638357142857,1.1735714285714494,53277,2022-07-01 19:50:00,1805.7044285714285,SL,-1.0,-1.1735714285714494,1
2022-07-01 20:30:00,1807.304,LONG,1806.3555714285715,1808.726642857143,0.948428571428589,53286,2022-07-01 20:55:00,1808.726642857143,TP,1.5,1.4226428571428187,5
2022-07-03 23:15:00,1809.248,LONG,1808.5547142857142,1810.2879285714287,0.6932857142857561,53307,2022-07-03 23:20:00,1810.2879285714287,TP,1.5,1.039928571428618,1
2022-07-04 00:05:00,1809.568,LONG,1808.7814285714285,1810.7478571428571,0.786571428571457,53317,2022-07-04 00:25:00,1810.7478571428571,TP,1.5,1.179857142857145,4
2022-07-04 00:40:00,1808.338,LONG,1807.3655714285715,1809.7966428571428,0.9724285714285575,53324,2022-07-04 01:00:00,1807.3655714285715,SL,-1.0,-0.9724285714285088,4
2022-07-04 02:55:00,1809.468,LONG,1808.2058571428572,1811.3612142857144,1.2621428571428785,53351,2022-07-04 03:05:00,1811.3612142857144,TP,1.5,1.8932142857142935,2
2022-07-04 04:25:00,1811.654,LONG,1810.9887142857142,1812.6519285714287,0.6652857142857361,53369,2022-07-04 04:30:00,1810.9887142857142,SL,-1.0,-0.6652857142858011,1
2022-07-04 04:35:00,1811.388,LONG,1810.6951428571429,1812.4272857142857,0.6928571428571461,53371,2022-07-04 04:55:00,1812.4272857142857,TP,1.5,1.0392857142858247,4
2022-07-04 05:30:00,1812.774,LONG,1812.0170714285714,1813.9093928571428,0.75692857142857,53382,2022-07-04 05:40:00,1812.0170714285714,SL,-1.0,-0.7569285714284888,2
2022-07-04 05:55:00,1812.504,LONG,1811.7172857142857,1813.6840714285713,0.7867142857142946,53387,2022-07-04 06:10:00,1811.7172857142857,SL,-1.0,-0.7867142857141971,3
2022-07-04 06:15:00,1812.328,LONG,1811.414142857143,1813.6987857142856,0.9138571428571335,53391,2022-07-04 06:25:00,1811.414142857143,SL,-1.0,-0.9138571428570685,2
2022-07-04 07:10:00,1811.878,LONG,1810.8497857142856,1813.4203214285712,1.0282142857142682,53402,2022-07-04 07:15:00,1810.8497857142856,SL,-1.0,-1.0282142857142844,1
2022-07-04 07:20:00,1810.698,LONG,1809.5379285714287,1812.4381071428572,1.1600714285713951,53404,2022-07-04 07:30:00,1809.5379285714287,SL,-1.0,-1.1600714285714275,2
2022-07-04 08:40:00,1806.394,SHORT,1807.2782142857143,1805.0676785714286,0.8842142857142464,53420,2022-07-04 08:50:00,1807.2782142857143,SL,-1.0,-0.884214285714279,2
2022-07-04 09:30:00,1807.314,SHORT,1808.338,1805.778,1.0239999999999847,53430,2022-07-04 09:40:00,1805.778,TP,1.5,1.5360000000000582,2
2022-07-04 10:40:00,1805.25,SHORT,1806.2544285714284,1803.7433571428571,1.004428571428548,53444,2022-07-04 11:05:00,1806.2544285714284,SL,-1.0,-1.0044285714284342,5
2022-07-04 11:30:00,1806.514,SHORT,1807.5700714285713,1804.9298928571427,1.0560714285714343,53454,2022-07-04 12:05:00,1807.5700714285713,SL,-1.0,-1.0560714285713857,7
2022-07-04 12:15:00,1805.958,SHORT,1807.274142857143,1803.983785714286,1.3161428571428522,53463,2022-07-04 12:20:00,1807.274142857143,SL,-1.0,-1.3161428571429497,1
2022-07-04 12:30:00,1807.598,SHORT,1808.9619285714284,1805.552107142857,1.3639285714285734,53466,2022-07-04 12:40:00,1808.9619285714284,SL,-1.0,-1.3639285714284597,2
2022-07-04 13:10:00,1808.864,LONG,1807.4084285714287,1811.0473571428572,1.455571428571456,53474,2022-07-04 15:20:00,1807.4084285714287,SL,-1.0,-1.4555714285713748,26
2022-07-04 23:40:00,1808.448,LONG,1808.0339285714288,1809.0691071428573,0.41407142857143037,53558,2022-07-04 23:50:00,1809.0691071428573,TP,1.5,0.6211071428572268,2
2022-07-05 00:10:00,1807.788,LONG,1807.0785714285714,1808.852142857143,0.7094285714285888,53564,2022-07-05 00:15:00,1807.0785714285714,SL,-1.0,-0.7094285714285888,1
2022-07-05 02:35:00,1810.578,LONG,1809.5792857142858,1812.0760714285714,0.9987142857142673,53593,2022-07-05 02:50:00,1809.5792857142858,SL,-1.0,-0.9987142857141862,3
2022-07-05 04:10:00,1810.768,LONG,1810.029142857143,1811.8762857142856,0.7388571428570978,53612,2022-07-05 04:45:00,1811.8762857142856,TP,1.5,1.1082857142855573,7
2022-07-05 05:05:00,1811.268,LONG,1810.5695714285714,1812.3156428571428,0.6984285714285566,53623,2022-07-05 05:10:00,1810.5695714285714,SL,-1.0,-0.6984285714286216,1
2022-07-05 05:20:00,1810.955,LONG,1810.2487142857142,1812.0144285714284,0.7062857142857248,53626,2022-07-05 05:30:00,1810.2487142857142,SL,-1.0,-0.706285714285741,2
2022-07-05 06:35:00,1808.608,SHORT,1809.5042857142857,1807.2635714285714,0.8962857142857307,53641,2022-07-05 06:40:00,1809.5042857142857,SL,-1.0,-0.8962857142857956,1
2022-07-05 09:35:00,1803.868,SHORT,1805.2445714285714,1801.8031428571428,1.376571428571424,53677,2022-07-05 10:10:00,1801.8031428571428,TP,1.5,2.064857142857136,7
2022-07-05 10:15:00,1801.928,SHORT,1803.1146428571428,1800.148035714286,1.1866428571428287,53685,2022-07-05 10:20:00,1803.1146428571428,SL,-1.0,-1.186642857142715,1
2022-07-05 10:45:00,1801.684,SHORT,1802.6982857142857,1800.1625714285715,1.0142857142856851,53691,2022-07-05 11:15:00,1800.1625714285715,TP,1.5,1.521428571428487,6
2022-07-05 12:20:00,1798.408,SHORT,1800.5337142857143,1795.2194285714284,2.1257142857143014,53710,2022-07-05 12:25:00,1800.5337142857143,SL,-1.0,-2.1257142857143663,1
2022-07-05 17:55:00,1764.938,SHORT,1766.2027142857144,1763.0409285714286,1.264714285714295,53777,2022-07-05 18:10:00,1766.2027142857144,SL,-1.0,-1.2647142857142626,3
2022-07-05 19:15:00,1767.258,SHORT,1768.4315714285715,1765.4976428571429,1.1735714285714332,53793,2022-07-05 20:25:00,1765.4976428571429,TP,1.5,1.760357142857174,14
2022-07-05 23:40:00,1769.048,LONG,1768.4933571428571,1769.8799642857143,0.554642857142848,53834,2022-07-05 23:45:00,1769.8799642857143,TP,1.5,0.8319642857143208,1
2022-07-05 23:55:00,1769.364,LONG,1768.7493571428572,1770.2859642857143,0.614642857142826,53837,2022-07-06 00:00:00,1768.7493571428572,SL,-1.0,-0.614642857142826,1
2022-07-06 01:45:00,1770.924,LONG,1769.6264285714285,1772.870357142857,1.297571428571408,53859,2022-07-06 01:50:00,1769.6264285714285,SL,-1.0,-1.297571428571473,1
2022-07-06 02:00:00,1769.708,LONG,1768.180285714286,1771.9995714285715,1.5277142857142638,53862,2022-07-06 02:35:00,1771.9995714285715,TP,1.5,2.2915714285713875,7
2022-07-06 03:00:00,1771.608,LONG,1770.4079285714286,1773.408107142857,1.2000714285714236,53874,2022-07-06 03:10:00,1770.4079285714286,SL,-1.0,-1.2000714285713912,2
2022-07-06 03:40:00,1770.428,LONG,1769.3534285714286,1772.0398571428573,1.0745714285714354,53882,2022-07-06 03:50:00,1769.3534285714286,SL,-1.0,-1.0745714285715167,2
2022-07-06 07:35:00,1769.164,LONG,1767.2995,1771.96075,1.8644999999999723,53929,2022-07-06 07:55:00,1767.2995,SL,-1.0,-1.8644999999999072,4
2022-07-06 08:50:00,1765.682,SHORT,1767.3647857142857,1763.1578214285714,1.682785714285712,53944,2022-07-06 09:20:00,1767.3647857142857,SL,-1.0,-1.6827857142857283,6
2022-07-06 09:25:00,1766.424,SHORT,1767.9517142857144,1764.1324285714286,1.5277142857142962,53951,2022-07-06 09:50:00,1764.1324285714286,TP,1.5,2.2915714285713875,5
2022-07-06 11:45:00,1761.358,SHORT,1762.7394285714286,1759.2858571428571,1.3814285714285819,53979,2022-07-06 11:55:00,1762.7394285714286,SL,-1.0,-1.3814285714286143,2
2022-07-06 12:20:00,1761.724,SHORT,1763.532857142857,1759.0107142857141,1.8088571428571316,53986,2022-07-06 12:35:00,1763.532857142857,SL,-1.0,-1.8088571428570503,3
2022-07-06 13:25:00,1763.014,SHORT,1765.6782857142857,1759.0175714285713,2.6642857142857275,53999,2022-07-06 13:50:00,1759.0175714285713,TP,1.5,3.9964285714286234,5
2022-07-06 14:00:00,1756.848,SHORT,1760.2410714285713,1751.7583928571428,3.3930714285714396,54006,2022-07-06 14:15:00,1751.7583928571428,TP,1.5,5.089607142857176,3
2022-07-06 17:15:00,1736.538,SHORT,1738.0242857142857,1734.3085714285714,1.48628571428573,54045,2022-07-06 17:25:00,1738.0242857142857,SL,-1.0,-1.4862857142857138,2
2022-07-06 17:35:00,1738.018,SHORT,1739.3401428571428,1736.0347857142858,1.3221428571428728,54049,2022-07-06 17:55:00,1736.0347857142858,TP,1.5,1.9832142857142117,4
2022-07-06 18:05:00,1737.518,SHORT,1738.8884285714287,1735.4623571428572,1.3704285714285984,54055,2022-07-06 18:15:00,1735.4623571428572,TP,1.5,2.055642857142857,2
2022-07-06 18:50:00,1739.088,SHORT,1740.8519285714285,1736.4421071428571,1.763928571428583,54064,2022-07-06 19:15:00,1740.8519285714285,SL,-1.0,-1.7639285714285506,5
2022-07-06 20:35:00,1738.228,SHORT,1739.0415714285714,1737.0076428571429,0.8135714285714032,54085,2022-07-06 20:55:00,1739.0415714285714,SL,-1.0,-0.813571428571322,4
2022-07-06 22:10:00,1739.268,SHORT,1740.0244285714286,1738.1333571428572,0.7564285714285656,54092,2022-07-06 23:35:00,1740.0244285714286,SL,-1.0,-0.7564285714286143,17
2022-07-07 04:50:00,1744.238,LONG,1743.4886428571428,1745.3620357142856,0.7493571428571256,54172,2022-07-07 05:05:00,1745.3620357142856,TP,1.5,1.1240357142855828,3
2022-07-07 06:05:00,1745.608,LONG,1744.4412857142856,1747.3580714285713,1.16671428571429,54187,2022-07-07 06:20:00,1744.4412857142856,SL,-1.0,-1.1667142857143062,3
2022-07-07 06:45:00,1745.198,LONG,1744.0672142857143,1746.8941785714287,1.1307857142857074,54195,2022-07-07 06:55:00,1744.0672142857143,SL,-1.0,-1.130785714285821,2
2022-07-07 09:25:00,1743.134,SHORT,1744.6042142857143,1740.9286785714285,1.4702142857142917,54227,2022-07-07 09:35:00,1744.6042142857143,SL,-1.0,-1.4702142857142917,2
2022-07-07 10:10:00,1743.398,SHORT,1744.654857142857,1741.512714285714,1.2568571428571593,54236,2022-07-07 10:20:00,1741.512714285714,TP,1.5,1.8852857142858284,2
2022-07-07 10:30:00,1741.758,SHORT,1743.0944285714286,1739.753357142857,1.3364285714285902,54240,2022-07-07 10:50:00,1743.0944285714286,SL,-1.0,-1.3364285714285415,4
2022-07-07 12:00:00,1744.268,LONG,1743.0352857142857,1746.1170714285715,1.2327142857142885,54258,2022-07-07 12:10:00,1743.0352857142857,SL,-1.0,-1.2327142857143372,2
2022-07-07 12:10:00,1744.158,LONG,1742.928857142857,1746.0017142857141,1.2291428571428469,54260,2022-07-07 12:20:00,1742.928857142857,SL,-1.0,-1.2291428571429606,2
2022-07-07 14:30:00,1745.589,LONG,1743.2350714285715,1749.1198928571428,2.3539285714285336,54288,2022-07-07 14:50:00,1743.2350714285715,SL,-1.0,-2.353928571428469,4
2022-07-07 16:25:00,1740.894,SHORT,1741.9425,1739.32125,1.04849999999999,54311,2022-07-07 16:40:00,1741.9425,SL,-1.0,-1.0485000000001037,3
2022-07-07 17:15:00,1740.568,SHORT,1741.5000714285713,1739.1698928571427,0.9320714285714432,54321,2022-07-07 17:25:00,1741.5000714285713,SL,-1.0,-0.932071428571362,2
2022-07-07 17:25:00,1740.394,SHORT,1741.3678571428572,1738.9332142857143,0.9738571428571602,54323,2022-07-07 19:15:00,1738.9332142857143,TP,1.5,1.4607857142857483,22
2022-07-07 19:15:00,1739.185,SHORT,1740.0147142857143,1737.9404285714286,0.8297142857142684,54345,2022-07-07 19:25:00,1740.0147142857143,SL,-1.0,-0.8297142857143172,2
2022-07-07 19:35:00,1740.302,SHORT,1741.1490714285715,1739.0313928571427,0.8470714285714394,54349,2022-07-07 23:00:00,1739.0313928571427,TP,1.5,1.2706071428572159,29
2022-07-08 01:55:00,1743.298,LONG,1742.2740714285715,1744.833892857143,1.0239285714285902,54413,2022-07-08 02:05:00,1742.2740714285715,SL,-1.0,-1.0239285714285415,2
2022-07-08 05:00:00,1741.078,SHORT,1741.999142857143,1739.6962857142858,0.9211428571428704,54450,2022-07-08 05:35:00,1741.999142857143,SL,-1.0,-0.9211428571429678,7
2022-07-08 05:45:00,1741.318,SHORT,1742.226,1739.956,0.9080000000000317,54459,2022-07-08 05:50:00,1742.226,SL,-1.0,-0.9080000000001291,1
2022-07-08 06:15:00,1743.098,LONG,1741.9817857142857,1744.7723214285713,1.1162142857142985,54465,2022-07-08 07:00:00,1741.9817857142857,SL,-1.0,-1.1162142857142499,9
2022-07-08 07:10:00,1742.648,LONG,1741.6652857142856,1744.1220714285714,0.982714285714321,54476,2022-07-08 07:15:00,1741.6652857142856,SL,-1.0,-0.9827142857143372,1
2022-07-08 08:45:00,1737.288,SHORT,1739.6914285714286,1733.682857142857,2.4034285714285977,54495,2022-07-08 10:25:00,1739.6914285714286,SL,-1.0,-2.403428571428549,20
2022-07-08 11:20:00,1740.338,LONG,1738.9045714285714,1742.4881428571427,1.4334285714285866,54526,2022-07-08 12:05:00,1742.4881428571427,TP,1.5,2.1501428571427823,9
2022-07-08 12:10:00,1744.184,LONG,1742.7532857142855,1746.3300714285715,1.4307142857143325,54536,2022-07-08 12:20:00,1742.7532857142855,SL,-1.0,-1.43071428571443,2
2022-07-08 12:30:00,1742.228,LONG,1739.9397142857144,1745.6604285714286,2.2882857142857183,54540,2022-07-08 12:35:00,1739.9397142857144,SL,-1.0,-2.288285714285621,1
2022-07-08 12:55:00,1738.389,SHORT,1741.6187857142857,1733.5443214285713,3.2297857142857374,54545,2022-07-08 13:15:00,1741.6187857142857,SL,-1.0,-3.229785714285754,4
2022-07-08 14:25:00,1743.434,LONG,1741.0592142857142,1746.9961785714286,2.3747857142856708,54563,2022-07-08 14:35:00,1746.9961785714286,TP,1.5,3.5621785714286034,2
2022-07-08 15:25:00,1744.994,LONG,1742.8599285714286,1748.195107142857,2.134071428571425,54575,2022-07-08 15:55:00,1742.8599285714286,SL,-1.0,-2.1340714285713602,6
2022-07-08 17:45:00,1743.618,LONG,1742.6502857142857,1745.0695714285714,0.9677142857142533,54603,2022-07-08 18:45:00,1742.6502857142857,SL,-1.0,-0.9677142857142371,12
2022-07-10 23:40:00,1742.738,LONG,1742.1989285714287,1743.5466071428573,0.5390714285714141,54662,2022-07-10 23:45:00,1742.1989285714287,SL,-1.0,-0.539071428571333,1
2022-07-11 00:35:00,1740.428,SHORT,1741.324,1739.084,0.8960000000000231,54673,2022-07-11 00:45:00,1741.324,SL,-1.0,-0.8959999999999582,2
2022-07-11 02:10:00,1740.574,SHORT,1741.9154285714287,1738.5618571428572,1.3414285714285856,54692,2022-07-11 02:15:00,1741.9154285714287,SL,-1.0,-1.3414285714286507,1
2022-07-11 04:40:00,1742.114,LONG,1741.301,1743.3335,0.8130000000000044,54722,2022-07-11 05:30:00,1741.301,SL,-1.0,-0.8130000000001019,10
2022-07-11 05:40:00,1740.728,SHORT,1741.4959285714287,1739.5761071428572,0.767928571428586,54734,2022-07-11 06:05:00,1739.5761071428572,TP,1.5,1.1518928571429115,5
2022-07-11 06:40:00,1740.274,SHORT,1741.2725714285714,1738.7761428571428,0.9985714285714137,54746,2022-07-11 07:00:00,1738.7761428571428,TP,1.5,1.4978571428571286,4
2022-07-11 07:15:00,1739.288,SHORT,1740.3335714285715,1737.7196428571428,1.0455714285714228,54753,2022-07-11 07:35:00,1737.7196428571428,TP,1.5,1.5683571428571668,4
2022-07-11 08:20:00,1736.899,SHORT,1738.1887142857142,1734.9644285714285,1.2897142857143211,54766,2022-07-11 08:35:00,1738.1887142857142,SL,-1.0,-1.2897142857143535,3
2022-07-11 08:50:00,1737.984,SHORT,1739.1942857142856,1736.1685714285713,1.210285714285744,54772,2022-07-11 09:05:00,1739.1942857142856,SL,-1.0,-1.2102857142856465,3
2022-07-11 09:10:00,1738.604,SHORT,1739.7374285714286,1736.9038571428573,1.133428571428567,54776,2022-07-11 09:30:00,1736.9038571428573,TP,1.5,1.7001428571427368,4
2022-07-11 09:40:00,1736.09,SHORT,1737.3426428571427,1734.2110357142856,1.2526428571428434,54782,2022-07-11 10:05:00,1734.2110357142856,TP,1.5,1.8789642857143463,5
2022-07-11 11:10:00,1737.032,SHORT,1738.0247857142856,1735.5428214285714,0.9927857142857063,54800,2022-07-11 11:25:00,1735.5428214285714,TP,1.5,1.4891785714285106,3
2022-07-11 11:35:00,1733.958,SHORT,1735.0187857142857,1732.3668214285715,1.0607857142856736,54805,2022-07-11 12:00:00,1735.0187857142857,SL,-1.0,-1.0607857142856574,5
2022-07-11 12:35:00,1735.188,SHORT,1736.4847142857143,1733.2429285714286,1.2967142857142855,54817,2022-07-11 12:50:00,1736.4847142857143,SL,-1.0,-1.296714285714188,3
2022-07-11 13:15:00,1736.335,SHORT,1737.9092857142857,1733.9735714285714,1.5742857142857116,54825,2022-07-11 13:35:00,1737.9092857142857,SL,-1.0,-1.5742857142856792,4
2022-07-11 14:45:00,1739.364,LONG,1737.4126428571428,1742.2910357142857,1.95135714285714,54843,2022-07-11 15:20:00,1737.4126428571428,SL,-1.0,-1.951357142857205,7
2022-07-11 15:40:00,1737.968,LONG,1736.4997142857144,1740.1704285714286,1.4682857142856685,54854,2022-07-11 16:15:00,1736.4997142857144,SL,-1.0,-1.4682857142856847,7
2022-07-11 18:00:00,1735.484,SHORT,1736.548,1733.888,1.0639999999999807,54882,2022-07-11 18:50:00,1733.888,TP,1.5,1.5960000000000036,10
2022-07-11 19:10:00,1733.598,SHORT,1734.2131428571429,1732.6752857142858,0.6151428571428467,54896,2022-07-11 19:40:00,1732.6752857142858,TP,1.5,0.9227142857141644,6
2022-07-11 20:45:00,1733.282,SHORT,1733.9001428571428,1732.3547857142858,0.6181428571428244,54915,2022-07-11 20:50:00,1733.9001428571428,SL,-1.0,-0.6181428571428569,1
2022-07-11 22:05:00,1733.178,SHORT,1733.689142857143,1732.411285714286,0.5111428571428372,54919,2022-07-11 22:10:00,1733.689142857143,SL,-1.0,-0.511142857142886,1
2022-07-11 22:40:00,1733.768,SHORT,1734.2324285714285,1733.071357142857,0.464428571428568,54926,2022-07-11 23:05:00,1734.2324285714285,SL,-1.0,-0.4644285714284706,5
2022-07-11 23:30:00,1733.714,SHORT,1734.1277857142857,1733.0933214285715,0.4137857142856579,54936,2022-07-12 00:00:00,1733.0933214285715,TP,1.5,0.6206785714284706,6
2022-07-12 01:30:00,1730.788,SHORT,1733.8088571428573,1726.2567142857142,3.0208571428571696,54960,2022-07-12 01:50:00,1733.8088571428573,SL,-1.0,-3.020857142857267,4
2022-07-12 06:00:00,1728.714,SHORT,1730.0729999999999,1726.6755,1.3589999999999887,55014,2022-07-12 06:10:00,1730.0729999999999,SL,-1.0,-1.3589999999999236,2
2022-07-12 07:55:00,1734.194,LONG,1732.7242857142855,1736.3985714285714,1.4697142857143197,55037,2022-07-12 08:05:00,1732.7242857142855,SL,-1.0,-1.4697142857144172,2
2022-07-12 09:00:00,1735.034,LONG,1733.5510000000002,1737.2585000000001,1.4829999999999797,55050,2022-07-12 09:35:00,1733.5510000000002,SL,-1.0,-1.4829999999999472,7
2022-07-12 09:35:00,1734.298,LONG,1732.7783571428572,1736.577464285714,1.5196428571427987,55057,2022-07-12 10:25:00,1732.7783571428572,SL,-1.0,-1.5196428571427987,10
2022-07-12 10:30:00,1732.484,LONG,1731.1924999999999,1734.4212499999999,1.2915000000000094,55068,2022-07-12 10:55:00,1734.4212499999999,TP,1.5,1.937249999999949,5
2022-07-12 12:25:00,1734.088,LONG,1732.3853571428572,1736.6419642857143,1.7026428571428727,55091,2022-07-12 12:40:00,1732.3853571428572,SL,-1.0,-1.7026428571427914,3
2022-07-12 12:45:00,1731.204,SHORT,1732.9582142857143,1728.5726785714285,1.7542142857142997,55095,2022-07-12 12:50:00,1732.9582142857143,SL,-1.0,-1.7542142857143972,1
2022-07-12 13:15:00,1730.048,SHORT,1732.0919285714285,1726.982107142857,2.0439285714285558,55101,2022-07-12 13:50:00,1726.982107142857,TP,1.5,3.0658928571428987,7
2022-07-12 14:05:00,1729.674,SHORT,1731.873357142857,1726.3749642857142,2.1993571428571386,55111,2022-07-12 15:10:00,1731.873357142857,SL,-1.0,-2.199357142857025,13
2022-07-12 15:10:00,1731.154,SHORT,1732.755642857143,1728.7515357142856,1.6016428571428736,55124,2022-07-12 15:15:00,1732.755642857143,SL,-1.0,-1.601642857142906,1
2022-07-12 19:10:00,1727.344,SHORT,1728.4582857142857,1725.6725714285715,1.1142857142856752,55172,2022-07-12 19:25:00,1725.6725714285715,TP,1.5,1.671428571428578,3
2022-07-12 22:20:00,1725.358,SHORT,1725.918357142857,1724.5174642857141,0.5603571428571448,55198,2022-07-12 23:25:00,1725.918357142857,SL,-1.0,-0.5603571428571286,13
2022-07-13 00:00:00,1724.718,SHORT,1725.2630000000001,1723.9005000000002,0.5449999999999916,55218,2022-07-13 00:50:00,1723.9005000000002,TP,1.5,0.8174999999998818,10
2022-07-13 02:35:00,1727.924,LONG,1726.6381428571428,1729.8527857142858,1.2858571428571395,55249,2022-07-13 03:05:00,1726.6381428571428,SL,-1.0,-1.2858571428571395,6
2022-07-13 03:10:00,1726.788,LONG,1725.5965714285715,1728.575142857143,1.1914285714286084,55256,2022-07-13 04:30:00,1725.5965714285715,SL,-1.0,-1.1914285714285597,16
2022-07-13 04:40:00,1725.594,SHORT,1726.2122857142858,1724.6665714285714,0.6182857142857594,55274,2022-07-13 04:55:00,1724.6665714285714,TP,1.5,0.9274285714286634,3
2022-07-13 06:00:00,1725.458,SHORT,1726.5215714285714,1723.8626428571429,1.0635714285714357,55290,2022-07-13 06:15:00,1723.8626428571429,TP,1.5,1.5953571428572104,3
2022-07-13 07:00:00,1725.238,SHORT,1726.5991428571429,1723.1962857142858,1.3611428571428763,55302,2022-07-13 07:05:00,1726.5991428571429,SL,-1.0,-1.361142857142795,1
2022-07-13 08:25:00,1726.144,LONG,1724.7571428571428,1728.2242857142858,1.386857142857171,55319,2022-07-13 09:10:00,1728.2242857142858,TP,1.5,2.0802857142857647,9
2022-07-13 10:00:00,1728.704,LONG,1727.5837857142856,1730.3843214285714,1.1202142857142852,55338,2022-07-13 10:10:00,1727.5837857142856,SL,-1.0,-1.1202142857143826,2
2022-07-13 10:15:00,1728.228,LONG,1727.206642857143,1729.7600357142858,1.021357142857125,55341,2022-07-13 10:30:00,1727.206642857143,SL,-1.0,-1.0213571428571413,3
2022-07-13 10:30:00,1728.498,LONG,1727.5587142857144,1729.9069285714286,0.9392857142856721,55344,2022-07-13 11:00:00,1729.9069285714286,TP,1.5,1.4089285714285325,6
2022-07-13 12:25:00,1729.445,LONG,1728.3267857142857,1731.1223214285712,1.1182142857142676,55367,2022-07-13 12:30:00,1728.3267857142857,SL,-1.0,-1.1182142857142026,1
2022-07-13 14:05:00,1722.528,SHORT,1726.7895,1716.1357500000001,4.261499999999988,55387,2022-07-13 14:25:00,1726.7895,SL,-1.0,-4.261500000000069,4
2022-07-13 16:15:00,1738.688,LONG,1736.5222142857144,1741.9366785714287,2.165785714285708,55413,2022-07-13 16:40:00,1736.5222142857144,SL,-1.0,-2.1657857142856756,5
2022-07-13 16:45:00,1737.414,LONG,1735.7686428571428,1739.8820357142856,1.6453571428571325,55419,2022-07-13 17:55:00,1739.8820357142856,TP,1.5,2.4680357142856337,14
2022-07-13 18:10:00,1736.194,LONG,1734.423857142857,1738.8492142857142,1.7701428571428355,55436,2022-07-13 18:55:00,1734.423857142857,SL,-1.0,-1.7701428571429005,9
2022-07-13 22:45:00,1733.648,SHORT,1734.3054285714286,1732.6618571428571,0.6574285714285841,55479,2022-07-13 22:50:00,1734.3054285714286,SL,-1.0,-0.6574285714286816,1
2022-07-14 02:45:00,1729.994,SHORT,1731.368857142857,1727.9317142857142,1.37485714285713,55527,2022-07-14 03:05:00,1731.368857142857,SL,-1.0,-1.3748571428570813,4
2022-07-14 06:05:00,1726.704,SHORT,1728.029142857143,1724.7162857142855,1.3251428571428991,55567,2022-07-14 06:10:00,1724.7162857142855,TP,1.5,1.9877142857144463,1
2022-07-14 10:00:00,1715.044,SHORT,1716.7033571428572,1712.5549642857145,1.6593571428571263,55614,2022-07-14 10:50:00,1712.5549642857145,TP,1.5,2.489035714285592,10
2022-07-14 11:30:00,1712.224,SHORT,1714.2107142857142,1709.2439285714286,1.9867142857142588,55632,2022-07-14 11:40:00,1714.2107142857142,SL,-1.0,-1.9867142857142426,2
2022-07-14 12:00:00,1712.928,SHORT,1715.2322857142858,1709.4715714285717,2.304285714285681,55638,2022-07-14 12:45:00,1709.4715714285717,TP,1.5,3.4564285714284324,9
2022-07-14 12:50:00,1709.894,SHORT,1712.4097857142858,1706.1203214285715,2.5157857142857307,55648,2022-07-14 13:00:00,1706.1203214285715,TP,1.5,3.7736785714284906,2
2022-07-14 13:55:00,1702.648,SHORT,1705.8607142857143,1697.8289285714284,3.2127142857142905,55661,2022-07-14 14:25:00,1705.8607142857143,SL,-1.0,-3.2127142857143554,6
2022-07-14 14:30:00,1703.578,SHORT,1706.8887142857143,1698.6119285714285,3.310714285714263,55668,2022-07-14 14:40:00,1706.8887142857143,SL,-1.0,-3.3107142857143117,2
2022-07-14 14:45:00,1706.578,SHORT,1709.7893571428572,1701.7609642857144,3.2113571428570986,55671,2022-07-14 15:00:00,1709.7893571428572,SL,-1.0,-3.211357142857196,3
2022-07-14 16:30:00,1705.074,SHORT,1707.2625,1701.7912500000002,2.1884999999999764,55692,2022-07-14 16:50:00,1707.2625,SL,-1.0,-2.1884999999999764,4
2022-07-14 17:25:00,1707.634,SHORT,1709.5954285714286,1704.691857142857,1.9614285714285578,55703,2022-07-14 17:35:00,1709.5954285714286,SL,-1.0,-1.9614285714285415,2
2022-07-14 17:40:00,1709.604,SHORT,1711.3321428571428,1707.0117857142857,1.728142857142838,55706,2022-07-14 18:25:00,1711.3321428571428,SL,-1.0,-1.7281428571427568,9
2022-07-14 19:40:00,1709.814,LONG,1708.8547857142858,1711.2528214285715,0.9592142857142757,55730,2022-07-14 19:55:00,1708.8547857142858,SL,-1.0,-0.9592142857143244,3
2022-07-14 20:00:00,1709.498,LONG,1708.6857142857143,1710.7164285714287,0.8122857142857031,55734,2022-07-14 20:35:00,1710.7164285714287,TP,1.5,1.2184285714286034,7
2022-07-14 22:05:00,1711.158,LONG,1710.4422142857143,1712.2316785714283,0.715785714285695,55747,2022-07-14 22:10:00,1710.4422142857143,SL,-1.0,-0.7157857142856301,1
2022-07-14 22:15:00,1710.748,LONG,1710.0379285714287,1711.8131071428572,0.7100714285713983,55749,2022-07-14 22:25:00,1710.0379285714287,SL,-1.0,-0.7100714285713821,2
2022-07-14 22:25:00,1710.198,LONG,1709.484642857143,1711.2680357142858,0.7133571428571324,55751,2022-07-14 23:25:00,1711.2680357142858,TP,1.5,1.0700357142857229,12
2022-07-15 00:10:00,1711.245,LONG,1710.6491428571428,1712.1387857142856,0.5958571428571336,55772,2022-07-15 00:20:00,1710.6491428571428,SL,-1.0,-0.5958571428570849,2
2022-07-15 00:40:00,1711.048,LONG,1710.2461428571428,1712.2507857142857,0.8018571428571347,55778,2022-07-15 00:50:00,1710.2461428571428,SL,-1.0,-0.8018571428572159,2
2022-07-15 01:30:00,1712.248,LONG,1711.2118571428573,1713.8022142857144,1.0361428571428308,55788,2022-07-15 01:55:00,1713.8022142857144,TP,1.5,1.5542142857143517,5
2022-07-15 03:10:00,1713.258,LONG,1712.0507142857143,1715.0689285714286,1.2072857142857336,55808,2022-07-15 03:15:00,1712.0507142857143,SL,-1.0,-1.2072857142857174,1
2022-07-15 04:45:00,1709.404,SHORT,1710.7375714285713,1707.4036428571428,1.3335714285714013,55827,2022-07-15 05:50:00,1710.7375714285713,SL,-1.0,-1.3335714285713038,13
2022-07-15 06:15:00,1706.658,SHORT,1707.876,1704.831,1.2180000000000095,55845,2022-07-15 06:25:00,1704.831,TP,1.5,1.8269999999999982,2
2022-07-15 07:10:00,1704.938,SHORT,1706.5237142857145,1702.5594285714287,1.5857142857143052,55856,2022-07-15 08:05:00,1702.5594285714287,TP,1.5,2.3785714285713766,11
2022-07-15 08:30:00,1702.098,SHORT,1703.4358571428572,1700.0912142857142,1.3378571428571766,55872,2022-07-15 08:50:00,1703.4358571428572,SL,-1.0,-1.337857142857274,4
2022-07-15 10:30:00,1701.958,SHORT,1702.9323571428572,1700.4964642857144,0.9743571428571646,55896,2022-07-15 10:35:00,1702.9323571428572,SL,-1.0,-0.9743571428571158,1
2022-07-15 10:40:00,1703.938,SHORT,1704.9704285714288,1702.3893571428573,1.0324285714285841,55898,2022-07-15 10:45:00,1704.9704285714288,SL,-1.0,-1.0324285714286816,1
2022-07-15 12:00:00,1705.378,LONG,1704.0661428571427,1707.3457857142857,1.3118571428572068,55914,2022-07-15 12:15:00,1707.3457857142857,TP,1.5,1.9677857142858102,3
2022-07-15 12:45:00,1709.14,LONG,1706.5177857142858,1713.0733214285715,2.622214285714319,55923,2022-07-15 13:00:00,1706.5177857142858,SL,-1.0,-2.6222142857143353,3
2022-07-15 13:40:00,1705.334,LONG,1701.678,1710.8180000000002,3.6560000000000303,55934,2022-07-15 14:10:00,1701.678,SL,-1.0,-3.655999999999949,6
2022-07-15 14:35:00,1702.898,SHORT,1705.864857142857,1698.4477142857143,2.966857142857147,55945,2022-07-15 15:05:00,1705.864857142857,SL,-1.0,-2.9668571428571795,6
2022-07-15 17:50:00,1704.368,SHORT,1705.1367857142857,1703.2148214285714,0.7687857142857248,55984,2022-07-15 18:00:00,1705.1367857142857,SL,-1.0,-0.768785714285741,2
2022-07-15 18:40:00,1704.368,SHORT,1704.9904285714285,1703.4343571428572,0.6224285714285835,55994,2022-07-15 18:55:00,1704.9904285714285,SL,-1.0,-0.6224285714285998,3
2022-07-15 19:00:00,1704.438,SHORT,1705.1005714285716,1703.4441428571429,0.6625714285714334,55998,2022-07-15 19:05:00,1705.1005714285716,SL,-1.0,-0.6625714285714821,1
2022-07-15 19:45:00,1704.328,SHORT,1704.9423571428572,1703.4064642857143,0.6143571428571347,56007,2022-07-15 19:55:00,1704.9423571428572,SL,-1.0,-0.6143571428572159,2
2022-07-15 20:00:00,1705.664,LONG,1704.9915,1706.67275,0.6725000000000136,56010,2022-07-15 20:45:00,1706.67275,TP,1.5,1.0087499999999636,9
2022-07-18 05:35:00,1715.988,LONG,1715.2027142857144,1717.1659285714286,0.7852857142857081,56113,2022-07-18 05:40:00,1717.1659285714286,TP,1.5,1.177928571428538,1
2022-07-18 07:00:00,1714.748,LONG,1713.3319285714285,1716.8721071428572,1.4160714285714155,56130,2022-07-18 07:15:00,1716.8721071428572,TP,1.5,2.124107142857156,3
2022-07-18 07:15:00,1716.854,LONG,1715.4227142857144,1719.0009285714286,1.4312857142856987,56133,2022-07-18 07:20:00,1719.0009285714286,TP,1.5,2.146928571428589,1
2022-07-18 10:40:00,1715.818,LONG,1714.5016428571428,1717.7925357142858,1.3163571428571816,56174,2022-07-18 11:25:00,1714.5016428571428,SL,-1.0,-1.316357142857214,9
2022-07-18 12:00:00,1713.378,SHORT,1714.7071428571428,1711.3842857142856,1.3291428571428534,56190,2022-07-18 12:20:00,1714.7071428571428,SL,-1.0,-1.3291428571428696,4
2022-07-18 12:25:00,1712.174,SHORT,1713.7486428571428,1709.8120357142857,1.5746428571428623,56195,2022-07-18 12:30:00,1713.7486428571428,SL,-1.0,-1.5746428571428623,1
2022-07-18 13:55:00,1718.968,LONG,1716.6364285714287,1722.465357142857,2.331571428571416,56213,2022-07-18 14:00:00,1716.6364285714287,SL,-1.0,-2.331571428571351,1
2022-07-18 14:55:00,1714.877,SHORT,1716.7889285714286,1712.0091071428571,1.9119285714285752,56225,2022-07-18 15:05:00,1712.0091071428571,TP,1.5,2.867892857142806,2
2022-07-18 16:45:00,1711.628,SHORT,1712.739857142857,1709.9602142857143,1.111857142857145,56247,2022-07-18 17:55:00,1709.9602142857143,TP,1.5,1.6677857142856283,14
2022-07-18 18:40:00,1709.944,SHORT,1710.8357142857142,1708.6064285714285,0.8917142857142802,56270,2022-07-18 18:50:00,1708.6064285714285,TP,1.5,1.3375714285714366,2
2022-07-18 20:10:00,1708.078,SHORT,1708.8908571428572,1706.8587142857143,0.8128571428571669,56288,2022-07-18 20:35:00,1708.8908571428572,SL,-1.0,-0.8128571428571831,5
2022-07-18 22:40:00,1708.384,SHORT,1708.912857142857,1707.5907142857143,0.5288571428571751,56306,2022-07-18 23:05:00,1707.5907142857143,TP,1.5,0.7932857142857301,5
2022-07-19 01:10:00,1705.468,SHORT,1706.4468571428572,1703.9997142857144,0.9788571428571069,56336,2022-07-19 01:20:00,1706.4468571428572,SL,-1.0,-0.9788571428571231,2
2022-07-19 01:35:00,1706.478,SHORT,1707.4945714285714,1704.953142857143,1.0165714285714103,56341,2022-07-19 02:15:00,1707.4945714285714,SL,-1.0,-1.0165714285712966,8
2022-07-19 03:15:00,1707.274,SHORT,1708.0593571428572,1706.095964285714,0.7853571428572,56361,2022-07-19 03:40:00,1708.0593571428572,SL,-1.0,-0.785357142857265,5
2022-07-19 04:55:00,1708.378,LONG,1707.6926428571428,1709.4060357142857,0.6853571428571611,56381,2022-07-19 05:00:00,1709.4060357142857,TP,1.5,1.0280357142858065,1
2022-07-19 05:10:00,1709.718,LONG,1708.9343571428572,1710.8934642857143,0.7836428571428736,56384,2022-07-19 05:30:00,1710.8934642857143,TP,1.5,1.1754642857142699,4
2022-07-19 07:00:00,1709.424,LONG,1708.4937857142857,1710.8193214285714,0.9302142857142793,56406,2022-07-19 07:05:00,1708.4937857142857,SL,-1.0,-0.9302142857143281,1
2022-07-19 13:15:00,1710.031,SHORT,1711.7080714285714,1707.5153928571428,1.6770714285713828,56481,2022-07-19 13:25:00,1711.7080714285714,SL,-1.0,-1.6770714285714803,2
2022-07-19 13:50:00,1710.946,SHORT,1712.6740714285713,1708.3538928571427,1.7280714285714274,56488,2022-07-19 14:00:00,1712.6740714285713,SL,-1.0,-1.7280714285714112,2
2022-07-19 14:10:00,1712.336,SHORT,1714.2147857142857,1709.5178214285716,1.878785714285706,56492,2022-07-19 15:10:00,1714.2147857142857,SL,-1.0,-1.878785714285641,12
2022-07-19 16:30:00,1713.098,LONG,1712.1025,1714.59125,0.9954999999999927,56520,2022-07-19 16:40:00,1712.1025,SL,-1.0,-0.9954999999999927,2
2022-07-19 17:25:00,1711.704,SHORT,1712.5412857142858,1710.4480714285714,0.8372857142857291,56531,2022-07-19 17:35:00,1712.5412857142858,SL,-1.0,-0.8372857142858265,2
2022-07-19 17:40:00,1711.814,SHORT,1712.6288571428572,1710.5917142857143,0.8148571428571358,56534,2022-07-19 18:05:00,1710.5917142857143,TP,1.5,1.2222857142858174,5
2022-07-19 18:30:00,1710.685,SHORT,1711.4249285714286,1709.5751071428572,0.7399285714285823,56544,2022-07-19 19:20:00,1711.4249285714286,SL,-1.0,-0.7399285714286634,10
2022-07-19 19:50:00,1711.128,SHORT,1711.7605714285714,1710.1791428571428,0.6325714285713957,56560,2022-07-19 19:55:00,1711.7605714285714,SL,-1.0,-0.6325714285715094,1
2022-07-19 20:45:00,1711.478,SHORT,1711.9805714285715,1710.7241428571429,0.5025714285714002,56571,2022-07-19 22:20:00,1711.9805714285715,SL,-1.0,-0.5025714285714002,7
2022-07-20 01:35:00,1710.124,SHORT,1710.9555714285714,1708.876642857143,0.8315714285713999,56617,2022-07-20 01:40:00,1710.9555714285714,SL,-1.0,-0.8315714285713511,1
2022-07-20 01:55:00,1709.764,SHORT,1710.8414285714284,1708.147857142857,1.0774285714285594,56621,2022-07-20 02:15:00,1710.8414285714284,SL,-1.0,-1.077428571428527,4
2022-07-20 05:00:00,1711.718,LONG,1711.1757142857143,1712.5314285714287,0.5422857142857376,56658,2022-07-20 05:10:00,1711.1757142857143,SL,-1.0,-0.5422857142857538,2
2022-07-20 07:25:00,1707.654,SHORT,1708.7774285714286,1705.9688571428571,1.12342857142856,56687,2022-07-20 07:45:00,1708.7774285714286,SL,-1.0,-1.123428571428576,4
2022-07-20 08:05:00,1707.411,SHORT,1708.576,1705.6635,1.1649999999999474,56695,2022-07-20 08:45:00,1708.576,SL,-1.0,-1.1649999999999636,8
2022-07-20 09:00:00,1707.891,SHORT,1708.950142857143,1706.3022857142857,1.0591428571428554,56706,2022-07-20 09:05:00,1708.950142857143,SL,-1.0,-1.0591428571428878,1
2022-07-20 10:50:00,1708.081,LONG,1706.8992142857142,1709.8536785714284,1.1817857142857358,56728,2022-07-20 11:35:00,1706.8992142857142,SL,-1.0,-1.181785714285752,9
2022-07-20 12:15:00,1707.911,SHORT,1709.1030714285714,1706.122892857143,1.1920714285714016,56745,2022-07-20 12:20:00,1709.1030714285714,SL,-1.0,-1.192071428571353,1
2022-07-20 12:30:00,1709.734,SHORT,1711.3134285714284,1707.364857142857,1.579428571428561,56748,2022-07-20 13:25:00,1711.3134285714284,SL,-1.0,-1.5794285714284797,11
2022-07-20 14:50:00,1710.268,LONG,1708.7292142857143,1712.5761785714285,1.5387857142857229,56776,2022-07-20 15:00:00,1708.7292142857143,SL,-1.0,-1.5387857142857229,2
2022-07-20 15:10:00,1708.251,SHORT,1709.518142857143,1706.3502857142857,1.2671428571428902,56780,2022-07-20 15:30:00,1706.3502857142857,TP,1.5,1.9007142857142298,4
2022-07-20 22:20:00,1695.796,SHORT,1696.4931428571429,1694.7502857142858,0.6971428571428403,56854,2022-07-20 23:20:00,1694.7502857142858,TP,1.5,1.0457142857142117,12
2022-07-21 00:05:00,1693.774,SHORT,1694.3618571428572,1692.892214285714,0.5878571428571929,56875,2022-07-21 00:10:00,1694.3618571428572,SL,-1.0,-0.5878571428572741,1
2022-07-21 00:15:00,1692.348,SHORT,1693.1001428571428,1691.2197857142855,0.7521428571428876,56877,2022-07-21 00:20:00,1693.1001428571428,SL,-1.0,-0.7521428571428714,1
2022-07-21 00:45:00,1694.074,SHORT,1695.244142857143,1692.3187857142857,1.170142857142894,56883,2022-07-21 01:00:00,1692.3187857142857,TP,1.5,1.7552142857143735,3
2022-07-21 01:05:00,1690.174,SHORT,1691.7212857142856,1687.8530714285714,1.547285714285733,56887,2022-07-21 01:15:00,1691.7212857142856,SL,-1.0,-1.5472857142856355,2
2022-07-21 01:45:00,1692.138,SHORT,1693.4427142857141,1690.1809285714285,1.3047142857142586,56895,2022-07-21 02:40:00,1693.4427142857141,SL,-1.0,-1.3047142857142262,11
2022-07-21 02:45:00,1693.064,SHORT,1693.961142857143,1691.718285714286,0.897142857142837,56907,2022-07-21 02:50:00,1691.718285714286,TP,1.5,1.3457142857141662,1
2022-07-21 03:00:00,1692.468,SHORT,1693.4851428571428,1690.9422857142858,1.0171428571428416,56910,2022-07-21 03:05:00,1693.4851428571428,SL,-1.0,-1.017142857142744,1
2022-07-21 03:10:00,1692.064,SHORT,1693.0800000000002,1690.5400000000002,1.015999999999979,56912,2022-07-21 04:20:00,1693.0800000000002,SL,-1.0,-1.0160000000000764,14
2022-07-21 05:00:00,1692.138,SHORT,1692.9330714285713,1690.945392857143,0.7950714285714022,56934,2022-07-21 05:10:00,1692.9330714285713,SL,-1.0,-0.7950714285714184,2
2022-07-21 05:30:00,1692.038,SHORT,1692.8273571428572,1690.8539642857143,0.7893571428571379,56940,2022-07-21 05:35:00,1692.8273571428572,SL,-1.0,-0.7893571428571704,1
2022-07-21 07:40:00,1690.734,SHORT,1692.3280714285713,1688.3428928571427,1.5940714285714452,56966,2022-07-21 07:55:00,1688.3428928571427,TP,1.5,2.3911071428572086,3
2022-07-21 08:00:00,1688.874,SHORT,1690.6432857142859,1686.2200714285714,1.7692857142857292,56970,2022-07-21 08:40:00,1686.2200714285714,TP,1.5,2.6539285714286507,8
2022-07-21 12:00:00,1684.408,SHORT,1685.6049285714284,1682.612607142857,1.1969285714285596,57018,2022-07-21 12:15:00,1685.6049285714284,SL,-1.0,-1.1969285714285434,3
2022-07-21 13:30:00,1700.818,LONG,1696.2404285714285,1707.6843571428572,4.577571428571397,57036,2022-07-21 13:55:00,1707.6843571428572,TP,1.5,6.866357142857169,5
2022-07-21 16:55:00,1711.616,LONG,1710.4005714285713,1713.4391428571428,1.2154285714285606,57077,2022-07-21 17:10:00,1713.4391428571428,TP,1.5,1.8231428571427841,3
2022-07-21 22:00:00,1718.004,LONG,1717.08,1719.3899999999999,0.9239999999999782,57126,2022-07-21 22:10:00,1717.08,SL,-1.0,-0.9239999999999782,2
2022-07-21 22:25:00,1717.366,LONG,1716.6307142857142,1718.4689285714285,0.7352857142857212,57131,2022-07-21 23:30:00,1718.4689285714285,TP,1.5,1.1029285714284924,13
2022-07-22 00:10:00,1717.916,LONG,1717.2794285714285,1718.870857142857,0.6365714285713823,57152,2022-07-22 00:20:00,1717.2794285714285,SL,-1.0,-0.6365714285714148,2
2022-07-22 00:35:00,1717.546,LONG,1716.8414285714287,1718.6028571428571,0.7045714285713984,57157,2022-07-22 00:55:00,1716.8414285714287,SL,-1.0,-0.7045714285713984,4
2022-07-22 01:45:00,1716.426,SHORT,1717.3919999999998,1714.977,0.9659999999999594,57171,2022-07-22 02:25:00,1714.977,TP,1.5,1.4489999999998417,8
2022-07-22 04:55:00,1713.374,SHORT,1713.8650714285714,1712.637392857143,0.49107142857141234,57209,2022-07-22 05:05:00,1713.8650714285714,SL,-1.0,-0.4910714285713311,2
2022-07-22 07:20:00,1718.738,LONG,1717.549142857143,1720.5212857142858,1.188857142857192,57238,2022-07-22 07:30:00,1717.549142857143,SL,-1.0,-1.1888571428571595,2
2022-07-22 08:25:00,1719.278,LONG,1717.6634285714285,1721.6998571428571,1.6145714285714317,57251,2022-07-22 08:40:00,1717.6634285714285,SL,-1.0,-1.6145714285714803,3
2022-07-22 08:55:00,1718.283,LONG,1717.0421428571428,1720.1442857142856,1.240857142857148,57257,2022-07-22 09:10:00,1720.1442857142856,TP,1.5,1.8612857142857138,3
2022-07-22 09:10:00,1719.028,LONG,1717.7885714285715,1720.8871428571429,1.239428571428594,57260,2022-07-22 09:20:00,1720.8871428571429,TP,1.5,1.8591428571428423,2
2022-07-22 10:40:00,1722.878,LONG,1721.7391428571427,1724.5862857142856,1.1388571428571888,57278,2022-07-22 11:25:00,1724.5862857142856,TP,1.5,1.7082857142856938,9
2022-07-22 12:30:00,1724.828,LONG,1723.0109285714286,1727.5536071428571,1.817071428571418,57300,2022-07-22 13:25:00,1723.0109285714286,SL,-1.0,-1.817071428571353,11
2022-07-22 13:30:00,1725.478,LONG,1723.4008571428571,1728.5937142857144,2.077142857142852,57312,2022-07-22 13:40:00,1728.5937142857144,TP,1.5,3.1157142857143754,2
2022-07-22 14:40:00,1732.828,LONG,1729.3915714285713,1737.9826428571428,3.4364285714285643,57326,2022-07-22 15:35:00,1729.3915714285713,SL,-1.0,-3.436428571428678,11
2022-07-22 15:40:00,1729.848,LONG,1727.9427857142857,1732.7058214285714,1.9052142857143022,57338,2022-07-22 17:00:00,1727.9427857142857,SL,-1.0,-1.9052142857142371,16
2022-07-22 20:05:00,1723.978,SHORT,1725.2912142857144,1722.0081785714287,1.3132142857142688,57391,2022-07-22 20:30:00,1725.2912142857144,SL,-1.0,-1.3132142857143663,5
2022-07-24 22:30:00,1726.188,LONG,1725.2664285714286,1727.5703571428573,0.9215714285714317,57408,2022-07-24 23:05:00,1725.2664285714286,SL,-1.0,-0.9215714285714967,7
2022-07-25 01:10:00,1721.748,SHORT,1722.8873571428571,1720.0389642857142,1.1393571428571607,57440,2022-07-25 01:15:00,1722.8873571428571,SL,-1.0,-1.1393571428570795,1
2022-07-25 04:20:00,1726.588,LONG,1725.8843571428572,1727.6434642857141,0.703642857142784,57478,2022-07-25 04:30:00,1725.8843571428572,SL,-1.0,-0.7036428571427678,2
2022-07-25 04:30:00,1727.168,LONG,1726.5089285714284,1728.156607142857,0.65907142857137,57480,2022-07-25 04:40:00,1726.5089285714284,SL,-1.0,-0.6590714285714512,2
2022-07-25 06:10:00,1724.688,SHORT,1725.6428571428573,1723.2557142857145,0.9548571428571384,57500,2022-07-25 06:40:00,1725.6428571428573,SL,-1.0,-0.9548571428572359,6
2022-07-25 07:25:00,1727.814,LONG,1726.7399285714287,1729.4251071428573,1.0740714285714472,57515,2022-07-25 07:40:00,1726.7399285714287,SL,-1.0,-1.0740714285714148,3
2022-07-25 08:25:00,1727.088,LONG,1726.028,1728.6779999999999,1.0599999999999616,57527,2022-07-25 08:30:00,1728.6779999999999,TP,1.5,1.5899999999999181,1
2022-07-25 10:50:00,1731.171,LONG,1729.9117857142858,1733.0598214285715,1.2592142857142627,57556,2022-07-25 11:00:00,1729.9117857142858,SL,-1.0,-1.259214285714279,2
2022-07-25 15:30:00,1717.758,SHORT,1719.1413571428573,1715.6829642857142,1.3833571428571563,57612,2022-07-25 15:55:00,1715.6829642857142,TP,1.5,2.075035714285832,5
2022-07-25 16:35:00,1717.096,SHORT,1717.981857142857,1715.7672142857143,0.8858571428571135,57625,2022-07-25 16:40:00,1717.981857142857,SL,-1.0,-0.8858571428570485,1
2022-07-25 16:45:00,1718.348,SHORT,1719.2852857142857,1716.9420714285714,0.9372857142856706,57627,2022-07-25 17:25:00,1719.2852857142857,SL,-1.0,-0.9372857142857356,8
2022-07-25 17:30:00,1720.504,SHORT,1721.4453571428571,1719.0919642857143,0.9413571428571166,57636,2022-07-25 17:50:00,1719.0919642857143,TP,1.5,1.4120357142855937,4
2022-07-25 18:15:00,1718.858,SHORT,1719.6894285714286,1717.610857142857,0.8314285714285948,57645,2022-07-25 18:35:00,1717.610857142857,TP,1.5,1.2471428571429897,4
2022-07-25 18:40:00,1717.728,SHORT,1718.4637142857143,1716.6244285714286,0.735714285714315,57650,2022-07-25 18:50:00,1716.6244285714286,TP,1.5,1.103571428571513,2
2022-07-25 20:00:00,1718.998,SHORT,1719.890142857143,1717.6597857142858,0.8921428571428903,57666,2022-07-26 00:15:00,1719.890142857143,SL,-1.0,-0.8921428571429715,39
2022-07-26 06:15:00,1722.564,SHORT,1723.452,1721.232,0.8880000000000174,57777,2022-07-26 06:25:00,1723.452,SL,-1.0,-0.88799999999992,2
2022-07-26 08:00:00,1725.164,LONG,1724.0657857142858,1726.8113214285713,1.0982142857142858,57798,2022-07-26 08:05:00,1724.0657857142858,SL,-1.0,-1.0982142857142208,1
2022-07-26 09:10:00,1722.998,SHORT,1724.1407142857142,1721.2839285714285,1.142714285714273,57812,2022-07-26 09:20:00,1721.2839285714285,TP,1.5,1.7140714285715148,2
2022-07-26 15:05:00,1718.794,SHORT,1720.6423571428572,1716.0214642857143,1.848357142857188,57883,2022-07-26 15:50:00,1716.0214642857143,TP,1.5,2.772535714285823,9
2022-07-26 16:10:00,1718.066,SHORT,1719.2167142857143,1716.3399285714286,1.1507142857142785,57896,2022-07-26 16:55:00,1719.2167142857143,SL,-1.0,-1.1507142857142298,9
2022-07-26 18:15:00,1717.898,SHORT,1718.8025,1716.5412499999998,0.9045000000000333,57921,2022-07-26 18:50:00,1716.5412499999998,TP,1.5,1.3567500000001473,7
2022-07-26 19:40:00,1717.548,SHORT,1718.1879285714285,1716.588107142857,0.6399285714285432,57938,2022-07-26 22:00:00,1716.588107142857,TP,1.5,0.9598928571429042,16
2022-07-26 22:15:00,1717.508,SHORT,1717.952857142857,1716.8407142857145,0.44485714285708255,57957,2022-07-26 22:20:00,1717.952857142857,SL,-1.0,-0.4448571428570176,1
2022-07-26 22:50:00,1717.618,SHORT,1718.1376428571427,1716.8385357142856,0.5196428571428474,57964,2022-07-26 22:55:00,1718.1376428571427,SL,-1.0,-0.5196428571427987,1
2022-07-26 23:25:00,1718.058,LONG,1717.5932142857143,1718.7551785714286,0.46478571428573495,57971,2022-07-26 23:35:00,1717.5932142857143,SL,-1.0,-0.46478571428565374,2
2022-07-27 00:00:00,1718.648,LONG,1718.0056428571427,1719.6115357142858,0.6423571428571871,57978,2022-07-27 00:15:00,1719.6115357142858,TP,1.5,0.9635357142858538,3
2022-07-27 00:45:00,1719.368,LONG,1718.6992142857143,1720.3711785714286,0.6687857142857021,57987,2022-07-27 00:50:00,1718.6992142857143,SL,-1.0,-0.6687857142856046,1
2022-07-27 01:00:00,1719.338,LONG,1718.4992857142856,1720.5960714285713,0.8387142857142342,57990,2022-07-27 01:10:00,1718.4992857142856,SL,-1.0,-0.8387142857143317,2
2022-07-27 02:45:00,1716.748,SHORT,1717.644142857143,1715.4037857142857,0.8961428571428282,58011,2022-07-27 03:10:00,1717.644142857143,SL,-1.0,-0.8961428571428769,5
2022-07-27 03:20:00,1716.958,SHORT,1717.777857142857,1715.7282142857143,0.8198571428570988,58018,2022-07-27 04:30:00,1715.7282142857143,TP,1.5,1.2297857142857538,14
2022-07-27 04:30:00,1715.338,SHORT,1715.9190714285714,1714.4663928571429,0.5810714285714441,58032,2022-07-27 04:35:00,1715.9190714285714,SL,-1.0,-0.5810714285714766,1
2022-07-27 04:45:00,1714.204,SHORT,1714.9495,1713.08575,0.7455000000000089,58035,2022-07-27 04:55:00,1714.9495,SL,-1.0,-0.7454999999999927,2
2022-07-27 05:30:00,1716.138,SHORT,1717.0368571428571,1714.7897142857141,0.8988571428571471,58044,2022-07-27 05:35:00,1717.0368571428571,SL,-1.0,-0.8988571428571959,1
2022-07-27 09:35:00,1723.608,LONG,1722.7391428571427,1724.9112857142857,0.868857142857142,58093,2022-07-27 09:45:00,1722.7391428571427,SL,-1.0,-0.8688571428572232,2
2022-07-27 10:15:00,1722.936,LONG,1722.056,1724.2559999999999,0.8799999999999955,58101,2022-07-27 10:45:00,1722.056,SL,-1.0,-0.8799999999998818,6
2022-07-27 11:25:00,1721.824,LONG,1720.841357142857,1723.2979642857144,0.9826428571429427,58115,2022-07-27 11:50:00,1720.841357142857,SL,-1.0,-0.9826428571429915,5
2022-07-27 12:40:00,1718.764,SHORT,1720.1350714285713,1716.7073928571428,1.371071428571424,58130,2022-07-27 12:45:00,1720.1350714285713,SL,-1.0,-1.3710714285714403,1
2022-07-27 13:40:00,1715.281,SHORT,1717.093214285714,1712.5626785714285,1.8122142857142762,58142,2022-07-27 13:55:00,1712.5626785714285,TP,1.5,2.718321428571471,3
2022-07-27 15:00:00,1716.865,SHORT,1718.600357142857,1714.2619642857144,1.7353571428570993,58158,2022-07-27 15:15:00,1718.600357142857,SL,-1.0,-1.735357142857083,3
2022-07-27 18:45:00,1733.904,LONG,1730.3860714285713,1739.180892857143,3.5179285714286346,58203,2022-07-27 19:10:00,1739.180892857143,TP,1.5,5.2768928571429115,5
2022-07-27 20:15:00,1735.104,LONG,1733.078142857143,1738.1427857142858,2.0258571428570997,58221,2022-07-27 23:15:00,1738.1427857142858,TP,1.5,3.038785714285723,24
2022-07-28 00:40:00,1737.418,LONG,1736.498214285714,1738.7976785714284,0.9197857142857272,58262,2022-07-28 00:55:00,1736.498214285714,SL,-1.0,-0.9197857142858084,3
2022-07-28 01:10:00,1738.568,LONG,1737.4741428571429,1740.2087857142858,1.0938571428571646,58268,2022-07-28 01:30:00,1740.2087857142858,TP,1.5,1.640785714285812,4
2022-07-28 03:35:00,1737.348,LONG,1736.4554285714285,1738.6868571428572,0.8925714285714516,58297,2022-07-28 03:45:00,1736.4554285714285,SL,-1.0,-0.8925714285715003,2
2022-07-28 05:40:00,1737.614,LONG,1736.7731428571428,1738.8752857142858,0.8408571428571544,58322,2022-07-28 06:00:00,1738.8752857142858,TP,1.5,1.2612857142858047,4
2022-07-28 07:35:00,1741.135,LONG,1739.427357142857,1743.6964642857142,1.707642857142852,58345,2022-07-28 07:55:00,1743.6964642857142,TP,1.5,2.561464285714237,4
2022-07-28 08:00:00,1744.505,LONG,1742.5335714285716,1747.462142857143,1.9714285714285975,58350,2022-07-28 08:10:00,1747.462142857143,TP,1.5,2.9571428571427987,2
2022-07-28 09:00:00,1746.145,LONG,1744.6564285714285,1748.3778571428572,1.4885714285714553,58362,2022-07-28 09:10:00,1744.6564285714285,SL,-1.0,-1.488571428571504,2
2022-07-28 09:20:00,1746.455,LONG,1745.156,1748.4035,1.2989999999999944,58366,2022-07-28 09:45:00,1745.156,SL,-1.0,-1.2989999999999782,5
2022-07-28 10:00:00,1741.619,LONG,1740.1885714285713,1743.7646428571427,1.43042857142856,58374,2022-07-28 10:25:00,1740.1885714285713,SL,-1.0,-1.4304285714285925,5
2022-07-28 12:05:00,1740.365,SHORT,1741.5044285714284,1738.6558571428573,1.1394285714285388,58399,2022-07-28 12:10:00,1738.6558571428573,TP,1.5,1.7091428571427514,1
2022-07-28 12:20:00,1736.838,SHORT,1738.2957142857142,1734.6514285714286,1.4577142857142624,58402,2022-07-28 12:30:00,1738.2957142857142,SL,-1.0,-1.4577142857142462,2
2022-07-28 12:45:00,1748.798,LONG,1746.4334285714285,1752.344857142857,2.364571428571399,58407,2022-07-28 12:55:00,1746.4334285714285,SL,-1.0,-2.3645714285714803,2
2022-07-28 13:10:00,1745.425,LONG,1742.2502142857143,1750.1871785714284,3.17478571428569,58412,2022-07-28 13:20:00,1750.1871785714284,TP,1.5,4.7621785714284215,2
2022-07-28 14:20:00,1749.72,LONG,1746.3065,1754.84025,3.4135000000000155,58426,2022-07-28 14:50:00,1754.84025,TP,1.5,5.120249999999942,6
2022-07-28 16:00:00,1753.195,LONG,1751.2949285714285,1756.045107142857,1.9000714285714204,58446,2022-07-28 16:15:00,1751.2949285714285,SL,-1.0,-1.9000714285714366,3
2022-07-28 16:35:00,1752.685,LONG,1751.2557857142856,1754.8288214285712,1.4292142857142542,58453,2022-07-28 16:45:00,1754.8288214285712,TP,1.5,2.1438214285713,2
2022-07-28 18:55:00,1753.258,LONG,1752.3147857142858,1754.6728214285715,0.9432142857142806,58481,2022-07-28 19:15:00,1754.6728214285715,TP,1.5,1.4148214285714857,4
2022-07-28 22:40:00,1754.738,LONG,1754.2610000000002,1755.4535,0.4769999999999592,58514,2022-07-28 23:20:00,1755.4535,TP,1.5,0.71550000000002,8
2022-07-28 23:20:00,1755.388,LONG,1754.971857142857,1756.0122142857142,0.41614285714284244,58522,2022-07-28 23:25:00,1754.971857142857,SL,-1.0,-0.4161428571428587,1
2022-07-28 23:50:00,1754.434,LONG,1753.9725714285714,1755.126142857143,0.461428571428574,58528,2022-07-29 00:00:00,1755.126142857143,TP,1.5,0.692142857142926,2
2022-07-29 00:15:00,1754.714,LONG,1754.11,1755.62,0.6039999999999931,58533,2022-07-29 00:45:00,1755.62,TP,1.5,0.9059999999999491,6
2022-07-29 00:55:00,1755.668,LONG,1754.8604285714284,1756.879357142857,0.8075714285714314,58541,2022-07-29 01:00:00,1754.8604285714284,SL,-1.0,-0.8075714285714639,1
2022-07-29 01:35:00,1753.608,SHORT,1754.5038571428572,1752.2642142857142,0.8958571428571693,58549,2022-07-29 02:10:00,1754.5038571428572,SL,-1.0,-0.8958571428572668,7
2022-07-29 07:05:00,1766.884,LONG,1765.486642857143,1768.9800357142858,1.3973571428571827,58615,2022-07-29 07:15:00,1765.486642857143,SL,-1.0,-1.3973571428571177,2
2022-07-29 07:50:00,1765.758,LONG,1764.3492142857144,1767.8711785714286,1.4087857142857112,58624,2022-07-29 08:05:00,1764.3492142857144,SL,-1.0,-1.4087857142856137,3
2022-07-29 08:55:00,1763.744,LONG,1762.3352857142856,1765.8570714285713,1.4087142857142843,58637,2022-07-29 09:10:00,1762.3352857142856,SL,-1.0,-1.408714285714268,3
2022-07-29 10:25:00,1760.234,SHORT,1761.7072142857141,1758.0241785714284,1.4732142857143182,58655,2022-07-29 10:40:00,1761.7072142857141,SL,-1.0,-1.4732142857142208,3
2022-07-29 10:45:00,1762.554,SHORT,1764.027642857143,1760.3435357142857,1.4736428571428957,58659,2022-07-29 11:10:00,1760.3435357142857,TP,1.5,2.2104642857143517,5
2022-07-29 11:15:00,1758.924,SHORT,1760.2355,1756.95675,1.3115000000000074,58665,2022-07-29 11:20:00,1760.2355,SL,-1.0,-1.3115000000000236,1
2022-07-29 12:00:00,1758.884,SHORT,1760.3064285714286,1756.7503571428572,1.4224285714285867,58674,2022-07-29 12:10:00,1756.7503571428572,TP,1.5,2.1336428571428314,2
2022-07-29 12:30:00,1756.799,SHORT,1758.7793571428572,1753.8284642857143,1.980357142857169,58680,2022-07-29 12:35:00,1758.7793571428572,SL,-1.0,-1.9803571428572013,1
2022-07-29 13:50:00,1753.968,SHORT,1756.4422142857143,1750.2566785714287,2.4742142857142784,58696,2022-07-29 14:20:00,1756.4422142857143,SL,-1.0,-2.474214285714197,6
2022-07-29 17:25:00,1764.504,LONG,1763.436857142857,1766.1047142857142,1.067142857142861,58739,2022-07-29 17:50:00,1766.1047142857142,TP,1.5,1.6007142857142753,5
2022-07-29 19:15:00,1762.068,LONG,1761.07,1763.565,0.9979999999999986,58761,2022-07-29 19:20:00,1761.07,SL,-1.0,-0.9980000000000473,1
2022-08-01 01:05:00,1762.078,SHORT,1763.0777142857144,1760.5784285714285,0.9997142857142924,58819,2022-08-01 01:15:00,1763.0777142857144,SL,-1.0,-0.9997142857143899,2
2022-08-01 02:15:00,1764.614,LONG,1763.5882857142858,1766.1525714285715,1.025714285714295,58833,2022-08-01 02:45:00,1763.5882857142858,SL,-1.0,-1.0257142857142298,6
2022-08-01 03:05:00,1764.168,LONG,1763.354357142857,1765.3884642857142,0.8136428571428463,58843,2022-08-01 03:10:00,1763.354357142857,SL,-1.0,-0.8136428571428951,1
2022-08-01 04:35:00,1761.398,SHORT,1762.125357142857,1760.3069642857142,0.727357142857126,58861,2022-08-01 04:40:00,1760.3069642857142,TP,1.5,1.091035714285681,1
2022-08-01 04:45:00,1759.754,SHORT,1760.5693571428571,1758.5309642857142,0.8153571428571402,58863,2022-08-01 05:15:00,1760.5693571428571,SL,-1.0,-0.8153571428572377,6
2022-08-01 08:25:00,1765.095,LONG,1763.6832142857143,1767.2126785714286,1.4117857142857377,58907,2022-08-01 09:35:00,1767.2126785714286,TP,1.5,2.1176785714285415,14
2022-08-01 11:00:00,1771.634,LONG,1770.4215,1773.45275,1.2124999999999773,58938,2022-08-01 12:05:00,1770.4215,SL,-1.0,-1.212500000000091,13
2022-08-01 12:10:00,1772.982,LONG,1771.6740714285716,1774.9438928571428,1.3079285714285334,58952,2022-08-01 12:20:00,1771.6740714285716,SL,-1.0,-1.3079285714284197,2
2022-08-01 12:35:00,1768.732,LONG,1766.8414285714287,1771.567857142857,1.8905714285714015,58957,2022-08-01 12:40:00,1766.8414285714287,SL,-1.0,-1.8905714285713202,1
2022-08-01 13:35:00,1771.534,LONG,1769.010642857143,1775.3190357142857,2.523357142857159,58969,2022-08-01 14:00:00,1769.010642857143,SL,-1.0,-2.523357142857094,5
2022-08-01 15:35:00,1768.252,SHORT,1770.122,1765.447,1.8700000000000532,58993,2022-08-01 16:20:00,1770.122,SL,-1.0,-1.8700000000001182,9
2022-08-01 22:35:00,1771.664,LONG,1771.164142857143,1772.4137857142857,0.49985714285711375,59065,2022-08-01 22:45:00,1771.164142857143,SL,-1.0,-0.49985714285708127,2
2022-08-01 23:05:00,1771.984,LONG,1771.414,1772.839,0.5700000000000013,59071,2022-08-01 23:15:00,1771.414,SL,-1.0,-0.5699999999999363,2
2022-08-01 23:50:00,1771.674,LONG,1771.2015,1772.38275,0.47250000000000064,59080,2022-08-02 00:00:00,1772.38275,TP,1.5,0.7087500000000091,2
2022-08-02 00:10:00,1771.628,LONG,1771.0313571428571,1772.5229642857141,0.5966428571428456,59084,2022-08-02 00:15:00,1772.5229642857141,TP,1.5,0.8949642857141953,1
2022-08-02 01:45:00,1776.694,LONG,1775.2976428571428,1778.7885357142857,1.396357142857125,59103,2022-08-02 02:45:00,1775.2976428571428,SL,-1.0,-1.3963571428571413,12
2022-08-02 04:50:00,1772.974,SHORT,1773.6910714285714,1771.8983928571429,0.7170714285714114,59140,2022-08-02 05:20:00,1773.6910714285714,SL,-1.0,-0.7170714285714439,6
2022-08-02 08:05:00,1770.933,SHORT,1772.2945,1768.89075,1.3614999999999944,59179,2022-08-02 08:15:00,1772.2945,SL,-1.0,-1.3614999999999782,2
2022-08-02 08:55:00,1773.284,SHORT,1774.449,1771.5365000000002,1.1649999999999798,59189,2022-08-02 09:00:00,1774.449,SL,-1.0,-1.1649999999999636,1
2022-08-02 09:45:00,1774.828,LONG,1773.8447857142855,1776.3028214285714,0.9832142857143579,59199,2022-08-02 09:55:00,1773.8447857142855,SL,-1.0,-0.983214285714439,2
2022-08-02 13:55:00,1780.378,LONG,1776.9642857142856,1785.4985714285713,3.41371428571428,59249,2022-08-02 14:15:00,1785.4985714285713,TP,1.5,5.120571428571338,4
2022-08-02 14:25:00,1785.518,LONG,1782.0543571428573,1790.7134642857143,3.4636428571428235,59255,2022-08-02 14:30:00,1782.0543571428573,SL,-1.0,-3.4636428571427587,1
2022-08-02 14:40:00,1780.227,LONG,1777.112285714286,1784.8990714285715,3.114714285714253,59258,2022-08-02 14:55:00,1777.112285714286,SL,-1.0,-3.1147142857141716,3
2022-08-02 20:50:00,1761.364,SHORT,1762.638,1759.453,1.274000000000001,59332,2022-08-02 22:20:00,1759.453,TP,1.5,1.9110000000000582,6
2022-08-03 05:40:00,1769.364,LONG,1768.3691428571428,1770.8562857142856,0.9948571428571183,59426,2022-08-03 06:00:00,1768.3691428571428,SL,-1.0,-0.9948571428571995,4
2022-08-03 06:05:00,1768.308,LONG,1767.1950714285715,1769.9773928571428,1.1129285714285484,59431,2022-08-03 06:40:00,1767.1950714285715,SL,-1.0,-1.1129285714284833,7
2022-08-03 06:45:00,1768.218,LONG,1767.0800000000002,1769.9250000000002,1.1380000000000012,59439,2022-08-03 07:05:00,1767.0800000000002,SL,-1.0,-1.13799999999992,4
2022-08-03 07:10:00,1767.098,LONG,1765.825357142857,1769.0069642857143,1.27264285714289,59444,2022-08-03 07:20:00,1765.825357142857,SL,-1.0,-1.272642857142955,2
2022-08-03 08:05:00,1767.967,LONG,1766.4180000000001,1770.2905,1.5490000000000268,59455,2022-08-03 08:15:00,1766.4180000000001,SL,-1.0,-1.5489999999999782,2
2022-08-03 08:15:00,1767.367,LONG,1765.981,1769.446,1.3860000000000323,59457,2022-08-03 08:30:00,1765.981,SL,-1.0,-1.3859999999999673,3
2022-08-03 08:30:00,1765.522,SHORT,1766.8332857142857,1763.5550714285714,1.311285714285743,59460,2022-08-03 10:15:00,1763.5550714285714,TP,1.5,1.9669285714285252,21
2022-08-03 12:00:00,1764.995,SHORT,1766.1957857142856,1763.1938214285713,1.200785714285725,59502,2022-08-03 12:15:00,1763.1938214285713,TP,1.5,1.8011785714286361,3
2022-08-03 13:45:00,1767.304,LONG,1765.4262857142858,1770.1205714285716,1.8777142857143352,59523,2022-08-03 13:55:00,1765.4262857142858,SL,-1.0,-1.877714285714319,2
2022-08-03 15:30:00,1757.166,SHORT,1759.3977142857143,1753.8184285714285,2.231714285714312,59544,2022-08-03 16:05:00,1759.3977142857143,SL,-1.0,-2.231714285714361,7
2022-08-03 17:20:00,1759.414,SHORT,1760.4256428571427,1757.8965357142856,1.011642857142858,59566,2022-08-03 17:25:00,1760.4256428571427,SL,-1.0,-1.0116428571427605,1
2022-08-03 17:30:00,1760.448,SHORT,1761.4124285714286,1759.0013571428572,0.9644285714285518,59568,2022-08-03 17:35:00,1761.4124285714286,SL,-1.0,-0.9644285714284706,1
2022-08-03 18:45:00,1761.538,LONG,1760.575857142857,1762.9812142857143,0.9621428571428103,59583,2022-08-03 19:00:00,1762.9812142857143,TP,1.5,1.443214285714248,3
2022-08-03 19:05:00,1763.908,LONG,1762.896,1765.426,1.0119999999999922,59587,2022-08-03 19:25:00,1765.426,TP,1.5,1.518000000000029,4
2022-08-03 20:45:00,1765.128,LONG,1764.4900714285714,1766.0848928571427,0.6379285714285581,59607,2022-08-03 22:05:00,1764.4900714285714,SL,-1.0,-0.6379285714285743,4
2022-08-03 22:35:00,1763.928,LONG,1763.2147142857143,1764.9979285714287,0.7132857142857217,59617,2022-08-03 22:55:00,1763.2147142857143,SL,-1.0,-0.7132857142858029,4
2022-08-03 23:15:00,1764.038,LONG,1763.4835714285714,1764.869642857143,0.5544285714285674,59625,2022-08-03 23:50:00,1763.4835714285714,SL,-1.0,-0.5544285714286161,7
2022-08-03 23:50:00,1763.758,LONG,1763.3379285714286,1764.3881071428573,0.4200714285714509,59632,2022-08-04 00:00:00,1763.3379285714286,SL,-1.0,-0.42007142857141844,2
2022-08-04 00:30:00,1765.858,LONG,1765.1917857142857,1766.8573214285714,0.6662142857142693,59640,2022-08-04 00:50:00,1766.8573214285714,TP,1.5,0.9993214285714203,4
2022-08-04 02:15:00,1767.198,LONG,1766.157642857143,1768.758535714286,1.040357142857163,59661,2022-08-04 02:45:00,1768.758535714286,TP,1.5,1.5605357142858338,6
2022-08-04 02:55:00,1769.098,LONG,1768.2745,1770.33325,0.8234999999999998,59669,2022-08-04 03:05:00,1770.33325,TP,1.5,1.2352499999999509,2
2022-08-04 04:35:00,1770.618,LONG,1769.9685,1771.59225,0.6495000000000053,59689,2022-08-04 05:20:00,1771.59225,TP,1.5,0.9742499999999836,9
2022-08-04 06:40:00,1771.088,LONG,1769.9081428571428,1772.8577857142857,1.1798571428570963,59714,2022-08-04 07:10:00,1772.8577857142857,TP,1.5,1.7697857142857174,6
2022-08-04 08:40:00,1773.612,LONG,1772.674,1775.019,0.9380000000000207,59738,2022-08-04 08:50:00,1775.019,TP,1.5,1.4069999999999254,2
2022-08-04 12:40:00,1783.798,LONG,1781.801642857143,1786.7925357142858,1.9963571428571316,59786,2022-08-04 12:45:00,1781.801642857143,SL,-1.0,-1.9963571428570503,1
2022-08-04 12:45:00,1784.285,LONG,1782.104142857143,1787.5562857142859,2.1808571428571377,59787,2022-08-04 12:55:00,1782.104142857143,SL,-1.0,-2.1808571428571213,2
2022-08-04 13:05:00,1779.762,LONG,1777.4339285714284,1783.254107142857,2.3280714285714663,59791,2022-08-04 13:10:00,1777.4339285714284,SL,-1.0,-2.3280714285715476,1
2022-08-04 14:00:00,1783.654,LONG,1781.2577857142858,1787.2483214285714,2.396214285714304,59802,2022-08-04 14:35:00,1787.2483214285714,TP,1.5,3.5943214285714475,7
2022-08-04 17:35:00,1790.228,LONG,1789.301642857143,1791.6175357142859,0.9263571428571628,59845,2022-08-04 17:45:00,1791.6175357142859,TP,1.5,1.3895357142857847,2
2022-08-04 17:50:00,1792.344,LONG,1791.3652857142856,1793.8120714285715,0.9787142857143181,59848,2022-08-04 18:00:00,1791.3652857142856,SL,-1.0,-0.9787142857144318,2
2022-08-04 19:25:00,1792.748,LONG,1791.8329285714285,1794.1206071428571,0.9150714285714555,59867,2022-08-04 19:50:00,1794.1206071428571,TP,1.5,1.3726071428570776,5
2022-08-04 20:05:00,1793.398,LONG,1792.5785714285714,1794.6271428571429,0.81942857142857,59875,2022-08-04 20:10:00,1792.5785714285714,SL,-1.0,-0.8194285714284888,1
2022-08-04 23:15:00,1792.578,LONG,1792.0936428571429,1793.3045357142857,0.484357142857123,59901,2022-08-04 23:35:00,1792.0936428571429,SL,-1.0,-0.48435714285710674,4
2022-08-05 00:10:00,1792.608,LONG,1791.9007142857142,1793.6689285714285,0.7072857142857174,59912,2022-08-05 00:20:00,1793.6689285714285,TP,1.5,1.060928571428576,2
2022-08-05 05:30:00,1790.498,SHORT,1791.3121428571428,1789.2767857142858,0.8141428571428021,59976,2022-08-05 05:35:00,1791.3121428571428,SL,-1.0,-0.8141428571427696,1
2022-08-05 06:00:00,1791.914,LONG,1790.9295714285715,1793.390642857143,0.9844285714285336,59982,2022-08-05 06:10:00,1790.9295714285715,SL,-1.0,-0.9844285714284524,2
2022-08-05 09:00:00,1786.987,SHORT,1788.1974285714286,1785.1713571428572,1.210428571428549,60018,2022-08-05 10:10:00,1785.1713571428572,TP,1.5,1.8156428571428478,14
2022-08-05 10:50:00,1784.134,SHORT,1785.1758571428572,1782.5712142857144,1.0418571428571437,60040,2022-08-05 10:55:00,1785.1758571428572,SL,-1.0,-1.041857142857225,1
2022-08-05 11:05:00,1784.578,SHORT,1785.7269285714285,1782.854607142857,1.1489285714285902,60043,2022-08-05 11:25:00,1785.7269285714285,SL,-1.0,-1.1489285714285415,4
2022-08-05 12:30:00,1777.418,SHORT,1779.723,1773.9605,2.3050000000000312,60060,2022-08-05 12:40:00,1773.9605,TP,1.5,3.457499999999982,2
2022-08-05 14:20:00,1776.207,SHORT,1779.2340714285715,1771.666392857143,3.027071428571438,60082,2022-08-05 16:20:00,1771.666392857143,TP,1.5,4.540607142857198,24
2022-08-05 16:50:00,1774.178,SHORT,1775.4363571428573,1772.2904642857143,1.2583571428571727,60112,2022-08-05 17:30:00,1775.4363571428573,SL,-1.0,-1.2583571428572213,8
2022-08-05 17:30:00,1774.388,SHORT,1775.3846428571428,1772.8930357142856,0.9966428571428878,60120,2022-08-05 17:35:00,1775.3846428571428,SL,-1.0,-0.9966428571428878,1
2022-08-05 18:05:00,1774.008,SHORT,1774.9768571428572,1772.5547142857142,0.9688571428571647,60127,2022-08-05 18:55:00,1772.5547142857142,TP,1.5,1.453285714285812,10
2022-08-05 19:35:00,1774.398,SHORT,1775.2850714285714,1773.0673928571427,0.8870714285714679,60145,2022-08-05 20:00:00,1773.0673928571427,TP,1.5,1.3306071428571613,5
2022-08-05 20:35:00,1774.398,SHORT,1775.2245714285714,1773.1581428571428,0.8265714285714368,60157,2022-08-05 20:50:00,1775.2245714285714,SL,-1.0,-0.8265714285714694,3
2022-08-05 20:55:00,1774.718,SHORT,1775.5635714285715,1773.4496428571429,0.8455714285714099,60161,2022-08-07 22:00:00,1773.4496428571429,TP,1.5,1.2683571428572122,1
2022-08-08 00:05:00,1772.738,SHORT,1773.4722857142858,1771.6365714285714,0.7342857142857449,60187,2022-08-08 00:25:00,1771.6365714285714,TP,1.5,1.1014285714286416,4
2022-08-08 01:40:00,1774.768,LONG,1773.739,1776.3115,1.028999999999964,60206,2022-08-08 02:55:00,1773.739,SL,-1.0,-1.0289999999999964,15
2022-08-08 09:15:00,1774.508,SHORT,1775.587,1772.8895000000002,1.0789999999999509,60297,2022-08-08 09:25:00,1775.587,SL,-1.0,-1.0789999999999509,2
2022-08-08 12:45:00,1782.598,LONG,1781.0732142857144,1784.8851785714285,1.5247857142856966,60339,2022-08-08 13:10:00,1781.0732142857144,SL,-1.0,-1.5247857142855992,5
2022-08-08 15:20:00,1787.814,LONG,1786.3710714285714,1789.978392857143,1.4429285714285893,60370,2022-08-08 16:05:00,1786.3710714285714,SL,-1.0,-1.442928571428638,9
2022-08-08 17:05:00,1787.986,LONG,1787.0993571428573,1789.3159642857142,0.8866428571428254,60391,2022-08-08 18:00:00,1787.0993571428573,SL,-1.0,-0.8866428571427605,11
2022-08-08 18:05:00,1787.324,LONG,1786.606142857143,1788.4007857142858,0.7178571428571396,60403,2022-08-08 18:30:00,1788.4007857142858,TP,1.5,1.0767857142857338,5
2022-08-08 19:05:00,1787.776,LONG,1786.9007857142858,1789.0888214285715,0.8752142857143131,60415,2022-08-08 19:30:00,1786.9007857142858,SL,-1.0,-0.8752142857142644,5
2022-08-08 19:35:00,1787.548,LONG,1786.7342142857142,1788.7686785714286,0.8137857142857163,60421,2022-08-08 20:00:00,1788.7686785714286,TP,1.5,1.220678571428607,5
2022-08-08 22:15:00,1788.428,LONG,1787.9062857142858,1789.2105714285717,0.5217142857143244,60441,2022-08-08 23:00:00,1787.9062857142858,SL,-1.0,-0.5217142857143244,9
2022-08-08 23:05:00,1788.318,LONG,1787.9787142857142,1788.8269285714284,0.33928571428569804,60451,2022-08-08 23:10:00,1788.8269285714284,TP,1.5,0.5089285714284415,1
2022-08-08 23:20:00,1788.728,LONG,1788.4071428571428,1789.2092857142857,0.3208571428571239,60454,2022-08-08 23:30:00,1789.2092857142857,TP,1.5,0.4812857142856046,2
2022-08-09 00:05:00,1788.328,LONG,1787.6865,1789.29025,0.641500000000032,60463,2022-08-09 00:10:00,1789.29025,TP,1.5,0.96225000000004,1
2022-08-09 01:15:00,1785.908,SHORT,1786.9755,1784.30675,1.0675000000000279,60477,2022-08-09 01:55:00,1784.30675,TP,1.5,1.6012499999999363,8
2022-08-09 02:50:00,1784.554,SHORT,1785.214642857143,1783.5630357142857,0.6606428571428913,60496,2022-08-09 02:55:00,1785.214642857143,SL,-1.0,-0.6606428571428751,1
2022-08-09 04:00:00,1785.558,SHORT,1786.215,1784.5725,0.6569999999999742,60510,2022-08-09 04:30:00,1786.215,SL,-1.0,-0.6569999999999254,6
2022-08-09 05:00:00,1785.518,SHORT,1786.0166428571429,1784.7700357142858,0.4986428571428568,60522,2022-08-09 05:30:00,1786.0166428571429,SL,-1.0,-0.4986428571428405,6
2022-08-09 05:35:00,1785.977,SHORT,1786.5145000000002,1785.17075,0.537500000000039,60529,2022-08-09 05:40:00,1786.5145000000002,SL,-1.0,-0.5375000000001364,1
2022-08-09 07:10:00,1785.284,SHORT,1786.2959285714287,1783.7661071428572,1.0119285714285655,60548,2022-08-09 07:25:00,1783.7661071428572,TP,1.5,1.517892857142897,3
2022-08-09 07:40:00,1784.561,SHORT,1785.5912857142857,1783.0155714285713,1.0302857142857127,60554,2022-08-09 07:55:00,1785.5912857142857,SL,-1.0,-1.0302857142858102,3
2022-08-09 08:10:00,1790.502,LONG,1788.9607142857142,1792.8139285714285,1.5412857142856962,60560,2022-08-09 08:25:00,1792.8139285714285,TP,1.5,2.3119285714285525,3
2022-08-09 09:55:00,1790.822,LONG,1789.532,1792.7569999999998,1.2900000000000122,60581,2022-08-09 10:10:00,1792.7569999999998,TP,1.5,1.9349999999999454,3
2022-08-09 11:20:00,1790.868,LONG,1789.4822857142856,1792.9465714285714,1.385714285714276,60598,2022-08-09 11:55:00,1789.4822857142856,SL,-1.0,-1.3857142857143572,7
2022-08-09 15:50:00,1795.254,LONG,1793.6707142857142,1797.6289285714286,1.5832857142857424,60652,2022-08-09 16:05:00,1797.6289285714286,TP,1.5,2.3749285714286543,3
2022-08-09 16:50:00,1795.584,LONG,1794.5600714285715,1797.119892857143,1.0239285714285578,60664,2022-08-09 17:35:00,1794.5600714285715,SL,-1.0,-1.0239285714285415,9
2022-08-09 17:40:00,1794.618,LONG,1793.8622857142857,1795.7515714285714,0.7557142857142968,60674,2022-08-09 17:45:00,1793.8622857142857,SL,-1.0,-0.755714285714248,1
2022-08-09 22:05:00,1793.778,SHORT,1794.2317857142857,1793.0973214285714,0.45378571428570275,60715,2022-08-09 22:15:00,1794.2317857142857,SL,-1.0,-0.4537857142856865,2
2022-08-09 22:45:00,1793.848,SHORT,1794.2694999999999,1793.21575,0.42149999999998855,60723,2022-08-09 23:10:00,1793.21575,TP,1.5,0.6322499999998854,5
2022-08-09 23:35:00,1793.638,SHORT,1793.9207142857142,1793.2139285714286,0.2827142857142592,60733,2022-08-09 23:45:00,1793.9207142857142,SL,-1.0,-0.2827142857142917,2
2022-08-09 23:55:00,1793.968,SHORT,1794.2997857142857,1793.4703214285717,0.3317857142856805,60737,2022-08-10 00:00:00,1793.4703214285717,TP,1.5,0.4976785714284233,1
2022-08-10 01:05:00,1792.188,SHORT,1792.8500000000001,1791.1950000000002,0.662000000000002,60751,2022-08-10 01:30:00,1791.1950000000002,TP,1.5,0.9929999999999382,5
2022-08-10 01:50:00,1791.948,SHORT,1792.6904285714286,1790.8343571428572,0.7424285714285881,60760,2022-08-10 01:55:00,1792.6904285714286,SL,-1.0,-0.7424285714284906,1
2022-08-10 07:10:00,1789.508,SHORT,1790.3452857142856,1788.2520714285715,0.8372857142856803,60824,2022-08-10 07:30:00,1790.3452857142856,SL,-1.0,-0.8372857142855992,4
2022-08-10 08:20:00,1788.544,SHORT,1789.5449285714287,1787.0426071428572,1.000928571428582,60838,2022-08-10 08:25:00,1789.5449285714287,SL,-1.0,-1.0009285714286307,1
2022-08-10 13:10:00,1796.608,LONG,1792.3315714285714,1803.0226428571427,4.276428571428563,60896,2022-08-10 13:35:00,1792.3315714285714,SL,-1.0,-4.276428571428596,5
2022-08-10 13:40:00,1794.795,LONG,1791.1484285714287,1800.2648571428572,3.646571428571422,60902,2022-08-10 14:35:00,1800.2648571428572,TP,1.5,5.469857142857109,11
2022-08-10 15:40:00,1797.978,LONG,1796.2182857142857,1800.6175714285714,1.7597142857142996,60926,2022-08-10 17:50:00,1796.2182857142857,SL,-1.0,-1.7597142857143808,26
2022-08-10 20:35:00,1791.058,SHORT,1791.7799285714286,1789.9751071428573,0.7219285714285532,60985,2022-08-10 20:45:00,1791.7799285714286,SL,-1.0,-0.7219285714286343,2
2022-08-10 22:40:00,1791.05,SHORT,1791.581,1790.2534999999998,0.5310000000000302,60998,2022-08-10 23:00:00,1790.2534999999998,TP,1.5,0.796500000000151,4
2022-08-11 00:50:00,1790.318,SHORT,1791.011,1789.2785,0.6929999999999836,61024,2022-08-11 01:00:00,1789.2785,TP,1.5,1.0395000000000891,2
2022-08-11 03:30:00,1786.818,SHORT,1787.605,1785.6375,0.7869999999999696,61056,2022-08-11 03:55:00,1785.6375,TP,1.5,1.1804999999999382,5
2022-08-11 03:55:00,1785.684,SHORT,1786.3636428571428,1784.6645357142856,0.6796428571428156,61061,2022-08-11 04:00:00,1786.3636428571428,SL,-1.0,-0.6796428571428805,1
2022-08-11 04:15:00,1786.388,SHORT,1787.0347857142856,1785.4178214285714,0.6467857142856539,61065,2022-08-11 04:30:00,1785.4178214285714,TP,1.5,0.9701785714285052,3
2022-08-11 04:35:00,1785.084,SHORT,1785.7217857142857,1784.1273214285716,0.6377857142856718,61069,2022-08-11 04:45:00,1784.1273214285716,TP,1.5,0.9566785714284833,2
2022-08-11 05:25:00,1784.284,SHORT,1785.0548571428574,1783.1277142857143,0.7708571428571693,61079,2022-08-11 05:30:00,1785.0548571428574,SL,-1.0,-0.7708571428572668,1
2022-08-11 05:45:00,1785.918,SHORT,1786.7477142857142,1784.6734285714283,0.8297142857143334,61083,2022-08-11 06:00:00,1786.7477142857142,SL,-1.0,-0.8297142857143172,3
2022-08-11 06:00:00,1785.808,SHORT,1786.6487142857143,1784.5469285714285,0.8407142857143494,61086,2022-08-11 06:15:00,1786.6487142857143,SL,-1.0,-0.8407142857142844,3
2022-08-11 06:25:00,1786.394,SHORT,1787.3845714285715,1784.9081428571428,0.9905714285714566,61091,2022-08-11 06:35:00,1784.9081428571428,TP,1.5,1.485857142857185,2
2022-08-11 07:20:00,1786.804,SHORT,1788.0392857142858,1784.9510714285716,1.2352857142857374,61102,2022-08-11 08:20:00,1788.0392857142858,SL,-1.0,-1.2352857142857374,12
2022-08-11 08:20:00,1787.634,LONG,1786.538142857143,1789.2777857142858,1.0958571428571335,61114,2022-08-11 08:25:00,1786.538142857143,SL,-1.0,-1.095857142857085,1
2022-08-11 08:35:00,1786.888,LONG,1785.8393571428571,1788.4609642857142,1.0486428571428437,61117,2022-08-11 08:55:00,1788.4609642857142,TP,1.5,1.5729642857143062,4
2022-08-11 10:55:00,1790.774,LONG,1789.9307857142855,1792.0388214285713,0.8432142857142902,61145,2022-08-11 11:30:00,1792.0388214285713,TP,1.5,1.2648214285713948,7
2022-08-11 12:40:00,1795.664,LONG,1793.7962857142857,1798.4655714285714,1.8677142857142794,61166,2022-08-11 13:15:00,1793.7962857142857,SL,-1.0,-1.867714285714328,7
2022-08-11 13:25:00,1793.958,LONG,1791.7530000000002,1797.2655000000002,2.2050000000000085,61175,2022-08-11 13:30:00,1791.7530000000002,SL,-1.0,-2.2049999999999272,1
2022-08-11 14:40:00,1792.524,LONG,1790.5693571428571,1795.4559642857141,1.9546428571428416,61190,2022-08-11 15:05:00,1790.5693571428571,SL,-1.0,-1.954642857142744,5
2022-08-11 15:50:00,1790.504,SHORT,1792.2097857142855,1787.9453214285713,1.7057857142856554,61204,2022-08-11 18:05:00,1787.9453214285713,TP,1.5,2.5586785714285725,27
2022-08-11 19:35:00,1786.884,SHORT,1787.7758571428571,1785.5462142857143,0.891857142857134,61249,2022-08-11 19:50:00,1785.5462142857143,TP,1.5,1.337785714285701,3
2022-08-11 20:40:00,1789.088,SHORT,1789.8551428571427,1787.9372857142857,0.7671428571428578,61262,2022-08-11 20:55:00,1789.8551428571427,SL,-1.0,-0.7671428571427441,3
2022-08-11 22:30:00,1788.458,SHORT,1789.0,1787.6450000000002,0.5419999999999651,61272,2022-08-11 22:55:00,1787.6450000000002,TP,1.5,0.8129999999998745,5
2022-08-11 23:00:00,1787.648,SHORT,1788.158,1786.8829999999998,0.5099999999999909,61278,2022-08-11 23:50:00,1788.158,SL,-1.0,-0.5099999999999909,10
2022-08-12 00:20:00,1787.244,SHORT,1787.8800714285712,1786.2898928571428,0.6360714285713941,61294,2022-08-12 00:50:00,1787.8800714285712,SL,-1.0,-0.6360714285713129,6
2022-08-12 01:10:00,1787.294,SHORT,1788.0562142857143,1786.1506785714287,0.762214285714273,61304,2022-08-12 01:35:00,1788.0562142857143,SL,-1.0,-0.762214285714208,5
2022-08-12 04:55:00,1790.544,LONG,1790.0405,1791.29925,0.5034999999999984,61349,2022-08-12 05:10:00,1790.0405,SL,-1.0,-0.5035000000000309,3
2022-08-12 05:15:00,1790.498,LONG,1789.9362142857144,1791.3406785714285,0.5617857142856987,61353,2022-08-12 05:20:00,1791.3406785714285,TP,1.5,0.8426785714284506,1
2022-08-12 06:15:00,1791.624,LONG,1790.7617142857143,1792.9174285714284,0.8622857142856576,61365,2022-08-12 06:25:00,1790.7617142857143,SL,-1.0,-0.8622857142856901,2
2022-08-12 09:30:00,1787.178,SHORT,1788.2087142857144,1785.6319285714287,1.0307142857142577,61404,2022-08-12 10:25:00,1788.2087142857144,SL,-1.0,-1.030714285714339,11
2022-08-12 10:40:00,1786.434,SHORT,1787.297857142857,1785.1382142857144,0.8638571428570978,61418,2022-08-12 10:50:00,1787.297857142857,SL,-1.0,-0.863857142857114,2
2022-08-12 11:15:00,1788.284,SHORT,1789.3819285714287,1786.6371071428573,1.097928571428562,61425,2022-08-12 11:20:00,1786.6371071428573,TP,1.5,1.6468928571428023,1
2022-08-12 11:30:00,1786.718,SHORT,1788.0083571428572,1784.7824642857145,1.2903571428571143,61428,2022-08-12 12:10:00,1788.0083571428572,SL,-1.0,-1.2903571428571468,8
2022-08-12 14:20:00,1792.884,LONG,1790.594857142857,1796.3177142857144,2.2891428571428736,61462,2022-08-12 14:35:00,1790.594857142857,SL,-1.0,-2.289142857142906,3
2022-08-12 14:45:00,1792.574,LONG,1790.0449285714287,1796.3676071428572,2.529071428571407,61467,2022-08-12 15:35:00,1796.3676071428572,TP,1.5,3.7936071428571267,10
2022-08-12 18:05:00,1798.988,LONG,1797.8354285714286,1800.7168571428572,1.1525714285714261,61507,2022-08-12 18:20:00,1800.7168571428572,TP,1.5,1.728857142857123,3
2022-08-12 19:15:00,1800.964,LONG,1800.155857142857,1802.1762142857142,0.8081428571428303,61521,2022-08-12 20:20:00,1800.155857142857,SL,-1.0,-0.8081428571429115,13
2022-08-12 20:35:00,1800.504,LONG,1799.9781428571428,1801.2927857142856,0.525857142857116,61537,2022-08-12 20:50:00,1801.2927857142856,TP,1.5,0.7887857142857229,3
2022-08-14 22:55:00,1800.168,LONG,1799.4154285714285,1801.296857142857,0.7525714285714328,61553,2022-08-14 23:20:00,1799.4154285714285,SL,-1.0,-0.7525714285714002,5
2022-08-15 12:30:00,1781.928,SHORT,1784.4685714285715,1778.1171428571429,2.5405714285714276,61716,2022-08-15 12:45:00,1778.1171428571429,TP,1.5,3.8108571428572304,3
2022-08-15 13:00:00,1777.658,SHORT,1780.7265,1773.05525,3.0684999999999882,61722,2022-08-15 13:10:00,1780.7265,SL,-1.0,-3.0685000000000855,2
2022-08-15 13:50:00,1776.918,SHORT,1779.382214285714,1773.2216785714284,2.4642142857142875,61732,2022-08-15 15:00:00,1779.382214285714,SL,-1.0,-2.464214285714206,14
2022-08-15 15:00:00,1778.644,SHORT,1780.1580714285715,1776.372892857143,1.5140714285714043,61746,2022-08-15 15:30:00,1780.1580714285715,SL,-1.0,-1.5140714285714694,6
2022-08-15 16:40:00,1781.144,LONG,1780.1597142857142,1782.6204285714286,0.9842857142857123,61766,2022-08-15 16:55:00,1782.6204285714286,TP,1.5,1.4764285714286416,3
2022-08-15 17:40:00,1781.264,LONG,1780.2732142857142,1782.7501785714285,0.990785714285721,61778,2022-08-15 17:55:00,1780.2732142857142,SL,-1.0,-0.990785714285721,3
2022-08-15 19:15:00,1778.948,SHORT,1779.8128571428572,1777.6507142857145,0.8648571428571391,61797,2022-08-15 19:20:00,1779.8128571428572,SL,-1.0,-0.8648571428570904,1
2022-08-15 20:15:00,1779.218,SHORT,1779.9947142857145,1778.0529285714285,0.7767142857143199,61809,2022-08-15 23:40:00,1778.0529285714285,TP,1.5,1.1650714285715367,29
2022-08-15 23:40:00,1778.094,SHORT,1778.5724285714286,1777.3763571428572,0.4784285714285943,61838,2022-08-16 00:00:00,1778.5724285714286,SL,-1.0,-0.4784285714285943,4
2022-08-16 00:25:00,1778.114,SHORT,1778.6724285714286,1777.2763571428573,0.5584285714285865,61847,2022-08-16 00:30:00,1778.6724285714286,SL,-1.0,-0.5584285714285215,1
2022-08-16 00:35:00,1778.768,SHORT,1779.4095714285716,1777.8056428571429,0.6415714285714428,61849,2022-08-16 00:50:00,1777.8056428571429,TP,1.5,0.9623571428571722,3
2022-08-16 01:05:00,1777.338,SHORT,1778.080357142857,1776.2244642857142,0.7423571428571449,61855,2022-08-16 01:30:00,1778.080357142857,SL,-1.0,-0.7423571428571449,5
2022-08-16 04:40:00,1781.514,LONG,1781.0657857142855,1782.1863214285713,0.44821428571427596,61898,2022-08-16 05:05:00,1781.0657857142855,SL,-1.0,-0.4482142857143572,5
2022-08-16 05:05:00,1781.348,LONG,1780.9186428571427,1781.9920357142857,0.429357142857173,61903,2022-08-16 05:10:00,1780.9186428571427,SL,-1.0,-0.42935714285727045,1
2022-08-16 05:20:00,1780.904,LONG,1780.4072857142858,1781.6490714285715,0.4967142857142822,61906,2022-08-16 05:30:00,1780.4072857142858,SL,-1.0,-0.4967142857142335,2
2022-08-16 05:30:00,1780.938,LONG,1780.391,1781.7585000000001,0.5469999999999929,61908,2022-08-16 05:35:00,1780.391,SL,-1.0,-0.5470000000000255,1
2022-08-16 05:50:00,1781.938,LONG,1781.3427142857145,1782.8309285714288,0.595285714285751,61912,2022-08-16 06:00:00,1781.3427142857145,SL,-1.0,-0.5952857142856374,2
2022-08-16 08:50:00,1775.034,SHORT,1776.4555714285716,1772.9016428571429,1.4215714285714316,61948,2022-08-16 09:15:00,1776.4555714285716,SL,-1.0,-1.4215714285714967,5
2022-08-16 09:40:00,1775.644,SHORT,1776.7522142857142,1773.9816785714286,1.1082142857143253,61958,2022-08-16 10:05:00,1776.7522142857142,SL,-1.0,-1.1082142857142117,5
2022-08-16 12:15:00,1777.327,SHORT,1778.394142857143,1775.7262857142857,1.0671428571428447,61989,2022-08-16 12:20:00,1775.7262857142857,TP,1.5,1.6007142857142753,1
2022-08-16 12:30:00,1774.168,SHORT,1775.7865,1771.7402499999998,1.6184999999999914,61992,2022-08-16 12:40:00,1775.7865,SL,-1.0,-1.61850000000004,2
2022-08-16 14:00:00,1774.648,SHORT,1776.6785714285713,1771.6021428571428,2.0305714285714203,62010,2022-08-16 14:05:00,1776.6785714285713,SL,-1.0,-2.0305714285714203,1
2022-08-16 15:10:00,1777.128,LONG,1775.4897142857142,1779.5854285714286,1.6382857142856924,62024,2022-08-16 15:20:00,1775.4897142857142,SL,-1.0,-1.6382857142857574,2
2022-08-16 15:30:00,1774.588,SHORT,1776.028,1772.428,1.4399999999999733,62028,2022-08-16 16:25:00,1776.028,SL,-1.0,-1.4400000000000546,11
2022-08-16 18:50:00,1775.698,LONG,1774.9413571428572,1776.8329642857143,0.7566428571428462,62068,2022-08-16 18:55:00,1776.8329642857143,TP,1.5,1.1349642857142044,1
2022-08-16 22:05:00,1775.578,SHORT,1775.9822857142856,1774.9715714285715,0.40428571428568766,62095,2022-08-16 22:55:00,1774.9715714285715,TP,1.5,0.6064285714285234,10
2022-08-16 23:50:00,1775.628,SHORT,1775.9594285714284,1775.1308571428572,0.33142857142849735,62116,2022-08-17 00:00:00,1775.1308571428572,TP,1.5,0.4971428571427623,2
2022-08-17 01:05:00,1774.378,SHORT,1775.1112857142857,1773.2780714285714,0.7332857142857035,62131,2022-08-17 01:10:00,1775.1112857142857,SL,-1.0,-0.7332857142857847,1
2022-08-17 01:45:00,1774.478,SHORT,1775.265642857143,1773.2965357142857,0.7876428571428927,62139,2022-08-17 02:00:00,1775.265642857143,SL,-1.0,-0.7876428571428278,3
2022-08-17 02:15:00,1776.408,LONG,1775.636,1777.566,0.7720000000000157,62145,2022-08-17 02:40:00,1775.636,SL,-1.0,-0.7719999999999345,5
2022-08-17 04:10:00,1776.148,LONG,1775.5931428571428,1776.9802857142856,0.5548571428571287,62168,2022-08-17 04:25:00,1776.9802857142856,TP,1.5,0.8322857142857174,3
2022-08-17 08:45:00,1775.598,SHORT,1776.7244285714285,1773.908357142857,1.1264285714285864,62223,2022-08-17 09:00:00,1773.908357142857,TP,1.5,1.6896428571428714,3
2022-08-17 09:00:00,1773.728,SHORT,1774.8242142857143,1772.0836785714287,1.0962142857143005,62226,2022-08-17 09:10:00,1774.8242142857143,SL,-1.0,-1.096214285714268,2
2022-08-17 09:20:00,1774.095,SHORT,1775.1885,1772.4547499999999,1.0935000000000465,62230,2022-08-17 10:25:00,1772.4547499999999,TP,1.5,1.640250000000151,13
2022-08-17 13:00:00,1769.698,SHORT,1772.413785714286,1765.6243214285714,2.715785714285744,62274,2022-08-17 13:25:00,1772.413785714286,SL,-1.0,-2.7157857142858575,5
2022-08-17 17:25:00,1762.388,SHORT,1763.428357142857,1760.827464285714,1.040357142857163,62327,2022-08-17 18:00:00,1763.428357142857,SL,-1.0,-1.0403571428571468,7
2022-08-17 22:40:00,1763.174,SHORT,1763.8525714285715,1762.1561428571429,0.6785714285714448,62378,2022-08-17 22:55:00,1762.1561428571429,TP,1.5,1.0178571428571104,3
2022-08-18 02:05:00,1765.068,LONG,1764.1437857142857,1766.4543214285713,0.9242142857142913,62419,2022-08-18 02:20:00,1764.1437857142857,SL,-1.0,-0.9242142857142426,3
2022-08-18 02:40:00,1765.208,LONG,1764.38,1766.45,0.8280000000000395,62426,2022-08-18 03:25:00,1764.38,SL,-1.0,-0.8279999999999745,9
2022-08-18 05:00:00,1762.988,SHORT,1763.5028571428572,1762.2157142857143,0.5148571428571164,62454,2022-08-18 05:10:00,1763.5028571428572,SL,-1.0,-0.5148571428571813,2
2022-08-18 07:35:00,1762.108,SHORT,1763.0907857142856,1760.6338214285713,0.9827857142857154,62485,2022-08-18 08:00:00,1763.0907857142856,SL,-1.0,-0.9827857142856828,5
2022-08-18 14:00:00,1764.884,SHORT,1766.8653571428572,1761.9119642857142,1.9813571428571615,62562,2022-08-18 14:55:00,1761.9119642857142,TP,1.5,2.9720357142857665,11
2022-08-18 17:45:00,1758.284,SHORT,1759.4690714285716,1756.506392857143,1.1850714285714048,62607,2022-08-18 18:55:00,1759.4690714285716,SL,-1.0,-1.1850714285715185,14
2022-08-18 20:00:00,1758.884,SHORT,1759.5875714285714,1757.828642857143,0.7035714285713895,62634,2022-08-18 22:05:00,1757.828642857143,TP,1.5,1.0553571428570194,13
2022-08-18 22:05:00,1757.748,SHORT,1758.2717142857143,1756.9624285714285,0.5237142857143421,62647,2022-08-18 22:10:00,1758.2717142857143,SL,-1.0,-0.5237142857142771,1
2022-08-18 23:35:00,1758.248,SHORT,1758.7347142857143,1757.5179285714285,0.4867142857143238,62665,2022-08-18 23:45:00,1758.7347142857143,SL,-1.0,-0.4867142857142426,2
2022-08-18 23:45:00,1758.378,SHORT,1758.9052142857142,1757.5871785714285,0.5272142857143243,62667,2022-08-19 00:05:00,1757.5871785714285,TP,1.5,0.7908214285714621,4
2022-08-19 02:45:00,1755.734,SHORT,1756.6473571428571,1754.3639642857142,0.9133571428571291,62703,2022-08-19 02:55:00,1756.6473571428571,SL,-1.0,-0.913357142857194,2
2022-08-19 03:20:00,1755.464,SHORT,1756.327,1754.1695,0.8630000000000239,62710,2022-08-19 03:40:00,1754.1695,TP,1.5,1.294499999999971,4
2022-08-19 05:25:00,1753.028,SHORT,1753.5529999999999,1752.2405,0.5249999999999773,62735,2022-08-19 05:30:00,1753.5529999999999,SL,-1.0,-0.5249999999998636,1
2022-08-19 08:30:00,1752.724,SHORT,1753.8141428571428,1751.0887857142857,1.0901428571428369,62772,2022-08-19 08:40:00,1753.8141428571428,SL,-1.0,-1.0901428571428369,2
2022-08-19 09:10:00,1753.354,SHORT,1754.482,1751.662,1.1279999999999777,62780,2022-08-19 10:00:00,1751.662,TP,1.5,1.6920000000000073,10
2022-08-19 10:10:00,1749.898,SHORT,1751.0784285714285,1748.1273571428571,1.1804285714285763,62792,2022-08-19 10:30:00,1751.0784285714285,SL,-1.0,-1.1804285714285925,4
2022-08-19 11:10:00,1750.638,SHORT,1751.6685,1749.09225,1.030499999999977,62804,2022-08-19 11:40:00,1751.6685,SL,-1.0,-1.0305000000000746,6
2022-08-19 13:50:00,1752.554,LONG,1750.861642857143,1755.0925357142858,1.692357142857158,62836,2022-08-19 14:00:00,1750.861642857143,SL,-1.0,-1.6923571428571904,2
2022-08-19 15:50:00,1749.334,SHORT,1750.7404285714288,1747.2243571428571,1.4064285714286078,62860,2022-08-19 16:35:00,1750.7404285714288,SL,-1.0,-1.4064285714287053,9
2022-08-19 16:40:00,1750.005,SHORT,1750.9145,1748.64075,0.9094999999999962,62870,2022-08-19 17:35:00,1748.64075,TP,1.5,1.3642500000000837,11
2022-08-19 18:00:00,1749.454,SHORT,1750.1947142857143,1748.3429285714285,0.7407142857142942,62886,2022-08-19 18:10:00,1748.3429285714285,TP,1.5,1.1110714285714494,2
2022-08-19 18:30:00,1748.678,SHORT,1749.3505714285716,1747.669142857143,0.6725714285714405,62892,2022-08-19 18:40:00,1747.669142857143,TP,1.5,1.0088571428570958,2
2022-08-19 19:50:00,1746.468,SHORT,1747.2862142857143,1745.2406785714286,0.8182142857142806,62908,2022-08-19 20:20:00,1747.2862142857143,SL,-1.0,-0.818214285714248,6
2022-08-21 23:15:00,1746.914,SHORT,1747.4872142857143,1746.0541785714286,0.5732142857142922,62937,2022-08-21 23:45:00,1746.0541785714286,TP,1.5,0.8598214285714221,6
2022-08-22 00:15:00,1745.498,SHORT,1746.1395,1744.53575,0.6414999999999834,62949,2022-08-22 00:35:00,1746.1395,SL,-1.0,-0.6414999999999509,4
2022-08-22 00:45:00,1746.078,SHORT,1746.7971428571427,1744.9992857142856,0.7191428571428234,62955,2022-08-22 01:00:00,1746.7971428571427,SL,-1.0,-0.7191428571427423,3
2022-08-22 01:15:00,1745.328,SHORT,1746.3177857142857,1743.8433214285715,0.989785714285696,62961,2022-08-22 01:25:00,1746.3177857142857,SL,-1.0,-0.9897857142857447,2
2022-08-22 02:55:00,1747.838,LONG,1747.054357142857,1749.0134642857142,0.7836428571428412,62981,2022-08-22 03:20:00,1747.054357142857,SL,-1.0,-0.7836428571429224,5
2022-08-22 05:45:00,1744.448,SHORT,1745.3382857142858,1743.1125714285715,0.8902857142857101,63015,2022-08-22 06:00:00,1743.1125714285715,TP,1.5,1.3354285714285652,3
2022-08-22 06:05:00,1741.988,SHORT,1742.9274285714287,1740.5788571428573,0.9394285714285421,63019,2022-08-22 06:15:00,1742.9274285714287,SL,-1.0,-0.939428571428607,2
2022-08-22 06:30:00,1742.388,SHORT,1743.260857142857,1741.0787142857143,0.872857142857096,63024,2022-08-22 07:00:00,1741.0787142857143,TP,1.5,1.3092857142855792,6
2022-08-22 10:00:00,1735.337,SHORT,1736.712857142857,1733.2732142857142,1.375857142857139,63066,2022-08-22 10:10:00,1736.712857142857,SL,-1.0,-1.3758571428570576,2
2022-08-22 10:20:00,1735.384,SHORT,1736.6882142857144,1733.4276785714285,1.3042142857142867,63070,2022-08-22 11:05:00,1733.4276785714285,TP,1.5,1.9563214285715276,9
2022-08-22 11:20:00,1735.168,SHORT,1736.2321428571427,1733.5717857142856,1.064142857142867,63082,2022-08-22 11:30:00,1733.5717857142856,TP,1.5,1.596214285714268,2
2022-08-22 11:35:00,1732.428,SHORT,1733.5084285714288,1730.8073571428572,1.0804285714285697,63085,2022-08-22 11:40:00,1730.8073571428572,TP,1.5,1.6206428571429115,1
2022-08-22 14:45:00,1738.044,LONG,1736.0082857142859,1741.0975714285714,2.0357142857142696,63123,2022-08-22 15:05:00,1736.0082857142859,SL,-1.0,-2.0357142857142208,4
2022-08-22 15:30:00,1736.088,LONG,1734.3520714285714,1738.6918928571429,1.735928571428563,63132,2022-08-22 17:00:00,1734.3520714285714,SL,-1.0,-1.7359285714285306,18
2022-08-22 18:05:00,1736.704,LONG,1735.8187857142857,1738.0318214285714,0.8852142857142878,63163,2022-08-22 18:25:00,1735.8187857142857,SL,-1.0,-0.8852142857142553,4
2022-08-22 18:30:00,1736.234,LONG,1735.3742857142856,1737.5235714285714,0.8597142857143061,63168,2022-08-22 19:00:00,1737.5235714285714,TP,1.5,1.2895714285714348,6
2022-08-22 22:15:00,1734.888,SHORT,1735.4797857142858,1734.0003214285714,0.5917857142857201,63201,2022-08-22 22:30:00,1735.4797857142858,SL,-1.0,-0.5917857142858338,3
2022-08-22 22:35:00,1735.124,SHORT,1735.7105000000001,1734.24425,0.5865000000000171,63205,2022-08-22 22:40:00,1735.7105000000001,SL,-1.0,-0.5865000000001146,1
2022-08-22 22:45:00,1734.794,SHORT,1735.431,1733.8385,0.6370000000000086,63207,2022-08-22 22:55:00,1735.431,SL,-1.0,-0.6369999999999436,2
2022-08-22 23:10:00,1735.321,SHORT,1735.8964285714285,1734.457857142857,0.575428571428623,63212,2022-08-23 00:00:00,1734.457857142857,TP,1.5,0.8631428571429751,10
2022-08-23 00:00:00,1734.158,SHORT,1734.7178571428572,1733.3182142857142,0.5598571428571404,63222,2022-08-23 00:05:00,1734.7178571428572,SL,-1.0,-0.5598571428572541,1
2022-08-23 02:20:00,1739.308,LONG,1738.299857142857,1740.8202142857142,1.0081428571428594,63250,2022-08-23 02:40:00,1738.299857142857,SL,-1.0,-1.008142857142957,4
2022-08-23 02:50:00,1738.752,LONG,1737.8822857142857,1740.0565714285713,0.869714285714232,63256,2022-08-23 03:05:00,1737.8822857142857,SL,-1.0,-0.8697142857142808,3
2022-08-23 03:10:00,1737.978,LONG,1737.2325,1739.09625,0.7454999999999278,63260,2022-08-23 03:25:00,1739.09625,TP,1.5,1.118249999999989,3
2022-08-23 05:35:00,1737.088,SHORT,1737.7695714285715,1736.0656428571428,0.6815714285714226,63289,2022-08-23 05:40:00,1737.7695714285715,SL,-1.0,-0.6815714285714876,1
2022-08-23 05:55:00,1737.038,SHORT,1737.8454285714286,1735.826857142857,0.8074285714285939,63293,2022-08-23 06:05:00,1735.826857142857,TP,1.5,1.2111428571429315,2
2022-08-23 06:10:00,1736.718,SHORT,1737.6848571428573,1735.2677142857142,0.9668571428571795,63296,2022-08-23 06:25:00,1735.2677142857142,TP,1.5,1.450285714285883,3
2022-08-23 06:25:00,1734.984,SHORT,1736.077142857143,1733.3442857142857,1.093142857142912,63299,2022-08-23 06:30:00,1736.077142857143,SL,-1.0,-1.0931428571429933,1
2022-08-23 06:50:00,1735.974,SHORT,1737.063357142857,1734.3399642857141,1.08935714285719,63304,2022-08-23 07:10:00,1737.063357142857,SL,-1.0,-1.089357142857125,4
2022-08-23 07:15:00,1736.024,SHORT,1737.256357142857,1734.175464285714,1.2323571428571864,63309,2022-08-23 07:40:00,1737.256357142857,SL,-1.0,-1.232357142857154,5
2022-08-23 09:30:00,1739.238,LONG,1737.951857142857,1741.1672142857144,1.2861428571429119,63336,2022-08-23 09:35:00,1737.951857142857,SL,-1.0,-1.286142857142977,1
2022-08-23 09:40:00,1738.838,LONG,1737.5867142857142,1740.7149285714286,1.2512857142857488,63338,2022-08-23 10:05:00,1737.5867142857142,SL,-1.0,-1.2512857142858138,5
2022-08-23 11:05:00,1736.998,SHORT,1738.143857142857,1735.2792142857143,1.145857142857137,63355,2022-08-23 11:35:00,1735.2792142857143,TP,1.5,1.7187857142857865,6
2022-08-23 12:10:00,1736.035,SHORT,1737.2160714285715,1734.263392857143,1.1810714285714181,63368,2022-08-23 12:20:00,1734.263392857143,TP,1.5,1.7716071428571922,2
2022-08-23 12:55:00,1735.934,SHORT,1737.81,1733.12,1.8759999999999764,63377,2022-08-23 13:20:00,1737.81,SL,-1.0,-1.8759999999999764,5
2022-08-23 13:35:00,1739.498,LONG,1737.490142857143,1742.5097857142857,2.007857142857152,63385,2022-08-23 13:45:00,1742.5097857142857,TP,1.5,3.011785714285679,2
2022-08-23 16:45:00,1748.408,LONG,1747.5297142857141,1749.7254285714284,0.878285714285734,63423,2022-08-23 17:00:00,1749.7254285714284,TP,1.5,1.317428571428536,3
2022-08-23 17:00:00,1749.794,LONG,1748.9414285714286,1751.0728571428572,0.8525714285714392,63426,2022-08-23 17:05:00,1748.9414285714286,SL,-1.0,-0.8525714285715367,1
2022-08-23 17:40:00,1747.678,LONG,1746.736142857143,1749.0907857142859,0.9418571428571535,63434,2022-08-23 17:55:00,1746.736142857143,SL,-1.0,-0.9418571428570885,3
2022-08-23 18:00:00,1747.288,LONG,1746.3035,1748.76475,0.9844999999999767,63438,2022-08-23 18:30:00,1746.3035,SL,-1.0,-0.9845000000000255,6
2022-08-23 19:40:00,1746.354,SHORT,1747.0608571428572,1745.2937142857143,0.7068571428571236,63458,2022-08-23 19:55:00,1747.0608571428572,SL,-1.0,-0.7068571428571886,3
2022-08-23 22:05:00,1747.464,LONG,1747.0456428571429,1748.0915357142856,0.41835714285712455,63475,2022-08-23 22:20:00,1747.0456428571429,SL,-1.0,-0.4183571428570758,3
2022-08-23 23:55:00,1745.868,SHORT,1746.3245,1745.18325,0.45650000000000546,63497,2022-08-24 00:00:00,1746.3245,SL,-1.0,-0.45650000000000546,1
2022-08-24 00:45:00,1746.124,SHORT,1746.803,1745.1055,0.6790000000000386,63507,2022-08-24 01:00:00,1745.1055,TP,1.5,1.018500000000131,3
2022-08-24 01:35:00,1746.564,SHORT,1747.3823571428572,1745.3364642857143,0.8183571428571342,63517,2022-08-24 02:25:00,1745.3364642857143,TP,1.5,1.2275357142857501,10
2022-08-24 02:30:00,1745.194,SHORT,1745.9492857142857,1744.0610714285713,0.7552857142857354,63528,2022-08-24 02:35:00,1744.0610714285713,TP,1.5,1.1329285714286925,1
2022-08-24 07:25:00,1746.064,LONG,1744.9336428571428,1747.759535714286,1.1303571428571786,63587,2022-08-24 07:35:00,1744.9336428571428,SL,-1.0,-1.1303571428572923,2
2022-08-24 07:50:00,1746.995,LONG,1745.841857142857,1748.7247142857143,1.1531428571428737,63592,2022-08-24 08:05:00,1748.7247142857143,TP,1.5,1.729714285714408,3
2022-08-24 10:10:00,1748.874,LONG,1748.001,1750.1835,0.8729999999999823,63620,2022-08-24 10:20:00,1748.001,SL,-1.0,-0.8730000000000473,2
2022-08-24 11:50:00,1744.724,SHORT,1746.093357142857,1742.6699642857143,1.36935714285713,63640,2022-08-24 12:00:00,1746.093357142857,SL,-1.0,-1.3693571428570976,2
2022-08-24 13:15:00,1744.228,SHORT,1745.9245714285714,1741.683142857143,1.6965714285714253,63657,2022-08-24 13:50:00,1745.9245714285714,SL,-1.0,-1.6965714285713602,7
2022-08-24 17:10:00,1749.908,LONG,1748.9666428571427,1751.3200357142857,0.9413571428571653,63704,2022-08-24 17:20:00,1748.9666428571427,SL,-1.0,-0.9413571428572141,2
2022-08-24 18:05:00,1749.612,LONG,1748.7362857142857,1750.9255714285716,0.8757142857143501,63715,2022-08-24 18:35:00,1750.9255714285716,TP,1.5,1.3135714285715494,6
2022-08-24 22:25:00,1751.018,LONG,1750.5232857142857,1751.7600714285716,0.49471428571429704,63755,2022-08-24 23:15:00,1751.7600714285716,TP,1.5,0.7420714285715349,10
2022-08-25 00:15:00,1751.718,LONG,1751.1745,1752.5332500000002,0.5435000000000108,63777,2022-08-25 00:30:00,1752.5332500000002,TP,1.5,0.8152500000001055,3
2022-08-25 04:30:00,1756.238,LONG,1755.7531428571428,1756.9652857142858,0.48485714285714365,63828,2022-08-25 04:40:00,1755.7531428571428,SL,-1.0,-0.4848571428572086,2
2022-08-25 04:45:00,1757.048,LONG,1756.4674285714286,1757.9188571428572,0.5805714285714397,63831,2022-08-25 05:00:00,1757.9188571428572,TP,1.5,0.8708571428571759,3
2022-08-25 05:35:00,1756.778,LONG,1755.9810714285713,1757.973392857143,0.7969285714285986,63841,2022-08-25 05:50:00,1755.9810714285713,SL,-1.0,-0.7969285714286798,3
2022-08-25 05:55:00,1756.938,LONG,1756.1832142857143,1758.0701785714286,0.7547857142857473,63845,2022-08-25 06:05:00,1756.1832142857143,SL,-1.0,-0.7547857142858447,2
2022-08-25 09:10:00,1763.884,LONG,1762.8047857142858,1765.5028214285715,1.0792142857142804,63884,2022-08-25 09:30:00,1762.8047857142858,SL,-1.0,-1.0792142857142153,4
2022-08-25 10:40:00,1762.908,LONG,1761.920214285714,1764.3896785714285,0.9877857142856945,63902,2022-08-25 10:45:00,1761.920214285714,SL,-1.0,-0.987785714285792,1
2022-08-25 11:40:00,1764.724,LONG,1763.6418571428571,1766.3472142857142,1.0821428571428637,63914,2022-08-25 11:50:00,1763.6418571428571,SL,-1.0,-1.0821428571427987,2
2022-08-25 13:20:00,1759.528,SHORT,1761.3065,1756.86025,1.778499999999992,63934,2022-08-25 13:35:00,1756.86025,TP,1.5,2.667750000000069,3
2022-08-25 14:50:00,1755.742,SHORT,1757.4215,1753.22275,1.6794999999999618,63952,2022-08-25 15:10:00,1757.4215,SL,-1.0,-1.6794999999999618,4
2022-08-25 15:20:00,1756.028,SHORT,1757.4855714285713,1753.841642857143,1.4575714285714088,63958,2022-08-25 16:55:00,1757.4855714285713,SL,-1.0,-1.4575714285713275,19
2022-08-25 18:35:00,1756.208,SHORT,1756.9745,1755.05825,0.7665000000000484,63997,2022-08-25 19:30:00,1755.05825,TP,1.5,1.14975000000004,11
2022-08-25 22:55:00,1757.148,LONG,1756.719857142857,1757.7902142857142,0.42814285714286726,64037,2022-08-25 23:00:00,1756.719857142857,SL,-1.0,-0.4281428571428023,1
2022-08-25 23:55:00,1756.255,SHORT,1756.6764285714287,1755.6228571428574,0.42142857142854545,64049,2022-08-26 00:05:00,1755.6228571428574,TP,1.5,0.6321428571427532,2
2022-08-26 01:15:00,1754.468,SHORT,1755.231642857143,1753.3225357142858,0.7636428571428594,64065,2022-08-26 01:50:00,1753.3225357142858,TP,1.5,1.1454642857142971,7
2022-08-26 03:15:00,1755.208,SHORT,1755.7992857142858,1754.3210714285715,0.5912857142856994,64089,2022-08-26 03:35:00,1755.7992857142858,SL,-1.0,-0.591285714285732,4
2022-08-26 04:25:00,1756.478,LONG,1755.7908571428572,1757.5087142857144,0.6871428571428818,64103,2022-08-26 04:55:00,1755.7908571428572,SL,-1.0,-0.6871428571428169,6
2022-08-26 05:00:00,1755.868,LONG,1755.221,1756.8385,0.6470000000000157,64110,2022-08-26 05:10:00,1755.221,SL,-1.0,-0.6469999999999345,2
2022-08-26 08:50:00,1752.154,SHORT,1753.3579285714286,1750.348107142857,1.2039285714286052,64156,2022-08-26 09:35:00,1750.348107142857,TP,1.5,1.8058928571429078,9
2022-08-26 09:45:00,1750.718,SHORT,1751.7275714285715,1749.203642857143,1.0095714285714459,64167,2022-08-26 09:55:00,1749.203642857143,TP,1.5,1.5143571428570795,2
2022-08-26 12:40:00,1746.499,SHORT,1748.3459285714287,1743.7286071428573,1.8469285714285368,64202,2022-08-26 13:00:00,1748.3459285714287,SL,-1.0,-1.8469285714286343,4
2022-08-26 14:30:00,1746.288,LONG,1742.281,1752.2984999999999,4.006999999999948,64224,2022-08-26 14:50:00,1742.281,SL,-1.0,-4.007000000000062,4
2022-08-26 18:40:00,1737.764,SHORT,1738.579,1736.5414999999998,0.8149999999999896,64274,2022-08-26 19:05:00,1736.5414999999998,TP,1.5,1.2225000000000819,5
2022-08-26 19:45:00,1737.448,SHORT,1738.1878571428572,1736.3382142857145,0.7398571428571391,64287,2022-08-26 20:35:00,1738.1878571428572,SL,-1.0,-0.7398571428570904,10
2022-08-28 22:15:00,1737.088,SHORT,1738.261,1735.3285,1.1730000000000018,64305,2022-08-28 22:40:00,1735.3285,TP,1.5,1.759499999999889,5
2022-08-28 23:05:00,1735.728,SHORT,1737.0222857142858,1733.7865714285715,1.294285714285739,64315,2022-08-28 23:20:00,1733.7865714285715,TP,1.5,1.9414285714285597,3
2022-08-29 00:30:00,1734.714,SHORT,1735.7135714285714,1733.2146428571427,0.9995714285714387,64332,2022-08-29 01:00:00,1733.2146428571427,TP,1.5,1.4993571428572068,6
2022-08-29 03:25:00,1726.408,SHORT,1727.113214285714,1725.3501785714286,0.7052142857142566,64367,2022-08-29 03:50:00,1725.3501785714286,TP,1.5,1.0578214285712875,5
2022-08-29 05:50:00,1723.475,SHORT,1724.5672142857143,1721.8366785714286,1.0922142857142652,64396,2022-08-29 06:35:00,1724.5672142857143,SL,-1.0,-1.0922142857143626,9
2022-08-29 06:45:00,1724.234,SHORT,1725.2147142857143,1722.7629285714286,0.980714285714287,64407,2022-08-29 07:10:00,1722.7629285714286,TP,1.5,1.4710714285713493,5
2022-08-29 07:10:00,1722.658,SHORT,1723.6346428571428,1721.1930357142855,0.9766428571428573,64412,2022-08-29 07:30:00,1721.1930357142855,TP,1.5,1.464964285714359,4
2022-08-29 08:05:00,1721.058,SHORT,1722.4242142857142,1719.0086785714286,1.366214285714266,64423,2022-08-29 08:25:00,1722.4242142857142,SL,-1.0,-1.3662142857142499,4
2022-08-29 08:35:00,1721.494,SHORT,1722.6941428571427,1719.6937857142857,1.2001428571428343,64429,2022-08-29 09:10:00,1722.6941428571427,SL,-1.0,-1.2001428571427368,7
2022-08-29 10:00:00,1722.384,SHORT,1723.3249285714287,1720.9726071428572,0.9409285714285878,64446,2022-08-29 10:15:00,1723.3249285714287,SL,-1.0,-0.9409285714286852,3
2022-08-29 12:00:00,1727.704,LONG,1726.5201428571427,1729.4797857142858,1.1838571428571802,64470,2022-08-29 12:05:00,1726.5201428571427,SL,-1.0,-1.1838571428572777,1
2022-08-29 12:30:00,1731.694,LONG,1729.959357142857,1734.2959642857143,1.7346428571428791,64476,2022-08-29 12:45:00,1734.2959642857143,TP,1.5,2.6019642857143026,3
2022-08-29 15:00:00,1740.248,LONG,1738.5387857142857,1742.8118214285714,1.7092142857143244,64506,2022-08-29 16:25:00,1738.5387857142857,SL,-1.0,-1.7092142857143244,17
2022-08-29 16:40:00,1738.008,LONG,1736.9993571428572,1739.5209642857144,1.0086428571428476,64526,2022-08-29 17:25:00,1736.9993571428572,SL,-1.0,-1.0086428571428314,9
2022-08-29 18:30:00,1738.234,LONG,1737.4455714285714,1739.4166428571427,0.7884285714285723,64548,2022-08-29 18:50:00,1737.4455714285714,SL,-1.0,-0.7884285714285397,4
2022-08-29 20:20:00,1737.388,SHORT,1737.9701428571427,1736.5147857142856,0.5821428571428312,64570,2022-08-29 22:40:00,1737.9701428571427,SL,-1.0,-0.5821428571427987,16
2022-08-29 23:15:00,1736.478,SHORT,1736.9535,1735.76475,0.4755000000000272,64593,2022-08-29 23:20:00,1736.9535,SL,-1.0,-0.4755000000000109,1
2022-08-30 00:45:00,1738.878,LONG,1738.0951428571427,1740.0522857142855,0.7828571428571129,64611,2022-08-30 01:05:00,1740.0522857142855,TP,1.5,1.1742857142855883,4
2022-08-30 01:05:00,1740.048,LONG,1739.2165,1741.2952500000001,0.8315000000000055,64615,2022-08-30 01:10:00,1739.2165,SL,-1.0,-0.8315000000000055,1
2022-08-30 02:50:00,1735.858,SHORT,1736.7906428571428,1734.4590357142856,0.9326428571428258,64636,2022-08-30 03:40:00,1734.4590357142856,TP,1.5,1.398964285714328,10
2022-08-30 05:55:00,1734.438,SHORT,1735.2625000000003,1733.20125,0.8245000000000735,64673,2022-08-30 06:00:00,1735.2625000000003,SL,-1.0,-0.824500000000171,1
2022-08-30 06:05:00,1733.848,SHORT,1734.7409285714286,1732.508607142857,0.8929285714286347,64675,2022-08-30 06:55:00,1732.508607142857,TP,1.5,1.3393928571429115,10
2022-08-30 07:05:00,1732.241,SHORT,1733.2507857142857,1730.7263214285713,1.0097857142857265,64687,2022-08-30 07:15:00,1730.7263214285713,TP,1.5,1.5146785714287034,2
2022-08-30 07:40:00,1733.014,SHORT,1734.3939285714284,1730.944107142857,1.3799285714285847,64694,2022-08-30 08:05:00,1734.3939285714284,SL,-1.0,-1.379928571428536,5
2022-08-30 09:10:00,1733.898,LONG,1732.5545714285713,1735.9131428571427,1.3434285714286034,64712,2022-08-30 09:20:00,1732.5545714285713,SL,-1.0,-1.3434285714286034,2
2022-08-30 09:30:00,1734.314,LONG,1732.8792857142857,1736.4660714285715,1.4347142857142867,64716,2022-08-30 09:40:00,1732.8792857142857,SL,-1.0,-1.4347142857143353,2
2022-08-30 10:15:00,1733.384,SHORT,1734.7847142857142,1731.2829285714286,1.400714285714295,64725,2022-08-30 10:30:00,1734.7847142857142,SL,-1.0,-1.4007142857142298,3
2022-08-30 10:50:00,1733.254,SHORT,1734.4820714285713,1731.4118928571427,1.2280714285714274,64732,2022-08-30 10:55:00,1734.4820714285713,SL,-1.0,-1.2280714285714112,1
2022-08-30 11:05:00,1733.458,SHORT,1734.692785714286,1731.6058214285715,1.2347857142857492,64735,2022-08-30 11:50:00,1731.6058214285715,TP,1.5,1.852178571428567,9
2022-08-30 12:05:00,1731.482,SHORT,1732.6549285714286,1729.7226071428572,1.1729285714285587,64747,2022-08-30 12:15:00,1732.6549285714286,SL,-1.0,-1.1729285714286561,2
2022-08-30 12:30:00,1731.168,SHORT,1732.6347142857142,1728.9679285714285,1.4667142857142608,64752,2022-08-30 12:50:00,1728.9679285714285,TP,1.5,2.200071428571391,4
2022-08-30 13:35:00,1730.618,SHORT,1732.2661428571428,1728.1457857142857,1.6481428571428947,64765,2022-08-30 13:55:00,1732.2661428571428,SL,-1.0,-1.6481428571428296,4
2022-08-30 14:00:00,1729.604,SHORT,1731.3674285714287,1726.9588571428571,1.7634285714285949,64770,2022-08-30 14:15:00,1726.9588571428571,TP,1.5,2.6451428571429005,3
2022-08-30 15:50:00,1725.024,SHORT,1726.6720714285714,1722.5518928571428,1.6480714285714189,64792,2022-08-30 16:00:00,1726.6720714285714,SL,-1.0,-1.648071428571484,2
2022-08-30 16:15:00,1725.238,SHORT,1726.4986428571428,1723.3470357142858,1.2606428571428816,64797,2022-08-30 16:40:00,1723.3470357142858,TP,1.5,1.8909642857142899,5
2022-08-30 17:35:00,1724.424,SHORT,1725.1972857142857,1723.2640714285715,0.7732857142857158,64813,2022-08-30 17:50:00,1725.1972857142857,SL,-1.0,-0.7732857142857483,3
2022-08-30 17:55:00,1723.992,SHORT,1724.8484285714285,1722.707357142857,0.8564285714285721,64817,2022-08-30 19:00:00,1724.8484285714285,SL,-1.0,-0.8564285714285234,13
2022-08-30 19:40:00,1724.208,SHORT,1724.9507142857144,1723.0939285714287,0.7427142857143119,64838,2022-08-30 19:55:00,1723.0939285714287,TP,1.5,1.1140714285713784,3
2022-08-30 20:15:00,1723.748,SHORT,1724.4532857142858,1722.6900714285714,0.705285714285716,64845,2022-08-30 20:55:00,1724.4532857142858,SL,-1.0,-0.7052857142857647,8
2022-08-30 20:55:00,1723.808,SHORT,1724.3014285714285,1723.067857142857,0.49342857142858065,64853,2022-08-30 22:00:00,1723.067857142857,TP,1.5,0.7401428571429278,1
2022-08-30 23:15:00,1722.858,SHORT,1723.2054285714285,1722.336857142857,0.34742857142852507,64869,2022-08-30 23:20:00,1723.2054285714285,SL,-1.0,-0.3474285714285088,1
2022-08-30 23:45:00,1723.204,SHORT,1723.5515,1722.68275,0.34749999999998443,64875,2022-08-31 00:00:00,1722.68275,TP,1.5,0.5212500000000091,3
2022-08-31 00:10:00,1723.084,SHORT,1723.5890714285715,1722.326392857143,0.5050714285714223,64880,2022-08-31 00:15:00,1723.5890714285715,SL,-1.0,-0.5050714285714548,1
2022-08-31 01:25:00,1722.021,SHORT,1722.7835,1720.87725,0.7625000000000293,64895,2022-08-31 01:35:00,1720.87725,TP,1.5,1.1437499999999545,2
2022-08-31 02:05:00,1722.318,SHORT,1723.289142857143,1720.8612857142857,0.9711428571428736,64903,2022-08-31 02:35:00,1723.289142857143,SL,-1.0,-0.9711428571429224,6
2022-08-31 02:55:00,1722.918,SHORT,1723.9385714285713,1721.3871428571426,1.0205714285714456,64913,2022-08-31 03:20:00,1723.9385714285713,SL,-1.0,-1.0205714285714294,5
2022-08-31 03:30:00,1723.184,SHORT,1724.0957142857142,1721.8164285714286,0.9117142857143108,64920,2022-08-31 03:55:00,1724.0957142857142,SL,-1.0,-0.9117142857141971,5
2022-08-31 03:55:00,1723.918,LONG,1723.2489285714285,1724.921607142857,0.6690714285714583,64925,2022-08-31 04:05:00,1724.921607142857,TP,1.5,1.0036071428571631,2
2022-08-31 05:15:00,1725.118,LONG,1724.5135,1726.02475,0.6044999999999975,64941,2022-08-31 05:25:00,1726.02475,TP,1.5,0.9067500000001019,2
2022-08-31 05:45:00,1724.004,LONG,1723.2445714285714,1725.1431428571427,0.7594285714285759,64947,2022-08-31 06:10:00,1723.2445714285714,SL,-1.0,-0.7594285714285434,5
2022-08-31 07:05:00,1720.934,SHORT,1721.898357142857,1719.4874642857142,0.9643571428571575,64963,2022-08-31 07:20:00,1721.898357142857,SL,-1.0,-0.9643571428571249,3
2022-08-31 07:35:00,1720.554,SHORT,1721.703142857143,1718.8302857142858,1.1491428571428222,64969,2022-08-31 07:40:00,1721.703142857143,SL,-1.0,-1.149142857142806,1
2022-08-31 08:10:00,1719.768,SHORT,1721.1969285714285,1717.6246071428573,1.4289285714285305,64976,2022-08-31 08:20:00,1717.6246071428573,TP,1.5,2.1433928571427714,2
2022-08-31 10:15:00,1711.344,SHORT,1712.7599285714286,1709.2201071428572,1.4159285714285943,65001,2022-08-31 11:00:00,1712.7599285714286,SL,-1.0,-1.4159285714285943,9
2022-08-31 11:45:00,1715.104,SHORT,1716.4967142857142,1713.0149285714285,1.392714285714273,65019,2022-08-31 12:00:00,1713.0149285714285,TP,1.5,2.089071428571515,3
2022-08-31 12:10:00,1712.668,SHORT,1713.9935714285714,1710.6796428571427,1.3255714285714606,65024,2022-08-31 12:15:00,1713.9935714285714,SL,-1.0,-1.325571428571493,1
2022-08-31 12:15:00,1712.504,SHORT,1714.043357142857,1710.1949642857141,1.5393571428571704,65025,2022-08-31 12:20:00,1710.1949642857141,TP,1.5,2.3090357142857556,1
2022-08-31 12:35:00,1711.724,SHORT,1713.5136428571427,1709.0395357142856,1.7896428571428942,65029,2022-08-31 13:40:00,1713.5136428571427,SL,-1.0,-1.7896428571427805,13
2022-08-31 15:40:00,1720.734,LONG,1718.8482857142858,1723.5625714285713,1.8857142857142435,65066,2022-08-31 15:55:00,1718.8482857142858,SL,-1.0,-1.8857142857141298,3
2022-08-31 16:45:00,1716.304,LONG,1715.2137142857143,1717.9394285714286,1.0902857142856905,65079,2022-08-31 17:10:00,1715.2137142857143,SL,-1.0,-1.0902857142857556,5
2022-08-31 20:40:00,1710.544,SHORT,1711.1154285714288,1709.6868571428572,0.5714285714285877,65126,2022-08-31 20:55:00,1711.1154285714288,SL,-1.0,-0.5714285714286689,3
2022-08-31 22:40:00,1710.728,SHORT,1711.6371428571429,1709.3642857142859,0.9091428571428618,65138,2022-08-31 23:00:00,1709.3642857142859,TP,1.5,1.3637142857141953,4
2022-08-31 23:00:00,1708.908,SHORT,1709.9821428571427,1707.2967857142855,1.074142857142858,65142,2022-09-01 00:00:00,1707.2967857142855,TP,1.5,1.611214285714368,12
2022-09-01 00:35:00,1705.814,SHORT,1706.9943571428573,1704.0434642857144,1.1803571428571493,65161,2022-09-01 00:50:00,1706.9943571428573,SL,-1.0,-1.1803571428572468,3
2022-09-01 02:25:00,1705.028,SHORT,1705.9593571428572,1703.6309642857143,0.9313571428571582,65183,2022-09-01 02:35:00,1705.9593571428572,SL,-1.0,-0.9313571428572232,2
2022-09-01 02:35:00,1705.108,SHORT,1706.0279285714284,1703.728107142857,0.9199285714285809,65185,2022-09-01 03:25:00,1706.0279285714284,SL,-1.0,-0.9199285714284997,10
2022-09-01 05:15:00,1703.634,SHORT,1704.442,1702.422,0.8079999999999765,65217,2022-09-01 05:20:00,1704.442,SL,-1.0,-0.8079999999999927,1
2022-09-01 07:15:00,1706.518,LONG,1705.4030714285714,1708.1903928571428,1.1149285714285497,65241,2022-09-01 07:35:00,1705.4030714285714,SL,-1.0,-1.1149285714286634,4
2022-09-01 09:05:00,1703.818,SHORT,1705.542642857143,1701.2310357142858,1.7246428571428558,65263,2022-09-01 09:15:00,1705.542642857143,SL,-1.0,-1.7246428571429533,2
2022-09-01 11:30:00,1701.088,SHORT,1702.2395714285715,1699.3606428571427,1.1515714285714498,65292,2022-09-01 11:40:00,1702.2395714285715,SL,-1.0,-1.1515714285715148,2
2022-09-01 11:50:00,1701.674,SHORT,1702.9164285714285,1699.8103571428571,1.2424285714285557,65296,2022-09-01 12:20:00,1699.8103571428571,TP,1.5,1.8636428571428496,6
2022-09-01 12:35:00,1699.988,SHORT,1701.7857857142858,1697.2913214285716,1.7977857142857212,65305,2022-09-01 12:40:00,1697.2913214285716,TP,1.5,2.6966785714284924,1
2022-09-01 13:00:00,1699.698,SHORT,1702.1727857142857,1695.9858214285716,2.4747857142857095,65310,2022-09-01 13:30:00,1695.9858214285716,TP,1.5,3.712178571428467,6
2022-09-01 14:10:00,1693.434,SHORT,1695.8594285714285,1689.7958571428571,2.4254285714285806,65324,2022-09-01 14:25:00,1695.8594285714285,SL,-1.0,-2.4254285714284833,3
2022-09-01 15:15:00,1697.101,SHORT,1699.467,1693.5520000000001,2.3660000000000343,65337,2022-09-01 15:30:00,1693.5520000000001,TP,1.5,3.548999999999978,3
2022-09-01 18:15:00,1696.698,LONG,1695.6793571428573,1698.2259642857146,1.0186428571429036,65373,2022-09-01 18:25:00,1698.2259642857146,TP,1.5,1.5279642857144609,2
2022-09-01 19:30:00,1695.718,SHORT,1696.7673571428572,1694.1439642857144,1.049357142857145,65388,2022-09-01 20:50:00,1696.7673571428572,SL,-1.0,-1.0493571428571613,16
2022-09-01 22:40:00,1695.478,SHORT,1696.0877857142857,1694.5633214285715,0.6097857142857005,65414,2022-09-01 23:25:00,1696.0877857142857,SL,-1.0,-0.6097857142856355,9
2022-09-02 01:15:00,1698.228,LONG,1697.390142857143,1699.4847857142859,0.8378571428571604,65445,2022-09-02 01:25:00,1697.390142857143,SL,-1.0,-0.8378571428570467,2
2022-09-02 01:45:00,1697.828,LONG,1696.8228571428572,1699.3357142857142,1.0051428571428491,65451,2022-09-02 02:05:00,1696.8228571428572,SL,-1.0,-1.0051428571428005,4
2022-09-02 02:40:00,1697.584,LONG,1696.802357142857,1698.7564642857144,0.781642857142856,65462,2022-09-02 03:00:00,1698.7564642857144,TP,1.5,1.1724642857143408,4
2022-09-02 04:25:00,1699.438,LONG,1698.8837142857144,1700.2694285714288,0.5542857142857136,65483,2022-09-02 04:35:00,1698.8837142857144,SL,-1.0,-0.5542857142856974,2
2022-09-02 04:40:00,1699.114,LONG,1698.5985714285714,1699.8871428571429,0.5154285714285963,65486,2022-09-02 04:50:00,1698.5985714285714,SL,-1.0,-0.5154285714286289,2
2022-09-02 05:05:00,1699.285,LONG,1698.7075,1700.1512500000001,0.5775000000000026,65491,2022-09-02 05:35:00,1700.1512500000001,TP,1.5,0.8662500000000364,6
2022-09-02 05:50:00,1700.988,LONG,1700.3097142857143,1702.0054285714286,0.6782857142856723,65500,2022-09-02 06:00:00,1702.0054285714286,TP,1.5,1.0174285714285816,2
2022-09-02 07:25:00,1703.038,LONG,1701.9305714285713,1704.699142857143,1.1074285714286296,65519,2022-09-02 09:00:00,1704.699142857143,TP,1.5,1.661142857142977,19
2022-09-02 10:30:00,1705.578,LONG,1704.7124285714285,1706.8763571428572,0.8655714285714404,65556,2022-09-02 11:05:00,1704.7124285714285,SL,-1.0,-0.8655714285714566,7
2022-09-02 11:45:00,1706.018,LONG,1705.195642857143,1707.2515357142859,0.8223571428571533,65571,2022-09-02 12:00:00,1705.195642857143,SL,-1.0,-0.8223571428570722,3
2022-09-02 12:15:00,1705.574,LONG,1704.5968571428573,1707.0397142857144,0.9771428571428454,65577,2022-09-02 12:25:00,1704.5968571428573,SL,-1.0,-0.9771428571427805,2
2022-09-02 16:50:00,1713.684,LONG,1712.6712857142857,1715.2030714285713,1.0127142857142937,65632,2022-09-02 17:05:00,1712.6712857142857,SL,-1.0,-1.0127142857143099,3
2022-09-02 17:10:00,1713.608,LONG,1712.5735714285713,1715.1596428571427,1.034428571428553,65636,2022-09-02 17:20:00,1712.5735714285713,SL,-1.0,-1.0344285714286343,2
2022-09-02 18:15:00,1713.434,LONG,1712.3424285714286,1715.071357142857,1.0915714285714395,65649,2022-09-02 18:35:00,1715.071357142857,TP,1.5,1.6373571428571267,4
2022-09-04 22:35:00,1710.468,SHORT,1711.3537142857144,1709.1394285714287,0.8857142857143084,65689,2022-09-04 23:10:00,1709.1394285714287,TP,1.5,1.328571428571422,7
2022-09-05 00:15:00,1708.328,SHORT,1708.9923571428571,1707.3314642857142,0.6643571428571542,65709,2022-09-05 00:40:00,1708.9923571428571,SL,-1.0,-0.6643571428571704,5
2022-09-05 00:45:00,1708.934,SHORT,1709.7112142857143,1707.7681785714285,0.7772142857143081,65715,2022-09-05 01:00:00,1709.7112142857143,SL,-1.0,-0.7772142857143081,3
2022-09-05 04:10:00,1712.128,LONG,1711.5448571428572,1713.002714285714,0.5831428571428076,65756,2022-09-05 04:25:00,1713.002714285714,TP,1.5,0.8747142857141625,3
2022-09-05 05:20:00,1711.414,LONG,1710.7325,1712.43625,0.681500000000012,65770,2022-09-05 05:30:00,1712.43625,TP,1.5,1.0222499999999854,2
2022-09-05 07:40:00,1709.833,SHORT,1711.0732142857144,1707.9726785714288,1.2402142857142735,65798,2022-09-05 08:00:00,1711.0732142857144,SL,-1.0,-1.2402142857142735,4
2022-09-05 09:30:00,1712.06,LONG,1711.1466428571428,1713.4300357142856,0.9133571428571453,65820,2022-09-05 09:40:00,1713.4300357142856,TP,1.5,1.3700357142856774,2
2022-09-05 09:45:00,1713.794,LONG,1712.8577142857143,1715.1984285714286,0.9362857142856943,65823,2022-09-05 10:15:00,1715.1984285714286,TP,1.5,1.4044285714285252,6
2022-09-05 10:55:00,1714.655,LONG,1713.8525,1715.8587499999999,0.8024999999999766,65837,2022-09-05 11:20:00,1713.8525,SL,-1.0,-0.8025000000000091,5
2022-09-05 11:40:00,1712.904,LONG,1712.135,1714.0575,0.7689999999999892,65846,2022-09-05 11:45:00,1714.0575,TP,1.5,1.1534999999998945,1
2022-09-05 12:45:00,1713.708,LONG,1712.844285714286,1715.0035714285716,0.863714285714309,65859,2022-09-05 12:50:00,1712.844285714286,SL,-1.0,-0.8637142857141953,1
2022-09-05 13:35:00,1711.085,SHORT,1712.0163571428573,1709.6879642857143,0.9313571428571906,65869,2022-09-05 13:40:00,1712.0163571428573,SL,-1.0,-0.9313571428572232,1
2022-09-05 14:05:00,1711.19,SHORT,1712.1675714285716,1709.7236428571427,0.9775714285714717,65875,2022-09-05 14:30:00,1712.1675714285716,SL,-1.0,-0.9775714285715367,5
2022-09-05 14:35:00,1711.884,SHORT,1712.7655714285715,1710.561642857143,0.8815714285714356,65881,2022-09-05 15:20:00,1710.561642857143,TP,1.5,1.3223571428570722,9
2022-09-05 16:15:00,1710.238,SHORT,1710.8049285714287,1709.3876071428572,0.5669285714286129,65901,2022-09-05 16:20:00,1710.8049285714287,SL,-1.0,-0.5669285714286616,1
2022-09-05 17:40:00,1711.254,SHORT,1711.6284999999998,1710.6922499999998,0.37449999999997935,65918,2022-09-05 17:50:00,1711.6284999999998,SL,-1.0,-0.37449999999989814,2
2022-09-05 17:50:00,1711.184,SHORT,1711.5245,1710.67325,0.34049999999998753,65920,2022-09-05 17:55:00,1710.67325,TP,1.5,0.5107499999999163,1
2022-09-06 01:40:00,1717.814,LONG,1716.0902142857144,1720.3996785714287,1.7237857142857496,65972,2022-09-06 04:50:00,1716.0902142857144,SL,-1.0,-1.7237857142856683,38
2022-09-06 06:40:00,1719.064,LONG,1718.1339285714287,1720.4591071428572,0.9300714285713931,66032,2022-09-06 06:55:00,1720.4591071428572,TP,1.5,1.395107142857114,3
2022-09-06 07:20:00,1714.678,SHORT,1715.9330714285716,1712.795392857143,1.2550714285713898,66040,2022-09-06 07:35:00,1715.9330714285716,SL,-1.0,-1.2550714285714548,3
2022-09-06 07:45:00,1715.228,SHORT,1716.7615714285714,1712.927642857143,1.5335714285714306,66045,2022-09-06 08:40:00,1712.927642857143,TP,1.5,2.3003571428571377,11
2022-09-06 10:25:00,1712.374,SHORT,1713.2600714285716,1711.044892857143,0.8860714285714428,66077,2022-09-06 10:40:00,1711.044892857143,TP,1.5,1.329107142857083,3
2022-09-06 10:45:00,1711.398,SHORT,1712.2091428571428,1710.1812857142857,0.8111428571428567,66081,2022-09-06 10:55:00,1712.2091428571428,SL,-1.0,-0.8111428571428405,2
2022-09-06 11:40:00,1712.084,SHORT,1712.9035000000001,1710.85475,0.8195000000000131,66092,2022-09-06 11:50:00,1712.9035000000001,SL,-1.0,-0.8195000000000618,2
2022-09-06 14:45:00,1705.005,SHORT,1707.8748571428573,1700.7002142857143,2.869857142857167,66129,2022-09-06 17:00:00,1700.7002142857143,TP,1.5,4.304785714285799,27
2022-09-06 17:45:00,1701.384,SHORT,1702.5504285714287,1699.6343571428572,1.1664285714285825,66165,2022-09-06 23:25:00,1702.5504285714287,SL,-1.0,-1.1664285714286962,56
2022-09-07 02:35:00,1696.658,SHORT,1697.760857142857,1695.0037142857143,1.1028571428571143,66259,2022-09-07 02:55:00,1695.0037142857143,TP,1.5,1.6542857142856064,4
2022-09-07 04:50:00,1693.528,SHORT,1694.5282142857143,1692.0276785714286,1.0002142857142968,66286,2022-09-07 05:00:00,1694.5282142857143,SL,-1.0,-1.0002142857142644,2
2022-09-07 05:10:00,1694.748,SHORT,1695.7157857142859,1693.2963214285714,0.967785714285729,66290,2022-09-07 05:20:00,1695.7157857142859,SL,-1.0,-0.9677857142858102,2
2022-09-07 10:20:00,1704.954,LONG,1703.9927857142857,1706.3958214285715,0.9612142857143097,66352,2022-09-07 10:30:00,1703.9927857142857,SL,-1.0,-0.9612142857142771,2
2022-09-07 11:05:00,1702.834,LONG,1701.7637142857143,1704.4394285714286,1.0702857142857087,66361,2022-09-07 11:35:00,1701.7637142857143,SL,-1.0,-1.0702857142857738,6
2022-09-07 11:40:00,1703.125,LONG,1701.8664285714287,1705.012857142857,1.2585714285713396,66368,2022-09-07 11:45:00,1701.8664285714287,SL,-1.0,-1.2585714285712584,1
2022-09-07 12:40:00,1699.998,SHORT,1701.5872857142858,1697.6140714285714,1.5892857142857306,66380,2022-09-07 13:10:00,1697.6140714285714,TP,1.5,2.383928571428669,6
2022-09-07 16:10:00,1710.764,LONG,1709.598714285714,1712.5119285714286,1.165285714285736,66422,2022-09-07 16:40:00,1712.5119285714286,TP,1.5,1.7479285714287016,6
2022-09-07 18:25:00,1715.308,LONG,1714.2436428571427,1716.9045357142857,1.06435714285718,66449,2022-09-07 18:45:00,1714.2436428571427,SL,-1.0,-1.0643571428572614,4
2022-09-07 18:50:00,1714.998,LONG,1713.9730714285715,1716.5353928571428,1.0249285714285665,66454,2022-09-07 19:10:00,1716.5353928571428,TP,1.5,1.5373928571427768,4
2022-09-07 19:50:00,1717.258,LONG,1716.3737857142858,1718.5843214285715,0.8842142857142627,66466,2022-09-07 20:10:00,1716.3737857142858,SL,-1.0,-0.884214285714279,4
2022-09-07 22:55:00,1717.961,LONG,1717.4062142857142,1718.7931785714286,0.5547857142857343,66491,2022-09-07 23:00:00,1717.4062142857142,SL,-1.0,-0.5547857142857993,1
2022-09-07 23:35:00,1716.828,LONG,1716.4317142857142,1717.4224285714286,0.3962857142857144,66499,2022-09-07 23:40:00,1716.4317142857142,SL,-1.0,-0.3962857142857956,1
2022-09-08 00:45:00,1715.564,SHORT,1716.3497857142859,1714.3853214285714,0.7857857142857451,66513,2022-09-08 01:05:00,1716.3497857142859,SL,-1.0,-0.7857857142857938,4
2022-09-08 01:10:00,1716.015,SHORT,1716.8212142857144,1714.8056785714286,0.8062142857143206,66518,2022-09-08 01:15:00,1716.8212142857144,SL,-1.0,-0.8062142857143044,1
2022-09-08 01:15:00,1715.995,SHORT,1716.8409285714285,1714.726107142857,0.845928571428593,66519,2022-09-08 01:20:00,1716.8409285714285,SL,-1.0,-0.845928571428658,1
2022-09-08 01:50:00,1715.684,SHORT,1716.7302857142856,1714.1145714285715,1.0462857142857243,66526,2022-09-08 02:35:00,1714.1145714285715,TP,1.5,1.5694285714284888,9
2022-09-08 03:20:00,1715.028,SHORT,1715.8297857142857,1713.8253214285714,0.8017857142857565,66544,2022-09-08 04:10:00,1715.8297857142857,SL,-1.0,-0.8017857142856428,10
2022-09-08 07:25:00,1718.634,LONG,1717.4199285714285,1720.4551071428573,1.2140714285714662,66593,2022-09-08 07:55:00,1717.4199285714285,SL,-1.0,-1.2140714285715148,6
2022-09-08 08:10:00,1717.848,LONG,1716.6730714285713,1719.6103928571429,1.1749285714285438,66602,2022-09-08 08:25:00,1716.6730714285713,SL,-1.0,-1.1749285714286088,3
2022-09-08 08:55:00,1717.928,LONG,1716.7295000000001,1719.72575,1.1985000000000159,66611,2022-09-08 09:00:00,1719.72575,TP,1.5,1.7977499999999509,1
2022-09-08 09:05:00,1719.71,LONG,1718.397642857143,1721.6785357142858,1.3123571428571463,66613,2022-09-08 10:25:00,1721.6785357142858,TP,1.5,1.9685357142857356,16
2022-09-08 12:20:00,1722.714,LONG,1720.5068571428571,1726.0247142857143,2.207142857142831,66652,2022-09-08 12:25:00,1720.5068571428571,SL,-1.0,-2.2071428571427987,1
2022-09-08 15:25:00,1707.884,SHORT,1709.7522857142858,1705.0815714285714,1.8682857142857594,66689,2022-09-08 16:30:00,1705.0815714285714,TP,1.5,2.8024285714286634,13
2022-09-08 18:05:00,1708.978,SHORT,1709.9413571428572,1707.5329642857143,0.9633571428571648,66721,2022-09-08 18:30:00,1709.9413571428572,SL,-1.0,-0.9633571428571486,5
2022-09-08 18:50:00,1707.711,SHORT,1708.6111428571428,1706.3607857142856,0.9001428571428635,66730,2022-09-08 19:15:00,1708.6111428571428,SL,-1.0,-0.9001428571427823,5
2022-09-08 19:45:00,1707.118,SHORT,1707.9922142857142,1705.8066785714286,0.8742142857142718,66741,2022-09-08 20:15:00,1707.9922142857142,SL,-1.0,-0.874214285714288,6
2022-09-09 06:05:00,1719.398,LONG,1718.6345714285712,1720.5431428571428,0.7634285714285787,66853,2022-09-09 06:15:00,1720.5431428571428,TP,1.5,1.1451428571429005,2
2022-09-09 06:45:00,1721.964,LONG,1720.9122142857143,1723.5416785714285,1.0517857142857403,66861,2022-09-09 07:00:00,1723.5416785714285,TP,1.5,1.577678571428578,3
2022-09-09 09:15:00,1727.588,LONG,1726.3229999999999,1729.4855,1.2649999999999864,66891,2022-09-09 09:35:00,1726.3229999999999,SL,-1.0,-1.2650000000001,4
2022-09-09 09:45:00,1726.915,LONG,1725.652357142857,1728.8089642857142,1.2626428571428505,66897,2022-09-09 10:00:00,1728.8089642857142,TP,1.5,1.893964285714219,3
2022-09-09 10:25:00,1726.534,LONG,1725.318642857143,1728.3570357142858,1.2153571428571337,66905,2022-09-09 10:35:00,1728.3570357142858,TP,1.5,1.823035714285652,2
2022-09-09 10:45:00,1728.458,LONG,1727.240142857143,1730.2847857142858,1.2178571428571396,66909,2022-09-09 10:55:00,1727.240142857143,SL,-1.0,-1.2178571428571558,2
2022-09-09 11:10:00,1727.294,LONG,1726.0084285714288,1729.2223571428572,1.2855714285714157,66914,2022-09-09 11:30:00,1726.0084285714288,SL,-1.0,-1.285571428571302,4
2022-09-09 12:00:00,1720.368,SHORT,1722.1956428571427,1717.6265357142856,1.8276428571428727,66924,2022-09-09 12:40:00,1722.1956428571427,SL,-1.0,-1.8276428571427914,8
2022-09-09 14:15:00,1715.144,SHORT,1717.4165,1711.73525,2.2724999999999715,66951,2022-09-09 15:30:00,1717.4165,SL,-1.0,-2.2725000000000364,15
2022-09-09 15:45:00,1716.994,SHORT,1718.4470714285715,1714.8143928571428,1.4530714285714663,66969,2022-09-09 16:40:00,1718.4470714285715,SL,-1.0,-1.4530714285715476,11
2022-09-09 19:05:00,1715.394,SHORT,1715.9658571428572,1714.5362142857143,0.571857142857149,67009,2022-09-09 19:10:00,1715.9658571428572,SL,-1.0,-0.5718571428571977,1
2022-09-09 19:35:00,1714.978,SHORT,1715.5810000000001,1714.0735,0.6030000000000005,67015,2022-09-09 19:40:00,1715.5810000000001,SL,-1.0,-0.6030000000000655,1
2022-09-09 19:50:00,1715.758,SHORT,1716.4441428571429,1714.7287857142858,0.6861428571428567,67018,2022-09-09 20:50:00,1716.4441428571429,SL,-1.0,-0.6861428571428405,12
2022-09-09 20:55:00,1715.938,SHORT,1716.5635000000002,1714.9997500000002,0.6255000000000207,67031,2022-09-11 22:00:00,1716.5635000000002,SL,-1.0,-0.6255000000001019,1
2022-09-11 23:20:00,1718.684,LONG,1718.069,1719.6064999999999,0.6150000000000091,67048,2022-09-11 23:40:00,1718.069,SL,-1.0,-0.6150000000000091,4
2022-09-12 00:40:00,1717.554,LONG,1716.693642857143,1718.8445357142857,0.8603571428571318,67064,2022-09-12 01:00:00,1716.693642857143,SL,-1.0,-0.8603571428570831,4
2022-09-12 01:05:00,1716.148,SHORT,1716.9904285714285,1714.884357142857,0.8424285714285621,67069,2022-09-12 01:25:00,1716.9904285714285,SL,-1.0,-0.842428571428627,4
2022-09-12 01:55:00,1716.454,SHORT,1717.376857142857,1715.0697142857143,0.922857142857148,67079,2022-09-12 02:00:00,1715.0697142857143,TP,1.5,1.3842857142856246,1
2022-09-12 05:45:00,1712.774,SHORT,1713.690357142857,1711.3994642857142,0.9163571428571393,67125,2022-09-12 06:20:00,1713.690357142857,SL,-1.0,-0.9163571428571231,7
2022-09-12 06:35:00,1715.178,SHORT,1716.2650714285714,1713.547392857143,1.0870714285713998,67135,2022-09-12 06:40:00,1716.2650714285714,SL,-1.0,-1.0870714285713348,1
2022-09-12 08:15:00,1722.594,LONG,1721.0164285714286,1724.9603571428572,1.577571428571397,67155,2022-09-12 08:35:00,1724.9603571428572,TP,1.5,2.3663571428571686,4
2022-09-12 10:15:00,1724.594,LONG,1723.5142857142857,1726.2135714285714,1.0797142857142847,67179,2022-09-12 10:30:00,1726.2135714285714,TP,1.5,1.619571428571362,3
2022-09-12 10:30:00,1725.92,LONG,1724.7689285714287,1727.6466071428572,1.1510714285714292,67182,2022-09-12 11:00:00,1727.6466071428572,TP,1.5,1.7266071428571195,6
2022-09-12 11:35:00,1729.248,LONG,1728.0312857142858,1731.0730714285714,1.2167142857142932,67195,2022-09-12 11:50:00,1728.0312857142858,SL,-1.0,-1.2167142857142608,3
2022-09-12 13:05:00,1731.208,LONG,1728.8122857142857,1734.8015714285716,2.3957142857143645,67213,2022-09-12 13:20:00,1728.8122857142857,SL,-1.0,-2.395714285714348,3
2022-09-12 13:25:00,1728.968,LONG,1726.716357142857,1732.3454642857143,2.2516428571428997,67217,2022-09-12 13:35:00,1726.716357142857,SL,-1.0,-2.251642857142997,2
2022-09-12 14:20:00,1729.624,LONG,1727.5228571428572,1732.7757142857142,2.101142857142853,67228,2022-09-12 14:30:00,1727.5228571428572,SL,-1.0,-2.101142857142804,2
2022-09-12 15:30:00,1731.759,LONG,1730.1487857142859,1734.1743214285714,1.6102142857142618,67242,2022-09-12 15:50:00,1734.1743214285714,TP,1.5,2.4153214285713602,4
2022-09-13 03:15:00,1722.064,SHORT,1723.02,1720.63,0.9560000000000173,67371,2022-09-13 04:00:00,1720.63,TP,1.5,1.433999999999969,9
2022-09-13 04:45:00,1721.328,SHORT,1721.9752142857142,1720.3571785714284,0.6472142857143126,67389,2022-09-13 04:55:00,1721.9752142857142,SL,-1.0,-0.6472142857141989,2
2022-09-13 05:00:00,1721.104,SHORT,1721.8087857142857,1720.0468214285715,0.7047857142857278,67392,2022-09-13 05:05:00,1720.0468214285715,TP,1.5,1.0571785714284943,1
2022-09-13 05:35:00,1721.654,SHORT,1722.5772142857143,1720.2691785714285,0.923214285714315,67399,2022-09-13 06:05:00,1722.5772142857143,SL,-1.0,-0.9232142857142662,6
2022-09-13 07:00:00,1724.038,LONG,1722.8710714285714,1725.788392857143,1.1669285714285869,67416,2022-09-13 07:05:00,1722.8710714285714,SL,-1.0,-1.1669285714285706,1
2022-09-13 07:15:00,1723.538,LONG,1722.3587857142857,1725.3068214285715,1.179214285714303,67419,2022-09-13 08:25:00,1722.3587857142857,SL,-1.0,-1.1792142857143517,14
2022-09-13 08:40:00,1724.256,LONG,1723.2375000000002,1725.78375,1.0184999999999849,67436,2022-09-13 08:45:00,1725.78375,TP,1.5,1.527749999999969,1
2022-09-13 10:30:00,1726.264,LONG,1725.2989285714284,1727.711607142857,0.9650714285714262,67458,2022-09-13 10:35:00,1727.711607142857,TP,1.5,1.447607142857123,1
2022-09-13 12:45:00,1707.808,SHORT,1711.1867857142856,1702.7398214285713,3.3787857142857383,67485,2022-09-13 13:00:00,1702.7398214285713,TP,1.5,5.068178571428689,3
2022-09-13 14:30:00,1707.014,SHORT,1709.6190714285713,1703.1063928571427,2.6050714285713963,67506,2022-09-13 15:40:00,1703.1063928571427,TP,1.5,3.9076071428571595,14
2022-09-13 15:40:00,1703.044,SHORT,1704.5677857142857,1700.7583214285714,1.523785714285704,67520,2022-09-13 15:55:00,1700.7583214285714,TP,1.5,2.2856785714286616,3
2022-09-13 17:05:00,1705.644,SHORT,1706.853,1703.8305,1.2089999999999788,67537,2022-09-13 17:25:00,1706.853,SL,-1.0,-1.20900000000006,4
2022-09-13 17:40:00,1704.144,SHORT,1705.4285714285713,1702.2171428571428,1.2845714285714231,67544,2022-09-13 18:15:00,1705.4285714285713,SL,-1.0,-1.2845714285713257,7
2022-09-13 18:20:00,1704.808,SHORT,1706.0209285714286,1702.988607142857,1.2129285714285711,67552,2022-09-13 18:50:00,1702.988607142857,TP,1.5,1.8193928571429296,6
2022-09-13 18:55:00,1703.013,SHORT,1703.895857142857,1701.6887142857142,0.8828571428571357,67559,2022-09-13 19:35:00,1701.6887142857142,TP,1.5,1.3242857142856792,8
2022-09-13 20:10:00,1702.908,SHORT,1703.6128571428571,1701.8507142857143,0.7048571428571222,67574,2022-09-13 20:20:00,1701.8507142857143,TP,1.5,1.0572857142856265,2
2022-09-13 20:25:00,1701.498,SHORT,1702.1497142857143,1700.5204285714287,0.6517142857142711,67577,2022-09-13 20:30:00,1702.1497142857143,SL,-1.0,-0.6517142857142062,1
2022-09-13 20:50:00,1702.174,SHORT,1702.7567142857142,1701.2999285714286,0.5827142857142787,67582,2022-09-13 22:00:00,1701.2999285714286,TP,1.5,0.8740714285713693,2
2022-09-13 22:00:00,1700.998,SHORT,1701.5805,1700.12425,0.582499999999998,67584,2022-09-13 22:10:00,1701.5805,SL,-1.0,-0.5824999999999818,2
2022-09-13 22:35:00,1702.014,SHORT,1702.5905714285714,1701.1491428571428,0.5765714285714368,67591,2022-09-13 23:30:00,1702.5905714285714,SL,-1.0,-0.5765714285714694,11
2022-09-13 23:55:00,1702.064,SHORT,1702.6852142857144,1701.1321785714285,0.621214285714294,67607,2022-09-14 00:00:00,1701.1321785714285,TP,1.5,0.9318214285715385,1
2022-09-14 00:15:00,1701.164,SHORT,1702.0862857142856,1699.7805714285714,0.9222857142857167,67611,2022-09-14 00:25:00,1702.0862857142856,SL,-1.0,-0.9222857142856355,2
2022-09-14 03:45:00,1701.344,LONG,1700.520642857143,1702.5790357142857,0.823357142857146,67653,2022-09-14 03:55:00,1700.520642857143,SL,-1.0,-0.8233571428570485,2
2022-09-14 05:35:00,1703.294,LONG,1702.2143571428574,1704.9134642857143,1.0796428571428578,67675,2022-09-14 05:40:00,1702.2143571428574,SL,-1.0,-1.079642857142744,1
2022-09-14 05:45:00,1702.084,LONG,1701.1598571428572,1703.4702142857143,0.9241428571428807,67677,2022-09-14 05:50:00,1701.1598571428572,SL,-1.0,-0.9241428571428969,1
2022-09-14 06:10:00,1702.474,LONG,1701.4389999999999,1704.0265,1.0350000000000168,67682,2022-09-14 06:15:00,1701.4389999999999,SL,-1.0,-1.0350000000000819,1
2022-09-14 06:50:00,1701.022,SHORT,1702.1195,1699.37575,1.0974999999999844,67690,2022-09-14 07:00:00,1702.1195,SL,-1.0,-1.0975000000000819,2
2022-09-14 07:15:00,1701.104,SHORT,1702.434142857143,1699.1087857142857,1.330142857142846,67695,2022-09-14 07:20:00,1699.1087857142857,TP,1.5,1.9952142857143826,1
2022-09-14 07:25:00,1699.108,SHORT,1700.49,1697.035,1.3819999999999806,67697,2022-09-14 07:35:00,1700.49,SL,-1.0,-1.3820000000000618,2
2022-09-14 09:30:00,1704.178,LONG,1702.830357142857,1706.1994642857144,1.347642857142903,67722,2022-09-14 11:00:00,1702.830357142857,SL,-1.0,-1.3476428571430006,18
2022-09-14 11:05:00,1704.241,LONG,1703.1580714285715,1705.8653928571428,1.0829285714285593,67741,2022-09-14 11:20:00,1703.1580714285715,SL,-1.0,-1.0829285714285106,3
2022-09-14 12:50:00,1706.292,LONG,1704.224,1709.3939999999998,2.067999999999967,67762,2022-09-14 13:15:00,1704.224,SL,-1.0,-2.0679999999999836,5
2022-09-14 13:45:00,1705.524,LONG,1703.8171428571427,1708.0842857142857,1.7068571428571562,67773,2022-09-14 13:55:00,1703.8171428571427,SL,-1.0,-1.7068571428571886,2
2022-09-14 14:20:00,1703.184,LONG,1701.5393571428572,1705.6509642857143,1.6446428571428637,67780,2022-09-14 14:50:00,1705.6509642857143,TP,1.5,2.4669642857143117,6
2022-09-14 16:00:00,1702.704,SHORT,1703.7901428571429,1701.0747857142856,1.0861428571428664,67800,2022-09-14 16:55:00,1701.0747857142856,TP,1.5,1.6292142857143972,11
2022-09-14 20:10:00,1695.688,SHORT,1696.5809285714286,1694.3486071428572,0.8929285714285535,67850,2022-09-14 20:20:00,1696.5809285714286,SL,-1.0,-0.892928571428456,2
2022-09-15 00:00:00,1696.744,SHORT,1697.2741428571428,1695.9487857142856,0.5301428571428589,67884,2022-09-15 00:20:00,1697.2741428571428,SL,-1.0,-0.5301428571428914,4
2022-09-15 01:55:00,1695.894,SHORT,1696.7694285714285,1694.580857142857,0.8754285714286263,67907,2022-09-15 02:15:00,1694.580857142857,TP,1.5,1.3131428571430206,4
2022-09-15 04:15:00,1692.324,SHORT,1692.9592857142857,1691.3710714285714,0.6352857142856821,67935,2022-09-15 04:25:00,1691.3710714285714,TP,1.5,0.9529285714286289,2
2022-09-15 04:25:00,1691.384,SHORT,1692.0265714285715,1690.420142857143,0.6425714285713866,67937,2022-09-15 04:35:00,1690.420142857143,TP,1.5,0.9638571428570231,2
2022-09-15 06:05:00,1688.234,SHORT,1689.2351428571428,1686.7322857142856,1.00114285714283,67957,2022-09-15 07:05:00,1686.7322857142856,TP,1.5,1.5017142857143426,12
2022-09-15 07:40:00,1688.304,SHORT,1689.446642857143,1686.5900357142857,1.1426428571428946,67976,2022-09-15 07:55:00,1689.446642857143,SL,-1.0,-1.142642857142846,3
2022-09-15 08:15:00,1687.348,SHORT,1688.5890714285713,1685.4863928571428,1.2410714285714286,67983,2022-09-15 09:30:00,1688.5890714285713,SL,-1.0,-1.2410714285713311,15
2022-09-15 11:45:00,1686.438,SHORT,1687.7300714285716,1684.4998928571429,1.2920714285714407,68025,2022-09-15 12:10:00,1684.4998928571429,TP,1.5,1.938107142857234,5
2022-09-15 13:05:00,1685.908,SHORT,1688.759857142857,1681.6302142857141,2.8518571428571704,68041,2022-09-15 13:35:00,1681.6302142857141,TP,1.5,4.277785714285756,6
2022-09-15 14:35:00,1683.148,SHORT,1685.5835,1679.4947499999998,2.4354999999999984,68059,2022-09-15 14:45:00,1679.4947499999998,TP,1.5,3.653250000000071,2
2022-09-15 17:35:00,1667.817,SHORT,1669.2235714285714,1665.7071428571428,1.4065714285714128,68095,2022-09-15 17:50:00,1665.7071428571428,TP,1.5,2.1098571428572086,3
2022-09-15 18:45:00,1663.528,SHORT,1664.6267142857143,1661.8799285714285,1.098714285714274,68109,2022-09-15 19:05:00,1664.6267142857143,SL,-1.0,-1.0987142857143226,4
2022-09-16 02:40:00,1662.408,SHORT,1663.5004285714285,1660.769357142857,1.0924285714285946,68192,2022-09-16 02:55:00,1663.5004285714285,SL,-1.0,-1.092428571428627,3
2022-09-16 03:00:00,1662.941,SHORT,1663.9290714285714,1661.4588928571427,0.9880714285714832,68196,2022-09-16 03:55:00,1663.9290714285714,SL,-1.0,-0.9880714285714021,11
2022-09-16 04:30:00,1664.178,LONG,1663.5178571428573,1665.1682142857144,0.6601428571428707,68214,2022-09-16 05:05:00,1663.5178571428573,SL,-1.0,-0.6601428571427732,7
2022-09-16 05:30:00,1663.918,LONG,1663.288857142857,1664.8617142857142,0.6291428571428891,68226,2022-09-16 05:40:00,1663.288857142857,SL,-1.0,-0.6291428571428241,2
2022-09-16 05:50:00,1662.765,SHORT,1663.4025714285715,1661.8086428571428,0.6375714285714723,68230,2022-09-16 06:10:00,1663.4025714285715,SL,-1.0,-0.6375714285713912,4
2022-09-16 06:20:00,1662.568,SHORT,1663.429,1661.2765,0.8610000000000387,68236,2022-09-16 06:25:00,1661.2765,TP,1.5,1.2915000000000418,1
2022-09-16 06:35:00,1659.635,SHORT,1660.639642857143,1658.1280357142857,1.0046428571428936,68239,2022-09-16 07:00:00,1660.639642857143,SL,-1.0,-1.004642857142926,5
2022-09-16 07:15:00,1661.694,SHORT,1662.8432857142857,1659.9700714285714,1.149285714285741,68247,2022-09-16 07:30:00,1659.9700714285714,TP,1.5,1.723928571428587,3
2022-09-16 10:00:00,1659.218,SHORT,1660.9305714285715,1656.649142857143,1.7125714285714204,68280,2022-09-16 10:20:00,1660.9305714285715,SL,-1.0,-1.7125714285714366,4
2022-09-16 10:30:00,1662.205,LONG,1660.7159285714285,1664.438607142857,1.4890714285714108,68286,2022-09-16 10:55:00,1664.438607142857,TP,1.5,2.2336071428571813,5
2022-09-16 15:55:00,1673.875,LONG,1672.1849285714286,1676.4101071428572,1.6900714285714165,68351,2022-09-16 17:50:00,1672.1849285714286,SL,-1.0,-1.6900714285714002,23
2022-09-16 18:15:00,1673.578,LONG,1672.4334285714285,1675.2948571428572,1.144571428571453,68379,2022-09-16 18:30:00,1675.2948571428572,TP,1.5,1.7168571428571795,3
2022-09-16 19:35:00,1674.318,LONG,1673.283357142857,1675.8699642857143,1.0346428571428663,68395,2022-09-16 19:55:00,1673.283357142857,SL,-1.0,-1.0346428571428987,4
2022-09-16 20:20:00,1674.375,LONG,1673.6029285714285,1675.5331071428573,0.7720714285714426,68404,2022-09-16 20:50:00,1675.5331071428573,TP,1.5,1.1581071428572614,6
2022-09-19 00:20:00,1678.178,LONG,1677.2730000000001,1679.5355000000002,0.9049999999999889,68440,2022-09-19 00:25:00,1677.2730000000001,SL,-1.0,-0.9049999999999727,1
2022-09-19 03:00:00,1670.098,SHORT,1671.2143571428571,1668.4234642857143,1.11635714285712,68472,2022-09-19 03:40:00,1668.4234642857143,TP,1.5,1.6745357142856392,8
2022-09-19 04:35:00,1668.565,SHORT,1669.3615,1667.37025,0.7965000000000373,68491,2022-09-19 05:05:00,1667.37025,TP,1.5,1.1947500000001128,6
2022-09-19 05:25:00,1668.798,SHORT,1669.571,1667.6385,0.772999999999992,68501,2022-09-19 05:35:00,1667.6385,TP,1.5,1.15949999999998,2
2022-09-19 08:40:00,1665.688,SHORT,1667.0754285714288,1663.6068571428573,1.387428571428586,68540,2022-09-19 08:45:00,1663.6068571428573,TP,1.5,2.0811428571428223,1
2022-09-19 09:10:00,1663.998,SHORT,1665.4669285714285,1661.794607142857,1.4689285714285916,68546,2022-09-19 10:50:00,1665.4669285714285,SL,-1.0,-1.4689285714284779,20
2022-09-19 10:55:00,1664.978,SHORT,1665.9914285714287,1663.4578571428572,1.0134285714285949,68567,2022-09-19 11:05:00,1663.4578571428572,TP,1.5,1.5201428571429005,2
2022-09-19 13:30:00,1665.958,LONG,1664.1560714285715,1668.660892857143,1.8019285714285778,68598,2022-09-19 14:00:00,1664.1560714285715,SL,-1.0,-1.8019285714285616,6
2022-09-19 14:10:00,1666.408,LONG,1664.3812857142857,1669.4480714285714,2.0267142857142875,68606,2022-09-19 14:20:00,1664.3812857142857,SL,-1.0,-2.026714285714206,2
2022-09-19 14:20:00,1665.621,LONG,1663.557142857143,1668.7167857142858,2.063857142857143,68608,2022-09-19 14:35:00,1668.7167857142858,TP,1.5,3.0957857142857392,3
2022-09-19 16:10:00,1671.488,LONG,1670.4092142857144,1673.1061785714287,1.0787857142857027,68630,2022-09-19 16:20:00,1670.4092142857144,SL,-1.0,-1.0787857142856865,2
2022-09-19 16:30:00,1670.645,LONG,1669.7098571428571,1672.0477142857144,0.9351428571428804,68634,2022-09-19 16:40:00,1669.7098571428571,SL,-1.0,-0.9351428571428642,2
2022-09-19 16:40:00,1670.318,LONG,1669.399357142857,1671.6959642857144,0.9186428571428645,68636,2022-09-19 17:10:00,1669.399357142857,SL,-1.0,-0.9186428571429133,6
2022-09-19 17:15:00,1669.655,LONG,1668.7177857142856,1671.0608214285714,0.9372142857143088,68643,2022-09-19 18:35:00,1671.0608214285714,TP,1.5,1.4058214285714712,16
2022-09-19 18:45:00,1671.688,LONG,1670.8155714285715,1672.9966428571431,0.872428571428616,68661,2022-09-19 18:55:00,1670.8155714285715,SL,-1.0,-0.8724285714285998,2
2022-09-20 00:55:00,1675.948,LONG,1674.9082857142857,1677.5075714285715,1.039714285714305,68723,2022-09-20 01:30:00,1674.9082857142857,SL,-1.0,-1.0397142857143535,7
2022-09-20 02:50:00,1675.545,LONG,1674.7435,1676.7472500000001,0.8014999999999678,68746,2022-09-20 02:55:00,1676.7472500000001,TP,1.5,1.2022500000000491,1
2022-09-20 03:00:00,1676.895,LONG,1676.0473571428572,1678.1664642857143,0.8476428571428382,68748,2022-09-20 03:15:00,1676.0473571428572,SL,-1.0,-0.8476428571427732,3
2022-09-20 07:10:00,1672.888,SHORT,1674.1310714285714,1671.0233928571427,1.2430714285714461,68798,2022-09-20 07:15:00,1674.1310714285714,SL,-1.0,-1.2430714285715112,1
2022-09-20 07:40:00,1672.395,SHORT,1673.7817142857143,1670.3149285714285,1.386714285714285,68804,2022-09-20 07:55:00,1673.7817142857143,SL,-1.0,-1.3867142857143335,3
2022-09-20 07:55:00,1672.492,SHORT,1674.0023571428571,1670.2264642857142,1.5103571428571578,68807,2022-09-20 08:10:00,1670.2264642857142,TP,1.5,2.265535714285761,3
2022-09-20 11:30:00,1668.488,SHORT,1669.6250714285716,1666.782392857143,1.137071428571403,68850,2022-09-20 11:40:00,1666.782392857143,TP,1.5,1.7056071428571613,2
2022-09-20 12:15:00,1667.315,SHORT,1668.675,1665.275,1.3599999999999974,68859,2022-09-20 12:30:00,1665.275,TP,1.5,2.0399999999999636,3
2022-09-20 12:45:00,1667.208,SHORT,1668.7740714285715,1664.858892857143,1.5660714285714252,68865,2022-09-20 13:00:00,1668.7740714285715,SL,-1.0,-1.5660714285713766,3
2022-09-20 13:20:00,1665.485,SHORT,1667.1747857142857,1662.9503214285714,1.6897857142856927,68872,2022-09-20 13:30:00,1662.9503214285714,TP,1.5,2.534678571428458,2
2022-09-20 14:10:00,1663.185,SHORT,1665.3047142857142,1660.0054285714284,2.119714285714297,68882,2022-09-20 14:50:00,1665.3047142857142,SL,-1.0,-2.1197142857142808,8
2022-09-20 15:20:00,1664.788,SHORT,1666.4503571428572,1662.2944642857144,1.6623571428571202,68896,2022-09-20 17:30:00,1662.2944642857144,TP,1.5,2.493535714285599,26
2022-09-20 18:35:00,1663.065,SHORT,1664.220857142857,1661.3312142857144,1.1558571428571278,68935,2022-09-20 18:45:00,1664.220857142857,SL,-1.0,-1.1558571428570303,2
2022-09-20 18:55:00,1663.895,SHORT,1664.9165,1662.36275,1.021499999999995,68939,2022-09-20 19:30:00,1664.9165,SL,-1.0,-1.02150000000006,7
2022-09-20 19:35:00,1665.243,SHORT,1666.249,1663.734,1.0060000000000042,68947,2022-09-20 23:40:00,1666.249,SL,-1.0,-1.0060000000000855,37
2022-09-21 02:00:00,1664.098,SHORT,1665.0831428571428,1662.6202857142857,0.9851428571428674,69012,2022-09-21 02:05:00,1665.0831428571428,SL,-1.0,-0.9851428571428187,1
2022-09-21 02:20:00,1666.175,LONG,1665.2491428571427,1667.5637857142856,0.9258571428571584,69016,2022-09-21 02:30:00,1665.2491428571427,SL,-1.0,-0.9258571428572395,2
2022-09-21 02:40:00,1665.675,LONG,1664.8552857142856,1666.9045714285714,0.8197142857142775,69020,2022-09-21 02:55:00,1664.8552857142856,SL,-1.0,-0.8197142857143263,3
2022-09-21 05:20:00,1663.718,SHORT,1664.4303571428572,1662.6494642857144,0.712357142857156,69052,2022-09-21 05:30:00,1664.4303571428572,SL,-1.0,-0.7123571428571722,2
2022-09-21 07:40:00,1671.558,LONG,1669.9929285714286,1673.9056071428572,1.5650714285714327,69080,2022-09-21 08:05:00,1669.9929285714286,SL,-1.0,-1.5650714285714002,5
2022-09-21 08:10:00,1670.698,LONG,1669.4872142857143,1672.5141785714286,1.2107857142857321,69086,2022-09-21 09:05:00,1672.5141785714286,TP,1.5,1.8161785714285088,11
2022-09-21 09:15:00,1673.978,LONG,1672.8446428571428,1675.678035714286,1.1333571428571727,69099,2022-09-21 10:25:00,1675.678035714286,TP,1.5,1.700035714285832,14
2022-09-21 11:05:00,1674.245,LONG,1673.2039285714284,1675.806607142857,1.041071428571448,69121,2022-09-21 11:15:00,1673.2039285714284,SL,-1.0,-1.041071428571513,2
2022-09-21 11:20:00,1673.828,LONG,1672.7796428571428,1675.4005357142858,1.0483571428571687,69124,2022-09-21 11:35:00,1675.4005357142858,TP,1.5,1.5725357142857774,3
2022-09-21 12:30:00,1674.055,LONG,1672.6518571428571,1676.1597142857145,1.4031428571428737,69138,2022-09-21 13:00:00,1672.6518571428571,SL,-1.0,-1.4031428571429387,6
2022-09-21 13:05:00,1673.928,LONG,1672.392285714286,1676.2315714285717,1.535714285714302,69145,2022-09-21 13:30:00,1672.392285714286,SL,-1.0,-1.5357142857142208,5
2022-09-21 18:35:00,1676.057,SHORT,1680.6645714285714,1669.1456428571428,4.607571428571451,69211,2022-09-21 18:40:00,1680.6645714285714,SL,-1.0,-4.607571428571418,1
2022-09-21 20:45:00,1673.955,LONG,1672.5169285714285,1676.1121071428572,1.4380714285714638,69237,2022-09-21 22:00:00,1672.5169285714285,SL,-1.0,-1.4380714285714475,3
2022-09-22 02:30:00,1658.373,SHORT,1659.7161428571428,1656.3582857142858,1.3431428571428472,69294,2022-09-22 02:40:00,1659.7161428571428,SL,-1.0,-1.343142857142766,2
2022-09-22 02:50:00,1660.905,SHORT,1662.1656428571428,1659.0140357142857,1.2606428571428165,69298,2022-09-22 02:55:00,1662.1656428571428,SL,-1.0,-1.2606428571427841,1
2022-09-22 03:05:00,1661.375,SHORT,1662.8759285714286,1659.1236071428573,1.500928571428517,69301,2022-09-22 05:35:00,1662.8759285714286,SL,-1.0,-1.5009285714286307,30
2022-09-22 05:40:00,1662.098,SHORT,1663.2332142857142,1660.3951785714285,1.1352142857142715,69332,2022-09-22 06:10:00,1660.3951785714285,TP,1.5,1.7028214285714967,6
2022-09-22 06:10:00,1660.428,SHORT,1661.6172857142858,1658.6440714285716,1.1892857142857207,69338,2022-09-22 06:40:00,1658.6440714285716,TP,1.5,1.7839285714285325,6
2022-09-22 07:50:00,1658.805,SHORT,1660.5537142857142,1656.1819285714287,1.7487142857142837,69358,2022-09-22 08:00:00,1660.5537142857142,SL,-1.0,-1.7487142857141862,2
2022-09-22 10:15:00,1666.565,LONG,1664.5666428571428,1669.5625357142858,1.9983571428571654,69387,2022-09-22 11:00:00,1669.5625357142858,TP,1.5,2.997535714285732,9
2022-09-22 11:00:00,1668.696,LONG,1666.8405714285714,1671.4791428571427,1.8554285714285956,69396,2022-09-22 11:05:00,1666.8405714285714,SL,-1.0,-1.855428571428547,1
2022-09-22 11:25:00,1666.338,LONG,1664.2804285714285,1669.4243571428572,2.0575714285714475,69401,2022-09-22 11:30:00,1669.4243571428572,TP,1.5,3.086357142857196,1
2022-09-22 14:25:00,1677.787,LONG,1674.9050714285715,1682.109892857143,2.88192857142857,69437,2022-09-22 14:30:00,1674.9050714285715,SL,-1.0,-2.881928571428489,1
2022-09-22 15:50:00,1671.228,SHORT,1673.146642857143,1668.3500357142857,1.9186428571428482,69454,2022-09-22 16:35:00,1673.146642857143,SL,-1.0,-1.9186428571429133,9
2022-09-22 18:45:00,1669.905,SHORT,1671.0693571428571,1668.1584642857142,1.1643571428571053,69489,2022-09-22 18:50:00,1671.0693571428571,SL,-1.0,-1.1643571428571704,1
2022-09-22 20:05:00,1671.725,SHORT,1672.8129285714285,1670.093107142857,1.0879285714285873,69505,2022-09-23 00:00:00,1672.8129285714285,SL,-1.0,-1.0879285714286198,35
2022-09-23 00:30:00,1672.958,LONG,1672.3477857142857,1673.8733214285714,0.6102142857142943,69546,2022-09-23 00:45:00,1673.8733214285714,TP,1.5,0.9153214285713602,3
2022-09-23 01:10:00,1674.433,LONG,1673.5151428571428,1675.8097857142857,0.9178571428571526,69554,2022-09-23 01:20:00,1675.8097857142857,TP,1.5,1.3767857142856883,2
2022-09-23 03:20:00,1670.978,SHORT,1671.7611428571429,1669.8032857142857,0.7831428571428692,69580,2022-09-23 03:35:00,1669.8032857142857,TP,1.5,1.1747142857143444,3
2022-09-23 04:35:00,1668.398,SHORT,1669.1421428571427,1667.2817857142857,0.7441428571428494,69595,2022-09-23 04:45:00,1669.1421428571427,SL,-1.0,-0.7441428571428332,2
2022-09-23 05:05:00,1669.195,SHORT,1669.908857142857,1668.1242142857143,0.7138571428571368,69601,2022-09-23 05:15:00,1669.908857142857,SL,-1.0,-0.7138571428570231,2
2022-09-23 13:15:00,1654.898,SHORT,1657.5078571428571,1650.9832142857142,2.6098571428571438,69699,2022-09-23 13:30:00,1650.9832142857142,TP,1.5,3.914785714285699,3
2022-09-23 14:35:00,1643.795,SHORT,1646.5497142857143,1639.6629285714287,2.754714285714223,69715,2022-09-23 15:05:00,1646.5497142857143,SL,-1.0,-2.7547142857142717,6
2022-09-23 15:10:00,1643.728,SHORT,1645.8972142857144,1640.4741785714286,2.1692142857142636,69722,2022-09-23 15:15:00,1645.8972142857144,SL,-1.0,-2.169214285714361,1
2022-09-23 15:50:00,1647.495,SHORT,1649.2745714285713,1644.8256428571428,1.7795714285714277,69730,2022-09-23 17:35:00,1644.8256428571428,TP,1.5,2.669357142857052,21
2022-09-23 17:50:00,1644.208,SHORT,1645.5092857142859,1642.2560714285714,1.3012857142857033,69754,2022-09-23 18:50:00,1642.2560714285714,TP,1.5,1.9519285714286525,12
2022-09-23 19:10:00,1642.098,SHORT,1643.6200714285715,1639.8148928571427,1.5220714285714425,69770,2022-09-23 19:35:00,1643.6200714285715,SL,-1.0,-1.5220714285715076,5
2022-09-23 19:45:00,1643.403,SHORT,1644.9507142857144,1641.0814285714284,1.5477142857143267,69777,2022-09-23 20:50:00,1644.9507142857144,SL,-1.0,-1.5477142857143917,13
2022-09-25 22:00:00,1643.115,SHORT,1644.1200714285715,1641.607392857143,1.0050714285713735,69792,2022-09-25 22:05:00,1641.607392857143,TP,1.5,1.5076071428570685,1
2022-09-25 23:05:00,1643.368,SHORT,1644.9489285714285,1640.996607142857,1.580928571428558,69805,2022-09-26 00:00:00,1644.9489285714285,SL,-1.0,-1.580928571428558,11
2022-09-26 00:25:00,1642.168,SHORT,1643.3556428571428,1640.3865357142856,1.1876428571428537,69821,2022-09-26 00:30:00,1643.3556428571428,SL,-1.0,-1.1876428571429187,1
2022-09-26 00:55:00,1627.805,SHORT,1630.1772142857144,1624.2466785714287,2.3722142857142865,69827,2022-09-26 01:00:00,1630.1772142857144,SL,-1.0,-2.3722142857143353,1
2022-09-26 01:20:00,1639.115,SHORT,1643.4461428571428,1632.6182857142858,4.331142857142855,69832,2022-09-26 07:05:00,1643.4461428571428,SL,-1.0,-4.331142857142822,69
2022-09-26 11:40:00,1640.516,SHORT,1641.96,1638.3500000000001,1.4440000000000086,69956,2022-09-26 12:05:00,1641.96,SL,-1.0,-1.44399999999996,5
2022-09-26 12:10:00,1640.61,SHORT,1642.125,1638.3374999999999,1.5150000000000026,69962,2022-09-26 12:20:00,1642.125,SL,-1.0,-1.5150000000001,2
2022-09-26 12:45:00,1645.535,LONG,1643.5321428571428,1648.5392857142858,2.002857142857173,69969,2022-09-26 13:40:00,1643.5321428571428,SL,-1.0,-2.0028571428572377,11
2022-09-26 13:55:00,1646.118,LONG,1644.0817142857143,1649.1724285714286,2.036285714285733,69983,2022-09-26 14:00:00,1644.0817142857143,SL,-1.0,-2.0362857142856683,1
2022-09-26 14:10:00,1645.403,LONG,1643.2911428571429,1648.5707857142856,2.1118571428571613,69986,2022-09-26 14:45:00,1643.2911428571429,SL,-1.0,-2.1118571428571613,7
2022-09-26 19:25:00,1626.858,SHORT,1628.6896428571429,1624.1105357142856,1.8316428571428756,70049,2022-09-26 19:35:00,1624.1105357142856,TP,1.5,2.7474642857143863,2
2022-09-26 19:55:00,1624.168,SHORT,1625.8141428571428,1621.6987857142856,1.6461428571428445,70055,2022-09-26 20:30:00,1621.6987857142856,TP,1.5,2.4692142857143153,7
2022-09-26 22:20:00,1624.398,SHORT,1625.5919999999999,1622.607,1.194000000000025,70072,2022-09-26 22:50:00,1625.5919999999999,SL,-1.0,-1.19399999999996,6
2022-09-27 01:55:00,1630.008,LONG,1628.6485,1632.0472499999998,1.3594999999999442,70115,2022-09-27 02:00:00,1628.6485,SL,-1.0,-1.3595000000000255,1
2022-09-27 02:20:00,1629.978,LONG,1628.7245,1631.85825,1.2534999999999823,70120,2022-09-27 04:20:00,1631.85825,TP,1.5,1.8802499999999327,24
2022-09-27 12:10:00,1637.108,LONG,1635.5559285714285,1639.436107142857,1.5520714285714152,70238,2022-09-27 12:20:00,1639.436107142857,TP,1.5,2.3281071428571067,2
2022-09-27 12:20:00,1639.338,LONG,1637.7203571428572,1641.7644642857142,1.6176428571428525,70240,2022-09-27 12:30:00,1637.7203571428572,SL,-1.0,-1.617642857142755,2
2022-09-27 12:30:00,1639.528,LONG,1637.7707142857143,1642.1639285714286,1.7572857142857043,70242,2022-09-27 12:45:00,1637.7707142857143,SL,-1.0,-1.757285714285672,3
2022-09-27 13:00:00,1635.758,LONG,1634.0115,1638.37775,1.7464999999999853,70248,2022-09-27 13:10:00,1638.37775,TP,1.5,2.6197500000000673,2
2022-09-27 13:35:00,1638.406,LONG,1636.1979999999999,1641.7179999999998,2.20799999999997,70255,2022-09-27 13:45:00,1636.1979999999999,SL,-1.0,-2.2080000000000837,2
2022-09-27 13:50:00,1639.318,LONG,1636.9585714285715,1642.857142857143,2.3594285714285497,70258,2022-09-27 14:00:00,1636.9585714285715,SL,-1.0,-2.3594285714284524,2
2022-09-27 14:35:00,1635.128,SHORT,1638.0821428571428,1630.6967857142856,2.954142857142853,70267,2022-09-27 16:05:00,1630.6967857142856,TP,1.5,4.431214285714304,18
2022-09-27 18:05:00,1630.185,SHORT,1631.5936428571429,1628.0720357142857,1.408642857142841,70309,2022-09-27 18:35:00,1631.5936428571429,SL,-1.0,-1.4086428571429224,6
2022-09-27 22:15:00,1629.198,SHORT,1629.9232142857145,1628.1101785714286,0.7252142857143034,70347,2022-09-27 22:25:00,1629.9232142857145,SL,-1.0,-0.7252142857144008,2
2022-09-28 00:05:00,1628.678,SHORT,1629.4205714285715,1627.564142857143,0.7425714285714743,70369,2022-09-28 00:10:00,1629.4205714285715,SL,-1.0,-0.7425714285714093,1
2022-09-28 02:45:00,1624.648,SHORT,1625.7222857142856,1623.0365714285713,1.0742857142857116,70401,2022-09-28 03:10:00,1625.7222857142856,SL,-1.0,-1.0742857142856792,5
2022-09-28 03:55:00,1624.503,SHORT,1625.2150714285715,1623.4348928571426,0.7120714285714972,70415,2022-09-28 04:20:00,1625.2150714285715,SL,-1.0,-0.7120714285715621,5
2022-09-28 04:20:00,1624.748,SHORT,1625.3935714285715,1623.7796428571428,0.6455714285714781,70420,2022-09-28 04:55:00,1623.7796428571428,TP,1.5,0.9683571428572577,7
2022-09-28 06:25:00,1622.268,SHORT,1623.6452142857142,1620.2021785714285,1.3772142857142984,70445,2022-09-28 07:00:00,1623.6452142857142,SL,-1.0,-1.3772142857142171,7
2022-09-28 07:05:00,1619.988,SHORT,1621.6602857142857,1617.4795714285715,1.6722857142856842,70453,2022-09-28 07:20:00,1617.4795714285715,TP,1.5,2.508428571428567,3
2022-09-28 07:55:00,1621.795,SHORT,1624.1609285714287,1618.2461071428572,2.3659285714285425,70463,2022-09-28 08:20:00,1624.1609285714287,SL,-1.0,-2.3659285714286398,5
2022-09-28 09:35:00,1617.838,SHORT,1619.1435714285715,1615.8796428571427,1.3055714285714626,70483,2022-09-28 10:00:00,1619.1435714285715,SL,-1.0,-1.3055714285715112,5
2022-09-28 11:40:00,1624.015,LONG,1621.6927857142857,1627.4983214285714,2.3222142857142836,70508,2022-09-28 12:05:00,1627.4983214285714,TP,1.5,3.483321428571344,5
2022-09-28 18:10:00,1661.154,LONG,1659.7322857142858,1663.2865714285715,1.4217142857142855,70586,2022-09-28 18:25:00,1659.7322857142858,SL,-1.0,-1.421714285714188,3
2022-09-28 18:35:00,1660.508,LONG,1659.2821428571428,1662.3467857142857,1.2258571428571616,70591,2022-09-28 18:40:00,1659.2821428571428,SL,-1.0,-1.225857142857194,1
2022-09-28 18:55:00,1661.769,LONG,1660.5114285714285,1663.6553571428572,1.2575714285714608,70595,2022-09-28 19:10:00,1660.5114285714285,SL,-1.0,-1.2575714285715094,3
2022-09-28 20:10:00,1659.575,LONG,1658.5645714285715,1661.090642857143,1.0104285714285683,70610,2022-09-28 22:00:00,1658.5645714285715,SL,-1.0,-1.0104285714285197,10
2022-09-28 22:20:00,1658.475,LONG,1657.8014285714285,1659.485357142857,0.6735714285714168,70624,2022-09-28 22:35:00,1657.8014285714285,SL,-1.0,-0.6735714285714494,3
2022-09-29 01:20:00,1657.605,SHORT,1658.9116428571429,1655.6450357142858,1.3066428571428657,70660,2022-09-29 01:30:00,1658.9116428571429,SL,-1.0,-1.3066428571428332,2
2022-09-29 01:45:00,1656.425,SHORT,1658.008142857143,1654.0502857142856,1.5831428571428887,70665,2022-09-29 02:00:00,1654.0502857142856,TP,1.5,2.37471428571439,3
2022-09-29 02:35:00,1653.695,SHORT,1655.1934285714285,1651.447357142857,1.49842857142856,70675,2022-09-29 05:00:00,1651.447357142857,TP,1.5,2.247642857142864,29
2022-09-29 07:00:00,1645.955,SHORT,1647.5817857142856,1643.5148214285714,1.6267857142857207,70728,2022-09-29 07:25:00,1643.5148214285714,TP,1.5,2.4401785714285325,5
2022-09-29 08:25:00,1644.498,SHORT,1646.2388571428571,1641.8867142857143,1.740857142857083,70745,2022-09-29 09:05:00,1646.2388571428571,SL,-1.0,-1.7408571428570667,8
2022-09-29 12:15:00,1652.225,LONG,1650.5284285714285,1654.769857142857,1.6965714285714577,70791,2022-09-29 12:25:00,1654.769857142857,TP,1.5,2.544857142857154,2
2022-09-29 12:40:00,1650.196,LONG,1647.8715,1653.68275,2.324500000000025,70796,2022-09-29 12:45:00,1647.8715,SL,-1.0,-2.3244999999999436,1
2022-09-29 13:00:00,1651.865,LONG,1649.2879285714287,1655.7306071428573,2.577071428571441,70800,2022-09-29 13:15:00,1655.7306071428573,TP,1.5,3.865607142857243,3
2022-09-29 17:30:00,1661.396,LONG,1660.0482857142858,1663.4175714285714,1.3477142857142164,70854,2022-09-29 17:40:00,1660.0482857142858,SL,-1.0,-1.3477142857141189,2
2022-09-29 17:50:00,1658.355,LONG,1657.0185000000001,1660.35975,1.3364999999999685,70858,2022-09-29 19:30:00,1660.35975,TP,1.5,2.004750000000058,20
2022-09-29 20:20:00,1660.368,LONG,1659.4699285714285,1661.715107142857,0.898071428571419,70888,2022-09-29 22:05:00,1661.715107142857,TP,1.5,1.3471071428571122,9
2022-09-30 00:15:00,1663.475,LONG,1662.7015,1664.6352499999998,0.7734999999999802,70923,2022-09-30 00:25:00,1662.7015,SL,-1.0,-0.7735000000000127,2
2022-09-30 00:50:00,1664.235,LONG,1663.171214285714,1665.8306785714285,1.0637857142857325,70930,2022-09-30 01:00:00,1663.171214285714,SL,-1.0,-1.0637857142858138,2
2022-09-30 01:40:00,1662.138,LONG,1660.8851428571427,1664.0172857142857,1.2528571428571402,70940,2022-09-30 02:00:00,1660.8851428571427,SL,-1.0,-1.2528571428572377,4
2022-09-30 03:30:00,1662.708,LONG,1661.8539285714287,1663.9891071428574,0.8540714285714687,70962,2022-09-30 03:50:00,1661.8539285714287,SL,-1.0,-0.8540714285713875,4
2022-09-30 06:30:00,1666.028,LONG,1664.7538571428572,1667.9392142857143,1.2741428571428546,70998,2022-09-30 06:40:00,1664.7538571428572,SL,-1.0,-1.274142857142806,2
2022-09-30 06:45:00,1666.748,LONG,1665.4725714285714,1668.661142857143,1.2754285714285547,71001,2022-09-30 06:50:00,1668.661142857143,TP,1.5,1.9131428571429296,1
2022-09-30 08:45:00,1670.735,LONG,1669.0946428571428,1673.1955357142856,1.6403571428571209,71025,2022-09-30 09:05:00,1669.0946428571428,SL,-1.0,-1.6403571428570558,4
2022-09-30 09:15:00,1670.818,LONG,1669.0925714285713,1673.4061428571429,1.7254285714285678,71031,2022-09-30 09:35:00,1669.0925714285713,SL,-1.0,-1.7254285714286652,4
2022-09-30 10:25:00,1665.775,SHORT,1667.5335,1663.1372500000002,1.7584999999999777,71045,2022-09-30 11:35:00,1663.1372500000002,TP,1.5,2.637749999999869,14
2022-09-30 12:35:00,1666.248,SHORT,1668.317857142857,1663.1432142857143,2.069857142857115,71071,2022-09-30 12:40:00,1668.317857142857,SL,-1.0,-2.0698571428570176,1
2022-09-30 13:00:00,1663.366,SHORT,1665.7985,1659.71725,2.432500000000021,71076,2022-09-30 13:30:00,1665.7985,SL,-1.0,-2.4325000000001182,6
2022-09-30 13:55:00,1670.008,LONG,1667.4762857142857,1673.8055714285715,2.5317142857142665,71087,2022-09-30 14:30:00,1673.8055714285715,TP,1.5,3.797571428571473,7
2022-09-30 15:35:00,1673.538,LONG,1671.6630714285714,1676.3503928571429,1.8749285714285893,71107,2022-09-30 15:50:00,1671.6630714285714,SL,-1.0,-1.8749285714286543,3
2022-09-30 15:55:00,1671.228,LONG,1669.8164285714286,1673.3453571428572,1.4115714285714083,71111,2022-09-30 16:05:00,1669.8164285714286,SL,-1.0,-1.4115714285715057,2
2022-09-30 18:20:00,1663.205,SHORT,1664.3767142857141,1661.4474285714284,1.1717142857143017,71140,2022-09-30 18:30:00,1664.3767142857141,SL,-1.0,-1.171714285714188,2
2022-09-30 18:35:00,1663.255,SHORT,1664.4398571428574,1661.4777142857145,1.1848571428571404,71143,2022-09-30 18:45:00,1661.4777142857145,TP,1.5,1.7772857142856537,2
2022-09-30 20:50:00,1660.665,SHORT,1661.4897857142857,1659.4278214285714,0.8247857142856999,71170,2022-10-02 22:00:00,1661.4897857142857,SL,-1.0,-0.8247857142857811,2
2022-10-03 00:15:00,1664.518,LONG,1663.8592142857142,1665.5061785714286,0.6587857142857274,71199,2022-10-03 00:50:00,1663.8592142857142,SL,-1.0,-0.6587857142858411,7
2022-10-03 00:55:00,1664.155,LONG,1663.3924285714286,1665.298857142857,0.7625714285714237,71207,2022-10-03 01:10:00,1665.298857142857,TP,1.5,1.1438571428570867,3
2022-10-03 05:15:00,1663.048,SHORT,1663.9167142857143,1661.7449285714285,0.8687142857142719,71259,2022-10-03 05:25:00,1663.9167142857143,SL,-1.0,-0.8687142857143044,2
2022-10-03 05:35:00,1664.165,SHORT,1664.944857142857,1662.9952142857142,0.7798571428571351,71263,2022-10-03 05:40:00,1664.944857142857,SL,-1.0,-0.779857142857054,1
2022-10-03 07:35:00,1661.738,SHORT,1663.4943571428573,1659.1034642857144,1.7563571428571874,71287,2022-10-03 07:45:00,1663.4943571428573,SL,-1.0,-1.7563571428572686,2
2022-10-03 08:00:00,1661.746,SHORT,1663.7420000000002,1658.7520000000002,1.9960000000000133,71292,2022-10-03 08:15:00,1663.7420000000002,SL,-1.0,-1.9960000000000946,3
2022-10-03 12:20:00,1668.988,LONG,1667.2180714285714,1671.642892857143,1.7699285714285224,71344,2022-10-03 12:35:00,1667.2180714285714,SL,-1.0,-1.7699285714286361,3
2022-10-03 13:00:00,1666.555,LONG,1664.4194285714286,1669.7583571428572,2.1355714285713896,71352,2022-10-03 13:15:00,1669.7583571428572,TP,1.5,3.2033571428571577,3
2022-10-03 13:35:00,1668.688,LONG,1666.094642857143,1672.5780357142858,2.5933571428571276,71359,2022-10-03 14:00:00,1672.5780357142858,TP,1.5,3.890035714285659,5
2022-10-03 14:00:00,1673.775,LONG,1670.8960000000002,1678.0935000000002,2.8789999999999867,71364,2022-10-03 14:05:00,1678.0935000000002,TP,1.5,4.3185000000000855,1
2022-10-03 16:35:00,1689.918,LONG,1687.7979285714284,1693.098107142857,2.120071428571415,71395,2022-10-03 17:20:00,1693.098107142857,TP,1.5,3.180107142857196,9
2022-10-03 19:20:00,1697.575,LONG,1696.284642857143,1699.5105357142857,1.2903571428571468,71428,2022-10-03 19:45:00,1699.5105357142857,TP,1.5,1.9355357142856064,5
2022-10-03 22:05:00,1699.233,LONG,1698.4945,1700.34075,0.738500000000012,71449,2022-10-03 22:10:00,1698.4945,SL,-1.0,-0.7384999999999309,1
2022-10-03 22:25:00,1698.475,LONG,1697.7815714285714,1699.5151428571428,0.6934285714285612,71453,2022-10-03 22:30:00,1699.5151428571428,TP,1.5,1.0401428571428823,1
2022-10-04 02:20:00,1696.144,SHORT,1697.0409285714286,1694.7986071428572,0.8969285714285726,71500,2022-10-04 02:40:00,1697.0409285714286,SL,-1.0,-0.8969285714285888,4
2022-10-04 03:05:00,1695.838,SHORT,1696.7064285714287,1694.535357142857,0.8684285714285807,71509,2022-10-04 03:30:00,1696.7064285714287,SL,-1.0,-0.8684285714286943,5
2022-10-04 04:15:00,1698.174,LONG,1696.9242857142858,1700.0485714285714,1.2497142857142762,71523,2022-10-04 04:30:00,1700.0485714285714,TP,1.5,1.8745714285714712,3
2022-10-04 05:05:00,1699.884,LONG,1698.5939285714287,1701.819107142857,1.2900714285713906,71533,2022-10-04 05:20:00,1698.5939285714287,SL,-1.0,-1.2900714285713093,3
2022-10-04 05:40:00,1699.824,LONG,1698.6048571428573,1701.6527142857144,1.219142857142856,71540,2022-10-04 05:50:00,1701.6527142857144,TP,1.5,1.8287142857143408,2
2022-10-04 08:25:00,1707.004,LONG,1705.2487142857142,1709.6369285714284,1.7552857142856868,71573,2022-10-04 09:00:00,1709.6369285714284,TP,1.5,2.632928571428465,7
2022-10-04 09:20:00,1707.668,LONG,1706.059,1710.0814999999998,1.608999999999956,71584,2022-10-04 10:20:00,1710.0814999999998,TP,1.5,2.4134999999998854,12
2022-10-04 13:30:00,1709.427,LONG,1707.1586428571427,1712.8295357142856,2.2683571428571474,71634,2022-10-04 13:40:00,1707.1586428571427,SL,-1.0,-2.2683571428572122,2
2022-10-04 13:50:00,1710.422,LONG,1707.9888571428571,1714.0717142857143,2.4331428571428626,71638,2022-10-04 14:00:00,1714.0717142857143,TP,1.5,3.6497142857142535,2
2022-10-04 14:10:00,1714.097,LONG,1711.4016428571429,1718.1400357142857,2.695357142857152,71642,2022-10-04 14:35:00,1718.1400357142857,TP,1.5,4.043035714285679,5
2022-10-04 17:35:00,1722.444,LONG,1720.7692142857143,1724.9561785714286,1.6747857142857225,71683,2022-10-04 18:30:00,1724.9561785714286,TP,1.5,2.512178571428649,11
2022-10-04 19:30:00,1725.304,LONG,1724.0077142857144,1727.2484285714286,1.2962857142856754,71706,2022-10-04 19:55:00,1724.0077142857144,SL,-1.0,-1.2962857142856592,5
2022-10-04 20:00:00,1725.534,LONG,1724.2978571428573,1727.3882142857144,1.2361428571428437,71712,2022-10-04 23:40:00,1724.2978571428573,SL,-1.0,-1.236142857142795,32
2022-10-04 23:45:00,1724.838,LONG,1724.3032857142857,1725.6400714285714,0.5347142857142444,71745,2022-10-05 00:00:00,1724.3032857142857,SL,-1.0,-0.5347142857142444,3
2022-10-05 01:30:00,1720.834,SHORT,1722.1142857142859,1718.9135714285715,1.2802857142857451,71766,2022-10-05 01:40:00,1718.9135714285715,TP,1.5,1.9204285714286016,2
2022-10-05 03:30:00,1719.898,SHORT,1720.8502142857142,1718.4696785714286,0.9522142857142464,71790,2022-10-05 04:15:00,1718.4696785714286,TP,1.5,1.4283214285712802,9
2022-10-05 06:00:00,1718.248,SHORT,1719.478142857143,1716.4027857142858,1.2301428571428394,71820,2022-10-05 06:10:00,1719.478142857143,SL,-1.0,-1.230142857142937,2
2022-10-05 09:10:00,1713.564,SHORT,1715.2165714285716,1711.085142857143,1.6525714285713937,71858,2022-10-05 09:40:00,1711.085142857143,TP,1.5,2.478857142857123,6
2022-10-05 11:25:00,1709.428,SHORT,1711.2073571428573,1706.7589642857145,1.779357142857147,71885,2022-10-05 11:35:00,1706.7589642857145,TP,1.5,2.6690357142856556,2
2022-10-05 13:35:00,1708.754,SHORT,1710.9497857142856,1705.4603214285714,2.1957857142856807,71911,2022-10-05 14:00:00,1705.4603214285714,TP,1.5,3.2936785714284724,5
2022-10-05 14:10:00,1705.313,SHORT,1708.4167857142859,1700.6573214285715,3.10378571428568,71918,2022-10-05 14:35:00,1708.4167857142859,SL,-1.0,-3.1037857142857774,5
2022-10-05 14:45:00,1707.984,SHORT,1711.3695714285714,1702.9056428571428,3.385571428571422,71925,2022-10-05 17:20:00,1711.3695714285714,SL,-1.0,-3.3855714285714384,31
2022-10-05 20:15:00,1717.188,LONG,1716.236142857143,1718.6157857142857,0.9518571428571282,71991,2022-10-05 20:20:00,1716.236142857143,SL,-1.0,-0.9518571428570795,1
2022-10-05 22:15:00,1715.861,LONG,1715.1197142857145,1716.9729285714286,0.741285714285693,72003,2022-10-05 23:05:00,1716.9729285714286,TP,1.5,1.111928571428507,10
2022-10-06 01:15:00,1720.664,LONG,1719.2259285714285,1722.821107142857,1.4380714285714313,72039,2022-10-06 01:25:00,1719.2259285714285,SL,-1.0,-1.4380714285714475,2
2022-10-06 01:30:00,1720.308,LONG,1718.9747142857143,1722.3079285714286,1.33328571428571,72042,2022-10-06 02:00:00,1722.3079285714286,TP,1.5,1.9999285714286543,6
2022-10-06 02:00:00,1721.604,LONG,1720.296,1723.566,1.3079999999999927,72048,2022-10-06 02:15:00,1720.296,SL,-1.0,-1.3079999999999927,3
2022-10-06 02:40:00,1721.575,LONG,1720.482,1723.2145,1.0930000000000095,72056,2022-10-06 03:10:00,1723.2145,TP,1.5,1.6394999999999982,6
2022-10-06 03:50:00,1722.068,LONG,1721.1955714285714,1723.3766428571428,0.872428571428551,72070,2022-10-06 04:15:00,1721.1955714285714,SL,-1.0,-0.8724285714285998,5
2022-10-06 04:20:00,1722.368,LONG,1721.662,1723.427,0.7059999999999523,72076,2022-10-06 04:40:00,1723.427,TP,1.5,1.058999999999969,4
2022-10-06 04:40:00,1723.498,LONG,1722.7272142857144,1724.6541785714285,0.7707857142856938,72080,2022-10-06 05:05:00,1722.7272142857144,SL,-1.0,-0.7707857142856938,5
2022-10-06 06:30:00,1723.557,LONG,1722.244642857143,1725.5255357142858,1.3123571428571625,72102,2022-10-06 06:35:00,1722.244642857143,SL,-1.0,-1.3123571428570813,1
2022-10-06 07:05:00,1722.247,LONG,1720.4382857142857,1724.9600714285716,1.808714285714294,72109,2022-10-06 07:55:00,1724.9600714285716,TP,1.5,2.7130714285715385,10
2022-10-06 09:45:00,1715.484,SHORT,1717.0260714285714,1713.1708928571427,1.5420714285714243,72141,2022-10-06 10:45:00,1713.1708928571427,TP,1.5,2.313107142857234,12
2022-10-06 11:45:00,1714.115,SHORT,1715.6692142857141,1711.7836785714287,1.5542142857142218,72165,2022-10-06 12:00:00,1715.6692142857141,SL,-1.0,-1.5542142857141243,3
2022-10-06 12:55:00,1715.357,SHORT,1717.075857142857,1712.7787142857142,1.7188571428571322,72179,2022-10-06 13:00:00,1712.7787142857142,TP,1.5,2.578285714285812,1
2022-10-06 15:00:00,1710.989,SHORT,1713.084142857143,1707.8462857142856,2.095142857142881,72204,2022-10-06 15:15:00,1713.084142857143,SL,-1.0,-2.095142857142946,3
2022-10-06 15:30:00,1712.564,SHORT,1714.4505714285715,1709.7341428571428,1.886571428571431,72210,2022-10-06 15:55:00,1709.7341428571428,TP,1.5,2.829857142857236,5
2022-10-06 15:55:00,1708.104,SHORT,1709.9762142857144,1705.2956785714287,1.8722142857142867,72215,2022-10-06 16:20:00,1709.9762142857144,SL,-1.0,-1.8722142857143353,5
2022-10-06 17:20:00,1713.264,SHORT,1714.4494285714284,1711.485857142857,1.1854285714285555,72232,2022-10-06 17:30:00,1711.485857142857,TP,1.5,1.7781428571429387,2
2022-10-06 17:50:00,1711.964,SHORT,1712.935857142857,1710.5062142857143,0.9718571428571262,72238,2022-10-06 18:05:00,1710.5062142857143,TP,1.5,1.457785714285592,3
2022-10-06 18:30:00,1713.718,LONG,1712.617642857143,1715.3685357142858,1.1003571428571246,72246,2022-10-06 18:45:00,1712.617642857143,SL,-1.0,-1.1003571428570922,3
2022-10-06 18:50:00,1712.738,LONG,1711.6853571428571,1714.3169642857144,1.0526428571428628,72250,2022-10-06 19:05:00,1714.3169642857144,TP,1.5,1.5789642857143917,3
2022-10-06 19:55:00,1714.298,LONG,1713.4688571428571,1715.5417142857143,0.8291428571428534,72263,2022-10-06 20:10:00,1713.4688571428571,SL,-1.0,-0.8291428571428696,3
2022-10-06 23:45:00,1711.354,SHORT,1711.9126428571428,1710.5160357142856,0.5586428571428834,72297,2022-10-06 23:55:00,1711.9126428571428,SL,-1.0,-0.5586428571427859,2
2022-10-07 00:25:00,1712.535,SHORT,1713.2537857142859,1711.4568214285714,0.7187857142857378,72305,2022-10-07 00:45:00,1711.4568214285714,TP,1.5,1.0781785714286798,4
2022-10-07 00:55:00,1710.962,SHORT,1711.912,1709.537,0.9499999999999805,72311,2022-10-07 01:05:00,1711.912,SL,-1.0,-0.9500000000000455,2
2022-10-07 02:00:00,1709.784,SHORT,1710.9624285714285,1708.0163571428573,1.178428571428526,72324,2022-10-07 02:40:00,1710.9624285714285,SL,-1.0,-1.1784285714284124,8
2022-10-07 03:45:00,1709.402,SHORT,1710.4584285714286,1707.8173571428572,1.0564285714286012,72345,2022-10-07 04:10:00,1710.4584285714286,SL,-1.0,-1.0564285714285688,5
2022-10-07 04:30:00,1710.562,SHORT,1711.2891428571427,1709.4712857142856,0.7271428571428292,72354,2022-10-07 04:55:00,1709.4712857142856,TP,1.5,1.0907142857142844,5
2022-10-07 05:15:00,1710.917,SHORT,1711.7259999999999,1709.7035,0.8089999999999529,72363,2022-10-07 05:30:00,1711.7259999999999,SL,-1.0,-0.8089999999999691,3
2022-10-07 07:15:00,1710.582,SHORT,1712.2305714285715,1708.109142857143,1.6485714285713746,72387,2022-10-07 07:40:00,1712.2305714285715,SL,-1.0,-1.6485714285713584,5
2022-10-07 07:50:00,1711.814,LONG,1710.413642857143,1713.9145357142856,1.4003571428570953,72394,2022-10-07 07:55:00,1710.413642857143,SL,-1.0,-1.4003571428570467,1
2022-10-07 09:00:00,1714.032,LONG,1712.7143571428571,1716.0084642857141,1.3176428571428656,72408,2022-10-07 09:25:00,1712.7143571428571,SL,-1.0,-1.3176428571428005,5
2022-10-07 11:05:00,1708.264,SHORT,1709.6399285714285,1706.200107142857,1.3759285714286145,72433,2022-10-07 11:15:00,1709.6399285714285,SL,-1.0,-1.3759285714286307,2
2022-10-07 11:20:00,1708.508,SHORT,1709.6763571428573,1706.7554642857142,1.1683571428571895,72436,2022-10-07 11:30:00,1709.6763571428573,SL,-1.0,-1.1683571428573032,2
2022-10-07 11:40:00,1707.694,SHORT,1709.0546428571429,1705.6530357142856,1.3606428571429043,72440,2022-10-07 11:50:00,1709.0546428571429,SL,-1.0,-1.3606428571429205,2
2022-10-07 12:30:00,1709.037,SHORT,1711.3155000000002,1705.61925,2.2785000000000406,72450,2022-10-07 12:35:00,1711.3155000000002,SL,-1.0,-2.278500000000122,1
2022-10-07 13:20:00,1701.425,SHORT,1706.3203571428571,1694.081964285714,4.895357142857181,72460,2022-10-07 14:00:00,1694.081964285714,TP,1.5,7.343035714285861,8
2022-10-07 14:25:00,1698.131,SHORT,1701.5778571428573,1692.9607142857144,3.446857142857133,72473,2022-10-07 14:45:00,1701.5778571428573,SL,-1.0,-3.4468571428571977,4
2022-10-07 15:05:00,1701.634,SHORT,1704.3357857142857,1697.5813214285715,2.701785714285685,72481,2022-10-07 16:05:00,1704.3357857142857,SL,-1.0,-2.7017857142857338,12
2022-10-07 17:25:00,1701.514,SHORT,1702.9007142857142,1699.4339285714284,1.386714285714285,72509,2022-10-07 18:00:00,1699.4339285714284,TP,1.5,2.0800714285715003,7
2022-10-07 18:00:00,1699.454,SHORT,1700.6444285714285,1697.668357142857,1.1904285714285672,72516,2022-10-07 18:40:00,1697.668357142857,TP,1.5,1.785642857142875,8
2022-10-09 22:15:00,1698.143,SHORT,1699.0992857142858,1696.7085714285715,0.9562857142857248,72555,2022-10-09 22:35:00,1699.0992857142858,SL,-1.0,-0.956285714285741,4
2022-10-10 00:15:00,1695.518,SHORT,1696.3000714285715,1694.344892857143,0.782071428571401,72579,2022-10-10 00:20:00,1696.3000714285715,SL,-1.0,-0.7820714285714985,1
2022-10-10 00:20:00,1695.198,SHORT,1696.0207857142857,1693.9638214285715,0.8227857142856821,72580,2022-10-10 00:30:00,1693.9638214285715,TP,1.5,1.2341785714286289,2
2022-10-10 00:45:00,1694.964,SHORT,1695.9650714285713,1693.4623928571427,1.0010714285714033,72585,2022-10-10 00:50:00,1695.9650714285713,SL,-1.0,-1.001071428571322,1
2022-10-10 00:55:00,1694.478,SHORT,1695.6697857142858,1692.6903214285715,1.1917857142856778,72587,2022-10-10 01:00:00,1692.6903214285715,TP,1.5,1.7876785714286143,1
2022-10-10 01:50:00,1694.654,SHORT,1696.2484285714286,1692.2623571428571,1.5944285714285797,72598,2022-10-10 02:05:00,1692.2623571428571,TP,1.5,2.3916428571428696,3
2022-10-10 06:15:00,1688.075,SHORT,1689.3739285714287,1686.1266071428572,1.2989285714286,72651,2022-10-10 06:25:00,1686.1266071428572,TP,1.5,1.948392857142835,2
2022-10-10 07:35:00,1685.978,SHORT,1687.4045714285714,1683.8381428571429,1.426571428571427,72667,2022-10-10 07:50:00,1683.8381428571429,TP,1.5,2.1398571428571813,3
2022-10-10 07:50:00,1682.914,SHORT,1684.5718571428572,1680.4272142857144,1.6578571428571292,72670,2022-10-10 08:15:00,1680.4272142857144,TP,1.5,2.4867857142855883,5
2022-10-10 09:30:00,1679.725,SHORT,1681.2007857142858,1677.5113214285714,1.4757857142857347,72690,2022-10-10 10:55:00,1677.5113214285714,TP,1.5,2.213678571428545,17
2022-10-10 11:10:00,1679.185,SHORT,1680.7177857142856,1676.8858214285713,1.532785714285751,72710,2022-10-10 11:25:00,1680.7177857142856,SL,-1.0,-1.5327857142856374,3
2022-10-10 11:30:00,1679.705,SHORT,1681.2706428571428,1677.3565357142857,1.5656428571428802,72714,2022-10-10 11:40:00,1677.3565357142857,TP,1.5,2.3484642857142717,2
2022-10-10 12:40:00,1676.708,SHORT,1678.6940714285715,1673.728892857143,1.9860714285714007,72728,2022-10-10 13:20:00,1673.728892857143,TP,1.5,2.979107142857174,8
2022-10-10 14:15:00,1676.028,SHORT,1678.1240714285714,1672.8838928571429,2.0960714285714306,72747,2022-10-10 14:25:00,1672.8838928571429,TP,1.5,3.1441071428571377,2
2022-10-10 14:35:00,1670.498,SHORT,1673.1554285714285,1666.5118571428573,2.6574285714285355,72751,2022-10-10 14:50:00,1666.5118571428573,TP,1.5,3.986142857142795,3
2022-10-10 15:55:00,1666.758,SHORT,1668.8044285714286,1663.6883571428573,2.0464285714285615,72767,2022-10-10 17:10:00,1668.8044285714286,SL,-1.0,-2.046428571428578,15
2022-10-10 17:25:00,1667.918,SHORT,1669.0167857142856,1666.2698214285713,1.098785714285717,72785,2022-10-10 17:30:00,1669.0167857142856,SL,-1.0,-1.0987857142856683,1
2022-10-10 18:05:00,1669.428,SHORT,1670.7893571428572,1667.3859642857144,1.3613571428571407,72793,2022-10-10 19:00:00,1670.7893571428572,SL,-1.0,-1.3613571428570594,11
2022-10-10 19:00:00,1669.335,SHORT,1670.3733571428572,1667.7774642857144,1.0383571428571616,72804,2022-10-10 19:25:00,1667.7774642857144,TP,1.5,1.5575357142856774,5
2022-10-10 19:25:00,1667.885,SHORT,1668.9403571428572,1666.3019642857143,1.0553571428571655,72809,2022-10-10 19:55:00,1668.9403571428572,SL,-1.0,-1.0553571428572468,6
2022-10-10 22:05:00,1667.835,SHORT,1668.4554285714287,1666.9043571428572,0.6204285714285821,72829,2022-10-10 22:20:00,1668.4554285714287,SL,-1.0,-0.620428571428647,3
2022-10-11 00:15:00,1669.733,LONG,1669.1557857142857,1670.5988214285712,0.5772142857142626,72855,2022-10-11 00:20:00,1670.5988214285712,TP,1.5,0.8658214285712802,1
2022-10-11 03:00:00,1664.818,SHORT,1666.5640714285714,1662.198892857143,1.746071428571424,72888,2022-10-11 03:25:00,1666.5640714285714,SL,-1.0,-1.7460714285714403,5
2022-10-11 05:25:00,1663.678,SHORT,1664.803642857143,1661.989535714286,1.1256428571428418,72917,2022-10-11 05:40:00,1664.803642857143,SL,-1.0,-1.1256428571427932,3
2022-10-11 05:45:00,1663.915,SHORT,1665.1282857142858,1662.0950714285714,1.2132857142857054,72921,2022-10-11 05:50:00,1665.1282857142858,SL,-1.0,-1.213285714285803,1
2022-10-11 07:00:00,1667.945,LONG,1666.6009999999999,1669.961,1.3440000000000185,72936,2022-10-11 07:05:00,1666.6009999999999,SL,-1.0,-1.344000000000051,1
2022-10-11 07:15:00,1667.425,LONG,1665.818,1669.8355,1.6070000000000195,72939,2022-10-11 07:20:00,1665.818,SL,-1.0,-1.606999999999971,1
2022-10-11 08:30:00,1666.968,LONG,1665.160142857143,1669.6797857142858,1.807857142857139,72954,2022-10-11 08:40:00,1665.160142857143,SL,-1.0,-1.807857142857074,2
2022-10-11 08:40:00,1665.788,LONG,1664.0435,1668.40475,1.7444999999999513,72956,2022-10-11 09:25:00,1664.0435,SL,-1.0,-1.7445000000000164,9
2022-10-11 10:25:00,1663.105,SHORT,1664.5583571428572,1660.9249642857144,1.4533571428571415,72977,2022-10-11 10:45:00,1664.5583571428572,SL,-1.0,-1.4533571428571577,4
2022-10-11 13:00:00,1670.098,LONG,1668.4031428571427,1672.6402857142857,1.6948571428571637,73008,2022-10-11 13:10:00,1668.4031428571427,SL,-1.0,-1.694857142857245,2
2022-10-11 13:20:00,1669.818,LONG,1668.159357142857,1672.3059642857143,1.6586428571428737,73012,2022-10-11 13:30:00,1668.159357142857,SL,-1.0,-1.6586428571429224,2
2022-10-11 13:35:00,1669.465,LONG,1667.730357142857,1672.0669642857142,1.734642857142863,73015,2022-10-11 13:40:00,1672.0669642857142,TP,1.5,2.6019642857143026,1
2022-10-12 00:50:00,1664.605,SHORT,1665.93,1662.6175,1.3249999999999968,73138,2022-10-12 01:00:00,1665.93,SL,-1.0,-1.3250000000000455,2
2022-10-12 01:05:00,1664.055,SHORT,1665.532642857143,1661.8385357142859,1.47764285714285,73141,2022-10-12 01:15:00,1665.532642857143,SL,-1.0,-1.4776428571428823,2
2022-10-12 01:25:00,1664.695,SHORT,1666.1621428571427,1662.4942857142858,1.4671428571428382,73145,2022-10-12 01:40:00,1662.4942857142858,TP,1.5,2.2007142857141844,3
2022-10-12 02:35:00,1662.815,SHORT,1663.8970000000002,1661.192,1.0820000000000098,73159,2022-10-12 02:50:00,1663.8970000000002,SL,-1.0,-1.0820000000001073,3
2022-10-12 03:35:00,1663.675,SHORT,1664.5956428571428,1662.2940357142857,0.9206428571428985,73171,2022-10-12 03:50:00,1664.5956428571428,SL,-1.0,-0.920642857142866,3
2022-10-12 05:10:00,1667.438,LONG,1666.2955000000002,1669.1517500000002,1.1425000000000247,73190,2022-10-12 05:20:00,1666.2955000000002,SL,-1.0,-1.1424999999999272,2
2022-10-12 05:20:00,1667.088,LONG,1666.1950714285713,1668.4273928571429,0.8929285714285697,73192,2022-10-12 05:25:00,1666.1950714285713,SL,-1.0,-0.8929285714286834,1
2022-10-12 05:30:00,1666.985,LONG,1666.0522857142857,1668.3840714285714,0.9327142857142527,73194,2022-10-12 05:40:00,1668.3840714285714,TP,1.5,1.3990714285714603,2
2022-10-12 05:40:00,1668.675,LONG,1667.6962857142858,1670.1430714285714,0.9787142857142369,73196,2022-10-12 05:50:00,1670.1430714285714,TP,1.5,1.4680714285714203,2
2022-10-12 06:20:00,1671.165,LONG,1669.9036428571428,1673.0570357142856,1.2613571428571342,73204,2022-10-12 06:30:00,1673.0570357142856,TP,1.5,1.892035714285612,2
2022-10-12 08:00:00,1671.848,LONG,1669.8863571428572,1674.7904642857143,1.9616428571428546,73224,2022-10-12 08:10:00,1669.8863571428572,SL,-1.0,-1.961642857142806,2
2022-10-12 11:00:00,1669.185,SHORT,1670.2875,1667.53125,1.1024999999999636,73260,2022-10-12 11:25:00,1670.2875,SL,-1.0,-1.1024999999999636,5
2022-10-12 11:55:00,1668.415,SHORT,1669.6789285714285,1666.5191071428571,1.2639285714285344,73271,2022-10-12 12:20:00,1669.6789285714285,SL,-1.0,-1.2639285714285506,5
2022-10-12 12:45:00,1670.305,SHORT,1672.4917142857144,1667.0249285714287,2.1867142857142716,73281,2022-10-12 13:45:00,1672.4917142857144,SL,-1.0,-2.186714285714288,12
2022-10-12 14:10:00,1671.565,LONG,1669.3053571428572,1674.9544642857145,2.259642857142889,73298,2022-10-12 14:20:00,1669.3053571428572,SL,-1.0,-2.2596428571428078,2
2022-10-12 14:50:00,1671.055,LONG,1668.8362857142859,1674.3830714285716,2.2187142857143107,73306,2022-10-12 15:05:00,1668.8362857142859,SL,-1.0,-2.2187142857142135,3
2022-10-12 15:25:00,1670.148,LONG,1668.2442142857142,1673.0036785714285,1.903785714285732,73313,2022-10-12 15:45:00,1668.2442142857142,SL,-1.0,-1.903785714285732,4
2022-10-12 16:10:00,1667.772,SHORT,1669.0956428571428,1665.7865357142857,1.3236428571428536,73322,2022-10-12 16:25:00,1669.0956428571428,SL,-1.0,-1.323642857142886,3
2022-10-12 16:45:00,1668.175,SHORT,1669.2560714285714,1666.5533928571429,1.0810714285714116,73329,2022-10-12 16:55:00,1669.2560714285714,SL,-1.0,-1.0810714285714766,2
2022-10-12 20:50:00,1672.985,LONG,1672.2604285714285,1674.071857142857,0.7245714285714452,73378,2022-10-12 22:20:00,1674.071857142857,TP,1.5,1.0868571428570704,6
2022-10-12 23:10:00,1673.998,LONG,1673.4987142857144,1674.7469285714285,0.49928571428568247,73394,2022-10-13 00:00:00,1673.4987142857144,SL,-1.0,-0.49928571428563373,10
2022-10-13 00:20:00,1673.506,LONG,1673.0505,1674.1892500000001,0.4555000000000616,73408,2022-10-13 00:25:00,1674.1892500000001,TP,1.5,0.6832500000000437,1
2022-10-13 00:30:00,1674.855,LONG,1674.2850714285714,1675.709892857143,0.5699285714286394,73410,2022-10-13 00:35:00,1674.2850714285714,SL,-1.0,-0.5699285714285907,1
2022-10-13 01:35:00,1671.752,SHORT,1672.6173571428571,1670.4539642857142,0.865357142857176,73423,2022-10-13 01:50:00,1672.6173571428571,SL,-1.0,-0.8653571428571922,3
2022-10-13 04:45:00,1669.765,SHORT,1670.232142857143,1669.0642857142857,0.4671428571428708,73461,2022-10-13 05:15:00,1670.232142857143,SL,-1.0,-0.4671428571427896,6
2022-10-13 05:15:00,1669.965,SHORT,1670.4852142857142,1669.1846785714285,0.5202142857142787,73467,2022-10-13 05:35:00,1670.4852142857142,SL,-1.0,-0.5202142857142462,4
2022-10-13 06:05:00,1669.565,SHORT,1670.4135,1668.29225,0.8484999999999933,73477,2022-10-13 06:15:00,1668.29225,TP,1.5,1.2727500000000873,2
2022-10-13 06:25:00,1667.818,SHORT,1668.7729285714286,1666.3856071428572,0.9549285714285816,73481,2022-10-13 06:30:00,1668.7729285714286,SL,-1.0,-0.9549285714285816,1
2022-10-13 11:10:00,1673.995,LONG,1673.1312142857141,1675.2906785714285,0.8637857142857034,73538,2022-10-13 11:25:00,1675.2906785714285,TP,1.5,1.2956785714286525,3
2022-10-13 18:20:00,1668.835,LONG,1667.1295714285714,1671.393142857143,1.7054285714286672,73624,2022-10-13 18:25:00,1667.1295714285714,SL,-1.0,-1.7054285714286834,1
2022-10-13 18:35:00,1668.865,LONG,1667.2632142857142,1671.2676785714286,1.6017857142857923,73627,2022-10-13 18:45:00,1667.2632142857142,SL,-1.0,-1.6017857142858247,2
2022-10-13 19:05:00,1667.335,LONG,1665.7224285714285,1669.7538571428572,1.6125714285714952,73633,2022-10-13 19:20:00,1665.7224285714285,SL,-1.0,-1.6125714285715276,3
2022-10-13 20:35:00,1666.518,LONG,1665.5535,1667.96475,0.9644999999999949,73651,2022-10-13 22:00:00,1665.5535,SL,-1.0,-0.9645000000000437,5
2022-10-14 03:40:00,1669.048,LONG,1668.0452857142857,1670.5520714285715,1.0027142857142866,73724,2022-10-14 04:00:00,1668.0452857142857,SL,-1.0,-1.002714285714319,4
2022-10-14 05:00:00,1667.718,LONG,1666.9123571428572,1668.9264642857142,0.8056428571428407,73740,2022-10-14 05:25:00,1666.9123571428572,SL,-1.0,-0.8056428571428569,5
2022-10-14 05:25:00,1667.168,LONG,1666.4039285714284,1668.314107142857,0.7640714285713882,73745,2022-10-14 05:30:00,1668.314107142857,TP,1.5,1.1461071428570904,1
2022-10-14 05:35:00,1669.336,LONG,1668.4620714285716,1670.6468928571428,0.8739285714285318,73747,2022-10-14 05:50:00,1668.4620714285716,SL,-1.0,-0.8739285714284506,3
2022-10-14 06:15:00,1670.845,LONG,1669.6460714285715,1672.6433928571428,1.1989285714285447,73755,2022-10-14 06:20:00,1669.6460714285715,SL,-1.0,-1.198928571428496,1
2022-10-14 08:00:00,1665.716,SHORT,1667.5510714285713,1662.9633928571427,1.8350714285714795,73776,2022-10-14 08:20:00,1662.9633928571427,TP,1.5,2.7526071428571868,4
2022-10-14 10:35:00,1656.113,SHORT,1658.3392857142858,1652.7735714285716,2.2262857142857064,73807,2022-10-14 11:15:00,1658.3392857142858,SL,-1.0,-2.226285714285723,8
2022-10-14 11:15:00,1657.208,SHORT,1658.9702857142859,1654.5645714285715,1.7622857142856998,73815,2022-10-14 11:35:00,1658.9702857142859,SL,-1.0,-1.762285714285781,4
2022-10-14 11:45:00,1657.668,SHORT,1659.302357142857,1655.2164642857142,1.6343571428571326,73821,2022-10-14 11:55:00,1655.2164642857142,TP,1.5,2.451535714285683,2
2022-10-14 12:20:00,1653.775,SHORT,1655.5472142857143,1651.1166785714286,1.7722142857142802,73828,2022-10-14 12:30:00,1655.5472142857143,SL,-1.0,-1.772214285714199,2
2022-10-14 12:40:00,1655.025,SHORT,1657.0750714285716,1651.949892857143,2.0500714285714463,73832,2022-10-14 12:45:00,1657.0750714285716,SL,-1.0,-2.0500714285715276,1
2022-10-14 14:35:00,1649.943,SHORT,1652.8925,1645.51875,2.9494999999999925,73855,2022-10-14 15:15:00,1645.51875,TP,1.5,4.424250000000029,8
2022-10-14 16:05:00,1642.038,SHORT,1644.4806428571428,1638.3740357142856,2.4426428571428977,73873,2022-10-14 16:25:00,1644.4806428571428,SL,-1.0,-2.4426428571428005,4
2022-10-14 20:00:00,1642.695,SHORT,1643.7612142857142,1641.0956785714286,1.0662142857142791,73920,2022-10-14 20:45:00,1643.7612142857142,SL,-1.0,-1.0662142857142953,9
2022-10-14 20:55:00,1643.618,SHORT,1644.3494285714285,1642.520857142857,0.7314285714285883,73931,2022-10-16 22:00:00,1644.3494285714285,SL,-1.0,-0.7314285714285234,1
2022-10-16 22:25:00,1645.358,LONG,1644.3439285714285,1646.8791071428573,1.0140714285714694,73937,2022-10-16 22:40:00,1644.3439285714285,SL,-1.0,-1.0140714285714694,3
2022-10-16 22:45:00,1645.365,LONG,1644.2828571428572,1646.9882142857143,1.0821428571428637,73941,2022-10-16 23:35:00,1646.9882142857143,TP,1.5,1.6232142857143117,10
2022-10-17 01:10:00,1647.875,LONG,1646.7632857142858,1649.5425714285714,1.111714285714275,73970,2022-10-17 01:20:00,1649.5425714285714,TP,1.5,1.6675714285713639,2
2022-10-17 02:35:00,1650.338,LONG,1649.4375714285713,1651.688642857143,0.9004285714286198,73987,2022-10-17 03:05:00,1649.4375714285713,SL,-1.0,-0.9004285714286198,6
2022-10-17 03:10:00,1649.482,LONG,1648.8196428571428,1650.4755357142858,0.662357142857169,73994,2022-10-17 03:35:00,1650.4755357142858,TP,1.5,0.9935357142858265,5
2022-10-17 03:40:00,1650.665,LONG,1650.0767857142857,1651.5473214285714,0.588214285714311,74000,2022-10-17 03:50:00,1650.0767857142857,SL,-1.0,-0.5882142857142298,2
2022-10-17 04:35:00,1649.415,LONG,1648.7947142857142,1650.3454285714286,0.6202857142857608,74011,2022-10-17 05:05:00,1650.3454285714286,TP,1.5,0.9304285714285925,6
2022-10-17 05:15:00,1651.908,LONG,1651.2230714285713,1652.9353928571427,0.6849285714285835,74019,2022-10-17 05:30:00,1651.2230714285713,SL,-1.0,-0.6849285714285998,3
2022-10-17 07:00:00,1653.048,LONG,1651.5783571428572,1655.2524642857143,1.469642857142828,74040,2022-10-17 07:20:00,1651.5783571428572,SL,-1.0,-1.4696428571428442,4
2022-10-17 08:45:00,1654.565,LONG,1652.9835,1656.9372500000002,1.5815000000000217,74061,2022-10-17 09:25:00,1656.9372500000002,TP,1.5,2.372250000000122,8
2022-10-17 10:30:00,1656.433,LONG,1654.992,1658.5945,1.4409999999999985,74082,2022-10-17 10:40:00,1654.992,SL,-1.0,-1.441000000000031,2
2022-10-17 11:05:00,1657.178,LONG,1655.7293571428572,1659.3509642857143,1.4486428571428536,74089,2022-10-17 12:20:00,1659.3509642857143,TP,1.5,2.1729642857142153,15
2022-10-17 15:55:00,1663.218,LONG,1661.9999285714287,1665.0451071428572,1.2180714285714689,74147,2022-10-17 16:00:00,1661.9999285714287,SL,-1.0,-1.2180714285714203,1
2022-10-17 16:30:00,1661.278,LONG,1660.2007857142858,1662.8938214285715,1.077214285714295,74154,2022-10-17 16:35:00,1660.2007857142858,SL,-1.0,-1.0772142857142626,1
2022-10-17 20:55:00,1649.858,SHORT,1650.5651428571427,1648.7972857142856,0.7071428571428962,74207,2022-10-17 22:00:00,1650.5651428571427,SL,-1.0,-0.7071428571427987,1
2022-10-17 22:15:00,1650.458,SHORT,1651.1220714285714,1649.4618928571429,0.6640714285714466,74211,2022-10-17 23:45:00,1651.1220714285714,SL,-1.0,-0.664071428571333,18
2022-10-17 23:50:00,1650.128,SHORT,1650.5922857142857,1649.4315714285713,0.464285714285763,74230,2022-10-17 23:55:00,1650.5922857142857,SL,-1.0,-0.46428571428577925,1
2022-10-18 00:05:00,1650.218,SHORT,1650.7472857142857,1649.4240714285716,0.5292857142857201,74233,2022-10-18 00:10:00,1650.7472857142857,SL,-1.0,-0.5292857142856064,1
2022-10-18 00:30:00,1650.278,SHORT,1651.083,1649.0705,0.8049999999999987,74238,2022-10-18 00:35:00,1651.083,SL,-1.0,-0.8050000000000637,1
2022-10-18 00:40:00,1650.528,SHORT,1651.4244285714285,1649.1833571428572,0.8964285714285845,74240,2022-10-18 00:50:00,1651.4244285714285,SL,-1.0,-0.896428571428487,2
2022-10-18 01:55:00,1651.058,LONG,1649.9737142857143,1652.6844285714285,1.0842857142857187,74255,2022-10-18 02:05:00,1649.9737142857143,SL,-1.0,-1.08428571428567,2
2022-10-18 02:40:00,1650.078,SHORT,1650.9737857142857,1648.7343214285713,0.8957857142857263,74264,2022-10-18 02:55:00,1650.9737857142857,SL,-1.0,-0.8957857142856938,3
2022-10-18 02:55:00,1649.307,SHORT,1650.2449285714285,1647.9001071428572,0.9379285714285776,74267,2022-10-18 03:00:00,1650.2449285714285,SL,-1.0,-0.9379285714285288,1
2022-10-18 03:15:00,1651.028,SHORT,1651.9780714285714,1649.602892857143,0.9500714285714237,74271,2022-10-18 03:40:00,1651.9780714285714,SL,-1.0,-0.9500714285713912,5
2022-10-18 08:50:00,1652.188,SHORT,1653.5388571428573,1650.1617142857144,1.3508571428571778,74338,2022-10-18 08:55:00,1650.1617142857144,TP,1.5,2.0262857142856774,1
2022-10-18 09:30:00,1650.945,SHORT,1652.9301428571428,1647.9672857142857,1.985142857142851,74346,2022-10-18 10:15:00,1652.9301428571428,SL,-1.0,-1.9851428571428187,9
2022-10-18 10:20:00,1652.048,SHORT,1653.423,1649.9855,1.3749999999999676,74356,2022-10-18 11:05:00,1653.423,SL,-1.0,-1.375,9
2022-10-18 11:15:00,1652.658,SHORT,1653.9665714285713,1650.6951428571429,1.308571428571424,74367,2022-10-18 11:40:00,1653.9665714285713,SL,-1.0,-1.3085714285714403,5
2022-10-18 12:15:00,1655.218,LONG,1654.0365000000002,1656.99025,1.1814999999999958,74379,2022-10-18 12:30:00,1656.99025,TP,1.5,1.7722499999999854,3
2022-10-18 13:35:00,1655.758,LONG,1654.240142857143,1658.0347857142858,1.517857142857159,74395,2022-10-18 13:40:00,1654.240142857143,SL,-1.0,-1.5178571428571104,1
2022-10-18 14:20:00,1650.997,SHORT,1652.8033571428573,1648.2874642857143,1.8063571428571419,74404,2022-10-18 14:55:00,1652.8033571428573,SL,-1.0,-1.8063571428572232,7
2022-10-18 14:55:00,1652.387,SHORT,1654.1064999999999,1649.80775,1.7194999999999416,74411,2022-10-18 15:15:00,1649.80775,TP,1.5,2.579250000000002,4
2022-10-18 16:15:00,1650.398,SHORT,1652.2234999999998,1647.6597499999998,1.8255000000000012,74427,2022-10-18 17:35:00,1652.2234999999998,SL,-1.0,-1.82549999999992,16
2022-10-18 17:40:00,1651.908,SHORT,1653.1825,1649.99625,1.2744999999999567,74444,2022-10-18 18:40:00,1649.99625,TP,1.5,1.9117499999999836,12
2022-10-18 22:10:00,1652.398,LONG,1651.9387142857142,1653.0869285714284,0.4592857142856864,74486,2022-10-18 23:00:00,1653.0869285714284,TP,1.5,0.6889285714285052,10
2022-10-18 23:40:00,1652.868,LONG,1652.3463571428572,1653.6504642857142,0.5216428571428489,74504,2022-10-18 23:45:00,1652.3463571428572,SL,-1.0,-0.5216428571427514,1
2022-10-18 23:55:00,1652.198,LONG,1651.5442857142857,1653.1785714285716,0.6537142857142726,74507,2022-10-19 00:10:00,1651.5442857142857,SL,-1.0,-0.6537142857143863,3
2022-10-19 01:10:00,1652.407,LONG,1651.3291428571429,1654.0237857142856,1.0778571428571695,74522,2022-10-19 01:20:00,1651.3291428571429,SL,-1.0,-1.0778571428570558,2
2022-10-19 02:10:00,1651.618,LONG,1650.5890714285713,1653.1613928571428,1.0289285714285856,74534,2022-10-19 02:35:00,1650.5890714285713,SL,-1.0,-1.0289285714286507,5
2022-10-19 05:45:00,1646.517,SHORT,1647.4022857142859,1645.1890714285714,0.8852857142857147,74577,2022-10-19 05:55:00,1647.4022857142859,SL,-1.0,-0.8852857142858284,2
2022-10-19 05:55:00,1646.748,SHORT,1647.6403571428573,1645.4094642857144,0.8923571428571547,74579,2022-10-19 06:00:00,1645.4094642857144,TP,1.5,1.3385357142856265,1
2022-10-19 07:55:00,1644.598,SHORT,1646.608857142857,1641.5817142857143,2.010857142857081,74603,2022-10-19 08:10:00,1641.5817142857143,TP,1.5,3.0162857142856865,3
2022-10-19 08:55:00,1640.648,SHORT,1642.1,1638.47,1.451999999999982,74615,2022-10-19 10:20:00,1638.47,TP,1.5,2.1779999999998836,17
2022-10-19 12:20:00,1632.457,SHORT,1634.0499285714286,1630.0676071428572,1.5929285714285502,74656,2022-10-19 12:35:00,1634.0499285714286,SL,-1.0,-1.5929285714285015,3
2022-10-19 12:40:00,1634.188,SHORT,1636.2137142857143,1631.1494285714286,2.0257142857142623,74660,2022-10-19 12:50:00,1636.2137142857143,SL,-1.0,-2.02571428571423,2
2022-10-19 13:40:00,1633.388,SHORT,1635.9447142857143,1629.5529285714285,2.556714285714309,74672,2022-10-19 14:15:00,1635.9447142857143,SL,-1.0,-2.5567142857144063,7
2022-10-19 14:30:00,1635.528,SHORT,1638.0637142857142,1631.7244285714285,2.535714285714318,74682,2022-10-19 15:25:00,1631.7244285714285,TP,1.5,3.8035714285715585,11
2022-10-19 17:30:00,1629.228,SHORT,1630.2151428571428,1627.7472857142857,0.9871428571428525,74718,2022-10-19 18:50:00,1627.7472857142857,TP,1.5,1.4807142857143845,16
2022-10-19 19:20:00,1629.138,SHORT,1629.8460714285713,1628.075892857143,0.7080714285714131,74740,2022-10-19 22:20:00,1629.8460714285713,SL,-1.0,-0.7080714285714294,24
2022-10-19 22:55:00,1627.938,SHORT,1628.5356428571429,1627.0415357142858,0.5976428571428544,74771,2022-10-19 23:35:00,1627.0415357142858,TP,1.5,0.8964642857142735,8
2022-10-20 00:45:00,1627.848,SHORT,1628.8028571428572,1626.4157142857143,0.9548571428571547,74793,2022-10-20 01:05:00,1626.4157142857143,TP,1.5,1.4322857142856265,4
2022-10-20 03:05:00,1625.788,SHORT,1626.797857142857,1624.2732142857144,1.0098571428571372,74821,2022-10-20 04:15:00,1626.797857142857,SL,-1.0,-1.0098571428570722,14
2022-10-20 04:20:00,1630.435,LONG,1629.3471428571427,1632.0667857142857,1.0878571428571766,74836,2022-10-20 04:25:00,1629.3471428571427,SL,-1.0,-1.087857142857274,1
2022-10-20 07:30:00,1630.198,LONG,1628.8129285714288,1632.2756071428573,1.385071428571434,74874,2022-10-20 07:35:00,1628.8129285714288,SL,-1.0,-1.3850714285713366,1
2022-10-20 08:00:00,1633.038,LONG,1631.2672142857143,1635.6941785714287,1.77078571428571,74880,2022-10-20 08:20:00,1631.2672142857143,SL,-1.0,-1.7707857142856938,4
2022-10-20 08:35:00,1629.688,LONG,1627.9715,1632.26275,1.7164999999999802,74887,2022-10-20 09:10:00,1632.26275,TP,1.5,2.5747499999999945,7
2022-10-20 10:20:00,1633.488,LONG,1632.394142857143,1635.1287857142859,1.0938571428571484,74908,2022-10-20 10:35:00,1635.1287857142859,TP,1.5,1.640785714285812,3
2022-10-20 11:50:00,1636.177,LONG,1634.6305714285713,1638.496642857143,1.5464285714285941,74926,2022-10-20 12:20:00,1638.496642857143,TP,1.5,2.3196428571429806,6
2022-10-20 13:50:00,1633.448,SHORT,1635.2699285714286,1630.7151071428573,1.821928571428592,74950,2022-10-20 14:00:00,1635.2699285714286,SL,-1.0,-1.8219285714285434,2
2022-10-20 16:10:00,1638.928,LONG,1637.5298571428573,1641.0252142857144,1.398142857142862,74978,2022-10-20 16:25:00,1637.5298571428573,SL,-1.0,-1.3981428571428296,3
2022-10-20 20:45:00,1627.798,SHORT,1628.5237142857143,1626.7094285714286,0.7257142857142591,75033,2022-10-20 22:30:00,1626.7094285714286,TP,1.5,1.088571428571413,9
2022-10-20 23:50:00,1626.268,SHORT,1626.8257142857144,1625.4314285714286,0.5577142857142852,75058,2022-10-20 23:55:00,1626.8257142857144,SL,-1.0,-0.5577142857143826,1
2022-10-21 00:00:00,1626.437,SHORT,1627.0627142857143,1625.4984285714286,0.6257142857142688,75060,2022-10-21 00:05:00,1625.4984285714286,TP,1.5,0.938571428571322,1
2022-10-21 00:55:00,1626.738,SHORT,1627.4929285714286,1625.6056071428573,0.7549285714285523,75071,2022-10-21 01:10:00,1627.4929285714286,SL,-1.0,-0.7549285714285361,3
2022-10-21 01:30:00,1626.048,SHORT,1626.9549285714286,1624.6876071428571,0.9069285714285472,75078,2022-10-21 01:35:00,1626.9549285714286,SL,-1.0,-0.9069285714285797,1
2022-10-21 02:00:00,1626.738,SHORT,1627.6679285714285,1625.3431071428572,0.9299285714285394,75084,2022-10-21 02:55:00,1625.3431071428572,TP,1.5,1.3948928571428496,11
2022-10-21 09:15:00,1620.857,SHORT,1622.1975714285713,1618.8461428571427,1.340571428571447,75171,2022-10-21 09:25:00,1622.1975714285713,SL,-1.0,-1.3405714285713657,2
2022-10-21 09:40:00,1624.128,LONG,1622.606,1626.411,1.522000000000032,75176,2022-10-21 10:05:00,1626.411,TP,1.5,2.283000000000129,5
2022-10-21 11:15:00,1626.598,LONG,1625.2134999999998,1628.67475,1.384500000000019,75195,2022-10-21 11:35:00,1625.2134999999998,SL,-1.0,-1.3845000000001164,4
2022-10-21 13:05:00,1634.548,LONG,1631.2820714285715,1639.4468928571428,3.265928571428568,75217,2022-10-21 13:10:00,1631.2820714285715,SL,-1.0,-3.2659285714285033,1
2022-10-21 15:05:00,1639.368,LONG,1636.067,1644.3194999999998,3.3009999999999957,75241,2022-10-21 15:20:00,1644.3194999999998,TP,1.5,4.951499999999896,3
2022-10-21 15:20:00,1644.818,LONG,1641.1785,1650.27725,3.639499999999998,75244,2022-10-21 15:35:00,1641.1785,SL,-1.0,-3.639499999999998,3
2022-10-21 18:30:00,1653.048,LONG,1651.6644285714285,1655.1233571428572,1.3835714285714371,75282,2022-10-21 19:15:00,1655.1233571428572,TP,1.5,2.0753571428572286,9
2022-10-21 20:10:00,1654.698,LONG,1653.6236428571428,1656.3095357142859,1.074357142857171,75302,2022-10-21 20:40:00,1656.3095357142859,TP,1.5,1.6115357142857647,6
2022-10-24 00:05:00,1661.188,LONG,1658.3179285714286,1665.4931071428573,2.8700714285714475,75337,2022-10-24 00:45:00,1658.3179285714286,SL,-1.0,-2.870071428571464,8
2022-10-24 02:55:00,1655.487,SHORT,1656.5085000000001,1653.95475,1.0215000000000114,75371,2022-10-24 03:15:00,1653.95475,TP,1.5,1.5322499999999764,4
2022-10-24 03:30:00,1654.497,SHORT,1655.4262142857144,1653.1031785714288,0.9292142857142706,75378,2022-10-24 04:15:00,1655.4262142857144,SL,-1.0,-0.9292142857143517,9
2022-10-24 05:35:00,1655.298,LONG,1654.2735714285714,1656.8346428571429,1.0244285714285783,75403,2022-10-24 05:40:00,1654.2735714285714,SL,-1.0,-1.0244285714286434,1
2022-10-24 07:05:00,1656.518,SHORT,1658.1345714285715,1654.093142857143,1.6165714285714168,75421,2022-10-24 07:10:00,1654.093142857143,TP,1.5,2.424857142857036,1
2022-10-24 09:15:00,1646.667,SHORT,1648.3174285714285,1644.191357142857,1.6504285714285547,75447,2022-10-24 09:50:00,1648.3174285714285,SL,-1.0,-1.6504285714286198,7
2022-10-24 10:25:00,1648.708,SHORT,1650.1710714285714,1646.513392857143,1.4630714285714086,75461,2022-10-24 10:45:00,1646.513392857143,TP,1.5,2.194607142857194,4
2022-10-24 11:05:00,1647.918,SHORT,1649.3244285714284,1645.808357142857,1.4064285714285591,75469,2022-10-24 11:45:00,1649.3244285714284,SL,-1.0,-1.4064285714284779,8
2022-10-24 11:50:00,1648.498,SHORT,1650.1465,1646.0252500000001,1.648499999999964,75478,2022-10-24 11:55:00,1650.1465,SL,-1.0,-1.6485000000000127,1
2022-10-24 12:15:00,1648.337,SHORT,1650.1126428571429,1645.6735357142857,1.7756428571428517,75483,2022-10-24 12:40:00,1650.1126428571429,SL,-1.0,-1.7756428571428842,5
2022-10-24 13:00:00,1648.298,SHORT,1650.2892142857143,1645.3111785714286,1.9912142857142823,75492,2022-10-24 13:40:00,1645.3111785714286,TP,1.5,2.986821428571375,8
2022-10-24 14:40:00,1647.798,SHORT,1651.1825714285715,1642.721142857143,3.3845714285713973,75512,2022-10-24 15:50:00,1651.1825714285715,SL,-1.0,-3.384571428571462,14
2022-10-24 16:45:00,1650.707,LONG,1649.4635,1652.5722500000002,1.243499999999975,75537,2022-10-24 17:20:00,1649.4635,SL,-1.0,-1.24350000000004,7
2022-10-24 18:20:00,1648.107,SHORT,1648.8795,1646.94825,0.7725000000000039,75556,2022-10-24 18:40:00,1648.8795,SL,-1.0,-0.7725000000000364,4
2022-10-24 19:10:00,1651.398,LONG,1650.4872142857141,1652.7641785714286,0.9107857142857289,75566,2022-10-24 19:25:00,1650.4872142857141,SL,-1.0,-0.9107857142857938,3
2022-10-24 19:35:00,1650.175,LONG,1649.2849999999999,1651.51,0.8899999999999864,75571,2022-10-24 19:40:00,1649.2849999999999,SL,-1.0,-0.8900000000001,1
2022-10-24 20:55:00,1648.998,SHORT,1649.5282142857143,1648.2026785714286,0.5302142857142859,75587,2022-10-24 22:00:00,1649.5282142857143,SL,-1.0,-0.5302142857142371,1
2022-10-24 23:50:00,1651.735,LONG,1651.2099285714285,1652.522607142857,0.5250714285714041,75610,2022-10-25 00:00:00,1651.2099285714285,SL,-1.0,-0.5250714285714366,2
2022-10-25 07:00:00,1648.887,SHORT,1649.9891428571427,1647.2337857142857,1.1021428571428942,75696,2022-10-25 07:25:00,1647.2337857142857,TP,1.5,1.6532142857142844,5
2022-10-25 10:50:00,1640.047,SHORT,1641.4683571428573,1637.9149642857144,1.4213571428571348,75742,2022-10-25 10:55:00,1641.4683571428573,SL,-1.0,-1.4213571428572322,1
2022-10-25 11:00:00,1639.548,SHORT,1640.912142857143,1637.5017857142857,1.3641428571428378,75744,2022-10-25 11:05:00,1640.912142857143,SL,-1.0,-1.3641428571429515,1
2022-10-25 15:30:00,1656.948,LONG,1655.2348571428572,1659.5177142857144,1.713142857142868,75798,2022-10-25 16:00:00,1655.2348571428572,SL,-1.0,-1.7131428571428842,6
2022-10-25 16:05:00,1656.407,LONG,1654.8600714285715,1658.7273928571428,1.54692857142855,75805,2022-10-25 16:40:00,1654.8600714285715,SL,-1.0,-1.5469285714284524,7
2022-10-25 16:55:00,1653.135,LONG,1651.8495714285714,1655.0631428571428,1.285428571428562,75815,2022-10-25 17:45:00,1655.0631428571428,TP,1.5,1.9281428571428023,10
2022-10-25 22:15:00,1652.158,SHORT,1652.7696428571428,1651.2405357142857,0.6116428571428482,75867,2022-10-25 23:00:00,1651.2405357142857,TP,1.5,0.9174642857142317,9
2022-10-26 01:25:00,1651.998,SHORT,1653.2373571428573,1650.1389642857143,1.2393571428571184,75905,2022-10-26 01:35:00,1653.2373571428573,SL,-1.0,-1.2393571428572159,2
2022-10-26 02:15:00,1653.817,LONG,1652.6237142857144,1655.6069285714286,1.1932857142856912,75915,2022-10-26 02:45:00,1655.6069285714286,TP,1.5,1.789928571428618,6
2022-10-26 04:25:00,1656.798,LONG,1656.0904285714287,1657.859357142857,0.7075714285714086,75941,2022-10-26 04:45:00,1656.0904285714287,SL,-1.0,-0.7075714285713275,4
2022-10-26 05:30:00,1657.198,LONG,1656.4207857142858,1658.3638214285716,0.7772142857142431,75954,2022-10-26 05:35:00,1658.3638214285716,TP,1.5,1.165821428571462,1
2022-10-26 09:35:00,1670.428,LONG,1669.005,1672.5625,1.4230000000000018,76003,2022-10-26 09:45:00,1669.005,SL,-1.0,-1.4230000000000018,2
2022-10-26 10:30:00,1668.458,LONG,1667.2397142857144,1670.2854285714286,1.2182857142857497,76014,2022-10-26 10:45:00,1670.2854285714286,TP,1.5,1.827428571428527,3
2022-10-26 11:00:00,1669.568,LONG,1668.3676428571428,1671.3685357142856,1.2003571428571473,76020,2022-10-26 11:30:00,1671.3685357142856,TP,1.5,1.8005357142856155,6
2022-10-26 13:40:00,1664.358,SHORT,1666.1915714285715,1661.6076428571428,1.8335714285714337,76052,2022-10-26 13:45:00,1666.1915714285715,SL,-1.0,-1.8335714285715312,1
2022-10-26 13:50:00,1664.128,SHORT,1666.030142857143,1661.2747857142856,1.9021428571428487,76054,2022-10-26 14:00:00,1666.030142857143,SL,-1.0,-1.9021428571429624,2
2022-10-26 15:15:00,1671.968,LONG,1669.6227142857144,1675.4859285714288,2.3452857142857346,76071,2022-10-26 15:40:00,1669.6227142857144,SL,-1.0,-2.3452857142856374,5
2022-10-26 15:55:00,1667.048,LONG,1665.4251428571429,1669.4822857142858,1.6228571428571936,76079,2022-10-26 16:05:00,1665.4251428571429,SL,-1.0,-1.6228571428571286,2
2022-10-26 16:30:00,1667.967,LONG,1666.6358571428573,1669.9637142857143,1.3311428571428385,76086,2022-10-26 16:45:00,1666.6358571428573,SL,-1.0,-1.3311428571428223,3
2022-10-26 17:05:00,1666.277,SHORT,1667.5505714285714,1664.366642857143,1.2735714285713908,76093,2022-10-26 17:25:00,1664.366642857143,TP,1.5,1.9103571428570376,4
2022-10-26 18:15:00,1666.418,SHORT,1667.3789285714286,1664.976607142857,0.9609285714286021,76107,2022-10-26 18:55:00,1664.976607142857,TP,1.5,1.4413928571430006,8
2022-10-26 20:20:00,1663.548,SHORT,1664.2318571428573,1662.5222142857142,0.6838571428571966,76132,2022-10-26 20:45:00,1664.2318571428573,SL,-1.0,-0.6838571428572777,5
2022-10-26 22:20:00,1664.298,SHORT,1664.8575,1663.45875,0.5595000000000384,76144,2022-10-26 22:30:00,1664.8575,SL,-1.0,-0.5595000000000709,2
2022-10-26 23:20:00,1664.918,SHORT,1665.4814999999999,1664.0727499999998,0.5635000000000089,76156,2022-10-26 23:30:00,1665.4814999999999,SL,-1.0,-0.5634999999999764,2
2022-10-27 00:55:00,1667.048,LONG,1666.0688571428573,1668.5167142857142,0.9791428571428469,76175,2022-10-27 01:00:00,1668.5167142857142,TP,1.5,1.4687142857142135,1
2022-10-27 01:10:00,1670.538,LONG,1669.381,1672.2735,1.1569999999999578,76178,2022-10-27 01:15:00,1669.381,SL,-1.0,-1.1569999999999254,1
2022-10-27 03:00:00,1664.348,SHORT,1665.3151428571427,1662.8972857142858,0.9671428571428545,76200,2022-10-27 03:05:00,1665.3151428571427,SL,-1.0,-0.9671428571427896,1
2022-10-27 03:10:00,1665.218,SHORT,1666.2638571428572,1663.6492142857144,1.0458571428571466,76202,2022-10-27 04:00:00,1663.6492142857144,TP,1.5,1.5687857142856956,10
2022-10-27 06:15:00,1665.987,LONG,1664.5947142857144,1668.0754285714286,1.392285714285728,76239,2022-10-27 06:20:00,1664.5947142857144,SL,-1.0,-1.3922857142856628,1
2022-10-27 08:55:00,1663.298,SHORT,1664.6581428571428,1661.2577857142858,1.3601428571428673,76271,2022-10-27 09:45:00,1661.2577857142858,TP,1.5,2.040214285714228,10
2022-10-27 11:50:00,1661.538,SHORT,1662.5342142857144,1660.0436785714285,0.996214285714294,76306,2022-10-27 12:15:00,1660.0436785714285,TP,1.5,1.4943214285715385,5
2022-10-27 12:15:00,1660.008,SHORT,1661.1562857142858,1658.2855714285715,1.148285714285716,76311,2022-10-27 12:20:00,1658.2855714285715,TP,1.5,1.7224285714285088,1
2022-10-27 12:35:00,1658.888,SHORT,1661.4242142857142,1655.0836785714284,2.536214285714306,76315,2022-10-27 13:10:00,1661.4242142857142,SL,-1.0,-2.5362142857143226,7
2022-10-27 13:30:00,1659.718,SHORT,1663.1885714285715,1654.5121428571429,3.470571428571426,76326,2022-10-27 14:10:00,1663.1885714285715,SL,-1.0,-3.470571428571475,8
2022-10-27 14:25:00,1663.948,LONG,1661.3912142857143,1667.7831785714286,2.5567857142856547,76337,2022-10-27 14:35:00,1661.3912142857143,SL,-1.0,-2.556785714285752,2
2022-10-27 15:00:00,1662.988,LONG,1660.638642857143,1666.5120357142857,2.3493571428571323,76344,2022-10-27 15:55:00,1660.638642857143,SL,-1.0,-2.349357142857116,11
2022-10-27 17:55:00,1659.798,SHORT,1660.8680714285715,1658.1928928571429,1.0700714285714608,76379,2022-10-27 18:30:00,1658.1928928571429,TP,1.5,1.6051071428571504,7
2022-10-27 22:20:00,1661.587,LONG,1660.4517142857144,1663.2899285714286,1.1352857142857147,76420,2022-10-28 00:15:00,1660.4517142857144,SL,-1.0,-1.135285714285601,23
2022-10-28 01:20:00,1662.858,LONG,1661.8637142857142,1664.3494285714287,0.9942857142857682,76456,2022-10-28 01:30:00,1661.8637142857142,SL,-1.0,-0.994285714285752,2
2022-10-28 01:35:00,1663.118,LONG,1661.9765714285713,1664.8301428571428,1.1414285714286052,76459,2022-10-28 01:50:00,1664.8301428571428,TP,1.5,1.7121428571429078,3
2022-10-28 02:55:00,1665.148,LONG,1664.1245714285712,1666.6831428571427,1.0234285714285696,76475,2022-10-28 03:10:00,1664.1245714285712,SL,-1.0,-1.023428571428667,3
2022-10-28 03:20:00,1663.848,LONG,1662.885857142857,1665.2912142857142,0.9621428571428753,76480,2022-10-28 05:30:00,1662.885857142857,SL,-1.0,-0.9621428571429078,26
2022-10-28 10:20:00,1649.318,SHORT,1650.6152142857143,1647.3721785714285,1.297214285714306,76564,2022-10-28 10:45:00,1647.3721785714285,TP,1.5,1.9458214285714348,5
2022-10-28 12:35:00,1644.948,SHORT,1647.7644285714287,1640.7233571428571,2.8164285714286246,76591,2022-10-28 13:10:00,1647.7644285714287,SL,-1.0,-2.8164285714285597,7
2022-10-28 13:20:00,1643.758,SHORT,1647.518142857143,1638.1177857142857,3.7601428571429096,76600,2022-10-28 13:40:00,1647.518142857143,SL,-1.0,-3.7601428571429096,4
2022-10-28 13:55:00,1646.577,SHORT,1649.0493571428572,1642.8684642857143,2.472357142857163,76607,2022-10-28 14:00:00,1649.0493571428572,SL,-1.0,-2.472357142857163,1
2022-10-28 14:05:00,1645.918,SHORT,1648.4617857142857,1642.1023214285713,2.5437857142857183,76609,2022-10-28 14:20:00,1642.1023214285713,TP,1.5,3.8156785714286343,3
2022-10-28 17:05:00,1642.487,SHORT,1643.5308571428573,1640.9212142857143,1.0438571428571126,76645,2022-10-28 17:25:00,1640.9212142857143,TP,1.5,1.5657857142857665,4
2022-10-28 17:30:00,1641.008,SHORT,1642.0125714285714,1639.501142857143,1.0045714285714016,76650,2022-10-28 18:35:00,1642.0125714285714,SL,-1.0,-1.004571428571353,13
2022-10-28 20:20:00,1643.898,LONG,1643.251857142857,1644.8672142857142,0.6461428571428931,76684,2022-10-28 20:40:00,1644.8672142857142,TP,1.5,0.9692142857143153,4
2022-10-30 22:00:00,1643.598,LONG,1642.6659285714286,1644.9961071428572,0.9320714285714432,76692,2022-10-30 23:15:00,1644.9961071428572,TP,1.5,1.3981071428572704,15
2022-10-30 23:25:00,1644.388,LONG,1643.7825714285714,1645.2961428571427,0.6054285714285632,76709,2022-10-30 23:30:00,1643.7825714285714,SL,-1.0,-0.605428571428547,1
2022-10-30 23:50:00,1643.565,LONG,1643.0122857142858,1644.3940714285716,0.5527142857142897,76714,2022-10-31 00:00:00,1644.3940714285716,TP,1.5,0.8290714285715239,2
2022-10-31 01:30:00,1641.268,SHORT,1642.1375,1639.9637500000001,0.8694999999999838,76734,2022-10-31 01:40:00,1642.1375,SL,-1.0,-0.8695000000000164,2
2022-10-31 01:45:00,1641.578,SHORT,1642.5224285714285,1640.1613571428572,0.9444285714285537,76737,2022-10-31 02:20:00,1642.5224285714285,SL,-1.0,-0.9444285714284888,7
2022-10-31 03:25:00,1642.088,SHORT,1642.8619999999999,1640.927,0.7739999999999847,76757,2022-10-31 03:30:00,1642.8619999999999,SL,-1.0,-0.7739999999998872,1
2022-10-31 04:50:00,1643.998,LONG,1643.3367857142857,1644.9898214285715,0.6612142857142577,76774,2022-10-31 05:05:00,1644.9898214285715,TP,1.5,0.9918214285714839,3
2022-10-31 07:00:00,1642.868,SHORT,1643.7786428571428,1641.5020357142857,0.9106428571428589,76800,2022-10-31 07:10:00,1641.5020357142857,TP,1.5,1.365964285714199,2
2022-10-31 08:10:00,1638.608,SHORT,1639.7337142857143,1636.9194285714286,1.1257142857142688,76814,2022-10-31 08:30:00,1636.9194285714286,TP,1.5,1.688571428571322,4
2022-10-31 09:35:00,1638.388,SHORT,1639.463,1636.7755,1.075000000000013,76831,2022-10-31 09:45:00,1639.463,SL,-1.0,-1.0750000000000455,2
2022-10-31 09:50:00,1638.678,SHORT,1639.6587857142858,1637.2068214285716,0.9807857142856976,76834,2022-10-31 10:10:00,1637.2068214285716,TP,1.5,1.4711785714284815,4
2022-10-31 12:35:00,1636.068,SHORT,1637.7982857142856,1633.4725714285714,1.7302857142857258,76867,2022-10-31 12:40:00,1637.7982857142856,SL,-1.0,-1.7302857142856283,1
2022-10-31 15:35:00,1637.258,SHORT,1638.5644285714286,1635.2983571428572,1.3064285714286175,76903,2022-10-31 15:50:00,1638.5644285714286,SL,-1.0,-1.3064285714285688,3
2022-10-31 17:30:00,1636.848,SHORT,1637.7431428571429,1635.5052857142857,0.8951428571428518,76926,2022-10-31 17:45:00,1635.5052857142857,TP,1.5,1.3427142857142371,3
2022-10-31 18:30:00,1635.287,SHORT,1635.9702142857143,1634.2621785714286,0.6832142857142733,76938,2022-10-31 18:50:00,1635.9702142857143,SL,-1.0,-0.6832142857142571,4
2022-10-31 23:30:00,1632.148,SHORT,1632.6116428571427,1631.4525357142857,0.4636428571428561,76986,2022-10-31 23:40:00,1632.6116428571427,SL,-1.0,-0.46364285714275866,2
2022-11-01 03:50:00,1637.048,LONG,1636.2493571428572,1638.2459642857143,0.79864285714286,77038,2022-11-01 04:20:00,1638.2459642857143,TP,1.5,1.1979642857143062,6
2022-11-01 05:15:00,1638.677,LONG,1638.036,1639.6384999999998,0.6409999999999465,77055,2022-11-01 05:30:00,1638.036,SL,-1.0,-0.640999999999849,3
2022-11-01 07:50:00,1644.117,LONG,1642.3438571428571,1646.7767142857142,1.7731428571428458,77086,2022-11-01 08:00:00,1646.7767142857142,TP,1.5,2.6597142857142444,2
2022-11-01 09:15:00,1646.438,LONG,1645.3157857142858,1648.1213214285715,1.1222142857142867,77103,2022-11-01 09:30:00,1648.1213214285715,TP,1.5,1.6833214285713893,3
2022-11-01 12:05:00,1653.078,LONG,1651.6779999999999,1655.178,1.400000000000026,77137,2022-11-01 12:15:00,1655.178,TP,1.5,2.1000000000001364,2
2022-11-01 12:45:00,1653.198,LONG,1651.3572142857145,1655.9591785714288,1.8407857142857114,77145,2022-11-01 13:45:00,1651.3572142857145,SL,-1.0,-1.84078571428563,12
2022-11-01 15:35:00,1643.807,SHORT,1645.727,1640.927,1.9200000000000077,77179,2022-11-01 16:00:00,1645.727,SL,-1.0,-1.9200000000000728,5
2022-11-01 16:25:00,1644.368,SHORT,1646.2214285714285,1641.587857142857,1.8534285714285457,77189,2022-11-01 17:10:00,1646.2214285714285,SL,-1.0,-1.8534285714285943,9
2022-11-01 19:55:00,1648.098,LONG,1647.3121428571428,1649.2767857142858,0.7858571428571882,77231,2022-11-01 20:00:00,1647.3121428571428,SL,-1.0,-0.7858571428571395,1
2022-11-01 20:45:00,1646.698,SHORT,1647.2280714285716,1645.902892857143,0.5300714285715132,77241,2022-11-01 20:50:00,1647.2280714285716,SL,-1.0,-0.5300714285715458,1
2022-11-01 20:55:00,1647.398,SHORT,1647.9095714285713,1646.6306428571427,0.5115714285715123,77243,2022-11-01 22:00:00,1647.9095714285713,SL,-1.0,-0.5115714285714148,1
2022-11-01 22:10:00,1645.987,SHORT,1646.6050714285716,1645.0598928571428,0.6180714285714787,77246,2022-11-01 22:15:00,1646.6050714285716,SL,-1.0,-0.6180714285715112,1
2022-11-01 22:40:00,1646.548,SHORT,1647.1945,1645.57825,0.6465000000000438,77252,2022-11-01 23:05:00,1647.1945,SL,-1.0,-0.64650000000006,5
2022-11-02 01:35:00,1650.928,LONG,1649.7600714285716,1652.679892857143,1.1679285714285632,77287,2022-11-02 01:50:00,1649.7600714285716,SL,-1.0,-1.167928571428547,3
2022-11-02 03:50:00,1650.637,LONG,1649.8193571428571,1651.8634642857144,0.8176428571428817,77314,2022-11-02 04:05:00,1649.8193571428571,SL,-1.0,-0.8176428571428005,3
2022-11-02 04:30:00,1650.398,LONG,1649.7247142857143,1651.4079285714286,0.6732857142857094,77322,2022-11-02 04:40:00,1651.4079285714286,TP,1.5,1.0099285714286452,2
2022-11-02 05:25:00,1651.028,LONG,1650.229142857143,1652.2262857142857,0.7988571428571406,77333,2022-11-02 05:35:00,1652.2262857142857,TP,1.5,1.1982857142857029,2
2022-11-02 06:15:00,1650.297,LONG,1649.5283571428572,1651.4499642857143,0.7686428571428549,77343,2022-11-02 06:30:00,1651.4499642857143,TP,1.5,1.1529642857142335,3
2022-11-02 06:55:00,1651.108,LONG,1650.1782142857141,1652.5026785714285,0.9297857142857505,77351,2022-11-02 07:20:00,1650.1782142857141,SL,-1.0,-0.9297857142857993,5
2022-11-02 07:45:00,1652.067,LONG,1650.9864285714286,1653.6878571428572,1.0805714285714723,77361,2022-11-02 08:15:00,1653.6878571428572,TP,1.5,1.6208571428571759,6
2022-11-02 09:15:00,1654.348,LONG,1653.2642857142857,1655.9735714285714,1.0837142857142876,77379,2022-11-02 09:30:00,1655.9735714285714,TP,1.5,1.6255714285714475,3
2022-11-02 11:05:00,1655.348,LONG,1654.2985714285714,1656.9221428571427,1.049428571428572,77401,2022-11-02 12:00:00,1656.9221428571427,TP,1.5,1.5741428571427605,11
2022-11-02 12:15:00,1657.178,LONG,1655.7787142857144,1659.2769285714287,1.399285714285676,77415,2022-11-02 12:40:00,1655.7787142857144,SL,-1.0,-1.3992857142857247,5
2022-11-02 14:05:00,1651.098,SHORT,1652.5430714285715,1648.9303928571428,1.4450714285714443,77437,2022-11-02 14:30:00,1648.9303928571428,TP,1.5,2.1676071428571504,5
2022-11-02 17:50:00,1649.458,SHORT,1650.347,1648.1245000000001,0.8889999999999938,77482,2022-11-02 18:00:00,1650.347,SL,-1.0,-0.8889999999998963,2
2022-11-02 18:55:00,1649.357,LONG,1643.7903571428571,1657.7069642857143,5.566642857142857,77495,2022-11-02 19:15:00,1643.7903571428571,SL,-1.0,-5.566642857142824,4
2022-11-02 23:55:00,1633.578,SHORT,1634.2524285714285,1632.5663571428572,0.6744285714285719,77543,2022-11-03 00:10:00,1634.2524285714285,SL,-1.0,-0.674428571428507,3
2022-11-03 00:25:00,1633.598,SHORT,1634.3209285714286,1632.5136071428572,0.7229285714285619,77549,2022-11-03 00:30:00,1634.3209285714286,SL,-1.0,-0.7229285714286107,1
2022-11-03 03:25:00,1636.258,SHORT,1637.0632857142857,1635.0500714285715,0.80528571428569,77585,2022-11-03 03:50:00,1637.0632857142857,SL,-1.0,-0.8052857142856737,5
2022-11-03 04:55:00,1637.498,LONG,1636.8767142857143,1638.4299285714285,0.6212857142856885,77603,2022-11-03 05:05:00,1636.8767142857143,SL,-1.0,-0.6212857142857047,2
2022-11-03 11:10:00,1620.757,SHORT,1622.153642857143,1618.6620357142858,1.3966428571428813,77678,2022-11-03 11:20:00,1618.6620357142858,TP,1.5,2.0949642857142408,2
2022-11-03 12:15:00,1623.418,SHORT,1625.2172142857141,1620.7191785714285,1.7992142857142588,77691,2022-11-03 12:20:00,1620.7191785714285,TP,1.5,2.698821428571364,1
2022-11-03 12:40:00,1620.308,SHORT,1622.3924285714286,1617.1813571428572,2.08442857142854,77696,2022-11-03 13:20:00,1617.1813571428572,TP,1.5,3.1266428571427696,8
2022-11-03 14:15:00,1622.788,SHORT,1625.723857142857,1618.3842142857143,2.9358571428571167,77715,2022-11-03 14:25:00,1625.723857142857,SL,-1.0,-2.935857142857003,2
2022-11-03 16:00:00,1627.078,LONG,1625.0964285714285,1630.0503571428571,1.981571428571442,77736,2022-11-03 16:35:00,1625.0964285714285,SL,-1.0,-1.981571428571442,7
2022-11-03 16:55:00,1626.977,LONG,1625.654642857143,1628.960535714286,1.3223571428571534,77747,2022-11-03 17:15:00,1628.960535714286,TP,1.5,1.9835357142858356,4
2022-11-03 22:55:00,1630.088,LONG,1629.535357142857,1630.9169642857144,0.5526428571428629,77807,2022-11-03 23:10:00,1629.535357142857,SL,-1.0,-0.5526428571429278,3
2022-11-04 01:10:00,1630.828,LONG,1630.0773571428572,1631.9539642857144,0.7506428571429069,77834,2022-11-04 01:20:00,1630.0773571428572,SL,-1.0,-0.7506428571427932,2
2022-11-04 01:50:00,1632.318,LONG,1631.3344285714286,1633.793357142857,0.9835714285714435,77842,2022-11-04 01:55:00,1633.793357142857,TP,1.5,1.4753571428570922,1
2022-11-04 07:00:00,1649.128,LONG,1647.5748571428571,1651.4577142857142,1.5531428571428347,77904,2022-11-04 07:10:00,1647.5748571428571,SL,-1.0,-1.5531428571428023,2
2022-11-04 07:30:00,1647.008,LONG,1645.4712142857143,1649.3131785714286,1.5367857142857377,77910,2022-11-04 07:45:00,1645.4712142857143,SL,-1.0,-1.5367857142857702,3
2022-11-04 07:50:00,1644.598,LONG,1643.1975714285713,1646.6986428571429,1.4004285714285873,77914,2022-11-04 08:00:00,1646.6986428571429,TP,1.5,2.1006428571429296,2
2022-11-04 08:10:00,1648.978,LONG,1647.4820714285715,1651.2218928571428,1.4959285714285702,77918,2022-11-04 08:30:00,1647.4820714285715,SL,-1.0,-1.4959285714285215,4
2022-11-04 08:55:00,1647.767,LONG,1646.5422142857144,1649.6041785714285,1.224785714285677,77927,2022-11-04 09:15:00,1649.6041785714285,TP,1.5,1.837178571428467,4
2022-11-04 10:30:00,1648.968,LONG,1647.3837857142858,1651.3443214285714,1.5842142857143082,77946,2022-11-04 10:50:00,1651.3443214285714,TP,1.5,2.376321428571373,4
2022-11-04 12:35:00,1652.838,LONG,1650.7564285714286,1655.9603571428572,2.0815714285714324,77971,2022-11-04 12:40:00,1655.9603571428572,TP,1.5,3.122357142857254,1
2022-11-04 15:40:00,1671.138,LONG,1669.0706428571427,1674.2390357142856,2.0673571428571416,78008,2022-11-04 16:00:00,1669.0706428571427,SL,-1.0,-2.0673571428571904,4
2022-11-04 16:10:00,1670.528,LONG,1668.543642857143,1673.5045357142858,1.9843571428571392,78014,2022-11-04 16:30:00,1673.5045357142858,TP,1.5,2.976535714285774,4
2022-11-04 17:10:00,1674.058,LONG,1672.5190714285714,1676.3663928571427,1.5389285714285603,78026,2022-11-04 17:30:00,1672.5190714285714,SL,-1.0,-1.5389285714286416,4
2022-11-04 17:35:00,1673.888,LONG,1672.547,1675.8995,1.3410000000000082,78031,2022-11-04 18:25:00,1675.8995,TP,1.5,2.011500000000069,10
2022-11-06 23:20:00,1676.798,LONG,1674.692,1679.9569999999999,2.1059999999999945,78076,2022-11-06 23:30:00,1674.692,SL,-1.0,-2.1059999999999945,2
2022-11-07 01:05:00,1672.368,SHORT,1673.8080714285713,1670.2078928571427,1.4400714285714815,78097,2022-11-07 01:35:00,1673.8080714285713,SL,-1.0,-1.4400714285714002,6
2022-11-07 01:55:00,1672.268,SHORT,1673.8123571428573,1669.9514642857143,1.5443571428571659,78107,2022-11-07 03:35:00,1673.8123571428573,SL,-1.0,-1.5443571428572795,20
2022-11-07 04:25:00,1672.008,SHORT,1672.9437857142857,1670.6043214285714,0.9357857142857385,78137,2022-11-07 04:35:00,1672.9437857142857,SL,-1.0,-0.9357857142856574,2
2022-11-07 06:05:00,1671.758,SHORT,1672.8771428571429,1670.0792857142858,1.1191428571428494,78157,2022-11-07 07:00:00,1670.0792857142858,TP,1.5,1.6787142857142499,11
2022-11-07 07:10:00,1669.027,SHORT,1669.9804285714285,1667.5968571428573,0.9534285714285033,78170,2022-11-07 07:20:00,1667.5968571428573,TP,1.5,1.430142857142755,2
2022-11-07 13:00:00,1677.878,LONG,1676.5737857142856,1679.8343214285715,1.304214285714303,78240,2022-11-07 13:05:00,1676.5737857142856,SL,-1.0,-1.3042142857143517,1
2022-11-07 13:25:00,1676.558,LONG,1674.9012142857143,1679.0431785714286,1.6567857142856934,78245,2022-11-07 14:05:00,1679.0431785714286,TP,1.5,2.485178571428605,8
2022-11-07 14:40:00,1680.108,LONG,1678.4671428571428,1682.5692857142856,1.6408571428571253,78260,2022-11-07 15:00:00,1678.4671428571428,SL,-1.0,-1.6408571428571577,4
2022-11-07 15:25:00,1676.648,LONG,1674.5350714285714,1679.8173928571427,2.1129285714285806,78269,2022-11-07 16:15:00,1679.8173928571427,TP,1.5,3.1693928571428387,10
2022-11-07 16:45:00,1677.498,LONG,1676.1865714285716,1679.4651428571428,1.311428571428548,78285,2022-11-07 17:15:00,1676.1865714285716,SL,-1.0,-1.3114285714284506,6
2022-11-07 19:00:00,1676.218,SHORT,1677.0294285714285,1675.0008571428573,0.8114285714285643,78312,2022-11-07 20:20:00,1675.0008571428573,TP,1.5,1.2171428571427896,16
2022-11-07 20:35:00,1674.858,SHORT,1675.673142857143,1673.6352857142856,0.8151428571428758,78331,2022-11-07 23:30:00,1673.6352857142856,TP,1.5,1.2227142857143463,23
2022-11-07 23:50:00,1674.117,SHORT,1674.6462142857142,1673.3231785714286,0.5292142857142608,78358,2022-11-08 00:00:00,1673.3231785714286,TP,1.5,0.7938214285713912,2
2022-11-08 01:25:00,1673.748,SHORT,1674.7119285714286,1672.302107142857,0.9639285714285961,78377,2022-11-08 02:05:00,1672.302107142857,TP,1.5,1.4458928571430079,8
2022-11-08 02:55:00,1673.117,SHORT,1673.9442857142858,1671.8760714285713,0.827285714285722,78395,2022-11-08 04:20:00,1671.8760714285713,TP,1.5,1.2409285714286398,17
2022-11-08 06:20:00,1669.898,SHORT,1670.8424285714284,1668.4813571428572,0.9444285714285537,78436,2022-11-08 06:40:00,1670.8424285714284,SL,-1.0,-0.9444285714284888,4
2022-11-08 07:05:00,1669.598,SHORT,1670.5557142857142,1668.1614285714286,0.9577142857142787,78445,2022-11-08 07:10:00,1668.1614285714286,TP,1.5,1.4365714285713693,1
2022-11-08 07:30:00,1669.388,SHORT,1670.4207857142856,1667.8388214285715,1.0327857142857024,78450,2022-11-08 08:00:00,1670.4207857142856,SL,-1.0,-1.0327857142856374,6
2022-11-08 08:15:00,1669.378,SHORT,1670.6572142857142,1667.4591785714285,1.2792142857142932,78459,2022-11-08 08:20:00,1670.6572142857142,SL,-1.0,-1.2792142857142608,1
2022-11-08 08:20:00,1669.237,SHORT,1670.516142857143,1667.3182857142858,1.2791428571428665,78460,2022-11-08 08:45:00,1667.3182857142858,TP,1.5,1.918714285714259,5
2022-11-08 11:00:00,1670.498,LONG,1669.620642857143,1671.8140357142856,0.8773571428571196,78492,2022-11-08 11:10:00,1671.8140357142856,TP,1.5,1.31603571428559,2
2022-11-08 13:00:00,1671.608,LONG,1670.5936428571429,1673.1295357142858,1.014357142857177,78516,2022-11-08 13:20:00,1673.1295357142858,TP,1.5,1.5215357142858466,4
2022-11-08 14:00:00,1673.948,LONG,1672.7114285714285,1675.8028571428572,1.2365714285714537,78528,2022-11-08 14:25:00,1675.8028571428572,TP,1.5,1.8548571428570995,5
2022-11-08 17:20:00,1711.798,LONG,1709.9787857142858,1714.5268214285713,1.8192142857142894,78568,2022-11-08 17:55:00,1714.5268214285713,TP,1.5,2.7288214285713366,7
2022-11-08 18:30:00,1713.348,LONG,1711.7550714285715,1715.7373928571428,1.592928571428534,78582,2022-11-08 19:10:00,1711.7550714285715,SL,-1.0,-1.5929285714285015,8
2022-11-08 19:45:00,1711.757,LONG,1710.1842142857145,1714.1161785714287,1.5727857142857147,78597,2022-11-09 00:05:00,1710.1842142857145,SL,-1.0,-1.572785714285601,40
2022-11-09 01:35:00,1708.448,SHORT,1709.5747142857144,1706.7579285714287,1.1267142857142776,78655,2022-11-09 03:00:00,1709.5747142857144,SL,-1.0,-1.1267142857143426,17
2022-11-09 03:55:00,1709.108,SHORT,1710.3162142857143,1707.2956785714287,1.2082142857142668,78683,2022-11-09 07:00:00,1710.3162142857143,SL,-1.0,-1.208214285714348,37
2022-11-09 07:50:00,1711.938,LONG,1710.5981428571429,1713.9477857142858,1.3398571428571617,78730,2022-11-09 08:00:00,1713.9477857142858,TP,1.5,2.0097857142857265,2
2022-11-09 08:00:00,1714.518,LONG,1712.9152142857142,1716.9221785714287,1.602785714285736,78732,2022-11-09 08:45:00,1712.9152142857142,SL,-1.0,-1.602785714285801,9
2022-11-09 11:15:00,1709.298,SHORT,1710.4709285714287,1707.5386071428572,1.1729285714285749,78771,2022-11-09 12:20:00,1707.5386071428572,TP,1.5,1.7593928571427568,13
2022-11-09 12:30:00,1706.918,SHORT,1708.0974285714285,1705.1488571428572,1.1794285714285349,78786,2022-11-09 12:40:00,1708.0974285714285,SL,-1.0,-1.1794285714286161,2
2022-11-09 12:45:00,1707.338,SHORT,1708.498857142857,1705.5967142857144,1.1608571428571233,78789,2022-11-09 13:00:00,1708.498857142857,SL,-1.0,-1.1608571428571395,3
2022-11-09 13:05:00,1707.468,SHORT,1708.760142857143,1705.529785714286,1.292142857142835,78793,2022-11-09 13:15:00,1705.529785714286,TP,1.5,1.938214285714139,2
2022-11-09 13:20:00,1704.167,SHORT,1705.8041428571428,1701.7112857142856,1.6371428571428461,78796,2022-11-09 13:25:00,1705.8041428571428,SL,-1.0,-1.6371428571428623,1
2022-11-09 13:50:00,1708.718,SHORT,1710.6782142857144,1705.7776785714286,1.9602142857142684,78802,2022-11-09 14:00:00,1710.6782142857144,SL,-1.0,-1.9602142857143008,2
2022-11-09 14:10:00,1711.568,LONG,1709.3633571428572,1714.8749642857142,2.204642857142858,78806,2022-11-09 14:45:00,1714.8749642857142,TP,1.5,3.30696428571423,7
2022-11-09 16:05:00,1713.677,LONG,1710.0435,1719.12725,3.633499999999994,78829,2022-11-09 18:00:00,1710.0435,SL,-1.0,-3.6334999999999127,23
2022-11-09 18:05:00,1711.208,LONG,1709.9016428571429,1713.1675357142858,1.306357142857158,78853,2022-11-09 18:10:00,1709.9016428571429,SL,-1.0,-1.3063571428572232,1
2022-11-09 20:10:00,1705.688,SHORT,1707.163,1703.4755,1.4749999999999903,78878,2022-11-09 20:20:00,1707.163,SL,-1.0,-1.474999999999909,2
2022-11-09 20:35:00,1706.198,SHORT,1707.6182142857144,1704.0676785714286,1.4202142857143047,78883,2022-11-09 23:20:00,1704.0676785714286,TP,1.5,2.1303214285715057,21
2022-11-10 00:00:00,1705.588,SHORT,1706.4900714285714,1704.2348928571428,0.9020714285714543,78912,2022-11-10 00:40:00,1706.4900714285714,SL,-1.0,-0.9020714285713893,8
2022-11-10 00:40:00,1706.148,SHORT,1706.9072142857142,1705.0091785714285,0.7592142857143115,78920,2022-11-10 01:00:00,1706.9072142857142,SL,-1.0,-0.759214285714279,4
2022-11-10 01:55:00,1706.648,LONG,1705.4394285714284,1708.460857142857,1.20857142857145,78935,2022-11-10 02:55:00,1708.460857142857,TP,1.5,1.8128571428571831,12
2022-11-10 02:55:00,1708.568,LONG,1707.432142857143,1710.2717857142857,1.1358571428571136,78947,2022-11-10 05:00:00,1710.2717857142857,TP,1.5,1.7037857142856865,25
2022-11-10 05:10:00,1710.918,LONG,1710.2296428571428,1711.9505357142855,0.6883571428571226,78974,2022-11-10 05:20:00,1710.2296428571428,SL,-1.0,-0.6883571428570576,2
2022-11-10 06:00:00,1712.408,LONG,1711.4277857142856,1713.8783214285713,0.9802142857142501,78984,2022-11-10 06:10:00,1711.4277857142856,SL,-1.0,-0.9802142857142826,2
2022-11-10 06:30:00,1709.368,LONG,1708.3477857142857,1710.8983214285713,1.0202142857142948,78990,2022-11-10 06:40:00,1710.8983214285713,TP,1.5,1.5303214285713693,2
2022-11-10 07:10:00,1708.618,LONG,1707.619357142857,1710.1159642857142,0.998642857142873,78998,2022-11-10 07:20:00,1707.619357142857,SL,-1.0,-0.9986428571428405,2
2022-11-10 08:55:00,1707.268,SHORT,1708.8992857142857,1704.8210714285715,1.6312857142856956,79019,2022-11-10 09:15:00,1704.8210714285715,TP,1.5,2.4469285714285434,4
2022-11-10 09:45:00,1707.248,SHORT,1708.5707857142856,1705.2638214285714,1.3227857142857147,79029,2022-11-10 10:15:00,1705.2638214285714,TP,1.5,1.9841785714286289,6
2022-11-10 10:50:00,1706.177,SHORT,1707.2877142857142,1704.5109285714284,1.1107142857143313,79042,2022-11-10 10:55:00,1707.2877142857142,SL,-1.0,-1.1107142857142662,1
2022-11-10 11:00:00,1705.838,SHORT,1707.1465714285714,1703.8751428571427,1.3085714285714727,79044,2022-11-10 11:15:00,1707.1465714285714,SL,-1.0,-1.3085714285714403,3
2022-11-10 12:55:00,1709.157,LONG,1708.1985714285713,1710.5946428571428,0.95842857142858,79067,2022-11-10 13:20:00,1710.5946428571428,TP,1.5,1.4376428571429187,5
2022-11-10 16:35:00,1750.578,LONG,1748.0070714285714,1754.4343928571427,2.5709285714285506,79111,2022-11-10 16:50:00,1748.0070714285714,SL,-1.0,-2.570928571428567,3
2022-11-10 17:40:00,1748.278,LONG,1746.6557142857143,1750.7114285714285,1.6222857142857134,79124,2022-11-10 17:45:00,1746.6557142857143,SL,-1.0,-1.622285714285681,1
2022-11-10 18:10:00,1750.488,LONG,1748.9757857142858,1752.7563214285715,1.5122142857142893,79130,2022-11-10 18:20:00,1748.9757857142858,SL,-1.0,-1.512214285714208,2
2022-11-10 18:30:00,1750.788,LONG,1749.2378571428571,1753.1132142857143,1.550142857142857,79134,2022-11-10 19:40:00,1753.1132142857143,TP,1.5,2.32521428571431,14
2022-11-11 00:20:00,1752.588,LONG,1751.5629285714285,1754.1256071428572,1.025071428571469,79192,2022-11-11 00:35:00,1751.5629285714285,SL,-1.0,-1.0250714285714366,3
2022-11-11 01:05:00,1750.968,SHORT,1752.139642857143,1749.2105357142857,1.1716428571429074,79201,2022-11-11 01:30:00,1749.2105357142857,TP,1.5,1.7574642857143772,5
2022-11-11 02:40:00,1750.438,SHORT,1751.7178571428572,1748.5182142857143,1.2798571428571515,79220,2022-11-11 02:55:00,1751.7178571428572,SL,-1.0,-1.279857142857054,3
2022-11-11 07:00:00,1758.317,LONG,1756.3383571428571,1761.2849642857143,1.9786428571428425,79272,2022-11-11 07:10:00,1756.3383571428571,SL,-1.0,-1.9786428571428587,2
2022-11-11 07:10:00,1757.968,LONG,1756.0385,1760.8622500000001,1.9294999999999618,79274,2022-11-11 07:20:00,1760.8622500000001,TP,1.5,2.8942500000000564,2
2022-11-11 07:30:00,1761.348,LONG,1759.5435,1764.0547499999998,1.8044999999999618,79278,2022-11-11 08:00:00,1759.5435,SL,-1.0,-1.8044999999999618,6
2022-11-11 09:35:00,1761.608,LONG,1759.7262857142857,1764.4305714285713,1.881714285714273,79303,2022-11-11 09:50:00,1764.4305714285713,TP,1.5,2.8225714285713366,3
2022-11-11 13:20:00,1762.538,LONG,1760.8187857142857,1765.1168214285715,1.719214285714283,79348,2022-11-11 13:25:00,1760.8187857142857,SL,-1.0,-1.7192142857143153,1
2022-11-11 13:35:00,1762.908,LONG,1761.0615714285714,1765.6776428571427,1.8464285714285487,79351,2022-11-11 13:55:00,1765.6776428571427,TP,1.5,2.7696428571427987,4
2022-11-11 15:00:00,1758.757,SHORT,1761.1692142857144,1755.1386785714285,2.412214285714299,79368,2022-11-11 15:10:00,1761.1692142857144,SL,-1.0,-2.412214285714299,2
2022-11-11 15:45:00,1762.038,LONG,1759.5065,1765.83525,2.531500000000002,79377,2022-11-11 16:30:00,1759.5065,SL,-1.0,-2.531500000000051,9
2022-11-11 16:30:00,1760.298,LONG,1758.47,1763.04,1.8279999999999745,79386,2022-11-11 16:40:00,1763.04,TP,1.5,2.741999999999962,2
2022-11-11 18:45:00,1764.025,LONG,1762.7930714285715,1765.872892857143,1.2319285714285602,79413,2022-11-11 19:25:00,1765.872892857143,TP,1.5,1.8478928571428241,8
2022-11-11 20:20:00,1766.288,LONG,1765.2516428571428,1767.8425357142858,1.0363571428571439,79432,2022-11-11 20:50:00,1767.8425357142858,TP,1.5,1.5545357142857483,6
2022-11-11 21:45:00,1770.748,LONG,1769.5189285714287,1772.5916071428571,1.2290714285714526,79449,2022-11-11 21:50:00,1769.5189285714287,SL,-1.0,-1.2290714285713875,1
2022-11-14 01:05:00,1763.868,SHORT,1765.3214285714284,1761.6878571428572,1.453428571428552,79477,2022-11-14 01:15:00,1765.3214285714284,SL,-1.0,-1.4534285714285033,2
2022-11-14 01:55:00,1762.548,SHORT,1764.2442857142858,1760.0035714285714,1.696285714285685,79487,2022-11-14 03:10:00,1764.2442857142858,SL,-1.0,-1.6962857142857501,15
2022-11-14 05:05:00,1760.967,SHORT,1761.9662142857144,1759.4681785714288,0.9992142857142718,79525,2022-11-14 05:30:00,1759.4681785714288,TP,1.5,1.4988214285713184,5
2022-11-14 05:30:00,1759.097,SHORT,1760.0765,1757.62775,0.9794999999999651,79530,2022-11-14 05:40:00,1760.0765,SL,-1.0,-0.9794999999999163,2
2022-11-14 06:45:00,1760.288,SHORT,1761.6336428571428,1758.2695357142857,1.345642857142853,79545,2022-11-14 06:55:00,1761.6336428571428,SL,-1.0,-1.3456428571428205,2
2022-11-14 07:05:00,1760.718,SHORT,1762.0865714285715,1758.6651428571429,1.3685714285714181,79549,2022-11-14 07:20:00,1762.0865714285715,SL,-1.0,-1.3685714285713857,3
2022-11-14 08:05:00,1764.518,LONG,1763.025,1766.7575000000002,1.4930000000000194,79561,2022-11-14 08:25:00,1763.025,SL,-1.0,-1.4929999999999382,4
2022-11-14 08:45:00,1762.998,LONG,1761.3698571428572,1765.4402142857143,1.6281428571428802,79569,2022-11-14 08:50:00,1761.3698571428572,SL,-1.0,-1.6281428571428478,1
2022-11-14 09:10:00,1758.908,SHORT,1760.5359999999998,1756.466,1.6280000000000265,79574,2022-11-14 09:35:00,1760.5359999999998,SL,-1.0,-1.627999999999929,5
2022-11-14 12:35:00,1757.228,SHORT,1758.373642857143,1755.5095357142857,1.145642857142905,79615,2022-11-14 12:40:00,1758.373642857143,SL,-1.0,-1.1456428571430024,1
2022-11-14 16:20:00,1767.788,LONG,1766.0864285714285,1770.340357142857,1.701571428571437,79660,2022-11-14 16:30:00,1770.340357142857,TP,1.5,2.5523571428570904,2
2022-11-14 17:00:00,1770.588,LONG,1769.0995,1772.82075,1.4885000000000121,79668,2022-11-14 18:20:00,1772.82075,TP,1.5,2.2327500000001237,16
2022-11-14 19:50:00,1772.298,LONG,1771.3807857142856,1773.6738214285715,0.917214285714327,79702,2022-11-14 20:00:00,1773.6738214285715,TP,1.5,1.3758214285714985,2
2022-11-14 21:40:00,1771.598,LONG,1771.0192857142856,1772.4660714285715,0.5787142857142921,79724,2022-11-14 21:55:00,1771.0192857142856,SL,-1.0,-0.5787142857143408,3
2022-11-15 01:25:00,1769.858,SHORT,1771.038,1768.088,1.1799999999999824,79757,2022-11-15 01:40:00,1768.088,TP,1.5,1.7699999999999818,3
2022-11-15 01:55:00,1768.978,SHORT,1770.2673571428572,1767.0439642857143,1.2893571428571053,79763,2022-11-15 02:05:00,1770.2673571428572,SL,-1.0,-1.2893571428571704,2
2022-11-15 03:05:00,1771.688,LONG,1770.6429285714287,1773.2556071428573,1.0450714285714509,79777,2022-11-15 03:10:00,1770.6429285714287,SL,-1.0,-1.0450714285714184,1
2022-11-15 03:45:00,1771.858,LONG,1770.8001428571429,1773.4447857142857,1.0578571428571877,79785,2022-11-15 04:20:00,1770.8001428571429,SL,-1.0,-1.057857142857074,7
2022-11-15 04:40:00,1771.007,LONG,1770.356142857143,1771.9832857142858,0.6508571428571811,79796,2022-11-15 05:05:00,1771.9832857142858,TP,1.5,0.9762857142857229,5
2022-11-15 05:15:00,1773.237,LONG,1772.5577142857144,1774.2559285714287,0.6792857142857136,79803,2022-11-15 05:30:00,1772.5577142857144,SL,-1.0,-0.6792857142856974,3
2022-11-15 06:00:00,1770.938,LONG,1770.0959285714287,1772.2011071428572,0.8420714285714114,79812,2022-11-15 06:15:00,1770.0959285714287,SL,-1.0,-0.8420714285714439,3
2022-11-15 09:25:00,1775.218,LONG,1773.5557857142858,1777.7113214285714,1.6622142857142828,79853,2022-11-15 09:45:00,1773.5557857142858,SL,-1.0,-1.662214285714299,4
2022-11-15 10:25:00,1775.008,LONG,1773.6705714285713,1777.014142857143,1.3374285714286478,79865,2022-11-15 11:00:00,1777.014142857143,TP,1.5,2.006142857143004,7
2022-11-15 14:20:00,1776.728,LONG,1772.913,1782.4505000000001,3.8150000000000057,79912,2022-11-15 14:30:00,1772.913,SL,-1.0,-3.8150000000000546,2
2022-11-15 14:35:00,1770.917,SHORT,1775.0304285714285,1764.7468571428572,4.113428571428569,79915,2022-11-15 18:30:00,1775.0304285714285,SL,-1.0,-4.113428571428585,47
2022-11-15 19:20:00,1776.097,LONG,1771.8262857142856,1782.5030714285715,4.270714285714283,79972,2022-11-16 03:55:00,1771.8262857142856,SL,-1.0,-4.270714285714348,91
2022-11-16 04:50:00,1771.438,SHORT,1772.3953571428572,1770.0019642857144,0.9573571428571606,80074,2022-11-16 05:05:00,1772.3953571428572,SL,-1.0,-0.9573571428570631,3
2022-11-16 05:10:00,1773.067,SHORT,1774.168,1771.4155,1.1009999999999829,80078,2022-11-16 05:20:00,1774.168,SL,-1.0,-1.1009999999998854,2
2022-11-16 05:45:00,1773.488,SHORT,1774.6809285714287,1771.6986071428573,1.1929285714285567,80085,2022-11-16 06:00:00,1774.6809285714287,SL,-1.0,-1.192928571428638,3
2022-11-16 06:05:00,1773.498,SHORT,1774.7715714285714,1771.5876428571428,1.2735714285714397,80089,2022-11-16 07:05:00,1774.7715714285714,SL,-1.0,-1.2735714285713584,12
2022-11-16 07:05:00,1772.938,SHORT,1774.1657142857143,1771.0964285714285,1.2277142857143093,80101,2022-11-16 07:25:00,1774.1657142857143,SL,-1.0,-1.227714285714228,4
2022-11-16 08:40:00,1776.628,LONG,1775.1270714285713,1778.8793928571429,1.5009285714285983,80120,2022-11-16 08:55:00,1778.8793928571429,TP,1.5,2.251392857142946,3
2022-11-16 11:25:00,1782.388,LONG,1781.2285714285713,1784.1271428571429,1.1594285714285857,80153,2022-11-16 11:30:00,1781.2285714285713,SL,-1.0,-1.1594285714286343,1
2022-11-16 12:20:00,1782.008,LONG,1780.979857142857,1783.5502142857142,1.0281428571428413,80164,2022-11-16 12:30:00,1780.979857142857,SL,-1.0,-1.0281428571429387,2
2022-11-16 12:30:00,1782.277,LONG,1781.1259285714286,1784.0036071428572,1.1510714285713968,80166,2022-11-16 12:40:00,1781.1259285714286,SL,-1.0,-1.151071428571413,2
2022-11-16 12:50:00,1780.458,LONG,1779.1297857142858,1782.4503214285714,1.3282142857142551,80170,2022-11-16 13:05:00,1779.1297857142858,SL,-1.0,-1.328214285714239,3
2022-11-16 13:30:00,1777.078,SHORT,1779.1574285714285,1773.9588571428571,2.0794285714285445,80178,2022-11-16 13:35:00,1779.1574285714285,SL,-1.0,-2.0794285714284797,1
2022-11-16 13:45:00,1778.918,SHORT,1781.2387857142855,1775.4368214285714,2.320785714285697,80181,2022-11-16 14:35:00,1775.4368214285714,TP,1.5,3.4811785714284724,10
2022-11-16 15:40:00,1777.528,SHORT,1779.6211428571428,1774.3882857142858,2.0931428571428308,80204,2022-11-16 15:55:00,1779.6211428571428,SL,-1.0,-2.093142857142766,3
2022-11-16 16:25:00,1777.198,SHORT,1778.6668571428572,1774.9947142857145,1.4688571428570671,80213,2022-11-16 16:35:00,1774.9947142857145,TP,1.5,2.2032857142855846,2
2022-11-16 17:35:00,1775.928,SHORT,1777.1057142857144,1774.1614285714286,1.1777142857142897,80227,2022-11-16 17:50:00,1774.1614285714286,TP,1.5,1.766571428571524,3
2022-11-16 18:15:00,1772.998,SHORT,1774.0893571428571,1771.3609642857143,1.0913571428570938,80235,2022-11-16 18:30:00,1771.3609642857143,TP,1.5,1.6370357142857301,3
2022-11-16 21:20:00,1774.118,SHORT,1774.8497142857143,1773.0204285714285,0.7317142857142959,80272,2022-11-16 23:00:00,1773.0204285714285,TP,1.5,1.0975714285714275,8
2022-11-17 00:40:00,1773.378,SHORT,1773.9147142857141,1772.5729285714285,0.5367142857142458,80300,2022-11-17 01:05:00,1773.9147142857141,SL,-1.0,-0.5367142857141971,5
2022-11-17 01:15:00,1773.328,SHORT,1774.0793571428571,1772.2009642857142,0.751357142857127,80307,2022-11-17 01:40:00,1772.2009642857142,TP,1.5,1.1270357142857392,5
2022-11-17 05:50:00,1762.917,SHORT,1763.7043571428571,1761.735964285714,0.7873571428571527,80362,2022-11-17 06:05:00,1763.7043571428571,SL,-1.0,-0.7873571428572177,3
2022-11-17 07:20:00,1766.098,LONG,1764.9881428571427,1767.7627857142857,1.1098571428571924,80380,2022-11-17 07:30:00,1767.7627857142857,TP,1.5,1.6647857142856992,2
2022-11-17 09:10:00,1767.408,LONG,1766.1237142857142,1769.3344285714286,1.2842857142857318,80402,2022-11-17 09:30:00,1766.1237142857142,SL,-1.0,-1.2842857142857156,4
2022-11-17 09:35:00,1764.498,LONG,1763.1201428571428,1766.5647857142858,1.3778571428571564,80407,2022-11-17 10:35:00,1763.1201428571428,SL,-1.0,-1.3778571428572377,12
2022-11-17 12:00:00,1765.078,SHORT,1766.4774285714286,1762.9788571428571,1.399428571428611,80436,2022-11-17 12:25:00,1766.4774285714286,SL,-1.0,-1.3994285714286434,5
2022-11-17 13:00:00,1759.588,SHORT,1761.415857142857,1756.8462142857143,1.8278571428571533,80448,2022-11-17 13:05:00,1756.8462142857143,TP,1.5,2.7417857142856974,1
2022-11-17 13:30:00,1761.708,SHORT,1764.3108571428572,1757.8037142857142,2.6028571428571468,80454,2022-11-17 13:45:00,1757.8037142857142,TP,1.5,3.904285714285834,3
2022-11-17 14:50:00,1759.478,SHORT,1761.6178571428572,1756.2682142857143,2.139857142857149,80470,2022-11-17 15:15:00,1761.6178571428572,SL,-1.0,-2.1398571428571813,5
2022-11-17 15:45:00,1758.448,SHORT,1760.1652857142858,1755.8720714285714,1.7172857142857083,80481,2022-11-17 15:50:00,1760.1652857142858,SL,-1.0,-1.7172857142857083,1
2022-11-17 17:15:00,1757.887,SHORT,1759.3184285714285,1755.739857142857,1.4314285714286012,80499,2022-11-17 17:45:00,1759.3184285714285,SL,-1.0,-1.4314285714285688,6
2022-11-17 19:10:00,1761.448,LONG,1760.4495714285715,1762.945642857143,0.9984285714285599,80522,2022-11-17 19:20:00,1760.4495714285715,SL,-1.0,-0.9984285714285761,2
2022-11-17 19:20:00,1760.937,LONG,1759.8914285714284,1762.505357142857,1.0455714285714228,80524,2022-11-17 19:45:00,1759.8914285714284,SL,-1.0,-1.0455714285715203,5
2022-11-17 19:50:00,1760.817,LONG,1759.8679285714286,1762.2406071428572,0.9490714285714148,80530,2022-11-17 20:00:00,1759.8679285714286,SL,-1.0,-0.9490714285714148,2
2022-11-17 21:00:00,1760.878,LONG,1760.202142857143,1761.8917857142856,0.6758571428571258,80544,2022-11-17 21:15:00,1760.202142857143,SL,-1.0,-0.6758571428570121,3
2022-11-17 21:30:00,1760.798,LONG,1760.2673571428572,1761.5939642857143,0.5306428571428471,80550,2022-11-17 21:55:00,1760.2673571428572,SL,-1.0,-0.5306428571427659,5
2022-11-17 23:00:00,1760.198,LONG,1759.7442142857144,1760.8786785714285,0.4537857142856702,80556,2022-11-17 23:15:00,1759.7442142857144,SL,-1.0,-0.4537857142856865,3
2022-11-18 00:20:00,1761.748,LONG,1761.0637857142858,1762.7743214285715,0.6842142857142822,80572,2022-11-18 00:40:00,1762.7743214285715,TP,1.5,1.026321428571464,4
2022-11-18 01:50:00,1762.588,LONG,1761.6745714285714,1763.9581428571428,0.9134285714285397,80590,2022-11-18 02:35:00,1763.9581428571428,TP,1.5,1.3701428571428096,9
2022-11-18 03:15:00,1762.397,LONG,1761.484357142857,1763.7659642857143,0.9126428571429089,80607,2022-11-18 03:30:00,1761.484357142857,SL,-1.0,-0.9126428571428278,3
2022-11-18 03:30:00,1761.988,LONG,1761.0889285714286,1763.3366071428572,0.8990714285714603,80610,2022-11-18 03:40:00,1763.3366071428572,TP,1.5,1.3486071428571904,2
2022-11-18 06:55:00,1763.687,LONG,1762.8555714285712,1764.934142857143,0.8314285714286272,80651,2022-11-18 07:05:00,1764.934142857143,TP,1.5,1.2471428571429897,2
2022-11-18 07:35:00,1764.008,LONG,1763.0664285714286,1765.4203571428573,0.9415714285714785,80659,2022-11-18 07:40:00,1765.4203571428573,TP,1.5,1.4123571428572177,1
2022-11-18 08:40:00,1763.108,LONG,1761.8306428571427,1765.0240357142857,1.277357142857113,80672,2022-11-18 08:45:00,1761.8306428571427,SL,-1.0,-1.2773571428572268,1
2022-11-18 10:00:00,1764.417,LONG,1763.009857142857,1766.5277142857142,1.4071428571429092,80688,2022-11-18 10:20:00,1763.009857142857,SL,-1.0,-1.4071428571428442,4
2022-11-18 12:25:00,1762.018,SHORT,1763.1487142857143,1760.3219285714285,1.1307142857142805,80717,2022-11-18 12:40:00,1760.3219285714285,TP,1.5,1.6960714285714857,3
2022-11-18 16:20:00,1757.358,SHORT,1758.8109285714286,1755.1786071428571,1.4529285714286126,80764,2022-11-18 16:35:00,1755.1786071428571,TP,1.5,2.1793928571428296,3
2022-11-18 16:40:00,1754.758,SHORT,1755.9923571428571,1752.9064642857143,1.234357142857188,80768,2022-11-18 16:45:00,1752.9064642857143,TP,1.5,1.8515357142857738,1
2022-11-18 20:15:00,1748.798,SHORT,1749.5825,1747.6212500000001,0.78449999999998,80811,2022-11-18 20:35:00,1749.5825,SL,-1.0,-0.78449999999998,4
2022-11-18 21:40:00,1749.458,SHORT,1750.0830714285714,1748.520392857143,0.6250714285714106,80828,2022-11-18 21:45:00,1750.0830714285714,SL,-1.0,-0.6250714285713457,1
2022-11-21 00:50:00,1750.118,SHORT,1750.802857142857,1749.0907142857143,0.6848571428570916,80854,2022-11-21 01:05:00,1749.0907142857143,TP,1.5,1.0272857142856537,3
2022-11-21 03:30:00,1745.897,SHORT,1746.6582142857142,1744.7551785714284,0.7612142857143128,80886,2022-11-21 03:50:00,1746.6582142857142,SL,-1.0,-0.7612142857142317,4
2022-11-21 04:10:00,1746.578,SHORT,1747.1895714285715,1745.6606428571429,0.6115714285714537,80894,2022-11-21 04:30:00,1745.6606428571429,TP,1.5,0.9173571428570995,4
2022-11-21 04:30:00,1745.598,SHORT,1746.2110714285714,1744.6783928571429,0.6130714285714346,80898,2022-11-21 04:55:00,1746.2110714285714,SL,-1.0,-0.6130714285714021,5
2022-11-21 05:40:00,1744.738,SHORT,1745.5373571428572,1743.5389642857144,0.7993571428571613,80912,2022-11-21 05:50:00,1745.5373571428572,SL,-1.0,-0.7993571428571613,2
2022-11-21 06:35:00,1745.298,SHORT,1746.2294285714286,1743.9008571428571,0.9314285714286176,80923,2022-11-21 07:05:00,1746.2294285714286,SL,-1.0,-0.9314285714285688,6
2022-11-21 07:15:00,1745.498,SHORT,1746.524642857143,1743.9580357142856,1.0266428571429256,80931,2022-11-21 07:40:00,1743.9580357142856,TP,1.5,1.5399642857144045,5
2022-11-21 10:40:00,1740.068,SHORT,1741.301642857143,1738.2175357142858,1.2336428571428866,80972,2022-11-21 10:45:00,1741.301642857143,SL,-1.0,-1.2336428571429678,1
2022-11-21 11:25:00,1739.918,SHORT,1740.8739285714285,1738.484107142857,0.9559285714285579,80981,2022-11-21 11:45:00,1740.8739285714285,SL,-1.0,-0.9559285714285579,4
2022-11-21 12:10:00,1739.898,SHORT,1740.7560714285714,1738.6108928571427,0.8580714285714554,80990,2022-11-21 12:30:00,1740.7560714285714,SL,-1.0,-0.8580714285715203,4
2022-11-21 12:55:00,1740.278,SHORT,1741.1367142857143,1738.9899285714287,0.858714285714281,80999,2022-11-21 13:05:00,1741.1367142857143,SL,-1.0,-0.8587142857143135,2
2022-11-21 14:05:00,1743.768,LONG,1742.1387142857143,1746.2119285714284,1.6292857142856454,81013,2022-11-21 14:15:00,1746.2119285714284,TP,1.5,2.443928571428387,2
2022-11-21 17:15:00,1735.418,SHORT,1736.5245,1733.7582499999999,1.1064999999999827,81051,2022-11-21 17:30:00,1736.5245,SL,-1.0,-1.1065000000000964,3
2022-11-21 17:35:00,1736.478,SHORT,1737.568142857143,1734.8427857142858,1.0901428571428369,81055,2022-11-21 18:00:00,1737.568142857143,SL,-1.0,-1.0901428571428369,5
2022-11-21 18:45:00,1737.048,SHORT,1738.046857142857,1735.5497142857143,0.9988571428571537,81069,2022-11-21 19:05:00,1738.046857142857,SL,-1.0,-0.9988571428571049,4
2022-11-21 20:40:00,1737.898,SHORT,1738.8501428571428,1736.4697857142858,0.9521428571428194,81092,2022-11-21 20:50:00,1738.8501428571428,SL,-1.0,-0.9521428571429169,2
2022-11-21 23:30:00,1738.628,LONG,1737.9150714285713,1739.6973928571426,0.7129285714285386,81114,2022-11-22 00:00:00,1737.9150714285713,SL,-1.0,-0.7129285714286198,6
2022-11-22 00:05:00,1739.077,LONG,1738.3970714285715,1740.0968928571428,0.6799285714285394,81121,2022-11-22 00:10:00,1740.0968928571428,TP,1.5,1.0198928571428496,1
2022-11-22 02:55:00,1743.238,LONG,1742.4278571428572,1744.4532142857142,0.8101428571428154,81155,2022-11-22 03:00:00,1742.4278571428572,SL,-1.0,-0.8101428571428642,1
2022-11-22 03:05:00,1742.868,LONG,1742.0137142857143,1744.1494285714284,0.8542857142856681,81157,2022-11-22 03:40:00,1744.1494285714284,TP,1.5,1.2814285714284779,7
2022-11-22 08:45:00,1744.228,LONG,1742.683,1746.5455,1.5449999999999915,81225,2022-11-22 09:30:00,1746.5455,TP,1.5,2.3174999999998818,9
2022-11-22 11:15:00,1747.648,LONG,1746.7344285714285,1749.018357142857,0.9135714285714259,81255,2022-11-22 11:35:00,1749.018357142857,TP,1.5,1.370357142857074,4
2022-11-22 13:30:00,1744.278,SHORT,1745.3615,1742.65275,1.0835000000000394,81282,2022-11-22 13:45:00,1745.3615,SL,-1.0,-1.0834999999999582,3
2022-11-22 17:10:00,1741.378,SHORT,1742.1900714285714,1740.1598928571427,0.812071428571455,81326,2022-11-22 17:20:00,1740.1598928571427,TP,1.5,1.2181071428572068,2
2022-11-22 20:40:00,1739.258,SHORT,1739.9045,1738.28825,0.6465000000000113,81368,2022-11-22 20:55:00,1739.9045,SL,-1.0,-0.64650000000006,3
2022-11-22 23:00:00,1739.898,LONG,1739.4185714285713,1740.6171428571429,0.4794285714285869,81384,2022-11-22 23:20:00,1740.6171428571429,TP,1.5,0.7191428571429697,4
2022-11-23 01:00:00,1741.718,LONG,1741.0902857142858,1742.6595714285716,0.6277142857142702,81408,2022-11-23 01:10:00,1741.0902857142858,SL,-1.0,-0.627714285714319,2
2022-11-23 02:25:00,1739.648,SHORT,1740.4986428571428,1738.3720357142856,0.8506428571428971,81425,2022-11-23 02:55:00,1740.4986428571428,SL,-1.0,-0.8506428571429296,6
2022-11-23 03:10:00,1739.648,SHORT,1740.437,1738.4644999999998,0.7890000000000035,81434,2022-11-23 03:45:00,1738.4644999999998,TP,1.5,1.1835000000000946,7
2022-11-23 05:35:00,1734.958,SHORT,1735.729,1733.8015,0.7710000000000069,81463,2022-11-23 05:40:00,1735.729,SL,-1.0,-0.7709999999999582,1
2022-11-23 06:15:00,1736.588,SHORT,1737.4279285714285,1735.328107142857,0.8399285714285725,81471,2022-11-23 06:40:00,1737.4279285714285,SL,-1.0,-0.8399285714285725,5
2022-11-23 08:25:00,1742.058,LONG,1740.6942857142858,1744.1035714285715,1.363714285714309,81497,2022-11-23 08:40:00,1740.6942857142858,SL,-1.0,-1.3637142857141953,3
2022-11-23 10:00:00,1738.448,SHORT,1739.681142857143,1736.5982857142858,1.2331428571428498,81516,2022-11-23 10:10:00,1736.5982857142858,TP,1.5,1.849714285714299,2
2022-11-23 11:15:00,1736.817,SHORT,1737.844857142857,1735.2752142857144,1.0278571428571175,81531,2022-11-23 11:25:00,1737.844857142857,SL,-1.0,-1.0278571428571013,2
2022-11-23 14:10:00,1738.158,SHORT,1740.997357142857,1733.898964285714,2.8393571428571738,81566,2022-11-23 14:45:00,1740.997357142857,SL,-1.0,-2.839357142857125,7
2022-11-23 15:15:00,1740.958,LONG,1738.2013571428572,1745.0929642857145,2.756642857142895,81579,2022-11-23 18:30:00,1745.0929642857145,TP,1.5,4.134964285714432,39
2022-11-23 19:00:00,1751.067,LONG,1749.4512857142859,1753.4905714285715,1.6157142857142617,81624,2022-11-23 19:05:00,1749.4512857142859,SL,-1.0,-1.615714285714148,1
2022-11-23 19:15:00,1750.148,LONG,1748.1484999999998,1753.14725,1.9995000000000118,81627,2022-11-24 00:00:00,1753.14725,TP,1.5,2.9992500000000746,45
2022-11-24 04:35:00,1755.478,LONG,1754.955357142857,1756.2619642857144,0.5226428571429064,81727,2022-11-24 05:05:00,1754.955357142857,SL,-1.0,-0.5226428571429551,6
2022-11-24 05:55:00,1752.997,SHORT,1753.710142857143,1751.9272857142857,0.7131428571428354,81743,2022-11-24 06:00:00,1753.710142857143,SL,-1.0,-0.7131428571428842,1
2022-11-24 11:15:00,1756.388,LONG,1755.3885714285714,1757.8871428571429,0.9994285714286012,81807,2022-11-24 11:35:00,1757.8871428571429,TP,1.5,1.4991428571429424,4
2022-11-24 13:05:00,1757.018,LONG,1756.2394285714286,1758.1858571428572,0.7785714285714026,81829,2022-11-24 13:15:00,1756.2394285714286,SL,-1.0,-0.7785714285714675,2
2022-11-24 14:45:00,1755.988,SHORT,1756.6875714285716,1754.938642857143,0.6995714285715167,81849,2022-11-24 15:25:00,1756.6875714285716,SL,-1.0,-0.6995714285715167,8
2022-11-24 16:00:00,1756.868,LONG,1756.039,1758.1115,0.8289999999999834,81864,2022-11-24 16:50:00,1756.039,SL,-1.0,-0.8289999999999509,10
2022-11-25 01:45:00,1756.498,LONG,1755.3692857142858,1758.1910714285714,1.1287142857142953,81939,2022-11-25 02:15:00,1758.1910714285714,TP,1.5,1.6930714285713293,6
2022-11-25 03:30:00,1757.927,LONG,1757.1764285714285,1759.0528571428572,0.7505714285714638,81960,2022-11-25 03:50:00,1759.0528571428572,TP,1.5,1.125857142857285,4
2022-11-25 04:55:00,1758.378,LONG,1757.6549285714284,1759.462607142857,0.7230714285714482,81977,2022-11-25 05:10:00,1757.6549285714284,SL,-1.0,-0.7230714285715294,3
2022-11-25 05:25:00,1757.848,LONG,1757.1778571428572,1758.8532142857143,0.6701428571428778,81983,2022-11-25 05:45:00,1757.1778571428572,SL,-1.0,-0.6701428571427641,4
2022-11-25 07:00:00,1755.868,SHORT,1756.828357142857,1754.4274642857142,0.9603571428571058,82002,2022-11-25 07:15:00,1754.4274642857142,TP,1.5,1.4405357142857156,3
2022-11-25 07:15:00,1754.127,SHORT,1755.1292142857142,1752.6236785714286,1.0022142857142822,82005,2022-11-25 07:25:00,1755.1292142857142,SL,-1.0,-1.0022142857142171,2
2022-11-25 09:15:00,1752.268,SHORT,1753.3407857142859,1750.6588214285714,1.0727857142857309,82029,2022-11-25 09:30:00,1753.3407857142859,SL,-1.0,-1.0727857142858284,3
2022-11-25 09:35:00,1750.458,SHORT,1751.5702857142858,1748.7895714285714,1.1122857142857387,82033,2022-11-25 09:40:00,1751.5702857142858,SL,-1.0,-1.1122857142856901,1
2022-11-25 09:40:00,1750.308,SHORT,1751.5373571428572,1748.4639642857142,1.2293571428571763,82034,2022-11-25 10:05:00,1751.5373571428572,SL,-1.0,-1.229357142857225,5
2022-11-25 11:30:00,1753.028,SHORT,1754.0169285714285,1751.544607142857,0.9889285714285572,82056,2022-11-25 11:55:00,1751.544607142857,TP,1.5,1.483392857142917,5
2022-11-25 12:50:00,1750.398,SHORT,1751.3047857142856,1749.0378214285713,0.906785714285726,82072,2022-11-25 13:05:00,1749.0378214285713,TP,1.5,1.3601785714286052,3
2022-11-25 14:30:00,1748.625,SHORT,1749.9358571428572,1746.6587142857143,1.310857142857133,82092,2022-11-25 14:35:00,1749.9358571428572,SL,-1.0,-1.3108571428572304,1
2022-11-25 14:45:00,1750.148,SHORT,1751.4916428571428,1748.1325357142857,1.3436428571428516,82095,2022-11-25 14:50:00,1751.4916428571428,SL,-1.0,-1.3436428571428678,1
2022-11-25 15:35:00,1749.728,SHORT,1751.1180714285715,1747.642892857143,1.3900714285714295,82105,2022-11-25 16:00:00,1751.1180714285715,SL,-1.0,-1.3900714285714457,5
2022-11-25 16:40:00,1750.598,LONG,1749.6156428571428,1752.0715357142858,0.9823571428571866,82118,2022-11-25 17:05:00,1752.0715357142858,TP,1.5,1.4735357142858447,5
2022-11-28 03:15:00,1748.708,SHORT,1749.764642857143,1747.1230357142858,1.0566428571428657,82194,2022-11-28 03:40:00,1749.764642857143,SL,-1.0,-1.0566428571428332,5
2022-11-28 03:55:00,1749.458,SHORT,1750.1965,1748.35025,0.738500000000012,82202,2022-11-28 04:00:00,1750.1965,SL,-1.0,-0.7384999999999309,1
2022-11-28 05:50:00,1748.737,SHORT,1749.5543571428573,1747.5109642857144,0.8173571428571255,82225,2022-11-28 06:00:00,1749.5543571428573,SL,-1.0,-0.8173571428571904,2
2022-11-28 06:35:00,1752.757,LONG,1751.7967857142858,1754.1973214285715,0.9602142857142846,82234,2022-11-28 06:40:00,1751.7967857142858,SL,-1.0,-0.9602142857143008,1
2022-11-28 07:40:00,1750.698,LONG,1749.3957142857143,1752.6514285714288,1.3022857142857447,82247,2022-11-28 08:05:00,1752.6514285714288,TP,1.5,1.9534285714287307,5
2022-11-28 08:20:00,1755.178,LONG,1753.8432142857143,1757.1801785714288,1.3347857142857233,82255,2022-11-28 08:30:00,1757.1801785714288,TP,1.5,2.002178571428658,2
2022-11-28 11:00:00,1761.498,LONG,1760.3392857142858,1763.2360714285714,1.1587142857143005,82287,2022-11-28 11:35:00,1760.3392857142858,SL,-1.0,-1.158714285714268,7
2022-11-28 17:05:00,1743.778,SHORT,1745.3675,1741.39375,1.5895000000000112,82360,2022-11-28 18:05:00,1741.39375,TP,1.5,2.3842500000000655,12
2022-11-28 20:30:00,1740.568,SHORT,1741.315857142857,1739.4462142857142,0.7478571428571448,82401,2022-11-28 20:35:00,1741.315857142857,SL,-1.0,-0.7478571428571286,1
2022-11-28 20:50:00,1739.978,SHORT,1740.8320714285715,1738.696892857143,0.85407142857142,82405,2022-11-28 21:10:00,1740.8320714285715,SL,-1.0,-0.8540714285713875,4
2022-11-28 21:20:00,1740.685,SHORT,1741.4685714285713,1739.5096428571428,0.783571428571398,82411,2022-11-28 21:35:00,1741.4685714285713,SL,-1.0,-0.7835714285713493,3
2022-11-28 21:40:00,1741.098,SHORT,1741.77,1740.0900000000001,0.6719999999999443,82415,2022-11-28 23:00:00,1740.0900000000001,TP,1.5,1.0079999999998108,4
2022-11-29 01:15:00,1741.118,SHORT,1741.8935714285715,1739.9546428571427,0.775571428571441,82446,2022-11-29 01:25:00,1741.8935714285715,SL,-1.0,-0.7755714285715385,2
2022-11-29 01:35:00,1744.068,LONG,1743.1445714285715,1745.453142857143,0.9234285714285794,82450,2022-11-29 01:45:00,1745.453142857143,TP,1.5,1.3851428571429096,2
2022-11-29 06:25:00,1753.248,LONG,1752.1779999999999,1754.853,1.07000000000005,82508,2022-11-29 06:50:00,1752.1779999999999,SL,-1.0,-1.0700000000001637,5
2022-11-29 07:10:00,1752.617,LONG,1751.5655,1754.19425,1.0515000000000327,82517,2022-11-29 07:40:00,1751.5655,SL,-1.0,-1.0515000000000327,6
2022-11-29 07:40:00,1752.598,LONG,1751.4334999999999,1754.34475,1.1644999999999917,82523,2022-11-29 07:45:00,1754.34475,TP,1.5,1.74675000000002,1
2022-11-29 08:00:00,1754.368,LONG,1753.0964285714285,1756.275357142857,1.2715714285713895,82527,2022-11-29 08:10:00,1753.0964285714285,SL,-1.0,-1.2715714285714057,2
2022-11-29 08:10:00,1753.345,LONG,1752.0363571428572,1755.3079642857142,1.3086428571428022,82529,2022-11-29 08:25:00,1755.3079642857142,TP,1.5,1.962964285714179,3
2022-11-29 09:25:00,1755.848,LONG,1754.5234285714284,1757.8348571428571,1.3245714285714192,82544,2022-11-29 09:30:00,1754.5234285714284,SL,-1.0,-1.3245714285715167,1
2022-11-29 09:50:00,1752.758,LONG,1751.267,1754.9945,1.4910000000000017,82549,2022-11-29 10:20:00,1754.9945,TP,1.5,2.236499999999978,6
2022-11-29 10:20:00,1754.887,LONG,1753.7517142857141,1756.5899285714286,1.1352857142857309,82555,2022-11-29 11:20:00,1753.7517142857141,SL,-1.0,-1.1352857142858284,12
2022-11-29 11:50:00,1756.268,LONG,1755.1108571428572,1758.0037142857145,1.1571428571429254,82573,2022-11-29 12:10:00,1755.1108571428572,SL,-1.0,-1.1571428571428442,4
2022-11-29 13:25:00,1752.348,SHORT,1753.8187142857141,1750.1419285714285,1.4707142857142637,82592,2022-11-29 13:50:00,1750.1419285714285,TP,1.5,2.2060714285714766,5
2022-11-29 14:10:00,1751.938,SHORT,1753.6337857142858,1749.3943214285716,1.6957857142856807,82601,2022-11-29 14:15:00,1749.3943214285716,TP,1.5,2.5436785714284724,1
2022-11-29 15:00:00,1751.058,SHORT,1753.1127142857142,1747.9759285714285,2.054714285714291,82611,2022-11-29 15:05:00,1753.1127142857142,SL,-1.0,-2.054714285714226,1
2022-11-29 18:15:00,1750.588,SHORT,1751.5534285714284,1749.1398571428572,0.9654285714285444,82650,2022-11-29 18:50:00,1749.1398571428572,TP,1.5,1.4481428571427841,7
2022-11-29 19:40:00,1750.228,SHORT,1751.0402857142858,1749.0095714285715,0.8122857142857194,82667,2022-11-29 20:15:00,1749.0095714285715,TP,1.5,1.2184285714286034,7
2022-11-29 23:10:00,1748.665,SHORT,1749.0630714285714,1748.0678928571429,0.39807142857145145,82697,2022-11-29 23:20:00,1749.0630714285714,SL,-1.0,-0.3980714285714839,2
2022-11-29 23:35:00,1748.498,SHORT,1748.9182857142857,1747.8675714285714,0.4202857142857478,82702,2022-11-30 00:00:00,1748.9182857142857,SL,-1.0,-0.42028571428568284,5
2022-11-30 02:40:00,1752.005,LONG,1751.1070714285715,1753.351892857143,0.8979285714285977,82739,2022-11-30 02:50:00,1753.351892857143,TP,1.5,1.3468928571428478,2
2022-11-30 03:00:00,1753.988,LONG,1753.0235714285714,1755.434642857143,0.9644285714286168,82743,2022-11-30 03:15:00,1753.0235714285714,SL,-1.0,-0.964428571428698,3
2022-11-30 05:40:00,1754.248,LONG,1753.5467142857144,1755.2999285714286,0.7012857142857131,82775,2022-11-30 06:00:00,1753.5467142857144,SL,-1.0,-0.7012857142856319,4
2022-11-30 06:50:00,1753.258,LONG,1752.4652857142858,1754.4470714285715,0.7927142857142664,82789,2022-11-30 07:00:00,1754.4470714285715,TP,1.5,1.189071428571424,2
2022-11-30 07:50:00,1755.288,LONG,1754.2558571428572,1756.8362142857143,1.0321428571428766,82801,2022-11-30 08:40:00,1756.8362142857143,TP,1.5,1.5482142857142662,10
2022-11-30 11:25:00,1760.698,LONG,1759.7222857142858,1762.1615714285715,0.9757142857143241,82844,2022-11-30 11:30:00,1759.7222857142858,SL,-1.0,-0.9757142857142753,1
2022-11-30 13:35:00,1758.668,LONG,1756.29,1762.235,2.377999999999978,82870,2022-11-30 13:45:00,1756.29,SL,-1.0,-2.377999999999929,2
2022-11-30 14:35:00,1757.978,SHORT,1760.561642857143,1754.1025357142858,2.5836428571428605,82882,2022-11-30 14:40:00,1760.561642857143,SL,-1.0,-2.583642857142877,1
2022-11-30 16:20:00,1751.948,SHORT,1753.8404285714287,1749.1093571428573,1.8924285714285654,82903,2022-11-30 16:30:00,1753.8404285714287,SL,-1.0,-1.8924285714285816,2
2022-11-30 16:40:00,1752.658,SHORT,1754.2675714285713,1750.2436428571427,1.6095714285714362,82907,2022-11-30 18:20:00,1750.2436428571427,TP,1.5,2.4143571428571704,20
2022-12-01 01:45:00,1777.108,LONG,1775.8415,1779.00775,1.266499999999967,83004,2022-12-01 01:55:00,1775.8415,SL,-1.0,-1.2664999999999509,2
2022-12-01 02:25:00,1775.158,LONG,1773.8237142857142,1777.1594285714284,1.33428571428567,83012,2022-12-01 02:50:00,1773.8237142857142,SL,-1.0,-1.33428571428567,5
2022-12-01 03:00:00,1774.147,LONG,1772.7835,1776.1922499999998,1.363499999999996,83019,2022-12-01 03:35:00,1776.1922499999998,TP,1.5,2.0452499999998963,7
2022-12-01 07:15:00,1780.868,LONG,1779.6472142857142,1782.6991785714285,1.2207857142856742,83070,2022-12-01 07:20:00,1779.6472142857142,SL,-1.0,-1.2207857142857392,1
2022-12-01 09:00:00,1777.368,SHORT,1778.9724999999999,1774.9612499999998,1.60450000000003,83091,2022-12-01 10:05:00,1778.9724999999999,SL,-1.0,-1.6044999999999163,13
2022-12-01 15:45:00,1797.118,LONG,1794.3255714285713,1801.3066428571428,2.7924285714286077,83172,2022-12-01 16:40:00,1801.3066428571428,TP,1.5,4.188642857142895,11
2022-12-01 18:55:00,1801.258,LONG,1799.9730714285715,1803.185392857143,1.2849285714286063,83210,2022-12-01 19:55:00,1803.185392857143,TP,1.5,1.927392857142877,12
2022-12-01 20:30:00,1802.418,LONG,1801.5385714285712,1803.7371428571428,0.8794285714285804,83229,2022-12-01 23:10:00,1803.7371428571428,TP,1.5,1.3191428571428787,20
2022-12-01 23:50:00,1802.098,LONG,1801.457357142857,1803.0589642857144,0.6406428571428933,83257,2022-12-02 00:00:00,1801.457357142857,SL,-1.0,-0.6406428571428933,2
2022-12-02 03:40:00,1797.608,SHORT,1798.5019285714286,1796.267107142857,0.8939285714286272,83303,2022-12-02 03:50:00,1798.5019285714286,SL,-1.0,-0.8939285714286598,2
2022-12-02 05:15:00,1797.728,SHORT,1798.355,1796.7875,0.6270000000000502,83322,2022-12-02 05:25:00,1796.7875,TP,1.5,0.9405000000001564,2
2022-12-02 07:20:00,1800.268,LONG,1799.1615714285715,1801.927642857143,1.1064285714285396,83347,2022-12-02 07:35:00,1801.927642857143,TP,1.5,1.6596428571428987,3
2022-12-02 08:15:00,1799.818,LONG,1798.6120714285714,1801.6268928571428,1.2059285714285903,83358,2022-12-02 08:30:00,1801.6268928571428,TP,1.5,1.8088928571428369,3
2022-12-02 09:20:00,1801.208,LONG,1800.0165714285715,1802.995142857143,1.1914285714285597,83371,2022-12-02 09:50:00,1800.0165714285715,SL,-1.0,-1.1914285714285597,6
2022-12-02 09:55:00,1801.658,LONG,1800.5985714285714,1803.2471428571428,1.0594285714285465,83378,2022-12-02 10:00:00,1800.5985714285714,SL,-1.0,-1.059428571428498,1
2022-12-02 10:10:00,1800.397,LONG,1799.2884999999999,1802.05975,1.108499999999984,83381,2022-12-02 11:05:00,1799.2884999999999,SL,-1.0,-1.1085000000000491,11
2022-12-02 12:40:00,1798.098,SHORT,1798.9021428571427,1796.8917857142856,0.8041428571428598,83411,2022-12-02 12:55:00,1798.9021428571427,SL,-1.0,-0.8041428571427787,3
2022-12-02 18:40:00,1795.398,LONG,1794.367857142857,1796.9432142857142,1.0301428571428264,83483,2022-12-02 19:05:00,1794.367857142857,SL,-1.0,-1.0301428571428914,5
2022-12-02 19:15:00,1794.968,LONG,1794.1145000000001,1796.24825,0.8534999999999887,83490,2022-12-02 19:40:00,1796.24825,TP,1.5,1.2802500000000236,5
2022-12-02 21:00:00,1798.028,LONG,1797.0722142857144,1799.4616785714286,0.9557857142857203,83511,2022-12-02 21:10:00,1797.0722142857144,SL,-1.0,-0.9557857142856392,2
2022-12-02 21:40:00,1797.748,LONG,1797.0185000000001,1798.84225,0.7294999999999813,83519,2022-12-02 21:55:00,1797.0185000000001,SL,-1.0,-0.7294999999999163,3
2022-12-04 23:10:00,1796.537,LONG,1795.491642857143,1798.1050357142856,1.0453571428570936,83525,2022-12-04 23:40:00,1798.1050357142856,TP,1.5,1.5680357142855428,6
2022-12-04 23:40:00,1798.618,LONG,1797.345142857143,1800.5272857142857,1.2728571428570734,83531,2022-12-05 00:20:00,1800.5272857142857,TP,1.5,1.9092857142857156,8
2022-12-05 04:40:00,1808.648,LONG,1808.0144285714284,1809.5983571428571,0.6335714285714532,83591,2022-12-05 05:05:00,1808.0144285714284,SL,-1.0,-0.6335714285714857,5
2022-12-05 05:10:00,1808.298,LONG,1807.5905,1809.35925,0.7075000000000305,83597,2022-12-05 05:55:00,1807.5905,SL,-1.0,-0.7074999999999818,9
2022-12-05 06:15:00,1806.558,LONG,1805.6402857142857,1807.9345714285714,0.9177142857142988,83610,2022-12-05 06:30:00,1805.6402857142857,SL,-1.0,-0.9177142857142826,3
2022-12-05 10:55:00,1794.978,SHORT,1796.1108571428572,1793.2787142857144,1.1328571428571195,83666,2022-12-05 11:10:00,1796.1108571428572,SL,-1.0,-1.1328571428571195,3
2022-12-05 11:25:00,1794.778,SHORT,1795.9659285714285,1792.9961071428572,1.187928571428545,83672,2022-12-05 12:45:00,1795.9659285714285,SL,-1.0,-1.1879285714285288,16
2022-12-05 13:20:00,1795.598,SHORT,1796.883142857143,1793.6702857142857,1.285142857142887,83695,2022-12-05 13:40:00,1793.6702857142857,TP,1.5,1.9277142857142735,4
2022-12-05 20:15:00,1767.478,SHORT,1768.3475714285714,1766.173642857143,0.8695714285713783,83778,2022-12-05 21:40:00,1768.3475714285714,SL,-1.0,-0.869571428571362,17
2022-12-06 00:10:00,1768.608,SHORT,1769.366,1767.471,0.7579999999999895,83813,2022-12-06 00:20:00,1769.366,SL,-1.0,-0.7580000000000382,2
2022-12-06 02:45:00,1772.408,LONG,1771.129857142857,1774.3252142857143,1.2781428571428737,83844,2022-12-06 03:20:00,1774.3252142857143,TP,1.5,1.917214285714408,7
2022-12-06 03:20:00,1774.518,LONG,1773.4069285714286,1776.1846071428572,1.1110714285714332,83851,2022-12-06 03:35:00,1773.4069285714286,SL,-1.0,-1.1110714285714494,3
2022-12-06 05:35:00,1770.558,SHORT,1771.4372857142857,1769.2390714285714,0.8792857142857103,83878,2022-12-06 05:40:00,1769.2390714285714,TP,1.5,1.3189285714286143,1
2022-12-06 08:25:00,1770.218,SHORT,1771.311642857143,1768.5775357142857,1.093642857142884,83912,2022-12-06 08:40:00,1771.311642857143,SL,-1.0,-1.0936428571428678,3
2022-12-06 08:55:00,1772.768,LONG,1771.4671428571428,1774.7192857142857,1.3008571428571258,83918,2022-12-06 09:10:00,1771.4671428571428,SL,-1.0,-1.3008571428572395,3
2022-12-06 10:15:00,1773.638,LONG,1772.448357142857,1775.422464285714,1.1896428571428552,83934,2022-12-06 10:25:00,1772.448357142857,SL,-1.0,-1.1896428571428714,2
2022-12-06 10:30:00,1773.608,LONG,1772.5882857142856,1775.1375714285714,1.0197142857142742,83937,2022-12-06 10:45:00,1772.5882857142856,SL,-1.0,-1.0197142857143717,3
2022-12-06 10:50:00,1773.458,LONG,1772.3835000000001,1775.06975,1.0745000000000087,83941,2022-12-06 11:10:00,1775.06975,TP,1.5,1.611750000000029,4
2022-12-06 13:20:00,1779.238,LONG,1777.9850000000001,1781.1175,1.2530000000000427,83971,2022-12-06 13:40:00,1777.9850000000001,SL,-1.0,-1.252999999999929,4
2022-12-06 13:55:00,1778.128,LONG,1776.5904999999998,1780.43425,1.5375000000000714,83978,2022-12-06 14:15:00,1776.5904999999998,SL,-1.0,-1.5375000000001364,4
2022-12-06 21:25:00,1771.008,SHORT,1771.6610714285714,1770.028392857143,0.6530714285714144,84068,2022-12-07 00:00:00,1770.028392857143,TP,1.5,0.9796071428570485,19
2022-12-07 00:00:00,1770.088,SHORT,1770.6267857142857,1769.2798214285715,0.5387857142857067,84087,2022-12-07 00:25:00,1770.6267857142857,SL,-1.0,-0.5387857142857229,5
2022-12-07 00:35:00,1770.788,SHORT,1771.3622857142857,1769.9265714285716,0.5742857142856792,84094,2022-12-07 00:40:00,1769.9265714285716,TP,1.5,0.8614285714284051,1
2022-12-07 00:45:00,1769.628,SHORT,1770.2774285714286,1768.653857142857,0.6494285714285459,84096,2022-12-07 01:00:00,1770.2774285714286,SL,-1.0,-0.6494285714286434,3
2022-12-07 01:05:00,1768.838,SHORT,1769.6137857142858,1767.6743214285714,0.7757857142856892,84100,2022-12-07 01:15:00,1769.6137857142858,SL,-1.0,-0.7757857142858029,2
2022-12-07 06:15:00,1771.667,LONG,1770.4433571428572,1773.5024642857143,1.2236428571428632,84162,2022-12-07 07:05:00,1773.5024642857143,TP,1.5,1.8354642857143517,10
2022-12-07 07:15:00,1772.108,LONG,1770.9639285714286,1773.824107142857,1.1440714285714162,84174,2022-12-07 07:25:00,1773.824107142857,TP,1.5,1.7161071428570267,2
2022-12-07 08:45:00,1773.508,LONG,1772.3257142857144,1775.2814285714287,1.182285714285724,84192,2022-12-07 08:50:00,1775.2814285714287,TP,1.5,1.773428571428667,1
2022-12-07 10:00:00,1772.258,SHORT,1773.1398571428572,1770.9352142857144,0.8818571428571269,84207,2022-12-07 10:10:00,1773.1398571428572,SL,-1.0,-0.8818571428571431,2
2022-12-07 10:45:00,1773.368,LONG,1772.3110714285715,1774.9533928571427,1.0569285714285408,84216,2022-12-07 10:50:00,1772.3110714285715,SL,-1.0,-1.0569285714284433,1
2022-12-07 15:25:00,1782.987,LONG,1780.0455000000002,1787.3992500000002,2.941500000000019,84272,2022-12-07 15:35:00,1780.0455000000002,SL,-1.0,-2.9414999999999054,2
2022-12-07 15:45:00,1779.688,LONG,1776.8857142857144,1783.8914285714286,2.8022857142857447,84276,2022-12-07 16:10:00,1776.8857142857144,SL,-1.0,-2.8022857142857447,5
2022-12-07 23:45:00,1786.928,LONG,1786.348642857143,1787.7970357142858,0.5793571428571015,84360,2022-12-08 00:00:00,1787.7970357142858,TP,1.5,0.869035714285701,3
2022-12-08 02:15:00,1783.058,SHORT,1784.2307857142857,1781.2988214285715,1.172785714285705,84390,2022-12-08 03:00:00,1781.2988214285715,TP,1.5,1.7591785714284924,9
2022-12-08 04:00:00,1783.538,SHORT,1784.2582142857143,1782.4576785714287,0.7202142857142592,84411,2022-12-08 04:15:00,1782.4576785714287,TP,1.5,1.0803214285713238,3
2022-12-08 04:20:00,1781.787,SHORT,1782.4592857142857,1780.7785714285715,0.6722857142857167,84415,2022-12-08 04:30:00,1782.4592857142857,SL,-1.0,-0.6722857142856355,2
2022-12-08 07:20:00,1786.188,LONG,1785.3458571428573,1787.4512142857143,0.8421428571428545,84451,2022-12-08 07:30:00,1785.3458571428573,SL,-1.0,-0.8421428571427896,2
2022-12-08 07:35:00,1786.088,LONG,1785.1889285714285,1787.4366071428572,0.8990714285714277,84454,2022-12-08 07:45:00,1785.1889285714285,SL,-1.0,-0.8990714285714603,2
2022-12-08 10:00:00,1782.868,SHORT,1783.7558571428572,1781.5362142857143,0.8878571428571149,84483,2022-12-08 10:20:00,1783.7558571428572,SL,-1.0,-0.8878571428572286,4
2022-12-08 10:30:00,1782.988,SHORT,1783.8854285714285,1781.6418571428571,0.8974285714285608,84489,2022-12-08 11:30:00,1783.8854285714285,SL,-1.0,-0.8974285714284633,12
2022-12-08 12:00:00,1784.528,LONG,1783.6678571428572,1785.8182142857142,0.8601428571428836,84507,2022-12-08 12:10:00,1785.8182142857142,TP,1.5,1.290214285714228,2
2022-12-08 13:00:00,1786.388,LONG,1785.3235,1787.9847499999998,1.0645000000000013,84519,2022-12-08 13:05:00,1787.9847499999998,TP,1.5,1.596749999999929,1
2022-12-08 13:55:00,1789.398,LONG,1787.5141428571428,1792.2237857142857,1.8838571428571282,84530,2022-12-08 14:15:00,1787.5141428571428,SL,-1.0,-1.8838571428570958,4
2022-12-08 14:20:00,1789.538,LONG,1787.4777857142858,1792.6283214285716,2.060214285714291,84535,2022-12-08 14:35:00,1787.4777857142858,SL,-1.0,-2.06021428571421,3
2022-12-08 14:45:00,1786.918,LONG,1784.7387142857142,1790.1869285714286,2.179285714285714,84540,2022-12-08 14:50:00,1790.1869285714286,TP,1.5,3.26892857142866,1
2022-12-08 15:50:00,1790.858,LONG,1789.0101428571427,1793.6297857142856,1.8478571428571837,84553,2022-12-08 16:05:00,1789.0101428571427,SL,-1.0,-1.847857142857265,3
2022-12-08 16:45:00,1790.388,LONG,1788.9692857142857,1792.5160714285714,1.4187142857142752,84564,2022-12-08 17:00:00,1788.9692857142857,SL,-1.0,-1.418714285714259,3
2022-12-08 17:20:00,1788.918,LONG,1787.8359285714284,1790.541107142857,1.0820714285714368,84571,2022-12-08 17:45:00,1787.8359285714284,SL,-1.0,-1.082071428571453,5
2022-12-08 18:00:00,1786.788,SHORT,1787.670357142857,1785.4644642857143,0.8823571428571313,84579,2022-12-08 18:10:00,1787.670357142857,SL,-1.0,-0.8823571428570176,2
2022-12-08 21:15:00,1788.558,SHORT,1789.0289285714287,1787.8516071428571,0.47092857142856054,84618,2022-12-08 21:25:00,1789.0289285714287,SL,-1.0,-0.47092857142865796,2
2022-12-08 23:05:00,1789.567,LONG,1789.1516428571429,1790.1900357142858,0.415357142857163,84628,2022-12-08 23:50:00,1789.1516428571429,SL,-1.0,-0.41535714285714675,9
2022-12-09 03:00:00,1794.328,LONG,1793.375,1795.7575,0.9530000000000071,84675,2022-12-09 03:40:00,1793.375,SL,-1.0,-0.9529999999999745,8
2022-12-09 03:40:00,1793.828,LONG,1792.8759285714286,1795.2561071428572,0.952071428571425,84683,2022-12-09 03:55:00,1795.2561071428572,TP,1.5,1.4281071428572432,3
2022-12-09 05:05:00,1796.618,LONG,1796.0213571428571,1797.5129642857141,0.5966428571428618,84700,2022-12-09 05:20:00,1797.5129642857141,TP,1.5,0.8949642857141953,3
2022-12-09 06:00:00,1795.358,LONG,1794.3951428571427,1796.8022857142857,0.9628571428571604,84711,2022-12-09 06:30:00,1794.3951428571427,SL,-1.0,-0.9628571428572741,6
2022-12-09 06:30:00,1795.098,LONG,1794.0829999999999,1796.6205,1.0150000000000026,84717,2022-12-09 07:05:00,1796.6205,TP,1.5,1.5225000000000364,7
2022-12-09 13:45:00,1798.308,LONG,1795.2169285714285,1802.9446071428572,3.0910714285714675,84804,2022-12-09 14:10:00,1795.2169285714285,SL,-1.0,-3.0910714285714675,5
2022-12-09 14:55:00,1797.958,LONG,1796.0645000000002,1800.79825,1.8934999999999849,84818,2022-12-09 15:05:00,1796.0645000000002,SL,-1.0,-1.8934999999999036,2
2022-12-09 17:45:00,1798.998,LONG,1797.7437142857143,1800.8794285714287,1.2542857142857267,84852,2022-12-09 18:00:00,1797.7437142857143,SL,-1.0,-1.2542857142857429,3
2022-12-09 20:10:00,1798.058,SHORT,1798.879357142857,1796.8259642857142,0.8213571428571446,84881,2022-12-09 20:35:00,1796.8259642857142,TP,1.5,1.2320357142857574,5
2022-12-09 21:45:00,1796.458,SHORT,1797.0472857142859,1795.5740714285716,0.5892857142856818,84900,2022-12-09 21:50:00,1797.0472857142859,SL,-1.0,-0.5892857142857792,1
2022-12-09 21:55:00,1795.397,SHORT,1796.0335,1794.44225,0.6364999999999716,84902,2022-12-11 23:00:00,1796.0335,SL,-1.0,-0.6365000000000691,1
2022-12-11 23:15:00,1795.947,SHORT,1796.6769285714286,1794.852107142857,0.7299285714285588,84906,2022-12-11 23:45:00,1794.852107142857,TP,1.5,1.094892857142895,6
2022-12-12 04:30:00,1787.048,SHORT,1787.7044285714285,1786.063357142857,0.656428571428559,84969,2022-12-12 04:40:00,1787.7044285714285,SL,-1.0,-0.6564285714284779,2
2022-12-12 04:45:00,1787.397,SHORT,1788.0320714285713,1786.4443928571427,0.6350714285714503,84972,2022-12-12 05:10:00,1786.4443928571427,TP,1.5,0.9526071428572322,5
2022-12-12 05:40:00,1787.548,SHORT,1788.271642857143,1786.4625357142857,0.7236428571428795,84983,2022-12-12 06:00:00,1786.4625357142857,TP,1.5,1.0854642857143517,4
2022-12-12 07:35:00,1789.448,LONG,1788.400142857143,1791.0197857142857,1.0478571428571481,85006,2022-12-12 07:45:00,1791.0197857142857,TP,1.5,1.5717857142856246,2
2022-12-12 08:30:00,1790.088,LONG,1788.9236428571428,1791.8345357142857,1.164357142857138,85017,2022-12-12 09:15:00,1791.8345357142857,TP,1.5,1.7465357142857556,9
2022-12-12 09:40:00,1791.488,LONG,1790.6022857142857,1792.8165714285715,0.8857142857143246,85031,2022-12-12 09:50:00,1790.6022857142857,SL,-1.0,-0.8857142857143572,2
2022-12-12 10:05:00,1792.498,LONG,1791.5972142857142,1793.8491785714286,0.900785714285738,85036,2022-12-12 10:15:00,1791.5972142857142,SL,-1.0,-0.9007857142858029,2
2022-12-12 10:40:00,1791.388,LONG,1790.3864285714285,1792.890357142857,1.001571428571424,85043,2022-12-12 11:15:00,1792.890357142857,TP,1.5,1.5023571428571358,7
2022-12-12 14:35:00,1785.508,SHORT,1787.2596428571428,1782.8805357142858,1.7516428571428508,85090,2022-12-12 14:45:00,1787.2596428571428,SL,-1.0,-1.7516428571427696,2
2022-12-12 14:55:00,1787.978,SHORT,1789.8402857142858,1785.1845714285714,1.8622857142857225,85094,2022-12-12 15:10:00,1789.8402857142858,SL,-1.0,-1.8622857142856901,3
2022-12-12 18:10:00,1781.398,SHORT,1782.5092142857143,1779.7311785714285,1.1112142857142868,85133,2022-12-12 18:30:00,1779.7311785714285,TP,1.5,1.6668214285714384,4
2022-12-12 20:00:00,1780.495,SHORT,1781.4680714285714,1779.0353928571428,0.9730714285714319,85155,2022-12-12 20:10:00,1781.4680714285714,SL,-1.0,-0.9730714285715294,2
2022-12-12 20:10:00,1780.295,SHORT,1781.3097142857143,1778.7729285714286,1.0147142857142788,85157,2022-12-12 21:50:00,1781.3097142857143,SL,-1.0,-1.0147142857142626,20
2022-12-12 21:55:00,1780.515,SHORT,1781.0225714285716,1779.753642857143,0.5075714285714444,85178,2022-12-12 23:00:00,1781.0225714285716,SL,-1.0,-0.5075714285715094,1
2022-12-12 23:50:00,1781.775,SHORT,1782.2915714285714,1781.000142857143,0.516571428571394,85189,2022-12-13 00:10:00,1782.2915714285714,SL,-1.0,-0.5165714285712966,4
2022-12-13 00:40:00,1782.465,LONG,1781.9707142857142,1783.2064285714284,0.4942857142857032,85199,2022-12-13 00:50:00,1781.9707142857142,SL,-1.0,-0.49428571428575196,2
2022-12-13 05:15:00,1782.635,SHORT,1783.1857142857143,1781.8089285714286,0.5507142857142558,85254,2022-12-13 05:25:00,1783.1857142857143,SL,-1.0,-0.5507142857143208,2
2022-12-13 08:15:00,1787.735,LONG,1786.6274999999998,1789.39625,1.1075000000000241,85290,2022-12-13 08:20:00,1786.6274999999998,SL,-1.0,-1.1075000000000728,1
2022-12-13 08:35:00,1785.595,LONG,1784.2980714285713,1787.540392857143,1.296928571428566,85294,2022-12-13 09:05:00,1784.2980714285713,SL,-1.0,-1.2969285714286798,6
2022-12-13 15:50:00,1810.285,LONG,1807.3201428571429,1814.7322857142858,2.9648571428571295,85381,2022-12-13 16:35:00,1814.7322857142858,TP,1.5,4.4472857142857265,9
2022-12-13 17:10:00,1811.885,LONG,1809.7387857142858,1815.1043214285714,2.1462142857142874,85397,2022-12-13 17:15:00,1809.7387857142858,SL,-1.0,-2.1462142857142226,1
2022-12-13 17:25:00,1807.435,LONG,1805.0275714285713,1811.0461428571427,2.4074285714285844,85400,2022-12-13 18:15:00,1811.0461428571427,TP,1.5,3.611142857142795,10
2022-12-13 19:35:00,1810.905,LONG,1809.6224285714286,1812.828857142857,1.2825714285714216,85426,2022-12-13 20:00:00,1809.6224285714286,SL,-1.0,-1.282571428571373,5
2022-12-13 20:15:00,1810.528,LONG,1809.400357142857,1812.2194642857144,1.1276428571428596,85434,2022-12-13 20:30:00,1812.2194642857144,TP,1.5,1.6914642857143463,3
2022-12-13 21:50:00,1810.425,LONG,1809.8644285714286,1811.2658571428572,0.5605714285714255,85453,2022-12-13 23:00:00,1809.8644285714286,SL,-1.0,-0.560571428571393,2
2022-12-14 00:35:00,1809.068,SHORT,1809.7027142857141,1808.1159285714286,0.6347142857142671,85474,2022-12-14 00:50:00,1809.7027142857141,SL,-1.0,-0.6347142857141534,3
2022-12-14 01:05:00,1811.458,LONG,1810.597142857143,1812.7492857142859,0.8608571428571687,85480,2022-12-14 01:20:00,1810.597142857143,SL,-1.0,-0.860857142857185,3
2022-12-14 01:55:00,1810.598,LONG,1809.6212857142857,1812.0630714285714,0.9767142857143328,85490,2022-12-14 02:10:00,1809.6212857142857,SL,-1.0,-0.9767142857142517,3
2022-12-14 02:15:00,1809.725,LONG,1808.760857142857,1811.1712142857143,0.9641428571428767,85494,2022-12-14 03:05:00,1811.1712142857143,TP,1.5,1.4462142857144045,10
2022-12-14 05:30:00,1809.455,SHORT,1810.0126428571427,1808.6185357142856,0.5576428571428421,85533,2022-12-14 05:35:00,1810.0126428571427,SL,-1.0,-0.5576428571428096,1
2022-12-14 06:05:00,1810.235,SHORT,1810.8964285714285,1809.242857142857,0.6614285714286195,85540,2022-12-14 06:10:00,1810.8964285714285,SL,-1.0,-0.661428571428587,1
2022-12-14 07:15:00,1810.515,LONG,1809.6678571428572,1811.7857142857144,0.8471428571428825,85554,2022-12-14 07:25:00,1809.6678571428572,SL,-1.0,-0.8471428571428987,2
2022-12-14 08:45:00,1808.498,SHORT,1809.7970714285714,1806.549392857143,1.2990714285714051,85572,2022-12-14 10:00:00,1809.7970714285714,SL,-1.0,-1.2990714285713238,15
2022-12-14 11:15:00,1807.145,SHORT,1808.2413571428572,1805.5004642857143,1.0963571428571544,85602,2022-12-14 11:25:00,1808.2413571428572,SL,-1.0,-1.0963571428571868,2
2022-12-14 11:50:00,1805.595,SHORT,1806.7631428571428,1803.8427857142856,1.1681428571428927,85609,2022-12-14 12:00:00,1806.7631428571428,SL,-1.0,-1.1681428571428114,2
2022-12-14 12:15:00,1806.715,SHORT,1807.7621428571429,1805.1442857142856,1.0471428571428956,85614,2022-12-14 12:40:00,1805.1442857142856,TP,1.5,1.5707142857143026,5
2022-12-14 12:50:00,1804.715,SHORT,1805.7971428571427,1803.0917857142856,1.0821428571428637,85621,2022-12-14 13:00:00,1805.7971428571427,SL,-1.0,-1.0821428571427987,2
2022-12-14 14:10:00,1809.565,LONG,1808.4362857142858,1811.2580714285716,1.1287142857143115,85637,2022-12-14 14:30:00,1808.4362857142858,SL,-1.0,-1.1287142857142953,4
2022-12-14 15:25:00,1811.405,LONG,1809.9070714285715,1813.6518928571427,1.4979285714285393,85652,2022-12-14 15:30:00,1809.9070714285715,SL,-1.0,-1.4979285714284742,1
2022-12-14 15:40:00,1811.665,LONG,1810.0642857142857,1814.0660714285714,1.600714285714259,85655,2022-12-14 16:50:00,1810.0642857142857,SL,-1.0,-1.6007142857142753,14
2022-12-14 17:35:00,1809.135,LONG,1807.8953571428572,1810.9944642857142,1.239642857142826,85678,2022-12-14 18:15:00,1807.8953571428572,SL,-1.0,-1.239642857142826,8
2022-12-15 05:25:00,1791.145,SHORT,1792.1019285714285,1789.709607142857,0.9569285714285505,85808,2022-12-15 05:35:00,1792.1019285714285,SL,-1.0,-0.9569285714285343,2
2022-12-15 06:10:00,1793.005,SHORT,1793.901642857143,1791.6600357142859,0.8966428571428813,85817,2022-12-15 06:20:00,1793.901642857143,SL,-1.0,-0.8966428571429788,2
2022-12-15 06:45:00,1794.815,SHORT,1795.9635714285714,1793.092142857143,1.1485714285714235,85824,2022-12-15 07:00:00,1793.092142857143,TP,1.5,1.7228571428570376,3
2022-12-15 09:40:00,1778.365,SHORT,1780.2912142857142,1775.4756785714285,1.9262142857142766,85859,2022-12-15 11:45:00,1780.2912142857142,SL,-1.0,-1.9262142857141953,25
2022-12-15 11:55:00,1778.795,SHORT,1780.1284285714287,1776.7948571428574,1.3334285714284988,85886,2022-12-15 13:00:00,1776.7948571428574,TP,1.5,2.0001428571426914,13
2022-12-15 13:00:00,1776.995,SHORT,1778.3071428571427,1775.0267857142856,1.3121428571428655,85899,2022-12-15 13:15:00,1778.3071428571427,SL,-1.0,-1.3121428571428169,3
2022-12-15 13:20:00,1775.255,SHORT,1776.8892857142857,1772.8035714285716,1.634285714285706,85903,2022-12-15 13:30:00,1776.8892857142857,SL,-1.0,-1.6342857142856246,2
2022-12-15 15:25:00,1778.095,LONG,1774.9949285714285,1782.7451071428573,3.1000714285714173,85928,2022-12-15 15:30:00,1774.9949285714285,SL,-1.0,-3.100071428571482,1
2022-12-15 16:00:00,1778.065,SHORT,1780.676642857143,1774.1475357142858,2.6116428571428805,85935,2022-12-16 02:25:00,1780.676642857143,SL,-1.0,-2.611642857142897,113
2022-12-16 03:55:00,1779.435,LONG,1778.7957142857142,1780.3939285714287,0.63928571428575,86066,2022-12-16 04:05:00,1778.7957142857142,SL,-1.0,-0.6392857142857338,2
2022-12-16 04:10:00,1778.995,LONG,1778.4207142857142,1779.8564285714285,0.5742857142857279,86069,2022-12-16 04:45:00,1778.4207142857142,SL,-1.0,-0.5742857142856792,7
2022-12-16 05:40:00,1778.965,SHORT,1779.6231428571427,1777.9777857142858,0.6581428571428205,86087,2022-12-16 05:50:00,1777.9777857142858,TP,1.5,0.9872142857141171,2
2022-12-16 06:10:00,1779.945,LONG,1779.1444999999999,1781.14575,0.8004999999999914,86093,2022-12-16 06:20:00,1781.14575,TP,1.5,1.200749999999971,2
2022-12-16 09:00:00,1776.185,SHORT,1777.6440714285714,1773.9963928571428,1.4590714285714381,86127,2022-12-16 09:20:00,1777.6440714285714,SL,-1.0,-1.4590714285714057,4
2022-12-16 09:30:00,1776.265,SHORT,1777.940285714286,1773.7520714285715,1.6752857142857107,86133,2022-12-16 09:55:00,1777.940285714286,SL,-1.0,-1.675285714285792,5
2022-12-16 12:00:00,1782.885,LONG,1781.5509285714286,1784.886107142857,1.3340714285714708,86163,2022-12-16 12:50:00,1784.886107142857,TP,1.5,2.0011071428571086,10
2022-12-16 12:50:00,1784.688,LONG,1783.6707142857144,1786.2139285714286,1.0172857142857115,86173,2022-12-16 13:20:00,1786.2139285714286,TP,1.5,1.5259285714284943,6
2022-12-16 14:30:00,1785.165,LONG,1783.5032142857142,1787.6576785714285,1.661785714285705,86193,2022-12-16 14:35:00,1783.5032142857142,SL,-1.0,-1.6617857142857702,1
2022-12-16 14:50:00,1789.285,LONG,1787.116642857143,1792.5375357142857,2.1683571428571247,86197,2022-12-16 14:55:00,1792.5375357142857,TP,1.5,3.2525357142856137,1
2022-12-16 15:40:00,1787.885,LONG,1785.0907142857143,1792.0764285714286,2.794285714285723,86207,2022-12-16 18:45:00,1792.0764285714286,TP,1.5,4.19142857142856,37
2022-12-16 19:15:00,1791.165,LONG,1790.3482857142858,1792.3900714285714,0.816714285714251,86250,2022-12-16 19:55:00,1792.3900714285714,TP,1.5,1.225071428571482,8
2022-12-16 21:00:00,1792.875,LONG,1791.9579285714285,1794.2506071428572,0.9170714285714568,86271,2022-12-18 23:00:00,1791.9579285714285,SL,-1.0,-0.9170714285714894,12
2022-12-18 23:05:00,1792.748,LONG,1791.9987857142858,1793.8718214285716,0.7492142857143206,86284,2022-12-18 23:15:00,1791.9987857142858,SL,-1.0,-0.749214285714288,2
2022-12-18 23:15:00,1792.345,LONG,1791.6207857142858,1793.4313214285714,0.7242142857143108,86286,2022-12-18 23:25:00,1791.6207857142858,SL,-1.0,-0.7242142857141971,2
2022-12-18 23:30:00,1791.955,LONG,1791.2100714285714,1793.0723928571429,0.7449285714285939,86289,2022-12-18 23:55:00,1791.2100714285714,SL,-1.0,-0.7449285714285452,5
2022-12-19 02:00:00,1795.105,LONG,1794.0809285714286,1796.6411071428572,1.024071428571444,86319,2022-12-19 02:05:00,1794.0809285714286,SL,-1.0,-1.0240714285714603,1
2022-12-19 02:50:00,1794.535,LONG,1793.6371428571429,1795.8817857142858,0.8978571428571384,86329,2022-12-19 03:05:00,1795.8817857142858,TP,1.5,1.3467857142857156,3
2022-12-19 06:10:00,1790.897,SHORT,1791.6960714285713,1789.6983928571428,0.7990714285714213,86369,2022-12-19 06:15:00,1791.6960714285713,SL,-1.0,-0.7990714285713238,1
2022-12-19 07:30:00,1792.805,SHORT,1793.7544285714287,1791.3808571428572,0.9494285714285817,86385,2022-12-19 07:50:00,1793.7544285714287,SL,-1.0,-0.9494285714285979,4
2022-12-19 10:15:00,1796.395,LONG,1795.3039285714285,1798.0316071428572,1.091071428571419,86418,2022-12-19 11:00:00,1795.3039285714285,SL,-1.0,-1.0910714285714675,9
2022-12-19 11:05:00,1795.825,LONG,1794.9203571428573,1797.1819642857142,0.9046428571428383,86428,2022-12-19 11:40:00,1794.9203571428573,SL,-1.0,-0.9046428571427896,7
2022-12-19 12:30:00,1793.725,SHORT,1794.643357142857,1792.347464285714,0.9183571428571733,86445,2022-12-19 12:45:00,1794.643357142857,SL,-1.0,-0.9183571428570758,3
2022-12-19 15:05:00,1790.465,SHORT,1791.817,1788.437,1.3519999999999754,86476,2022-12-19 15:15:00,1791.817,SL,-1.0,-1.3520000000000891,2
2022-12-19 17:20:00,1788.705,SHORT,1789.7622857142858,1787.1190714285713,1.0572857142857564,86503,2022-12-19 17:45:00,1789.7622857142858,SL,-1.0,-1.0572857142858538,5
2022-12-19 17:50:00,1790.385,SHORT,1791.2547857142856,1789.0803214285713,0.8697857142857076,86509,2022-12-19 18:00:00,1789.0803214285713,TP,1.5,1.304678571428667,2
2022-12-19 18:40:00,1788.365,SHORT,1789.2,1787.1125,0.8349999999999714,86519,2022-12-19 18:45:00,1789.2,SL,-1.0,-0.8350000000000364,1
2022-12-19 18:50:00,1789.488,SHORT,1790.331357142857,1788.2229642857144,0.8433571428571115,86521,2022-12-19 19:00:00,1788.2229642857144,TP,1.5,1.2650357142856592,2
2022-12-19 20:45:00,1787.048,SHORT,1787.5354285714286,1786.316857142857,0.4874285714285926,86544,2022-12-19 21:50:00,1787.5354285714286,SL,-1.0,-0.48742857142860885,13
2022-12-19 21:55:00,1787.298,SHORT,1787.6688571428572,1786.7417142857144,0.3708571428571596,86558,2022-12-19 23:00:00,1787.6688571428572,SL,-1.0,-0.37085714285717586,1
2022-12-19 23:20:00,1787.398,SHORT,1787.7804999999998,1786.82425,0.38250000000003376,86563,2022-12-20 00:00:00,1786.82425,TP,1.5,0.5737500000000182,8
2022-12-20 01:20:00,1785.248,SHORT,1785.9839285714286,1784.1441071428574,0.7359285714285144,86587,2022-12-20 01:25:00,1785.9839285714286,SL,-1.0,-0.7359285714285306,1
2022-12-20 01:40:00,1786.598,SHORT,1787.5367857142855,1785.1898214285713,0.9387857142856839,86591,2022-12-20 02:20:00,1785.1898214285713,TP,1.5,1.408178571428607,8
2022-12-20 02:25:00,1785.375,SHORT,1786.4227142857142,1783.8034285714286,1.0477142857142618,86600,2022-12-20 02:30:00,1786.4227142857142,SL,-1.0,-1.0477142857141644,1
2022-12-20 02:45:00,1785.685,SHORT,1786.6624285714286,1784.2188571428571,0.977428571428553,86604,2022-12-20 02:55:00,1786.6624285714286,SL,-1.0,-0.9774285714286179,2
2022-12-20 03:10:00,1794.115,LONG,1792.4649285714286,1796.590107142857,1.6500714285714204,86609,2022-12-20 03:15:00,1792.4649285714286,SL,-1.0,-1.6500714285714366,1
2022-12-20 05:40:00,1788.505,LONG,1787.3825000000002,1790.18875,1.1225000000000105,86639,2022-12-20 05:45:00,1787.3825000000002,SL,-1.0,-1.1224999999999454,1
2022-12-20 08:00:00,1796.775,LONG,1795.3224285714286,1798.9538571428573,1.4525714285714295,86667,2022-12-20 08:40:00,1798.9538571428573,TP,1.5,2.1788571428571686,8
2022-12-20 10:55:00,1806.428,LONG,1805.3687142857143,1808.0169285714287,1.059285714285709,86702,2022-12-20 11:05:00,1805.3687142857143,SL,-1.0,-1.0592857142858065,2
2022-12-20 12:10:00,1807.085,LONG,1805.8685714285714,1808.909642857143,1.2164285714285532,86717,2022-12-20 12:20:00,1805.8685714285714,SL,-1.0,-1.2164285714286507,2
2022-12-20 12:30:00,1805.225,LONG,1804.0331428571428,1807.0127857142857,1.1918571428571698,86721,2022-12-20 12:45:00,1804.0331428571428,SL,-1.0,-1.1918571428570885,3
2022-12-20 14:15:00,1804.785,LONG,1803.0656428571428,1807.3640357142858,1.7193571428571528,86742,2022-12-20 14:30:00,1807.3640357142858,TP,1.5,2.5790357142857374,3
2022-12-20 14:30:00,1807.248,LONG,1805.5453571428573,1809.8019642857143,1.7026428571428727,86745,2022-12-20 14:45:00,1809.8019642857143,TP,1.5,2.553964285714301,3
2022-12-20 16:30:00,1814.998,LONG,1813.2582142857143,1817.6076785714286,1.7397857142857447,86769,2022-12-20 16:45:00,1817.6076785714286,TP,1.5,2.6096785714285033,3
2022-12-20 18:20:00,1815.125,LONG,1814.1177142857143,1816.6359285714286,1.0072857142857532,86791,2022-12-20 19:05:00,1816.6359285714286,TP,1.5,1.5109285714286216,9
2022-12-20 19:30:00,1816.665,LONG,1815.8465714285712,1817.8926428571428,0.8184285714286261,86805,2022-12-20 19:45:00,1817.8926428571428,TP,1.5,1.2276428571428823,3
2022-12-20 21:50:00,1817.975,LONG,1817.4517857142855,1818.7598214285713,0.5232142857143215,86833,2022-12-20 21:55:00,1817.4517857142855,SL,-1.0,-0.5232142857144026,1
2022-12-20 23:05:00,1817.838,LONG,1817.2482142857143,1818.7226785714286,0.5897857142857512,86836,2022-12-20 23:15:00,1818.7226785714286,TP,1.5,0.8846785714285943,2
2022-12-20 23:25:00,1817.798,LONG,1817.1663571428571,1818.7454642857142,0.6316428571428787,86840,2022-12-20 23:45:00,1817.1663571428571,SL,-1.0,-0.6316428571428787,4
2022-12-20 23:50:00,1817.295,LONG,1816.5465000000002,1818.41775,0.7485000000000029,86845,2022-12-21 00:55:00,1818.41775,TP,1.5,1.1227499999999964,13
2022-12-21 01:05:00,1819.057,LONG,1818.2596428571428,1820.2530357142857,0.7973571428571599,86860,2022-12-21 01:10:00,1818.2596428571428,SL,-1.0,-0.7973571428572086,1
2022-12-21 02:15:00,1816.208,SHORT,1817.1684285714286,1814.7673571428572,0.9604285714285977,86874,2022-12-21 02:30:00,1817.1684285714286,SL,-1.0,-0.9604285714285652,3
2022-12-21 02:30:00,1816.225,SHORT,1817.129857142857,1814.867714285714,0.9048571428571515,86877,2022-12-21 02:40:00,1817.129857142857,SL,-1.0,-0.904857142857054,2
2022-12-21 03:25:00,1815.408,SHORT,1816.365142857143,1813.9722857142856,0.9571428571429286,86888,2022-12-21 04:10:00,1813.9722857142856,TP,1.5,1.4357142857143117,9
2022-12-21 06:05:00,1813.295,SHORT,1814.034142857143,1812.1862857142858,0.7391428571428865,86920,2022-12-21 06:15:00,1814.034142857143,SL,-1.0,-0.7391428571429515,2
2022-12-21 06:15:00,1813.498,SHORT,1814.2785714285715,1812.327142857143,0.7805714285714528,86922,2022-12-21 06:20:00,1814.2785714285715,SL,-1.0,-0.7805714285714203,1
2022-12-21 06:30:00,1814.245,SHORT,1815.0886428571428,1812.9795357142855,0.843642857142884,86925,2022-12-21 06:40:00,1812.9795357142855,TP,1.5,1.2654642857144154,2
2022-12-21 07:00:00,1812.235,SHORT,1813.271714285714,1810.6799285714285,1.0367142857142946,86931,2022-12-21 07:10:00,1813.271714285714,SL,-1.0,-1.036714285714197,2
2022-12-21 07:10:00,1812.707,SHORT,1813.7692142857145,1811.1136785714286,1.0622142857142924,86933,2022-12-21 07:20:00,1813.7692142857145,SL,-1.0,-1.06221428571439,2
2022-12-21 09:50:00,1813.725,SHORT,1814.8974285714285,1811.966357142857,1.172428571428603,86965,2022-12-21 10:20:00,1814.8974285714285,SL,-1.0,-1.1724285714285543,6
2022-12-21 11:20:00,1812.055,SHORT,1812.9888571428573,1810.6542142857143,0.933857142857164,86983,2022-12-21 11:45:00,1812.9888571428573,SL,-1.0,-0.9338571428572777,5
2022-12-21 12:35:00,1813.735,SHORT,1814.6370714285713,1812.3818928571427,0.9020714285714381,86998,2022-12-21 12:40:00,1814.6370714285713,SL,-1.0,-0.9020714285713893,1
2022-12-21 12:55:00,1815.675,LONG,1814.7540714285715,1817.0563928571428,0.9209285714285735,87002,2022-12-21 13:10:00,1817.0563928571428,TP,1.5,1.3813928571428278,3
2022-12-21 14:10:00,1816.825,LONG,1815.5593571428572,1818.7234642857143,1.2656428571428282,87017,2022-12-21 14:45:00,1818.7234642857143,TP,1.5,1.8984642857142262,7
2022-12-21 14:45:00,1818.757,LONG,1817.3709285714287,1820.8361071428571,1.386071428571378,87024,2022-12-21 15:00:00,1817.3709285714287,SL,-1.0,-1.386071428571313,3
2022-12-21 15:15:00,1818.295,LONG,1816.5522857142857,1820.9090714285715,1.7427142857142468,87030,2022-12-21 15:30:00,1820.9090714285715,TP,1.5,2.6140714285713784,3
2022-12-21 16:55:00,1816.358,LONG,1814.888,1818.5629999999999,1.4699999999999949,87050,2022-12-21 18:10:00,1814.888,SL,-1.0,-1.4700000000000273,15
2022-12-21 18:45:00,1817.065,SHORT,1817.8765714285714,1815.8476428571428,0.8115714285714668,87072,2022-12-21 19:05:00,1817.8765714285714,SL,-1.0,-0.8115714285713693,4
2022-12-21 21:25:00,1814.645,SHORT,1815.1785714285716,1813.8446428571428,0.533571428571463,87104,2022-12-21 23:00:00,1813.8446428571428,TP,1.5,0.8003571428571377,7
2022-12-22 02:20:00,1818.765,LONG,1817.7782142857145,1820.2451785714286,0.9867857142857019,87151,2022-12-22 02:30:00,1817.7782142857145,SL,-1.0,-0.9867857142855883,2
2022-12-22 03:00:00,1818.517,LONG,1817.5707142857143,1819.9364285714287,0.9462857142857176,87159,2022-12-22 03:45:00,1819.9364285714287,TP,1.5,1.4194285714286252,9
2022-12-22 04:40:00,1819.025,LONG,1818.4812142857143,1819.8406785714287,0.5437857142857345,87179,2022-12-22 04:55:00,1819.8406785714287,TP,1.5,0.8156785714286343,3
2022-12-22 08:00:00,1816.265,SHORT,1817.1018571428572,1815.0097142857144,0.8368571428571353,87219,2022-12-22 08:05:00,1817.1018571428572,SL,-1.0,-0.8368571428570704,1
2022-12-22 08:25:00,1817.705,SHORT,1818.6962142857142,1816.2181785714286,0.9912142857142499,87224,2022-12-22 08:30:00,1818.6962142857142,SL,-1.0,-0.9912142857142499,1
2022-12-22 09:20:00,1816.085,SHORT,1817.2905,1814.27675,1.205499999999964,87235,2022-12-22 09:40:00,1817.2905,SL,-1.0,-1.205500000000029,4
2022-12-22 10:05:00,1815.705,SHORT,1816.8047857142856,1814.0553214285715,1.0997857142856933,87244,2022-12-22 11:15:00,1814.0553214285715,TP,1.5,1.649678571428467,14
2022-12-22 12:15:00,1815.605,SHORT,1816.6180714285715,1814.0853928571428,1.0130714285714444,87270,2022-12-22 12:50:00,1816.6180714285715,SL,-1.0,-1.013071428571493,7
2022-12-22 13:00:00,1818.425,LONG,1817.3425,1820.04875,1.0824999999999818,87279,2022-12-22 13:10:00,1817.3425,SL,-1.0,-1.0824999999999818,2
2022-12-22 13:45:00,1809.405,SHORT,1811.433857142857,1806.3617142857142,2.0288571428571425,87288,2022-12-22 14:15:00,1806.3617142857142,TP,1.5,3.04328571428573,6
2022-12-22 20:30:00,1793.465,SHORT,1794.7166428571427,1791.5875357142857,1.2516428571428508,87369,2022-12-22 20:50:00,1791.5875357142857,TP,1.5,1.877464285714268,4
2022-12-22 21:10:00,1791.058,SHORT,1792.1837142857144,1789.3694285714287,1.1257142857142526,87377,2022-12-22 21:30:00,1792.1837142857144,SL,-1.0,-1.1257142857143663,4
2022-12-23 03:20:00,1793.345,LONG,1792.4605000000001,1794.67175,0.8844999999999702,87439,2022-12-23 03:40:00,1792.4605000000001,SL,-1.0,-0.884499999999889,4
2022-12-23 04:40:00,1794.135,LONG,1793.6321428571428,1794.8892857142857,0.5028571428571565,87455,2022-12-23 04:45:00,1794.8892857142857,TP,1.5,0.7542857142857429,1
2022-12-23 06:00:00,1795.365,LONG,1794.6022857142857,1796.5090714285714,0.7627142857142774,87471,2022-12-23 06:20:00,1794.6022857142857,SL,-1.0,-0.7627142857143099,4
2022-12-23 06:40:00,1795.915,LONG,1795.057,1797.202,0.8579999999999798,87479,2022-12-23 07:05:00,1797.202,TP,1.5,1.2870000000000346,5
2022-12-23 08:35:00,1796.995,LONG,1796.0916428571427,1798.3500357142855,0.903357142857122,87502,2022-12-23 09:30:00,1796.0916428571427,SL,-1.0,-0.9033571428572031,11
2022-12-23 09:35:00,1797.365,LONG,1796.3529285714285,1798.8831071428572,1.0120714285714192,87514,2022-12-23 09:55:00,1798.8831071428572,TP,1.5,1.5181071428571613,4
2022-12-23 10:25:00,1798.385,LONG,1797.3994285714284,1799.8633571428572,0.9855714285714612,87524,2022-12-23 10:40:00,1797.3994285714284,SL,-1.0,-0.9855714285715749,3
2022-12-23 12:00:00,1797.735,LONG,1796.9122857142856,1798.9690714285714,0.8227142857142715,87543,2022-12-23 12:35:00,1796.9122857142856,SL,-1.0,-0.8227142857142553,7
2022-12-23 13:10:00,1797.795,LONG,1796.9854285714287,1799.0093571428572,0.8095714285714004,87557,2022-12-23 13:20:00,1799.0093571428572,TP,1.5,1.214357142857125,2
2022-12-23 15:00:00,1792.925,SHORT,1794.9167857142857,1789.9373214285713,1.9917857142857136,87579,2022-12-23 15:10:00,1794.9167857142857,SL,-1.0,-1.9917857142856974,2
2022-12-23 17:20:00,1800.925,LONG,1800.030142857143,1802.2672857142857,0.8948571428571768,87607,2022-12-23 17:30:00,1800.030142857143,SL,-1.0,-0.8948571428570631,2
2022-12-23 17:30:00,1800.375,LONG,1799.5151428571428,1801.6647857142857,0.8598571428571761,87609,2022-12-23 17:40:00,1799.5151428571428,SL,-1.0,-0.8598571428572086,2
2022-12-23 19:30:00,1796.695,SHORT,1797.4092857142857,1795.6235714285715,0.7142857142856981,87633,2022-12-23 20:35:00,1795.6235714285715,TP,1.5,1.0714285714284415,13
2022-12-23 20:35:00,1795.645,SHORT,1796.1361428571429,1794.9082857142857,0.49114285714285544,87646,2022-12-23 20:40:00,1796.1361428571429,SL,-1.0,-0.4911428571429042,1
2022-12-23 21:05:00,1797.635,SHORT,1798.1708571428571,1796.8312142857144,0.5358571428571395,87652,2022-12-23 21:15:00,1798.1708571428571,SL,-1.0,-0.5358571428571395,2
2022-12-27 00:55:00,1801.735,LONG,1801.0292857142856,1802.7935714285713,0.7057142857142773,87686,2022-12-27 01:00:00,1802.7935714285713,TP,1.5,1.0585714285714403,1
2022-12-27 04:05:00,1804.275,LONG,1803.7577857142858,1805.0508214285715,0.5172142857142846,87724,2022-12-27 04:25:00,1805.0508214285715,TP,1.5,0.775821428571362,4
2022-12-27 05:00:00,1805.055,LONG,1804.5909285714288,1805.751107142857,0.46407142857140116,87735,2022-12-27 05:25:00,1804.5909285714288,SL,-1.0,-0.46407142857128747,5
2022-12-27 05:40:00,1804.795,LONG,1804.2543571428573,1805.6059642857144,0.5406428571428705,87743,2022-12-27 05:45:00,1805.6059642857144,TP,1.5,0.8109642857143626,1
2022-12-27 06:30:00,1805.365,LONG,1804.2894285714285,1806.9783571428572,1.0755714285714606,87753,2022-12-27 06:55:00,1806.9783571428572,TP,1.5,1.6133571428572395,5
2022-12-27 07:50:00,1806.447,LONG,1805.5467857142855,1807.7973214285712,0.9002142857142579,87769,2022-12-27 07:55:00,1805.5467857142855,SL,-1.0,-0.9002142857143554,1
2022-12-27 08:15:00,1806.955,LONG,1806.0825,1808.2637499999998,0.872499999999978,87774,2022-12-27 09:20:00,1808.2637499999998,TP,1.5,1.3087499999999181,13
2022-12-27 10:35:00,1807.987,LONG,1807.2137857142857,1809.1468214285715,0.7732142857143052,87802,2022-12-27 11:00:00,1809.1468214285715,TP,1.5,1.1598214285713766,5
2022-12-27 12:30:00,1809.545,LONG,1808.6963571428573,1810.8179642857144,0.8486428571428632,87825,2022-12-27 12:40:00,1808.6963571428573,SL,-1.0,-0.8486428571427496,2
2022-12-27 13:00:00,1809.465,LONG,1808.5091428571427,1810.8987857142856,0.9558571428571473,87831,2022-12-27 13:05:00,1808.5091428571427,SL,-1.0,-0.9558571428572122,1
2022-12-27 17:10:00,1821.585,LONG,1819.9492857142857,1824.0385714285715,1.6357142857142921,87881,2022-12-27 17:15:00,1819.9492857142857,SL,-1.0,-1.6357142857143572,1
2022-12-27 17:35:00,1816.325,LONG,1814.8187142857143,1818.5844285714286,1.5062857142856956,87886,2022-12-27 17:55:00,1814.8187142857143,SL,-1.0,-1.5062857142856956,4
2022-12-27 18:00:00,1815.475,LONG,1813.5982142857142,1818.2901785714284,1.8767857142857045,87891,2022-12-27 18:05:00,1813.5982142857142,SL,-1.0,-1.8767857142856883,1
2022-12-27 21:55:00,1812.878,SHORT,1813.3782857142858,1812.1275714285714,0.50028571428574,87938,2022-12-27 23:00:00,1813.3782857142858,SL,-1.0,-0.5002857142858375,1
2022-12-27 23:40:00,1813.255,SHORT,1813.8364285714288,1812.3828571428573,0.5814285714285786,87947,2022-12-27 23:50:00,1812.3828571428573,TP,1.5,0.8721428571427623,2
2022-12-28 00:05:00,1811.715,SHORT,1812.3814285714284,1810.715357142857,0.6664285714285825,87952,2022-12-28 00:15:00,1810.715357142857,TP,1.5,0.9996428571428169,2
2022-12-28 02:00:00,1811.075,SHORT,1812.2967142857144,1809.2424285714285,1.2217142857143375,87975,2022-12-28 03:20:00,1812.2967142857144,SL,-1.0,-1.22171428571437,16
2022-12-28 05:30:00,1811.225,SHORT,1811.8770714285713,1810.246892857143,0.6520714285713893,88017,2022-12-28 05:35:00,1811.8770714285713,SL,-1.0,-0.6520714285713893,1
2022-12-28 05:50:00,1810.348,SHORT,1811.0101428571427,1809.3547857142858,0.6621428571428071,88021,2022-12-28 06:05:00,1811.0101428571427,SL,-1.0,-0.6621428571427259,3
2022-12-28 06:25:00,1810.845,SHORT,1811.6635714285715,1809.6171428571429,0.8185714285713986,88028,2022-12-28 07:00:00,1809.6171428571429,TP,1.5,1.2278571428571468,7
2022-12-28 08:00:00,1809.618,SHORT,1810.7452142857142,1807.9271785714286,1.1272142857142657,88047,2022-12-28 08:05:00,1807.9271785714286,TP,1.5,1.6908214285713257,1
2022-12-28 10:45:00,1802.595,SHORT,1803.824,1800.7515,1.2289999999999932,88080,2022-12-28 11:10:00,1803.824,SL,-1.0,-1.2290000000000418,5
2022-12-28 11:20:00,1803.305,SHORT,1804.3626428571429,1801.7185357142857,1.0576428571428582,88087,2022-12-28 12:15:00,1804.3626428571429,SL,-1.0,-1.0576428571428096,11
2022-12-28 13:30:00,1806.925,LONG,1805.6574285714285,1808.8263571428572,1.2675714285714352,88113,2022-12-28 13:50:00,1805.6574285714285,SL,-1.0,-1.2675714285715003,4
2022-12-28 19:25:00,1805.285,LONG,1804.0790714285715,1807.093892857143,1.2059285714286065,88184,2022-12-28 20:10:00,1804.0790714285715,SL,-1.0,-1.205928571428558,9
2022-12-28 21:05:00,1804.148,SHORT,1804.908,1803.0079999999998,0.7599999999999909,88204,2022-12-28 23:05:00,1804.908,SL,-1.0,-0.7599999999999909,12
2022-12-28 23:15:00,1805.085,LONG,1804.6218571428572,1805.7797142857144,0.46314285714288417,88218,2022-12-28 23:55:00,1805.7797142857144,TP,1.5,0.6947142857143263,8
2022-12-29 00:40:00,1805.645,LONG,1805.0847857142858,1806.4853214285715,0.560214285714291,88235,2022-12-29 00:55:00,1806.4853214285715,TP,1.5,0.8403214285715421,3
2022-12-29 01:10:00,1806.575,LONG,1805.8790714285715,1807.6188928571428,0.6959285714285508,88241,2022-12-29 01:25:00,1805.8790714285715,SL,-1.0,-0.695928571428567,3
2022-12-29 03:20:00,1808.325,LONG,1807.6925,1809.27375,0.6325000000000338,88267,2022-12-29 03:35:00,1807.6925,SL,-1.0,-0.6324999999999363,3
2022-12-29 03:55:00,1807.515,LONG,1807.0007857142857,1808.2863214285715,0.5142142857143069,88274,2022-12-29 04:15:00,1807.0007857142857,SL,-1.0,-0.5142142857143881,4
2022-12-29 05:00:00,1808.885,LONG,1808.3504285714284,1809.6868571428572,0.5345714285714394,88287,2022-12-29 05:25:00,1808.3504285714284,SL,-1.0,-0.534571428571553,5
2022-12-29 06:30:00,1808.165,LONG,1807.4715714285715,1809.2051428571428,0.693428571428545,88305,2022-12-29 06:35:00,1807.4715714285715,SL,-1.0,-0.6934285714285124,1
2022-12-29 06:40:00,1807.755,LONG,1807.0617857142859,1808.7948214285716,0.693214285714248,88307,2022-12-29 07:00:00,1808.7948214285716,TP,1.5,1.0398214285714857,4
2022-12-29 12:15:00,1806.845,SHORT,1807.7739285714285,1805.451607142857,0.9289285714285954,88374,2022-12-29 12:30:00,1805.451607142857,TP,1.5,1.3933928571429988,3
2022-12-29 13:30:00,1809.455,LONG,1808.3,1811.1875,1.1550000000000051,88389,2022-12-29 13:35:00,1811.1875,TP,1.5,1.7325000000000728,1
2022-12-29 15:45:00,1814.545,LONG,1812.5663571428572,1817.5129642857144,1.9786428571428911,88416,2022-12-29 16:10:00,1812.5663571428572,SL,-1.0,-1.9786428571428587,5
2022-12-29 18:55:00,1816.425,LONG,1815.3650714285714,1818.0148928571427,1.0599285714285673,88454,2022-12-29 19:05:00,1818.0148928571427,TP,1.5,1.589892857142786,2
2022-12-29 19:55:00,1817.235,LONG,1816.4379999999999,1818.4305,0.7970000000000255,88466,2022-12-29 20:00:00,1816.4379999999999,SL,-1.0,-0.7970000000000255,1
2022-12-30 00:15:00,1814.945,SHORT,1815.4267857142856,1814.2223214285714,0.4817857142857065,88506,2022-12-30 00:45:00,1815.4267857142856,SL,-1.0,-0.4817857142857065,6
2022-12-30 07:45:00,1816.525,LONG,1815.5152857142857,1818.0395714285714,1.0097142857142996,88596,2022-12-30 07:50:00,1815.5152857142857,SL,-1.0,-1.0097142857143808,1
2022-12-30 10:05:00,1815.975,SHORT,1817.0245714285713,1814.4006428571429,1.0495714285713933,88624,2022-12-30 10:30:00,1814.4006428571429,TP,1.5,1.5743571428570249,5
2022-12-30 10:45:00,1815.875,SHORT,1816.9707142857142,1814.2314285714285,1.0957142857142637,88632,2022-12-30 11:00:00,1816.9707142857142,SL,-1.0,-1.0957142857141662,3
2022-12-30 11:10:00,1816.665,SHORT,1817.5738571428572,1815.3017142857143,0.9088571428571218,88637,2022-12-30 11:15:00,1817.5738571428572,SL,-1.0,-0.9088571428571868,1
2022-12-30 13:50:00,1821.328,LONG,1819.9142142857143,1823.4486785714284,1.4137857142857067,88669,2022-12-30 14:05:00,1823.4486785714284,TP,1.5,2.1206785714284706,3
2022-12-30 14:30:00,1821.967,LONG,1819.8522857142857,1825.1390714285717,2.114714285714334,88677,2022-12-30 14:45:00,1819.8522857142857,SL,-1.0,-2.114714285714399,3
2022-12-30 14:50:00,1820.215,LONG,1818.0893571428571,1823.4034642857143,2.1256428571428905,88681,2022-12-30 14:55:00,1818.0893571428571,SL,-1.0,-2.125642857142793,1
2022-12-30 15:40:00,1816.008,SHORT,1818.1400714285714,1812.8098928571428,2.13207142857144,88691,2022-12-30 15:50:00,1818.1400714285714,SL,-1.0,-2.1320714285714075,2
2022-12-30 17:15:00,1818.317,SHORT,1819.5784285714285,1816.424857142857,1.2614285714285773,88710,2022-12-30 17:25:00,1819.5784285714285,SL,-1.0,-1.261428571428496,2
2022-12-30 18:50:00,1819.448,LONG,1817.9424285714285,1821.7063571428573,1.505571428571443,88729,2022-12-30 19:25:00,1821.7063571428573,TP,1.5,2.2583571428572213,7
2023-01-02 23:35:00,1827.595,LONG,1825.8337142857142,1830.2369285714285,1.7612857142857234,88774,2023-01-03 00:10:00,1830.2369285714285,TP,1.5,2.6419285714284797,7
2023-01-03 01:10:00,1829.465,LONG,1828.1694285714284,1831.408357142857,1.295571428571439,88793,2023-01-03 01:20:00,1828.1694285714284,SL,-1.0,-1.2955714285715203,2
2023-01-03 01:50:00,1829.675,LONG,1827.9951428571428,1832.1947857142857,1.6798571428571611,88801,2023-01-03 01:55:00,1827.9951428571428,SL,-1.0,-1.679857142857145,1
2023-01-03 05:00:00,1840.448,LONG,1839.6613571428572,1841.6279642857144,0.7866428571428189,88839,2023-01-03 05:15:00,1839.6613571428572,SL,-1.0,-0.7866428571428514,3
2023-01-03 06:40:00,1840.915,LONG,1839.7812857142858,1842.6155714285715,1.1337142857142908,88859,2023-01-03 07:10:00,1842.6155714285715,TP,1.5,1.700571428571493,6
2023-01-03 07:10:00,1842.275,LONG,1841.0601428571429,1844.0972857142858,1.2148571428571782,88865,2023-01-03 07:20:00,1844.0972857142858,TP,1.5,1.8222857142857265,2
2023-01-03 12:30:00,1834.068,SHORT,1835.537857142857,1831.8632142857143,1.4698571428571086,88929,2023-01-03 12:35:00,1835.537857142857,SL,-1.0,-1.4698571428571086,1
2023-01-03 12:50:00,1834.205,SHORT,1835.6225,1832.07875,1.4174999999999696,88933,2023-01-03 13:00:00,1835.6225,SL,-1.0,-1.4175000000000182,2
2023-01-03 19:55:00,1838.955,LONG,1838.1982142857141,1840.0901785714284,0.7567857142857163,89018,2023-01-03 20:05:00,1838.1982142857141,SL,-1.0,-0.7567857142857974,2
2023-01-03 20:55:00,1838.095,LONG,1837.1977142857143,1839.4409285714287,0.8972857142857558,89030,2023-01-03 21:40:00,1839.4409285714287,TP,1.5,1.345928571428658,9
2023-01-03 23:10:00,1838.408,LONG,1837.867857142857,1839.218214285714,0.5401428571428336,89045,2023-01-03 23:20:00,1837.867857142857,SL,-1.0,-0.5401428571428823,2
2023-01-04 00:25:00,1837.628,SHORT,1838.4232857142856,1836.4350714285713,0.7952857142857316,89060,2023-01-04 00:35:00,1838.4232857142856,SL,-1.0,-0.7952857142856828,2
2023-01-04 00:35:00,1837.595,SHORT,1838.3945714285715,1836.3956428571428,0.7995714285714419,89062,2023-01-04 00:45:00,1838.3945714285715,SL,-1.0,-0.7995714285714257,2
2023-01-04 01:20:00,1840.048,LONG,1839.0975714285714,1841.4736428571427,0.9504285714285418,89071,2023-01-04 01:35:00,1841.4736428571427,TP,1.5,1.4256428571427477,3
2023-01-04 04:55:00,1846.457,LONG,1845.882142857143,1847.3192857142858,0.5748571428571593,89114,2023-01-04 05:00:00,1845.882142857143,SL,-1.0,-0.5748571428571267,1
2023-01-04 05:05:00,1846.665,LONG,1845.9785714285715,1847.6946428571428,0.6864285714285481,89116,2023-01-04 05:10:00,1845.9785714285715,SL,-1.0,-0.6864285714284506,1
2023-01-04 05:40:00,1845.405,LONG,1844.6502142857144,1846.5371785714285,0.7547857142856823,89123,2023-01-04 05:45:00,1846.5371785714285,TP,1.5,1.1321785714285397,1
2023-01-04 06:10:00,1847.385,LONG,1846.5035,1848.70725,0.8815000000000249,89129,2023-01-04 06:15:00,1848.70725,TP,1.5,1.32224999999994,1
2023-01-04 06:50:00,1846.895,LONG,1845.8682142857142,1848.4351785714287,1.0267857142857142,89137,2023-01-04 07:00:00,1848.4351785714287,TP,1.5,1.5401785714286689,2
2023-01-04 11:00:00,1858.945,LONG,1857.6522857142857,1860.8840714285714,1.2927142857142988,89187,2023-01-04 11:10:00,1860.8840714285714,TP,1.5,1.939071428571424,2
2023-01-04 14:05:00,1859.458,LONG,1857.2263571428573,1862.8054642857144,2.2316428571428526,89224,2023-01-04 14:30:00,1857.2263571428573,SL,-1.0,-2.2316428571427878,5
2023-01-04 14:50:00,1858.155,LONG,1855.9207142857142,1861.5064285714286,2.2342857142856962,89233,2023-01-04 15:00:00,1855.9207142857142,SL,-1.0,-2.234285714285761,2
2023-01-04 16:15:00,1857.535,SHORT,1860.1275714285714,1853.6461428571429,2.5925714285714156,89250,2023-01-04 16:45:00,1860.1275714285714,SL,-1.0,-2.5925714285713184,6
2023-01-04 19:00:00,1848.427,SHORT,1850.3462142857143,1845.5481785714285,1.9192142857142471,89283,2023-01-04 19:05:00,1850.3462142857143,SL,-1.0,-1.9192142857143608,1
2023-01-04 19:40:00,1851.235,SHORT,1853.2660714285712,1848.1883928571428,2.0310714285714084,89291,2023-01-04 20:20:00,1853.2660714285712,SL,-1.0,-2.0310714285712947,8
2023-01-04 23:10:00,1855.015,LONG,1854.308,1856.0755000000001,0.7069999999999936,89321,2023-01-04 23:25:00,1856.0755000000001,TP,1.5,1.0605000000000473,3
2023-01-05 00:05:00,1854.605,LONG,1853.8635,1855.71725,0.7415000000000062,89332,2023-01-05 00:15:00,1855.71725,TP,1.5,1.1122499999999036,2
2023-01-05 00:15:00,1855.725,LONG,1854.9298571428571,1856.9177142857143,0.7951428571428453,89334,2023-01-05 00:30:00,1854.9298571428571,SL,-1.0,-0.7951428571427641,3
2023-01-05 00:35:00,1854.965,LONG,1854.0720714285712,1856.3043928571428,0.8929285714285697,89338,2023-01-05 01:00:00,1856.3043928571428,TP,1.5,1.3393928571429115,5
2023-01-05 01:00:00,1855.808,LONG,1854.7552857142857,1857.3870714285715,1.0527142857142897,89343,2023-01-05 01:20:00,1857.3870714285715,TP,1.5,1.579071428571524,4
2023-01-05 05:50:00,1852.155,SHORT,1852.9757142857143,1850.9239285714284,0.8207142857143026,89401,2023-01-05 06:00:00,1852.9757142857143,SL,-1.0,-0.8207142857143026,2
2023-01-05 06:15:00,1854.505,SHORT,1855.5700000000002,1852.9075,1.0650000000000384,89406,2023-01-05 06:45:00,1852.9075,TP,1.5,1.5975000000000819,6
2023-01-05 07:40:00,1852.258,SHORT,1853.494642857143,1850.4030357142858,1.2366428571428807,89423,2023-01-05 07:50:00,1850.4030357142858,TP,1.5,1.8549642857142317,2
2023-01-05 07:50:00,1850.048,SHORT,1851.4103571428573,1848.0044642857142,1.3623571428571657,89425,2023-01-05 07:55:00,1848.0044642857142,TP,1.5,2.043535714285781,1
2023-01-05 09:40:00,1849.095,SHORT,1850.6112857142857,1846.8205714285714,1.5162857142857027,89447,2023-01-05 10:25:00,1850.6112857142857,SL,-1.0,-1.5162857142856865,9
2023-01-05 10:40:00,1850.038,SHORT,1851.4285,1847.95225,1.3904999999999745,89459,2023-01-05 11:00:00,1847.95225,TP,1.5,2.085749999999962,4
2023-01-05 11:00:00,1848.105,SHORT,1849.4582857142857,1846.0750714285714,1.3532857142856918,89463,2023-01-05 11:10:00,1849.4582857142857,SL,-1.0,-1.3532857142856756,2
2023-01-05 11:20:00,1849.195,SHORT,1850.5634285714284,1847.142357142857,1.3684285714285482,89467,2023-01-05 11:35:00,1847.142357142857,TP,1.5,2.052642857142928,3
2023-01-05 12:20:00,1846.628,SHORT,1847.9700714285714,1844.6148928571429,1.3420714285714115,89479,2023-01-05 12:25:00,1847.9700714285714,SL,-1.0,-1.342071428571444,1
2023-01-05 12:30:00,1846.255,SHORT,1847.7390714285716,1844.0288928571429,1.4840714285714316,89481,2023-01-05 13:00:00,1847.7390714285716,SL,-1.0,-1.4840714285714967,6
2023-01-05 13:30:00,1842.575,SHORT,1844.6427142857144,1839.4734285714287,2.0677142857142763,89493,2023-01-05 13:45:00,1839.4734285714287,TP,1.5,3.101571428571333,3
2023-01-05 13:45:00,1840.435,SHORT,1842.6627142857142,1837.0934285714286,2.2277142857142445,89496,2023-01-05 13:50:00,1837.0934285714286,TP,1.5,3.341571428571342,1
2023-01-05 16:15:00,1830.108,SHORT,1832.4959285714285,1826.526107142857,2.3879285714285907,89526,2023-01-05 17:20:00,1832.4959285714285,SL,-1.0,-2.3879285714285743,13
2023-01-05 17:30:00,1832.495,SHORT,1834.0262857142857,1830.1980714285714,1.531285714285689,89541,2023-01-05 17:45:00,1834.0262857142857,SL,-1.0,-1.5312857142857865,3
2023-01-05 17:50:00,1833.528,SHORT,1834.8276428571428,1831.5785357142859,1.2996428571428364,89545,2023-01-05 18:20:00,1834.8276428571428,SL,-1.0,-1.2996428571427714,6
2023-01-05 20:55:00,1832.875,SHORT,1833.926,1831.2985,1.0509999999999795,89582,2023-01-05 23:00:00,1831.2985,TP,1.5,1.5764999999998963,13
2023-01-05 23:55:00,1832.725,SHORT,1833.408857142857,1831.699214285714,0.6838571428571478,89606,2023-01-06 00:00:00,1831.699214285714,TP,1.5,1.025785714285803,1
2023-01-06 00:10:00,1831.745,SHORT,1832.3687142857143,1830.8094285714285,0.6237142857142999,89609,2023-01-06 00:25:00,1832.3687142857143,SL,-1.0,-0.6237142857144136,3
2023-01-06 01:15:00,1833.648,LONG,1832.9434285714285,1834.704857142857,0.7045714285714472,89622,2023-01-06 01:25:00,1832.9434285714285,SL,-1.0,-0.7045714285713984,2
2023-01-06 04:10:00,1839.835,LONG,1839.0427142857143,1841.0234285714287,0.7922857142857376,89657,2023-01-06 04:45:00,1839.0427142857143,SL,-1.0,-0.7922857142857538,7
2023-01-06 05:55:00,1836.995,LONG,1836.0760714285714,1838.3733928571428,0.9189285714285396,89678,2023-01-06 06:00:00,1838.3733928571428,TP,1.5,1.3783928571428987,1
2023-01-06 06:15:00,1838.935,LONG,1837.971857142857,1840.3797142857143,0.9631428571428192,89682,2023-01-06 07:05:00,1840.3797142857143,TP,1.5,1.4447142857143263,10
2023-01-06 08:10:00,1838.748,LONG,1837.5111428571429,1840.6032857142857,1.2368571428571127,89705,2023-01-06 08:30:00,1837.5111428571429,SL,-1.0,-1.2368571428571613,4
2023-01-06 11:40:00,1837.355,LONG,1836.1545,1839.1557500000001,1.2005000000000174,89747,2023-01-06 11:45:00,1836.1545,SL,-1.0,-1.20049999999992,1
2023-01-06 12:00:00,1836.455,SHORT,1837.6712142857143,1834.6306785714285,1.2162142857142888,89751,2023-01-06 13:10:00,1837.6712142857143,SL,-1.0,-1.2162142857143863,14
2023-01-06 13:15:00,1835.848,SHORT,1837.1266428571428,1833.9300357142856,1.2786428571428294,89766,2023-01-06 13:30:00,1837.1266428571428,SL,-1.0,-1.2786428571428132,3
2023-01-06 18:05:00,1862.945,LONG,1861.6934999999999,1864.82225,1.2515000000000132,89824,2023-01-06 18:30:00,1864.82225,TP,1.5,1.8772500000000036,5
2023-01-06 20:40:00,1867.648,LONG,1866.7948571428572,1868.9277142857143,0.853142857142838,89855,2023-01-06 20:45:00,1866.7948571428572,SL,-1.0,-0.8531428571427568,1
2023-01-06 21:50:00,1866.435,LONG,1865.684857142857,1867.5602142857142,0.7501428571428538,89869,2023-01-06 21:55:00,1865.684857142857,SL,-1.0,-0.7501428571429187,1
2023-01-09 01:15:00,1869.825,LONG,1868.5718571428572,1871.7047142857143,1.2531428571428154,89898,2023-01-09 01:25:00,1871.7047142857143,TP,1.5,1.8797142857142717,2
2023-01-09 04:15:00,1877.585,LONG,1876.8595714285716,1878.673142857143,0.7254285714285515,89934,2023-01-09 04:55:00,1876.8595714285716,SL,-1.0,-0.7254285714284379,8
2023-01-09 05:05:00,1875.165,LONG,1874.5025,1876.15875,0.6624999999999902,89944,2023-01-09 05:15:00,1876.15875,TP,1.5,0.993750000000091,2
2023-01-09 05:50:00,1877.575,LONG,1876.7744285714286,1878.7758571428571,0.8005714285713859,89953,2023-01-09 06:10:00,1878.7758571428571,TP,1.5,1.200857142857103,4
2023-01-09 06:45:00,1877.885,LONG,1876.9924285714285,1879.223857142857,0.8925714285714028,89964,2023-01-09 07:00:00,1876.9924285714285,SL,-1.0,-0.8925714285715003,3
2023-01-09 07:05:00,1879.445,LONG,1878.364,1881.0665,1.0809999999999849,89968,2023-01-09 07:25:00,1878.364,SL,-1.0,-1.0809999999999036,4
2023-01-09 09:00:00,1873.198,SHORT,1874.7354285714287,1870.8918571428571,1.5374285714285634,89991,2023-01-09 10:00:00,1874.7354285714287,SL,-1.0,-1.5374285714285634,12
2023-01-09 10:00:00,1873.385,SHORT,1874.8552142857143,1871.1796785714284,1.470214285714308,90003,2023-01-09 11:05:00,1871.1796785714284,TP,1.5,2.2053214285715512,13
2023-01-09 13:25:00,1876.665,LONG,1875.2995714285714,1878.7131428571429,1.3654285714285865,90044,2023-01-09 13:35:00,1875.2995714285714,SL,-1.0,-1.365428571428538,2
2023-01-09 13:50:00,1877.755,LONG,1876.0732142857144,1880.2776785714286,1.6817857142857195,90049,2023-01-09 14:15:00,1876.0732142857144,SL,-1.0,-1.681785714285752,5
2023-01-09 14:40:00,1876.955,LONG,1875.1271428571429,1879.6967857142856,1.8278571428571209,90059,2023-01-09 14:45:00,1879.6967857142856,TP,1.5,2.7417857142856974,1
2023-01-09 16:05:00,1873.975,SHORT,1875.7552857142857,1871.3045714285713,1.7802857142857127,90076,2023-01-09 16:15:00,1875.7552857142857,SL,-1.0,-1.7802857142858102,2
2023-01-09 18:35:00,1872.475,SHORT,1873.9842857142855,1870.2110714285714,1.5092857142856897,90106,2023-01-09 18:45:00,1870.2110714285714,TP,1.5,2.2639285714285506,2
2023-01-09 20:05:00,1872.068,SHORT,1873.233,1870.3205,1.164999999999996,90124,2023-01-09 20:30:00,1870.3205,TP,1.5,1.7474999999999454,5
2023-01-09 21:50:00,1871.398,SHORT,1871.9626428571428,1870.5510357142857,0.5646428571428552,90145,2023-01-09 23:00:00,1870.5510357142857,TP,1.5,0.8469642857141935,2
2023-01-09 23:00:00,1870.398,SHORT,1870.9622142857143,1869.5516785714285,0.5642142857143101,90147,2023-01-09 23:35:00,1870.9622142857143,SL,-1.0,-0.5642142857143426,7
2023-01-09 23:40:00,1870.295,SHORT,1870.8003571428571,1869.5369642857145,0.5053571428571298,90155,2023-01-09 23:50:00,1870.8003571428571,SL,-1.0,-0.5053571428570649,2
2023-01-10 00:10:00,1869.635,SHORT,1870.245,1868.72,0.6099999999999811,90161,2023-01-10 00:20:00,1868.72,TP,1.5,0.9149999999999636,2
2023-01-10 01:00:00,1869.998,SHORT,1870.9722857142858,1868.5365714285715,0.9742857142857052,90171,2023-01-10 01:05:00,1870.9722857142858,SL,-1.0,-0.9742857142857702,1
2023-01-10 01:10:00,1870.355,SHORT,1871.3712142857144,1868.8306785714285,1.0162142857142757,90173,2023-01-10 01:15:00,1871.3712142857144,SL,-1.0,-1.0162142857143408,1
2023-01-10 01:30:00,1874.025,LONG,1872.8395,1875.8032500000002,1.1854999999999822,90177,2023-01-10 01:50:00,1875.8032500000002,TP,1.5,1.778250000000071,4
2023-01-10 02:35:00,1873.085,LONG,1871.9539285714286,1874.7816071428572,1.1310714285714312,90190,2023-01-10 02:40:00,1871.9539285714286,SL,-1.0,-1.1310714285714312,1
2023-01-10 02:55:00,1872.695,LONG,1871.5213571428571,1874.4554642857142,1.1736428571428763,90194,2023-01-10 03:50:00,1871.5213571428571,SL,-1.0,-1.173642857142795,11
2023-01-10 06:55:00,1873.148,LONG,1872.3003571428571,1874.4194642857142,0.8476428571428707,90242,2023-01-10 07:00:00,1872.3003571428571,SL,-1.0,-0.8476428571427732,1
2023-01-10 07:05:00,1873.105,LONG,1872.1713571428572,1874.5054642857144,0.9336428571428671,90244,2023-01-10 07:15:00,1872.1713571428572,SL,-1.0,-0.9336428571427859,2
2023-01-10 07:20:00,1872.188,LONG,1871.2208571428573,1873.6387142857143,0.9671428571428383,90247,2023-01-10 07:25:00,1871.2208571428573,SL,-1.0,-0.9671428571427896,1
2023-01-10 07:25:00,1871.195,SHORT,1872.2185714285713,1869.659642857143,1.023571428571407,90248,2023-01-10 07:35:00,1872.2185714285713,SL,-1.0,-1.0235714285713584,2
2023-01-10 08:10:00,1872.425,SHORT,1873.6699999999998,1870.5575,1.2449999999999883,90257,2023-01-10 08:20:00,1873.6699999999998,SL,-1.0,-1.2449999999998909,2
2023-01-10 08:30:00,1874.415,LONG,1872.9765,1876.5727499999998,1.4384999999999764,90261,2023-01-10 09:05:00,1876.5727499999998,TP,1.5,2.157749999999851,7
2023-01-10 11:05:00,1874.807,LONG,1873.6108571428572,1876.6012142857144,1.1961428571428314,90292,2023-01-10 11:30:00,1876.6012142857144,TP,1.5,1.7942142857143608,5
2023-01-10 11:35:00,1876.015,LONG,1874.860642857143,1877.7465357142858,1.154357142857147,90298,2023-01-10 11:40:00,1874.860642857143,SL,-1.0,-1.1543571428571795,1
2023-01-10 11:45:00,1875.775,LONG,1874.6142142857143,1877.5161785714288,1.1607857142857287,90300,2023-01-10 12:00:00,1874.6142142857143,SL,-1.0,-1.1607857142857938,3
2023-01-10 14:50:00,1877.775,LONG,1875.4654285714287,1881.2393571428572,2.309571428571433,90337,2023-01-10 15:40:00,1875.4654285714287,SL,-1.0,-2.3095714285714166,10
2023-01-10 18:00:00,1873.895,SHORT,1875.0325,1872.18875,1.137500000000013,90375,2023-01-10 18:15:00,1872.18875,TP,1.5,1.7062499999999545,3
2023-01-10 19:55:00,1876.488,LONG,1875.634642857143,1877.7680357142858,0.8533571428571187,90398,2023-01-10 20:15:00,1877.7680357142858,TP,1.5,1.2800357142857592,4
2023-01-10 21:35:00,1877.048,LONG,1876.433142857143,1877.9702857142859,0.6148571428571715,90418,2023-01-10 21:55:00,1876.433142857143,SL,-1.0,-0.6148571428570904,4
2023-01-10 23:00:00,1876.977,LONG,1876.457,1877.757,0.5200000000000143,90423,2023-01-10 23:20:00,1876.457,SL,-1.0,-0.5199999999999818,4
2023-01-11 00:10:00,1877.005,LONG,1876.5838571428571,1877.6367142857143,0.42114285714288663,90437,2023-01-11 00:15:00,1876.5838571428571,SL,-1.0,-0.42114285714296784,1
2023-01-11 00:25:00,1876.365,LONG,1875.8895714285713,1877.078142857143,0.475428571428584,90440,2023-01-11 00:40:00,1877.078142857143,TP,1.5,0.7131428571428842,3
2023-01-11 02:35:00,1875.295,SHORT,1876.332642857143,1873.7385357142857,1.0376428571428602,90466,2023-01-11 03:20:00,1876.332642857143,SL,-1.0,-1.0376428571428278,9
2023-01-11 04:55:00,1877.785,LONG,1877.1692857142857,1878.7085714285715,0.6157142857142942,90494,2023-01-11 05:10:00,1878.7085714285715,TP,1.5,0.9235714285714494,3
2023-01-11 07:10:00,1882.515,LONG,1881.2957857142858,1884.3438214285716,1.2192142857143478,90521,2023-01-11 07:40:00,1881.2957857142858,SL,-1.0,-1.2192142857143153,6
2023-01-11 08:00:00,1881.785,LONG,1880.3450714285714,1883.944892857143,1.4399285714286276,90531,2023-01-11 08:45:00,1883.944892857143,TP,1.5,2.1598928571429497,9
2023-01-11 09:50:00,1885.155,LONG,1883.7037857142857,1887.3318214285714,1.45121428571427,90553,2023-01-11 10:15:00,1883.7037857142857,SL,-1.0,-1.4512142857142862,5
2023-01-11 10:15:00,1884.185,LONG,1882.9087857142856,1886.0993214285713,1.2762142857142666,90558,2023-01-11 10:40:00,1882.9087857142856,SL,-1.0,-1.2762142857143317,5
2023-01-11 10:45:00,1883.795,LONG,1882.5554285714286,1885.6543571428572,1.2395714285714317,90564,2023-01-11 11:20:00,1885.6543571428572,TP,1.5,1.8593571428571067,7
2023-01-11 11:40:00,1884.205,LONG,1883.207857142857,1885.7007142857142,0.997142857142876,90575,2023-01-11 11:55:00,1883.207857142857,SL,-1.0,-0.9971428571429897,3
2023-01-11 13:45:00,1877.885,SHORT,1879.5315714285714,1875.4151428571429,1.6465714285714708,90600,2023-01-11 14:35:00,1875.4151428571429,TP,1.5,2.4698571428571086,10
2023-01-11 17:00:00,1872.808,SHORT,1874.4844285714287,1870.293357142857,1.6764285714285896,90639,2023-01-11 17:10:00,1874.4844285714287,SL,-1.0,-1.676428571428687,2
2023-01-11 17:40:00,1873.635,SHORT,1874.8607142857143,1871.7964285714286,1.2257142857143077,90647,2023-01-11 18:00:00,1874.8607142857143,SL,-1.0,-1.2257142857142753,4
2023-01-11 20:40:00,1877.148,LONG,1876.3555,1878.33675,0.792500000000002,90683,2023-01-11 20:55:00,1876.3555,SL,-1.0,-0.7925000000000182,3
2023-01-11 21:35:00,1876.448,LONG,1875.9740714285715,1877.158892857143,0.473928571428587,90694,2023-01-11 21:45:00,1875.9740714285715,SL,-1.0,-0.473928571428587,2
2023-01-11 23:15:00,1877.175,LONG,1876.5557857142855,1878.1038214285713,0.6192142857143088,90702,2023-01-11 23:20:00,1876.5557857142855,SL,-1.0,-0.6192142857144063,1
2023-01-11 23:30:00,1877.495,LONG,1876.795357142857,1878.5444642857142,0.6996428571428785,90705,2023-01-11 23:55:00,1876.795357142857,SL,-1.0,-0.6996428571428623,5
2023-01-12 00:20:00,1876.755,LONG,1876.0500714285715,1877.8123928571429,0.704928571428549,90715,2023-01-12 00:30:00,1877.8123928571429,TP,1.5,1.0573928571427587,2
2023-01-12 01:35:00,1878.355,LONG,1877.6114285714286,1879.4703571428572,0.7435714285714182,90730,2023-01-12 01:40:00,1877.6114285714286,SL,-1.0,-0.7435714285713857,1
2023-01-12 01:40:00,1878.425,LONG,1877.6664285714285,1879.5628571428572,0.7585714285714208,90731,2023-01-12 01:50:00,1879.5628571428572,TP,1.5,1.1378571428572286,2
2023-01-12 03:35:00,1882.585,LONG,1881.6325,1884.01375,0.9525000000000189,90754,2023-01-12 03:50:00,1884.01375,TP,1.5,1.4287500000000364,3
2023-01-12 04:05:00,1883.777,LONG,1883.062357142857,1884.8489642857144,0.7146428571428812,90760,2023-01-12 04:25:00,1883.062357142857,SL,-1.0,-0.7146428571429624,4
2023-01-12 06:00:00,1883.688,LONG,1882.939142857143,1884.8112857142858,0.7488571428571374,90783,2023-01-12 06:15:00,1882.939142857143,SL,-1.0,-0.7488571428571049,3
2023-01-12 06:25:00,1883.355,LONG,1882.6825000000001,1884.36375,0.6724999999999974,90788,2023-01-12 06:45:00,1882.6825000000001,SL,-1.0,-0.6724999999999,4
2023-01-12 08:00:00,1882.105,SHORT,1883.3059285714285,1880.3036071428571,1.20092857142853,90807,2023-01-12 09:30:00,1883.3059285714285,SL,-1.0,-1.2009285714284488,18
2023-01-12 10:15:00,1883.305,LONG,1882.2932857142857,1884.8225714285716,1.011714285714285,90834,2023-01-12 11:05:00,1884.8225714285716,TP,1.5,1.5175714285715003,10
2023-01-12 13:30:00,1893.658,LONG,1890.6876428571427,1898.1135357142855,2.970357142857113,90873,2023-01-12 13:35:00,1898.1135357142855,TP,1.5,4.455535714285588,1
2023-01-12 13:45:00,1896.565,LONG,1892.693142857143,1902.3727857142858,3.8718571428571034,90876,2023-01-12 14:10:00,1892.693142857143,SL,-1.0,-3.871857142857152,5
2023-01-12 14:35:00,1891.595,LONG,1886.1592142857144,1899.7486785714286,5.435785714285706,90886,2023-01-12 14:40:00,1886.1592142857144,SL,-1.0,-5.435785714285657,1
2023-01-12 15:25:00,1887.085,SHORT,1890.9785714285715,1881.244642857143,3.893571428571412,90896,2023-01-12 16:10:00,1890.9785714285715,SL,-1.0,-3.8935714285714766,9
2023-01-12 18:35:00,1897.055,LONG,1895.5050714285715,1899.379892857143,1.5499285714285764,90934,2023-01-12 19:05:00,1899.379892857143,TP,1.5,2.3248928571429133,6
2023-01-12 19:55:00,1897.705,LONG,1896.6039285714285,1899.3566071428572,1.1010714285714747,90950,2023-01-12 20:00:00,1896.6039285714285,SL,-1.0,-1.1010714285714585,1
2023-01-12 20:45:00,1896.885,LONG,1895.7437142857143,1898.5969285714286,1.141285714285735,90960,2023-01-12 20:55:00,1898.5969285714286,TP,1.5,1.7119285714286434,2
2023-01-12 23:30:00,1896.715,LONG,1895.9687142857142,1897.8344285714286,0.7462857142857372,90981,2023-01-12 23:45:00,1897.8344285714286,TP,1.5,1.1194285714286707,3
2023-01-13 00:50:00,1898.245,LONG,1897.2387857142855,1899.7543214285713,1.0062142857142686,90997,2023-01-13 01:00:00,1897.2387857142855,SL,-1.0,-1.00621428571435,2
2023-01-13 01:00:00,1898.135,LONG,1897.0395,1899.77825,1.095499999999983,90999,2023-01-13 01:05:00,1897.0395,SL,-1.0,-1.0954999999999018,1
2023-01-13 01:10:00,1897.888,LONG,1896.7067857142856,1899.6598214285714,1.1812142857142882,91001,2023-01-13 01:15:00,1896.7067857142856,SL,-1.0,-1.1812142857143044,1
2023-01-13 01:20:00,1898.235,LONG,1896.9204285714286,1900.206857142857,1.314571428571412,91003,2023-01-13 01:25:00,1896.9204285714286,SL,-1.0,-1.3145714285712984,1
2023-01-13 01:50:00,1898.825,LONG,1897.4442857142858,1900.8960714285713,1.380714285714248,91009,2023-01-13 02:05:00,1897.4442857142858,SL,-1.0,-1.380714285714248,3
2023-01-13 02:50:00,1898.108,LONG,1897.0254285714286,1899.731857142857,1.0825714285714412,91021,2023-01-13 04:30:00,1897.0254285714286,SL,-1.0,-1.0825714285713275,20
2023-01-13 04:30:00,1897.117,SHORT,1897.7395714285715,1896.183142857143,0.6225714285714373,91041,2023-01-13 04:40:00,1896.183142857143,TP,1.5,0.9338571428570503,2
2023-01-13 06:30:00,1895.008,SHORT,1896.0275000000001,1893.47875,1.019500000000026,91065,2023-01-13 06:35:00,1896.0275000000001,SL,-1.0,-1.0195000000001073,1
2023-01-13 07:15:00,1896.128,SHORT,1897.1967857142856,1894.5248214285714,1.0687857142857442,91074,2023-01-13 07:45:00,1897.1967857142856,SL,-1.0,-1.0687857142856956,6
2023-01-13 07:55:00,1899.495,LONG,1898.0812857142855,1901.6155714285712,1.413714285714296,91082,2023-01-13 08:00:00,1898.0812857142855,SL,-1.0,-1.4137142857143772,1
2023-01-13 10:20:00,1905.785,LONG,1904.4282857142857,1907.8200714285715,1.3567142857142795,91111,2023-01-13 10:30:00,1904.4282857142857,SL,-1.0,-1.3567142857143608,2
2023-01-13 10:30:00,1904.925,LONG,1903.7295,1906.71825,1.1954999999999896,91113,2023-01-13 11:05:00,1906.71825,TP,1.5,1.7932499999999436,7
2023-01-13 11:40:00,1902.235,LONG,1901.115214285714,1903.9146785714286,1.1197857142857401,91127,2023-01-13 11:45:00,1901.115214285714,SL,-1.0,-1.1197857142858538,1
2023-01-13 13:50:00,1898.618,SHORT,1900.5754285714286,1895.681857142857,1.957428571428571,91153,2023-01-13 14:05:00,1900.5754285714286,SL,-1.0,-1.9574285714286361,3
2023-01-13 14:15:00,1901.065,SHORT,1903.121,1897.981,2.055999999999975,91158,2023-01-13 14:30:00,1903.121,SL,-1.0,-2.05600000000004,3
2023-01-13 16:50:00,1912.245,LONG,1910.5242857142857,1914.8260714285714,1.7207142857142474,91189,2023-01-13 17:15:00,1914.8260714285714,TP,1.5,2.5810714285714766,5
2023-01-13 20:20:00,1919.525,LONG,1918.7404285714288,1920.7018571428573,0.7845714285714394,91231,2023-01-13 20:50:00,1920.7018571428573,TP,1.5,1.1768571428572159,6
2023-01-13 21:40:00,1919.848,LONG,1918.9649285714286,1921.172607142857,0.8830714285714001,91247,2023-01-15 23:00:00,1918.9649285714286,SL,-1.0,-0.8830714285713839,4
2023-01-16 01:00:00,1919.605,LONG,1918.513642857143,1921.2420357142857,1.0913571428571263,91275,2023-01-16 01:20:00,1921.2420357142857,TP,1.5,1.6370357142857301,4
2023-01-16 01:45:00,1920.528,LONG,1919.0594285714285,1922.730857142857,1.4685714285714409,91284,2023-01-16 01:55:00,1922.730857142857,TP,1.5,2.202857142857056,2
2023-01-16 08:10:00,1913.405,SHORT,1914.767357142857,1911.3614642857142,1.362357142857117,91361,2023-01-16 08:35:00,1911.3614642857142,TP,1.5,2.043535714285781,5
2023-01-16 09:30:00,1914.635,SHORT,1915.7940714285714,1912.896392857143,1.1590714285714188,91377,2023-01-16 09:35:00,1915.7940714285714,SL,-1.0,-1.1590714285714512,1
2023-01-16 10:25:00,1915.995,SHORT,1917.0749285714285,1914.375107142857,1.0799285714285816,91388,2023-01-16 10:50:00,1917.0749285714285,SL,-1.0,-1.0799285714285816,5
2023-01-16 12:10:00,1916.295,LONG,1915.2920000000001,1917.7995,1.0029999999999615,91409,2023-01-16 12:20:00,1915.2920000000001,SL,-1.0,-1.002999999999929,2
2023-01-16 14:30:00,1913.585,SHORT,1914.8524285714286,1911.683857142857,1.2674285714285978,91437,2023-01-16 14:45:00,1914.8524285714286,SL,-1.0,-1.2674285714285816,3
2023-01-16 14:55:00,1915.185,SHORT,1916.3245714285713,1913.4756428571427,1.1395714285714575,91442,2023-01-16 15:00:00,1916.3245714285713,SL,-1.0,-1.1395714285713439,1
2023-01-16 15:50:00,1915.435,LONG,1914.5304285714285,1916.791857142857,0.904571428571379,91453,2023-01-16 16:30:00,1914.5304285714285,SL,-1.0,-0.9045714285714439,8
2023-01-16 16:30:00,1915.045,LONG,1914.2809285714288,1916.1911071428572,0.7640714285713557,91461,2023-01-16 16:35:00,1914.2809285714288,SL,-1.0,-0.764071428571242,1
2023-01-17 00:35:00,1918.215,LONG,1917.5222142857142,1919.2541785714286,0.6927857142857518,91498,2023-01-17 00:40:00,1917.5222142857142,SL,-1.0,-0.6927857142857192,1
2023-01-17 01:40:00,1914.845,LONG,1913.5552857142857,1916.7795714285714,1.2897142857143211,91511,2023-01-17 01:45:00,1913.5552857142857,SL,-1.0,-1.2897142857143535,1
2023-01-17 02:10:00,1915.545,SHORT,1917.116642857143,1913.1875357142858,1.571642857142852,91517,2023-01-17 02:20:00,1913.1875357142858,TP,1.5,2.3574642857142862,2
2023-01-17 04:30:00,1910.515,SHORT,1911.3959285714286,1909.1936071428572,0.8809285714286099,91545,2023-01-17 04:40:00,1911.3959285714286,SL,-1.0,-0.8809285714285124,2
2023-01-17 04:50:00,1911.348,SHORT,1912.172142857143,1910.1117857142856,0.8241428571429067,91549,2023-01-17 05:10:00,1912.172142857143,SL,-1.0,-0.8241428571429879,4
2023-01-17 06:30:00,1910.075,SHORT,1911.0752142857143,1908.5746785714286,1.0002142857142806,91569,2023-01-17 06:45:00,1908.5746785714286,TP,1.5,1.5003214285713966,3
2023-01-17 08:25:00,1909.765,SHORT,1910.9807142857144,1907.9414285714288,1.2157142857142844,91592,2023-01-17 08:45:00,1910.9807142857144,SL,-1.0,-1.2157142857142844,4
2023-01-17 08:45:00,1910.385,SHORT,1911.6233571428572,1908.5274642857144,1.238357142857142,91596,2023-01-17 09:10:00,1908.5274642857144,TP,1.5,1.857535714285632,5
2023-01-17 11:25:00,1906.255,SHORT,1907.1638571428573,1904.8917142857144,0.908857142857138,91628,2023-01-17 11:40:00,1907.1638571428573,SL,-1.0,-0.9088571428571868,3
2023-01-17 13:40:00,1912.665,LONG,1910.7424285714285,1915.548857142857,1.9225714285714406,91655,2023-01-17 14:10:00,1915.548857142857,TP,1.5,2.883857142857096,6
2023-01-17 14:45:00,1913.095,LONG,1911.1961428571428,1915.9432857142858,1.8988571428571634,91668,2023-01-17 15:15:00,1911.1961428571428,SL,-1.0,-1.8988571428571959,6
2023-01-17 16:40:00,1911.975,LONG,1910.3290714285713,1914.4438928571426,1.645928571428515,91691,2023-01-17 17:15:00,1910.3290714285713,SL,-1.0,-1.6459285714286125,7
2023-01-17 20:10:00,1908.055,SHORT,1909.2865714285715,1906.207642857143,1.2315714285714259,91733,2023-01-17 20:15:00,1909.2865714285715,SL,-1.0,-1.231571428571442,1
2023-01-18 00:05:00,1908.235,LONG,1907.6826428571428,1909.0635357142855,0.5523571428570904,91768,2023-01-18 00:40:00,1907.6826428571428,SL,-1.0,-0.5523571428570904,7
2023-01-18 01:25:00,1907.435,SHORT,1908.3717142857142,1906.0299285714284,0.9367142857143368,91784,2023-01-18 01:55:00,1908.3717142857142,SL,-1.0,-0.936714285714288,6
2023-01-18 10:15:00,1912.845,LONG,1911.5407857142857,1914.8013214285716,1.3042142857143355,91890,2023-01-18 10:30:00,1911.5407857142857,SL,-1.0,-1.3042142857143517,3
2023-01-18 10:30:00,1912.695,LONG,1911.4131428571427,1914.6177857142857,1.281857142857169,91893,2023-01-18 11:00:00,1914.6177857142857,TP,1.5,1.9227857142857374,6
2023-01-18 11:50:00,1915.758,LONG,1914.8522857142857,1917.1165714285714,0.9057142857142902,91909,2023-01-18 12:45:00,1914.8522857142857,SL,-1.0,-0.905714285714339,11
2023-01-18 12:45:00,1916.015,LONG,1914.9797857142858,1917.5678214285715,1.0352142857142976,91920,2023-01-18 12:50:00,1917.5678214285715,TP,1.5,1.5528214285714057,1
2023-01-18 13:00:00,1918.725,LONG,1917.5192857142856,1920.5335714285713,1.2057142857142773,91923,2023-01-18 13:15:00,1917.5192857142856,SL,-1.0,-1.2057142857142935,3
2023-01-18 14:55:00,1921.248,LONG,1918.6705000000002,1925.1142499999999,2.5774999999999375,91946,2023-01-18 15:00:00,1918.6705000000002,SL,-1.0,-2.5774999999998727,1
2023-01-18 18:35:00,1904.398,SHORT,1905.8740714285714,1902.1838928571428,1.4760714285714422,91990,2023-01-18 18:45:00,1905.8740714285714,SL,-1.0,-1.4760714285714585,2
2023-01-18 18:55:00,1904.788,SHORT,1906.116,1902.796,1.3280000000000232,91994,2023-01-18 20:30:00,1902.796,TP,1.5,1.9919999999999618,19
2023-01-18 20:55:00,1903.365,SHORT,1904.2856428571429,1901.9840357142857,0.920642857142866,92018,2023-01-18 21:20:00,1904.2856428571429,SL,-1.0,-0.920642857142866,5
2023-01-18 21:25:00,1904.248,SHORT,1905.0712857142858,1903.0130714285715,0.8232857142857516,92024,2023-01-18 23:00:00,1903.0130714285715,TP,1.5,1.2349285714285543,7
2023-01-18 23:10:00,1904.185,SHORT,1904.9243571428572,1903.0759642857142,0.7393571428571671,92033,2023-01-18 23:20:00,1904.9243571428572,SL,-1.0,-0.7393571428572159,2
2023-01-19 00:50:00,1906.875,LONG,1905.8118571428572,1908.4697142857142,1.0631428571428583,92053,2023-01-19 00:55:00,1905.8118571428572,SL,-1.0,-1.0631428571427932,1
2023-01-19 01:00:00,1905.545,LONG,1904.3413571428573,1907.3504642857142,1.2036428571428328,92055,2023-01-19 01:15:00,1904.3413571428573,SL,-1.0,-1.2036428571427678,3
2023-01-19 05:30:00,1909.555,LONG,1908.7230714285715,1910.802892857143,0.8319285714285992,92109,2023-01-19 05:35:00,1908.7230714285715,SL,-1.0,-0.8319285714285343,1
2023-01-19 06:20:00,1909.615,LONG,1908.5492142857142,1911.2136785714285,1.0657857142857179,92119,2023-01-19 06:55:00,1908.5492142857142,SL,-1.0,-1.0657857142857665,7
2023-01-19 07:20:00,1908.715,LONG,1907.4844999999998,1910.5607499999999,1.2305000000000388,92131,2023-01-19 07:40:00,1910.5607499999999,TP,1.5,1.8457499999999527,4
2023-01-19 07:45:00,1911.555,LONG,1910.062642857143,1913.7935357142858,1.4923571428571774,92136,2023-01-19 08:10:00,1913.7935357142858,TP,1.5,2.2385357142857174,5
2023-01-19 10:05:00,1909.805,LONG,1908.8042142857144,1911.3061785714285,1.0007857142856957,92164,2023-01-19 10:15:00,1908.8042142857144,SL,-1.0,-1.000785714285712,2
2023-01-19 11:05:00,1909.055,SHORT,1910.2528571428572,1907.2582142857143,1.1978571428571416,92176,2023-01-19 11:40:00,1907.2582142857143,TP,1.5,1.796785714285761,7
2023-01-19 13:35:00,1912.055,LONG,1910.1220714285714,1914.954392857143,1.9329285714286146,92206,2023-01-19 13:40:00,1910.1220714285714,SL,-1.0,-1.932928571428647,1
2023-01-19 16:05:00,1919.558,LONG,1917.5420714285715,1922.5818928571427,2.015928571428552,92236,2023-01-19 17:05:00,1922.5818928571427,TP,1.5,3.023892857142755,12
2023-01-19 18:15:00,1922.628,LONG,1921.1992857142857,1924.7710714285713,1.4287142857142823,92262,2023-01-19 18:40:00,1924.7710714285713,TP,1.5,2.143071428571375,5
2023-01-20 00:10:00,1931.695,LONG,1930.8966428571428,1932.8925357142857,0.79835714285712,92321,2023-01-20 00:25:00,1930.8966428571428,SL,-1.0,-0.798357142857185,3
2023-01-20 02:05:00,1931.698,LONG,1930.2452857142857,1933.8770714285715,1.452714285714267,92344,2023-01-20 02:35:00,1930.2452857142857,SL,-1.0,-1.4527142857143645,6
2023-01-20 07:05:00,1927.595,SHORT,1928.6735,1925.97725,1.0785000000000113,92404,2023-01-20 07:20:00,1928.6735,SL,-1.0,-1.0785000000000764,3
2023-01-20 08:40:00,1930.825,LONG,1929.0173571428572,1933.5364642857144,1.8076428571428258,92423,2023-01-20 08:45:00,1929.0173571428572,SL,-1.0,-1.8076428571428096,1
2023-01-20 10:10:00,1928.955,LONG,1927.4734999999998,1931.17725,1.481499999999999,92441,2023-01-20 11:05:00,1931.17725,TP,1.5,2.222250000000031,11
2023-01-20 11:30:00,1928.565,SHORT,1929.634,1926.9615000000001,1.0690000000000086,92457,2023-01-20 11:50:00,1926.9615000000001,TP,1.5,1.60349999999994,4
2023-01-20 11:55:00,1926.975,SHORT,1928.096,1925.2935,1.120999999999997,92462,2023-01-20 12:05:00,1928.096,SL,-1.0,-1.1210000000000946,2
2023-01-20 12:15:00,1927.455,SHORT,1928.6840714285713,1925.6113928571428,1.22907142857142,92466,2023-01-20 12:25:00,1928.6840714285713,SL,-1.0,-1.2290714285713875,2
2023-01-20 12:30:00,1927.125,SHORT,1928.448357142857,1925.1399642857143,1.3233571428571298,92469,2023-01-20 12:40:00,1928.448357142857,SL,-1.0,-1.3233571428570485,2
2023-01-20 12:40:00,1927.338,SHORT,1928.6744285714285,1925.333357142857,1.3364285714285578,92471,2023-01-20 12:45:00,1928.6744285714285,SL,-1.0,-1.3364285714285415,1
2023-01-20 13:30:00,1927.038,SHORT,1928.4535,1924.91475,1.4155000000000004,92481,2023-01-20 13:50:00,1924.91475,TP,1.5,2.1232500000000982,4
2023-01-20 15:45:00,1925.638,SHORT,1927.5549999999998,1922.7624999999998,1.9170000000000138,92508,2023-01-20 16:00:00,1927.5549999999998,SL,-1.0,-1.9169999999999163,3
2023-01-20 16:10:00,1927.728,SHORT,1929.5113571428572,1925.0529642857143,1.7833571428571662,92513,2023-01-20 16:20:00,1925.0529642857143,TP,1.5,2.675035714285741,2
2023-01-20 16:35:00,1925.057,SHORT,1926.6763571428571,1922.6279642857144,1.6193571428571463,92518,2023-01-20 18:00:00,1926.6763571428571,SL,-1.0,-1.6193571428570976,17
2023-01-20 18:05:00,1926.285,SHORT,1927.3793571428573,1924.6434642857143,1.0943571428571366,92536,2023-01-20 18:35:00,1927.3793571428573,SL,-1.0,-1.094357142857234,6
2023-01-20 20:25:00,1929.018,LONG,1928.2385,1930.18725,0.7794999999999845,92564,2023-01-20 20:30:00,1928.2385,SL,-1.0,-0.7795000000000982,1
2023-01-20 20:40:00,1928.598,LONG,1927.7906428571428,1929.8090357142855,0.8073571428571183,92567,2023-01-20 20:50:00,1927.7906428571428,SL,-1.0,-0.8073571428571995,2
2023-01-22 23:45:00,1926.565,SHORT,1927.8074285714288,1924.7013571428572,1.2424285714286043,92592,2023-01-23 00:00:00,1927.8074285714288,SL,-1.0,-1.242428571428718,3
2023-01-23 03:20:00,1932.905,LONG,1932.104,1934.1065,0.801000000000012,92635,2023-01-23 03:30:00,1932.104,SL,-1.0,-0.8009999999999309,2
2023-01-23 03:40:00,1932.085,LONG,1931.2675714285715,1933.3111428571428,0.8174285714285686,92639,2023-01-23 03:50:00,1931.2675714285715,SL,-1.0,-0.8174285714285361,2
2023-01-23 09:40:00,1923.418,SHORT,1925.1780714285712,1920.7778928571427,1.7600714285714179,92711,2023-01-23 09:55:00,1925.1780714285712,SL,-1.0,-1.7600714285713366,3
2023-01-23 11:10:00,1925.115,LONG,1923.9765,1926.82275,1.1385000000000218,92729,2023-01-23 12:10:00,1923.9765,SL,-1.0,-1.1385000000000218,12
2023-01-23 14:55:00,1916.485,SHORT,1919.3835714285713,1912.1371428571429,2.8985714285714232,92774,2023-01-23 15:05:00,1912.1371428571429,TP,1.5,4.347857142857038,2
2023-01-23 16:55:00,1922.115,LONG,1920.5705,1924.4317500000002,1.5445000000000522,92798,2023-01-23 17:05:00,1920.5705,SL,-1.0,-1.544499999999971,2
2023-01-23 17:30:00,1920.905,SHORT,1922.1645714285714,1919.0156428571427,1.259571428571462,92805,2023-01-23 17:40:00,1922.1645714285714,SL,-1.0,-1.259571428571462,2
2023-01-23 19:55:00,1926.335,LONG,1925.3588571428572,1927.7992142857145,0.9761428571429016,92834,2023-01-23 20:05:00,1927.7992142857145,TP,1.5,1.4642142857144336,2
2023-01-23 20:10:00,1927.705,LONG,1926.7181428571428,1929.1852857142858,0.9868571428571775,92837,2023-01-23 20:35:00,1929.1852857142858,TP,1.5,1.4802857142858556,5
2023-01-24 06:00:00,1935.365,LONG,1934.5515,1936.58525,0.8134999999999926,92943,2023-01-24 06:05:00,1934.5515,SL,-1.0,-0.8134999999999764,1
2023-01-24 13:05:00,1936.925,LONG,1935.8864285714285,1938.482857142857,1.0385714285714098,93028,2023-01-24 13:15:00,1935.8864285714285,SL,-1.0,-1.0385714285714585,2
2023-01-24 13:35:00,1935.415,SHORT,1936.6707142857142,1933.5314285714285,1.2557142857142805,93034,2023-01-24 13:40:00,1933.5314285714285,TP,1.5,1.8835714285714857,1
2023-01-24 15:15:00,1926.958,SHORT,1930.0387142857144,1922.3369285714286,3.0807142857142935,93054,2023-01-24 15:25:00,1930.0387142857144,SL,-1.0,-3.0807142857142935,2
2023-01-24 16:45:00,1930.338,SHORT,1932.478,1927.128,2.140000000000035,93072,2023-01-24 16:55:00,1932.478,SL,-1.0,-2.1400000000001,2
2023-01-24 17:25:00,1933.465,LONG,1931.9152142857142,1935.7896785714286,1.5497857142857063,93080,2023-01-24 19:10:00,1935.7896785714286,TP,1.5,2.324678571428649,21
2023-01-24 21:25:00,1936.998,LONG,1936.5222142857142,1937.7116785714286,0.4757857142857347,93128,2023-01-24 23:25:00,1936.5222142857142,SL,-1.0,-0.47578571428584837,12
2023-01-24 23:30:00,1936.865,LONG,1936.402857142857,1937.5582142857143,0.4621428571428104,93141,2023-01-25 00:00:00,1937.5582142857143,TP,1.5,0.693214285714248,6
2023-01-25 08:15:00,1929.795,SHORT,1931.2484285714286,1927.6148571428573,1.4534285714285684,93246,2023-01-25 08:20:00,1931.2484285714286,SL,-1.0,-1.4534285714285033,1
2023-01-25 10:00:00,1927.665,SHORT,1928.7552857142857,1926.0295714285714,1.0902857142856905,93267,2023-01-25 10:05:00,1926.0295714285714,TP,1.5,1.6354285714285197,1
2023-01-25 12:55:00,1926.395,SHORT,1927.7185714285715,1924.409642857143,1.3235714285714266,93302,2023-01-25 13:15:00,1924.409642857143,TP,1.5,1.985357142857083,4
2023-01-25 13:40:00,1924.415,SHORT,1925.9180714285715,1922.1603928571428,1.5030714285714208,93311,2023-01-25 13:50:00,1922.1603928571428,TP,1.5,2.2546071428571395,2
2023-01-25 15:40:00,1931.375,LONG,1928.7482857142857,1935.3150714285714,2.62671428571431,93335,2023-01-25 16:50:00,1935.3150714285714,TP,1.5,3.9400714285714002,14
2023-01-25 19:30:00,1940.955,LONG,1939.8917857142856,1942.5498214285712,1.063214285714285,93381,2023-01-25 19:55:00,1942.5498214285712,TP,1.5,1.594821428571322,5
2023-01-26 00:40:00,1947.105,LONG,1946.511,1947.9959999999999,0.5939999999999698,93431,2023-01-26 00:50:00,1946.511,SL,-1.0,-0.5940000000000509,2
2023-01-26 02:00:00,1945.735,LONG,1944.7671428571427,1947.1867857142856,0.9678571428571558,93447,2023-01-26 02:20:00,1944.7671428571427,SL,-1.0,-0.9678571428571558,4
2023-01-26 03:20:00,1946.325,LONG,1945.4430714285716,1947.6478928571428,0.8819285714285375,93463,2023-01-26 03:35:00,1947.6478928571428,TP,1.5,1.3228928571427332,3
2023-01-26 04:20:00,1946.955,LONG,1946.2137857142857,1948.0668214285713,0.7412142857142661,93475,2023-01-26 04:35:00,1946.2137857142857,SL,-1.0,-0.7412142857142499,3
2023-01-26 04:35:00,1947.675,LONG,1946.8645,1948.89075,0.8104999999999823,93478,2023-01-26 04:45:00,1946.8645,SL,-1.0,-0.8105000000000473,2
2023-01-26 05:00:00,1947.105,LONG,1946.202142857143,1948.4592857142857,0.9028571428571338,93483,2023-01-26 05:10:00,1946.202142857143,SL,-1.0,-0.9028571428571013,2
2023-01-26 05:15:00,1946.075,LONG,1945.2430714285715,1947.322892857143,0.8319285714285668,93486,2023-01-26 05:25:00,1945.2430714285715,SL,-1.0,-0.8319285714285343,2
2023-01-26 12:10:00,1935.625,SHORT,1936.788142857143,1933.8802857142857,1.1631428571428484,93569,2023-01-26 12:30:00,1936.788142857143,SL,-1.0,-1.1631428571429296,4
2023-01-26 13:00:00,1936.095,SHORT,1937.3366428571428,1934.2325357142859,1.2416428571428273,93579,2023-01-26 13:25:00,1937.3366428571428,SL,-1.0,-1.2416428571427787,5
2023-01-26 13:30:00,1934.248,SHORT,1935.9033571428572,1931.7649642857143,1.6553571428571072,93585,2023-01-26 13:35:00,1935.9033571428572,SL,-1.0,-1.6553571428571558,1
2023-01-26 13:40:00,1933.295,SHORT,1935.2717857142857,1930.3298214285714,1.9767857142856786,93587,2023-01-26 13:45:00,1935.2717857142857,SL,-1.0,-1.9767857142855974,1
2023-01-26 19:25:00,1929.977,SHORT,1931.2841428571428,1928.016285714286,1.3071428571428214,93656,2023-01-26 23:00:00,1928.016285714286,TP,1.5,1.9607142857141753,31
2023-01-27 06:15:00,1924.108,SHORT,1924.9987857142858,1922.7718214285715,0.8907857142857308,93774,2023-01-27 06:40:00,1922.7718214285715,TP,1.5,1.3361785714284906,5
2023-01-27 07:20:00,1924.145,SHORT,1925.1968571428572,1922.5672142857143,1.0518571428571508,93787,2023-01-27 07:30:00,1925.1968571428572,SL,-1.0,-1.0518571428572159,2
2023-01-27 08:10:00,1924.225,SHORT,1925.5256428571429,1922.2740357142857,1.3006428571428614,93797,2023-01-27 08:40:00,1925.5256428571429,SL,-1.0,-1.3006428571429751,6
2023-01-27 09:55:00,1925.625,LONG,1924.6232857142857,1927.1275714285714,1.0017142857142776,93818,2023-01-27 10:05:00,1927.1275714285714,TP,1.5,1.5025714285714002,2
2023-01-27 12:00:00,1930.895,LONG,1929.915857142857,1932.3637142857142,0.9791428571428631,93843,2023-01-27 12:30:00,1929.915857142857,SL,-1.0,-0.9791428571429606,6
2023-01-27 13:10:00,1931.168,LONG,1930.0282857142856,1932.8775714285714,1.139714285714295,93857,2023-01-27 13:20:00,1932.8775714285714,TP,1.5,1.7095714285715076,2
2023-01-27 13:20:00,1932.645,LONG,1931.3276428571428,1934.6210357142857,1.317357142857158,93859,2023-01-27 13:30:00,1931.3276428571428,SL,-1.0,-1.3173571428571904,2
2023-01-27 13:30:00,1934.025,LONG,1932.3997857142858,1936.4628214285715,1.625214285714313,93861,2023-01-27 13:35:00,1932.3997857142858,SL,-1.0,-1.6252142857142644,1
2023-01-27 14:10:00,1927.265,LONG,1924.9325714285715,1930.763642857143,2.3324285714286197,93869,2023-01-27 14:30:00,1924.9325714285715,SL,-1.0,-2.332428571428636,4
2023-01-27 15:15:00,1924.995,SHORT,1927.6272857142856,1921.0465714285713,2.6322857142857043,93882,2023-01-27 15:45:00,1921.0465714285713,TP,1.5,3.9484285714286216,6
2023-01-27 17:30:00,1927.505,LONG,1925.7635,1930.1172500000002,1.741500000000055,93909,2023-01-27 18:15:00,1930.1172500000002,TP,1.5,2.612250000000131,9
2023-01-27 18:45:00,1930.905,LONG,1929.8481428571429,1932.4902857142856,1.0568571428571627,93924,2023-01-27 18:55:00,1929.8481428571429,SL,-1.0,-1.0568571428570976,2
2023-01-27 20:00:00,1930.235,LONG,1929.4959999999999,1931.3435,0.738999999999984,93939,2023-01-27 20:15:00,1929.4959999999999,SL,-1.0,-0.7390000000000327,3
2023-01-27 21:45:00,1927.998,SHORT,1928.9777857142858,1926.5283214285714,0.9797857142857213,93960,2023-01-29 23:00:00,1928.9777857142858,SL,-1.0,-0.9797857142857538,3
2023-01-29 23:15:00,1926.927,SHORT,1928.1689999999999,1925.0639999999999,1.2419999999999942,93966,2023-01-29 23:25:00,1928.1689999999999,SL,-1.0,-1.2419999999999618,2
2023-01-29 23:45:00,1927.885,SHORT,1929.1157142857141,1926.0389285714286,1.2307142857142546,93972,2023-01-30 00:00:00,1929.1157142857141,SL,-1.0,-1.230714285714157,3
2023-01-30 00:30:00,1928.898,SHORT,1929.7290714285714,1927.6513928571428,0.8310714285714117,93981,2023-01-30 00:45:00,1929.7290714285714,SL,-1.0,-0.8310714285714766,3
2023-01-30 00:45:00,1929.655,LONG,1928.8255714285715,1930.8991428571428,0.8294285714285446,93984,2023-01-30 00:50:00,1928.8255714285715,SL,-1.0,-0.8294285714284797,1
2023-01-30 01:00:00,1927.985,SHORT,1929.0175,1926.43625,1.0324999999999787,93987,2023-01-30 01:05:00,1926.43625,TP,1.5,1.5487499999999272,1
2023-01-30 02:10:00,1925.855,SHORT,1927.285,1923.71,1.430000000000015,94001,2023-01-30 04:00:00,1927.285,SL,-1.0,-1.4300000000000637,22
2023-01-30 07:00:00,1931.135,LONG,1929.9732142857142,1932.8776785714285,1.1617857142857215,94059,2023-01-30 07:20:00,1929.9732142857142,SL,-1.0,-1.1617857142857702,4
2023-01-30 07:25:00,1928.545,LONG,1927.2999285714286,1930.4126071428573,1.2450714285714477,94064,2023-01-30 07:35:00,1927.2999285714286,SL,-1.0,-1.245071428571464,2
2023-01-30 12:20:00,1925.368,SHORT,1926.7970714285714,1923.224392857143,1.4290714285714168,94123,2023-01-30 13:05:00,1926.7970714285714,SL,-1.0,-1.429071428571433,9
