entry_time,entry,side,sl,tp,atr,entry_i
2023-10-02 04:45:00,1842.625,SHORT,1843.2162142857144,1841.7381785714285,0.5912142857143375,81
2023-10-02 06:10:00,1840.578,SHORT,1841.497357142857,1839.1989642857143,0.9193571428571496,98
2023-10-02 08:20:00,1841.418,SHORT,1842.5982857142856,1839.6475714285714,1.1802857142857388,124
2023-10-02 08:35:00,1842.325,SHORT,1843.427642857143,1840.6710357142858,1.1026428571428661,127
2023-10-02 12:25:00,1836.495,SHORT,1837.9195,1834.3582499999998,1.424500000000015,173
2023-10-02 13:15:00,1836.698,SHORT,1838.580642857143,1833.8740357142858,1.8826428571428713,183
2023-10-02 15:50:00,1831.655,SHORT,1833.4382142857144,1828.9801785714285,1.7832142857143285,214
2023-10-02 17:25:00,1831.445,SHORT,1832.73,1829.5175,1.2849999999999682,233
2023-10-02 18:20:00,1832.045,SHORT,1833.0824285714286,1830.4888571428573,1.0374285714285634,244
2023-10-02 19:50:00,1829.225,SHORT,1829.8155,1828.33925,0.5904999999999875,262
2023-10-02 22:15:00,1828.728,SHORT,1829.2604285714287,1827.9293571428573,0.5324285714285679,279
2023-10-02 22:55:00,1827.975,SHORT,1828.5479285714284,1827.115607142857,0.5729285714285685,287
2023-10-03 01:00:00,1824.498,SHORT,1825.7151428571428,1822.6722857142859,1.2171428571428382,312
2023-10-03 03:45:00,1818.955,SHORT,1819.812,1817.6695,0.8570000000000196,345
2023-10-03 04:45:00,1820.435,SHORT,1821.3051428571428,1819.1297857142856,0.8701428571428583,357
2023-10-03 05:35:00,1819.408,SHORT,1820.0944285714286,1818.378357142857,0.6864285714285643,367
2023-10-03 06:30:00,1823.228,LONG,1822.060642857143,1824.9790357142858,1.167357142857148,378
2023-10-03 07:45:00,1823.325,LONG,1822.3557142857144,1824.7789285714287,0.969285714285726,393
2023-10-03 10:20:00,1826.085,LONG,1825.1702142857143,1827.4571785714288,0.9147857142857804,424
2023-10-03 11:50:00,1827.145,LONG,1826.0752142857143,1828.7496785714286,1.0697857142857043,442
2023-10-03 12:05:00,1826.625,LONG,1825.4695,1828.35825,1.1554999999999933,445
2023-10-03 12:25:00,1827.165,LONG,1825.7276428571429,1829.3210357142857,1.4373571428571463,449
2023-10-03 12:45:00,1825.795,LONG,1824.1769285714286,1828.2221071428573,1.6180714285714461,453
2023-10-03 15:05:00,1827.835,LONG,1823.5217142857143,1834.3049285714287,4.313285714285728,481
2023-10-03 17:30:00,1824.585,SHORT,1825.8277857142857,1822.7208214285715,1.24278571428569,510
2023-10-03 18:25:00,1823.225,SHORT,1824.2517857142857,1821.6848214285712,1.0267857142857142,521
2023-10-03 18:50:00,1824.374,SHORT,1825.3539285714285,1822.9041071428571,0.9799285714285426,526
2023-10-03 22:40:00,1823.315,SHORT,1823.8285714285714,1822.544642857143,0.5135714285714162,560
2023-10-04 00:45:00,1824.395,SHORT,1825.1734999999999,1823.22725,0.778499999999992,585
2023-10-04 01:05:00,1823.105,SHORT,1823.9792142857143,1821.7936785714287,0.8742142857142555,589
2023-10-04 01:15:00,1823.285,SHORT,1824.1742142857142,1821.9511785714287,0.8892142857142582,591
2023-10-04 01:55:00,1822.625,SHORT,1823.7468571428572,1820.9422142857143,1.1218571428571198,599
2023-10-04 03:30:00,1820.445,SHORT,1821.2776428571428,1819.1960357142857,0.832642857142868,618
2023-10-04 04:20:00,1822.225,SHORT,1822.8485714285714,1821.2896428571428,0.6235714285714461,628
2023-10-04 07:20:00,1819.505,SHORT,1820.633642857143,1817.812035714286,1.1286428571428684,664
2023-10-04 08:50:00,1822.875,LONG,1821.844,1824.4215,1.0310000000000141,682
2023-10-04 09:30:00,1822.585,LONG,1821.6799285714287,1823.9426071428572,0.9050714285713995,690
2023-10-04 09:45:00,1822.795,LONG,1821.9080714285715,1824.125392857143,0.886928571428533,693
2023-10-04 10:15:00,1822.765,LONG,1821.947142857143,1823.991785714286,0.8178571428571461,699
2023-10-04 10:35:00,1822.615,LONG,1821.7664285714286,1823.8878571428572,0.8485714285714201,703
2023-10-04 10:50:00,1822.205,LONG,1821.3435714285713,1823.4971428571428,0.8614285714285675,706
2023-10-04 12:45:00,1828.375,LONG,1826.5370714285714,1831.131892857143,1.8379285714285547,729
2023-10-04 13:30:00,1824.405,LONG,1822.8735714285715,1826.702142857143,1.5314285714285754,738
2023-10-04 13:55:00,1820.204,SHORT,1822.1561428571429,1817.2757857142856,1.9521428571428519,743
2023-10-04 16:15:00,1823.065,LONG,1821.4745,1825.45075,1.59050000000002,771
2023-10-04 22:00:00,1821.765,LONG,1821.2152857142858,1822.5895714285716,0.5497142857142957,828
2023-10-05 00:30:00,1822.905,LONG,1822.165,1824.0149999999999,0.7400000000000091,858
2023-10-05 02:35:00,1826.515,LONG,1825.9009285714287,1827.4361071428573,0.6140714285714434,883
2023-10-05 03:00:00,1826.065,LONG,1825.557142857143,1826.8267857142857,0.5078571428571357,888
2023-10-05 03:25:00,1827.275,LONG,1826.8109285714286,1827.9711071428571,0.46407142857140116,893
2023-10-05 05:10:00,1827.365,LONG,1826.8799285714285,1828.092607142857,0.48507142857142427,914
2023-10-05 05:35:00,1827.265,LONG,1826.6582142857144,1828.1751785714287,0.6067857142857552,919
2023-10-05 08:20:00,1821.758,SHORT,1822.7075,1820.33375,0.9494999999999924,952
2023-10-05 09:35:00,1821.965,SHORT,1822.6509285714285,1820.936107142857,0.6859285714285761,967
2023-10-05 09:55:00,1821.905,SHORT,1822.6488571428572,1820.7892142857143,0.743857142857142,971
2023-10-05 11:25:00,1821.065,SHORT,1821.8770714285715,1819.846892857143,0.8120714285713737,989
2023-10-05 11:50:00,1821.978,SHORT,1822.9441428571429,1820.5287857142857,0.9661428571428294,994
2023-10-05 13:35:00,1819.325,SHORT,1821.7352857142857,1815.7095714285715,2.4102857142856755,1015
2023-10-05 14:00:00,1818.645,SHORT,1820.7932857142857,1815.4225714285715,2.1482857142856835,1020
2023-10-05 15:00:00,1817.725,SHORT,1819.942357142857,1814.398964285714,2.2173571428571512,1032
2023-10-05 17:00:00,1817.325,SHORT,1818.4950714285715,1815.5698928571428,1.1700714285714184,1056
2023-10-06 00:10:00,1821.495,LONG,1821.0019285714284,1822.2346071428572,0.49307142857144626,1130
2023-10-06 01:05:00,1820.415,LONG,1819.7861428571427,1821.3582857142858,0.6288571428571815,1141
2023-10-06 13:30:00,1822.255,SHORT,1825.7983571428572,1816.9399642857145,3.5433571428571247,1290
2023-10-06 14:05:00,1823.725,LONG,1820.5459285714285,1828.493607142857,3.179071428571368,1297
2023-10-06 15:00:00,1825.695,LONG,1823.1644999999999,1829.49075,2.5305000000000097,1308
2023-10-06 17:25:00,1831.175,LONG,1829.8257142857142,1833.1989285714285,1.3492857142857215,1337
2023-10-06 20:00:00,1829.468,LONG,1828.7203571428572,1830.5894642857143,0.7476428571428642,1368
2023-10-09 00:20:00,1847.665,LONG,1846.5537857142858,1849.3318214285714,1.1112142857142382,1408
2023-10-09 01:15:00,1849.025,LONG,1847.469285714286,1851.3585714285714,1.5557142857142676,1419
2023-10-09 01:40:00,1848.785,LONG,1847.2205000000001,1851.13175,1.564499999999969,1424
2023-10-09 03:20:00,1849.735,LONG,1848.9640714285713,1850.8913928571428,0.7709285714285963,1444
2023-10-09 03:35:00,1850.025,LONG,1849.2137857142857,1851.2418214285715,0.8112142857143324,1447
2023-10-09 06:05:00,1852.315,LONG,1851.1304285714286,1854.0918571428572,1.184571428571449,1477
2023-10-09 06:35:00,1851.105,LONG,1849.7811428571429,1853.0907857142856,1.3238571428571342,1483
2023-10-09 07:50:00,1851.375,LONG,1850.219,1853.1090000000002,1.1560000000000303,1498
2023-10-09 09:55:00,1851.105,LONG,1850.3459285714287,1852.2436071428572,0.7590714285714577,1523
2023-10-09 12:00:00,1847.698,SHORT,1848.5390000000002,1846.4365,0.8410000000000082,1548
2023-10-09 12:15:00,1848.475,SHORT,1849.4433571428572,1847.0224642857142,0.9683571428571602,1551
2023-10-09 13:05:00,1847.115,SHORT,1848.8557857142857,1844.5038214285714,1.740785714285721,1561
2023-10-09 13:55:00,1845.164,SHORT,1847.0377857142857,1842.3533214285715,1.8737857142856942,1571
2023-10-09 16:45:00,1849.985,LONG,1849.145,1851.245,0.8399999999999669,1605
2023-10-10 00:35:00,1862.655,LONG,1861.441857142857,1864.4747142857143,1.213142857142868,1687
2023-10-10 02:15:00,1864.235,LONG,1863.4216428571428,1865.4550357142855,0.8133571428571064,1707
2023-10-10 03:00:00,1863.025,LONG,1862.3237857142858,1864.0768214285715,0.7012142857142862,1716
2023-10-10 05:45:00,1861.045,SHORT,1861.7348571428572,1860.0102142857143,0.6898571428571684,1749
2023-10-10 06:05:00,1859.575,SHORT,1860.4572142857144,1858.2516785714286,0.8822142857142937,1753
2023-10-10 08:05:00,1856.235,SHORT,1857.4615,1854.3952499999998,1.2265000000000035,1777
2023-10-10 08:40:00,1858.145,SHORT,1859.4627142857144,1856.1684285714286,1.3177142857142923,1784
2023-10-10 09:40:00,1858.055,SHORT,1859.0092857142859,1856.6235714285715,0.9542857142856909,1796
2023-10-10 10:25:00,1856.765,SHORT,1857.506,1855.6535000000001,0.7410000000000504,1805
2023-10-10 12:05:00,1856.905,SHORT,1857.8254285714286,1855.524357142857,0.9204285714285528,1825
2023-10-10 12:30:00,1853.895,SHORT,1855.129357142857,1852.0434642857142,1.234357142857123,1830
2023-10-10 12:55:00,1854.425,SHORT,1855.9772142857141,1852.0966785714286,1.5522142857142853,1835
2023-10-10 13:50:00,1855.105,SHORT,1856.7276428571429,1852.6710357142856,1.6226428571428966,1846
2023-10-10 14:40:00,1854.635,SHORT,1856.2775714285715,1852.1711428571427,1.6425714285714517,1856
2023-10-10 15:10:00,1858.095,LONG,1856.501,1860.486,1.5940000000000023,1862
2023-10-10 16:25:00,1859.985,LONG,1858.527857142857,1862.1707142857142,1.4571428571428473,1877
2023-10-10 17:25:00,1861.735,LONG,1860.6211428571428,1863.4057857142857,1.1138571428571464,1889
2023-10-10 18:00:00,1859.175,LONG,1857.9304285714286,1861.0418571428572,1.2445714285714433,1896
2023-10-11 01:30:00,1860.785,LONG,1860.0137857142859,1861.9418214285715,0.7712142857143037,1974
2023-10-11 03:15:00,1860.655,LONG,1860.077857142857,1861.5207142857141,0.5771428571428358,1995
2023-10-11 04:20:00,1860.225,SHORT,1860.5857142857142,1859.6839285714284,0.3607142857142825,2008
2023-10-11 05:15:00,1859.685,SHORT,1860.0850714285714,1859.084892857143,0.40007142857140415,2019
2023-10-11 05:35:00,1859.238,SHORT,1859.7523571428571,1858.4664642857144,0.5143571428571444,2023
2023-10-11 06:15:00,1860.048,SHORT,1860.7261428571428,1859.0307857142857,0.6781428571428998,2031
2023-10-11 06:45:00,1863.115,LONG,1862.2495,1864.41325,0.865500000000046,2037
2023-10-11 11:50:00,1871.655,LONG,1870.7661428571428,1872.9882857142857,0.8888571428571888,2098
2023-10-11 12:40:00,1871.665,LONG,1870.0876428571428,1874.0310357142857,1.577357142857165,2108
2023-10-11 14:20:00,1871.575,LONG,1869.5455,1874.61925,2.029500000000001,2128
2023-10-11 17:05:00,1873.505,LONG,1872.2620714285715,1875.369392857143,1.2429285714286087,2161
2023-10-11 18:40:00,1871.905,SHORT,1872.8092142857142,1870.5486785714286,0.9042142857143095,2180
2023-10-11 18:55:00,1872.375,SHORT,1873.2932857142857,1870.9975714285715,0.9182857142857301,2183
2023-10-11 19:10:00,1873.845,LONG,1872.984,1875.1365,0.8610000000000062,2186
2023-10-11 22:05:00,1874.584,LONG,1874.114,1875.289,0.46999999999997855,2209
2023-10-11 22:50:00,1874.775,LONG,1874.226642857143,1875.5975357142859,0.548357142857185,2218
2023-10-12 00:20:00,1875.255,LONG,1874.8307142857145,1875.8914285714286,0.4242857142856857,2236
2023-10-12 00:35:00,1876.045,LONG,1875.6028571428571,1876.7082142857143,0.44214285714286106,2239
2023-10-12 02:55:00,1876.735,LONG,1875.798,1878.1405,0.9369999999999956,2267
2023-10-12 06:10:00,1879.145,LONG,1878.570857142857,1880.0062142857143,0.5741428571428904,2306
2023-10-12 06:35:00,1881.425,LONG,1880.6272857142856,1882.6215714285715,0.797714285714343,2311
2023-10-12 07:20:00,1881.235,LONG,1880.1817142857142,1882.8149285714285,1.0532857142857373,2320
2023-10-12 08:00:00,1879.255,LONG,1878.3247142857144,1880.6504285714286,0.9302857142857225,2328
2023-10-12 08:55:00,1880.265,LONG,1879.4207857142858,1881.5313214285716,0.8442142857142828,2339
2023-10-12 12:15:00,1883.305,LONG,1882.3497142857143,1884.7379285714287,0.955285714285716,2379
2023-10-12 16:10:00,1872.365,SHORT,1873.5305,1870.61675,1.1655000000000004,2426
2023-10-12 17:40:00,1869.165,SHORT,1870.4480714285714,1867.2403928571428,1.2830714285714586,2444
2023-10-12 18:35:00,1869.998,SHORT,1870.9597142857144,1868.5554285714286,0.9617142857142978,2455
2023-10-12 19:30:00,1869.345,SHORT,1870.0700714285715,1868.2573928571428,0.7250714285714334,2466
2023-10-12 20:50:00,1868.738,SHORT,1869.0382857142858,1868.2875714285715,0.30028571428569456,2482
2023-10-12 22:10:00,1869.625,SHORT,1869.893857142857,1869.2217142857144,0.268857142857103,2486
2023-10-13 02:05:00,1872.475,LONG,1871.7019285714284,1873.634607142857,0.7730714285714352,2533
2023-10-13 06:20:00,1876.565,LONG,1875.7854285714286,1877.734357142857,0.7795714285714277,2584
2023-10-13 06:35:00,1876.245,LONG,1875.4582857142855,1877.4250714285713,0.7867142857143108,2587
2023-10-13 09:20:00,1883.854,LONG,1882.9643571428571,1885.1884642857142,0.8896428571428358,2620
2023-10-13 09:30:00,1886.745,LONG,1885.7142857142856,1888.2910714285713,1.030714285714274,2622
2023-10-13 11:15:00,1891.595,LONG,1890.2489285714287,1893.6141071428572,1.3460714285714306,2643
2023-10-13 13:45:00,1911.725,LONG,1908.4232857142856,1916.6775714285714,3.3017142857143296,2673
2023-10-13 14:00:00,1911.558,LONG,1908.5852142857143,1916.0171785714285,2.9727857142857568,2676
2023-10-13 18:55:00,1928.595,LONG,1927.5530714285715,1930.1578928571428,1.0419285714285544,2735
2023-10-15 22:50:00,1924.815,SHORT,1927.6581428571428,1920.5502857142858,2.843142857142863,2770
2023-10-16 02:40:00,1920.715,SHORT,1921.4412142857143,1919.6256785714286,0.726214285714296,2816
2023-10-16 03:50:00,1919.855,SHORT,1920.8164285714286,1918.4128571428573,0.9614285714285415,2830
2023-10-16 05:45:00,1918.108,SHORT,1918.6389285714286,1917.3116071428572,0.5309285714285709,2853
2023-10-16 08:05:00,1912.665,SHORT,1914.0594999999998,1910.57325,1.3944999999999774,2881
2023-10-16 11:35:00,1915.878,LONG,1914.7949999999998,1917.5024999999998,1.0829999999999862,2923
2023-10-16 12:05:00,1916.778,LONG,1915.4895714285715,1918.7106428571428,1.2884285714285721,2929
2023-10-16 13:10:00,1918.465,LONG,1916.3040714285712,1921.7063928571429,2.160928571428599,2942
2023-10-16 14:35:00,1917.475,LONG,1915.2757142857142,1920.7739285714285,2.1992857142856956,2959
2023-10-16 16:15:00,1921.605,LONG,1920.571642857143,1923.1550357142858,1.03335714285715,2979
2023-10-16 16:40:00,1920.965,LONG,1920.0107142857141,1922.3964285714285,0.9542857142857072,2984
2023-10-16 19:25:00,1919.545,SHORT,1920.2023571428572,1918.5589642857144,0.6573571428571411,3017
2023-10-16 19:50:00,1919.285,SHORT,1919.9459285714286,1918.2936071428571,0.6609285714285826,3022
2023-10-16 22:20:00,1919.005,SHORT,1919.4340714285715,1918.3613928571428,0.42907142857146546,3040
2023-10-16 23:20:00,1920.175,LONG,1919.5274285714286,1921.1463571428571,0.6475714285714146,3052
2023-10-17 03:45:00,1915.795,SHORT,1916.5712857142858,1914.6305714285716,0.7762857142856936,3105
2023-10-17 04:50:00,1915.125,SHORT,1915.7774285714286,1914.1463571428571,0.6524285714285563,3118
2023-10-17 05:40:00,1915.065,SHORT,1915.7042857142858,1914.1060714285716,0.639285714285685,3128
2023-10-17 06:25:00,1917.395,LONG,1916.4987857142858,1918.7393214285714,0.8962142857142388,3137
2023-10-17 08:40:00,1919.565,LONG,1918.4938571428572,1921.1717142857142,1.0711428571428314,3164
2023-10-17 11:30:00,1924.385,LONG,1923.4147857142857,1925.8403214285713,0.9702142857142917,3198
2023-10-17 15:50:00,1926.208,LONG,1924.6194285714287,1928.5908571428572,1.588571428571413,3250
2023-10-17 16:25:00,1924.715,LONG,1923.5130714285713,1926.5178928571427,1.2019285714285712,3257
2023-10-17 17:20:00,1923.585,SHORT,1924.6914285714286,1921.9253571428571,1.1064285714285558,3268
2023-10-17 20:00:00,1922.395,SHORT,1923.1212142857144,1921.3056785714286,0.726214285714296,3300
2023-10-18 03:15:00,1935.765,LONG,1934.5039285714286,1937.6566071428572,1.2610714285714428,3375
2023-10-18 04:25:00,1937.465,LONG,1936.7568571428571,1938.527214285714,0.70814285714284,3389
2023-10-18 06:05:00,1937.735,LONG,1936.7295714285713,1939.2431428571426,1.0054285714285567,3409
2023-10-18 07:40:00,1937.885,LONG,1936.6223571428573,1939.7789642857142,1.2626428571428343,3428
2023-10-18 08:20:00,1938.465,LONG,1937.1825714285715,1940.3886428571427,1.2824285714285517,3436
2023-10-18 12:05:00,1948.755,LONG,1947.4952142857144,1950.6446785714288,1.2597857142857427,3481
2023-10-18 18:15:00,1950.215,LONG,1948.8735714285713,1952.2271428571428,1.341428571428602,3555
2023-10-18 19:10:00,1950.245,LONG,1949.078357142857,1951.994964285714,1.1666428571428793,3566
2023-10-18 22:55:00,1949.555,SHORT,1950.3585714285714,1948.349642857143,0.8035714285714286,3599
2023-10-18 23:40:00,1950.935,LONG,1950.4014285714286,1951.735357142857,0.5335714285714468,3608
2023-10-19 01:15:00,1951.355,LONG,1950.1907142857144,1953.1014285714286,1.1642857142856786,3627
2023-10-19 02:35:00,1947.725,SHORT,1948.7737857142856,1946.1518214285713,1.04878571428573,3643
2023-10-19 03:20:00,1947.335,SHORT,1948.3430714285714,1945.822892857143,1.0080714285714163,3652
2023-10-19 05:40:00,1946.778,SHORT,1947.7735,1945.28475,0.9954999999999927,3680
2023-10-19 06:25:00,1945.744,SHORT,1947.0555714285713,1943.7766428571429,1.311571428571418,3689
2023-10-19 08:45:00,1948.825,LONG,1947.106,1951.4035000000001,1.7190000000000023,3717
2023-10-19 12:15:00,1952.995,LONG,1951.8757142857141,1954.6739285714284,1.1192857142857033,3759
2023-10-19 12:30:00,1953.955,LONG,1952.4642857142856,1956.1910714285714,1.490714285714294,3762
2023-10-19 13:35:00,1954.005,LONG,1951.6133571428572,1957.5924642857144,2.391642857142886,3775
2023-10-19 14:05:00,1953.145,LONG,1950.8377142857144,1956.6059285714284,2.3072857142856913,3781
2023-10-19 15:20:00,1955.775,LONG,1954.1620714285714,1958.194392857143,1.612928571428597,3796
2023-10-19 16:15:00,1959.525,LONG,1957.0970714285716,1963.166892857143,2.4279285714285703,3807
2023-10-19 16:35:00,1954.795,LONG,1951.9702142857143,1959.0321785714286,2.8247857142857,3811
2023-10-19 20:30:00,1973.065,LONG,1972.0264285714286,1974.6228571428571,1.0385714285714098,3858
2023-10-19 22:40:00,1974.285,LONG,1973.4022142857143,1975.6091785714286,0.8827857142857413,3872
2023-10-19 23:30:00,1978.615,LONG,1976.2692857142856,1982.1335714285715,2.3457142857143123,3882
2023-10-19 23:45:00,1977.745,LONG,1975.3927857142855,1981.2733214285713,2.352214285714321,3885
2023-10-20 00:10:00,1976.635,LONG,1974.5170714285714,1979.8118928571428,2.11792857142856,3890
2023-10-20 01:30:00,1974.935,LONG,1973.3624285714284,1977.2938571428572,1.5725714285714827,3906
2023-10-20 04:05:00,1978.045,LONG,1977.2454285714286,1979.244357142857,0.7995714285714257,3937
2023-10-20 04:55:00,1977.115,LONG,1976.5895,1977.90325,0.5255000000000304,3947
2023-10-20 06:00:00,1978.085,LONG,1977.0083571428572,1979.6999642857143,1.0766428571428475,3960
2023-10-20 10:20:00,1984.045,LONG,1982.9205000000002,1985.7317500000001,1.1244999999999794,4012
2023-10-20 10:50:00,1983.005,LONG,1982.0922857142857,1984.3740714285716,0.9127142857143197,4018
2023-10-20 11:30:00,1982.815,LONG,1981.9399285714287,1984.1276071428572,0.8750714285714268,4026
2023-10-20 13:00:00,1977.748,SHORT,1979.7921428571428,1974.6817857142858,2.0441428571428526,4044
2023-10-20 16:15:00,1989.655,LONG,1987.4262142857142,1992.9981785714285,2.2287857142857126,4083
2023-10-20 18:55:00,1980.098,SHORT,1981.8804285714284,1977.4243571428572,1.7824285714285517,4115
2023-10-20 19:30:00,1980.628,SHORT,1981.8435,1978.80475,1.2155000000000038,4122
2023-10-20 19:40:00,1980.635,SHORT,1981.7274285714286,1978.996357142857,1.0924285714285784,4124
2023-10-20 19:55:00,1979.595,SHORT,1980.6788571428572,1977.9692142857143,1.0838571428571413,4127
2023-10-22 22:45:00,1976.745,SHORT,1979.3473571428572,1972.8414642857142,2.6023571428571586,4149
2023-10-23 04:00:00,1974.578,LONG,1973.345857142857,1976.4262142857142,1.2321428571428896,4212
2023-10-23 04:55:00,1973.705,LONG,1972.6140714285714,1975.3413928571429,1.090928571428565,4223
2023-10-23 07:10:00,1975.475,LONG,1974.436357142857,1977.0329642857141,1.0386428571428692,4250
2023-10-23 07:35:00,1978.925,LONG,1977.767357142857,1980.6614642857144,1.157642857142881,4255
2023-10-23 11:50:00,1978.475,LONG,1977.2399999999998,1980.3274999999999,1.2350000000000136,4306
2023-10-23 12:15:00,1980.175,LONG,1978.4967142857142,1982.6924285714285,1.6782857142857373,4311
2023-10-23 13:20:00,1979.358,LONG,1977.2477857142858,1982.5233214285713,2.1102142857142616,4324
2023-10-23 14:35:00,1975.905,SHORT,1978.4134999999999,1972.14225,2.508499999999929,4339
2023-10-23 14:55:00,1976.085,SHORT,1978.0947142857142,1973.0704285714287,2.0097142857142507,4343
2023-10-23 15:10:00,1977.335,SHORT,1979.1009285714285,1974.6861071428573,1.7659285714285358,4346
2023-10-23 16:45:00,1976.645,SHORT,1978.1369285714286,1974.407107142857,1.4919285714285675,4365
2023-10-23 17:20:00,1975.185,SHORT,1976.8788571428572,1972.6442142857143,1.6938571428571874,4372
2023-10-23 17:50:00,1976.775,SHORT,1978.4079285714288,1974.325607142857,1.6329285714286275,4378
2023-10-23 22:20:00,1973.295,SHORT,1973.8473571428572,1972.4664642857144,0.5523571428571391,4420
2023-10-23 23:40:00,1972.198,SHORT,1972.6142142857143,1971.5736785714287,0.4162142857142856,4436
2023-10-24 00:25:00,1974.858,SHORT,1975.5822857142857,1973.7715714285714,0.7242857142857214,4445
2023-10-24 01:15:00,1978.308,LONG,1977.0370714285714,1980.214392857143,1.27092857142858,4455
2023-10-24 03:30:00,1977.855,LONG,1976.6864285714287,1979.6078571428573,1.1685714285714215,4482
2023-10-24 05:45:00,1974.865,SHORT,1975.6092857142858,1973.7485714285715,0.7442857142857194,4509
2023-10-24 06:35:00,1976.605,LONG,1975.4861428571428,1978.2832857142857,1.1188571428571419,4519
2023-10-24 07:45:00,1976.075,LONG,1974.6907142857144,1978.1514285714286,1.3842857142857221,4533
2023-10-24 13:15:00,1964.945,SHORT,1967.061357142857,1961.770464285714,2.116357142857185,4599
2023-10-24 14:30:00,1963.505,SHORT,1966.2365000000002,1959.40775,2.7315000000000316,4614
2023-10-24 18:45:00,1972.465,LONG,1971.5252142857141,1973.8746785714284,0.939785714285709,4665
2023-10-24 19:35:00,1971.845,LONG,1971.0564285714286,1973.027857142857,0.7885714285714585,4675
2023-10-24 23:15:00,1970.795,SHORT,1971.1012142857144,1970.3356785714286,0.30621428571427195,4707
2023-10-25 01:05:00,1974.705,LONG,1973.5675714285715,1976.4111428571427,1.1374285714285537,4729
2023-10-25 01:50:00,1975.885,LONG,1974.5980714285715,1977.8153928571428,1.286928571428559,4738
2023-10-25 05:00:00,1971.295,SHORT,1972.142142857143,1970.024285714286,0.8471428571428176,4776
2023-10-25 06:40:00,1973.815,LONG,1972.765642857143,1975.389035714286,1.0493571428571613,4796
2023-10-25 08:15:00,1970.625,SHORT,1971.9018571428571,1968.7097142857142,1.276857142857125,4815
2023-10-25 12:30:00,1974.745,LONG,1973.3327857142856,1976.8633214285715,1.4122142857143152,4866
2023-10-25 12:50:00,1976.405,LONG,1974.7523571428571,1978.8839642857142,1.652642857142853,4870
2023-10-25 14:15:00,1978.145,LONG,1975.0382142857143,1982.8051785714285,3.1067857142857065,4887
2023-10-25 15:40:00,1981.395,LONG,1977.665,1986.99,3.730000000000018,4904
2023-10-25 18:55:00,1981.465,LONG,1980.4264285714285,1983.022857142857,1.0385714285714422,4943
2023-10-25 19:55:00,1980.715,LONG,1979.9047857142857,1981.9303214285712,0.8102142857142748,4955
2023-10-26 01:10:00,1983.758,LONG,1982.8322857142857,1985.1465714285714,0.9257142857142883,5006
2023-10-26 01:45:00,1985.555,LONG,1984.3952857142858,1987.2945714285715,1.1597142857142768,5013
2023-10-26 03:25:00,1985.085,LONG,1984.3277857142857,1986.2208214285715,0.7572142857142613,5033
2023-10-26 06:50:00,1985.325,SHORT,1986.7095714285715,1983.248142857143,1.3845714285714297,5074
2023-10-26 07:35:00,1988.195,LONG,1986.7982857142856,1990.2900714285713,1.3967142857142594,5083
2023-10-26 09:20:00,1990.935,LONG,1989.781,1992.666,1.1539999999999964,5104
2023-10-26 09:55:00,1990.595,LONG,1989.4857142857143,1992.2589285714287,1.1092857142857286,5111
2023-10-26 18:40:00,1986.495,LONG,1985.4864285714284,1988.0078571428571,1.0085714285714371,5216
2023-10-26 22:15:00,1984.375,LONG,1983.8662857142858,1985.1380714285713,0.508714285714242,5247
2023-10-26 22:45:00,1985.295,LONG,1984.8410714285715,1985.975892857143,0.45392857142854026,5253
2023-10-27 00:55:00,1983.385,SHORT,1984.3017142857143,1982.0099285714286,0.9167142857142575,5279
2023-10-27 03:00:00,1987.805,LONG,1986.7247857142859,1989.4253214285716,1.0802142857142891,5304
2023-10-27 06:00:00,1988.985,LONG,1988.1190714285713,1990.2838928571427,0.8659285714285423,5340
2023-10-27 06:20:00,1988.405,LONG,1987.367857142857,1989.9607142857142,1.0371428571428558,5344
2023-10-27 06:45:00,1988.885,LONG,1987.592357142857,1990.8239642857143,1.2926428571428557,5349
2023-10-27 07:05:00,1987.458,LONG,1986.0763571428572,1989.5304642857143,1.3816428571428625,5353
2023-10-27 08:45:00,1986.118,SHORT,1986.9790714285714,1984.8263928571428,0.8610714285714168,5373
2023-10-27 09:25:00,1987.115,SHORT,1987.8172857142858,1986.0615714285714,0.7022857142857382,5381
2023-10-27 12:00:00,1981.555,SHORT,1982.7437142857143,1979.7719285714288,1.1887142857142246,5412
2023-10-27 13:05:00,1981.465,SHORT,1983.8232857142857,1977.9275714285714,2.358285714285736,5425
2023-10-27 13:40:00,1982.925,SHORT,1985.7452142857142,1978.6946785714285,2.8202142857143144,5432
2023-10-27 13:55:00,1982.835,SHORT,1985.9479285714287,1978.1656071428572,3.112928571428597,5435
2023-10-27 20:50:00,2005.595,LONG,2004.5719285714285,2007.1296071428571,1.0230714285714353,5518
2023-10-29 22:05:00,2003.745,LONG,2002.1959285714283,2006.068607142857,1.5490714285714375,5521
2023-10-29 23:10:00,2002.745,LONG,2000.5961428571427,2005.9682857142857,2.1488571428571634,5534
2023-10-29 23:40:00,2002.115,LONG,2000.9065,2003.92775,1.2085000000000556,5540
2023-10-30 00:25:00,2003.465,LONG,2002.4585714285713,2004.9746428571427,1.006428571428598,5549
2023-10-30 01:25:00,2003.385,LONG,2002.1097142857143,2005.2979285714287,1.2752857142857172,5561
2023-10-30 02:20:00,2003.745,LONG,2002.7585714285713,2005.2246428571427,0.9864285714285675,5572
2023-10-30 03:30:00,2002.085,SHORT,2002.7992857142858,2001.0135714285716,0.7142857142856981,5586
2023-10-30 05:05:00,2001.305,SHORT,2001.9,2000.4125000000001,0.5949999999999785,5605
2023-10-30 05:30:00,2001.635,SHORT,2002.3040714285714,2000.6313928571428,0.6690714285714096,5610
2023-10-30 05:50:00,2000.478,SHORT,2001.144,1999.479,0.6659999999999725,5614
2023-10-30 11:30:00,1994.075,SHORT,1995.0733571428573,1992.5774642857143,0.998357142857133,5682
2023-10-30 12:00:00,1994.015,SHORT,1995.0817857142858,1992.4148214285715,1.0667857142857105,5688
2023-10-30 12:50:00,1997.795,LONG,1996.0158571428572,2000.4637142857143,1.7791428571428989,5698
2023-10-30 14:00:00,2000.605,LONG,1998.5595,2003.67325,2.0454999999999637,5712
2023-10-30 15:35:00,1999.428,LONG,1997.313285714286,2002.6000714285715,2.1147142857142853,5731
2023-10-30 19:15:00,1997.535,SHORT,1998.2264285714286,1996.4978571428571,0.6914285714285759,5775
2023-10-30 20:55:00,1995.728,SHORT,1996.3522857142857,1994.7915714285714,0.6242857142857474,5795
2023-10-30 23:45:00,1995.425,SHORT,1996.0597857142857,1994.4728214285715,0.6347857142857265,5817
2023-10-30 23:50:00,1995.335,SHORT,1995.9933571428571,1994.3474642857143,0.6583571428571499,5818
2023-10-31 00:05:00,1994.435,SHORT,1995.1597857142856,1993.3478214285715,0.7247857142857096,5821
2023-10-31 00:25:00,1995.195,SHORT,1995.9814285714285,1994.015357142857,0.7864285714285708,5825
2023-10-31 01:15:00,1996.155,SHORT,1996.854,1995.1065,0.698999999999988,5835
2023-10-31 01:40:00,1994.975,SHORT,1995.871357142857,1993.6304642857142,0.8963571428571413,5840
2023-10-31 02:45:00,1994.915,SHORT,1995.649357142857,1993.8134642857142,0.7343571428571393,5853
2023-10-31 05:35:00,1993.365,SHORT,1994.2914285714287,1991.975357142857,0.9264285714285896,5887
2023-10-31 08:05:00,1995.455,LONG,1994.5725714285713,1996.7786428571428,0.8824285714285257,5917
2023-10-31 08:40:00,1996.978,LONG,1995.8184285714287,1998.717357142857,1.1595714285713743,5924
2023-10-31 10:45:00,1998.855,LONG,1997.9405000000002,2000.22675,0.9144999999999754,5949
2023-10-31 12:35:00,1998.385,LONG,1997.161,2000.221,1.224000000000014,5971
2023-10-31 19:05:00,1985.385,SHORT,1986.9271428571428,1983.0717857142856,1.5421428571428513,6049
2023-10-31 23:15:00,1984.265,SHORT,1984.9835714285716,1983.187142857143,0.718571428571441,6087
2023-11-01 02:25:00,1978.235,SHORT,1979.3314285714284,1976.590357142857,1.096428571428581,6125
2023-11-01 05:05:00,1976.655,SHORT,1977.5864285714285,1975.2578571428571,0.931428571428585,6157
2023-11-01 09:45:00,1981.195,LONG,1979.9774285714286,1983.0213571428571,1.2175714285714159,6213
2023-11-01 10:55:00,1983.175,LONG,1982.3645,1984.39075,0.8104999999999823,6227
2023-11-01 11:20:00,1983.715,LONG,1982.9530714285713,1984.8578928571428,0.7619285714285492,6232
2023-11-01 13:50:00,1985.885,LONG,1983.96,1988.7725,1.9250000000000358,6262
2023-11-01 15:05:00,1986.305,LONG,1983.8191428571429,1990.0337857142858,2.485857142857136,6277
2023-11-01 17:30:00,1977.495,SHORT,1978.950214285714,1975.3121785714284,1.4552142857142891,6306
2023-11-01 18:10:00,1978.405,SHORT,1979.9642142857142,1976.0661785714285,1.5592142857142985,6314
2023-11-01 18:25:00,1978.555,SHORT,1980.2163571428573,1976.0629642857143,1.6613571428571763,6317
2023-11-01 19:35:00,1980.945,SHORT,1984.2654285714284,1975.9643571428571,3.32042857142853,6331
2023-11-02 02:10:00,1985.885,LONG,1985.0500714285713,1987.137392857143,0.8349285714285932,6398
2023-11-02 03:55:00,1985.315,LONG,1984.682142857143,1986.2642857142857,0.6328571428571682,6419
2023-11-02 08:20:00,1986.205,LONG,1985.3039999999999,1987.5565,0.9010000000000186,6472
2023-11-02 10:50:00,1989.135,LONG,1988.1245,1990.65075,1.0105000000000115,6502
2023-11-02 11:25:00,1988.075,LONG,1987.0905,1989.55175,0.9844999999999767,6509
2023-11-02 14:55:00,1984.198,SHORT,1986.0743571428573,1981.3834642857144,1.8763571428571109,6551
2023-11-02 16:40:00,1980.985,SHORT,1982.6062142857143,1978.5531785714284,1.6212142857143104,6572
2023-11-02 17:10:00,1982.408,SHORT,1983.7077857142856,1980.4583214285713,1.2997857142857387,6578
2023-11-02 20:30:00,1985.138,LONG,1984.5087142857142,1986.0819285714285,0.6292857142857103,6618
2023-11-02 22:15:00,1986.055,LONG,1985.566,1986.7885,0.4890000000000165,6627
2023-11-03 01:05:00,1985.175,LONG,1984.6171428571429,1986.0117857142857,0.5578571428571389,6661
2023-11-03 02:15:00,1984.935,SHORT,1985.617,1983.912,0.6819999999999676,6675
2023-11-03 03:35:00,1986.245,LONG,1985.5849999999998,1987.235,0.6600000000000331,6691
2023-11-03 03:55:00,1985.745,LONG,1985.2533571428569,1986.4824642857143,0.4916428571429086,6695
2023-11-03 04:35:00,1985.795,LONG,1985.2857142857142,1986.5589285714286,0.5092857142857545,6703
2023-11-03 07:30:00,1987.895,LONG,1987.152857142857,1989.0082142857143,0.7421428571428805,6738
2023-11-03 08:25:00,1987.078,LONG,1985.827857142857,1988.9532142857142,1.2501428571428375,6749
2023-11-03 10:05:00,1989.548,LONG,1988.6992857142857,1990.8210714285715,0.8487142857142577,6769
2023-11-03 11:15:00,1987.985,LONG,1987.347857142857,1988.9407142857142,0.6371428571428298,6783
2023-11-03 11:50:00,1987.765,SHORT,1988.5278571428573,1986.6207142857143,0.7628571428571637,6790
2023-11-03 12:30:00,1999.745,LONG,1997.5784999999998,2002.9947499999998,2.1665000000000094,6798
2023-11-03 14:15:00,1993.035,LONG,1988.2127857142857,2000.2683214285714,4.8222142857143,6819
2023-11-06 05:55:00,1983.835,SHORT,1984.7335714285714,1982.487142857143,0.8985714285713746,6983
2023-11-06 06:20:00,1984.465,SHORT,1985.472857142857,1982.9532142857142,1.007857142857087,6988
2023-11-06 07:15:00,1982.755,SHORT,1983.5392857142858,1981.5785714285714,0.7842857142857318,6999
2023-11-06 07:40:00,1983.485,SHORT,1984.32,1982.2324999999998,0.8350000000000202,7004
2023-11-06 07:55:00,1983.355,SHORT,1984.2522142857142,1982.0091785714285,0.8972142857142964,7007
2023-11-06 09:45:00,1986.475,LONG,1985.6337857142855,1987.7368214285714,0.8412142857142888,7029
2023-11-06 11:25:00,1987.045,LONG,1986.1818571428573,1988.3397142857143,0.8631428571428452,7049
2023-11-06 13:10:00,1984.285,SHORT,1985.429285714286,1982.5685714285714,1.1442857142857779,7070
2023-11-06 14:20:00,1986.928,LONG,1985.2142142857144,1989.4986785714286,1.7137857142857098,7084
2023-11-06 15:00:00,1984.275,SHORT,1985.9687857142858,1981.7343214285715,1.693785714285728,7092
2023-11-06 16:40:00,1982.415,SHORT,1983.6252857142856,1980.5995714285714,1.2102857142857115,7112
2023-11-06 17:20:00,1983.305,SHORT,1984.246,1981.8935000000001,0.9409999999999984,7120
2023-11-06 17:40:00,1983.498,SHORT,1984.3163571428572,1982.2704642857143,0.8183571428571506,7124
2023-11-07 00:50:00,1975.965,SHORT,1976.7109285714284,1974.8461071428571,0.7459285714285703,7198
2023-11-07 01:10:00,1975.038,SHORT,1975.7475,1973.9737499999999,0.7095000000000157,7202
2023-11-07 02:05:00,1975.195,SHORT,1976.0392857142856,1973.9285714285713,0.844285714285726,7213
2023-11-07 08:05:00,1968.525,SHORT,1969.5141428571428,1967.0412857142858,0.9891428571428216,7285
2023-11-07 09:35:00,1966.795,SHORT,1968.001,1964.986,1.2059999999999849,7303
2023-11-07 11:10:00,1965.115,SHORT,1966.1128571428571,1963.6182142857142,0.9978571428571773,7322
2023-11-07 14:50:00,1960.535,SHORT,1962.366,1957.7885,1.8309999999999687,7366
2023-11-07 15:25:00,1963.305,SHORT,1965.1390714285715,1960.553892857143,1.8340714285714057,7373
2023-11-07 16:30:00,1965.675,LONG,1964.1606428571429,1967.9465357142856,1.5143571428571445,7386
2023-11-07 17:05:00,1963.745,LONG,1962.5107857142857,1965.5963214285714,1.2342142857142693,7393
2023-11-07 20:25:00,1968.225,LONG,1967.5632857142855,1969.2175714285713,0.6617142857143108,7433
2023-11-07 23:35:00,1968.835,LONG,1968.4371428571428,1969.4317857142858,0.3978571428571383,7459
2023-11-08 01:05:00,1968.975,LONG,1968.3457142857142,1969.9189285714285,0.6292857142857754,7477
2023-11-08 02:40:00,1969.155,LONG,1968.3142142857143,1970.4161785714284,0.840785714285695,7496
2023-11-08 03:50:00,1967.895,SHORT,1968.5235714285714,1966.952142857143,0.6285714285713766,7510
2023-11-08 07:15:00,1965.905,SHORT,1966.8736428571428,1964.4520357142856,0.968642857142884,7551
2023-11-08 08:10:00,1968.355,LONG,1967.3771428571429,1969.8217857142859,0.9778571428571468,7562
2023-11-08 08:25:00,1968.025,LONG,1967.0214285714287,1969.5303571428572,1.0035714285714252,7565
2023-11-08 12:15:00,1962.115,SHORT,1962.8562857142856,1961.0030714285715,0.7412857142856605,7611
2023-11-08 13:25:00,1962.905,SHORT,1964.1892857142857,1960.9785714285713,1.2842857142857642,7625
2023-11-08 13:50:00,1963.715,SHORT,1965.1357142857141,1961.5839285714285,1.4207142857143253,7630
2023-11-08 14:05:00,1963.855,SHORT,1965.4359285714286,1961.4836071428572,1.580928571428623,7633
2023-11-08 14:15:00,1963.765,SHORT,1965.2880714285716,1961.480392857143,1.5230714285714515,7635
2023-11-08 14:35:00,1962.515,SHORT,1964.0066428571429,1960.2775357142857,1.4916428571428761,7639
2023-11-08 16:40:00,1955.515,SHORT,1957.9605714285715,1951.846642857143,2.4455714285714327,7664
2023-11-08 21:00:00,1949.535,SHORT,1950.2276428571429,1948.4960357142857,0.6926428571428817,7716
2023-11-09 00:15:00,1949.315,SHORT,1949.9535714285714,1948.357142857143,0.6385714285714325,7743
2023-11-09 02:15:00,1951.185,LONG,1950.2264285714284,1952.6228571428571,0.9585714285714337,7767
2023-11-09 06:55:00,1949.205,SHORT,1949.8669285714284,1948.2121071428571,0.661928571428559,7823
2023-11-09 08:05:00,1948.505,SHORT,1949.2064285714287,1947.4528571428573,0.7014285714285668,7837
2023-11-09 09:00:00,1948.285,SHORT,1949.592642857143,1946.3235357142858,1.3076428571428582,7848
2023-11-09 09:55:00,1946.745,SHORT,1947.8872142857142,1945.0316785714285,1.142214285714252,7859
2023-11-09 11:45:00,1947.558,SHORT,1948.3749285714287,1946.3326071428571,0.8169285714285967,7881
2023-11-09 17:00:00,1961.285,LONG,1959.9968571428572,1963.2172142857144,1.2881428571428484,7944
2023-11-09 18:05:00,1960.265,LONG,1958.652142857143,1962.6842857142858,1.6128571428571539,7957
2023-11-09 20:25:00,1958.465,SHORT,1959.6140714285714,1956.7413928571427,1.149071428571444,7985
2023-11-09 23:50:00,1958.745,SHORT,1959.3380714285713,1957.8553928571428,0.5930714285713715,8014
2023-11-10 00:25:00,1959.945,LONG,1959.3295,1960.86825,0.6154999999999647,8021
2023-11-10 01:15:00,1960.685,LONG,1959.944,1961.7965,0.7409999999999529,8031
2023-11-10 04:15:00,1958.525,LONG,1957.959285714286,1959.3735714285715,0.5657142857142746,8067
2023-11-10 04:20:00,1957.775,SHORT,1958.3478571428573,1956.9157142857143,0.5728571428571253,8068
2023-11-10 06:00:00,1956.215,SHORT,1956.7566428571427,1955.4025357142857,0.5416428571428469,8088
2023-11-10 06:35:00,1957.145,SHORT,1957.8585714285714,1956.0746428571429,0.713571428571413,8095
2023-11-10 07:10:00,1955.225,SHORT,1956.0104999999999,1954.04675,0.7855000000000051,8102
2023-11-10 07:45:00,1955.815,SHORT,1956.8347857142858,1954.2853214285715,1.0197857142857498,8109
2023-11-10 08:45:00,1955.085,SHORT,1956.0817142857143,1953.5899285714286,0.9967142857143146,8121
2023-11-10 09:50:00,1953.925,SHORT,1954.6542857142856,1952.8310714285712,0.7292857142857331,8134
2023-11-10 13:00:00,1946.785,SHORT,1948.1091428571428,1944.7987857142857,1.3241428571428417,8172
2023-11-10 14:10:00,1946.525,SHORT,1948.2838571428572,1943.8867142857143,1.7588571428571609,8186
2023-11-10 19:00:00,1935.595,SHORT,1936.8969285714286,1933.6421071428572,1.3019285714285778,8244
2023-11-10 19:35:00,1935.615,SHORT,1936.7790714285713,1933.868892857143,1.1640714285713816,8251
2023-11-13 00:40:00,1939.905,LONG,1939.1649285714286,1941.0151071428572,0.7400714285714523,8300
2023-11-13 01:15:00,1938.775,LONG,1937.9582142857143,1940.0001785714287,0.8167857142857429,8307
2023-11-13 01:55:00,1940.225,LONG,1939.247357142857,1941.6914642857141,0.9776428571428823,8315
2023-11-13 07:15:00,1938.915,LONG,1938.1111428571428,1940.1207857142856,0.803857142857136,8379
2023-11-13 07:35:00,1940.715,LONG,1939.8166428571428,1942.0625357142856,0.8983571428571427,8383
2023-11-13 09:25:00,1937.258,SHORT,1938.1292142857144,1935.9511785714287,0.8712142857142778,8405
2023-11-13 09:40:00,1938.618,SHORT,1939.5841428571428,1937.1687857142856,0.9661428571428458,8408
2023-11-13 12:35:00,1938.015,SHORT,1938.7189285714287,1936.9591071428572,0.703928571428589,8443
2023-11-13 13:50:00,1935.935,SHORT,1937.4351428571429,1933.6847857142857,1.50014285714287,8458
2023-11-13 15:30:00,1934.978,SHORT,1936.7055714285714,1932.386642857143,1.7275714285714068,8478
2023-11-13 18:10:00,1946.565,LONG,1945.4206428571429,1948.2815357142858,1.1443571428571886,8510
2023-11-13 18:55:00,1947.775,LONG,1946.7982857142858,1949.2400714285716,0.9767142857143492,8519
2023-11-13 20:20:00,1945.598,LONG,1945.0420714285713,1946.4318928571429,0.5559285714286294,8536
2023-11-13 20:30:00,1945.645,LONG,1945.0819285714285,1946.4896071428573,0.5630714285714801,8538
2023-11-13 20:55:00,1946.568,LONG,1945.9759285714285,1947.456107142857,0.5920714285714439,8543
2023-11-13 21:15:00,1946.365,LONG,1945.8105714285714,1947.196642857143,0.5544285714285999,8547
2023-11-13 23:40:00,1946.005,LONG,1945.6595000000002,1946.5232500000002,0.345499999999983,8564
2023-11-14 00:05:00,1946.715,LONG,1946.3059285714285,1947.328607142857,0.40907142857138623,8569
2023-11-14 00:50:00,1946.305,LONG,1945.8568571428573,1946.9772142857144,0.44814285714283286,8578
2023-11-14 01:05:00,1947.798,LONG,1947.2217857142857,1948.6623214285714,0.5762142857143024,8581
2023-11-14 01:35:00,1946.695,LONG,1945.9605,1947.79675,0.7345000000000255,8587
2023-11-14 03:40:00,1945.325,SHORT,1945.9807142857144,1944.3414285714287,0.6557142857143065,8612
2023-11-14 04:35:00,1944.915,SHORT,1945.5175714285715,1944.0111428571429,0.6025714285714555,8623
2023-11-14 05:45:00,1944.265,SHORT,1944.7714285714287,1943.5053571428573,0.5064285714285818,8637
2023-11-14 06:00:00,1944.295,SHORT,1944.8642857142859,1943.4410714285714,0.5692857142857325,8640
2023-11-14 06:30:00,1944.785,SHORT,1945.4030714285716,1943.8578928571428,0.6180714285714463,8646
2023-11-14 09:15:00,1947.384,LONG,1946.5177857142858,1948.6833214285714,0.8662142857142824,8679
2023-11-14 10:55:00,1946.755,LONG,1946.038,1947.8305,0.7170000000000171,8699
2023-11-14 11:30:00,1946.215,LONG,1945.4454999999998,1947.36925,0.7695000000000262,8706
2023-11-14 12:35:00,1945.655,SHORT,1946.3908571428572,1944.5512142857142,0.7358571428571687,8719
2023-11-14 16:00:00,1964.775,LONG,1962.7788571428573,1967.7692142857145,1.9961428571428996,8760
2023-11-14 17:25:00,1963.215,LONG,1961.7847142857142,1965.3604285714284,1.4302857142857224,8777
2023-11-14 18:00:00,1963.335,LONG,1962.1242857142856,1965.1510714285714,1.210714285714289,8784
2023-11-14 18:30:00,1962.635,LONG,1961.5876428571428,1964.2060357142857,1.0473571428571273,8790
2023-11-14 21:55:00,1963.178,LONG,1962.8025714285716,1963.7411428571431,0.37542857142861,8831
2023-11-14 23:40:00,1962.465,SHORT,1962.8485,1961.8897499999998,0.3835000000000264,8840
2023-11-15 01:45:00,1962.638,SHORT,1963.5124999999998,1961.3262499999998,0.8744999999999956,8865
2023-11-15 02:05:00,1963.058,LONG,1962.1227857142858,1964.4608214285715,0.9352142857143073,8869
2023-11-15 02:50:00,1964.128,LONG,1963.3249285714285,1965.3326071428571,0.8030714285714404,8878
2023-11-15 06:10:00,1967.515,LONG,1966.746142857143,1968.6682857142857,0.7688571428571193,8918
2023-11-15 09:35:00,1971.965,LONG,1970.9764285714284,1973.4478571428572,0.9885714285714552,8959
2023-11-15 10:10:00,1972.235,LONG,1971.340714285714,1973.5764285714286,0.8942857142857454,8966
2023-11-15 11:15:00,1972.985,LONG,1972.1397142857143,1974.2529285714286,0.8452857142857348,8979
2023-11-15 12:30:00,1971.525,LONG,1970.6223571428573,1972.8789642857143,0.9026428571428531,8994
2023-11-15 13:10:00,1971.835,LONG,1970.7371428571428,1973.4817857142857,1.0978571428571513,9002
2023-11-15 13:25:00,1971.324,LONG,1970.1371428571429,1973.1042857142859,1.1868571428571582,9005
2023-11-15 13:30:00,1967.795,SHORT,1969.447142857143,1965.3167857142857,1.652142857142865,9006
2023-11-15 15:50:00,1962.835,SHORT,1964.8395,1959.82825,2.004499999999991,9034
2023-11-15 17:05:00,1961.295,SHORT,1962.6764285714287,1959.2228571428573,1.3814285714285819,9049
2023-11-15 17:40:00,1962.018,SHORT,1963.2180714285714,1960.217892857143,1.2000714285714236,9056
2023-11-15 19:50:00,1961.585,SHORT,1962.1881428571428,1960.6802857142857,0.6031428571428705,9082
2023-11-15 23:50:00,1960.015,SHORT,1960.5364285714288,1959.232857142857,0.5214285714286494,9118
2023-11-16 02:25:00,1958.005,SHORT,1958.8878571428572,1956.6807142857144,0.8828571428571195,9149
2023-11-16 05:55:00,1962.815,LONG,1962.1925714285715,1963.7486428571428,0.6224285714285835,9191
2023-11-16 08:20:00,1965.865,LONG,1965.0534285714286,1967.082357142857,0.8115714285714343,9220
2023-11-16 10:05:00,1966.505,LONG,1965.8008571428572,1967.5612142857144,0.7041428571428696,9241
2023-11-16 13:15:00,1964.355,SHORT,1965.277857142857,1962.9707142857144,0.9228571428571318,9279
2023-11-16 13:30:00,1971.775,LONG,1970.3336428571429,1973.9370357142857,1.4413571428571328,9282
2023-11-16 13:45:00,1972.135,LONG,1970.4243571428572,1974.7009642857142,1.7106428571428458,9285
2023-11-16 16:35:00,1985.255,LONG,1983.3985714285716,1988.039642857143,1.8564285714286208,9319
2023-11-16 16:55:00,1981.935,LONG,1979.9347857142857,1984.9353214285713,2.0002142857143133,9323
2023-11-16 20:00:00,1983.635,LONG,1983.0466428571428,1984.5175357142857,0.5883571428571811,9360
2023-11-17 01:40:00,1983.385,LONG,1982.3782857142858,1984.8950714285716,1.0067142857143219,9416
2023-11-17 04:45:00,1985.825,LONG,1985.134,1986.8615,0.6910000000000147,9453
2023-11-17 07:15:00,1982.895,SHORT,1983.6140714285714,1981.816392857143,0.7190714285713966,9483
2023-11-17 08:15:00,1985.645,LONG,1984.4975714285715,1987.366142857143,1.147428571428577,9495
2023-11-17 11:15:00,1989.265,LONG,1988.285642857143,1990.7340357142857,0.9793571428571113,9531
2023-11-17 11:45:00,1989.585,LONG,1988.4135,1991.34225,1.171499999999956,9537
2023-11-17 12:00:00,1989.015,LONG,1987.7307142857144,1990.9414285714286,1.2842857142856832,9540
2023-11-17 12:20:00,1988.695,LONG,1987.4499999999998,1990.5625,1.2450000000000045,9544
2023-11-17 13:00:00,1989.025,LONG,1987.9207142857144,1990.6814285714286,1.1042857142857005,9552
2023-11-17 13:30:00,1990.015,LONG,1988.71,1991.9725,1.3050000000000312,9558
2023-11-17 15:40:00,1983.075,SHORT,1984.9167142857143,1980.3124285714287,1.841714285714277,9584
2023-11-17 16:10:00,1983.978,SHORT,1985.371142857143,1981.8882857142858,1.3931428571428504,9590
2023-11-17 18:05:00,1981.665,SHORT,1982.699357142857,1980.1134642857144,1.0343571428571263,9613
2023-11-17 20:40:00,1980.605,SHORT,1981.2885714285715,1979.5796428571427,0.6835714285714728,9644
2023-11-20 04:10:00,1982.105,LONG,1981.1047857142858,1983.6053214285714,1.0002142857142968,9722
2023-11-20 04:30:00,1981.975,LONG,1981.0226428571427,1983.4035357142857,0.9523571428571651,9726
2023-11-20 05:10:00,1981.815,LONG,1981.0442857142857,1982.9710714285713,0.7707142857142506,9734
2023-11-20 07:25:00,1979.384,SHORT,1980.4904285714285,1977.7243571428571,1.1064285714285884,9761
2023-11-20 08:15:00,1977.528,SHORT,1978.7494285714286,1975.6958571428572,1.2214285714285325,9771
2023-11-20 10:00:00,1978.245,SHORT,1979.4139285714284,1976.491607142857,1.1689285714285884,9792
2023-11-20 13:05:00,1972.245,SHORT,1973.3982857142855,1970.5150714285714,1.1532857142856787,9829
2023-11-20 15:50:00,1971.855,SHORT,1973.5945714285715,1969.245642857143,1.739571428571464,9862
2023-11-20 17:40:00,1973.715,LONG,1972.5792142857142,1975.4186785714285,1.1357857142857029,9884
2023-11-20 17:55:00,1973.745,LONG,1972.606357142857,1975.4529642857142,1.1386428571428593,9887
2023-11-20 19:15:00,1976.225,LONG,1975.3455,1977.54425,0.879500000000056,9903
2023-11-20 20:35:00,1977.755,LONG,1977.0207142857143,1978.8564285714288,0.7342857142857449,9919
2023-11-21 05:55:00,1991.675,LONG,1990.8602142857144,1992.8971785714284,0.8147857142856765,10019
2023-11-21 06:35:00,1991.095,LONG,1990.0563571428572,1992.6529642857142,1.0386428571428692,10027
2023-11-21 08:25:00,1992.615,LONG,1991.4737857142857,1994.3268214285713,1.1412142857142595,10049
2023-11-21 08:50:00,1988.005,LONG,1986.6464285714287,1990.0428571428572,1.3585714285714272,10054
2023-11-21 10:40:00,1989.125,SHORT,1990.1457142857143,1987.5939285714285,1.020714285714283,10076
2023-11-21 11:10:00,1986.995,SHORT,1988.0882857142856,1985.3550714285714,1.093285714285717,10082
2023-11-21 16:40:00,2001.125,LONG,1999.5069285714285,2003.5521071428573,1.6180714285714461,10148
2023-11-21 17:25:00,1999.975,LONG,1998.642357142857,2001.9739642857141,1.332642857142852,10157
2023-11-21 19:05:00,1996.795,SHORT,1998.126642857143,1994.7975357142857,1.3316428571428756,10177
2023-11-21 20:00:00,2000.095,LONG,1998.9269285714286,2001.847107142857,1.1680714285714495,10188
2023-11-21 20:10:00,1998.905,SHORT,1999.9752142857142,1997.2996785714286,1.0702142857143144,10190
2023-11-22 00:45:00,1997.405,SHORT,1997.9861428571428,1996.5332857142857,0.5811428571428711,10233
2023-11-22 01:30:00,1996.585,SHORT,1997.4469285714285,1995.2921071428573,0.8619285714285232,10242
2023-11-22 02:50:00,1996.654,SHORT,1997.4145714285714,1995.5131428571428,0.7605714285714384,10258
2023-11-22 03:10:00,1997.018,SHORT,1997.8825,1995.72125,0.8644999999999884,10262
2023-11-22 05:55:00,1998.745,LONG,1997.8756428571428,2000.0490357142855,0.8693571428571464,10295
2023-11-22 09:25:00,2000.365,LONG,1999.0309285714286,2002.3661071428571,1.3340714285714381,10337
2023-11-22 11:35:00,2001.965,LONG,2000.9826428571428,2003.4385357142855,0.9823571428571215,10363
2023-11-22 12:35:00,2002.155,LONG,2001.2885714285715,2003.4546428571427,0.866428571428563,10375
2023-11-22 13:15:00,2001.975,LONG,2001.0140714285712,2003.4163928571427,0.9609285714285534,10383
2023-11-22 13:45:00,1997.615,SHORT,1999.1813571428572,1995.2654642857142,1.5663571428571654,10389
2023-11-22 15:15:00,1992.855,SHORT,1994.9264285714287,1989.7478571428571,2.071428571428604,10407
2023-11-22 17:25:00,1990.635,SHORT,1991.9496428571429,1988.6630357142858,1.3146428571428552,10433
2023-11-22 18:40:00,1988.905,SHORT,1989.965,1987.315,1.0599999999999778,10448
2023-11-22 20:05:00,1991.045,SHORT,1991.8357142857144,1989.8589285714286,0.7907142857142812,10465
2023-11-22 20:45:00,1989.925,SHORT,1990.4792857142857,1989.0935714285713,0.5542857142857136,10473
2023-11-23 00:10:00,1991.545,LONG,1990.839642857143,1992.6030357142859,0.7053571428571753,10502
2023-11-23 01:10:00,1992.485,LONG,1991.799857142857,1993.512714285714,0.6851428571428642,10514
2023-11-23 01:40:00,1992.708,LONG,1992.0014285714287,1993.7678571428573,0.7065714285714648,10520
2023-11-23 03:30:00,1994.115,LONG,1993.5071428571428,1995.0267857142858,0.6078571428571422,10542
2023-11-23 05:10:00,1994.705,LONG,1993.9871428571428,1995.7817857142857,0.7178571428571558,10562
2023-11-23 06:35:00,1995.965,LONG,1995.3194285714285,1996.9333571428572,0.6455714285714456,10579
2023-11-23 07:20:00,1995.795,LONG,1995.0075714285715,1996.976142857143,0.7874285714285796,10588
2023-11-23 08:50:00,1994.335,SHORT,1995.391,1992.751,1.05600000000004,10606
2023-11-23 11:10:00,1992.875,SHORT,1993.6122142857143,1991.7691785714287,0.737214285714247,10634
2023-11-23 12:05:00,1993.465,SHORT,1994.0690714285713,1992.5588928571428,0.6040714285714363,10645
2023-11-23 14:20:00,1992.125,SHORT,1992.8930714285714,1990.972892857143,0.7680714285713748,10672
2023-11-23 14:30:00,1992.565,SHORT,1993.3159285714287,1991.4386071428573,0.7509285714285495,10674
2023-11-23 14:50:00,1993.295,SHORT,1994.1416428571429,1992.0250357142859,0.8466428571428618,10678
2023-11-23 15:30:00,1992.475,SHORT,1993.3057857142858,1991.2288214285713,0.8307857142857854,10686
2023-11-23 17:25:00,1991.465,SHORT,1992.093357142857,1990.5224642857142,0.6283571428571447,10709
2023-11-24 00:30:00,1993.445,LONG,1992.8615714285713,1994.3201428571429,0.5834285714285637,10740
2023-11-24 03:40:00,1992.635,SHORT,1993.3750714285713,1991.5248928571427,0.7400714285714359,10778
2023-11-24 04:10:00,1992.175,SHORT,1992.9130714285714,1991.0678928571429,0.7380714285714021,10784
2023-11-24 04:35:00,1992.305,SHORT,1993.1897142857144,1990.9779285714287,0.8847142857142997,10789
2023-11-24 06:45:00,1993.245,LONG,1992.5527857142856,1994.2833214285713,0.6922142857142717,10815
2023-11-24 09:00:00,1993.485,LONG,1992.6497142857143,1994.7379285714285,0.8352857142857602,10842
2023-11-24 11:15:00,1995.675,LONG,1994.9127142857142,1996.8184285714285,0.7622857142856999,10869
2023-11-24 11:35:00,1995.315,LONG,1994.6090000000002,1996.374,0.7060000000000011,10873
2023-11-24 12:25:00,1996.208,LONG,1995.4187857142858,1997.3918214285716,0.7892142857143328,10883
2023-11-24 13:05:00,1995.395,LONG,1994.5707142857143,1996.6314285714286,0.8242857142857442,10891
2023-11-24 13:30:00,1997.975,LONG,1996.887857142857,1999.6057142857142,1.0871428571428754,10896
2023-11-24 15:40:00,1999.265,LONG,1997.5275000000001,2001.8712500000001,1.7375000000000358,10922
2023-11-24 15:50:00,1998.775,LONG,1997.0862857142859,2001.3080714285716,1.688714285714322,10924
2023-11-24 16:00:00,1998.515,LONG,1996.9205714285715,2000.906642857143,1.594428571428596,10926
2023-11-27 02:40:00,2010.075,LONG,2008.5230714285715,2012.402892857143,1.5519285714285453,10991
2023-11-27 03:25:00,2008.495,LONG,2007.3492142857142,2010.2136785714285,1.14578571428571,11000
2023-11-27 03:40:00,2010.765,LONG,2009.5882857142858,2012.5300714285715,1.1767142857143134,11003
2023-11-27 04:15:00,2010.005,LONG,2008.7880714285716,2011.8303928571431,1.2169285714286064,11010
2023-11-27 05:50:00,2012.135,LONG,2011.191,2013.551,0.9440000000000087,11029
2023-11-27 07:15:00,2010.825,LONG,2009.8754285714288,2012.2493571428572,0.9495714285713868,11046
2023-11-27 07:40:00,2010.675,LONG,2009.8342142857143,2011.9361785714284,0.8407857142856788,11051
2023-11-27 08:20:00,2012.285,LONG,2011.2419285714286,2013.8496071428572,1.0430714285714333,11059
2023-11-27 10:15:00,2013.005,LONG,2012.0397142857144,2014.4529285714286,0.9652857142857231,11082
2023-11-27 10:35:00,2013.845,LONG,2012.7425714285714,2015.4986428571428,1.1024285714285855,11086
2023-11-27 12:50:00,2013.845,LONG,2012.9478571428572,2015.1907142857144,0.8971428571428695,11113
2023-11-27 13:25:00,2014.515,LONG,2013.4852857142857,2016.0595714285714,1.0297142857142814,11120
2023-11-27 14:35:00,2011.495,SHORT,2013.3221428571428,2008.7542857142855,1.8271428571428845,11134
2023-11-27 15:30:00,2012.115,SHORT,2014.0395,2009.22825,1.9245000000000314,11145
2023-11-27 17:30:00,2009.755,SHORT,2011.002642857143,2007.8835357142857,1.2476428571428804,11169
2023-11-27 18:15:00,2010.605,SHORT,2011.4095714285713,2009.3981428571428,0.804571428571405,11178
2023-11-27 20:30:00,2012.608,LONG,2012.0296428571428,2013.4755357142856,0.5783571428571251,11205
2023-11-27 21:50:00,2013.978,LONG,2013.4599285714287,2014.7551071428572,0.5180714285714559,11221
2023-11-27 23:05:00,2013.615,LONG,2013.1002857142857,2014.3870714285715,0.5147142857142951,11224
2023-11-27 23:40:00,2014.345,LONG,2013.7572857142857,2015.2265714285713,0.5877142857142579,11231
2023-11-28 01:30:00,2014.655,LONG,2013.5473571428572,2016.3164642857141,1.1076428571428292,11253
2023-11-28 03:00:00,2015.535,LONG,2014.4779285714287,2017.1206071428571,1.0570714285714107,11271
2023-11-28 04:35:00,2015.384,SHORT,2015.9664285714287,2014.5103571428572,0.5824285714285387,11290
2023-11-28 05:00:00,2015.185,LONG,2014.4307857142858,2016.3163214285714,0.7542142857142835,11295
2023-11-28 05:45:00,2014.805,SHORT,2015.5467142857144,2013.6924285714285,0.741714285714303,11304
2023-11-28 06:50:00,2015.815,LONG,2015.017142857143,2017.0117857142857,0.7978571428571318,11317
2023-11-28 09:00:00,2014.985,SHORT,2016.0045,2013.4557499999999,1.0194999999999936,11343
2023-11-28 09:55:00,2015.798,LONG,2014.8654285714285,2017.1968571428572,0.9325714285714152,11354
2023-11-28 11:15:00,2014.538,SHORT,2015.2812857142858,2013.4230714285713,0.7432857142857269,11370
2023-11-28 12:10:00,2015.325,LONG,2014.7423571428571,2016.1989642857143,0.5826428571428843,11381
2023-11-28 13:40:00,2019.948,LONG,2018.3835000000001,2022.29475,1.5644999999999851,11399
2023-11-28 18:45:00,2038.945,LONG,2037.8635714285713,2040.567142857143,1.0814285714285947,11460
2023-11-28 20:20:00,2040.055,LONG,2039.1798571428571,2041.3677142857143,0.87514285714287,11479
2023-11-28 20:55:00,2041.058,LONG,2040.4375714285713,2041.9886428571428,0.6204285714285821,11486
2023-11-28 21:40:00,2040.728,LONG,2040.2137142857143,2041.4994285714286,0.5142857142857012,11495
2023-11-28 23:10:00,2041.655,LONG,2041.005642857143,2042.6290357142857,0.6493571428571191,11501
2023-11-29 02:25:00,2046.398,LONG,2045.179357142857,2048.2259642857143,1.2186428571428354,11540
2023-11-29 05:45:00,2045.065,LONG,2043.9422142857143,2046.7491785714285,1.1227857142857016,11580
2023-11-29 06:50:00,2044.825,SHORT,2045.9751428571428,2043.0997857142859,1.1501428571428474,11593
2023-11-29 08:40:00,2041.764,SHORT,2043.0187142857142,2039.8819285714285,1.2547142857142717,11615
2023-11-29 09:00:00,2042.185,SHORT,2043.4613571428572,2040.2704642857143,1.2763571428571368,11619
2023-11-29 09:25:00,2039.765,SHORT,2040.9435,2037.9972500000001,1.178500000000034,11624
2023-11-29 11:20:00,2038.955,SHORT,2039.9751428571428,2037.4247857142857,1.0201428571428843,11647
2023-11-29 12:00:00,2039.135,SHORT,2039.9862857142857,2037.8580714285715,0.8512857142856903,11655
2023-11-29 12:25:00,2039.965,SHORT,2040.7797857142855,2038.7428214285715,0.8147857142856765,11660
2023-11-29 13:55:00,2038.988,SHORT,2040.6843571428572,2036.4434642857143,1.6963571428571609,11678
2023-11-29 15:10:00,2042.335,LONG,2039.996,2045.8435,2.3389999999999906,11690
2023-11-29 15:25:00,2041.575,LONG,2039.169642857143,2045.1830357142858,2.4053571428571234,11693
2023-11-29 16:40:00,2041.125,LONG,2039.7785,2043.14475,1.3464999999999918,11708
2023-11-29 21:25:00,2044.315,SHORT,2045.0402857142858,2043.2270714285714,0.7252857142856816,11765
2023-11-29 23:20:00,2044.425,SHORT,2044.9337142857141,2043.6619285714287,0.508714285714242,11776
2023-11-30 00:25:00,2045.445,LONG,2044.9376428571427,2046.2060357142857,0.5073571428571313,11789
2023-11-30 03:50:00,2045.565,LONG,2044.6942857142858,2046.8710714285714,0.8707142857142733,11830
2023-11-30 08:10:00,2044.945,LONG,2043.901214285714,2046.5106785714286,1.0437857142857507,11882
2023-11-30 09:45:00,2040.055,SHORT,2041.2432142857142,2038.2726785714287,1.1882142857142364,11901
2023-11-30 11:55:00,2037.065,SHORT,2037.9957142857143,2035.6689285714285,0.9307142857143,11927
2023-11-30 12:30:00,2037.775,SHORT,2038.7947857142858,2036.2453214285715,1.0197857142857174,11934
2023-11-30 12:45:00,2037.725,SHORT,2038.8049999999998,2036.105,1.0799999999999759,11937
2023-11-30 13:40:00,2038.405,SHORT,2040.057357142857,2035.9264642857142,1.652357142857097,11948
2023-11-30 13:45:00,2038.245,SHORT,2040.065214285714,2035.5146785714285,1.8202142857142494,11949
2023-11-30 15:00:00,2035.465,SHORT,2038.1014285714284,2031.510357142857,2.6364285714285773,11964
2023-11-30 16:30:00,2038.195,SHORT,2040.0219285714286,2035.454607142857,1.8269285714286039,11982
2023-11-30 16:55:00,2039.515,LONG,2038.0257142857145,2041.7489285714287,1.4892857142857565,11987
2023-11-30 19:55:00,2036.125,SHORT,2036.8671428571429,2035.0117857142857,0.742142857142848,12023
2023-11-30 21:20:00,2036.035,SHORT,2036.7555714285716,2034.9541428571429,0.7205714285714586,12040
2023-12-01 01:30:00,2041.865,LONG,2041.035,2043.11,0.829999999999976,12078
2023-12-01 04:45:00,2039.985,SHORT,2040.5372142857143,2039.1566785714285,0.5522142857143179,12117
2023-12-01 05:15:00,2039.728,SHORT,2040.237,2038.9645,0.5090000000000146,12123
2023-12-01 05:45:00,2041.105,LONG,2040.538142857143,2041.9552857142858,0.5668571428571373,12129
2023-12-01 07:40:00,2040.975,LONG,2040.0347857142856,2042.3853214285714,0.9402142857143028,12152
2023-12-01 07:55:00,2039.395,SHORT,2040.3045,2038.03075,0.90949999999998,12155
2023-12-01 08:30:00,2041.575,LONG,2040.5252142857144,2043.1496785714285,1.0497857142856901,12162
2023-12-01 13:40:00,2035.965,SHORT,2037.7034999999998,2033.35725,1.7384999999999795,12224
2023-12-01 14:05:00,2036.605,SHORT,2038.2220714285713,2034.1793928571428,1.6170714285714212,12229
2023-12-01 16:10:00,2055.955,LONG,2052.144214285714,2061.6711785714283,3.810785714285722,12254
2023-12-01 20:00:00,2068.435,LONG,2067.108214285714,2070.4251785714287,1.3267857142857662,12300
2023-12-04 00:50:00,2099.815,LONG,2092.116,2111.3635,7.698999999999971,12346
2023-12-04 01:15:00,2091.215,LONG,2086.234785714286,2098.6853214285716,4.980214285714218,12351
2023-12-04 03:05:00,2087.435,SHORT,2089.243285714286,2084.7225714285714,1.8082857142857003,12373
2023-12-04 03:45:00,2086.125,SHORT,2087.6397142857145,2083.8529285714285,1.514714285714295,12381
2023-12-04 05:00:00,2084.775,SHORT,2085.9524285714288,2083.0088571428573,1.1774285714285335,12396
2023-12-04 06:15:00,2086.145,SHORT,2087.661,2083.871,1.5159999999999465,12411
2023-12-04 09:05:00,2068.895,SHORT,2071.592357142857,2064.8489642857144,2.6973571428571694,12445
2023-12-04 09:50:00,2072.555,SHORT,2074.8085,2069.1747499999997,2.253500000000031,12454
2023-12-04 13:00:00,2069.275,SHORT,2070.8162857142856,2066.9630714285718,1.5412857142856151,12492
2023-12-04 13:20:00,2067.385,SHORT,2069.0962142857143,2064.8181785714287,1.711214285714212,12496
2023-12-04 17:15:00,2029.785,SHORT,2032.6559285714286,2025.478607142857,2.870928571428619,12543
2023-12-04 19:15:00,2024.245,SHORT,2025.8704999999998,2021.80675,1.6254999999999395,12567
2023-12-04 23:10:00,2028.835,SHORT,2029.6173571428571,2027.6614642857144,0.7823571428571735,12602
2023-12-05 02:25:00,2034.165,LONG,2032.805,2036.205,1.3599999999999812,12641
2023-12-05 03:10:00,2035.765,LONG,2034.7693571428572,2037.2584642857144,0.9956428571428465,12650
2023-12-05 03:45:00,2036.305,LONG,2035.2115000000001,2037.94525,1.0934999999999329,12657
2023-12-05 04:25:00,2036.905,LONG,2035.8292857142858,2038.5185714285712,1.0757142857142006,12665
2023-12-05 04:50:00,2033.845,LONG,2032.7078571428572,2035.5507142857143,1.1371428571428137,12670
2023-12-05 06:25:00,2033.225,SHORT,2034.4192857142855,2031.4335714285714,1.1942857142856675,12689
2023-12-05 07:30:00,2032.825,SHORT,2034.2561428571428,2030.6782857142857,1.4311428571428126,12702
2023-12-05 07:55:00,2032.585,SHORT,2034.2430714285715,2030.097892857143,1.6580714285713773,12707
2023-12-05 08:10:00,2036.015,LONG,2034.2264285714286,2038.6978571428572,1.7885714285713772,12710
2023-12-05 08:50:00,2034.405,LONG,2032.6692857142857,2037.0085714285713,1.7357142857142176,12718
2023-12-05 11:15:00,2026.035,SHORT,2027.5940714285716,2023.6963928571429,1.5590714285714447,12747
2023-12-05 12:30:00,2024.525,SHORT,2026.19,2022.0275000000001,1.664999999999996,12762
2023-12-05 12:50:00,2025.215,SHORT,2026.6942857142856,2022.9960714285714,1.4792857142857005,12766
2023-12-05 14:20:00,2025.145,SHORT,2027.230857142857,2022.016214285714,2.0858571428571753,12784
2023-12-05 16:25:00,2015.435,SHORT,2018.3666428571428,2011.0375357142857,2.9316428571428497,12809
2023-12-05 17:10:00,2017.095,SHORT,2019.1847142857143,2013.9604285714286,2.0897142857142756,12818
2023-12-05 17:20:00,2018.795,SHORT,2020.8375714285714,2015.731142857143,2.0425714285714287,12820
2023-12-06 01:10:00,2020.955,LONG,2019.9554999999998,2022.45425,0.999500000000028,12902
2023-12-06 01:30:00,2020.005,LONG,2018.9269285714286,2021.6221071428572,1.07807142857145,12906
2023-12-06 02:15:00,2020.815,LONG,2019.7521428571429,2022.4092857142857,1.0628571428571507,12915
2023-12-06 02:45:00,2020.625,LONG,2019.6585,2022.07475,0.9664999999999964,12921
2023-12-06 04:45:00,2021.145,LONG,2020.4107142857142,2022.2464285714286,0.7342857142857285,12945
2023-12-06 08:45:00,2027.145,LONG,2025.1852857142858,2030.0845714285713,1.959714285714264,12993
2023-12-06 11:55:00,2021.265,SHORT,2022.2869285714287,2019.7321071428573,1.0219285714285564,13031
2023-12-06 13:00:00,2027.145,LONG,2025.7664285714286,2029.212857142857,1.3785714285714252,13044
2023-12-06 13:25:00,2030.015,LONG,2028.0340714285717,2032.9863928571428,1.980928571428519,13049
2023-12-06 14:20:00,2030.285,LONG,2027.9567142857145,2033.7774285714286,2.328285714285682,13060
2023-12-06 17:15:00,2028.385,LONG,2026.7062142857144,2030.9031785714285,1.6787857142857092,13095
2023-12-06 17:55:00,2029.398,LONG,2028.0032857142855,2031.4900714285714,1.394714285714258,13103
2023-12-06 18:20:00,2029.095,LONG,2027.695,2031.195,1.4000000000000097,13108
2023-12-06 20:10:00,2027.795,LONG,2027.0047857142858,2028.9803214285714,0.7902142857142768,13130
2023-12-06 23:10:00,2025.505,SHORT,2026.0859285714287,2024.6336071428573,0.5809285714285741,13154
2023-12-07 01:40:00,2028.995,LONG,2027.9220714285711,2030.6043928571428,1.0729285714286334,13184
2023-12-07 02:55:00,2028.925,LONG,2027.9205,2030.43175,1.0044999999999749,13199
2023-12-07 05:50:00,2026.585,SHORT,2027.326,2025.4735,0.7410000000000017,13234
2023-12-07 08:05:00,2030.405,LONG,2029.2894285714285,2032.0783571428572,1.1155714285714242,13261
2023-12-07 09:40:00,2033.695,LONG,2032.4327142857142,2035.5884285714285,1.2622857142856836,13280
2023-12-07 11:50:00,2033.165,LONG,2032.1019285714285,2034.7596071428572,1.0630714285714638,13306
2023-12-07 12:15:00,2030.845,LONG,2029.6505,2032.6367500000001,1.1945000000000294,13311
2023-12-07 14:50:00,2026.165,SHORT,2028.7802142857142,2022.2421785714287,2.6152142857142735,13342
2023-12-07 15:40:00,2028.255,SHORT,2030.6937857142857,2024.5968214285715,2.4387857142856677,13352
2023-12-07 16:15:00,2028.055,SHORT,2029.9180714285715,2025.260392857143,1.8630714285713859,13359
2023-12-07 17:50:00,2026.965,SHORT,2029.167357142857,2023.6614642857141,2.2023571428571325,13378
2023-12-07 20:05:00,2029.978,LONG,2029.3149285714287,2030.9726071428572,0.6630714285714377,13405
2023-12-07 20:30:00,2030.235,LONG,2029.5240714285712,2031.301392857143,0.7109285714286021,13410
2023-12-08 05:15:00,2031.665,LONG,2031.126142857143,2032.4732857142856,0.5388571428571173,13503
2023-12-08 05:35:00,2030.915,LONG,2030.279,2031.869,0.6359999999999998,13507
2023-12-08 06:35:00,2029.565,SHORT,2030.6492857142857,2027.9385714285715,1.0842857142856863,13519
2023-12-08 07:15:00,2029.635,SHORT,2030.6544999999999,2028.10575,1.0194999999999612,13527
2023-12-08 07:45:00,2030.245,SHORT,2031.2180714285714,2028.7853928571428,0.9730714285714157,13533
2023-12-08 08:45:00,2029.015,SHORT,2030.2045,2027.2307500000002,1.189499999999969,13545
2023-12-08 09:35:00,2028.005,SHORT,2029.2521428571429,2026.1342857142859,1.2471428571428436,13555
2023-12-08 10:35:00,2029.935,SHORT,2031.3030714285715,2027.8828928571427,1.3680714285714461,13567
2023-12-08 11:00:00,2029.585,SHORT,2031.0847142857144,2027.3354285714286,1.4997142857143086,13572
2023-12-08 13:20:00,2027.705,SHORT,2028.8391428571429,2026.0037857142856,1.134142857142852,13600
2023-12-08 15:35:00,2011.315,SHORT,2014.4892857142859,2006.5535714285713,3.174285714285751,13627
2023-12-08 18:40:00,1999.848,SHORT,2001.042,1998.057,1.1939999999999114,13664
2023-12-08 19:30:00,2000.945,SHORT,2001.8506428571427,1999.5865357142857,0.9056428571428147,13674
2023-12-08 20:15:00,2001.485,SHORT,2002.2299999999998,2000.3674999999998,0.7449999999999883,13683
2023-12-11 03:20:00,1999.125,SHORT,2000.4317857142858,1997.1648214285715,1.3067857142857358,13756
2023-12-11 05:50:00,1999.175,SHORT,1999.9536428571428,1998.0070357142856,0.7786428571428782,13786
2023-12-11 07:00:00,1998.228,SHORT,1999.1028571428571,1996.9157142857143,0.8748571428571138,13800
2023-12-11 07:50:00,1995.415,SHORT,1996.6096428571427,1993.6230357142856,1.1946428571428507,13810
2023-12-11 09:00:00,1995.225,SHORT,1996.962,1992.6194999999998,1.737000000000015,13824
2023-12-11 10:15:00,1993.885,SHORT,1995.0262142857143,1992.1731785714287,1.1412142857142595,13839
2023-12-11 11:25:00,1994.138,SHORT,1995.130642857143,1992.6490357142857,0.9926428571428687,13853
2023-12-11 13:35:00,1993.385,SHORT,1994.8121428571428,1991.2442857142858,1.4271428571428746,13879
2023-12-11 14:10:00,1992.035,SHORT,1993.88,1989.2675,1.8450000000000273,13886
2023-12-11 19:10:00,1981.625,SHORT,1983.0797142857143,1979.4429285714286,1.454714285714301,13946
2023-12-12 01:15:00,1985.745,LONG,1984.432357142857,1987.7139642857142,1.3126428571428537,14007
2023-12-12 02:30:00,1982.815,LONG,1981.9285714285716,1984.144642857143,0.8864285714285772,14022
2023-12-12 04:55:00,1985.585,LONG,1984.9788571428571,1986.4942142857142,0.6061428571428321,14051
2023-12-12 05:30:00,1986.005,LONG,1985.3090000000002,1987.0490000000002,0.6959999999999938,14058
2023-12-12 05:45:00,1987.348,LONG,1986.6076428571428,1988.4585357142857,0.7403571428571597,14061
2023-12-12 07:35:00,1987.035,LONG,1986.0778571428573,1988.4707142857144,0.9571428571428636,14083
2023-12-12 11:25:00,1986.675,LONG,1985.7992857142856,1987.9885714285713,0.8757142857142851,14129
2023-12-12 12:05:00,1988.025,LONG,1987.170285714286,1989.3070714285716,0.8547142857142782,14137
2023-12-12 12:35:00,1988.475,LONG,1987.5645714285713,1989.840642857143,0.9104285714286107,14143
2023-12-12 13:25:00,1990.275,LONG,1988.8035714285716,1992.482142857143,1.4714285714285975,14153
2023-12-12 13:45:00,1985.455,LONG,1982.7861428571427,1989.4582857142857,2.6688571428571453,14157
2023-12-12 15:50:00,1981.875,SHORT,1983.7602142857143,1979.0471785714285,1.8852142857142715,14182
2023-12-12 18:20:00,1978.125,SHORT,1979.46,1976.1225,1.335000000000004,14212
2023-12-12 18:45:00,1978.315,SHORT,1979.6255,1976.34925,1.3104999999999987,14217
2023-12-12 19:25:00,1979.915,SHORT,1980.7421428571429,1978.6742857142858,0.8271428571428194,14225
2023-12-12 20:15:00,1979.478,SHORT,1980.0877857142857,1978.5633214285715,0.6097857142857005,14235
2023-12-12 20:35:00,1979.885,SHORT,1980.4459285714286,1979.0436071428571,0.5609285714285923,14239
2023-12-12 21:50:00,1979.288,SHORT,1979.6917857142857,1978.6823214285714,0.40378571428573196,14254
2023-12-12 23:10:00,1980.328,SHORT,1980.8241428571428,1979.5837857142856,0.49614285714288336,14258
2023-12-13 00:35:00,1980.655,LONG,1979.967,1981.687,0.687999999999972,14275
2023-12-13 03:00:00,1978.925,SHORT,1979.6727142857142,1977.8034285714286,0.7477142857142748,14304
2023-12-13 03:30:00,1979.605,SHORT,1980.162857142857,1978.7682142857143,0.5578571428571227,14310
2023-12-13 03:55:00,1977.815,SHORT,1978.4107142857142,1976.9214285714286,0.5957142857142637,14315
2023-12-13 05:45:00,1979.195,SHORT,1979.7211428571427,1978.4057857142857,0.5261428571428561,14337
2023-12-13 06:10:00,1977.195,SHORT,1977.7590714285714,1976.3488928571428,0.5640714285714239,14342
2023-12-13 07:15:00,1975.735,SHORT,1977.124357142857,1973.6509642857143,1.389357142857128,14355
2023-12-13 09:20:00,1980.145,LONG,1979.1087857142857,1981.6993214285715,1.0362142857143226,14380
2023-12-13 10:30:00,1982.145,LONG,1981.165857142857,1983.6137142857142,0.9791428571428794,14394
2023-12-13 13:50:00,1984.455,LONG,1982.7223571428572,1987.0539642857143,1.7326428571428616,14434
2023-12-13 14:20:00,1982.765,LONG,1980.7122857142858,1985.8440714285714,2.052714285714241,14440
2023-12-13 16:00:00,1981.695,SHORT,1983.3071428571427,1979.2767857142856,1.6121428571428527,14460
2023-12-13 16:20:00,1982.855,SHORT,1984.2959285714287,1980.6936071428572,1.4409285714285716,14464
2023-12-13 16:55:00,1981.245,SHORT,1982.4185714285713,1979.4846428571427,1.1735714285714332,14471
2023-12-13 17:30:00,1982.675,LONG,1981.5607142857143,1984.3464285714285,1.1142857142857403,14478
2023-12-14 01:50:00,2032.398,LONG,2030.2705714285714,2035.5891428571429,2.1274285714285788,14566
2023-12-14 03:55:00,2030.895,LONG,2029.4892857142856,2033.0035714285714,1.4057142857143066,14591
2023-12-14 08:00:00,2035.335,LONG,2033.5119285714286,2038.0696071428572,1.8230714285714547,14640
2023-12-14 09:15:00,2038.455,LONG,2036.71,2041.0724999999998,1.7449999999999395,14655
2023-12-14 11:00:00,2033.635,SHORT,2034.8971428571429,2031.7417857142857,1.26214285714283,14676
2023-12-14 13:25:00,2033.245,LONG,2031.1192857142855,2036.4335714285714,2.1257142857143174,14705
2023-12-14 14:25:00,2037.335,LONG,2034.6083571428571,2041.4249642857144,2.7266428571428896,14717
2023-12-14 17:10:00,2038.945,LONG,2037.2892857142856,2041.4285714285713,1.6557142857142577,14750
2023-12-14 19:40:00,2033.305,SHORT,2034.4887857142858,2031.5293214285714,1.183785714285737,14780
2023-12-14 21:50:00,2035.825,LONG,2035.222142857143,2036.7292857142857,0.6028571428571468,14806
2023-12-15 00:05:00,2035.135,LONG,2034.0297857142857,2036.7928214285714,1.1052142857142502,14821
2023-12-15 04:45:00,2036.695,LONG,2035.8222142857142,2038.0041785714286,0.8727857142857504,14877
2023-12-15 05:15:00,2036.745,LONG,2035.9940714285713,2037.8713928571428,0.7509285714285657,14883
2023-12-15 06:45:00,2035.915,LONG,2035.028857142857,2037.2442142857142,0.8861428571428372,14901
2023-12-15 08:10:00,2038.774,LONG,2037.5729999999999,2040.5755,1.2009999999999732,14918
2023-12-15 11:25:00,2041.945,LONG,2040.8583571428571,2043.5749642857143,1.086642857142871,14957
2023-12-15 13:05:00,2041.375,LONG,2040.3270714285713,2042.9468928571428,1.0479285714285749,14977
2023-12-15 13:30:00,2035.795,SHORT,2037.4160000000002,2033.3635000000002,1.6210000000000133,14982
2023-12-15 14:35:00,2033.185,SHORT,2037.0972142857142,2027.3166785714284,3.9122142857143314,14995
2023-12-15 15:45:00,2033.645,SHORT,2035.7532857142858,2030.4825714285714,2.1082857142857034,15009
2023-12-15 20:30:00,2020.035,SHORT,2021.2737857142859,2018.1768214285714,1.2387857142857197,15066
2023-12-15 21:20:00,2019.268,SHORT,2020.3592142857144,2017.6311785714286,1.0912142857142888,15076
2023-12-17 23:25:00,2017.515,SHORT,2018.344642857143,2016.2705357142859,0.829642857142874,15089
2023-12-17 23:35:00,2016.235,SHORT,2017.2282142857143,2014.7451785714284,0.9932142857143162,15091
2023-12-17 23:55:00,2017.345,SHORT,2018.5272857142857,2015.5715714285714,1.1822857142857077,15095
2023-12-18 00:50:00,2019.525,SHORT,2020.6378571428572,2017.8557142857144,1.1128571428571377,15106
2023-12-18 02:55:00,2021.805,LONG,2020.6842857142858,2023.4860714285714,1.1207142857143222,15131
2023-12-18 04:30:00,2022.035,LONG,2021.4628571428573,2022.8932142857143,0.5721428571428565,15150
2023-12-18 05:20:00,2023.535,LONG,2023.0185714285715,2024.309642857143,0.5164285714286052,15160
2023-12-18 06:10:00,2022.045,LONG,2021.2612142857142,2023.2206785714288,0.7837857142857761,15170
2023-12-18 07:00:00,2023.395,LONG,2022.5507142857143,2024.6614285714286,0.8442857142856935,15180
2023-12-18 08:10:00,2023.295,LONG,2022.3845000000001,2024.66075,0.9104999999999889,15194
2023-12-18 08:50:00,2024.515,LONG,2023.3787857142859,2026.2193214285714,1.1362142857142967,15202
2023-12-18 09:10:00,2026.035,LONG,2024.8159285714287,2027.8636071428573,1.2190714285714452,15206
2023-12-18 10:00:00,2023.285,LONG,2021.8440714285716,2025.4463928571429,1.440928571428523,15216
2023-12-18 12:10:00,2022.835,SHORT,2023.7039285714286,2021.5316071428572,0.868928571428585,15242
2023-12-18 13:20:00,2024.355,LONG,2023.3529285714285,2025.858107142857,1.0020714285714445,15256
2023-12-18 13:40:00,2024.065,LONG,2022.9152857142858,2025.7895714285714,1.149714285714286,15260
2023-12-18 14:25:00,2023.095,LONG,2021.6414285714286,2025.275357142857,1.453571428571422,15269
2023-12-18 15:15:00,2021.545,SHORT,2023.3257142857144,2018.8739285714287,1.780714285714274,15279
2023-12-18 16:00:00,2021.345,SHORT,2022.9116428571429,2018.9950357142857,1.5666428571428728,15288
2023-12-18 16:30:00,2023.045,SHORT,2024.211142857143,2021.2957857142858,1.166142857142875,15294
2023-12-18 17:05:00,2021.965,SHORT,2023.0328571428572,2020.363214285714,1.0678571428571948,15301
2023-12-18 17:50:00,2029.355,LONG,2027.8652142857143,2031.5896785714287,1.489785714285777,15310
2023-12-18 19:10:00,2026.515,LONG,2025.311642857143,2028.3200357142857,1.2033571428571415,15326
2023-12-19 01:15:00,2026.965,LONG,2026.2243571428571,2028.0759642857142,0.7406428571428673,15387
2023-12-19 03:00:00,2024.195,SHORT,2025.1935714285714,2022.6971428571428,0.9985714285714299,15408
2023-12-19 03:20:00,2024.545,SHORT,2025.5814285714287,2022.9903571428572,1.036428571428587,15412
2023-12-19 06:00:00,2023.915,SHORT,2024.7215714285715,2022.7051428571428,0.8065714285714064,15444
2023-12-19 06:40:00,2024.518,SHORT,2025.4509285714287,2023.1186071428572,0.9329285714285821,15452
2023-12-19 07:25:00,2025.555,LONG,2024.4077857142859,2027.2758214285716,1.1472142857142964,15461
2023-12-19 07:30:00,2025.735,LONG,2024.5094285714285,2027.573357142857,1.2255714285714379,15462
2023-12-19 10:00:00,2026.315,LONG,2025.6453571428572,2027.3194642857143,0.6696428571428571,15492
2023-12-19 11:20:00,2026.764,LONG,2026.0370714285714,2027.8543928571428,0.726928571428581,15508
2023-12-19 11:55:00,2026.354,LONG,2025.7575714285715,2027.2486428571428,0.5964285714285812,15515
2023-12-19 12:35:00,2029.385,LONG,2028.4735,2030.75225,0.9114999999999976,15523
2023-12-19 12:45:00,2028.585,LONG,2027.5104285714285,2030.1968571428572,1.0745714285714516,15525
2023-12-19 13:55:00,2029.865,LONG,2028.521642857143,2031.8800357142857,1.343357142857144,15539
2023-12-19 19:50:00,2039.475,LONG,2038.8092857142856,2040.4735714285714,0.6657142857142649,15610
2023-12-19 20:30:00,2039.415,LONG,2038.8328571428572,2040.2882142857143,0.5821428571428312,15618
2023-12-19 20:45:00,2039.785,LONG,2039.1785714285716,2040.694642857143,0.6064285714285396,15621
2023-12-20 01:20:00,2038.828,SHORT,2039.6567857142857,2037.5848214285713,0.8287857142857514,15664
2023-12-20 02:40:00,2038.515,SHORT,2039.3003571428571,2037.3369642857144,0.7853571428571513,15680
2023-12-20 05:15:00,2039.945,LONG,2039.4872857142857,2040.6315714285713,0.4577142857142462,15711
2023-12-20 05:35:00,2040.075,LONG,2039.5856428571428,2040.8090357142858,0.4893571428571022,15715
2023-12-20 05:55:00,2041.145,LONG,2040.6156428571428,2041.9390357142856,0.529357142857147,15719
2023-12-20 06:45:00,2041.325,LONG,2040.6297142857143,2042.3679285714286,0.6952857142857413,15729
2023-12-20 07:00:00,2041.225,LONG,2040.4704285714286,2042.356857142857,0.7545714285714504,15732
2023-12-20 07:10:00,2042.245,LONG,2041.4247142857141,2043.4754285714284,0.8202857142857088,15734
2023-12-20 08:30:00,2041.325,LONG,2040.3685,2042.75975,0.9564999999999729,15750
2023-12-20 09:10:00,2042.305,LONG,2041.4157142857143,2043.6389285714286,0.889285714285685,15758
2023-12-20 12:05:00,2035.055,SHORT,2036.4152142857145,2033.0146785714287,1.3602142857142943,15793
2023-12-20 14:40:00,2034.935,SHORT,2037.1235714285715,2031.6521428571427,2.188571428571452,15824
2023-12-20 15:10:00,2033.795,SHORT,2035.9463571428573,2030.5679642857142,2.1513571428572016,15830
2023-12-20 15:40:00,2033.875,SHORT,2035.9867142857142,2030.7074285714284,2.111714285714324,15836
2023-12-20 18:45:00,2035.995,LONG,2034.953357142857,2037.557464285714,1.0416428571428469,15873
2023-12-20 19:55:00,2032.285,SHORT,2033.42,2030.5825,1.134999999999991,15887
2023-12-20 20:30:00,2032.635,SHORT,2034.0980714285713,2030.4403928571428,1.4630714285714086,15894
2023-12-20 23:20:00,2032.045,SHORT,2033.0815714285716,2030.490142857143,1.0365714285714083,15916
2023-12-21 03:30:00,2035.925,LONG,2035.2307142857142,2036.9664285714284,0.6942857142857,15966
2023-12-21 05:15:00,2037.015,LONG,2036.5025714285716,2037.783642857143,0.5124285714285699,15987
2023-12-21 07:15:00,2034.395,SHORT,2035.1892142857143,2033.2036785714286,0.7942142857142797,16011
2023-12-21 07:35:00,2035.255,SHORT,2036.189,2033.854,0.9340000000000016,16015
2023-12-21 09:30:00,2036.448,LONG,2035.6172857142858,2037.6940714285715,0.8307142857142773,16038
2023-12-21 10:20:00,2035.315,SHORT,2036.0397857142857,2034.2278214285714,0.7247857142857258,16048
2023-12-21 10:30:00,2034.095,SHORT,2034.8605,2032.94675,0.7655000000000071,16050
2023-12-21 11:35:00,2034.545,SHORT,2035.2467857142858,2033.4923214285714,0.70178571428575,16063
2023-12-21 13:30:00,2040.098,LONG,2038.2652857142857,2042.8470714285713,1.8327142857143113,16086
2023-12-21 14:25:00,2041.825,LONG,2038.9337857142857,2046.1618214285716,2.8912142857143084,16097
2023-12-21 15:10:00,2038.825,LONG,2036.0273571428572,2043.0214642857143,2.797642857142835,16106
2023-12-21 16:15:00,2043.128,LONG,2041.3459285714284,2045.801107142857,1.7820714285714334,16119
2023-12-21 17:05:00,2042.065,LONG,2040.6677857142859,2044.1608214285716,1.3972142857142802,16129
2023-12-21 17:55:00,2040.855,LONG,2039.6254285714285,2042.699357142857,1.229571428571408,16139
2023-12-21 18:35:00,2038.595,SHORT,2039.9657142857143,2036.5389285714286,1.3707142857142733,16147
2023-12-22 01:05:00,2047.615,LONG,2046.1204285714286,2049.8568571428573,1.4945714285713945,16213
2023-12-22 02:10:00,2050.445,LONG,2049.1615714285717,2052.370142857143,1.2834285714286093,16226
2023-12-22 02:55:00,2050.048,LONG,2048.9424999999997,2051.7062499999997,1.1055000000000064,16235
2023-12-22 04:20:00,2049.668,LONG,2048.740142857143,2051.0597857142857,0.9278571428571435,16252
2023-12-22 06:05:00,2048.578,SHORT,2049.4240714285716,2047.3088928571428,0.846071428571463,16273
2023-12-22 06:35:00,2047.545,SHORT,2048.3277857142857,2046.3708214285714,0.7827857142857185,16279
2023-12-22 07:05:00,2047.515,SHORT,2048.4009285714287,2046.1861071428573,0.8859285714285566,16285
2023-12-22 07:35:00,2050.145,LONG,2049.1324285714286,2051.663857142857,1.0125714285714074,16291
2023-12-22 13:05:00,2061.325,LONG,2059.2232857142853,2064.4775714285715,2.101714285714349,16357
2023-12-22 14:25:00,2067.405,LONG,2064.5395714285714,2071.703142857143,2.8654285714285703,16373
2023-12-22 18:30:00,2056.348,SHORT,2057.6525,2054.39125,1.3044999999999942,16422
2023-12-22 21:15:00,2052.488,SHORT,2053.2206428571426,2051.3890357142855,0.7326428571428616,16455
2023-12-26 00:20:00,2053.625,SHORT,2054.3385,2052.55475,0.7135000000000024,16480
2023-12-26 04:10:00,2064.075,LONG,2063.5641428571425,2064.8412857142857,0.5108571428571784,16526
2023-12-26 06:20:00,2063.448,LONG,2062.6946428571428,2064.5780357142858,0.7533571428571122,16552
2023-12-26 06:35:00,2064.615,LONG,2063.779071428571,2065.868892857143,0.8359285714285372,16555
2023-12-26 13:10:00,2061.915,SHORT,2062.6384285714284,2060.8298571428572,0.7234285714285501,16634
2023-12-26 13:35:00,2061.465,SHORT,2062.51,2059.8975,1.0450000000000403,16639
2023-12-26 14:25:00,2060.535,SHORT,2061.801857142857,2058.634714285714,1.266857142857199,16649
2023-12-26 14:35:00,2056.225,SHORT,2057.682142857143,2054.0392857142856,1.4571428571428962,16651
2023-12-26 15:20:00,2058.525,SHORT,2060.2233571428574,2055.9774642857146,1.6983571428571136,16660
2023-12-27 00:40:00,2065.198,LONG,2064.4795,2066.27575,0.7184999999999816,16760
2023-12-27 01:10:00,2065.905,LONG,2064.992357142857,2067.2739642857146,0.9126428571428927,16766
2023-12-27 03:45:00,2064.755,SHORT,2065.414285714286,2063.766071428571,0.6592857142858131,16797
2023-12-27 05:05:00,2065.585,SHORT,2066.0814285714287,2064.840357142857,0.49642857142855845,16813
2023-12-27 07:00:00,2065.715,LONG,2064.864,2066.9915,0.8509999999999504,16836
2023-12-27 07:40:00,2065.415,LONG,2064.5175714285715,2066.7611428571427,0.8974285714284959,16844
2023-12-27 13:00:00,2067.995,LONG,2066.5542142857144,2070.1561785714284,1.4407857142857015,16908
2023-12-27 13:50:00,2067.365,LONG,2065.5277857142855,2070.120821428571,1.837214285714286,16918
2023-12-27 14:30:00,2070.308,LONG,2068.9570714285715,2072.334392857143,1.3509285714285721,16926
2023-12-27 21:40:00,2076.948,SHORT,2077.531785714286,2076.0723214285713,0.5837857142858282,17012
2023-12-28 01:05:00,2081.015,LONG,2080.195214285714,2082.2446785714287,0.8197857142858018,17041
2023-12-28 03:35:00,2086.665,LONG,2085.7101428571427,2088.0972857142856,0.9548571428571709,17071
2023-12-28 06:05:00,2086.498,LONG,2085.588,2087.863,0.9099999999999844,17101
2023-12-28 06:50:00,2085.985,LONG,2084.9219285714285,2087.579607142857,1.06307142857148,17110
2023-12-28 09:40:00,2076.135,SHORT,2077.764,2073.6915000000004,1.6289999999999378,17144
2023-12-28 11:05:00,2077.255,SHORT,2078.472357142857,2075.4289642857143,1.2173571428570864,17161
2023-12-28 13:25:00,2076.558,SHORT,2077.723,2074.8105,1.164999999999996,17189
2023-12-28 13:50:00,2075.765,SHORT,2077.3656428571426,2073.364035714286,1.6006428571427997,17194
2023-12-28 14:00:00,2072.285,SHORT,2074.1972857142855,2069.4165714285714,1.9122857142857097,17196
2023-12-28 14:25:00,2075.075,SHORT,2077.0537142857142,2072.1069285714284,1.9787142857142694,17201
2023-12-28 18:00:00,2072.915,SHORT,2074.2430714285715,2070.922892857143,1.3280714285713853,17244
2023-12-29 02:30:00,2069.648,LONG,2068.5157142857142,2071.3464285714285,1.132285714285737,17334
2023-12-29 03:05:00,2069.235,LONG,2068.2362857142857,2070.7330714285717,0.9987142857142837,17341
2023-12-29 04:40:00,2069.515,LONG,2068.8444999999997,2070.5207499999997,0.6704999999999798,17360
2023-12-29 05:45:00,2070.308,LONG,2069.7430714285715,2071.155392857143,0.5649285714285465,17373
2023-12-29 11:20:00,2065.828,SHORT,2067.1910714285714,2063.7833928571426,1.363071428571402,17440
2023-12-29 11:40:00,2067.605,SHORT,2068.754,2065.8815,1.1489999999999523,17444
2023-12-29 12:40:00,2064.855,SHORT,2065.971642857143,2063.1800357142856,1.1166428571429086,17456
2023-12-29 13:30:00,2064.055,SHORT,2065.3745714285715,2062.0756428571426,1.3195714285714075,17466
2023-12-29 15:05:00,2062.985,SHORT,2064.901142857143,2060.110785714286,1.9161428571428587,17485
2023-12-29 15:40:00,2063.325,SHORT,2065.341357142857,2060.300464285714,2.0163571428571294,17492
2023-12-29 19:00:00,2064.465,SHORT,2066.1390714285717,2061.9538928571433,1.674071428571389,17532
2023-12-29 20:35:00,2065.515,LONG,2064.6357857142857,2066.8338214285714,0.8792142857143322,17551
2024-01-01 23:55:00,2063.615,SHORT,2064.8287857142855,2061.794321428571,1.2137857142857098,17579
2024-01-02 02:20:00,2066.255,LONG,2064.938785714286,2068.2293214285714,1.3162142857142303,17608
2024-01-02 03:05:00,2068.445,LONG,2067.2597142857144,2070.222928571429,1.185285714285653,17617
2024-01-02 04:35:00,2070.215,LONG,2069.4590000000003,2071.349,0.7559999999999556,17635
2024-01-02 08:50:00,2072.895,LONG,2071.6,2074.8375,1.2949999999999753,17686
2024-01-02 09:15:00,2074.855,LONG,2073.6255,2076.69925,1.2294999999999814,17691
2024-01-02 13:45:00,2067.825,SHORT,2069.6787857142854,2065.044321428571,1.853785714285745,17745
2024-01-02 15:00:00,2067.915,SHORT,2070.510714285714,2064.0214285714287,2.5957142857142963,17760
2024-01-02 15:20:00,2064.715,SHORT,2067.518785714286,2060.5093214285716,2.8037857142857256,17764
2024-01-02 18:00:00,2062.535,SHORT,2063.6979285714283,2060.790607142857,1.1629285714284703,17796
2024-01-02 18:45:00,2061.035,SHORT,2062.197142857143,2059.2917857142857,1.1621428571428234,17805
2024-01-02 23:30:00,2059.105,SHORT,2059.5745714285713,2058.400642857143,0.469571428571466,17850
2024-01-02 23:50:00,2059.255,SHORT,2059.8243571428575,2058.4009642857145,0.5693571428571431,17854
2024-01-03 01:25:00,2061.135,LONG,2060.022642857143,2062.803535714286,1.1123571428571981,17873
2024-01-03 04:55:00,2064.775,LONG,2064.343142857143,2065.422785714286,0.43185714285719506,17915
2024-01-03 06:00:00,2064.105,LONG,2063.3314285714287,2065.2653571428573,0.7735714285714559,17928
2024-01-03 06:45:00,2064.448,LONG,2063.661071428571,2065.628392857143,0.786928571428559,17937
2024-01-03 13:10:00,2045.235,SHORT,2047.2740714285712,2042.1763928571427,2.03907142857143,18014
2024-01-03 15:30:00,2035.835,SHORT,2039.3625,2030.54375,3.5275000000000154,18042
2024-01-03 18:30:00,2034.535,SHORT,2035.7285714285715,2032.744642857143,1.1935714285714798,18078
2024-01-04 00:45:00,2042.525,LONG,2041.8973571428573,2043.4664642857144,0.6276428571428596,18141
2024-01-04 01:00:00,2042.215,LONG,2041.587857142857,2043.155714285714,0.6271428571428389,18144
2024-01-04 02:10:00,2043.765,LONG,2042.7954285714286,2045.2193571428572,0.9695714285714335,18158
2024-01-04 02:45:00,2043.275,LONG,2042.402857142857,2044.5832142857143,0.872142857142876,18165
2024-01-04 06:10:00,2045.085,LONG,2044.4423571428572,2046.0489642857144,0.6426428571428947,18206
2024-01-04 06:50:00,2046.455,LONG,2045.4870714285714,2047.9068928571428,0.967928571428599,18214
2024-01-04 07:35:00,2048.995,LONG,2047.7849285714285,2050.810107142857,1.2100714285713983,18223
2024-01-04 08:10:00,2047.615,LONG,2046.3227857142858,2049.5533214285715,1.2922142857142458,18230
2024-01-04 08:55:00,2046.715,LONG,2045.6032857142857,2048.3825714285713,1.1117142857142426,18239
2024-01-04 11:15:00,2048.065,LONG,2047.0275714285715,2049.621142857143,1.0374285714285796,18267
2024-01-04 13:30:00,2041.825,SHORT,2043.456142857143,2039.3782857142858,1.6311428571429067,18294
2024-01-04 14:25:00,2040.265,SHORT,2042.2573571428572,2037.2764642857144,1.9923571428571936,18305
2024-01-04 16:10:00,2045.055,LONG,2043.1607142857142,2047.8964285714287,1.8942857142857292,18326
2024-01-04 17:05:00,2044.855,LONG,2043.5507142857143,2046.8114285714287,1.3042857142857298,18337
2024-01-04 18:40:00,2042.755,SHORT,2043.7935714285716,2041.197142857143,1.0385714285714098,18356
2024-01-04 19:20:00,2042.595,SHORT,2043.4035714285715,2041.382142857143,0.8085714285714077,18364
2024-01-04 20:00:00,2044.485,LONG,2043.8114285714285,2045.495357142857,0.6735714285714656,18372
2024-01-04 20:25:00,2044.415,LONG,2043.745,2045.42,0.670000000000024,18377
2024-01-04 21:55:00,2043.124,SHORT,2043.5608571428572,2042.4687142857142,0.4368571428571743,18395
2024-01-04 23:00:00,2042.864,SHORT,2043.3130714285714,2042.1903928571428,0.44907142857146354,18396
2024-01-04 23:25:00,2042.925,SHORT,2043.4767857142856,2042.0973214285714,0.5517857142857403,18401
2024-01-04 23:35:00,2043.265,SHORT,2043.866785714286,2042.3623214285715,0.6017857142857598,18403
2024-01-05 00:10:00,2043.795,LONG,2043.0092142857143,2044.9736785714288,0.7857857142857613,18410
2024-01-05 02:50:00,2046.855,LONG,2046.0085714285715,2048.124642857143,0.846428571428565,18442
2024-01-05 03:25:00,2045.425,LONG,2044.6285714285714,2046.619642857143,0.7964285714285941,18449
2024-01-05 04:30:00,2046.008,LONG,2045.4204285714286,2046.8893571428573,0.5875714285714528,18462
2024-01-05 07:20:00,2045.445,SHORT,2046.7475714285713,2043.4911428571427,1.3025714285714523,18496
2024-01-05 08:05:00,2042.328,SHORT,2043.6344285714285,2040.3683571428571,1.3064285714285688,18505
2024-01-05 11:05:00,2039.655,SHORT,2040.4572857142857,2038.4515714285715,0.8022857142856797,18541
2024-01-05 11:40:00,2038.095,SHORT,2038.9533571428572,2036.8074642857143,0.8583571428571304,18548
2024-01-05 16:05:00,2053.445,LONG,2049.4447142857143,2059.4454285714287,4.000285714285724,18601
2024-01-05 19:50:00,2045.965,LONG,2044.6942857142856,2047.8710714285714,1.270714285714348,18646
2024-01-05 21:05:00,2043.948,SHORT,2044.889642857143,2042.5355357142857,0.9416428571428891,18661
2024-01-07 23:35:00,2043.835,SHORT,2044.7912142857142,2042.4006785714287,0.9562142857142492,18679
2024-01-08 01:15:00,2046.215,LONG,2045.3004999999998,2047.58675,0.914500000000008,18699
2024-01-08 01:45:00,2043.245,SHORT,2044.3067142857142,2041.6524285714286,1.0617142857142718,18705
2024-01-08 07:05:00,2031.545,SHORT,2032.5962142857143,2029.9681785714286,1.0512142857142928,18769
2024-01-08 07:15:00,2030.875,SHORT,2032.0655,2029.08925,1.1905000000000103,18771
2024-01-08 07:30:00,2029.455,SHORT,2030.7307142857142,2027.5414285714285,1.275714285714246,18774
2024-01-08 07:55:00,2031.355,SHORT,2032.7990714285713,2029.188892857143,1.444071428571387,18779
2024-01-08 08:35:00,2029.215,SHORT,2030.7512142857142,2026.9106785714284,1.536214285714274,18787
2024-01-08 13:05:00,2021.875,SHORT,2023.4135714285715,2019.567142857143,1.5385714285714098,18841
2024-01-08 13:30:00,2020.905,SHORT,2022.999,2017.764,2.094000000000002,18846
2024-01-08 16:50:00,2032.715,LONG,2030.8245714285713,2035.5506428571427,1.8904285714285476,18886
2024-01-08 23:05:00,2028.428,LONG,2027.9615714285715,2029.127642857143,0.46642857142856947,18949
2024-01-09 01:50:00,2033.075,LONG,2031.8437857142858,2034.9218214285715,1.2312142857143076,18982
2024-01-09 02:10:00,2034.845,LONG,2033.402857142857,2037.0082142857143,1.4421428571428447,18986
2024-01-09 03:25:00,2034.325,LONG,2033.3383571428571,2035.8049642857145,0.9866428571428969,19001
2024-01-09 03:55:00,2033.565,LONG,2032.765,2034.765,0.8000000000000195,19007
2024-01-09 04:30:00,2033.325,LONG,2032.5645714285715,2034.465642857143,0.7604285714285359,19014
2024-01-09 06:10:00,2031.465,SHORT,2032.5304285714285,2029.866857142857,1.0654285714285996,19034
2024-01-09 07:05:00,2035.025,LONG,2033.5656428571428,2037.2140357142857,1.4593571428571295,19045
2024-01-09 07:20:00,2035.665,LONG,2034.1720714285714,2037.9043928571427,1.4929285714285763,19048
2024-01-09 08:50:00,2034.105,LONG,2032.730857142857,2036.1662142857142,1.3741428571428287,19066
2024-01-09 09:40:00,2036.045,LONG,2034.9322857142859,2037.7140714285715,1.1127142857143164,19076
2024-01-09 10:20:00,2037.445,LONG,2036.292357142857,2039.1739642857142,1.152642857142853,19084
2024-01-09 12:50:00,2035.725,LONG,2034.7021428571427,2037.2592857142856,1.0228571428571382,19114
2024-01-09 13:50:00,2038.805,LONG,2036.6489285714285,2042.0391071428571,2.156071428571441,19126
2024-01-09 14:40:00,2036.255,LONG,2033.5234285714287,2040.3523571428573,2.731571428571442,19136
2024-01-09 15:05:00,2032.995,SHORT,2035.1142857142856,2029.8160714285714,2.119285714285752,19141
2024-01-09 17:00:00,2030.715,SHORT,2032.5967142857141,2027.8924285714286,1.8817142857142894,19164
2024-01-09 19:00:00,2028.695,SHORT,2029.7952857142857,2027.0445714285713,1.100285714285714,19188
2024-01-09 20:55:00,2028.315,SHORT,2029.1627857142857,2027.0433214285713,0.8477857142857894,19211
2024-01-09 21:40:00,2029.795,SHORT,2030.2975714285715,2029.0411428571429,0.502571428571449,19220
2024-01-09 23:10:00,2030.815,LONG,2030.3917142857144,2031.4499285714287,0.4232857142857256,19226
2024-01-10 00:30:00,2030.865,LONG,2030.1025,2032.00875,0.7624999999999805,19242
2024-01-10 02:55:00,2031.708,LONG,2030.8017142857143,2033.0674285714285,0.906285714285689,19271
2024-01-10 03:15:00,2030.915,LONG,2030.022,2032.2545,0.8929999999999642,19275
2024-01-10 04:50:00,2029.675,SHORT,2030.4752857142857,2028.4745714285714,0.800285714285727,19294
2024-01-10 13:25:00,2032.065,SHORT,2033.3342857142857,2030.1610714285714,1.2692857142856968,19397
2024-01-10 14:35:00,2030.805,SHORT,2032.2666428571429,2028.6125357142857,1.4616428571428222,19411
2024-01-10 17:30:00,2025.295,SHORT,2026.4015714285715,2023.635142857143,1.106571428571442,19446
2024-01-10 19:55:00,2023.938,SHORT,2024.8505714285716,2022.5691428571429,0.9125714285714821,19475
2024-01-10 20:20:00,2022.555,SHORT,2023.5870714285716,2021.006892857143,1.032071428571466,19480
2024-01-10 21:15:00,2023.915,SHORT,2024.9369285714286,2022.3821071428572,1.0219285714285238,19491
2024-01-11 01:45:00,2028.565,LONG,2027.7087142857144,2029.8494285714287,0.8562857142857183,19533
2024-01-11 03:25:00,2029.685,LONG,2028.8987142857143,2030.8644285714286,0.7862857142857332,19553
2024-01-11 05:15:00,2032.085,LONG,2031.383142857143,2033.1377857142857,0.7018571428571444,19575
2024-01-11 05:30:00,2032.625,LONG,2031.9052857142858,2033.7045714285714,0.719714285714271,19578
2024-01-11 06:05:00,2033.045,LONG,2032.0710000000001,2034.506,0.9740000000000139,19585
2024-01-11 06:20:00,2033.505,LONG,2032.407142857143,2035.1517857142858,1.0978571428571189,19588
2024-01-11 07:35:00,2034.455,LONG,2033.604,2035.7314999999999,0.8509999999999829,19603
2024-01-11 08:10:00,2032.798,LONG,2031.8587142857143,2034.2069285714285,0.9392857142857208,19610
2024-01-11 09:55:00,2031.225,SHORT,2032.1087857142857,2029.8993214285713,0.8837857142857339,19631
2024-01-11 10:40:00,2031.585,SHORT,2032.384,2030.3865,0.7989999999999944,19640
2024-01-11 14:00:00,2027.865,SHORT,2032.1563571428571,2021.4279642857143,4.291357142857107,19680
2024-01-11 15:10:00,2025.745,SHORT,2028.967357142857,2020.9114642857141,3.2223571428571955,19694
2024-01-11 15:30:00,2030.045,SHORT,2033.0177857142858,2025.5858214285715,2.972785714285741,19698
2024-01-11 19:15:00,2020.498,SHORT,2021.8744285714286,2018.4333571428572,1.3764285714285702,19743
2024-01-12 00:15:00,2032.205,LONG,2030.828,2034.2704999999999,1.376999999999969,19791
2024-01-12 00:45:00,2031.495,LONG,2030.4296428571429,2033.0930357142856,1.0653571428571078,19797
2024-01-12 01:05:00,2031.385,LONG,2030.2975000000001,2033.01625,1.0874999999999773,19801
2024-01-12 01:35:00,2033.128,LONG,2031.9955714285713,2034.8266428571428,1.1324285714285256,19807
2024-01-12 03:10:00,2035.225,LONG,2034.3075714285715,2036.6011428571428,0.9174285714285588,19826
2024-01-12 04:35:00,2033.558,LONG,2032.9690714285714,2034.441392857143,0.5889285714285961,19843
2024-01-12 05:35:00,2034.845,LONG,2034.1437857142857,2035.8968214285715,0.7012142857142375,19855
2024-01-12 08:00:00,2038.698,LONG,2037.3097142857143,2040.7804285714287,1.388285714285725,19884
2024-01-12 10:05:00,2039.305,LONG,2038.4059285714286,2040.6536071428573,0.8990714285714115,19909
2024-01-12 13:20:00,2047.075,LONG,2045.3847857142857,2049.6103214285713,1.6902142857143028,19948
2024-01-12 15:10:00,2058.745,LONG,2056.250071428571,2062.487392857143,2.4949285714285776,19970
2024-01-12 15:45:00,2053.105,LONG,2050.668142857143,2056.7602857142856,2.4368571428571744,19977
2024-01-12 18:20:00,2047.245,SHORT,2048.8804999999998,2044.7917499999999,1.6354999999999953,20008
2024-01-12 20:00:00,2046.875,SHORT,2047.6587857142858,2045.6993214285715,0.7837857142857599,20028
2024-01-15 01:05:00,2049.045,LONG,2048.1743571428574,2050.3509642857143,0.870642857142814,20077
2024-01-15 01:20:00,2048.925,LONG,2048.002428571429,2050.3088571428575,0.9225714285714243,20080
2024-01-15 05:00:00,2054.255,LONG,2053.476857142857,2055.4222142857143,0.7781428571428413,20124
2024-01-15 05:10:00,2054.165,LONG,2053.4005714285713,2055.3116428571425,0.7644285714284901,20126
2024-01-15 06:10:00,2054.515,LONG,2053.710642857143,2055.7215357142854,0.804357142857108,20138
2024-01-15 07:55:00,2054.175,LONG,2052.9828571428575,2055.9632142857145,1.192142857142861,20159
2024-01-15 08:35:00,2056.845,LONG,2055.648357142857,2058.639964285714,1.1966428571428682,20167
2024-01-15 11:55:00,2053.225,SHORT,2053.862357142857,2052.268964285714,0.6373571428571917,20207
2024-01-15 13:00:00,2052.695,SHORT,2053.413785714286,2051.6168214285717,0.7187857142857216,20220
2024-01-15 13:20:00,2052.895,SHORT,2053.7102142857143,2051.6721785714285,0.815214285714319,20224
2024-01-15 13:50:00,2053.545,SHORT,2054.3816428571427,2052.2900357142858,0.836642857142806,20230
2024-01-15 14:30:00,2051.605,SHORT,2052.437857142857,2050.3557142857144,0.8328571428570675,20238
2024-01-15 18:30:00,2054.745,LONG,2054.2037857142855,2055.5568214285713,0.5412142857142693,20286
2024-01-15 23:35:00,2054.375,LONG,2053.6505714285713,2055.461642857143,0.7244285714286564,20305
2024-01-16 00:20:00,2053.575,SHORT,2054.3007857142857,2052.486321428571,0.7257857142857185,20314
2024-01-16 01:35:00,2052.185,SHORT,2053.2844999999998,2050.53575,1.0994999999999695,20329
2024-01-16 03:25:00,2050.545,SHORT,2051.299285714286,2049.4135714285717,0.7542857142856779,20351
2024-01-16 05:00:00,2048.855,SHORT,2049.362,2048.0945,0.506999999999932,20370
2024-01-16 06:15:00,2048.905,SHORT,2049.8467142857144,2047.4924285714287,0.9417142857142673,20385
2024-01-16 07:40:00,2049.278,SHORT,2050.341357142857,2047.6829642857142,1.06335714285709,20402
2024-01-16 08:25:00,2047.505,SHORT,2048.875571428571,2045.4491428571432,1.3705714285712898,20411
2024-01-16 11:25:00,2039.285,SHORT,2040.3445000000002,2037.69575,1.0594999999999573,20447
2024-01-16 13:20:00,2031.835,SHORT,2033.7495,2028.96325,1.9144999999999754,20470
2024-01-16 13:45:00,2039.285,SHORT,2042.1145714285715,2035.040642857143,2.8295714285713984,20475
2024-01-16 15:10:00,2038.975,SHORT,2040.8784999999998,2036.11975,1.903499999999927,20492
2024-01-16 16:05:00,2034.305,SHORT,2036.54,2030.9525,2.234999999999997,20503
2024-01-16 16:25:00,2036.685,SHORT,2039.3337857142856,2032.7118214285713,2.6487857142857365,20507
2024-01-16 19:25:00,2027.525,SHORT,2028.8395,2025.55325,1.314500000000034,20543
2024-01-16 19:55:00,2029.205,SHORT,2030.206857142857,2027.7022142857143,1.0018571428571315,20549
2024-01-16 21:45:00,2027.585,SHORT,2028.0997142857143,2026.8129285714285,0.5147142857142626,20571
2024-01-16 23:50:00,2027.115,SHORT,2027.9029285714287,2025.9331071428571,0.7879285714285678,20584
2024-01-17 00:00:00,2026.615,SHORT,2027.5087142857144,2025.2744285714286,0.8937142857142979,20586
2024-01-17 02:50:00,2029.045,LONG,2027.7295000000001,2031.01825,1.3155000000000103,20620
2024-01-17 04:55:00,2025.355,SHORT,2026.1807142857142,2024.1164285714285,0.8257142857142818,20645
2024-01-17 10:05:00,2022.955,SHORT,2024.07,2021.2824999999998,1.115000000000009,20707
2024-01-17 11:20:00,2025.575,LONG,2024.0843571428572,2027.8109642857144,1.4906428571428674,20722
2024-01-17 12:10:00,2026.338,LONG,2025.1347142857142,2028.1429285714285,1.2032857142857307,20732
2024-01-17 13:25:00,2025.108,LONG,2023.6273571428571,2027.3289642857142,1.4806428571428276,20747
2024-01-17 14:40:00,2019.215,SHORT,2021.8187857142857,2015.3093214285714,2.6037857142857126,20762
2024-01-17 19:35:00,2004.385,SHORT,2005.6452142857142,2002.4946785714285,1.2602142857142877,20821
2024-01-17 19:55:00,2005.455,SHORT,2006.5616428571427,2003.7950357142856,1.1066428571428528,20825
2024-01-17 20:45:00,2006.018,SHORT,2006.8308571428572,2004.7987142857144,0.8128571428571182,20835
2024-01-18 01:35:00,2010.025,LONG,2009.1642142857143,2011.3161785714287,0.8607857142857418,20881
2024-01-18 03:25:00,2007.035,SHORT,2007.8257142857144,2005.8489285714288,0.7907142857142487,20903
2024-01-18 03:50:00,2007.945,SHORT,2008.8355,2006.60925,0.8905000000000071,20908
2024-01-18 04:40:00,2007.848,SHORT,2008.492,2006.882,0.6440000000000055,20918
2024-01-18 07:30:00,2012.705,LONG,2011.7011428571427,2014.2107857142857,1.003857142857149,20952
2024-01-18 10:25:00,2011.845,LONG,2010.8047857142858,2013.4053214285716,1.0402142857143255,20987
2024-01-18 10:55:00,2011.535,LONG,2010.5532142857144,2013.0076785714286,0.9817857142857227,20993
2024-01-18 11:55:00,2012.505,LONG,2011.5652142857143,2013.9146785714288,0.9397857142857414,21005
2024-01-18 12:10:00,2014.775,LONG,2013.7445,2016.32075,1.0305000000000095,21008
2024-01-18 13:30:00,2012.225,LONG,2010.518857142857,2014.7842142857141,1.706142857142871,21024
2024-01-18 14:35:00,2011.365,SHORT,2013.6128571428571,2007.9932142857142,2.2478571428571286,21037
2024-01-18 15:00:00,2011.825,SHORT,2013.8680714285715,2008.760392857143,2.0430714285714333,21042
2024-01-18 16:00:00,2014.225,LONG,2012.7202857142856,2016.4820714285713,1.5047142857142717,21054
2024-01-18 16:55:00,2014.805,LONG,2013.3814285714286,2016.9403571428572,1.4235714285714332,21065
2024-01-18 17:10:00,2014.505,LONG,2013.102142857143,2016.6092857142858,1.4028571428571337,21068
2024-01-18 23:35:00,2022.445,LONG,2021.6461428571429,2023.6432857142856,0.7988571428571406,21133
2024-01-19 00:10:00,2023.065,LONG,2022.0977857142857,2024.5158214285716,0.9672142857142977,21140
2024-01-19 01:20:00,2022.825,LONG,2021.8981428571428,2024.2152857142858,0.9268571428571184,21154
2024-01-19 01:40:00,2024.965,LONG,2023.9257142857143,2026.5239285714285,1.0392857142856786,21158
2024-01-19 02:05:00,2023.315,LONG,2022.1142142857143,2025.1161785714285,1.2007857142856762,21163
2024-01-19 03:30:00,2022.515,LONG,2021.8650000000002,2023.49,0.649999999999961,21180
2024-01-19 05:40:00,2020.765,SHORT,2021.247142857143,2020.0417857142857,0.4821428571428896,21206
2024-01-19 06:00:00,2020.855,SHORT,2021.4778571428571,2019.9207142857142,0.6228571428571448,21210
2024-01-19 09:45:00,2029.025,LONG,2027.997142857143,2030.5667857142857,1.02785714285715,21255
2024-01-19 10:35:00,2029.405,LONG,2028.677357142857,2030.4964642857142,0.7276428571428498,21265
2024-01-19 11:35:00,2031.365,LONG,2030.5492857142858,2032.5885714285714,0.8157142857142746,21277
2024-01-19 16:05:00,2028.465,SHORT,2030.9322857142856,2024.7640714285712,2.4672857142857083,21331
2024-01-19 18:20:00,2027.175,SHORT,2028.4642142857142,2025.2411785714287,1.2892142857142355,21358
2024-01-19 20:00:00,2029.185,LONG,2028.4155,2030.33925,0.7694999999999936,21378
2024-01-21 23:35:00,2027.375,SHORT,2028.2326428571428,2026.0885357142856,0.8576428571428453,21409
2024-01-22 00:15:00,2026.615,SHORT,2027.4688571428571,2025.3342142857143,0.8538571428571393,21417
2024-01-22 02:05:00,2029.345,LONG,2028.3400714285715,2030.8523928571428,1.0049285714285847,21439
2024-01-22 07:20:00,2023.265,SHORT,2024.7633571428573,2021.0174642857144,1.4983571428571654,21502
2024-01-22 08:30:00,2022.825,SHORT,2024.4319285714287,2020.4146071428572,1.6069285714285602,21516
2024-01-22 09:10:00,2022.455,SHORT,2023.9357142857143,2020.2339285714284,1.4807142857143194,21524
2024-01-22 11:25:00,2023.265,LONG,2022.282142857143,2024.7392857142859,0.9828571428571097,21551
2024-01-22 15:15:00,2024.665,SHORT,2027.0089285714284,2021.149107142857,2.343928571428559,21597
2024-01-22 19:05:00,2020.775,SHORT,2021.674785714286,2019.4253214285716,0.8997857142857291,21643
2024-01-22 20:00:00,2020.075,SHORT,2020.7985714285714,2018.9896428571428,0.7235714285714364,21654
2024-01-22 23:30:00,2020.805,SHORT,2021.2740714285715,2020.101392857143,0.46907142857138034,21684
2024-01-23 01:45:00,2020.275,SHORT,2021.1052857142859,2019.0295714285714,0.8302857142857322,21711
2024-01-23 03:15:00,2022.575,LONG,2021.7913571428571,2023.7504642857143,0.7836428571428574,21729
2024-01-23 07:30:00,2031.455,LONG,2029.48,2034.4175,1.9750000000000065,21780
2024-01-23 07:50:00,2031.405,LONG,2029.25,2034.6375,2.1550000000000216,21784
2024-01-23 08:25:00,2030.075,LONG,2028.2178571428572,2032.8607142857143,1.8571428571428734,21791
2024-01-23 08:40:00,2029.095,LONG,2027.5,2031.4875000000002,1.5950000000000435,21794
2024-01-23 12:25:00,2023.995,SHORT,2025.2064285714284,2022.1778571428572,1.2114285714285415,21839
2024-01-23 13:45:00,2025.555,SHORT,2027.1537857142857,2023.1568214285714,1.5987857142857007,21855
2024-01-23 16:25:00,2023.645,SHORT,2025.1704285714286,2021.356857142857,1.5254285714285711,21887
2024-01-23 18:00:00,2023.885,SHORT,2024.8066428571428,2022.5025357142858,0.9216428571428098,21906
2024-01-23 20:50:00,2028.598,LONG,2027.9176428571427,2029.6185357142856,0.6803571428571656,21940
2024-01-24 01:35:00,2027.178,SHORT,2027.9139285714286,2026.0741071428572,0.7359285714285632,21985
2024-01-24 02:10:00,2025.295,SHORT,2026.1930714285716,2023.947892857143,0.8980714285714028,21992
2024-01-24 04:10:00,2024.345,SHORT,2025.0084285714286,2023.3498571428572,0.6634285714285723,22016
2024-01-24 04:25:00,2024.135,SHORT,2024.8084285714285,2023.124857142857,0.6734285714285956,22019
2024-01-24 04:55:00,2024.405,SHORT,2024.9893571428572,2023.5284642857143,0.5843571428571457,22025
2024-01-24 05:10:00,2024.205,SHORT,2024.8087857142857,2023.2993214285714,0.6037857142857125,22028
2024-01-24 07:10:00,2027.445,LONG,2026.4552142857142,2028.9296785714284,0.9897857142856797,22052
2024-01-24 09:00:00,2030.825,LONG,2029.4215,2032.9302500000001,1.4035000000000406,22074
2024-01-24 10:40:00,2029.875,LONG,2028.7807142857143,2031.5164285714286,1.0942857142856772,22094
2024-01-24 11:20:00,2032.295,LONG,2031.2342857142858,2033.8860714285715,1.060714285714263,22102
2024-01-24 12:25:00,2033.045,LONG,2032.0209285714286,2034.5811071428573,1.024071428571444,22115
2024-01-24 13:10:00,2034.048,LONG,2032.7894285714285,2035.9358571428572,1.2585714285714533,22124
2024-01-24 13:25:00,2035.595,LONG,2033.9577142857142,2038.0509285714286,1.6372857142857324,22127
2024-01-24 13:50:00,2034.025,LONG,2031.9055714285714,2037.2041428571429,2.1194285714285894,22132
2024-01-24 14:10:00,2032.715,LONG,2030.4555714285714,2036.1041428571427,2.259428571428592,22136
2024-01-24 17:15:00,2016.265,SHORT,2017.894,2013.8215,1.629000000000003,22173
2024-01-24 17:40:00,2017.675,SHORT,2019.0582857142856,2015.6000714285715,1.3832857142857133,22178
2024-01-24 18:20:00,2014.535,SHORT,2016.015642857143,2012.3140357142859,1.48064285714286,22186
2024-01-24 20:10:00,2012.765,SHORT,2013.8664285714287,2011.1128571428574,1.1014285714285441,22208
2024-01-25 00:20:00,2015.735,LONG,2014.9235714285714,2016.9521428571427,0.8114285714285481,22246
2024-01-25 03:15:00,2016.415,LONG,2015.7040714285715,2017.4813928571427,0.7109285714285372,22281
2024-01-25 04:00:00,2015.855,LONG,2015.1871428571428,2016.8567857142857,0.6678571428571526,22290
2024-01-25 05:10:00,2016.285,LONG,2015.807142857143,2017.001785714286,0.477857142857163,22304
2024-01-25 07:20:00,2015.705,SHORT,2016.7292857142857,2014.1685714285713,1.024285714285676,22330
2024-01-25 07:50:00,2016.238,LONG,2015.034642857143,2018.0430357142857,1.2033571428571253,22336
2024-01-25 08:40:00,2014.625,SHORT,2015.7742857142857,2012.9010714285714,1.1492857142857085,22346
2024-01-25 09:05:00,2013.198,SHORT,2014.3882142857144,2011.4126785714286,1.1902142857143028,22351
2024-01-25 11:55:00,2017.425,LONG,2016.546,2018.7435,0.8789999999999866,22385
2024-01-25 14:00:00,2019.995,LONG,2017.09,2024.3525,2.9050000000000216,22410
2024-01-25 15:35:00,2018.875,LONG,2016.4733571428571,2022.4774642857142,2.4016428571428117,22429
2024-01-25 18:30:00,2017.108,SHORT,2018.2599285714284,2015.380107142857,1.151928571428568,22464
2024-01-25 18:50:00,2015.115,SHORT,2016.3170714285714,2013.3118928571428,1.2020714285714413,22468
2024-01-25 23:15:00,2021.065,LONG,2020.4840714285715,2021.936392857143,0.5809285714286229,22509
2024-01-25 23:30:00,2020.555,LONG,2019.4787857142858,2022.1693214285715,1.0762142857143513,22512
2024-01-26 00:50:00,2020.925,LONG,2020.3544285714286,2021.780857142857,0.5705714285714326,22528
2024-01-26 01:45:00,2021.595,LONG,2020.5174285714286,2023.2113571428572,1.0775714285714295,22539
2024-01-26 03:20:00,2021.945,LONG,2021.2140714285713,2023.041392857143,0.7309285714286001,22558
2024-01-26 05:40:00,2022.598,LONG,2022.0539999999999,2023.414,0.5440000000000152,22586
2024-01-26 06:15:00,2022.235,LONG,2021.6291428571428,2023.1437857142855,0.6058571428571246,22593
2024-01-26 07:00:00,2022.165,LONG,2021.4912142857142,2023.1756785714285,0.6737857142856976,22602
2024-01-26 07:35:00,2021.575,SHORT,2022.4433571428572,2020.2724642857142,0.8683571428571213,22609
2024-01-26 08:05:00,2020.305,SHORT,2021.2990714285716,2018.813892857143,0.9940714285714226,22615
2024-01-26 09:50:00,2020.618,SHORT,2021.6156428571428,2019.1215357142855,0.9976428571428804,22636
2024-01-26 10:50:00,2023.585,LONG,2022.6383571428573,2025.0049642857143,0.9466428571428196,22648
2024-01-26 14:25:00,2021.485,LONG,2019.1245714285715,2025.0256428571427,2.360428571428526,22691
2024-01-26 16:25:00,2017.655,SHORT,2019.0978571428573,2015.4907142857141,1.4428571428571786,22715
2024-01-26 16:45:00,2017.755,SHORT,2019.1195000000002,2015.7082500000001,1.364500000000021,22719
2024-01-28 23:05:00,2026.055,LONG,2024.7978571428573,2027.9407142857144,1.2571428571428507,22783
2024-01-29 02:10:00,2022.885,LONG,2021.835,2024.46,1.0500000000000032,22820
2024-01-29 05:30:00,2025.215,LONG,2024.4687857142856,2026.3343214285715,0.7462142857143103,22860
2024-01-29 06:05:00,2026.565,LONG,2025.7764285714286,2027.7478571428574,0.7885714285714747,22867
2024-01-29 09:15:00,2030.045,LONG,2028.9897857142857,2031.6278214285715,1.0552142857142957,22905
2024-01-29 09:45:00,2029.075,LONG,2028.1750000000002,2030.425,0.8999999999999773,22911
2024-01-29 11:50:00,2027.375,SHORT,2028.3283571428572,2025.9449642857144,0.9533571428571415,22936
2024-01-29 16:50:00,2026.915,SHORT,2028.0697142857143,2025.1829285714284,1.1547142857142976,22996
2024-01-29 17:30:00,2030.235,LONG,2029.1790714285714,2031.8188928571428,1.0559285714285482,23004
2024-01-29 19:10:00,2026.865,SHORT,2027.7892857142858,2025.4785714285715,0.9242857142857345,23024
2024-01-29 23:25:00,2030.855,LONG,2029.9260714285715,2032.2483928571428,0.9289285714285792,23063
2024-01-30 01:50:00,2031.505,LONG,2030.6449285714286,2032.7951071428572,0.8600714285714243,23092
2024-01-30 03:25:00,2032.015,LONG,2031.39,2032.9525,0.6250000000000162,23111
2024-01-30 04:55:00,2031.705,LONG,2031.2,2032.4624999999999,0.5049999999999629,23129
2024-01-30 05:15:00,2032.465,LONG,2031.922857142857,2033.278214285714,0.542142857142835,23133
2024-01-30 05:25:00,2032.725,LONG,2032.155,2033.58,0.5699999999999851,23135
2024-01-30 05:30:00,2032.855,LONG,2032.2428571428572,2033.7732142857142,0.6121428571428363,23136
2024-01-30 06:05:00,2032.965,LONG,2032.3021428571428,2033.9592857142857,0.6628571428571409,23143
2024-01-30 07:00:00,2034.635,LONG,2033.601642857143,2036.1850357142857,1.03335714285715,23154
2024-01-30 09:30:00,2037.715,LONG,2036.7562857142857,2039.1530714285714,0.9587142857143037,23184
2024-01-30 10:15:00,2036.625,LONG,2035.626857142857,2038.1222142857143,0.9981428571428685,23193
2024-01-30 13:00:00,2035.685,SHORT,2036.6007142857143,2034.3114285714285,0.9157142857142649,23226
2024-01-30 17:25:00,2035.085,SHORT,2036.1119285714285,2033.544607142857,1.026928571428568,23279
2024-01-30 17:40:00,2033.558,SHORT,2034.5429285714285,2032.0806071428572,0.9849285714285543,23282
2024-01-30 23:40:00,2036.215,LONG,2035.8309285714286,2036.791107142857,0.38407142857144144,23342
2024-01-31 01:40:00,2035.195,SHORT,2035.905142857143,2034.1297857142856,0.7101428571428576,23366
2024-01-31 04:25:00,2033.655,SHORT,2034.0012142857142,2033.1356785714286,0.34621428571426804,23399
2024-01-31 05:05:00,2034.045,SHORT,2034.4292857142857,2033.4685714285715,0.38428571428572206,23407
2024-01-31 06:50:00,2033.915,SHORT,2034.467642857143,2033.0860357142858,0.5526428571428467,23428
2024-01-31 07:05:00,2035.285,LONG,2034.6959285714286,2036.1686071428571,0.5890714285714174,23431
2024-01-31 08:10:00,2037.365,LONG,2036.1720714285714,2039.154392857143,1.1929285714285893,23444
2024-01-31 09:10:00,2038.238,LONG,2037.3457857142857,2039.5763214285714,0.8922142857142522,23456
2024-01-31 10:15:00,2038.045,LONG,2037.3702857142857,2039.0570714285716,0.6747142857142795,23469
2024-01-31 10:30:00,2037.915,LONG,2037.2952142857143,2038.8446785714286,0.6197857142857076,23472
2024-01-31 11:35:00,2038.215,LONG,2037.5242857142857,2039.2510714285713,0.6907142857142584,23485
2024-01-31 13:30:00,2040.095,LONG,2038.6919285714287,2042.1996071428573,1.403071428571447,23508
2024-01-31 13:40:00,2040.715,LONG,2039.1126428571429,2043.1185357142856,1.6023571428571586,23510
2024-01-31 16:35:00,2050.575,LONG,2048.6157857142857,2053.513821428571,1.9592142857142594,23545
2024-01-31 16:45:00,2050.115,LONG,2048.0877857142855,2053.155821428571,2.0272142857142756,23547
2024-01-31 19:15:00,2043.825,SHORT,2045.9897142857144,2040.5779285714284,2.16471428571437,23577
2024-01-31 19:45:00,2047.705,SHORT,2051.2076428571427,2042.4510357142856,3.502642857142876,23583
2024-01-31 23:15:00,2039.965,SHORT,2041.2990714285713,2037.9638928571428,1.3340714285714381,23613
2024-02-01 01:10:00,2040.525,SHORT,2041.4175,2039.18625,0.8925000000000247,23636
2024-02-01 03:50:00,2046.685,LONG,2045.8592142857142,2047.9236785714284,0.8257857142856599,23668
2024-02-01 04:05:00,2046.365,LONG,2045.564,2047.5665,0.8009999999999471,23671
2024-02-01 05:10:00,2045.195,LONG,2044.6207857142856,2046.0563214285714,0.5742142857142848,23684
2024-02-01 09:40:00,2040.655,SHORT,2041.7492857142856,2039.0135714285714,1.094285714285726,23738
2024-02-01 12:10:00,2032.445,SHORT,2033.8935714285712,2030.2721428571429,1.4485714285714266,23768
2024-02-01 13:00:00,2033.735,SHORT,2035.0114285714285,2031.8203571428571,1.2764285714285475,23778
2024-02-01 15:05:00,2048.015,LONG,2044.9017142857142,2052.6849285714284,3.11328571428578,23803
2024-02-01 18:15:00,2054.835,LONG,2052.190857142857,2058.8012142857147,2.6441428571429566,23841
2024-02-02 03:10:00,2054.175,SHORT,2054.923928571429,2053.0516071428574,0.7489285714285481,23936
2024-02-02 05:10:00,2054.644,LONG,2054.122285714285,2055.426571428571,0.521714285714357,23960
2024-02-02 07:10:00,2056.335,LONG,2055.4002142857144,2057.7371785714286,0.934785714285681,23984
2024-02-02 07:30:00,2055.915,LONG,2054.930428571429,2057.391857142857,0.9845714285713386,23988
2024-02-02 07:50:00,2055.415,LONG,2054.4657857142856,2056.8388214285715,0.9492142857142036,23992
2024-02-02 10:30:00,2054.125,SHORT,2055.0435714285713,2052.747142857143,0.9185714285714701,24024
2024-02-02 12:10:00,2056.005,LONG,2055.2974285714286,2057.066357142857,0.707571428571425,24044
2024-02-02 12:20:00,2055.745,LONG,2055.078857142857,2056.744214285714,0.6661428571427938,24046
2024-02-02 12:55:00,2055.115,LONG,2054.326,2056.2985,0.7889999999999547,24053
2024-02-02 16:20:00,2033.998,SHORT,2035.9028571428573,2031.1407142857142,1.9048571428572,24094
2024-02-02 16:55:00,2036.165,SHORT,2037.7687857142857,2033.7593214285714,1.6037857142857288,24101
2024-02-02 19:15:00,2036.578,SHORT,2037.8050714285714,2034.7373928571428,1.2270714285714348,24129
2024-02-02 19:45:00,2037.475,SHORT,2038.3206428571427,2036.2065357142856,0.845642857142853,24135
2024-02-02 19:50:00,2038.475,LONG,2037.6150714285714,2039.7648928571427,0.8599285714285705,24136
2024-02-02 20:25:00,2037.544,LONG,2036.7242142857144,2038.7736785714287,0.8197857142856881,24143
2024-02-02 21:35:00,2037.678,LONG,2037.056,2038.611,0.6219999999999898,24157
2024-02-05 02:00:00,2037.865,SHORT,2038.9793571428572,2036.1934642857143,1.1143571428571508,24198
2024-02-05 02:25:00,2035.975,SHORT,2036.989357142857,2034.4534642857143,1.0143571428571445,24203
2024-02-05 04:20:00,2032.635,SHORT,2033.6297857142856,2031.1428214285713,0.9947857142857076,24226
2024-02-05 05:30:00,2030.475,SHORT,2031.3521428571428,2029.1592857142857,0.8771428571428065,24240
2024-02-05 06:30:00,2029.535,SHORT,2030.6232857142859,2027.9025714285715,1.0882857142857378,24252
2024-02-05 07:00:00,2029.985,SHORT,2031.1032142857143,2028.3076785714284,1.1182142857143162,24258
2024-02-05 07:50:00,2027.625,SHORT,2028.9140714285713,2025.6913928571428,1.2890714285714304,24268
2024-02-05 10:15:00,2022.555,SHORT,2023.4852142857144,2021.1596785714287,0.9302142857142955,24297
2024-02-05 15:35:00,2017.845,SHORT,2020.5432857142857,2013.7975714285715,2.6982857142856864,24361
2024-02-05 19:10:00,2026.935,LONG,2025.9797857142858,2028.3678214285712,0.9552142857142566,24404
2024-02-05 21:55:00,2025.005,LONG,2024.5970000000002,2025.617,0.4079999999999667,24437
2024-02-05 23:50:00,2025.055,LONG,2024.5155,2025.86425,0.539500000000008,24448
2024-02-06 07:00:00,2027.365,LONG,2026.5162857142857,2028.6380714285713,0.8487142857142415,24534
2024-02-06 07:40:00,2027.085,LONG,2026.2148571428572,2028.3902142857144,0.8701428571428583,24542
2024-02-06 10:15:00,2025.155,SHORT,2026.0619285714286,2023.794607142857,0.906928571428531,24573
2024-02-06 10:40:00,2023.785,SHORT,2024.6890714285714,2022.428892857143,0.9040714285713908,24578
2024-02-06 12:35:00,2026.195,LONG,2025.1599999999999,2027.7475,1.0350000000000168,24601
2024-02-06 12:55:00,2027.685,LONG,2026.6874285714284,2029.181357142857,0.9975714285714373,24605
2024-02-06 14:35:00,2028.735,LONG,2027.2315714285714,2030.9901428571427,1.5034285714285716,24625
2024-02-06 14:50:00,2031.815,LONG,2030.1187142857143,2034.3594285714287,1.6962857142857177,24628
2024-02-06 18:40:00,2035.895,LONG,2034.6778571428572,2037.7207142857144,1.2171428571428708,24674
2024-02-07 01:50:00,2035.035,SHORT,2035.6882142857144,2034.0551785714285,0.6532142857143006,24748
2024-02-07 02:45:00,2034.205,SHORT,2034.7326428571428,2033.4135357142857,0.5276428571428856,24759
2024-02-07 03:20:00,2034.615,SHORT,2035.1228571428571,2033.8532142857143,0.5078571428571844,24766
2024-02-07 09:15:00,2032.325,SHORT,2033.2105000000001,2030.99675,0.8854999999999791,24837
2024-02-07 10:35:00,2033.165,SHORT,2033.8390714285715,2032.1538928571429,0.6740714285714375,24853
2024-02-07 11:45:00,2034.045,LONG,2033.3455000000001,2035.09425,0.6994999999999924,24867
2024-02-07 11:55:00,2034.035,LONG,2033.3069285714287,2035.1271071428573,0.7280714285714112,24869
2024-02-07 14:35:00,2036.605,LONG,2034.8677857142857,2039.2108214285715,1.7372142857142794,24901
2024-02-07 15:35:00,2040.315,LONG,2037.3647857142857,2044.7403214285714,2.9502142857142775,24913
2024-02-07 18:25:00,2035.295,SHORT,2036.4296428571429,2033.5930357142859,1.1346428571428728,24947
2024-02-08 01:40:00,2037.375,LONG,2036.7425714285714,2038.3236428571429,0.6324285714285744,25022
2024-02-08 02:35:00,2036.835,LONG,2036.0904285714287,2037.951857142857,0.744571428571427,25033
2024-02-08 06:30:00,2032.775,SHORT,2033.4757142857143,2031.7239285714286,0.7007142857142981,25080
2024-02-08 06:55:00,2033.205,SHORT,2033.9292857142857,2032.1185714285714,0.724285714285754,25085
2024-02-08 07:20:00,2034.325,SHORT,2035.082142857143,2033.1892857142857,0.7571428571428831,25090
2024-02-08 08:00:00,2032.418,SHORT,2033.2744285714284,2031.133357142857,0.8564285714285721,25098
2024-02-08 08:15:00,2031.345,SHORT,2032.2583571428572,2029.9749642857143,0.9133571428571615,25101
2024-02-08 09:20:00,2030.705,SHORT,2031.5368571428571,2029.4572142857141,0.8318571428571399,25114
2024-02-08 18:45:00,2031.995,LONG,2030.6943571428571,2033.9459642857141,1.3006428571428452,25227
2024-02-09 00:35:00,2033.674,LONG,2033.2570714285714,2034.299392857143,0.4169285714285869,25285
2024-02-09 02:15:00,2034.765,LONG,2034.1668571428572,2035.6622142857143,0.5981428571428425,25305
2024-02-09 02:50:00,2034.434,LONG,2033.9325714285715,2035.1861428571428,0.5014285714285863,25312
2024-02-09 04:45:00,2033.365,SHORT,2033.8681428571429,2032.6102857142857,0.5031428571428153,25335
2024-02-09 05:40:00,2033.138,SHORT,2033.5592142857142,2032.5061785714286,0.4212142857142161,25346
2024-02-09 08:10:00,2031.165,SHORT,2031.9846428571427,2029.9355357142856,0.8196428571428507,25376
2024-02-09 09:55:00,2031.485,SHORT,2032.2442857142855,2030.3460714285713,0.7592857142857221,25397
2024-02-09 11:45:00,2032.038,SHORT,2032.6215714285715,2031.1626428571428,0.5835714285714337,25419
2024-02-09 13:55:00,2026.938,SHORT,2029.3101428571429,2023.3797857142858,2.3721428571428436,25445
2024-02-09 14:30:00,2023.525,SHORT,2026.395142857143,2019.2197857142858,2.8701428571428584,25452
2024-02-09 15:10:00,2025.575,SHORT,2027.669,2022.434,2.0940000000000185,25460
2024-02-09 19:55:00,2024.665,LONG,2024.0045,2025.65575,0.6605000000000213,25517
2024-02-09 20:55:00,2025.035,LONG,2024.4373571428573,2025.9314642857144,0.5976428571428869,25529
2024-02-12 05:10:00,2023.205,SHORT,2023.6235714285713,2022.5771428571427,0.41857142857143764,25616
2024-02-12 06:45:00,2024.118,LONG,2023.7067142857143,2024.7349285714286,0.41128571428568456,25635
2024-02-12 07:15:00,2023.425,LONG,2022.9147142857144,2024.1904285714284,0.5102857142856497,25641
2024-02-12 07:30:00,2024.645,LONG,2023.9890714285714,2025.6288928571428,0.6559285714285222,25644
2024-02-12 11:40:00,2021.665,SHORT,2022.2680714285714,2020.7603928571427,0.6030714285714437,25694
2024-02-12 12:40:00,2020.725,SHORT,2021.3319285714285,2019.814607142857,0.6069285714285603,25706
2024-02-12 13:15:00,2026.948,LONG,2026.0194285714285,2028.3408571428572,0.928571428571461,25713
2024-02-12 15:30:00,2014.295,SHORT,2016.2862142857143,2011.3081785714287,1.9912142857142985,25740
2024-02-12 20:40:00,2019.728,LONG,2019.1233571428572,2020.6349642857142,0.6046428571428188,25802
2024-02-13 00:15:00,2018.435,SHORT,2018.7990714285713,2017.8888928571428,0.36407142857145963,25833
2024-02-13 00:40:00,2018.725,SHORT,2019.1385714285714,2018.1046428571428,0.4135714285714422,25838
2024-02-13 02:05:00,2019.518,LONG,2018.9372142857144,2020.3891785714286,0.5807857142857041,25855
2024-02-13 03:55:00,2018.498,SHORT,2019.0164285714286,2017.7203571428572,0.5184285714286067,25877
2024-02-13 04:45:00,2018.825,SHORT,2019.2228571428573,2018.2282142857143,0.3978571428571383,25887
2024-02-13 05:10:00,2019.885,LONG,2019.4537857142857,2020.5318214285714,0.43121428571427195,25892
2024-02-13 10:30:00,2026.605,LONG,2026.017142857143,2027.4867857142858,0.5878571428571279,25956
2024-02-13 12:00:00,2027.908,LONG,2027.1870714285712,2028.9893928571428,0.720928571428593,25974
2024-02-13 18:20:00,1993.915,SHORT,1994.8799999999999,1992.4675,0.9649999999999993,26050
2024-02-13 20:25:00,1992.375,SHORT,1993.005,1991.43,0.630000000000028,26075
2024-02-13 20:35:00,1992.825,SHORT,1993.4292857142857,1991.9185714285713,0.6042857142857331,26077
2024-02-13 21:35:00,1992.738,SHORT,1993.2796428571428,1991.9255357142858,0.5416428571428307,26089
2024-02-13 23:00:00,1991.908,SHORT,1992.4445714285712,1991.1031428571428,0.5365714285713921,26094
2024-02-13 23:10:00,1992.035,SHORT,1992.5837142857144,1991.2119285714286,0.5487142857142544,26096
2024-02-14 00:25:00,1992.255,SHORT,1992.764285714286,1991.4910714285716,0.5092857142857383,26111
2024-02-14 01:10:00,1990.975,SHORT,1991.6267142857141,1989.9974285714284,0.6517142857143037,26120
2024-02-14 02:35:00,1991.405,SHORT,1992.2769285714285,1990.097107142857,0.8719285714285954,26137
2024-02-14 04:30:00,1992.418,LONG,1992.0104285714285,1993.029357142857,0.4075714285714217,26160
2024-02-14 05:00:00,1992.495,LONG,1992.0945714285713,1993.0956428571428,0.4004285714285548,26166
2024-02-14 05:35:00,1992.985,LONG,1992.5417142857143,1993.6499285714285,0.44328571428569113,26173
2024-02-14 05:45:00,1992.995,LONG,1992.5592857142856,1993.6485714285714,0.43571428571426296,26175
2024-02-14 06:20:00,1992.175,LONG,1991.7440714285715,1992.8213928571429,0.4309285714285482,26182
2024-02-14 07:00:00,1991.075,SHORT,1991.6980714285714,1990.140392857143,0.623071428571393,26190
2024-02-14 08:55:00,1988.355,SHORT,1989.6614285714286,1986.3953571428572,1.3064285714285688,26213
2024-02-14 09:35:00,1989.885,SHORT,1990.9532857142858,1988.2825714285714,1.0682857142857236,26221
2024-02-14 11:35:00,1991.835,LONG,1990.8057142857142,1993.3789285714286,1.0292857142857201,26245
2024-02-14 13:10:00,1991.218,SHORT,1992.1787142857142,1989.7769285714287,0.960714285714289,26264
2024-02-14 13:50:00,1989.435,SHORT,1991.0049285714285,1987.080107142857,1.5699285714285907,26272
2024-02-14 16:15:00,1988.795,SHORT,1990.4899285714287,1986.2526071428572,1.694928571428542,26301
2024-02-14 17:30:00,1991.805,LONG,1990.3438571428571,1993.9967142857145,1.4611428571428828,26316
2024-02-14 19:10:00,1991.575,LONG,1990.511642857143,1993.1700357142856,1.0633571428570738,26336
2024-02-14 20:15:00,1990.438,SHORT,1991.0489285714286,1989.5216071428572,0.6109285714285956,26349
2024-02-14 21:15:00,1990.608,SHORT,1991.0874999999999,1989.8887499999998,0.47950000000001375,26361
2024-02-14 23:10:00,1993.185,LONG,1992.5039285714286,1994.2066071428571,0.6810714285714344,26372
2024-02-15 00:30:00,1993.175,LONG,1992.6514285714286,1993.9603571428572,0.5235714285714396,26388
2024-02-15 01:50:00,1992.985,LONG,1992.3487857142857,1993.9393214285712,0.6362142857142642,26404
2024-02-15 02:05:00,1992.865,LONG,1992.2319285714286,1993.814607142857,0.6330714285714326,26407
2024-02-15 04:40:00,1991.285,SHORT,1991.875,1990.4,0.5899999999999993,26438
2024-02-15 05:50:00,1991.985,SHORT,1992.4145714285712,1991.3406428571427,0.4295714285714049,26452
2024-02-15 06:15:00,1992.595,LONG,1992.1118571428572,1993.3197142857143,0.4831428571428497,26457
2024-02-15 06:40:00,1992.875,LONG,1992.2045,1993.88075,0.6705000000000284,26462
2024-02-15 07:05:00,1993.125,LONG,1992.3414285714287,1994.3003571428571,0.7835714285714468,26467
2024-02-15 07:50:00,1993.835,LONG,1993.0964285714285,1994.942857142857,0.7385714285714228,26476
2024-02-15 09:20:00,1994.475,LONG,1993.8547857142858,1995.4053214285711,0.6202142857142202,26494
2024-02-15 09:45:00,1996.045,LONG,1995.3974285714287,1997.0163571428573,0.6475714285713983,26499
2024-02-15 11:35:00,1996.795,LONG,1996.0773571428572,1997.8714642857144,0.7176428571428589,26521
2024-02-15 12:10:00,1997.145,LONG,1996.4902142857143,1998.1271785714284,0.6547857142856921,26528
2024-02-15 12:35:00,1997.815,LONG,1997.0030714285715,1999.032892857143,0.8119285714285525,26533
2024-02-15 12:45:00,1998.765,LONG,1997.9150000000002,2000.0400000000002,0.8499999999999902,26535
2024-02-15 17:15:00,2001.485,LONG,2000.2171428571428,2003.3867857142855,1.2678571428571104,26589
2024-02-15 19:30:00,2005.228,LONG,2004.3120714285715,2006.601892857143,0.9159285714285456,26616
2024-02-15 20:55:00,2004.315,LONG,2003.7464285714286,2005.1678571428572,0.568571428571415,26633
2024-02-15 23:00:00,2004.448,LONG,2004.010785714286,2005.1038214285716,0.43721428571425996,26646
2024-02-15 23:45:00,2004.045,LONG,2003.6547142857144,2004.6304285714286,0.39028571428569386,26655
2024-02-16 01:15:00,2002.848,SHORT,2003.3257142857142,2002.1314285714286,0.47771428571427677,26673
2024-02-16 03:55:00,2004.178,LONG,2003.6325000000002,2004.9962500000001,0.5455000000000284,26705
2024-02-16 04:45:00,2003.385,SHORT,2003.834,2002.7115,0.4490000000000204,26715
2024-02-16 06:50:00,2003.605,SHORT,2004.1162142857142,2002.8381785714287,0.5112142857142642,26740
2024-02-16 08:05:00,2005.435,LONG,2004.7066428571427,2006.5275357142857,0.7283571428571675,26755
2024-02-16 08:35:00,2004.835,LONG,2004.071642857143,2005.9800357142858,0.7633571428571843,26761
2024-02-16 09:00:00,2005.085,LONG,2004.315,2006.24,0.7700000000000468,26766
2024-02-16 09:20:00,2004.665,LONG,2003.9785714285713,2005.6946428571428,0.6864285714285968,26770
2024-02-16 10:00:00,2005.155,LONG,2004.542357142857,2006.0739642857143,0.6126428571429058,26778
2024-02-16 10:30:00,2006.125,LONG,2005.547357142857,2006.9914642857143,0.5776428571429213,26784
2024-02-16 12:15:00,2007.655,LONG,2007.1219285714285,2008.4546071428572,0.5330714285714261,26805
2024-02-16 13:30:00,1998.625,SHORT,1999.8069285714284,1996.8521071428572,1.1819285714285408,26820
2024-02-16 14:00:00,2001.145,SHORT,2003.5993571428571,1997.4634642857143,2.4543571428571505,26826
2024-02-16 19:50:00,2012.885,LONG,2012.0592857142858,2014.1235714285715,0.8257142857142818,26896
2024-02-16 20:10:00,2011.535,LONG,2010.7212142857143,2012.7556785714287,0.8137857142857163,26900
2024-02-16 20:40:00,2012.905,LONG,2012.1890714285714,2013.978892857143,0.7159285714285814,26906
2024-02-19 01:55:00,2019.735,LONG,2018.2747857142856,2021.9253214285714,1.4602142857143008,26955
2024-02-19 04:30:00,2018.845,LONG,2018.1736428571428,2019.8520357142859,0.6713571428571673,26986
2024-02-19 05:40:00,2020.545,LONG,2019.867785714286,2021.5608214285714,0.6772142857142528,27000
2024-02-19 07:10:00,2021.955,LONG,2021.3602142857142,2022.8471785714285,0.5947857142856817,27018
2024-02-19 09:05:00,2019.795,SHORT,2020.5790714285715,2018.6188928571428,0.7840714285714512,27041
2024-02-19 09:50:00,2019.785,SHORT,2020.4355,2018.80925,0.6505000000000142,27050
2024-02-19 11:35:00,2018.218,SHORT,2018.8439285714287,2017.2791071428571,0.6259285714286145,27071
2024-02-19 12:35:00,2017.685,SHORT,2018.3276428571428,2016.7210357142858,0.642642857142846,27083
2024-02-19 13:55:00,2016.745,SHORT,2017.663357142857,2015.3674642857143,0.9183571428571246,27099
2024-02-20 02:00:00,2017.215,LONG,2016.2835,2018.61225,0.9315000000000282,27202
2024-02-20 05:15:00,2019.335,LONG,2018.8767142857143,2020.0224285714287,0.45828571428572623,27241
2024-02-20 06:05:00,2017.955,LONG,2017.4020714285714,2018.7843928571428,0.5529285714286029,27251
2024-02-20 06:25:00,2019.385,LONG,2018.7935714285713,2020.2721428571429,0.5914285714285857,27255
2024-02-20 07:10:00,2020.205,LONG,2019.4887857142855,2021.2793214285714,0.7162142857142888,27264
2024-02-20 08:25:00,2022.145,LONG,2021.2745714285713,2023.4506428571428,0.8704285714285659,27279
2024-02-20 08:55:00,2022.735,LONG,2021.9019285714285,2023.984607142857,0.8330714285713968,27285
2024-02-20 11:50:00,2026.185,LONG,2025.2762142857143,2027.5481785714285,0.9087857142856949,27320
2024-02-20 12:50:00,2026.695,LONG,2025.8830714285714,2027.9128928571429,0.811928571428585,27332
2024-02-20 13:20:00,2027.698,LONG,2026.8242142857143,2029.0086785714286,0.8737857142857267,27338
2024-02-20 15:15:00,2028.495,LONG,2026.8504285714284,2030.961857142857,1.644571428571453,27361
2024-02-20 15:45:00,2027.555,LONG,2026.0395,2029.82825,1.5155000000000396,27367
2024-02-20 17:00:00,2026.655,SHORT,2027.5142857142857,2025.3660714285716,0.8592857142856799,27382
2024-02-20 23:30:00,2023.885,SHORT,2024.3021428571428,2023.2592857142859,0.4171428571428188,27448
2024-02-21 00:10:00,2023.025,SHORT,2023.53,2022.2675000000002,0.5049999999999629,27456
2024-02-21 00:50:00,2023.415,SHORT,2023.855,2022.755,0.43999999999997336,27464
2024-02-21 01:00:00,2023.395,SHORT,2023.8435714285713,2022.722142857143,0.44857142857141036,27466
2024-02-21 06:25:00,2030.365,LONG,2029.6060714285716,2031.503392857143,0.758928571428539,27531
2024-02-21 06:50:00,2029.955,LONG,2029.270142857143,2030.9822857142856,0.6848571428571242,27536
2024-02-21 07:35:00,2028.825,LONG,2028.1737142857144,2029.8019285714286,0.6512857142856936,27545
2024-02-21 09:30:00,2027.345,SHORT,2028.1138571428571,2026.1917142857144,0.7688571428571355,27568
2024-02-21 09:50:00,2028.035,SHORT,2028.7997857142857,2026.8878214285714,0.7647857142857057,27572
2024-02-21 11:35:00,2027.778,SHORT,2028.467,2026.7445,0.6889999999999807,27593
2024-02-21 12:00:00,2028.045,SHORT,2028.6557142857143,2027.1289285714288,0.61071428571425,27598
2024-02-21 12:40:00,2029.035,LONG,2028.3299285714286,2030.092607142857,0.7050714285714028,27606
2024-02-21 13:35:00,2029.795,LONG,2028.7785000000001,2031.31975,1.0164999999999995,27617
2024-02-21 13:55:00,2028.625,LONG,2027.4335,2030.41225,1.191500000000003,27621
2024-02-21 18:05:00,2022.855,SHORT,2023.8828571428571,2021.3132142857144,1.0278571428571337,27671
2024-02-21 19:35:00,2025.245,SHORT,2026.7290714285714,2023.0188928571429,1.4840714285713992,27689
2024-02-21 21:15:00,2024.045,SHORT,2024.8239285714287,2022.8766071428572,0.7789285714285532,27709
2024-02-21 23:55:00,2025.658,LONG,2025.0851428571427,2026.5172857142857,0.5728571428571578,27729
2024-02-22 00:10:00,2025.415,LONG,2024.9223571428572,2026.1539642857142,0.49264285714285244,27732
2024-02-22 02:00:00,2027.385,LONG,2026.4702142857143,2028.7571785714285,0.9147857142856992,27754
2024-02-22 06:55:00,2029.165,LONG,2028.4954285714284,2030.169357142857,0.6695714285714465,27813
2024-02-22 10:05:00,2030.015,LONG,2029.0164285714288,2031.5128571428572,0.9985714285713649,27851
2024-02-22 12:30:00,2028.805,SHORT,2029.5585714285714,2027.674642857143,0.7535714285714253,27880
2024-02-22 14:00:00,2025.375,SHORT,2027.183,2022.663,1.8079999999999603,27898
2024-02-22 15:00:00,2022.985,SHORT,2024.9377857142856,2020.0558214285713,1.9527857142857263,27910
2024-02-22 18:15:00,2020.425,SHORT,2021.4095,2018.94825,0.9845000000000417,27949
2024-02-22 19:15:00,2022.595,SHORT,2023.49,2021.2525,0.894999999999998,27961
2024-02-22 21:55:00,2024.514,LONG,2024.1057857142855,2025.1263214285714,0.4082142857143286,27993
2024-02-23 00:05:00,2024.825,LONG,2024.1690714285714,2025.8088928571428,0.6559285714285547,28007
2024-02-23 01:10:00,2026.725,LONG,2025.815857142857,2028.0887142857143,0.909142857142878,28020
2024-02-23 01:50:00,2026.655,LONG,2025.789857142857,2027.9527142857144,0.8651428571428953,28028
2024-02-23 03:25:00,2025.355,LONG,2024.7957142857142,2026.1939285714286,0.559285714285774,28047
2024-02-23 03:40:00,2026.075,LONG,2025.5492857142858,2026.8635714285715,0.5257142857143273,28050
2024-02-23 03:55:00,2025.665,LONG,2025.1059285714284,2026.5036071428572,0.5590714285714772,28053
2024-02-23 07:55:00,2021.684,SHORT,2022.517857142857,2020.4332142857143,0.8338571428571251,28101
2024-02-23 08:25:00,2020.095,SHORT,2021.0308571428573,2018.6912142857143,0.9358571428571493,28107
2024-02-23 08:35:00,2019.855,SHORT,2020.855857142857,2018.3537142857142,1.000857142857139,28109
2024-02-23 13:35:00,2026.795,LONG,2025.3100000000002,2029.0225,1.4849999999999812,28169
2024-02-23 13:55:00,2025.275,LONG,2023.944785714286,2027.2703214285716,1.3302142857142891,28173
2024-02-23 15:20:00,2027.715,LONG,2026.1770714285713,2030.0218928571428,1.5379285714286002,28190
2024-02-26 01:25:00,2032.495,SHORT,2033.4405714285713,2031.0766428571428,0.9455714285714164,28299
2024-02-26 02:05:00,2031.145,SHORT,2032.0340714285715,2029.811392857143,0.8890714285714694,28307
2024-02-26 06:25:00,2033.245,LONG,2032.4737857142857,2034.4018214285713,0.7712142857142713,28359
2024-02-26 07:00:00,2032.905,LONG,2032.1944285714285,2033.970857142857,0.7105714285714028,28366
2024-02-26 07:20:00,2034.155,LONG,2033.3747142857144,2035.3254285714286,0.7802857142856803,28370
2024-02-26 11:35:00,2032.058,SHORT,2032.9796428571428,2030.6755357142858,0.9216428571428261,28421
2024-02-26 16:15:00,2027.175,SHORT,2028.5397857142857,2025.1278214285712,1.3647857142857447,28477
2024-02-26 19:35:00,2029.165,LONG,2028.504357142857,2030.1559642857142,0.6606428571428751,28517
2024-02-26 21:20:00,2031.615,LONG,2031.0855,2032.40925,0.5295000000000171,28538
2024-02-26 23:05:00,2030.878,LONG,2030.501857142857,2031.4422142857143,0.3761428571428788,28547
2024-02-27 00:55:00,2031.425,LONG,2030.8664999999999,2032.26275,0.5585000000000296,28569
2024-02-27 01:15:00,2032.878,LONG,2032.2623571428571,2033.8014642857142,0.6156428571428998,28573
2024-02-27 03:30:00,2032.765,LONG,2032.1906428571428,2033.6265357142859,0.5743571428571548,28600
2024-02-27 05:20:00,2033.315,LONG,2032.915642857143,2033.9140357142858,0.3993571428571191,28622
2024-02-27 05:35:00,2033.355,LONG,2032.9122857142856,2034.0190714285714,0.44271428571425986,28625
2024-02-27 07:00:00,2033.815,LONG,2033.2957857142858,2034.5938214285716,0.5192142857143186,28642
2024-02-27 08:05:00,2035.395,LONG,2034.6788571428572,2036.4692142857143,0.7161428571428294,28655
2024-02-27 09:45:00,2036.705,LONG,2035.907357142857,2037.9014642857142,0.7976428571428836,28675
2024-02-27 10:15:00,2035.465,LONG,2034.7619285714286,2036.519607142857,0.7030714285714177,28681
2024-02-27 12:45:00,2038.025,LONG,2037.2880714285716,2039.1303928571429,0.7369285714285395,28711
2024-02-27 13:45:00,2036.755,LONG,2035.6787857142858,2038.3693214285715,1.07621428571427,28723
2024-02-27 14:05:00,2034.405,SHORT,2035.518857142857,2032.7342142857142,1.1138571428571464,28727
2024-02-27 15:00:00,2034.455,SHORT,2035.838857142857,2032.3792142857142,1.3838571428571282,28738
2024-02-27 17:00:00,2032.045,SHORT,2033.0447142857142,2030.5454285714286,0.9997142857142437,28762
2024-02-27 21:00:00,2030.035,SHORT,2030.5485714285714,2029.264642857143,0.5135714285714162,28810
2024-02-27 23:55:00,2030.025,SHORT,2030.4405714285715,2029.401642857143,0.41557142857141116,28833
2024-02-28 03:55:00,2030.835,SHORT,2031.327,2030.0970000000002,0.4919999999999618,28881
2024-02-28 04:45:00,2030.538,SHORT,2031.004357142857,2029.8384642857143,0.46635714285715885,28891
2024-02-28 06:45:00,2029.645,SHORT,2030.1790714285714,2028.843892857143,0.5340714285713862,28915
2024-02-28 08:40:00,2027.895,SHORT,2028.4759285714285,2027.0236071428571,0.5809285714285904,28938
2024-02-28 10:45:00,2026.755,SHORT,2027.5778571428573,2025.5207142857143,0.8228571428571415,28963
2024-02-28 15:00:00,2032.505,LONG,2031.1573571428573,2034.5264642857144,1.3476428571428383,29014
2024-02-28 15:20:00,2032.405,LONG,2031.157357142857,2034.2764642857142,1.247642857142848,29018
2024-02-28 17:40:00,2033.135,LONG,2032.422857142857,2034.2032142857142,0.7121428571428591,29046
2024-02-28 18:15:00,2033.545,LONG,2032.777857142857,2034.6957142857143,0.7671428571428578,29053
2024-02-28 21:20:00,2033.435,LONG,2032.9852142857142,2034.1096785714285,0.4497857142857161,29090
2024-02-29 01:00:00,2034.835,LONG,2034.3392857142858,2035.5785714285714,0.49571428571430587,29122
2024-02-29 03:35:00,2035.565,LONG,2035.011642857143,2036.3950357142858,0.5533571428571317,29153
2024-02-29 04:15:00,2035.995,LONG,2035.5559285714285,2036.653607142857,0.43907142857145637,29161
2024-02-29 07:50:00,2036.925,LONG,2036.3314285714284,2037.815357142857,0.5935714285714246,29204
2024-02-29 08:15:00,2036.125,LONG,2035.4057142857143,2037.2039285714286,0.7192857142856935,29209
2024-02-29 09:30:00,2035.395,SHORT,2036.1469285714284,2034.2671071428572,0.7519285714284771,29224
2024-02-29 17:10:00,2045.255,LONG,2044.0697142857143,2047.0329285714288,1.1852857142857343,29316
2024-02-29 17:35:00,2044.315,LONG,2043.3182857142858,2045.8100714285715,0.996714285714266,29321
2024-02-29 18:00:00,2045.928,LONG,2044.9587857142858,2047.3818214285716,0.9692142857142828,29326
2024-03-01 01:00:00,2043.335,SHORT,2043.9056428571428,2042.4790357142858,0.570642857142827,29398
2024-03-01 05:45:00,2044.605,SHORT,2045.1661428571429,2043.7632857142858,0.5611428571428405,29455
2024-03-01 07:30:00,2047.085,LONG,2046.3845000000001,2048.13575,0.7004999999999849,29476
2024-03-01 09:25:00,2044.615,SHORT,2045.9085714285713,2042.674642857143,1.2935714285714053,29499
2024-03-01 14:35:00,2053.015,LONG,2051.3492857142855,2055.513571428571,1.6657142857142,29561
2024-03-01 20:20:00,2083.975,LONG,2083.071357142857,2085.3304642857142,0.9036428571428782,29630
2024-03-01 21:00:00,2083.515,LONG,2082.712357142857,2084.7189642857143,0.8026428571428629,29638
2024-03-04 00:35:00,2083.435,LONG,2082.6359285714284,2084.633607142857,0.7990714285713888,29669
2024-03-04 02:20:00,2081.025,SHORT,2081.8305714285716,2079.816642857143,0.8055714285714137,29690
2024-03-04 05:05:00,2080.515,SHORT,2080.8577857142855,2080.0008214285713,0.3427857142857452,29723
2024-03-04 05:40:00,2081.655,SHORT,2082.0335714285716,2081.087142857143,0.378571428571474,29730
2024-03-04 05:55:00,2081.384,SHORT,2081.8207142857145,2080.7289285714287,0.436714285714353,29733
2024-03-04 06:45:00,2082.678,LONG,2081.914214285714,2083.8236785714284,0.7637857142857618,29743
2024-03-04 09:20:00,2083.895,LONG,2082.8502857142857,2085.4620714285716,1.0447142857143004,29774
2024-03-04 10:35:00,2083.415,LONG,2082.532857142857,2084.738214285714,0.8821428571428507,29789
2024-03-04 12:30:00,2082.228,SHORT,2083.024,2081.034,0.7959999999999192,29812
2024-03-04 12:55:00,2082.465,SHORT,2083.2078571428574,2081.3507142857147,0.7428571428570844,29817
2024-03-04 20:15:00,2116.275,LONG,2115.4373571428573,2117.5314642857143,0.8376428571428798,29905
2024-03-04 21:20:00,2116.085,LONG,2115.2654285714284,2117.3143571428573,0.81957142857144,29918
2024-03-05 00:00:00,2115.565,LONG,2114.7485714285713,2116.789642857143,0.8164285714285597,29938
2024-03-05 00:45:00,2114.525,LONG,2113.7875,2115.63125,0.737499999999987,29947
2024-03-05 01:05:00,2115.845,LONG,2114.9894285714286,2117.128357142857,0.8555714285714332,29951
2024-03-05 02:45:00,2111.625,SHORT,2112.4374285714284,2110.406357142857,0.8124285714286218,29971
2024-03-05 04:10:00,2113.355,SHORT,2114.135714285714,2112.1839285714286,0.7807142857142415,29988
2024-03-05 06:30:00,2116.648,LONG,2115.4275714285714,2118.478642857143,1.2204285714285885,30016
2024-03-05 06:45:00,2115.705,LONG,2114.586214285714,2117.3831785714283,1.1187857142857152,30019
2024-03-05 10:40:00,2124.295,LONG,2122.9712142857143,2126.2806785714283,1.3237857142856424,30066
2024-03-05 12:00:00,2125.075,LONG,2123.7391428571427,2127.0787857142855,1.3358571428571915,30082
2024-03-05 12:30:00,2122.505,LONG,2121.168357142857,2124.5099642857144,1.3366428571429034,30088
2024-03-05 14:05:00,2127.915,LONG,2123.4945,2134.54575,4.420500000000045,30107
2024-03-05 15:40:00,2131.745,LONG,2127.5570714285714,2138.0268928571427,4.187928571428529,30126
2024-03-05 17:25:00,2129.528,LONG,2127.779928571428,2132.150107142857,1.748071428571458,30147
2024-03-05 18:45:00,2131.275,LONG,2129.814428571429,2133.465857142857,1.4605714285714515,30163
2024-03-05 20:05:00,2130.218,LONG,2128.9639285714284,2132.099107142857,1.2540714285714134,30179
2024-03-05 23:30:00,2127.945,SHORT,2128.582428571429,2126.9888571428573,0.6374285714286348,30208
2024-03-06 00:00:00,2126.635,SHORT,2127.2705,2125.68175,0.6355000000000602,30214
2024-03-06 00:10:00,2127.105,SHORT,2127.703857142857,2126.206714285714,0.5988571428572088,30216
2024-03-06 02:20:00,2124.928,SHORT,2125.7186428571426,2123.7420357142855,0.7906428571428218,30242
2024-03-06 03:15:00,2124.815,SHORT,2125.5202142857142,2123.7571785714285,0.7052142857142242,30253
2024-03-06 04:25:00,2125.455,SHORT,2126.0914285714284,2124.500357142857,0.636428571428626,30267
2024-03-06 06:15:00,2126.225,LONG,2125.4729285714284,2127.353107142857,0.7520714285714283,30289
2024-03-06 06:30:00,2126.425,LONG,2125.599857142857,2127.6627142857146,0.8251428571428343,30292
2024-03-06 07:00:00,2128.695,LONG,2127.8770714285715,2129.921892857143,0.8179285714285405,30298
2024-03-06 08:15:00,2128.475,LONG,2127.4080714285715,2130.075392857143,1.0669285714285965,30313
2024-03-06 09:35:00,2126.355,SHORT,2127.4145714285714,2124.7656428571427,1.059571428571449,30329
2024-03-06 10:00:00,2127.635,SHORT,2128.649785714286,2126.1128214285714,1.0147857142857706,30334
2024-03-06 13:35:00,2134.815,LONG,2132.8674285714287,2137.7363571428573,1.9475714285714665,30377
2024-03-06 16:50:00,2144.945,LONG,2142.865285714286,2148.0645714285715,2.0797142857142523,30416
2024-03-06 17:50:00,2144.215,LONG,2141.926642857143,2147.647535714286,2.288357142857097,30428
2024-03-06 18:10:00,2146.965,LONG,2144.9790000000003,2149.944,1.9859999999999738,30432
2024-03-06 20:00:00,2144.385,LONG,2142.5735000000004,2147.1022500000004,1.8114999999999586,30454
2024-03-06 21:20:00,2145.825,LONG,2145.076,2146.9485,0.7489999999999587,30470
2024-03-06 21:30:00,2146.425,LONG,2145.6005,2147.66175,0.8244999999999761,30472
2024-03-07 00:10:00,2148.385,LONG,2147.0702142857144,2150.357178571429,1.3147857142857577,30492
2024-03-07 01:50:00,2145.355,SHORT,2146.7985,2143.18975,1.4434999999999556,30512
2024-03-07 02:00:00,2145.925,SHORT,2147.455428571429,2143.6293571428573,1.530428571428534,30514
2024-03-07 02:30:00,2150.745,LONG,2149.269,2152.959,1.4759999999999178,30520
2024-03-07 05:45:00,2156.375,LONG,2155.185,2158.16,1.189999999999957,30559
2024-03-07 06:35:00,2153.595,LONG,2152.352214285714,2155.4591785714283,1.2427857142857388,30569
2024-03-07 07:30:00,2157.445,LONG,2156.212142857143,2159.294285714286,1.2328571428572235,30580
2024-03-07 07:50:00,2154.325,LONG,2152.6970714285712,2156.766892857143,1.6279285714285834,30584
2024-03-07 08:55:00,2155.225,LONG,2153.8585714285714,2157.2746428571427,1.3664285714285143,30597
2024-03-07 10:40:00,2156.535,LONG,2155.6137857142858,2157.9168214285714,0.921214285714281,30618
2024-03-07 11:55:00,2155.965,SHORT,2157.224785714286,2154.0753214285714,1.259785714285824,30633
2024-03-07 12:15:00,2157.105,LONG,2155.948785714286,2158.8393214285716,1.1562142857143758,30637
2024-03-07 13:00:00,2158.795,LONG,2157.5807142857143,2160.6164285714285,1.2142857142857142,30646
2024-03-07 13:50:00,2159.825,LONG,2157.190714285714,2163.7764285714284,2.6342857142856895,30656
2024-03-07 15:40:00,2155.145,SHORT,2157.816,2151.1385,2.6710000000000167,30678
2024-03-07 17:45:00,2156.825,LONG,2155.5078571428567,2158.800714285714,1.3171428571429584,30703
2024-03-07 18:30:00,2158.375,LONG,2157.132857142857,2160.2382142857145,1.242142857142913,30712
2024-03-07 18:45:00,2157.605,LONG,2156.4585714285713,2159.324642857143,1.146428571428552,30715
2024-03-07 18:55:00,2156.965,LONG,2155.828285714286,2158.6700714285716,1.136714285714236,30717
2024-03-07 19:20:00,2158.655,LONG,2157.5225714285716,2160.353642857143,1.1324285714285256,30722
2024-03-07 21:10:00,2158.625,LONG,2157.8940714285714,2159.7213928571427,0.7309285714286163,30744
2024-03-08 04:30:00,2157.258,SHORT,2158.078357142857,2156.027464285714,0.8203571428571844,30820
2024-03-08 07:30:00,2160.265,LONG,2159.0485714285714,2162.0896428571427,1.2164285714286507,30856
2024-03-08 10:50:00,2168.505,LONG,2167.121142857143,2170.580785714286,1.3838571428571609,30896
2024-03-08 11:45:00,2167.545,LONG,2166.558,2169.0255,0.9869999999999501,30907
2024-03-08 12:40:00,2167.305,LONG,2166.2937857142856,2168.821821428571,1.0112142857143291,30918
2024-03-08 13:35:00,2180.005,LONG,2176.4159285714286,2185.3886071428574,3.5890714285714824,30929
2024-03-08 14:15:00,2169.325,LONG,2162.9525,2178.88375,6.37250000000001,30937
2024-03-08 20:00:00,2176.085,SHORT,2178.162357142857,2172.9689642857143,2.0773571428571165,31006
2024-03-10 23:10:00,2178.805,LONG,2177.978857142857,2180.044214285714,0.8261428571427781,31044
2024-03-11 00:05:00,2180.515,LONG,2179.1165,2182.61275,1.3985000000000127,31055
2024-03-11 03:30:00,2178.325,SHORT,2179.2442857142855,2176.9460714285715,0.919285714285674,31096
2024-03-11 05:15:00,2181.345,LONG,2180.623357142857,2182.427464285714,0.7216428571428294,31117
2024-03-11 06:25:00,2178.785,SHORT,2179.8861428571427,2177.1332857142856,1.1011428571428366,31131
2024-03-11 07:00:00,2179.045,SHORT,2179.9942857142855,2177.6210714285717,0.9492857142856143,31138
2024-03-11 11:45:00,2178.555,SHORT,2179.5221428571426,2177.104285714285,0.967142857142952,31195
2024-03-11 13:05:00,2176.145,SHORT,2177.880714285714,2173.5414285714287,1.7357142857142012,31211
2024-03-11 14:25:00,2181.245,LONG,2178.5787857142855,2185.2443214285713,2.666214285714269,31227
2024-03-11 17:05:00,2182.205,LONG,2180.7219999999998,2184.4295,1.4830000000000447,31259
2024-03-11 17:45:00,2179.305,SHORT,2180.740214285714,2177.1521785714285,1.4352142857143073,31267
2024-03-11 19:55:00,2181.275,LONG,2180.217857142857,2182.8607142857145,1.057142857142935,31293
2024-03-11 22:20:00,2183.415,LONG,2182.8542857142857,2184.2560714285714,0.5607142857142792,31310
2024-03-11 23:30:00,2182.225,LONG,2181.2039999999997,2183.7565,1.0210000000000556,31324
2024-03-12 02:10:00,2180.328,SHORT,2181.2745714285716,2178.9081428571426,0.9465714285715227,31356
2024-03-12 04:45:00,2178.435,SHORT,2178.891,2177.751,0.45599999999996854,31387
2024-03-12 05:10:00,2178.515,SHORT,2179.020357142857,2177.7569642857143,0.5053571428571624,31392
2024-03-12 05:30:00,2177.795,SHORT,2178.3060714285716,2177.028392857143,0.5110714285714428,31396
2024-03-12 06:30:00,2175.395,SHORT,2176.8592857142858,2173.1985714285715,1.4642857142857468,31408
2024-03-12 07:10:00,2176.308,SHORT,2177.4210714285714,2174.6383928571427,1.1130714285714345,31416
2024-03-12 08:00:00,2176.795,SHORT,2177.705,2175.4300000000003,0.909999999999952,31426
2024-03-12 08:20:00,2176.825,SHORT,2177.6242857142856,2175.6260714285713,0.7992857142857182,31430
2024-03-12 09:05:00,2178.935,LONG,2177.978071428571,2180.370392857143,0.9569285714286317,31439
2024-03-12 09:20:00,2177.615,LONG,2176.5616428571425,2179.1950357142855,1.0533571428571318,31442
2024-03-12 10:10:00,2175.635,SHORT,2176.566428571429,2174.2378571428576,0.9314285714285039,31452
2024-03-12 11:00:00,2176.058,SHORT,2176.884642857143,2174.8180357142855,0.8266428571428476,31462
2024-03-12 12:15:00,2169.905,SHORT,2171.6132857142857,2167.342571428572,1.7082857142856938,31477
2024-03-12 12:45:00,2178.475,SHORT,2182.0317857142854,2173.1398214285714,3.5567857142857195,31483
2024-03-12 14:35:00,2160.855,SHORT,2164.3477857142857,2155.6158214285715,3.4927857142856737,31505
2024-03-12 14:55:00,2161.955,SHORT,2165.0792857142856,2157.2685714285712,3.124285714285731,31509
2024-03-12 17:20:00,2161.655,SHORT,2163.1833571428574,2159.3624642857144,1.5283571428571707,31538
2024-03-12 19:40:00,2154.935,SHORT,2156.134285714286,2153.1360714285715,1.1992857142857116,31566
2024-03-12 20:15:00,2156.415,SHORT,2157.355,2155.005,0.9400000000000546,31573
2024-03-12 23:50:00,2157.205,SHORT,2158.4137857142855,2155.3918214285713,1.2087857142856981,31604
2024-03-13 00:20:00,2159.355,LONG,2158.287428571429,2160.956357142857,1.0675714285714224,31610
2024-03-13 02:05:00,2158.115,LONG,2157.2864285714286,2159.357857142857,0.8285714285713571,31631
2024-03-13 02:20:00,2159.848,LONG,2158.995857142857,2161.126214285714,0.8521428571427805,31634
2024-03-13 03:20:00,2159.565,LONG,2158.8260714285716,2160.673392857143,0.7389285714285896,31646
2024-03-13 03:45:00,2157.985,LONG,2157.2053571428573,2159.1544642857143,0.7796428571428871,31651
2024-03-13 04:00:00,2159.475,LONG,2158.701071428571,2160.6358928571426,0.7739285714286065,31654
2024-03-13 05:00:00,2158.945,SHORT,2159.6550714285713,2157.879892857143,0.7100714285713495,31666
2024-03-13 06:10:00,2159.635,LONG,2158.738428571429,2160.9798571428573,0.8965714285714707,31680
2024-03-13 06:45:00,2158.865,LONG,2158.022714285714,2160.1284285714282,0.8422857142857408,31687
2024-03-13 07:10:00,2159.995,LONG,2159.1121428571428,2161.319285714286,0.882857142857152,31692
2024-03-13 07:50:00,2159.485,LONG,2158.5487857142857,2160.8893214285717,0.9362142857143486,31700
2024-03-13 08:20:00,2159.535,LONG,2158.5539999999996,2161.0065,0.9810000000000271,31706
2024-03-13 09:50:00,2158.765,SHORT,2159.712857142857,2157.343214285714,0.9478571428572066,31724
2024-03-13 12:20:00,2166.185,LONG,2164.9035714285715,2168.107142857143,1.2814285714286402,31754
2024-03-13 13:15:00,2162.935,LONG,2161.3937857142855,2165.2468214285714,1.5412142857143667,31765
2024-03-13 13:55:00,2165.915,LONG,2163.6367857142855,2169.3323214285715,2.278214285714317,31773
2024-03-13 14:10:00,2164.765,LONG,2162.3869999999997,2168.332,2.377999999999994,31776
2024-03-13 14:30:00,2166.865,LONG,2164.285857142857,2170.733714285714,2.579142857142837,31780
2024-03-13 16:10:00,2170.748,LONG,2169.2935714285713,2172.929642857143,1.4544285714285448,31800
2024-03-13 18:55:00,2174.765,LONG,2173.96,2175.9725,0.8049999999999987,31833
2024-03-13 23:00:00,2175.255,LONG,2174.6546428571432,2176.1555357142856,0.6003571428570597,31870
2024-03-14 00:15:00,2174.395,LONG,2173.7155,2175.41425,0.6795000000000267,31885
2024-03-14 01:00:00,2176.695,LONG,2175.9592142857146,2177.798678571429,0.7357857142857094,31894
2024-03-14 01:15:00,2175.195,LONG,2174.4068571428575,2176.377214285714,0.7881428571427997,31897
2024-03-14 02:20:00,2175.045,LONG,2174.2292857142857,2176.2685714285712,0.815714285714226,31910
2024-03-14 06:35:00,2168.535,SHORT,2169.5597857142857,2166.997821428571,1.0247857142856966,31961
2024-03-14 08:25:00,2169.515,SHORT,2170.3293571428567,2168.2934642857144,0.814357142857034,31983
2024-03-14 09:00:00,2169.255,SHORT,2170.056642857143,2168.052535714286,0.8016428571427566,31990
2024-03-14 14:35:00,2161.045,SHORT,2163.6473571428573,2157.1414642857144,2.602357142857142,32057
2024-03-14 16:15:00,2158.115,SHORT,2160.1687857142856,2155.0343214285713,2.0537857142857256,32077
2024-03-14 19:00:00,2161.475,LONG,2160.6619285714287,2162.694607142857,0.813071428571415,32110
2024-03-14 22:30:00,2162.145,LONG,2161.7500714285716,2162.737392857143,0.3949285714285712,32140
2024-03-15 00:00:00,2161.285,SHORT,2161.7057857142854,2160.653821428571,0.42078571428571976,32158
2024-03-15 00:10:00,2160.945,SHORT,2161.4660000000003,2160.1635,0.5210000000000231,32160
2024-03-15 00:25:00,2161.145,SHORT,2161.727142857143,2160.2717857142857,0.5821428571428636,32163
2024-03-15 00:50:00,2162.795,LONG,2162.0969285714286,2163.842107142857,0.6980714285714059,32168
2024-03-15 01:45:00,2162.875,LONG,2161.905928571429,2164.328607142857,0.9690714285713317,32179
2024-03-15 03:05:00,2162.505,LONG,2161.8285714285716,2163.519642857143,0.6764285714285572,32195
2024-03-15 03:20:00,2163.545,LONG,2162.8525714285715,2164.583642857143,0.6924285714285686,32198
2024-03-15 04:30:00,2164.585,LONG,2163.9590714285714,2165.523892857143,0.6259285714286956,32212
2024-03-15 05:25:00,2164.085,LONG,2163.4255,2165.07425,0.6595000000000775,32223
2024-03-15 05:35:00,2165.555,LONG,2164.821214285714,2166.6556785714283,0.7337857142857567,32225
2024-03-15 06:55:00,2168.798,LONG,2167.343214285714,2170.9801785714285,1.4547857142856953,32241
2024-03-15 07:30:00,2168.385,LONG,2167.1512142857146,2170.2356785714287,1.2337857142857567,32248
2024-03-15 08:05:00,2167.035,LONG,2165.898857142857,2168.7392142857143,1.136142857142886,32255
2024-03-15 08:15:00,2166.085,LONG,2164.9252857142856,2167.8245714285717,1.1597142857143419,32257
2024-03-15 09:45:00,2168.065,LONG,2167.046714285714,2169.5924285714286,1.0182857142856716,32275
2024-03-15 10:45:00,2169.465,LONG,2168.294285714286,2171.2210714285716,1.1707142857142117,32287
2024-03-15 11:10:00,2167.305,LONG,2166.320642857143,2168.7815357142854,0.9843571428571067,32292
2024-03-15 15:15:00,2161.865,SHORT,2164.311428571428,2158.195357142857,2.4464285714285716,32341
2024-03-15 16:45:00,2160.635,SHORT,2162.135,2158.385,1.4999999999999676,32359
2024-03-15 18:15:00,2157.805,SHORT,2159.1714285714284,2155.755357142857,1.3664285714286442,32377
2024-03-15 18:50:00,2159.695,SHORT,2160.6728571428575,2158.2282142857143,0.9778571428572117,32384
2024-03-15 19:15:00,2158.585,SHORT,2159.4328571428573,2157.3132142857144,0.8478571428571351,32389
2024-03-18 00:00:00,2155.128,SHORT,2155.952928571429,2153.8906071428573,0.8249285714285374,32434
2024-03-18 00:35:00,2155.595,SHORT,2156.408857142857,2154.374214285714,0.813857142857127,32441
2024-03-18 06:05:00,2147.565,SHORT,2148.4535,2146.23225,0.8885000000000218,32507
2024-03-18 06:50:00,2147.705,SHORT,2148.5814285714287,2146.3903571428573,0.8764285714285377,32516
2024-03-18 14:20:00,2159.605,LONG,2157.7059285714286,2162.453607142857,1.8990714285714279,32606
2024-03-18 17:45:00,2159.315,LONG,2158.116642857143,2161.112535714286,1.1983571428571784,32647
2024-03-18 23:40:00,2161.175,LONG,2160.810142857143,2161.722285714286,0.3648571428571553,32706
2024-03-19 02:00:00,2160.048,SHORT,2161.0694999999996,2158.5157499999996,1.02150000000006,32734
2024-03-19 03:25:00,2161.575,LONG,2160.8747857142857,2162.625321428571,0.7002142857142774,32751
2024-03-19 03:50:00,2161.245,LONG,2160.4147857142857,2162.4903214285714,0.8302142857142891,32756
2024-03-19 04:10:00,2161.295,LONG,2160.4083571428573,2162.624964285714,0.8866428571428904,32760
2024-03-19 04:45:00,2159.745,SHORT,2160.6357857142857,2158.408821428571,0.8907857142856821,32767
2024-03-19 07:00:00,2156.035,SHORT,2157.2394999999997,2154.22825,1.2044999999999553,32794
2024-03-19 07:35:00,2155.225,SHORT,2156.3366428571426,2153.5575357142857,1.111642857142897,32801
2024-03-19 09:00:00,2152.755,SHORT,2154.7730714285717,2149.727892857143,2.018071428571375,32818
2024-03-19 10:20:00,2155.185,SHORT,2156.3662142857142,2153.4131785714285,1.181214285714207,32834
2024-03-19 11:25:00,2154.855,SHORT,2156.0314285714285,2153.090357142857,1.1764285714285572,32847
2024-03-19 14:45:00,2153.895,SHORT,2155.6442857142856,2151.2710714285713,1.7492857142857636,32887
2024-03-19 15:35:00,2151.895,SHORT,2153.3430714285714,2149.7228928571426,1.4480714285715035,32897
2024-03-19 16:50:00,2153.765,LONG,2152.607357142857,2155.501464285714,1.1576428571428485,32912
2024-03-19 18:25:00,2156.295,LONG,2155.4302857142857,2157.5920714285717,0.8647142857143341,32931
2024-03-19 18:50:00,2156.685,LONG,2155.8847857142855,2157.8853214285714,0.8002142857143164,32936
2024-03-19 20:40:00,2157.705,LONG,2157.296,2158.3185,0.4090000000000081,32958
2024-03-19 22:45:00,2158.398,LONG,2157.883357142857,2159.1699642857143,0.5146428571428844,32971
2024-03-19 23:45:00,2157.665,LONG,2157.277857142857,2158.2457142857143,0.3871428571428948,32983
2024-03-20 03:35:00,2158.965,LONG,2158.327357142857,2159.9214642857146,0.6376428571428993,33029
2024-03-20 04:35:00,2158.925,LONG,2158.4480714285714,2159.640392857143,0.47692857142854855,33041
2024-03-20 05:45:00,2157.355,SHORT,2158.0214285714287,2156.355357142857,0.6664285714286312,33055
2024-03-20 06:15:00,2157.515,SHORT,2158.135714285714,2156.5839285714283,0.6207142857142897,33061
2024-03-20 07:15:00,2157.435,SHORT,2158.214285714286,2156.266071428571,0.7792857142857039,33073
2024-03-20 09:45:00,2155.175,SHORT,2155.9192857142857,2154.0585714285717,0.7442857142856221,33103
2024-03-20 11:45:00,2154.155,SHORT,2155.007857142857,2152.875714285715,0.8528571428570493,33127
2024-03-20 12:05:00,2153.135,SHORT,2154.133357142857,2151.6374642857145,0.998357142857068,33131
2024-03-20 13:10:00,2154.635,SHORT,2156.086142857143,2152.458285714286,1.4511428571429081,33144
2024-03-20 13:25:00,2151.045,SHORT,2152.701857142857,2148.5597142857146,1.6568571428571366,33147
2024-03-20 15:10:00,2158.105,LONG,2156.307357142857,2160.8014642857142,1.7976428571428187,33168
2024-03-20 15:30:00,2156.745,LONG,2155.1959285714283,2159.068607142857,1.5490714285714213,33172
2024-03-20 15:40:00,2155.425,LONG,2153.963785714286,2157.6168214285717,1.4612142857142771,33174
2024-03-20 16:15:00,2157.385,LONG,2156.1400000000003,2159.2525,1.2450000000000208,33181
2024-03-20 18:00:00,2170.335,LONG,2168.3562142857145,2173.3031785714284,1.9787857142856475,33202
2024-03-20 18:50:00,2179.885,LONG,2174.0215000000003,2188.6802500000003,5.863499999999964,33212
2024-03-21 00:10:00,2203.065,LONG,2200.563285714286,2206.8175714285712,2.5017142857142454,33264
2024-03-21 00:40:00,2193.928,LONG,2191.683,2197.2954999999997,2.244999999999988,33270
2024-03-21 01:20:00,2205.458,LONG,2201.988214285714,2210.662678571429,3.4697857142857953,33278
2024-03-21 01:55:00,2204.695,LONG,2201.457142857143,2209.551785714286,3.23785714285717,33285
2024-03-21 07:45:00,2208.535,LONG,2207.022357142857,2210.8039642857143,1.5126428571428991,33355
2024-03-21 09:30:00,2203.555,SHORT,2205.6654285714285,2200.389357142857,2.110428571428526,33376
2024-03-21 09:45:00,2204.195,SHORT,2206.2302142857143,2201.1421785714288,2.035214285714216,33379
2024-03-21 11:50:00,2207.425,LONG,2206.042142857143,2209.4992857142856,1.382857142857022,33404
2024-03-21 13:15:00,2201.945,SHORT,2204.1722142857143,2198.6041785714287,2.227214285714191,33421
2024-03-21 16:15:00,2176.265,SHORT,2178.749357142857,2172.5384642857143,2.484357142857139,33457
2024-03-21 17:15:00,2182.365,SHORT,2184.1485714285714,2179.6896428571426,1.7835714285713817,33469
2024-03-21 18:15:00,2180.885,SHORT,2182.557142857143,2178.3767857142857,1.6721428571428791,33481
2024-03-21 19:30:00,2181.498,SHORT,2182.3639285714285,2180.1991071428574,0.8659285714285099,33496
2024-03-21 20:20:00,2181.408,SHORT,2182.1317857142853,2180.3223214285713,0.7237857142856033,33506
2024-03-21 22:30:00,2181.755,SHORT,2182.284285714286,2180.961071428572,0.529285714285639,33520
2024-03-21 23:40:00,2181.208,SHORT,2181.572142857143,2180.661785714286,0.3641428571428215,33534
2024-03-21 23:50:00,2181.095,SHORT,2181.5274999999997,2180.44625,0.4324999999999558,33536
2024-03-22 04:55:00,2173.505,SHORT,2174.355,2172.23,0.849999999999974,33597
2024-03-22 05:20:00,2174.305,SHORT,2175.2687857142855,2172.859321428571,0.9637857142856774,33602
2024-03-22 05:50:00,2173.895,SHORT,2174.907357142857,2172.3764642857145,1.0123571428570943,33608
2024-03-22 08:00:00,2167.845,SHORT,2169.8895714285713,2164.7781428571425,2.0445714285714467,33634
2024-03-22 09:00:00,2167.865,SHORT,2169.573857142857,2165.301714285714,1.7088571428572064,33646
2024-03-22 09:20:00,2168.285,SHORT,2169.961214285714,2165.7706785714286,1.6762142857142928,33650
2024-03-22 11:05:00,2166.765,SHORT,2167.8907142857142,2165.0764285714286,1.1257142857143012,33671
2024-03-22 11:20:00,2166.675,SHORT,2167.8500000000004,2164.9125000000004,1.174999999999987,33674
2024-03-22 14:25:00,2174.685,LONG,2172.379857142857,2178.142714285714,2.3051428571428523,33711
2024-03-22 18:25:00,2163.915,SHORT,2165.612857142857,2161.368214285714,1.6978571428572065,33759
2024-03-24 22:50:00,2166.025,LONG,2165.124714285714,2167.3754285714285,0.9002857142857336,33800
2024-03-25 01:30:00,2173.555,LONG,2171.671714285714,2176.3799285714285,1.8832857142857458,33832
2024-03-25 03:05:00,2173.745,LONG,2172.3564285714283,2175.827857142857,1.3885714285714,33851
2024-03-25 03:35:00,2171.285,LONG,2169.9725714285714,2173.253642857143,1.3124285714285893,33857
2024-03-25 05:40:00,2169.745,SHORT,2170.657357142857,2168.376464285714,0.9123571428572502,33882
2024-03-25 05:50:00,2170.095,SHORT,2171.100214285714,2168.587178571428,1.0052142857144386,33884
2024-03-25 08:10:00,2167.725,SHORT,2169.465714285714,2165.1139285714285,1.740714285714343,33912
2024-03-25 08:35:00,2164.995,SHORT,2166.6245,2162.55075,1.6295000000000397,33917
2024-03-25 10:45:00,2169.085,LONG,2167.497142857143,2171.466785714286,1.587857142857209,33943
2024-03-25 12:00:00,2173.475,LONG,2172.1007142857143,2175.5364285714286,1.3742857142857312,33958
2024-03-25 13:30:00,2177.525,LONG,2175.792142857143,2180.1242857142856,1.732857142857126,33976
2024-03-25 15:40:00,2176.485,LONG,2175.110285714286,2178.5470714285716,1.3747142857143249,34002
2024-03-25 16:00:00,2176.225,LONG,2174.9376428571427,2178.1560357142857,1.2873571428571853,34006
2024-03-25 17:15:00,2175.665,LONG,2174.65,2177.1875,1.0149999999998727,34021
2024-03-25 17:25:00,2175.508,LONG,2174.4817857142857,2177.047321428571,1.0262142857141368,34023
2024-03-25 22:30:00,2171.835,SHORT,2172.4683571428573,2170.8849642857144,0.6333571428570589,34072
2024-03-25 22:45:00,2172.498,SHORT,2173.2699285714284,2171.3401071428575,0.7719285714284914,34075
2024-03-26 00:00:00,2172.605,SHORT,2173.3425714285713,2171.498642857143,0.7375714285714301,34090
2024-03-26 02:30:00,2170.525,SHORT,2171.760714285714,2168.671428571429,1.2357142857142662,34120
2024-03-26 03:40:00,2170.198,SHORT,2171.0987142857143,2168.846928571428,0.9007142857143273,34134
2024-03-26 12:35:00,2193.275,LONG,2191.5969285714286,2195.7921071428573,1.6780714285713916,34241
2024-03-26 16:35:00,2177.395,SHORT,2179.1209285714285,2174.806107142857,1.7259285714285721,34289
2024-03-27 00:55:00,2177.385,SHORT,2178.087142857143,2176.331785714286,0.702142857142852,34377
2024-03-27 03:15:00,2178.675,SHORT,2180.017428571429,2176.6613571428575,1.3424285714285296,34405
2024-03-27 04:05:00,2177.905,LONG,2176.7005714285715,2179.711642857143,1.2044285714285448,34415
2024-03-27 04:45:00,2178.548,LONG,2177.8354285714286,2179.616857142857,0.7125714285713717,34423
2024-03-27 05:15:00,2176.685,LONG,2175.967857142857,2177.760714285714,0.7171428571428221,34429
2024-03-27 09:20:00,2181.145,LONG,2179.6264285714287,2183.422857142857,1.5185714285713792,34478
2024-03-27 12:40:00,2186.495,LONG,2183.744714285714,2190.6204285714284,2.75028571428574,34518
2024-03-27 13:45:00,2190.325,LONG,2188.1169999999997,2193.6369999999997,2.2080000000000837,34531
2024-03-27 14:30:00,2192.755,LONG,2190.284285714286,2196.461071428572,2.470714285714361,34540
2024-03-27 15:35:00,2190.225,LONG,2188.5776428571426,2192.6960357142857,1.6473571428571177,34553
2024-03-27 17:20:00,2193.125,LONG,2192.0687857142857,2194.7093214285715,1.0562142857143368,34574
2024-03-27 19:20:00,2191.138,LONG,2190.4902857142856,2192.109571428571,0.6477142857143008,34598
2024-03-27 23:50:00,2190.738,SHORT,2191.565357142857,2189.496964285714,0.8273571428571813,34640
2024-03-28 00:40:00,2188.395,SHORT,2189.552142857143,2186.6592857142855,1.1571428571429092,34650
2024-03-28 00:55:00,2188.958,SHORT,2190.215142857143,2187.072285714286,1.2571428571428507,34653
2024-03-28 01:35:00,2189.175,SHORT,2190.3779285714286,2187.3706071428574,1.2029285714285314,34661
2024-03-28 04:00:00,2194.695,LONG,2193.8575,2195.95125,0.8374999999999285,34690
2024-03-28 05:25:00,2195.845,LONG,2195.1492857142857,2196.888571428571,0.6957142857142051,34707
2024-03-28 08:45:00,2195.665,SHORT,2197.147357142857,2193.441464285714,1.482357142857154,34747
2024-03-28 09:40:00,2196.455,LONG,2195.133714285714,2198.4369285714283,1.3212857142855878,34758
2024-03-28 12:45:00,2208.325,LONG,2205.6054999999997,2212.40425,2.7195000000000555,34795
2024-03-28 13:55:00,2206.475,LONG,2202.8365714285715,2211.932642857143,3.6384285714286437,34809
2024-03-28 16:15:00,2215.875,LONG,2214.0956428571426,2218.5440357142857,1.7793571428571795,34837
2024-03-28 19:00:00,2220.625,LONG,2219.4907142857146,2222.3264285714286,1.1342857142856246,34870
2024-03-28 20:05:00,2221.055,LONG,2219.8954285714285,2222.794357142857,1.1595714285714556,34883
2024-04-01 02:45:00,2256.555,LONG,2254.805714285714,2259.1789285714285,1.7492857142858287,34951
2024-04-01 04:30:00,2260.665,LONG,2258.9654285714287,2263.2143571428574,1.6995714285714516,34972
2024-04-01 04:45:00,2259.555,LONG,2257.9689999999996,2261.9339999999997,1.5860000000000452,34975
2024-04-01 05:30:00,2260.225,LONG,2258.8635714285715,2262.267142857143,1.3614285714286,34984
2024-04-01 06:10:00,2261.315,LONG,2259.7819285714286,2263.614607142857,1.5330714285713773,34992
2024-04-01 07:05:00,2260.275,LONG,2258.868785714286,2262.3843214285716,1.4062142857142785,35003
2024-04-01 08:40:00,2256.865,SHORT,2258.337714285714,2254.6559285714284,1.4727142857142812,35022
2024-04-01 09:35:00,2252.405,SHORT,2253.9205,2250.13175,1.5155000000000396,35033
2024-04-01 11:40:00,2248.705,SHORT,2250.4126428571426,2246.1435357142855,1.7076428571428355,35058
2024-04-01 12:45:00,2250.175,SHORT,2252.3469285714286,2246.9171071428573,2.171928571428615,35071
2024-04-01 15:05:00,2234.475,SHORT,2238.6109285714283,2228.271107142857,4.135928571428524,35099
2024-04-01 15:40:00,2238.085,SHORT,2240.7995,2234.01325,2.7145000000000112,35106
2024-04-01 16:50:00,2239.375,SHORT,2241.1385714285716,2236.729642857143,1.7635714285714,35120
2024-04-01 18:25:00,2240.095,SHORT,2241.4014285714284,2238.1353571428567,1.3064285714286012,35139
2024-04-01 19:10:00,2240.645,SHORT,2241.6300714285717,2239.1673928571427,0.985071428571473,35148
2024-04-01 23:20:00,2250.395,LONG,2248.8895,2252.65325,1.5054999999999836,35186
2024-04-02 00:15:00,2249.045,LONG,2247.876642857143,2250.797535714286,1.1683571428571733,35197
2024-04-02 00:30:00,2252.005,LONG,2250.654785714286,2254.030321428572,1.3502142857143358,35200
2024-04-02 01:05:00,2249.035,LONG,2247.3002857142856,2251.6370714285713,1.7347142857142575,35207
2024-04-02 01:35:00,2249.745,LONG,2248.134285714286,2252.161071428571,1.6107142857142338,35213
2024-04-02 02:35:00,2250.048,LONG,2248.855642857143,2251.836535714285,1.1923571428570605,35225
2024-04-02 05:35:00,2254.485,LONG,2253.048142857143,2256.6402857142857,1.4368571428570118,35261
2024-04-02 06:25:00,2254.495,LONG,2253.1772857142855,2256.471571428571,1.3177142857142112,35271
2024-04-02 06:40:00,2254.225,LONG,2252.9465714285716,2256.1426428571426,1.2784285714285164,35274
2024-04-02 08:00:00,2257.835,LONG,2256.212642857143,2260.268535714286,1.6223571428572217,35290
2024-04-02 09:55:00,2260.635,LONG,2258.926428571429,2263.197857142857,1.7085714285714337,35313
2024-04-02 10:15:00,2258.745,LONG,2256.6887857142856,2261.8293214285713,2.0562142857143044,35317
2024-04-02 12:05:00,2259.335,LONG,2257.3372142857143,2262.3316785714287,1.9977857142856854,35339
2024-04-02 13:05:00,2255.378,SHORT,2257.974142857143,2251.4837857142857,2.5961428571428575,35351
2024-04-02 13:20:00,2256.845,SHORT,2259.6207857142854,2252.681321428571,2.7757857142857705,35354
2024-04-02 13:30:00,2257.875,SHORT,2260.543142857143,2253.872785714286,2.6681428571429087,35356
2024-04-02 13:45:00,2265.224,LONG,2262.003928571429,2270.0541071428574,3.220071428571503,35359
2024-04-02 16:00:00,2258.498,SHORT,2261.6860714285717,2253.715892857143,3.18807142857148,35386
2024-04-02 23:10:00,2281.745,LONG,2279.3766428571425,2285.2975357142855,2.3683571428571213,35460
2024-04-02 23:55:00,2279.845,LONG,2278.332857142857,2282.113214285714,1.5121428571428948,35469
2024-04-03 00:20:00,2282.385,LONG,2280.5480714285713,2285.140392857143,1.8369285714286434,35474
2024-04-03 01:50:00,2281.745,LONG,2279.529071428571,2285.0688928571426,2.2159285714285812,35492
2024-04-03 03:35:00,2284.505,LONG,2282.9885714285715,2286.779642857143,1.5164285714285402,35513
2024-04-03 04:40:00,2286.145,LONG,2285.097357142857,2287.716464285714,1.0476428571429486,35526
2024-04-03 08:50:00,2274.248,SHORT,2276.2227857142857,2271.2858214285716,1.9747857142857097,35576
2024-04-03 09:50:00,2272.845,SHORT,2274.7569285714285,2269.977107142857,1.9119285714285266,35588
2024-04-03 11:20:00,2271.295,SHORT,2272.7335714285714,2269.137142857143,1.4385714285714843,35606
2024-04-03 11:35:00,2270.135,SHORT,2271.6073571428574,2267.9264642857142,1.4723571428571955,35609
2024-04-03 12:15:00,2269.895,SHORT,2271.862285714286,2266.9440714285715,1.9672857142857407,35617
2024-04-03 13:30:00,2274.365,LONG,2271.569571428571,2278.5581428571427,2.7954285714285043,35632
2024-04-03 14:10:00,2279.215,LONG,2275.6490714285715,2284.563892857143,3.565928571428588,35640
2024-04-03 23:50:00,2297.075,LONG,2295.912714285714,2298.8184285714283,1.1622857142857421,35744
2024-04-04 00:35:00,2300.735,LONG,2299.138142857143,2303.130285714286,1.5968571428571263,35753
2024-04-04 01:20:00,2301.695,LONG,2299.5224285714285,2304.9538571428575,2.172571428571473,35762
2024-04-04 01:40:00,2300.645,LONG,2298.5224285714285,2303.828857142857,2.1225714285714536,35766
2024-04-04 04:40:00,2298.595,SHORT,2299.4188571428567,2297.359214285714,0.8238571428570529,35802
2024-04-04 05:30:00,2298.105,SHORT,2299.0330714285715,2296.712892857143,0.9280714285713592,35812
2024-04-04 09:10:00,2291.405,SHORT,2292.868785714286,2289.2093214285715,1.4637857142857749,35856
2024-04-04 10:25:00,2294.005,SHORT,2295.2160714285715,2292.188392857143,1.2110714285713908,35871
2024-04-04 13:00:00,2287.765,SHORT,2290.502214285714,2283.6591785714286,2.7372142857142796,35902
2024-04-04 13:50:00,2286.265,SHORT,2288.8827857142855,2282.3383214285714,2.617785714285771,35912
2024-04-04 15:35:00,2292.205,LONG,2289.9438571428573,2295.596714285714,2.2611428571427887,35933
2024-04-04 17:20:00,2289.705,SHORT,2291.4852857142855,2287.0345714285713,1.7802857142857127,35954
2024-04-04 20:30:00,2290.355,SHORT,2293.546714285714,2285.5674285714285,3.191714285714267,35992
2024-04-05 03:30:00,2277.025,SHORT,2278.4740714285713,2274.8513928571433,1.449071428571285,36064
2024-04-05 05:35:00,2281.745,LONG,2280.3985714285714,2283.7646428571425,1.3464285714285325,36089
2024-04-05 06:00:00,2281.915,LONG,2280.312214285714,2284.3191785714284,1.602785714285736,36094
2024-04-05 06:25:00,2279.105,LONG,2277.1679285714285,2282.010607142857,1.9370714285714712,36099
2024-04-05 09:05:00,2288.565,LONG,2286.541,2291.601,2.0239999999999845,36131
2024-04-05 11:25:00,2293.378,LONG,2292.0615714285714,2295.352642857143,1.3164285714285922,36159
2024-04-05 12:00:00,2292.845,LONG,2291.5095714285712,2294.8481428571426,1.3354285714286303,36166
2024-04-05 12:25:00,2295.595,LONG,2293.7476428571426,2298.3660357142853,1.8473571428571631,36171
2024-04-05 12:40:00,2289.115,LONG,2285.4190714285714,2294.6588928571427,3.695928571428567,36174
2024-04-05 17:25:00,2325.575,LONG,2323.8047857142856,2328.230321428571,1.7702142857142786,36231
2024-04-05 18:05:00,2326.085,LONG,2324.2664285714286,2328.812857142857,1.8185714285713988,36239
2024-04-05 20:05:00,2323.675,LONG,2322.2363571428573,2325.8329642857143,1.4386428571428627,36263
2024-04-07 23:55:00,2311.115,SHORT,2313.7877857142853,2307.1058214285713,2.672785714285705,36297
2024-04-08 04:30:00,2344.235,LONG,2341.9205714285717,2347.706642857143,2.314428571428542,36352
2024-04-08 04:50:00,2342.195,LONG,2340.0003571428574,2345.4869642857143,2.1946428571428833,36356
2024-04-08 05:20:00,2339.665,LONG,2337.695142857143,2342.6197857142856,1.969857142857141,36362
2024-04-08 05:40:00,2336.885,LONG,2334.4009285714287,2340.6111071428572,2.484071428571432,36366
2024-04-08 06:50:00,2337.615,LONG,2334.5140714285712,2342.266392857143,3.100928571428572,36380
2024-04-08 07:05:00,2335.685,LONG,2332.8926428571426,2339.8735357142855,2.792357142857132,36383
2024-04-08 09:50:00,2336.885,LONG,2335.224285714286,2339.376071428572,1.6607142857142858,36416
2024-04-08 10:35:00,2342.895,LONG,2340.987642857143,2345.7560357142856,1.907357142857141,36425
2024-04-08 11:05:00,2340.545,LONG,2338.398857142857,2343.7642142857144,2.1461428571428445,36431
2024-04-08 11:20:00,2339.945,LONG,2337.693071428572,2343.322892857143,2.2519285714285098,36434
2024-04-08 11:40:00,2339.455,LONG,2337.2367142857142,2342.7824285714287,2.218285714285717,36438
2024-04-08 11:55:00,2337.225,LONG,2334.9247857142855,2340.6753214285714,2.300214285714349,36441
2024-04-08 12:20:00,2328.455,SHORT,2331.442642857143,2323.9735357142854,2.987642857142938,36446
2024-04-08 13:35:00,2331.228,SHORT,2335.471285714286,2324.8630714285714,4.243285714285776,36461
2024-04-08 16:10:00,2326.865,SHORT,2329.16,2323.4224999999997,2.295000000000008,36492
2024-04-08 17:10:00,2329.008,SHORT,2330.720214285714,2326.4396785714284,1.7122142857141884,36504
2024-04-08 19:15:00,2339.005,LONG,2337.617142857143,2341.0867857142857,1.3878571428571311,36529
2024-04-08 19:55:00,2338.305,LONG,2337.0821428571426,2340.1392857142855,1.2228571428571675,36537
2024-04-08 22:05:00,2337.825,LONG,2337.103357142857,2338.907464285714,0.7216428571428943,36551
2024-04-08 23:35:00,2339.865,LONG,2338.976428571428,2341.1978571428567,0.8885714285714325,36569
2024-04-08 23:55:00,2338.685,LONG,2337.7304999999997,2340.11675,0.9545000000000528,36573
2024-04-09 00:10:00,2341.365,LONG,2340.227,2343.0719999999997,1.1380000000000174,36576
2024-04-09 00:25:00,2339.198,LONG,2338.010214285714,2340.9796785714284,1.18778571428574,36579
2024-04-09 02:00:00,2341.175,LONG,2338.0632142857144,2345.8426785714287,3.1117857142857184,36598
2024-04-09 03:15:00,2344.485,LONG,2342.8230714285714,2346.9778928571427,1.661928571428494,36613
2024-04-09 06:05:00,2345.955,LONG,2344.694571428571,2347.845642857143,1.2604285714286496,36647
2024-04-09 06:15:00,2345.965,LONG,2344.6150000000002,2347.9900000000002,1.350000000000039,36649
2024-04-09 06:30:00,2346.025,LONG,2344.421642857143,2348.430035714286,1.6033571428572162,36652
2024-04-09 07:00:00,2344.925,LONG,2343.285,2347.385,1.6400000000001,36658
2024-04-09 12:35:00,2347.218,SHORT,2350.513,2342.2754999999997,3.2949999999999755,36725
2024-04-09 13:05:00,2350.785,SHORT,2354.2625714285714,2345.5686428571425,3.4775714285714066,36731
2024-04-09 18:05:00,2346.845,SHORT,2348.7693571428567,2343.958464285714,1.9243571428570962,36791
2024-04-09 19:50:00,2349.765,LONG,2348.4469285714285,2351.742107142857,1.3180714285713944,36812
2024-04-09 22:25:00,2352.575,LONG,2351.4749285714283,2354.225107142857,1.1000714285714497,36831
2024-04-10 02:10:00,2349.395,SHORT,2351.3635714285715,2346.4421428571427,1.968571428571457,36876
2024-04-10 06:10:00,2357.595,LONG,2356.015,2359.9649999999997,1.5800000000000247,36924
2024-04-10 07:15:00,2355.335,LONG,2353.488714285714,2358.104428571429,1.8462857142857436,36937
2024-04-10 09:00:00,2353.695,SHORT,2355.0002142857143,2351.7371785714286,1.305214285714263,36958
2024-04-10 09:20:00,2351.328,SHORT,2352.629142857143,2349.3762857142856,1.301142857142882,36962
2024-04-10 10:40:00,2347.975,SHORT,2349.7867857142855,2345.2573214285712,1.8117857142856661,36978
2024-04-10 11:45:00,2347.675,SHORT,2349.1062142857145,2345.5281785714287,1.431214285714272,36991
2024-04-10 12:10:00,2347.675,SHORT,2349.239785714286,2345.3278214285715,1.5647857142857577,36996
2024-04-10 12:30:00,2329.615,SHORT,2332.690071428571,2325.0023928571427,3.075071428571456,37000
2024-04-10 15:15:00,2331.745,SHORT,2336.9417857142857,2323.9498214285713,5.196785714285754,37033
2024-04-10 16:00:00,2336.185,SHORT,2340.2104285714286,2330.146857142857,4.02542857142862,37042
2024-04-10 16:25:00,2336.498,SHORT,2339.6155714285715,2331.8216428571427,3.117571428571474,37047
2024-04-10 18:40:00,2333.978,SHORT,2337.0979285714284,2329.298107142857,3.119928571428545,37074
2024-04-10 20:30:00,2332.625,SHORT,2333.797857142857,2330.8657142857146,1.1728571428569856,37096
2024-04-10 23:25:00,2335.485,LONG,2334.5307857142857,2336.916321428572,0.9542142857143128,37119
2024-04-11 00:15:00,2334.935,LONG,2333.697142857143,2336.7917857142857,1.2378571428571377,37129
2024-04-11 01:15:00,2340.855,LONG,2339.115714285714,2343.4639285714284,1.7392857142857079,37141
2024-04-11 03:55:00,2343.825,LONG,2342.3409285714283,2346.0511071428573,1.4840714285714967,37173
2024-04-11 04:45:00,2342.615,LONG,2341.3237857142853,2344.551821428571,1.2912142857142694,37183
2024-04-11 07:50:00,2337.395,SHORT,2339.2661428571428,2334.5882857142856,1.871142857142851,37220
2024-04-11 09:40:00,2330.658,SHORT,2332.997357142857,2327.148964285714,2.33935714285706,37242
2024-04-11 10:20:00,2334.018,SHORT,2336.083285714286,2330.9200714285716,2.0652857142857295,37250
2024-04-11 10:35:00,2334.918,SHORT,2336.990142857143,2331.8097857142857,2.072142857142905,37253
2024-04-11 11:40:00,2336.825,LONG,2335.3734999999997,2339.0022499999995,1.4514999999999614,37266
2024-04-11 22:40:00,2373.085,LONG,2370.8298571428572,2376.4677142857145,2.2551428571428653,37386
2024-04-11 23:45:00,2376.445,LONG,2375.2070714285715,2378.301892857143,1.2379285714285484,37399
2024-04-12 00:40:00,2376.505,LONG,2375.160714285714,2378.5214285714287,1.344285714285726,37410
2024-04-12 03:15:00,2388.975,LONG,2386.545,2392.62,2.4300000000000312,37441
2024-04-12 04:20:00,2386.705,LONG,2384.8552142857143,2389.479678571429,1.849785714285807,37454
2024-04-12 06:15:00,2386.315,LONG,2384.546428571429,2388.967857142857,1.7685714285714116,37477
2024-04-12 13:30:00,2398.205,LONG,2394.8095,2403.29825,3.395500000000019,37564
2024-04-12 13:40:00,2402.465,LONG,2398.4995,2408.41325,3.9655000000000524,37566
2024-04-12 19:55:00,2343.295,SHORT,2346.7530714285713,2338.107892857143,3.4580714285714294,37641
2024-04-14 23:00:00,2358.545,LONG,2351.2217142857144,2369.5299285714286,7.323285714285736,37666
2024-04-15 03:00:00,2359.545,LONG,2356.786642857143,2363.6825357142857,2.758357142857189,37714
2024-04-15 03:45:00,2359.025,LONG,2357.1654285714285,2361.8143571428573,1.8595714285714686,37723
2024-04-15 04:05:00,2356.865,LONG,2355.0847142857137,2359.5354285714284,1.7802857142858102,37727
2024-04-15 06:10:00,2360.285,LONG,2357.737357142857,2364.106464285714,2.5476428571428835,37752
2024-04-15 07:00:00,2353.325,SHORT,2355.9287857142854,2349.419321428571,2.603785714285745,37762
2024-04-15 09:00:00,2351.258,SHORT,2354.178214285714,2346.8776785714285,2.9202142857143047,37786
2024-04-15 10:05:00,2349.855,SHORT,2351.6192857142855,2347.2085714285713,1.7642857142857014,37799
2024-04-15 10:20:00,2350.278,SHORT,2351.9499285714282,2347.770107142857,1.67192857142855,37802
2024-04-15 12:10:00,2356.725,LONG,2354.533357142857,2360.012464285714,2.1916428571428566,37824
2024-04-15 12:20:00,2355.665,LONG,2353.687857142857,2358.630714285714,1.9771428571428455,37826
2024-04-15 12:40:00,2356.845,LONG,2354.160357142857,2360.871964285714,2.684642857142827,37830
2024-04-15 13:50:00,2344.345,SHORT,2348.408571428571,2338.2496428571426,4.063571428571452,37844
2024-04-15 15:10:00,2345.655,SHORT,2352.4587142857144,2335.4494285714286,6.8037142857143476,37860
2024-04-15 22:00:00,2382.595,LONG,2380.770714285714,2385.331428571428,1.8242857142857116,37930
2024-04-15 22:40:00,2384.915,LONG,2382.6766428571427,2388.2725357142854,2.238357142857077,37938
2024-04-15 23:50:00,2382.325,LONG,2380.927142857143,2384.4217857142858,1.3978571428572195,37952
2024-04-16 00:10:00,2381.165,LONG,2379.859357142857,2383.1234642857144,1.3056428571428893,37956
2024-04-16 01:15:00,2382.315,LONG,2380.1010714285717,2385.635892857143,2.2139285714285637,37969
2024-04-16 02:00:00,2384.058,LONG,2381.901857142857,2387.292214285714,2.1561428571429,37978
2024-04-16 02:15:00,2382.565,LONG,2380.5505000000003,2385.58675,2.014499999999998,37981
2024-04-16 02:30:00,2382.055,LONG,2380.189571428571,2384.8531428571428,1.865428571428538,37984
2024-04-16 03:55:00,2387.818,LONG,2386.0753571428572,2390.4319642857145,1.742642857142885,38001
2024-04-16 04:10:00,2386.105,LONG,2384.3244999999997,2388.7757500000002,1.7805000000000746,38004
2024-04-16 06:15:00,2386.275,LONG,2384.583285714286,2388.8125714285716,1.6917142857142673,38029
2024-04-16 08:35:00,2370.785,SHORT,2373.237857142857,2367.105714285714,2.452857142857153,38057
2024-04-16 10:40:00,2369.615,SHORT,2371.5711428571426,2366.6807857142853,1.9561428571428547,38082
2024-04-16 11:15:00,2371.875,SHORT,2373.813285714286,2368.9675714285713,1.9382857142857444,38089
2024-04-16 11:55:00,2373.888,SHORT,2375.6651428571427,2371.2222857142856,1.777142857142865,38097
2024-04-16 12:50:00,2375.375,LONG,2372.7367142857142,2379.3324285714284,2.6382857142856273,38108
2024-04-16 14:55:00,2382.865,LONG,2377.8911428571428,2390.3257857142853,4.973857142857144,38133
2024-04-16 17:20:00,2390.945,LONG,2387.6910000000003,2395.826,3.2540000000000027,38162
2024-04-16 17:55:00,2384.595,LONG,2380.635714285714,2390.5339285714285,3.9592857142857674,38169
2024-04-16 18:30:00,2390.798,LONG,2386.2622857142856,2397.6015714285713,4.535714285714383,38176
2024-04-16 22:45:00,2383.765,SHORT,2385.8377857142855,2380.655821428571,2.072785714285796,38215
2024-04-16 23:10:00,2384.615,SHORT,2385.9635714285714,2382.5921428571423,1.3485714285715338,38220
2024-04-16 23:55:00,2382.575,SHORT,2383.7887857142855,2380.7543214285715,1.2137857142856774,38229
2024-04-17 00:40:00,2381.685,SHORT,2383.0964285714285,2379.5678571428575,1.4114285714284247,38238
2024-04-17 01:15:00,2382.775,SHORT,2384.5364285714286,2380.132857142857,1.7614285714285611,38245
2024-04-17 02:50:00,2383.155,SHORT,2384.498142857143,2381.140285714286,1.343142857142831,38264
2024-04-17 06:30:00,2376.235,SHORT,2378.57,2372.7325,2.334999999999939,38308
2024-04-17 07:20:00,2378.195,SHORT,2380.0655,2375.38925,1.8705000000000578,38318
2024-04-17 08:00:00,2384.765,LONG,2383.0422857142858,2387.3490714285713,1.7227142857143463,38326
2024-04-17 11:25:00,2387.665,LONG,2385.9179285714285,2390.2856071428573,1.7470714285714817,38367
2024-04-17 14:20:00,2389.475,LONG,2386.230857142857,2394.341214285714,3.244142857142898,38402
2024-04-17 17:40:00,2373.475,SHORT,2377.796714285714,2366.9924285714287,4.321714285714246,38442
2024-04-17 18:45:00,2376.008,SHORT,2378.707571428571,2371.958642857143,2.6995714285713865,38455
2024-04-17 19:45:00,2372.425,SHORT,2374.5212142857144,2369.280678571429,2.096214285714203,38467
2024-04-17 23:25:00,2366.365,SHORT,2367.5571428571425,2364.5767857142855,1.1921428571428285,38499
2024-04-18 00:05:00,2367.565,SHORT,2368.7757142857145,2365.7489285714287,1.2107142857143376,38507
2024-04-18 04:15:00,2374.085,LONG,2373.0747857142856,2375.6003214285715,1.0102142857142877,38557
2024-04-18 05:20:00,2375.225,LONG,2374.178214285714,2376.7951785714286,1.0467857142857286,38570
2024-04-18 05:40:00,2375.955,LONG,2374.7065,2377.82775,1.2485000000000517,38574
2024-04-18 06:50:00,2378.555,LONG,2376.938071428571,2380.9803928571428,1.6169285714285837,38588
2024-04-18 07:55:00,2377.715,LONG,2375.9445714285716,2380.370642857143,1.7704285714285757,38601
2024-04-18 08:40:00,2380.385,LONG,2378.8415,2382.7002500000003,1.5435000000000596,38610
2024-04-18 10:15:00,2378.385,LONG,2377.243142857143,2380.097785714286,1.1418571428571664,38629
2024-04-18 11:15:00,2380.925,LONG,2379.428785714286,2383.1693214285715,1.496214285714294,38641
2024-04-18 11:25:00,2381.355,LONG,2379.7147142857143,2383.8154285714286,1.6402857142857425,38643
2024-04-18 12:00:00,2383.755,LONG,2381.8197142857143,2386.657928571429,1.9352857142857178,38650
2024-04-18 12:40:00,2383.855,LONG,2381.2334285714287,2387.787357142857,2.6215714285714773,38658
2024-04-18 13:25:00,2390.755,LONG,2387.368,2395.8355,3.387000000000041,38667
2024-04-18 15:10:00,2380.865,SHORT,2384.9052857142856,2374.8045714285713,4.040285714285736,38688
2024-04-18 16:25:00,2384.585,LONG,2382.0322142857144,2388.4141785714287,2.5527857142857164,38703
2024-04-18 17:30:00,2383.555,LONG,2381.1290714285715,2387.1938928571426,2.425928571428585,38716
2024-04-18 18:50:00,2381.368,SHORT,2383.0777857142857,2378.8033214285715,1.7097857142857396,38732
2024-04-18 22:20:00,2379.945,SHORT,2380.8757142857144,2378.548928571429,0.93071428571417,38762
2024-04-18 23:55:00,2379.795,SHORT,2380.4933571428573,2378.747464285714,0.6983571428571784,38781
2024-04-19 01:15:00,2389.815,LONG,2387.2942857142857,2393.5960714285716,2.520714285714251,38797
2024-04-19 02:45:00,2407.305,LONG,2401.0132857142853,2416.7425714285714,6.291714285714306,38815
2024-04-19 09:50:00,2382.165,SHORT,2384.3114285714287,2378.945357142857,2.146428571428552,38900
2024-04-19 11:10:00,2373.965,SHORT,2376.296428571429,2370.467857142857,2.3314285714285625,38916
2024-04-19 11:50:00,2378.018,SHORT,2380.7739285714288,2373.884107142857,2.7559285714286426,38924
2024-04-19 13:00:00,2380.745,SHORT,2383.2419285714286,2376.999607142857,2.496928571428595,38938
2024-04-19 13:40:00,2385.315,LONG,2382.1309285714287,2390.0911071428573,3.1840714285713796,38946
2024-04-19 16:30:00,2394.245,LONG,2391.7799999999997,2397.9424999999997,2.4649999999999506,38980
2024-04-19 17:55:00,2393.515,LONG,2391.16,2397.0474999999997,2.3549999999999534,38997
2024-04-19 19:05:00,2395.075,LONG,2393.5095714285712,2397.423142857143,1.5654285714285834,39011
2024-04-19 20:55:00,2390.295,SHORT,2391.5364285714286,2388.4328571428573,1.2414285714286117,39033
2024-04-21 22:10:00,2382.805,SHORT,2385.0085714285715,2379.4996428571426,2.203571428571422,39036
2024-04-21 23:30:00,2386.725,SHORT,2388.163857142857,2384.566714285714,1.4388571428571595,39052
2024-04-22 01:25:00,2378.975,SHORT,2380.7255,2376.3492499999998,1.7505000000000368,39075
2024-04-22 03:55:00,2369.285,SHORT,2372.089571428571,2365.0781428571427,2.8045714285713723,39105
2024-04-22 04:45:00,2369.595,SHORT,2371.0865,2367.3577499999997,1.4915000000000223,39115
2024-04-22 07:45:00,2358.845,SHORT,2361.671857142857,2354.604714285714,2.8268571428571443,39151
2024-04-22 08:40:00,2360.285,SHORT,2362.3127857142854,2357.2433214285716,2.0277857142856583,39162
2024-04-22 13:25:00,2337.245,SHORT,2341.3660714285716,2331.063392857143,4.12107142857144,39219
2024-04-22 14:00:00,2334.135,SHORT,2338.3080714285716,2327.875392857143,4.173071428571412,39226
2024-04-22 14:30:00,2339.195,SHORT,2343.041928571429,2333.424607142857,3.8469285714286343,39232
2024-04-22 14:55:00,2341.135,SHORT,2344.3086428571432,2336.3745357142857,3.1736428571429576,39237
2024-04-22 15:20:00,2334.615,SHORT,2337.667214285714,2330.036678571428,3.052214285714399,39242
2024-04-22 17:35:00,2331.724,SHORT,2333.9067142857143,2328.4499285714287,2.1827142857142854,39269
2024-04-22 19:15:00,2329.935,SHORT,2331.462357142857,2327.6439642857144,1.5273571428571293,39289
2024-04-23 00:30:00,2332.385,LONG,2330.9297142857145,2334.5679285714286,1.4552857142857647,39340
2024-04-23 00:55:00,2332.535,LONG,2331.0092857142854,2334.8235714285715,1.5257142857143273,39345
2024-04-23 04:10:00,2305.625,SHORT,2307.749642857143,2302.4380357142854,2.124642857142914,39384
2024-04-23 06:05:00,2307.568,SHORT,2310.153928571429,2303.689107142857,2.585928571428667,39407
2024-04-23 06:25:00,2302.465,SHORT,2305.2227142857146,2298.3284285714285,2.757714285714428,39411
2024-04-23 08:10:00,2306.945,SHORT,2309.281428571429,2303.4403571428575,2.3364285714286064,39432
2024-04-23 11:05:00,2300.905,SHORT,2302.9080714285715,2297.9003928571433,2.003071428571405,39467
2024-04-23 11:55:00,2302.035,SHORT,2303.813,2299.368,1.77800000000002,39477
2024-04-23 12:15:00,2307.075,LONG,2305.0274285714286,2310.146357142857,2.047571428571408,39481
2024-04-23 14:50:00,2319.765,LONG,2314.8015,2327.2102499999996,4.96349999999997,39512
2024-04-23 17:40:00,2326.555,LONG,2324.473214285714,2329.6776785714283,2.081785714285648,39546
2024-04-24 00:05:00,2322.155,SHORT,2322.9955714285716,2320.8941428571434,0.8405714285713007,39611
2024-04-24 00:25:00,2322.418,SHORT,2323.337857142857,2321.0382142857143,0.9198571428570891,39615
2024-04-24 00:45:00,2321.675,SHORT,2322.6285000000003,2320.2447500000003,0.9535000000000114,39619
2024-04-24 01:25:00,2321.265,SHORT,2322.9157142857143,2318.788928571428,1.6507142857143273,39627
2024-04-24 01:35:00,2319.335,SHORT,2321.1676428571427,2316.5860357142856,1.8326428571428681,39629
2024-04-24 02:20:00,2319.305,SHORT,2321.2764285714284,2316.347857142857,1.97142857142863,39638
2024-04-24 04:55:00,2326.575,LONG,2325.163357142857,2328.692464285714,1.411642857142819,39669
2024-04-24 06:40:00,2325.995,LONG,2324.104214285714,2328.8311785714286,1.8907857142857145,39690
2024-04-24 10:20:00,2317.565,SHORT,2319.5147857142856,2314.6403214285715,1.9497857142856836,39734
2024-04-24 11:10:00,2314.645,SHORT,2315.8142857142857,2312.8910714285716,1.169285714285674,39744
2024-04-24 12:05:00,2314.905,SHORT,2316.3078571428573,2312.8007142857145,1.4028571428570362,39755
2024-04-24 12:30:00,2314.905,SHORT,2316.6612142857143,2312.270678571429,1.7562142857141876,39760
2024-04-24 13:30:00,2322.895,LONG,2319.6719285714285,2327.7296071428573,3.223071428571432,39772
2024-04-24 13:50:00,2323.015,LONG,2319.481714285714,2328.3149285714285,3.5332857142856744,39776
2024-04-24 14:20:00,2321.005,LONG,2317.470285714286,2326.3070714285714,3.534714285714212,39782
2024-04-24 16:20:00,2325.028,LONG,2322.455571428571,2328.8866428571428,2.572428571428613,39806
2024-04-24 16:35:00,2325.258,LONG,2322.6667857142857,2329.144821428571,2.591214285714289,39809
2024-04-24 19:15:00,2321.285,SHORT,2322.6187857142854,2319.2843214285713,1.3337857142856333,39841
2024-04-24 22:10:00,2317.495,SHORT,2318.8590714285715,2315.4488928571427,1.3640714285715083,39864
2024-04-25 01:45:00,2319.785,LONG,2318.315,2321.99,1.4699999999999622,39907
2024-04-25 02:25:00,2320.075,LONG,2318.7135714285714,2322.117142857143,1.3614285714286325,39915
2024-04-25 03:55:00,2313.075,SHORT,2315.859857142857,2308.8977142857143,2.784857142857066,39933
2024-04-25 05:10:00,2316.535,SHORT,2317.6775714285714,2314.8211428571426,1.1425714285714352,39948
2024-04-25 09:25:00,2325.655,LONG,2324.3753571428574,2327.5744642857144,1.279642857142887,39999
2024-04-25 10:00:00,2325.075,LONG,2323.969214285714,2326.7336785714283,1.1057857142857301,40006
2024-04-25 13:45:00,2320.025,SHORT,2325.221142857143,2312.230785714286,5.196142857142864,40051
2024-04-25 15:05:00,2334.435,LONG,2329.2611428571427,2342.1957857142856,5.173857142857189,40067
2024-04-25 15:25:00,2332.445,LONG,2327.132642857143,2340.413535714286,5.312357142857081,40071
2024-04-25 16:45:00,2330.524,LONG,2328.163285714286,2334.065071428571,2.360714285714234,40087
2024-04-25 18:45:00,2333.185,LONG,2331.6247857142857,2335.5253214285713,1.5602142857143397,40111
2024-04-25 19:55:00,2332.795,LONG,2331.535785714286,2334.6838214285713,1.2592142857142465,40125
2024-04-25 20:45:00,2332.035,LONG,2331.105642857143,2333.4290357142854,0.9293571428571406,40135
2024-04-25 22:05:00,2332.785,LONG,2331.838714285714,2334.2044285714283,0.9462857142857176,40139
2024-04-25 22:35:00,2332.645,LONG,2331.7259285714285,2334.023607142857,0.9190714285713771,40145
2024-04-25 22:50:00,2332.235,LONG,2331.293285714286,2333.6475714285716,0.9417142857142023,40148
2024-04-26 00:55:00,2329.735,SHORT,2330.493785714286,2328.5968214285713,0.7587857142857827,40173
2024-04-26 02:45:00,2332.898,LONG,2331.386285714286,2335.1655714285716,1.5117142857142685,40195
2024-04-26 04:40:00,2335.035,LONG,2333.9869999999996,2336.607,1.0480000000000342,40218
2024-04-26 05:55:00,2337.725,LONG,2336.3092857142856,2339.848571428571,1.4157142857142324,40233
2024-04-26 10:50:00,2348.685,LONG,2347.4990714285714,2350.463892857143,1.1859285714286736,40292
2024-04-26 11:30:00,2346.328,LONG,2345.061857142857,2348.2272142857146,1.26614285714293,40300
2024-04-26 13:25:00,2341.975,SHORT,2346.0677857142855,2335.8358214285713,4.0927857142856805,40323
2024-04-26 15:55:00,2336.615,SHORT,2339.2714285714283,2332.6303571428566,2.6564285714286404,40353
2024-04-26 17:50:00,2338.735,SHORT,2340.5679285714286,2335.985607142857,1.832928571428543,40376
2024-04-26 19:55:00,2339.915,LONG,2338.587785714286,2341.9058214285715,1.3272142857142626,40401
2024-04-26 20:40:00,2336.888,SHORT,2337.899,2335.3714999999997,1.0110000000000323,40410
2024-04-28 23:15:00,2334.925,SHORT,2335.9602142857143,2333.372178571429,1.0352142857143138,40429
2024-04-29 00:05:00,2335.235,SHORT,2336.114285714286,2333.9160714285717,0.8792857142857103,40439
2024-04-29 02:20:00,2327.565,SHORT,2330.518642857143,2323.134535714286,2.9536428571427678,40466
2024-04-29 05:35:00,2332.265,LONG,2330.629214285714,2334.7186785714284,1.6357857142857029,40505
2024-04-29 06:30:00,2331.505,LONG,2329.769642857143,2334.1080357142855,1.735357142857083,40516
2024-04-29 06:50:00,2327.485,SHORT,2329.1824285714288,2324.938857142857,1.6974285714285477,40520
2024-04-29 09:05:00,2339.225,LONG,2337.6487857142856,2341.5893214285716,1.5762142857143187,40547
2024-04-29 09:30:00,2338.045,LONG,2336.5840714285714,2340.236392857143,1.4609285714285696,40552
2024-04-29 10:45:00,2341.955,LONG,2340.4169285714283,2344.262107142857,1.538071428571454,40567
2024-04-29 11:10:00,2340.835,LONG,2339.580785714286,2342.7163214285715,1.2542142857142673,40572
2024-04-29 13:35:00,2331.015,SHORT,2333.3731428571427,2327.477785714286,2.3581428571428336,40601
2024-04-29 14:10:00,2334.405,SHORT,2337.3290714285718,2330.0188928571433,2.9240714285713887,40608
2024-04-29 22:15:00,2334.895,SHORT,2335.7285714285713,2333.644642857143,0.8335714285713688,40693
2024-04-29 23:55:00,2333.025,SHORT,2333.9005,2331.7117500000004,0.8754999999999394,40713
2024-04-30 00:45:00,2333.568,SHORT,2334.6133571428572,2331.9999642857147,1.0453571428571584,40723
2024-04-30 01:05:00,2333.535,SHORT,2334.785142857143,2331.6597857142856,1.2501428571429187,40727
2024-04-30 01:55:00,2333.884,SHORT,2335.396642857143,2331.6150357142856,1.5126428571428343,40737
2024-04-30 03:10:00,2329.225,SHORT,2330.953357142857,2326.6324642857144,1.7283571428571187,40752
2024-04-30 07:00:00,2321.645,SHORT,2323.5142857142855,2318.8410714285715,1.8692857142856545,40798
2024-04-30 09:50:00,2315.665,SHORT,2317.2657142857142,2313.2639285714286,1.600714285714243,40832
2024-04-30 10:30:00,2317.365,SHORT,2318.6345714285712,2315.4606428571424,1.2695714285714854,40840
2024-04-30 10:50:00,2315.665,SHORT,2316.846,2313.8935,1.18100000000004,40844
2024-04-30 10:55:00,2315.345,SHORT,2316.546714285714,2313.5424285714284,1.201714285714323,40845
2024-04-30 11:30:00,2313.405,SHORT,2314.8050000000003,2311.3050000000003,1.399999999999961,40852
2024-04-30 12:30:00,2307.465,SHORT,2309.6702142857143,2304.1571785714286,2.205214285714224,40864
2024-04-30 13:50:00,2307.825,SHORT,2310.907428571428,2303.201357142857,3.082428571428539,40880
2024-04-30 14:20:00,2302.535,SHORT,2306.6612142857143,2296.3456785714284,4.126214285714274,40886
2024-04-30 15:40:00,2295.0,SHORT,2298.3675714285714,2289.9486428571427,3.367571428571474,40902
2024-04-30 16:10:00,2297.675,SHORT,2300.3288571428575,2293.694214285714,2.6538571428572078,40908
2024-04-30 17:20:00,2293.585,SHORT,2295.712642857143,2290.3935357142855,2.127642857142941,40922
2024-04-30 17:50:00,2293.835,SHORT,2296.0095714285717,2290.573142857143,2.174571428571458,40928
2024-04-30 18:10:00,2295.465,SHORT,2297.506714285714,2292.4024285714286,2.0417142857142414,40932
2024-04-30 19:35:00,2292.525,SHORT,2294.163285714286,2290.0675714285717,1.638285714285725,40949
2024-04-30 19:50:00,2292.545,SHORT,2294.2782857142856,2289.9450714285713,1.7332857142857523,40952
2024-04-30 22:55:00,2291.235,SHORT,2292.5135714285716,2289.317142857143,1.2785714285714351,40977
2024-04-30 23:55:00,2291.265,SHORT,2292.2457142857143,2289.7939285714288,0.980714285714222,40989
2024-05-01 00:05:00,2291.805,SHORT,2292.8414285714284,2290.250357142857,1.036428571428522,40991
2024-05-01 01:50:00,2288.385,SHORT,2289.8528571428574,2286.1832142857143,1.4678571428571883,41012
2024-05-01 05:15:00,2285.115,SHORT,2286.354857142857,2283.255214285714,1.2398571428571878,41053
2024-05-01 08:20:00,2284.085,SHORT,2285.497428571429,2281.966357142857,1.4124285714286609,41090
2024-05-01 09:25:00,2287.335,LONG,2285.941142857143,2289.4257857142857,1.3938571428571842,41103
2024-05-01 12:40:00,2297.235,LONG,2295.1202857142857,2300.4070714285717,2.1147142857143018,41142
2024-05-01 14:45:00,2300.285,LONG,2296.7450714285715,2305.594892857143,3.5399285714285855,41167
2024-05-01 15:30:00,2309.335,LONG,2306.438357142857,2313.6799642857145,2.8966428571428815,41176
2024-05-01 16:10:00,2304.445,LONG,2302.146142857143,2307.893285714286,2.2988571428571896,41184
2024-05-01 16:25:00,2305.675,LONG,2303.4218571428573,2309.0547142857145,2.25314285714288,41187
2024-05-01 16:45:00,2304.305,LONG,2302.5939285714285,2306.871607142857,1.7110714285714559,41191
2024-05-01 17:30:00,2300.295,LONG,2298.1199285714288,2303.5576071428573,2.1750714285714627,41200
2024-05-01 20:00:00,2310.805,LONG,2306.2599999999998,2317.6225,4.545000000000106,41230
2024-05-02 01:30:00,2323.018,LONG,2321.6950714285713,2325.0023928571427,1.3229285714285521,41284
2024-05-02 01:45:00,2323.225,LONG,2321.9015714285715,2325.2101428571427,1.323428571428524,41287
2024-05-02 04:15:00,2319.695,SHORT,2320.793642857143,2318.047035714286,1.098642857142847,41317
2024-05-02 06:20:00,2316.505,SHORT,2318.0167142857144,2314.2374285714286,1.511714285714366,41342
2024-05-02 06:50:00,2313.915,SHORT,2315.6535714285715,2311.3071428571425,1.7385714285715363,41348
2024-05-02 11:20:00,2299.378,SHORT,2301.2878571428573,2296.5132142857146,1.9098571428571307,41402
2024-05-02 12:45:00,2301.958,SHORT,2304.445928571429,2298.226107142857,2.4879285714285806,41419
2024-05-02 13:40:00,2292.115,SHORT,2295.8695,2286.4832499999998,3.754500000000072,41430
2024-05-02 14:05:00,2289.198,SHORT,2293.1432857142854,2283.2800714285713,3.945285714285709,41435
2024-05-02 16:05:00,2300.675,LONG,2297.675928571429,2305.1736071428572,2.9990714285714017,41459
2024-05-02 19:05:00,2306.088,LONG,2304.5785714285716,2308.352142857143,1.5094285714285758,41495
2024-05-02 19:40:00,2303.005,LONG,2301.579357142857,2305.1434642857143,1.4256428571428452,41502
2024-05-02 20:40:00,2301.555,SHORT,2302.8036428571427,2299.6820357142856,1.2486428571428405,41514
2024-05-02 22:15:00,2305.305,LONG,2304.246857142857,2306.892214285714,1.0581428571427491,41521
2024-05-03 00:00:00,2303.635,SHORT,2304.509285714286,2302.3235714285715,0.8742857142858286,41542
2024-05-03 01:40:00,2304.295,LONG,2303.011,2306.221,1.2840000000000404,41562
2024-05-03 04:30:00,2304.625,LONG,2303.5870714285716,2306.181892857143,1.037928571428503,41596
2024-05-03 08:10:00,2300.725,SHORT,2302.3766428571425,2298.2475357142857,1.6516428571427955,41640
2024-05-03 09:40:00,2302.085,SHORT,2303.3137857142856,2300.2418214285717,1.22878571428568,41658
2024-05-03 10:00:00,2300.795,SHORT,2301.9745000000003,2299.0257500000002,1.1794999999999618,41662
2024-05-03 10:45:00,2299.075,SHORT,2300.142214285714,2297.474178571428,1.067214285714304,41671
2024-05-03 11:40:00,2298.538,SHORT,2299.885142857143,2296.5172857142857,1.3471428571429311,41682
2024-05-03 12:20:00,2295.695,SHORT,2297.3522142857146,2293.2091785714288,1.6572142857143197,41690
2024-05-03 12:25:00,2295.658,SHORT,2297.3568571428573,2293.1097142857143,1.6988571428571828,41691
2024-05-03 12:50:00,2302.105,LONG,2296.7427857142857,2310.1483214285713,5.362214285714312,41696
2024-05-03 15:05:00,2290.505,SHORT,2296.2897142857146,2281.8279285714284,5.784714285714342,41723
2024-05-03 15:45:00,2294.618,SHORT,2298.371142857143,2288.9882857142857,3.75314285714288,41731
2024-05-03 17:20:00,2298.478,LONG,2296.658,2301.208,1.8200000000000014,41750
2024-05-03 18:55:00,2299.145,LONG,2297.8267142857144,2301.1224285714284,1.3182857142856912,41769
2024-05-05 23:45:00,2294.935,SHORT,2296.3667142857144,2292.7874285714283,1.4317142857142764,41815
2024-05-06 00:55:00,2295.875,SHORT,2297.5775,2293.32125,1.7024999999999701,41829
2024-05-06 04:30:00,2311.005,LONG,2309.6985714285715,2312.964642857143,1.3064285714286663,41872
2024-05-06 05:00:00,2310.138,LONG,2308.9044999999996,2311.9882500000003,1.233500000000179,41878
2024-05-06 05:50:00,2313.015,LONG,2311.4914285714285,2315.300357142857,1.5235714285714883,41888
2024-05-06 09:05:00,2318.405,LONG,2316.9716428571433,2320.555035714286,1.4333571428571108,41927
2024-05-06 10:50:00,2319.445,LONG,2318.0276428571433,2321.5710357142857,1.417357142857067,41948
2024-05-06 11:15:00,2321.445,LONG,2320.129285714286,2323.4185714285713,1.3157142857141935,41953
2024-05-06 14:45:00,2322.145,LONG,2318.5725714285713,2327.503642857143,3.572428571428548,41995
2024-05-06 17:15:00,2324.455,LONG,2321.8507142857143,2328.3614285714284,2.604285714285749,42025
2024-05-06 17:30:00,2323.015,LONG,2320.231214285714,2327.1906785714286,2.7837857142858087,42028
2024-05-06 20:15:00,2326.975,LONG,2325.6407142857142,2328.9764285714286,1.3342857142857352,42061
2024-05-06 22:00:00,2325.084,LONG,2323.6709285714282,2327.203607142857,1.413071428571454,42070
2024-05-06 23:40:00,2325.355,LONG,2324.2107142857144,2327.0714285714284,1.1442857142856806,42090
2024-05-07 00:45:00,2327.175,LONG,2326.0780714285715,2328.820392857143,1.0969285714285368,42103
2024-05-07 01:30:00,2326.185,LONG,2324.826642857143,2328.2225357142856,1.358357142857098,42112
2024-05-07 03:25:00,2322.855,SHORT,2324.235,2320.785,1.380000000000044,42135
2024-05-07 03:35:00,2322.758,SHORT,2324.144214285714,2320.6786785714285,1.3862142857143291,42137
2024-05-07 05:30:00,2321.218,SHORT,2322.38,2319.475,1.162000000000067,42160
2024-05-07 07:45:00,2320.545,SHORT,2321.9905,2318.37675,1.4455000000000382,42187
2024-05-07 08:00:00,2318.945,SHORT,2320.4805,2316.6417500000002,1.5355000000000538,42190
2024-05-07 09:05:00,2315.255,SHORT,2316.949785714286,2312.7128214285717,1.694785714285672,42203
2024-05-07 10:40:00,2313.495,SHORT,2314.648357142857,2311.764964285714,1.153357142857138,42222
2024-05-07 11:05:00,2314.745,SHORT,2315.8309999999997,2313.116,1.0859999999999803,42227
2024-05-07 11:55:00,2312.245,SHORT,2313.448071428571,2310.440392857143,1.2030714285713202,42237
2024-05-07 13:10:00,2320.318,LONG,2317.7692142857145,2324.141178571429,2.5487857142857786,42252
2024-05-07 14:05:00,2319.845,LONG,2317.0757857142853,2323.9988214285713,2.76921428571427,42263
2024-05-07 16:30:00,2315.018,SHORT,2316.738428571429,2312.4373571428573,1.720428571428556,42292
2024-05-07 19:05:00,2314.865,SHORT,2315.9481428571426,2313.2402857142856,1.083142857142775,42323
2024-05-07 20:45:00,2313.308,SHORT,2314.111214285714,2312.1031785714285,0.8032142857143104,42343
2024-05-07 22:15:00,2316.105,LONG,2315.2062142857144,2317.4531785714285,0.8987857142857203,42349
2024-05-07 23:00:00,2314.815,LONG,2314.0181428571427,2316.0102857142856,0.7968571428571393,42358
2024-05-08 00:20:00,2315.245,LONG,2314.510214285714,2316.3471785714287,0.734785714285798,42374
2024-05-08 00:55:00,2314.025,SHORT,2314.8905,2312.72675,0.865500000000046,42381
2024-05-08 06:00:00,2318.355,LONG,2317.1713571428572,2320.1304642857144,1.1836428571428834,42442
2024-05-08 09:20:00,2308.405,SHORT,2310.0605,2305.9217500000004,1.6554999999999447,42482
2024-05-08 11:35:00,2317.198,LONG,2315.522214285714,2319.7116785714284,1.675785714285764,42509
2024-05-08 12:00:00,2317.335,LONG,2315.3447857142855,2320.3203214285713,1.990214285714306,42514
2024-05-08 12:15:00,2317.135,LONG,2315.155,2320.1050000000005,1.9800000000000182,42517
2024-05-08 13:00:00,2315.865,LONG,2313.5409999999997,2319.3509999999997,2.3240000000000367,42526
2024-05-08 15:15:00,2314.145,LONG,2312.03,2317.3175,2.1149999999999767,42553
2024-05-08 15:30:00,2318.035,LONG,2316.0435714285713,2321.0221428571426,1.9914285714285143,42556
2024-05-08 16:40:00,2316.635,LONG,2314.797142857143,2319.391785714286,1.8378571428571442,42570
2024-05-08 22:35:00,2309.385,SHORT,2310.193571428572,2308.172142857143,0.8085714285714728,42629
2024-05-09 00:05:00,2308.165,SHORT,2308.8975,2307.06625,0.7325000000000402,42647
2024-05-09 01:00:00,2309.395,SHORT,2310.2067857142856,2308.1773214285713,0.8117857142857962,42658
2024-05-09 01:05:00,2308.855,SHORT,2309.7289285714287,2307.544107142857,0.873928571428678,42659
2024-05-09 02:00:00,2309.965,LONG,2308.6545,2311.9307500000004,1.3105000000000473,42670
2024-05-09 03:15:00,2311.914,LONG,2310.7459285714285,2313.6661071428575,1.1680714285714981,42685
2024-05-09 05:55:00,2316.515,LONG,2315.2322142857142,2318.439178571429,1.2827857142857997,42717
2024-05-09 06:20:00,2316.175,LONG,2314.5722142857144,2318.5791785714287,1.6027857142857036,42722
2024-05-09 08:45:00,2311.558,SHORT,2313.009642857143,2309.3805357142855,1.45164285714288,42751
2024-05-09 16:00:00,2330.835,LONG,2328.5812142857144,2334.2156785714287,2.253785714285771,42838
2024-05-09 17:25:00,2333.305,LONG,2331.522214285714,2335.9791785714283,1.782785714285605,42855
2024-05-10 00:25:00,2348.358,LONG,2347.479142857143,2349.6762857142858,0.8788571428570842,42927
2024-05-10 01:10:00,2350.475,LONG,2349.1330714285714,2352.4878928571425,1.3419285714284601,42936
2024-05-10 02:05:00,2351.325,LONG,2348.857,2355.027,2.4680000000000097,42947
2024-05-10 02:35:00,2348.525,LONG,2346.7670714285714,2351.161892857143,1.757928571428595,42953
2024-05-10 09:55:00,2372.475,LONG,2370.461,2375.4959999999996,2.013999999999961,43041
2024-05-10 11:45:00,2372.745,LONG,2371.034714285714,2375.3104285714285,1.710285714285744,43063
2024-05-10 12:25:00,2367.925,LONG,2365.6323571428575,2371.3639642857147,2.292642857142937,43071
2024-05-10 14:25:00,2360.525,SHORT,2364.3768571428573,2354.7472142857146,3.851857142857138,43095
2024-05-10 15:30:00,2363.348,SHORT,2366.4146428571426,2358.748035714286,3.0666428571427917,43108
2024-05-10 18:50:00,2367.338,LONG,2366.263642857143,2368.949535714286,1.0743571428572523,43148
2024-05-12 22:10:00,2360.765,SHORT,2362.144214285714,2358.6961785714284,1.3792142857142673,43176
2024-05-13 00:25:00,2361.998,SHORT,2362.8732142857143,2360.6851785714284,0.8752142857142969,43203
2024-05-13 03:05:00,2358.048,SHORT,2359.223357142857,2356.284964285714,1.1753571428571377,43235
2024-05-13 06:05:00,2351.558,SHORT,2352.951357142857,2349.467964285714,1.3933571428572122,43271
2024-05-13 08:05:00,2349.075,SHORT,2350.6884999999997,2346.6547499999997,1.6134999999999309,43295
2024-05-13 11:15:00,2339.685,SHORT,2341.315357142857,2337.239464285714,1.6303571428572272,43333
2024-05-13 11:50:00,2343.665,SHORT,2345.6017142857145,2340.7599285714286,1.9367142857143531,43340
2024-05-13 14:05:00,2342.115,SHORT,2344.9892857142854,2337.803571428571,2.874285714285764,43367
2024-05-13 14:30:00,2343.305,SHORT,2346.395,2338.6699999999996,3.0900000000000154,43372
2024-05-13 15:05:00,2336.345,SHORT,2339.6386428571427,2331.4045357142854,3.293642857142816,43379
2024-05-14 01:15:00,2340.715,LONG,2339.3652142857145,2342.7396785714286,1.3497857142857745,43489
2024-05-14 01:45:00,2339.028,LONG,2337.4579999999996,2341.383,1.5700000000000338,43495
2024-05-14 03:20:00,2341.205,LONG,2339.9519285714287,2343.0846071428573,1.2530714285714697,43514
2024-05-14 03:40:00,2343.335,LONG,2342.1974285714286,2345.041357142857,1.1375714285714562,43518
2024-05-14 06:00:00,2344.878,LONG,2343.5988571428575,2346.796714285714,1.2791428571428176,43546
2024-05-14 08:25:00,2338.475,SHORT,2339.8885,2336.35475,1.4134999999999829,43575
2024-05-14 10:40:00,2344.285,LONG,2342.851714285714,2346.4349285714284,1.4332857142857003,43602
2024-05-14 11:30:00,2344.078,LONG,2342.6332857142856,2346.2450714285715,1.4447142857141964,43612
2024-05-14 13:35:00,2349.085,LONG,2345.3663571428574,2354.662964285714,3.718642857142803,43637
2024-05-14 15:30:00,2352.825,LONG,2350.377714285714,2356.4959285714285,2.447285714285759,43660
2024-05-14 16:05:00,2348.355,LONG,2346.323428571429,2351.402357142857,2.0315714285713966,43667
2024-05-14 16:40:00,2352.008,LONG,2350.0947857142855,2354.877821428571,1.913214285714243,43674
2024-05-14 17:25:00,2354.068,LONG,2352.349785714286,2356.6453214285716,1.718214285714274,43683
2024-05-14 19:10:00,2356.788,LONG,2355.6940714285715,2358.4288928571427,1.0939285714284779,43704
2024-05-14 19:55:00,2356.505,LONG,2355.293,2358.323,1.211999999999924,43713
2024-05-14 22:55:00,2357.415,LONG,2356.786642857143,2358.357535714286,0.6283571428571447,43737
2024-05-15 00:55:00,2355.708,SHORT,2356.5087857142858,2354.5068214285716,0.8007857142857314,43761
2024-05-15 01:10:00,2355.508,SHORT,2356.4342857142856,2354.118571428571,0.9262857142857358,43764
2024-05-15 02:50:00,2357.688,LONG,2356.6780714285715,2359.202892857143,1.0099285714285477,43784
2024-05-15 03:35:00,2358.855,LONG,2357.9432857142856,2360.2225714285714,0.911714285714262,43793
2024-05-15 06:15:00,2358.825,LONG,2357.786714285714,2360.382428571428,1.038285714285686,43825
2024-05-15 06:35:00,2358.668,LONG,2357.5149285714288,2360.3976071428574,1.153071428571398,43829
2024-05-15 09:45:00,2369.215,LONG,2367.543357142857,2371.7224642857145,1.6716428571428747,43867
2024-05-15 13:30:00,2368.015,LONG,2362.5992857142855,2376.1385714285716,5.41571428571433,43912
2024-05-15 18:40:00,2385.198,LONG,2383.5239285714283,2387.7091071428567,1.674071428571389,43974
2024-05-15 19:10:00,2386.765,LONG,2385.027,2389.372,1.7379999999999265,43980
2024-05-15 20:05:00,2387.255,LONG,2385.9198571428574,2389.2577142857144,1.33514285714289,43991
2024-05-15 22:30:00,2388.925,LONG,2387.5645,2390.9657500000003,1.3605000000000342,44008
2024-05-16 01:10:00,2394.045,LONG,2392.3629285714287,2396.568107142857,1.682071428571362,44040
2024-05-16 07:45:00,2389.895,SHORT,2391.4885,2387.50475,1.5934999999999815,44119
2024-05-16 08:20:00,2386.505,SHORT,2388.1065000000003,2384.10275,1.6015000000000197,44126
2024-05-16 09:55:00,2385.305,SHORT,2386.611214285714,2383.3456785714284,1.3062142857143368,44145
2024-05-16 11:15:00,2385.635,SHORT,2386.9673571428575,2383.6364642857147,1.3323571428571281,44161
2024-05-16 12:15:00,2383.498,SHORT,2385.1900714285716,2380.9598928571427,1.6920714285715153,44173
2024-05-16 12:45:00,2380.768,SHORT,2383.2182142857146,2377.0926785714287,2.45021428571431,44179
2024-05-16 13:05:00,2377.295,SHORT,2380.4342857142856,2372.5860714285714,3.1392857142857014,44183
2024-05-16 13:30:00,2373.815,SHORT,2378.370142857143,2366.982285714286,4.555142857142755,44188
2024-05-16 14:15:00,2374.425,SHORT,2378.588142857143,2368.180285714286,4.163142857142702,44197
2024-05-16 15:25:00,2380.145,SHORT,2382.4270714285713,2376.721892857143,2.2820714285714336,44211
2024-05-16 17:15:00,2381.515,LONG,2380.004571428571,2383.7806428571425,1.5104285714285521,44233
2024-05-16 17:50:00,2381.078,LONG,2379.799785714286,2382.9953214285715,1.278214285714252,44240
2024-05-16 18:20:00,2379.475,LONG,2378.311357142857,2381.220464285714,1.1636428571428366,44246
2024-05-16 19:35:00,2378.908,SHORT,2379.843214285714,2377.5051785714286,0.9352142857143397,44261
2024-05-16 22:15:00,2377.705,SHORT,2378.545357142857,2376.4444642857143,0.8403571428571988,44281
2024-05-16 22:55:00,2378.215,SHORT,2378.943928571429,2377.121607142857,0.7289285714285987,44289
2024-05-17 00:05:00,2378.475,SHORT,2379.1845714285714,2377.4106428571426,0.7095714285715725,44303
2024-05-17 00:20:00,2378.615,SHORT,2379.4357142857143,2377.383928571428,0.8207142857144001,44306
2024-05-17 01:10:00,2377.078,SHORT,2378.122785714286,2375.5108214285715,1.044785714285776,44316
2024-05-17 02:00:00,2377.735,SHORT,2378.760142857143,2376.197285714286,1.0251428571428474,44326
2024-05-17 04:30:00,2377.365,SHORT,2378.2131428571424,2376.0927857142856,0.8481428571428425,44356
2024-05-17 07:45:00,2383.775,LONG,2382.417142857143,2385.8117857142856,1.3578571428570936,44395
2024-05-17 08:15:00,2383.745,LONG,2382.3502857142857,2385.837071428571,1.3947142857142742,44401
2024-05-17 08:45:00,2382.565,LONG,2381.207,2384.602,1.3580000000000123,44407
2024-05-17 09:00:00,2385.868,LONG,2384.3319285714283,2388.172107142857,1.5360714285714363,44410
2024-05-17 09:30:00,2382.395,LONG,2380.876714285714,2384.6724285714286,1.518285714285769,44416
2024-05-17 12:40:00,2390.185,LONG,2388.430785714286,2392.8163214285714,1.7542142857142673,44454
2024-05-17 15:30:00,2407.915,LONG,2403.7800714285713,2414.117392857143,4.1349285714285156,44488
2024-05-17 20:00:00,2416.588,LONG,2414.6775714285714,2419.453642857143,1.9104285714286107,44542
2024-05-19 22:40:00,2418.405,LONG,2415.2323571428574,2423.1639642857144,3.1726428571428187,44562
2024-05-20 03:00:00,2434.138,LONG,2431.475785714286,2438.1313214285715,2.6622142857142665,44614
2024-05-20 03:25:00,2432.835,LONG,2430.320642857143,2436.6065357142857,2.5143571428571443,44619
2024-05-20 04:45:00,2436.648,LONG,2434.971285714286,2439.1630714285716,1.6767142857142647,44635
2024-05-20 06:40:00,2435.425,LONG,2431.3070714285714,2441.601892857143,4.117928571428657,44658
2024-05-20 07:05:00,2441.705,LONG,2437.8089999999997,2447.549,3.8960000000000554,44663
2024-05-20 07:35:00,2437.925,LONG,2434.4930000000004,2443.0730000000003,3.431999999999984,44669
2024-05-20 08:10:00,2439.465,LONG,2436.6792142857144,2443.6436785714286,2.7857857142856637,44676
2024-05-20 09:50:00,2442.745,LONG,2440.595714285714,2445.9689285714285,2.1492857142856923,44696
2024-05-20 10:10:00,2441.208,LONG,2439.1444285714288,2444.3033571428573,2.0635714285713544,44700
2024-05-20 13:20:00,2418.305,SHORT,2423.1735,2411.00225,4.868500000000007,44738
2024-05-20 14:00:00,2416.695,SHORT,2421.1862142857144,2409.958178571429,4.491214285714217,44746
2024-05-20 18:55:00,2435.085,LONG,2433.156,2437.9785,1.9290000000000223,44805
2024-05-20 23:10:00,2427.765,SHORT,2429.1019285714283,2425.759607142857,1.336928571428546,44844
2024-05-20 23:35:00,2425.925,SHORT,2426.9985714285717,2424.314642857143,1.0735714285714753,44849
2024-05-21 00:20:00,2426.415,SHORT,2427.4959285714285,2424.793607142857,1.0809285714286554,44858
2024-05-21 04:10:00,2412.925,SHORT,2414.978142857143,2409.8452857142856,2.0531428571429324,44904
2024-05-21 05:35:00,2413.715,SHORT,2415.3922142857145,2411.1991785714285,1.677214285714334,44921
2024-05-21 06:00:00,2415.638,SHORT,2417.474857142857,2412.882714285714,1.8368571428572003,44926
2024-05-21 10:30:00,2416.615,LONG,2414.642357142857,2419.5739642857143,1.9726428571428707,44980
2024-05-21 10:55:00,2419.665,LONG,2418.052357142857,2422.0839642857145,1.6126428571429383,44985
2024-05-21 11:40:00,2420.815,LONG,2419.1082857142856,2423.3750714285716,1.706714285714335,44994
2024-05-21 12:50:00,2425.815,LONG,2423.6783571428573,2429.0199642857147,2.136642857142923,45008
2024-05-21 13:55:00,2427.645,LONG,2423.9615714285715,2433.1701428571428,3.6834285714285864,45021
2024-05-21 15:25:00,2428.945,LONG,2426.4113571428575,2432.745464285714,2.5336428571427922,45039
2024-05-21 20:10:00,2422.728,LONG,2421.6814285714286,2424.297857142857,1.0465714285714316,45096
2024-05-21 20:30:00,2420.958,SHORT,2421.795285714286,2419.7020714285713,0.8372857142857291,45100
2024-05-21 22:40:00,2421.314,SHORT,2421.944,2420.3689999999997,0.6300000000000442,45114
2024-05-21 23:15:00,2421.304,SHORT,2421.8182857142856,2420.532571428572,0.5142857142856363,45121
2024-05-22 00:10:00,2421.664,SHORT,2422.2247142857145,2420.8229285714287,0.5607142857142792,45132
2024-05-22 01:35:00,2419.364,SHORT,2420.8897142857145,2417.075428571429,1.525714285714295,45149
2024-05-22 05:25:00,2413.554,SHORT,2414.849,2411.6115,1.2949999999999753,45195
2024-05-22 05:35:00,2412.634,SHORT,2414.0925714285713,2410.446142857143,1.458571428571369,45197
2024-05-22 06:20:00,2415.184,SHORT,2417.098285714286,2412.3125714285716,1.9142857142856624,45206
2024-05-22 07:20:00,2415.454,SHORT,2417.0425714285716,2413.071142857143,1.5885714285713806,45218
2024-05-22 09:55:00,2417.145,LONG,2415.743571428571,2419.247142857143,1.4014285714286285,45249
2024-05-22 12:30:00,2411.808,SHORT,2414.5,2407.77,2.6920000000001045,45280
2024-05-22 13:30:00,2409.465,SHORT,2412.2160000000003,2405.3385000000003,2.7509999999999764,45292
2024-05-22 14:20:00,2387.245,SHORT,2391.9375,2380.2062499999997,4.692500000000044,45302
2024-05-22 16:00:00,2391.888,SHORT,2394.815857142857,2387.496214285714,2.9278571428571922,45322
2024-05-22 17:10:00,2392.265,SHORT,2394.5221428571426,2388.8792857142857,2.2571428571428833,45336
2024-05-22 17:30:00,2388.695,SHORT,2390.872928571429,2385.4281071428572,2.1779285714286027,45340
2024-05-22 20:05:00,2378.548,SHORT,2380.108714285714,2376.2069285714283,1.5607142857142793,45371
2024-05-22 20:35:00,2378.038,SHORT,2379.392,2376.007,1.3540000000000094,45377
2024-05-22 22:10:00,2379.115,SHORT,2380.562214285714,2376.9441785714284,1.4472142857142833,45384
2024-05-22 22:20:00,2379.755,SHORT,2381.268857142857,2377.484214285714,1.5138571428571725,45386
2024-05-23 01:15:00,2374.785,SHORT,2376.767,2371.812,1.982000000000036,45421
2024-05-23 01:25:00,2371.165,SHORT,2373.619857142857,2367.4827142857143,2.4548571428571386,45423
2024-05-23 02:05:00,2370.625,SHORT,2374.3027857142856,2365.1083214285713,3.677785714285684,45431
2024-05-23 06:40:00,2364.135,SHORT,2367.415285714286,2359.2145714285716,3.280285714285713,45486
2024-05-23 07:40:00,2358.805,SHORT,2360.8481428571426,2355.7402857142856,2.0431428571429415,45498
2024-05-23 13:15:00,2365.595,SHORT,2368.676,2360.9735,3.0809999999999684,45565
2024-05-23 13:20:00,2369.115,LONG,2365.8611428571426,2373.9957857142854,3.253857142857117,45566
2024-05-23 13:45:00,2355.995,SHORT,2360.1859999999997,2349.7084999999997,4.190999999999966,45571
2024-05-23 14:00:00,2355.595,SHORT,2360.8496428571425,2347.7130357142855,5.254642857142828,45574
2024-05-23 15:50:00,2347.078,SHORT,2350.576857142857,2341.829714285714,3.4988571428571698,45596
2024-05-23 22:40:00,2330.565,SHORT,2331.6967142857143,2328.8674285714287,1.1317142857142244,45666
2024-05-24 01:05:00,2328.455,SHORT,2329.942285714286,2326.2240714285713,1.4872857142857552,45695
2024-05-24 02:20:00,2329.985,LONG,2327.8312142857144,2333.2156785714287,2.153785714285829,45710
2024-05-24 02:25:00,2325.895,SHORT,2328.112857142857,2322.568214285714,2.2178571428572207,45711
2024-05-24 03:25:00,2330.045,SHORT,2332.0429285714285,2327.048107142857,1.9979285714285393,45723
2024-05-24 05:40:00,2337.108,LONG,2335.741142857143,2339.1582857142857,1.366857142857173,45750
2024-05-24 07:35:00,2339.215,LONG,2337.4305000000004,2341.8917500000002,1.78449999999998,45773
2024-05-24 07:50:00,2338.505,LONG,2336.6859285714286,2341.233607142857,1.8190714285714356,45776
2024-05-24 08:05:00,2337.295,LONG,2335.5945,2339.84575,1.7005000000000174,45779
2024-05-24 08:40:00,2340.455,LONG,2338.7397142857144,2343.0279285714287,1.7152857142857556,45786
2024-05-24 09:45:00,2338.845,LONG,2337.2895714285714,2341.1781428571426,1.55542857142856,45799
2024-05-24 10:00:00,2337.765,LONG,2336.2628571428572,2340.0182142857143,1.5021428571428064,45802
2024-05-24 11:05:00,2340.915,LONG,2339.1740714285716,2343.526392857143,1.7409285714285747,45815
2024-05-24 11:45:00,2340.245,LONG,2338.501214285714,2342.8606785714287,1.7437857142857476,45823
2024-05-24 12:00:00,2339.355,LONG,2337.563142857143,2342.042785714286,1.7918571428571275,45826
2024-05-24 12:30:00,2340.035,LONG,2338.004785714286,2343.080321428571,2.0302142857142047,45832
2024-05-24 13:15:00,2342.105,LONG,2339.9635714285714,2345.3171428571427,2.141428571428508,45841
2024-05-24 14:15:00,2339.525,LONG,2336.233928571429,2344.4616071428572,3.2910714285714158,45853
2024-05-24 15:05:00,2338.538,SHORT,2341.5795,2333.97575,3.0415000000000094,45863
2024-05-24 16:25:00,2335.638,SHORT,2337.6089285714284,2332.681607142857,1.970928571428528,45879
2024-05-24 18:20:00,2334.705,SHORT,2335.9237857142857,2332.876821428571,1.218785714285819,45902
2024-05-24 18:50:00,2334.768,SHORT,2335.8894285714287,2333.085857142857,1.121428571428591,45908
2024-05-24 19:00:00,2333.208,SHORT,2334.3225,2331.53625,1.1145000000000371,45910
2024-05-24 20:15:00,2333.988,SHORT,2334.8126428571427,2332.7510357142855,0.8246428571428949,45925
2024-05-24 20:50:00,2333.705,SHORT,2334.426857142857,2332.622214285714,0.7218571428571587,45932
2024-05-26 23:40:00,2337.745,LONG,2336.2357857142856,2340.0088214285715,1.509214285714344,45954
2024-05-27 00:20:00,2336.295,LONG,2335.21,2337.9225,1.0849999999999713,45962
2024-05-27 04:50:00,2342.585,LONG,2341.523357142857,2344.1774642857144,1.0616428571428773,46016
2024-05-27 05:40:00,2342.695,LONG,2341.5487857142857,2344.4143214285714,1.1462142857142876,46026
2024-05-27 05:55:00,2343.595,LONG,2342.265,2345.5899999999997,1.3300000000000247,46029
2024-05-27 06:15:00,2342.848,LONG,2341.3506428571427,2345.094035714286,1.4973571428571566,46033
2024-05-27 10:00:00,2343.345,LONG,2342.3109999999997,2344.8959999999997,1.0339999999999105,46078
2024-05-27 10:20:00,2344.745,LONG,2343.7965,2346.1677499999996,0.9484999999999673,46082
2024-05-27 10:55:00,2344.788,LONG,2343.6972857142855,2346.4240714285716,1.0907142857143168,46089
2024-05-27 11:30:00,2345.218,LONG,2344.0256428571424,2347.0065357142857,1.1923571428572228,46096
2024-05-27 11:55:00,2344.975,LONG,2343.715714285714,2346.8639285714285,1.2592857142857545,46101
2024-05-27 12:05:00,2345.325,LONG,2343.9824285714285,2347.338857142857,1.3425714285714483,46103
2024-05-27 12:55:00,2347.058,LONG,2345.515857142857,2349.3712142857144,1.5421428571428675,46113
2024-05-27 13:15:00,2350.085,LONG,2348.0555,2353.12925,2.0295000000000334,46117
2024-05-27 15:30:00,2356.105,LONG,2354.591785714286,2358.3748214285715,1.5132142857142818,46144
2024-05-27 16:00:00,2353.028,LONG,2351.584,2355.194,1.4440000000000899,46150
2024-05-27 17:40:00,2354.455,LONG,2353.5651428571427,2355.7897857142857,0.8898571428571813,46170
2024-05-27 18:20:00,2352.055,LONG,2351.2662857142855,2353.238071428571,0.7887142857142148,46178
2024-05-27 22:55:00,2351.965,SHORT,2352.854642857143,2350.6305357142855,0.8896428571429494,46191
2024-05-28 00:30:00,2351.445,SHORT,2352.4460714285715,2349.943392857143,1.0010714285713544,46210
2024-05-28 01:45:00,2355.555,LONG,2353.8999285714285,2358.037607142857,1.6550714285714159,46225
2024-05-28 02:15:00,2353.795,LONG,2352.0157142857142,2356.4639285714284,1.7792857142856715,46231
2024-05-28 02:35:00,2352.348,LONG,2350.8135,2354.64975,1.53449999999998,46235
2024-05-28 04:30:00,2350.645,SHORT,2351.566428571429,2349.2628571428572,0.9214285714286429,46258
2024-05-28 04:45:00,2351.085,SHORT,2352.0028571428575,2349.7082142857143,0.9178571428572013,46261
2024-05-28 05:20:00,2351.735,SHORT,2352.693071428572,2350.297892857143,0.9580714285714294,46268
2024-05-28 05:40:00,2351.818,SHORT,2352.8970714285715,2350.1993928571433,1.0790714285714265,46272
2024-05-28 08:05:00,2343.125,SHORT,2344.680714285714,2340.7914285714287,1.5557142857143325,46301
2024-05-28 08:15:00,2340.495,SHORT,2342.085714285714,2338.1089285714284,1.5907142857142844,46303
2024-05-28 09:50:00,2344.035,SHORT,2345.189571428571,2342.3031428571426,1.1545714285714115,46322
2024-05-28 10:25:00,2344.595,SHORT,2345.592357142857,2343.098964285714,0.9973571428571566,46329
2024-05-28 10:40:00,2344.445,SHORT,2345.429285714286,2342.9685714285715,0.9842857142856961,46332
2024-05-28 14:05:00,2351.115,LONG,2347.2085714285713,2356.9746428571425,3.9064285714285103,46373
2024-05-28 15:20:00,2359.005,LONG,2356.3692142857144,2362.9586785714287,2.635785714285638,46388
2024-05-28 18:00:00,2357.315,LONG,2355.362857142857,2360.243214285714,1.9521428571428519,46420
2024-05-28 19:15:00,2357.035,LONG,2355.787714285714,2358.9059285714284,1.247285714285746,46435
2024-05-28 22:55:00,2359.055,LONG,2358.0525714285714,2360.558642857143,1.002428571428514,46467
2024-05-29 01:10:00,2357.475,SHORT,2358.6,2355.7875,1.1249999999999676,46494
2024-05-29 03:20:00,2356.065,SHORT,2357.7988571428573,2353.464214285714,1.7338571428571348,46520
2024-05-29 04:00:00,2357.378,SHORT,2358.703285714286,2355.390071428572,1.3252857142856556,46528
2024-05-29 04:15:00,2358.068,SHORT,2359.206142857143,2356.360785714286,1.1381428571427736,46531
2024-05-29 05:30:00,2359.685,LONG,2358.655714285714,2361.2289285714287,1.0292857142857688,46546
2024-05-29 05:45:00,2358.905,LONG,2357.55,2360.9375000000005,1.3550000000000506,46549
2024-05-29 07:05:00,2354.625,SHORT,2356.4340714285713,2351.911392857143,1.8090714285713798,46565
2024-05-29 10:05:00,2344.015,SHORT,2345.7404285714283,2341.426857142857,1.725428571428503,46601
2024-05-29 11:05:00,2344.345,SHORT,2345.815071428571,2342.1398928571425,1.4700714285714704,46613
2024-05-29 12:40:00,2342.295,SHORT,2344.275285714286,2339.3245714285713,1.9802857142857258,46632
2024-05-29 13:10:00,2342.238,SHORT,2345.062857142857,2338.000714285714,2.8248571428571916,46638
2024-05-29 13:25:00,2344.375,SHORT,2347.391285714286,2339.8505714285716,3.0162857142857513,46641
2024-05-29 14:15:00,2343.095,SHORT,2346.1965,2338.4427499999997,3.1015000000000197,46651
2024-05-29 15:15:00,2340.225,SHORT,2342.460714285714,2336.8714285714286,2.235714285714234,46663
2024-05-29 16:40:00,2339.625,SHORT,2341.2760714285714,2337.148392857143,1.651071428571348,46680
2024-05-29 18:20:00,2341.875,LONG,2340.726142857143,2343.598285714286,1.148857142857066,46700
2024-05-29 20:40:00,2337.265,SHORT,2338.3115714285714,2335.695142857143,1.0465714285714316,46728
2024-05-29 22:10:00,2338.285,SHORT,2339.243357142857,2336.847464285714,0.9583571428571044,46734
2024-05-30 00:15:00,2336.505,SHORT,2337.365285714286,2335.2145714285716,0.8602857142857374,46759
2024-05-30 01:00:00,2335.775,SHORT,2337.1645,2333.69075,1.3894999999999331,46768
2024-05-30 02:30:00,2333.235,SHORT,2334.9780714285716,2330.620392857143,1.7430714285714461,46786
2024-05-30 03:50:00,2334.318,SHORT,2335.922785714286,2331.9108214285716,1.6047857142857538,46802
2024-05-30 05:00:00,2335.305,LONG,2334.2714285714283,2336.855357142857,1.0335714285713817,46816
2024-05-30 06:35:00,2329.105,SHORT,2331.638785714286,2325.3043214285713,2.533785714285744,46835
2024-05-30 07:40:00,2333.535,LONG,2331.586,2336.4584999999997,1.949000000000004,46848
2024-05-30 09:25:00,2336.895,LONG,2335.1557857142857,2339.5038214285714,1.739214285714232,46869
2024-05-30 10:40:00,2335.095,LONG,2333.6102857142855,2337.3220714285712,1.4847142857143223,46884
2024-05-30 12:30:00,2341.435,LONG,2338.7183571428573,2345.5099642857144,2.7166428571428827,46906
2024-05-30 15:20:00,2343.005,LONG,2340.696,2346.4685,2.308999999999969,46940
2024-05-30 18:10:00,2342.915,LONG,2341.588214285714,2344.9051785714287,1.3267857142857662,46974
2024-05-30 19:40:00,2341.078,SHORT,2342.063357142857,2339.599964285714,0.985357142857148,46992
2024-05-30 22:50:00,2343.645,LONG,2342.455,2345.43,1.1900000000000222,47018
2024-05-30 23:45:00,2343.885,LONG,2342.9471428571433,2345.291785714286,0.9378571428571506,47029
2024-05-31 01:20:00,2345.015,LONG,2343.4564285714287,2347.352857142857,1.5585714285714078,47048
2024-05-31 04:30:00,2340.928,SHORT,2342.2471428571425,2338.9492857142855,1.3191428571428463,47086
2024-05-31 05:00:00,2343.095,SHORT,2344.3695714285714,2341.1831428571427,1.2745714285714647,47092
2024-05-31 05:40:00,2342.598,SHORT,2343.8080714285716,2340.782892857143,1.2100714285714471,47100
2024-05-31 06:10:00,2343.045,SHORT,2344.3982142857144,2341.015178571429,1.3532142857142648,47106
2024-05-31 06:15:00,2344.075,LONG,2342.635357142857,2346.2344642857142,1.439642857142839,47107
2024-05-31 06:35:00,2344.335,LONG,2342.8044285714286,2346.630857142857,1.5305714285714203,47111
2024-05-31 07:10:00,2344.155,LONG,2342.7005714285715,2346.336642857143,1.4544285714286096,47118
2024-05-31 08:30:00,2341.625,SHORT,2342.9814285714288,2339.590357142857,1.3564285714286533,47134
2024-05-31 10:35:00,2342.145,SHORT,2343.2166428571427,2340.5375357142857,1.0716428571428034,47159
2024-05-31 10:50:00,2343.235,LONG,2342.2262142857144,2344.7481785714285,1.0087857142856527,47162
2024-05-31 11:30:00,2343.755,LONG,2342.5842857142857,2345.5110714285715,1.170714285714244,47170
2024-05-31 12:40:00,2352.488,LONG,2350.2649285714283,2355.822607142857,2.2230714285713993,47184
2024-05-31 13:55:00,2348.025,LONG,2344.0865000000003,2353.93275,3.938499999999944,47199
2024-05-31 14:05:00,2345.865,LONG,2341.8531428571428,2351.8827857142855,4.01185714285709,47201
2024-05-31 16:30:00,2332.958,SHORT,2335.7580000000003,2328.758,2.800000000000052,47230
2024-05-31 16:45:00,2334.848,SHORT,2337.3539285714287,2331.089107142857,2.5059285714286097,47233
2024-05-31 17:15:00,2330.448,SHORT,2332.672928571428,2327.110607142857,2.2249285714285634,47239
2024-05-31 20:20:00,2328.288,SHORT,2329.8365714285715,2325.965142857143,1.5485714285714818,47276
2024-05-31 20:55:00,2326.995,SHORT,2328.418357142857,2324.8599642857143,1.42335714285712,47283
2024-06-02 22:45:00,2325.875,SHORT,2327.6564285714285,2323.2028571428573,1.7814285714285754,47293
2024-06-03 01:40:00,2328.695,LONG,2327.1803571428572,2330.9669642857143,1.5146428571428194,47328
2024-06-03 06:15:00,2316.525,SHORT,2318.878357142857,2312.9949642857146,2.3533571428571185,47383
2024-06-03 09:00:00,2326.255,LONG,2324.6397142857145,2328.6779285714288,1.615285714285749,47416
2024-06-03 09:45:00,2326.455,LONG,2325.2214999999997,2328.30525,1.2335000000000491,47425
2024-06-03 10:20:00,2328.305,LONG,2326.879214285714,2330.4436785714283,1.425785714285764,47432
2024-06-03 11:40:00,2329.745,LONG,2328.289142857143,2331.928785714286,1.4558571428572122,47448
2024-06-03 13:10:00,2334.625,LONG,2332.5122142857144,2337.794178571429,2.1127857142857596,47466
2024-06-03 13:50:00,2333.745,LONG,2331.0499999999997,2337.7875,2.695000000000001,47474
2024-06-03 14:00:00,2339.544,LONG,2336.230642857143,2344.5140357142855,3.313357142857155,47476
2024-06-03 17:55:00,2348.275,LONG,2345.952142857143,2351.759285714286,2.322857142857174,47523
2024-06-03 19:50:00,2346.605,LONG,2345.472642857143,2348.3035357142858,1.132357142857115,47546
2024-06-03 23:20:00,2350.695,LONG,2350.1465000000003,2351.5177500000004,0.5485000000000387,47576
2024-06-04 00:00:00,2351.248,LONG,2350.663285714286,2352.1250714285716,0.5847142857143288,47584
2024-06-04 00:15:00,2351.025,LONG,2350.371285714286,2352.005571428572,0.6537142857143537,47587
2024-06-04 01:00:00,2351.035,LONG,2350.040357142857,2352.5269642857143,0.9946428571429351,47596
2024-06-04 02:10:00,2348.278,SHORT,2350.075,2345.5825,1.796999999999928,47610
2024-06-04 05:35:00,2348.525,LONG,2347.623857142857,2349.8767142857146,0.9011428571429211,47651
2024-06-04 06:35:00,2347.675,LONG,2346.134285714286,2349.9860714285714,1.5407142857142975,47663
2024-06-04 10:25:00,2333.685,SHORT,2335.3962142857144,2331.1181785714284,1.7112142857142771,47709
2024-06-04 10:55:00,2329.088,SHORT,2330.7870000000003,2326.5395000000003,1.6990000000000367,47715
2024-06-04 12:30:00,2331.895,SHORT,2333.966,2328.7885,2.0709999999999127,47734
2024-06-04 13:45:00,2326.148,SHORT,2328.945857142857,2321.9512142857143,2.7978571428571803,47749
2024-06-04 14:05:00,2323.915,SHORT,2327.741785714286,2318.1748214285712,3.826785714285766,47753
2024-06-04 15:15:00,2326.185,SHORT,2329.9925,2320.47375,3.807499999999988,47767
2024-06-04 20:05:00,2327.365,LONG,2326.4729285714284,2328.703107142857,0.892071428571431,47825
2024-06-04 22:10:00,2327.948,LONG,2327.2114285714283,2329.0528571428567,0.7365714285713564,47838
2024-06-05 00:30:00,2329.188,LONG,2328.456642857143,2330.285035714286,0.7313571428571777,47866
2024-06-05 01:40:00,2329.198,LONG,2327.9154285714285,2331.121857142857,1.2825714285715029,47880
2024-06-05 08:25:00,2332.725,SHORT,2334.3759285714286,2330.248607142857,1.6509285714285917,47961
2024-06-05 09:00:00,2332.355,SHORT,2333.81,2330.1725,1.4550000000000571,47968
2024-06-05 12:00:00,2332.825,LONG,2331.6332857142856,2334.6125714285713,1.1917142857143648,48004
2024-06-05 12:40:00,2338.408,LONG,2336.336142857143,2341.515785714286,2.0718571428571653,48012
2024-06-05 14:25:00,2345.818,LONG,2341.982642857143,2351.5710357142857,3.835357142857057,48033
2024-06-05 16:00:00,2354.395,LONG,2351.5871428571427,2358.6067857142857,2.807857142857139,48052
2024-06-05 16:30:00,2352.678,LONG,2350.284428571428,2356.268357142857,2.3935714285714766,48058
2024-06-05 19:50:00,2353.125,LONG,2352.179142857143,2354.5437857142856,0.9458571428570589,48098
2024-06-05 23:35:00,2355.715,LONG,2355.056142857143,2356.703285714286,0.6588571428571218,48131
2024-06-05 23:55:00,2354.935,LONG,2354.2780714285714,2355.920392857143,0.6569285714285472,48135
2024-06-06 01:15:00,2365.194,LONG,2363.5169285714287,2367.7096071428573,1.6770714285714152,48151
2024-06-06 03:25:00,2369.475,LONG,2367.4025714285713,2372.583642857143,2.0724285714285804,48177
2024-06-06 04:35:00,2369.305,LONG,2368.3605,2370.7217499999997,0.9444999999999644,48191
2024-06-06 05:20:00,2368.738,LONG,2367.5699285714286,2370.4901071428567,1.1680714285713683,48200
2024-06-06 05:30:00,2368.955,LONG,2367.787642857143,2370.7060357142855,1.167357142857067,48202
2024-06-06 05:55:00,2367.685,LONG,2366.3990714285715,2369.6138928571427,1.2859285714284852,48207
2024-06-06 09:15:00,2362.725,SHORT,2363.8501428571426,2361.0372857142856,1.1251428571428213,48247
2024-06-06 10:00:00,2360.498,SHORT,2361.7015,2358.69275,1.203500000000044,48256
2024-06-06 10:35:00,2360.508,SHORT,2361.743857142857,2358.6542142857143,1.2358571428571525,48263
2024-06-06 11:55:00,2359.705,SHORT,2360.989714285714,2357.7779285714287,1.284714285714212,48279
2024-06-06 12:35:00,2358.155,SHORT,2360.496642857143,2354.642535714286,2.341642857142818,48287
2024-06-06 14:15:00,2361.975,LONG,2358.1985714285715,2367.639642857143,3.7764285714285313,48307
2024-06-06 17:05:00,2371.715,LONG,2369.2645,2375.39075,2.450500000000017,48341
2024-06-06 18:25:00,2371.335,LONG,2369.812142857143,2373.619285714286,1.5228571428572195,48357
2024-06-06 19:55:00,2372.428,LONG,2371.424,2373.9339999999997,1.004000000000003,48375
2024-06-06 23:45:00,2376.788,LONG,2376.2175,2377.64375,0.5705000000000057,48409
2024-06-07 00:05:00,2376.818,LONG,2376.144142857143,2377.828785714286,0.6738571428571244,48413
2024-06-07 00:40:00,2377.335,LONG,2376.3880714285715,2378.755392857143,0.9469285714285434,48420
2024-06-07 05:20:00,2383.505,LONG,2381.6977142857145,2386.215928571429,1.8072857142856589,48476
2024-06-07 13:25:00,2325.185,SHORT,2330.896857142857,2316.6172142857145,5.7118571428570055,48573
2024-06-07 14:30:00,2317.035,SHORT,2321.729142857143,2309.9937857142854,4.6941428571429435,48586
2024-06-07 16:50:00,2310.455,SHORT,2313.285,2306.21,2.829999999999992,48614
2024-06-09 22:00:00,2290.315,SHORT,2292.431,2287.141,2.116000000000018,48664
2024-06-09 22:15:00,2294.255,SHORT,2296.571,2290.781,2.316000000000031,48667
2024-06-09 23:00:00,2296.855,SHORT,2299.0533571428573,2293.5574642857146,2.198357142857081,48676
2024-06-10 03:40:00,2295.675,SHORT,2296.9235000000003,2293.80225,1.2484999999999542,48732
2024-06-10 04:25:00,2294.835,SHORT,2296.071142857143,2292.980785714286,1.236142857142795,48741
2024-06-10 06:10:00,2295.055,SHORT,2296.722857142857,2292.553214285714,1.6678571428572013,48762
2024-06-10 09:40:00,2297.005,LONG,2295.4165000000003,2299.3877500000003,1.5885000000000673,48804
2024-06-10 10:10:00,2296.725,LONG,2295.3300714285715,2298.8173928571427,1.394928571428571,48810
2024-06-10 14:10:00,2303.715,LONG,2301.2278571428574,2307.4457142857145,2.4871428571428362,48858
2024-06-10 15:20:00,2305.538,LONG,2303.5454285714286,2308.5268571428574,1.9925714285714418,48872
2024-06-10 18:10:00,2311.245,LONG,2309.9280714285715,2313.220392857143,1.3169285714285965,48906
2024-06-10 19:40:00,2311.078,LONG,2310.228071428571,2312.3528928571427,0.8499285714286283,48924
2024-06-10 22:40:00,2310.785,LONG,2310.0975714285714,2311.816142857143,0.6874285714286218,48948
2024-06-10 23:45:00,2309.585,SHORT,2310.09,2308.8275,0.5049999999999792,48961
2024-06-11 00:00:00,2309.408,SHORT,2309.8962857142856,2308.6755714285714,0.4882857142856665,48964
2024-06-11 00:50:00,2311.448,LONG,2310.8204285714282,2312.389357142857,0.6275714285714328,48974
2024-06-11 04:05:00,2302.815,SHORT,2303.7712142857144,2301.3806785714287,0.9562142857143304,49013
2024-06-11 05:05:00,2302.688,SHORT,2303.5495714285717,2301.395642857143,0.8615714285714213,49025
2024-06-11 06:35:00,2303.165,SHORT,2304.7060714285712,2300.853392857143,1.541071428571448,49043
2024-06-11 07:45:00,2304.075,LONG,2302.648357142857,2306.2149642857144,1.4266428571428864,49057
2024-06-11 09:30:00,2302.725,LONG,2301.2322142857142,2304.9641785714284,1.4927857142856737,49078
2024-06-11 10:55:00,2307.738,LONG,2306.4627857142855,2309.6508214285714,1.2752142857142903,49095
2024-06-11 13:55:00,2314.505,LONG,2310.8442142857143,2319.9961785714286,3.660785714285729,49131
2024-06-11 19:35:00,2313.775,LONG,2312.7605,2315.29675,1.0145000000000632,49199
2024-06-11 23:15:00,2315.305,LONG,2314.6122142857143,2316.3441785714285,0.6927857142856543,49231
2024-06-12 00:05:00,2315.455,LONG,2314.7050714285715,2316.5798928571426,0.7499285714285568,49241
2024-06-12 00:55:00,2313.628,SHORT,2314.341642857143,2312.5575357142857,0.7136428571429211,49251
2024-06-12 01:35:00,2311.108,SHORT,2312.336785714286,2309.2648214285714,1.2287857142858098,49259
2024-06-12 02:55:00,2313.518,SHORT,2315.1092857142858,2311.1310714285714,1.5912857142857644,49275
2024-06-12 05:35:00,2312.805,SHORT,2313.5279285714287,2311.720607142857,0.7229285714286432,49307
2024-06-12 06:00:00,2314.345,SHORT,2315.2661428571428,2312.9632857142856,0.9211428571429029,49312
2024-06-12 07:05:00,2314.555,LONG,2313.180714285714,2316.6164285714285,1.3742857142857312,49325
2024-06-12 08:25:00,2312.808,SHORT,2313.9601428571427,2311.0797857142857,1.15214285714293,49341
2024-06-12 11:05:00,2313.045,SHORT,2314.080357142857,2311.4919642857144,1.0353571428570376,49373
2024-06-12 11:30:00,2313.058,SHORT,2314.1242857142856,2311.4585714285713,1.066285714285641,49378
2024-06-12 13:55:00,2329.735,LONG,2325.2098571428573,2336.5227142857148,4.525142857142945,49407
2024-06-12 14:10:00,2326.215,LONG,2321.419142857143,2333.408785714286,4.79585714285726,49410
2024-06-12 17:40:00,2334.425,LONG,2332.5975000000003,2337.16625,1.8275000000000676,49452
2024-06-12 22:20:00,2322.635,SHORT,2323.6857142857143,2321.0589285714286,1.0507142857142884,49496
2024-06-12 23:35:00,2321.055,SHORT,2321.668357142857,2320.134964285714,0.6133571428572395,49511
2024-06-12 23:50:00,2320.735,SHORT,2321.4062142857147,2319.7281785714285,0.6712142857143785,49514
2024-06-13 01:05:00,2317.015,SHORT,2318.6095,2314.6232499999996,1.5945000000000553,49529
2024-06-13 01:20:00,2313.605,SHORT,2315.5482857142856,2310.690071428571,1.9432857142857887,49532
2024-06-13 02:30:00,2314.505,SHORT,2316.5640000000003,2311.4165000000003,2.0590000000000015,49546
2024-06-13 02:55:00,2314.008,SHORT,2315.850571428571,2311.244142857143,1.8425714285713835,49551
2024-06-13 03:15:00,2314.735,SHORT,2316.35,2312.3125,1.6149999999999767,49555
2024-06-13 06:10:00,2311.985,SHORT,2313.355285714286,2309.9295714285718,1.3702857142856633,49590
2024-06-13 08:30:00,2315.815,LONG,2314.4162142857144,2317.9131785714285,1.3987857142857203,49618
2024-06-13 08:45:00,2315.325,LONG,2313.9902857142856,2317.3270714285713,1.3347142857143288,49621
2024-06-13 13:25:00,2318.875,LONG,2314.4266428571427,2325.547535714286,4.448357142857146,49677
2024-06-13 14:40:00,2311.145,SHORT,2315.0935,2305.2222500000003,3.948499999999935,49692
2024-06-13 17:20:00,2303.115,SHORT,2305.0795,2300.1682499999997,1.9645000000000437,49724
2024-06-13 18:35:00,2301.868,SHORT,2303.0496428571428,2300.0955357142857,1.1816428571428983,49739
2024-06-13 18:55:00,2302.948,SHORT,2304.0441428571426,2301.3037857142854,1.09614285714289,49743
2024-06-13 20:00:00,2302.968,SHORT,2303.8841428571427,2301.593785714286,0.9161428571428262,49756
2024-06-13 22:15:00,2303.505,SHORT,2303.9888571428573,2302.7792142857143,0.4838571428571348,49771
2024-06-14 02:00:00,2306.245,LONG,2304.855,2308.33,1.390000000000035,49816
2024-06-14 02:50:00,2306.238,LONG,2305.2169285714285,2307.769607142857,1.0210714285713363,49826
2024-06-14 06:10:00,2310.445,LONG,2308.9477142857145,2312.6909285714287,1.497285714285746,49866
2024-06-14 07:25:00,2311.515,LONG,2310.0887857142857,2313.654321428571,1.4262142857143252,49881
2024-06-14 08:50:00,2317.365,LONG,2315.4505714285715,2320.2366428571427,1.914428571428516,49898
2024-06-14 09:35:00,2319.195,LONG,2317.6945,2321.44575,1.5004999999999395,49907
2024-06-14 12:45:00,2332.328,LONG,2329.238214285714,2336.9626785714286,3.089785714285784,49945
2024-06-14 13:30:00,2327.765,LONG,2324.910714285714,2332.0464285714284,2.854285714285782,49954
2024-06-14 14:05:00,2332.045,LONG,2329.358142857143,2336.0752857142857,2.686857142857142,49961
2024-06-14 15:05:00,2329.095,LONG,2325.9981428571427,2333.7402857142856,3.0968571428571914,49973
2024-06-14 16:20:00,2329.035,LONG,2326.9766428571425,2332.1225357142857,2.0583571428572083,49988
2024-06-14 18:20:00,2333.825,LONG,2332.5191428571425,2335.7837857142854,1.3058571428571537,50012
2024-06-16 22:10:00,2330.434,SHORT,2331.1529285714287,2329.3556071428575,0.7189285714285754,50046
2024-06-16 23:45:00,2328.725,SHORT,2329.5510714285715,2327.485892857143,0.8260714285714325,50065
2024-06-17 00:00:00,2326.418,SHORT,2327.3222142857144,2325.0616785714287,0.9042142857142933,50068
2024-06-17 01:35:00,2327.498,SHORT,2329.1045714285715,2325.088142857143,1.6065714285714097,50087
2024-06-17 02:40:00,2323.045,SHORT,2324.5062142857146,2320.8531785714285,1.4612142857143422,50100
2024-06-17 04:05:00,2323.895,SHORT,2324.8447857142855,2322.4703214285714,0.9497857142857161,50117
2024-06-17 05:00:00,2321.645,SHORT,2322.6322142857143,2320.1641785714287,0.9872142857143119,50128
2024-06-17 07:10:00,2318.228,SHORT,2319.6339285714284,2316.119107142857,1.405928571428571,50154
2024-06-17 07:35:00,2317.785,SHORT,2319.4032857142856,2315.357571428571,1.6182857142857106,50159
2024-06-17 09:55:00,2319.965,LONG,2318.7835,2321.73725,1.1815000000001095,50187
2024-06-17 10:15:00,2322.205,LONG,2321.123357142857,2323.827464285714,1.0816428571429242,50191
2024-06-17 10:45:00,2321.025,LONG,2319.9600714285716,2322.622392857143,1.0649285714285466,50197
2024-06-17 11:30:00,2317.885,SHORT,2319.1654285714285,2315.9643571428574,1.2804285714285015,50206
2024-06-17 11:45:00,2318.668,SHORT,2320.153714285714,2316.439428571429,1.4857142857142662,50209
2024-06-17 12:25:00,2318.064,SHORT,2319.8349285714285,2315.407607142857,1.7709285714284826,50217
2024-06-17 13:50:00,2320.975,LONG,2318.6382857142858,2324.480071428571,2.336714285714249,50234
2024-06-17 14:05:00,2320.405,LONG,2317.9820714285715,2324.039392857143,2.422928571428559,50237
2024-06-17 15:40:00,2311.335,SHORT,2313.6575714285714,2307.851142857143,2.322571428571369,50256
2024-06-17 17:10:00,2316.798,SHORT,2318.2426428571425,2314.6310357142856,1.4446428571428507,50274
2024-06-17 17:45:00,2315.228,SHORT,2316.660214285714,2313.0796785714288,1.4322142857142484,50281
2024-06-17 18:10:00,2317.488,SHORT,2318.7245,2315.63325,1.2364999999999131,50286
2024-06-17 22:10:00,2320.075,LONG,2319.315642857143,2321.2140357142853,0.7593571428571002,50322
2024-06-17 23:55:00,2320.545,LONG,2319.9874285714286,2321.3813571428573,0.5575714285714964,50343
2024-06-18 01:25:00,2321.395,LONG,2320.0095714285717,2323.4731428571426,1.3854285714285197,50361
2024-06-18 01:35:00,2321.435,LONG,2319.8588571428572,2323.7992142857142,1.5761428571427456,50363
2024-06-18 04:10:00,2323.645,LONG,2322.8835,2324.78725,0.7614999999999716,50394
2024-06-18 06:00:00,2321.715,SHORT,2322.992928571429,2319.798107142857,1.2779285714285769,50416
2024-06-18 06:35:00,2319.775,SHORT,2321.175357142857,2317.6744642857143,1.4003571428571766,50423
2024-06-18 09:15:00,2313.425,SHORT,2314.6560714285715,2311.578392857143,1.2310714285714701,50455
2024-06-18 09:35:00,2311.525,SHORT,2312.690642857143,2309.7765357142857,1.1656428571428867,50459
2024-06-18 11:50:00,2312.655,SHORT,2314.13,2310.4425,1.474999999999974,50486
2024-06-18 13:40:00,2320.855,LONG,2317.3931428571427,2326.047785714286,3.4618571428572005,50508
2024-06-18 15:10:00,2323.095,LONG,2320.951357142857,2326.3104642857143,2.1436428571429196,50526
2024-06-18 17:55:00,2329.605,LONG,2328.0712857142858,2331.9055714285714,1.5337142857142356,50559
2024-06-18 18:15:00,2328.238,LONG,2326.7874285714283,2330.413857142857,1.450571428571428,50563
2024-06-18 19:20:00,2329.275,LONG,2328.1503571428575,2330.961964285714,1.1246428571428169,50576
2024-06-18 23:35:00,2329.125,LONG,2328.501071428572,2330.060892857143,0.6239285714284506,50615
2024-06-19 00:45:00,2329.038,LONG,2328.288,2330.163,0.7499999999999675,50629
2024-06-19 05:30:00,2327.595,SHORT,2328.029857142857,2326.9427142857144,0.4348571428570592,50686
2024-06-19 06:30:00,2329.005,LONG,2328.077142857143,2330.3967857142857,0.9278571428570948,50698
2024-06-19 09:10:00,2329.935,LONG,2328.9069285714286,2331.477107142857,1.028071428571398,50730
2024-06-19 10:20:00,2328.795,SHORT,2329.7502142857143,2327.3621785714286,0.9552142857142891,50744
2024-06-19 11:40:00,2328.888,SHORT,2329.8837857142858,2327.3943214285714,0.9957857142857327,50760
2024-06-19 12:55:00,2328.215,SHORT,2329.937785714286,2325.6308214285714,1.7227857142857244,50775
2024-06-19 13:50:00,2328.995,SHORT,2330.5711428571426,2326.6307857142856,1.576142857142843,50786
2024-06-19 15:10:00,2325.465,SHORT,2326.8645,2323.3657500000004,1.399499999999924,50802
2024-06-19 17:00:00,2329.395,LONG,2328.6774285714287,2330.4713571428574,0.7175714285714808,50824
2024-06-19 22:45:00,2330.075,LONG,2329.1710714285714,2331.4308928571427,0.9039285714284883,50851
2024-06-20 02:40:00,2333.575,LONG,2332.1175714285714,2335.7611428571427,1.4574285714285387,50898
2024-06-20 06:00:00,2341.495,LONG,2340.0454999999997,2343.66925,1.449499999999976,50938
2024-06-20 10:05:00,2334.015,SHORT,2335.3217857142854,2332.0548214285714,1.306785714285687,50987
2024-06-20 12:05:00,2339.355,LONG,2338.0018571428573,2341.3847142857144,1.3531428571428543,51011
2024-06-20 13:10:00,2338.745,LONG,2335.9467857142854,2342.9423214285716,2.7982142857143635,51024
2024-06-20 16:05:00,2353.978,LONG,2351.2097857142858,2358.1303214285713,2.768214285714261,51059
2024-06-20 19:15:00,2359.628,LONG,2358.594285714286,2361.1785714285716,1.0337142857142356,51097
2024-06-20 19:35:00,2358.898,LONG,2357.9602142857143,2360.3046785714287,0.937785714285675,51101
2024-06-20 22:10:00,2358.764,LONG,2358.0975,2359.76375,0.6665000000000418,51120
2024-06-20 22:25:00,2359.535,LONG,2358.728214285714,2360.7451785714284,0.8067857142857845,51123
2024-06-20 22:45:00,2359.245,LONG,2358.297,2360.667,0.9480000000000602,51127
2024-06-20 23:35:00,2359.795,LONG,2359.0435714285713,2360.922142857143,0.7514285714286026,51137
2024-06-21 01:20:00,2360.778,LONG,2359.4467857142854,2362.774821428571,1.3312142857142655,51158
2024-06-21 04:35:00,2361.778,LONG,2361.127071428571,2362.7543928571426,0.6509285714285592,51197
2024-06-21 06:10:00,2363.778,LONG,2362.719071428571,2365.3663928571427,1.0589285714286234,51216
2024-06-21 09:30:00,2364.275,LONG,2362.889285714286,2366.3535714285717,1.3857142857142921,51256
2024-06-21 09:50:00,2363.585,LONG,2362.443357142857,2365.2974642857143,1.1416428571428696,51260
2024-06-21 10:05:00,2362.515,LONG,2361.3352857142854,2364.2845714285713,1.179714285714356,51263
2024-06-21 10:35:00,2362.418,LONG,2361.229714285714,2364.200428571429,1.1882857142857444,51269
2024-06-21 12:00:00,2367.635,LONG,2366.3047142857145,2369.6304285714286,1.3302857142856672,51286
2024-06-21 12:35:00,2363.485,LONG,2361.8365714285715,2365.957642857143,1.6484285714285696,51293
2024-06-21 13:05:00,2360.725,SHORT,2362.6049285714284,2357.905107142857,1.8799285714286011,51299
2024-06-21 19:15:00,2321.685,SHORT,2322.964,2319.7664999999997,1.2790000000000288,51373
2024-06-21 19:50:00,2321.485,SHORT,2322.703285714286,2319.6575714285714,1.2182857142857497,51380
2024-06-23 22:00:00,2320.925,SHORT,2321.979428571429,2319.3433571428573,1.0544285714284862,51394
2024-06-23 22:55:00,2321.365,SHORT,2322.368071428571,2319.860392857143,1.0030714285713722,51405
2024-06-24 00:10:00,2318.945,SHORT,2319.9630714285718,2317.4178928571428,1.0180714285714723,51420
2024-06-24 02:15:00,2320.658,LONG,2319.0609285714286,2323.053607142857,1.597071428571358,51445
2024-06-24 05:00:00,2325.248,LONG,2324.5215000000003,2326.33775,0.7264999999999547,51478
2024-06-24 05:50:00,2325.028,LONG,2324.0956428571426,2326.4265357142854,0.9323571428571346,51488
2024-06-24 06:10:00,2323.415,LONG,2322.345214285714,2325.0196785714284,1.069785714285672,51492
2024-06-24 10:20:00,2325.545,SHORT,2327.522857142857,2322.5782142857142,1.9778571428571468,51542
2024-06-24 12:05:00,2325.104,SHORT,2326.4649999999997,2323.0625,1.3610000000000062,51563
2024-06-24 12:20:00,2324.495,SHORT,2325.9407857142855,2322.326321428571,1.4457857142857133,51566
2024-06-24 13:00:00,2326.725,SHORT,2328.4815714285714,2324.090142857143,1.7565714285714031,51574
2024-06-24 14:30:00,2331.468,LONG,2328.6696428571427,2335.6655357142854,2.7983571428570877,51592
2024-06-24 15:40:00,2329.468,LONG,2327.7335714285714,2332.0696428571428,1.7344285714285823,51606
2024-06-24 16:35:00,2330.828,LONG,2329.4641428571426,2332.8737857142855,1.363857142857179,51617
2024-06-24 19:35:00,2332.825,LONG,2331.709071428571,2334.498892857143,1.1159285714286722,51653
2024-06-24 22:20:00,2333.048,LONG,2332.4556428571427,2333.9365357142856,0.5923571428572164,51674
2024-06-25 01:05:00,2329.078,SHORT,2329.9505714285715,2327.769142857143,0.8725714285713561,51707
2024-06-25 01:15:00,2328.558,SHORT,2329.5457857142856,2327.0763214285716,0.9877857142856945,51709
2024-06-25 02:40:00,2326.278,SHORT,2327.6674999999996,2324.19375,1.3894999999999982,51726
2024-06-25 03:30:00,2327.065,SHORT,2328.239785714286,2325.3028214285714,1.1747857142857225,51736
2024-06-25 04:25:00,2326.208,SHORT,2327.3979285714286,2324.423107142857,1.1899285714285466,51747
2024-06-25 06:40:00,2325.105,SHORT,2326.3162142857145,2323.2881785714285,1.2112142857143096,51774
2024-06-25 08:15:00,2325.105,SHORT,2326.779,2322.594,1.6739999999999458,51793
2024-06-25 14:00:00,2322.545,SHORT,2325.3731428571427,2318.3027857142856,2.828142857142861,51862
2024-06-25 15:20:00,2321.058,SHORT,2323.554857142857,2317.3127142857143,2.496857142857152,51878
2024-06-25 16:00:00,2324.408,SHORT,2326.834857142857,2320.767714285714,2.4268571428571186,51886
2024-06-25 17:45:00,2319.128,SHORT,2320.4312142857143,2317.1731785714287,1.3032142857142455,51907
2024-06-25 18:10:00,2317.648,SHORT,2318.8286428571428,2315.8770357142857,1.1806428571427918,51912
2024-06-25 19:30:00,2319.318,SHORT,2320.061,2318.2035000000005,0.7429999999999382,51928
2024-06-25 20:45:00,2318.848,SHORT,2319.477142857143,2317.9042857142854,0.6291428571429216,51943
2024-06-25 23:25:00,2318.985,SHORT,2319.8530714285716,2317.682892857143,0.8680714285714463,51963
2024-06-26 00:10:00,2321.508,LONG,2320.6757857142857,2322.756321428571,0.8322142857142742,51972
2024-06-26 01:30:00,2318.345,SHORT,2319.7256428571427,2316.2740357142857,1.38064285714287,51988
2024-06-26 02:30:00,2320.648,SHORT,2323.3933571428574,2316.5299642857144,2.745357142857204,52000
2024-06-26 05:10:00,2317.015,SHORT,2317.8946428571426,2315.6955357142856,0.8796428571428935,52032
2024-06-26 07:05:00,2315.325,SHORT,2317.181714285714,2312.5399285714284,1.856714285714231,52055
2024-06-26 09:50:00,2317.538,LONG,2316.280142857143,2319.424785714286,1.2578571428571845,52088
2024-06-26 14:55:00,2297.478,SHORT,2300.2925714285716,2293.256142857143,2.8145714285714285,52149
2024-06-26 15:30:00,2300.645,SHORT,2303.2655714285715,2296.7141428571426,2.6205714285714357,52156
2024-06-27 01:05:00,2299.065,LONG,2297.9764999999998,2300.6977500000003,1.0885000000000673,52259
2024-06-27 02:10:00,2298.338,SHORT,2299.3585714285714,2296.807142857143,1.0205714285713643,52272
2024-06-27 03:05:00,2299.338,LONG,2298.5267857142862,2300.5548214285714,0.8112142857141862,52283
2024-06-27 04:50:00,2299.945,LONG,2299.2444285714287,2300.9958571428574,0.7005714285714605,52304
2024-06-27 06:45:00,2300.525,LONG,2298.9772142857146,2302.8466785714286,1.5477857142856724,52327
2024-06-27 13:45:00,2322.065,LONG,2319.377214285714,2326.0966785714286,2.6877857142857073,52411
2024-06-27 14:00:00,2328.795,LONG,2325.806357142857,2333.2779642857145,2.988642857142882,52414
2024-06-27 14:30:00,2324.805,LONG,2321.8349285714285,2329.260107142857,2.97007142857147,52420
2024-06-27 16:00:00,2327.578,LONG,2325.4309285714285,2330.7986071428572,2.1470714285713774,52438
2024-06-27 16:30:00,2325.868,LONG,2323.9435,2328.75475,1.9244999999999826,52444
2024-06-27 17:10:00,2325.575,LONG,2324.2043571428567,2327.630964285714,1.3706428571429439,52452
2024-06-27 17:35:00,2326.595,LONG,2325.1179999999995,2328.8105,1.4770000000001215,52457
2024-06-27 19:55:00,2325.968,LONG,2325.054857142857,2327.337714285714,0.9131428571427997,52485
2024-06-27 20:50:00,2327.888,LONG,2327.127357142857,2329.028964285714,0.7606428571428491,52496
2024-06-27 22:15:00,2326.035,LONG,2325.346,2327.0685,0.6890000000000133,52501
2024-06-27 23:15:00,2326.995,LONG,2326.5714285714284,2327.630357142857,0.4235714285714169,52513
2024-06-27 23:50:00,2327.728,LONG,2327.3018571428574,2328.3672142857145,0.4261428571428496,52520
2024-06-28 03:20:00,2323.085,SHORT,2324.2622857142856,2321.3190714285715,1.1772857142856796,52562
2024-06-28 07:50:00,2328.455,LONG,2327.144357142857,2330.420964285714,1.3106428571428361,52616
2024-06-28 09:00:00,2329.175,LONG,2327.7540714285715,2331.306392857143,1.4209285714285085,52630
2024-06-28 12:00:00,2334.185,LONG,2333.105357142857,2335.804464285714,1.0796428571427765,52666
2024-06-28 12:50:00,2337.405,LONG,2335.0075714285717,2341.001142857143,2.3974285714285934,52676
2024-06-28 14:15:00,2330.745,SHORT,2333.885714285714,2326.0339285714285,3.140714285714336,52693
2024-06-30 22:10:00,2324.385,SHORT,2325.6000000000004,2322.5625,1.215000000000048,52776
2024-06-30 23:45:00,2325.525,SHORT,2326.177142857143,2324.5467857142858,0.6521428571428974,52795
2024-07-01 02:25:00,2326.185,LONG,2325.096071428571,2327.818392857143,1.0889285714286285,52827
2024-07-01 07:25:00,2324.595,LONG,2323.175714285714,2326.7239285714286,1.4192857142857065,52887
2024-07-01 16:55:00,2328.078,LONG,2326.6490714285715,2330.2213928571427,1.4289285714285467,53001
2024-07-01 17:50:00,2329.435,LONG,2328.2160714285715,2331.2633928571427,1.218928571428543,53012
2024-07-01 18:45:00,2329.485,LONG,2328.5352142857146,2330.9096785714287,0.9497857142856836,53023
2024-07-01 22:05:00,2332.005,LONG,2331.299142857143,2333.063785714286,0.7058571428571473,53051
2024-07-02 00:10:00,2333.328,LONG,2332.8175,2334.09375,0.5104999999999303,53076
2024-07-02 00:45:00,2332.248,LONG,2331.4625,2333.42625,0.7854999999999563,53083
2024-07-02 01:30:00,2332.648,LONG,2331.734785714286,2334.0178214285716,0.9132142857143078,53092
2024-07-02 02:55:00,2332.205,LONG,2331.3259285714284,2333.523607142857,0.8790714285714785,53109
2024-07-02 04:50:00,2327.015,SHORT,2327.8416428571427,2325.7750357142854,0.8266428571428476,53132
2024-07-02 05:20:00,2328.315,SHORT,2329.0675714285717,2327.186142857143,0.7525714285714002,53138
2024-07-02 06:55:00,2330.308,LONG,2329.150642857143,2332.0440357142857,1.1573571428571736,53157
2024-07-02 10:45:00,2325.485,SHORT,2326.853785714286,2323.4318214285713,1.3687857142857476,53203
2024-07-02 12:25:00,2322.108,SHORT,2323.9375714285716,2319.363642857143,1.8295714285713334,53223
2024-07-02 15:50:00,2324.715,SHORT,2326.639642857143,2321.8280357142858,1.9246428571428038,53264
2024-07-02 17:15:00,2323.188,SHORT,2324.5605,2321.12925,1.372500000000043,53281
2024-07-02 17:55:00,2324.608,SHORT,2325.8738571428576,2322.7092142857146,1.2658571428572227,53289
2024-07-02 20:20:00,2329.168,LONG,2328.2802857142856,2330.4995714285715,0.8877142857143424,53318
2024-07-02 22:00:00,2330.055,LONG,2329.2875,2331.2062499999997,0.7675000000000247,53326
2024-07-02 23:00:00,2330.908,LONG,2330.3235714285715,2331.784642857143,0.5844285714285239,53338
2024-07-02 23:35:00,2329.968,LONG,2329.524,2330.634,0.44399999999999246,53345
2024-07-03 01:00:00,2330.525,LONG,2329.7045000000003,2331.75575,0.8204999999999407,53362
2024-07-03 02:45:00,2327.328,SHORT,2328.3714285714286,2325.7628571428572,1.043428571428519,53383
2024-07-03 03:00:00,2328.435,SHORT,2329.5407857142854,2326.7763214285715,1.1057857142856977,53386
2024-07-03 05:55:00,2333.228,LONG,2332.0037142857145,2335.064428571429,1.224285714285705,53421
2024-07-03 06:10:00,2334.475,LONG,2333.101142857143,2336.535785714286,1.3738571428571373,53424
2024-07-03 06:50:00,2337.765,LONG,2336.154,2340.1814999999997,1.6109999999999738,53432
2024-07-03 09:05:00,2344.805,LONG,2343.3567857142857,2346.977321428571,1.4482142857142597,53459
2024-07-03 09:35:00,2343.485,LONG,2342.106928571429,2345.552107142857,1.3780714285714046,53465
2024-07-03 10:30:00,2346.625,LONG,2345.2184285714284,2348.734857142857,1.406571428571429,53476
2024-07-03 11:25:00,2344.575,LONG,2343.0052857142855,2346.9295714285713,1.5697142857143263,53487
2024-07-03 12:15:00,2346.845,LONG,2345.263857142857,2349.216714285714,1.58114285714279,53497
2024-07-03 12:55:00,2350.395,LONG,2347.7614285714285,2354.3453571428568,2.633571428571323,53505
2024-07-03 16:55:00,2356.485,LONG,2354.865642857143,2358.914035714286,1.61935714285713,53553
2024-07-03 17:55:00,2356.545,LONG,2354.791857142857,2359.1747142857143,1.7531428571428478,53565
2024-07-03 19:30:00,2354.718,SHORT,2355.605928571428,2353.386107142857,0.8879285714285743,53584
2024-07-03 20:55:00,2355.765,SHORT,2356.316214285714,2354.9381785714286,0.5512142857142278,53601
2024-07-04 00:45:00,2357.818,LONG,2357.078285714286,2358.927571428572,0.7397142857143341,53635
2024-07-04 01:00:00,2359.515,LONG,2358.647571428571,2360.816142857143,0.8674285714285881,53638
2024-07-04 02:20:00,2359.895,LONG,2358.6059999999998,2361.8285,1.2890000000000197,53654
2024-07-04 02:30:00,2359.525,LONG,2358.3097857142857,2361.3478214285715,1.2152142857143449,53656
2024-07-04 02:45:00,2359.185,LONG,2358.010214285714,2360.9471785714286,1.1747857142857552,53659
2024-07-04 03:35:00,2359.878,LONG,2358.6292142857146,2361.7511785714287,1.2487857142857592,53669
2024-07-04 04:00:00,2359.198,LONG,2358.107571428571,2360.833642857143,1.090428571428642,53674
2024-07-04 04:55:00,2358.415,SHORT,2359.252142857143,2357.1592857142855,0.8371428571429403,53685
2024-07-04 09:30:00,2357.218,LONG,2355.930857142857,2359.148714285714,1.2871428571428882,53740
2024-07-04 11:55:00,2358.368,LONG,2357.5412857142856,2359.6080714285713,0.8267142857143556,53769
2024-07-04 13:20:00,2358.278,LONG,2357.429857142857,2359.550214285714,0.8481428571428101,53786
2024-07-04 13:40:00,2358.045,LONG,2357.163785714286,2359.3668214285713,0.8812142857142524,53790
2024-07-04 14:05:00,2359.078,LONG,2358.0540714285717,2360.6138928571427,1.0239285714284765,53795
2024-07-04 15:25:00,2359.028,LONG,2357.3025,2361.61625,1.725500000000011,53811
2024-07-04 16:10:00,2358.105,SHORT,2359.8475,2355.49125,1.7424999999999338,53820
2024-07-04 23:35:00,2356.635,SHORT,2357.271928571429,2355.6796071428575,0.6369285714285654,53867
2024-07-05 00:00:00,2355.965,SHORT,2356.500285714286,2355.1620714285714,0.5352857142857245,53872
2024-07-05 00:15:00,2356.758,SHORT,2357.316714285714,2355.9199285714285,0.5587142857143265,53875
2024-07-05 01:40:00,2358.105,LONG,2357.120785714286,2359.5813214285718,0.9842142857143504,53892
2024-07-05 03:15:00,2361.365,LONG,2359.9819285714284,2363.439607142857,1.3830714285714163,53911
2024-07-05 03:50:00,2360.848,LONG,2359.6665714285714,2362.620142857143,1.1814285714285688,53918
2024-07-05 05:40:00,2363.678,LONG,2362.7815714285716,2365.0226428571427,0.896428571428422,53940
2024-07-05 06:45:00,2364.255,LONG,2363.2210714285716,2365.805892857143,1.0339285714285649,53953
2024-07-05 07:25:00,2363.275,LONG,2362.100142857143,2365.0372857142856,1.1748571428571333,53961
2024-07-05 08:05:00,2366.265,LONG,2364.877214285714,2368.3466785714286,1.387785714285753,53969
2024-07-05 09:35:00,2365.045,LONG,2364.003142857143,2366.607785714286,1.0418571428571275,53987
2024-07-05 11:00:00,2364.315,SHORT,2365.4635000000003,2362.59225,1.1485000000000452,54004
2024-07-05 12:40:00,2372.825,LONG,2368.437214285714,2379.4066785714285,4.38778571428572,54024
2024-07-05 12:55:00,2372.035,LONG,2366.9455714285714,2379.6691428571426,5.089428571428568,54027
2024-07-05 14:10:00,2377.085,LONG,2372.9385,2383.3047500000002,4.146499999999995,54042
2024-07-05 15:05:00,2381.455,LONG,2378.336857142857,2386.1322142857143,3.1181428571428893,54053
2024-07-05 17:40:00,2386.205,LONG,2384.524357142857,2388.7259642857143,1.6806428571429868,54084
2024-07-05 20:05:00,2388.915,LONG,2387.656214285714,2390.8031785714284,1.2587857142856527,54113
2024-07-08 00:30:00,2386.405,SHORT,2387.2244285714287,2385.1758571428572,0.8194285714285863,54154
2024-07-08 00:45:00,2386.848,SHORT,2387.6715,2385.61275,0.8234999999999998,54157
2024-07-08 01:50:00,2385.265,SHORT,2386.9536428571428,2382.7320357142853,1.688642857142895,54170
2024-07-08 02:30:00,2386.188,SHORT,2387.4733571428574,2384.2599642857144,1.2853571428571675,54178
2024-07-08 05:45:00,2382.618,SHORT,2383.641642857143,2381.0825357142858,1.023642857142834,54217
2024-07-08 06:40:00,2379.785,SHORT,2381.1949999999997,2377.67,1.409999999999952,54228
2024-07-08 07:25:00,2379.705,SHORT,2381.232571428571,2377.413642857143,1.5275714285713937,54237
2024-07-08 11:00:00,2372.898,SHORT,2374.1790714285717,2370.9763928571433,1.2810714285713598,54280
2024-07-08 11:10:00,2373.035,SHORT,2374.258714285714,2371.1994285714286,1.2237142857142576,54282
2024-07-08 11:35:00,2373.488,SHORT,2374.761357142857,2371.577964285714,1.2733571428570616,54287
2024-07-08 12:55:00,2372.685,SHORT,2374.4092857142855,2370.0985714285716,1.7242857142856727,54303
2024-07-08 13:35:00,2374.075,SHORT,2376.4642857142853,2370.491071428571,2.389285714285669,54311
2024-07-08 20:05:00,2358.738,SHORT,2359.675857142857,2357.331214285714,0.9378571428571182,54389
2024-07-09 00:35:00,2361.708,LONG,2360.7109285714287,2363.2036071428574,0.9970714285714816,54431
2024-07-09 01:55:00,2363.275,LONG,2361.947142857143,2365.266785714286,1.3278571428571857,54447
2024-07-09 02:25:00,2363.585,LONG,2362.215642857143,2365.639035714286,1.36935714285713,54453
2024-07-09 03:40:00,2365.025,LONG,2363.578,2367.1955,1.446999999999954,54468
2024-07-09 04:50:00,2367.518,LONG,2366.5263571428573,2369.0054642857144,0.9916428571428436,54482
2024-07-09 05:25:00,2365.578,LONG,2364.564714285714,2367.0979285714284,1.013285714285725,54489
2024-07-09 08:20:00,2360.135,SHORT,2361.3552142857143,2358.3046785714287,1.2202142857142593,54524
2024-07-09 09:05:00,2362.305,SHORT,2363.5094999999997,2360.4982499999996,1.2044999999999877,54533
2024-07-09 09:40:00,2363.815,SHORT,2365.2157142857145,2361.713928571429,1.4007142857142623,54540
2024-07-09 10:40:00,2363.408,LONG,2362.3577142857143,2364.9834285714287,1.050285714285727,54552
2024-07-09 12:05:00,2360.308,SHORT,2361.5472142857143,2358.4491785714285,1.2392142857142971,54569
2024-07-09 17:40:00,2361.395,LONG,2359.603,2364.083,1.7919999999999814,54636
2024-07-09 19:35:00,2363.868,LONG,2362.902357142857,2365.316464285714,0.9656428571429062,54659
2024-07-09 19:55:00,2363.448,LONG,2362.465214285714,2364.9221785714285,0.9827857142857154,54663
2024-07-09 22:35:00,2363.534,LONG,2362.963142857143,2364.3902857142857,0.5708571428570914,54683
2024-07-10 02:15:00,2367.965,LONG,2366.3483571428574,2370.3899642857145,1.6166428571428437,54727
2024-07-10 03:50:00,2367.738,LONG,2366.762357142857,2369.201464285714,0.9756428571428322,54746
2024-07-10 04:30:00,2367.025,LONG,2366.1965,2368.26775,0.8284999999999789,54754
2024-07-10 05:15:00,2369.055,LONG,2368.3036428571427,2370.1820357142856,0.7513571428570945,54763
2024-07-10 05:30:00,2369.975,LONG,2369.1685714285713,2371.1846428571425,0.8064285714285039,54766
2024-07-10 06:15:00,2367.685,LONG,2366.631785714286,2369.2648214285714,1.0532142857143103,54775
2024-07-10 08:10:00,2373.245,LONG,2372.057214285714,2375.0266785714284,1.1877857142857724,54798
2024-07-10 09:30:00,2373.045,LONG,2371.9675714285713,2374.661142857143,1.077428571428657,54814
2024-07-10 10:00:00,2371.965,LONG,2370.981,2373.4410000000003,0.9840000000000535,54820
2024-07-10 10:25:00,2373.738,LONG,2372.817071428571,2375.119392857143,0.9209285714285735,54825
2024-07-10 10:50:00,2372.955,LONG,2371.9570714285715,2374.451892857143,0.9979285714285068,54830
2024-07-10 13:05:00,2378.045,LONG,2376.3629285714287,2380.568107142857,1.6820714285713945,54857
2024-07-10 14:40:00,2376.945,LONG,2374.1462142857144,2381.1431785714285,2.7987857142857138,54876
2024-07-10 16:10:00,2380.145,LONG,2378.357785714286,2382.8258214285715,1.787214285714234,54894
2024-07-10 22:10:00,2371.248,SHORT,2371.857285714286,2370.3340714285714,0.6092857142857285,54954
2024-07-10 22:40:00,2372.455,SHORT,2372.9955714285716,2371.644142857143,0.5405714285714437,54960
2024-07-11 01:25:00,2373.835,LONG,2372.9567142857145,2375.1524285714286,0.8782857142857016,54993
2024-07-11 11:10:00,2381.785,LONG,2380.8031428571426,2383.2577857142855,0.9818571428572146,55110
2024-07-11 11:20:00,2382.425,LONG,2381.3657857142857,2384.0138214285716,1.059214285714331,55112
2024-07-11 12:45:00,2408.105,LONG,2403.972928571429,2414.303107142857,4.132071428571278,55129
2024-07-11 13:50:00,2403.105,LONG,2398.5467857142858,2409.9423214285716,4.558214285714322,55142
2024-07-11 16:30:00,2413.295,LONG,2410.7568571428574,2417.102214285714,2.5381428571427347,55174
2024-07-11 17:00:00,2413.035,LONG,2410.8630714285714,2416.2928928571428,2.171928571428615,55180
2024-07-11 17:55:00,2413.575,LONG,2411.5682857142856,2416.585071428571,2.0067142857142892,55191
2024-07-11 20:05:00,2414.238,LONG,2412.9792857142857,2416.1260714285713,1.2587142857142422,55217
2024-07-12 00:25:00,2411.705,SHORT,2413.435214285714,2409.1096785714285,1.730214285714315,55257
2024-07-12 01:05:00,2412.988,SHORT,2414.6412857142855,2410.508071428571,1.6532857142857924,55265
2024-07-12 01:25:00,2408.815,SHORT,2410.4375,2406.38125,1.622500000000043,55269
2024-07-12 02:55:00,2409.448,SHORT,2410.839214285714,2407.3611785714284,1.3912142857143084,55287
2024-07-12 05:50:00,2407.208,SHORT,2408.561357142857,2405.1779642857146,1.3533571428571511,55322
2024-07-12 06:25:00,2405.148,SHORT,2406.8985000000002,2402.5222500000004,1.7504999999999395,55329
2024-07-12 07:55:00,2404.055,SHORT,2405.6464285714283,2401.667857142857,1.5914285714286183,55347
2024-07-12 09:35:00,2403.985,SHORT,2405.351642857143,2401.9350357142857,1.3666428571428761,55367
2024-07-12 10:20:00,2401.085,SHORT,2402.3315714285714,2399.215142857143,1.2465714285714447,55376
2024-07-12 11:30:00,2400.945,SHORT,2402.397642857143,2398.766035714286,1.4526428571428889,55390
2024-07-12 12:20:00,2402.595,SHORT,2403.901857142857,2400.634714285714,1.3068571428571627,55400
2024-07-12 12:30:00,2395.815,SHORT,2397.8382142857145,2392.7801785714287,2.0232142857142725,55402
2024-07-12 12:35:00,2393.818,SHORT,2396.099357142857,2390.3959642857144,2.281357142857132,55403
2024-07-12 19:10:00,2414.168,LONG,2413.2791428571427,2415.501285714286,0.888857142857205,55482
2024-07-15 00:00:00,2407.094,SHORT,2408.0665714285715,2405.635142857143,0.9725714285713626,55528
2024-07-15 01:00:00,2407.625,SHORT,2408.8262142857143,2405.823178571429,1.2012142857142538,55540
2024-07-15 01:30:00,2406.185,SHORT,2407.7205714285715,2403.8816428571427,1.535571428571432,55546
2024-07-15 02:00:00,2408.665,SHORT,2410.3547857142858,2406.1303214285713,1.6897857142856927,55552
2024-07-15 03:10:00,2409.705,LONG,2408.651857142857,2411.284714285714,1.0531428571428347,55566
2024-07-15 04:45:00,2411.245,LONG,2410.5935,2412.22225,0.6515000000000067,55585
2024-07-15 09:35:00,2408.615,LONG,2407.346714285714,2410.5174285714284,1.2682857142856716,55643
2024-07-15 10:45:00,2413.385,LONG,2411.9807142857144,2415.491428571429,1.404285714285704,55657
2024-07-15 13:00:00,2414.885,LONG,2413.0057142857145,2417.7039285714286,1.8792857142857105,55684
2024-07-15 13:25:00,2415.995,LONG,2413.9204999999997,2419.10675,2.0745000000000084,55689
2024-07-15 13:40:00,2415.125,LONG,2412.956357142857,2418.3779642857144,2.168642857142881,55692
2024-07-15 16:25:00,2432.465,LONG,2430.4513571428574,2435.4854642857144,2.013642857142778,55725
2024-07-15 19:55:00,2421.008,SHORT,2422.1614999999997,2419.2777499999997,1.1535000000000568,55767
2024-07-15 20:25:00,2421.278,SHORT,2422.1759285714284,2419.931107142857,0.8979285714286301,55773
2024-07-15 22:05:00,2421.385,SHORT,2422.0670000000005,2420.362,0.6820000000000489,55781
2024-07-16 00:00:00,2420.695,SHORT,2421.2469285714287,2419.8671071428575,0.551928571428529,55804
2024-07-16 00:35:00,2420.795,SHORT,2421.7067857142856,2419.4273214285718,0.9117857142856727,55811
2024-07-16 03:35:00,2427.195,LONG,2425.882785714286,2429.1633214285716,1.3122142857142924,55847
2024-07-16 04:30:00,2426.295,LONG,2425.392142857143,2427.6492857142857,0.9028571428571013,55858
2024-07-16 04:45:00,2428.288,LONG,2427.361642857143,2429.6775357142856,0.9263571428570815,55861
2024-07-16 06:15:00,2430.395,LONG,2428.8204285714282,2432.7568571428574,1.5745714285715167,55879
2024-07-16 08:25:00,2436.805,LONG,2435.157357142857,2439.276464285714,1.647642857142955,55905
2024-07-16 09:05:00,2437.125,LONG,2435.4328571428573,2439.6632142857143,1.6921428571428285,55913
2024-07-16 11:50:00,2439.805,LONG,2438.1865714285714,2442.2326428571428,1.6184285714284994,55946
2024-07-16 13:20:00,2436.185,SHORT,2439.489071428571,2431.228892857143,3.304071428571433,55964
2024-07-16 16:50:00,2459.775,LONG,2457.512357142857,2463.1689642857145,2.262642857142834,56006
2024-07-16 18:35:00,2464.858,LONG,2463.2534285714287,2467.264857142857,1.604571428571457,56027
2024-07-16 19:30:00,2465.368,LONG,2464.100785714286,2467.2688214285713,1.2672142857141873,56038
2024-07-16 22:10:00,2467.278,LONG,2466.366571428571,2468.6451428571427,0.9114285714285545,56058
2024-07-16 23:35:00,2468.275,LONG,2467.4255714285714,2469.5491428571427,0.849428571428494,56075
2024-07-16 23:50:00,2468.525,LONG,2467.8142142857146,2469.5911785714284,0.7107857142856508,56078
2024-07-17 00:20:00,2466.885,LONG,2465.924428571429,2468.3258571428573,0.9605714285712891,56084
2024-07-17 01:00:00,2471.535,LONG,2469.561142857143,2474.4957857142854,1.9738571428570464,56092
2024-07-17 02:40:00,2472.665,LONG,2470.244642857143,2476.2955357142855,2.4203571428571258,56112
2024-07-17 04:20:00,2470.578,SHORT,2472.497142857143,2467.699285714286,1.9191428571428202,56132
2024-07-17 05:30:00,2467.418,SHORT,2468.942285714286,2465.1315714285715,1.5242857142856272,56146
2024-07-17 09:35:00,2470.465,LONG,2468.5237857142856,2473.3768214285715,1.9412142857142953,56195
2024-07-17 10:10:00,2473.805,LONG,2472.195714285714,2476.2189285714285,1.609285714285696,56202
2024-07-17 12:00:00,2469.908,SHORT,2471.655214285714,2467.2871785714283,1.7472142857142703,56224
2024-07-17 12:50:00,2473.578,LONG,2471.685571428571,2476.416642857143,1.892428571428614,56234
2024-07-17 13:30:00,2475.945,LONG,2473.2382857142857,2480.0050714285717,2.7067142857143023,56242
2024-07-17 14:15:00,2468.665,LONG,2464.0335714285716,2475.6121428571428,4.631428571428452,56251
2024-07-17 17:25:00,2455.488,SHORT,2458.2420714285713,2451.3568928571426,2.7540714285714136,56289
2024-07-17 19:10:00,2459.418,SHORT,2460.797,2457.3495000000003,1.3789999999999378,56310
2024-07-17 22:20:00,2458.785,SHORT,2459.4522857142856,2457.784071428571,0.6672857142857538,56336
2024-07-18 00:45:00,2459.715,LONG,2458.4148571428573,2461.6652142857142,1.3001428571428408,56365
2024-07-18 01:00:00,2458.865,LONG,2457.512214285714,2460.8941785714283,1.3527857142857036,56368
2024-07-18 01:50:00,2462.625,LONG,2460.8145,2465.34075,1.8104999999999498,56378
2024-07-18 04:35:00,2467.175,LONG,2466.062428571429,2468.8438571428574,1.1125714285713977,56411
2024-07-18 06:15:00,2466.575,LONG,2465.0081428571425,2468.9252857142856,1.566857142857121,56431
2024-07-18 08:00:00,2472.678,LONG,2471.1204285714284,2475.014357142857,1.5575714285714315,56452
2024-07-18 10:50:00,2464.445,SHORT,2465.9932142857147,2462.122678571429,1.5482142857142986,56486
2024-07-18 11:45:00,2464.218,SHORT,2465.6586428571427,2462.0570357142856,1.4406428571428802,56497
2024-07-18 12:35:00,2465.278,SHORT,2467.201071428571,2462.3933928571423,1.9230714285715098,56507
2024-07-18 13:50:00,2460.785,SHORT,2463.529571428571,2456.668142857143,2.744571428571362,56522
2024-07-18 14:00:00,2464.098,SHORT,2467.0995,2459.59575,3.001499999999948,56524
2024-07-18 15:35:00,2465.868,LONG,2463.2844285714286,2469.7433571428573,2.5835714285714664,56543
2024-07-18 18:00:00,2454.975,SHORT,2456.8064285714286,2452.227857142857,1.8314285714285947,56572
2024-07-18 20:25:00,2444.455,SHORT,2446.2635,2441.74225,1.808499999999997,56601
2024-07-19 03:00:00,2427.578,SHORT,2429.5585,2424.60725,1.9804999999999902,56668
2024-07-19 04:30:00,2425.155,SHORT,2426.365928571429,2423.338607142857,1.210928571428667,56686
2024-07-19 05:30:00,2421.918,SHORT,2423.6612142857143,2419.303178571429,1.743214285714235,56698
2024-07-19 05:45:00,2422.695,SHORT,2424.5142142857144,2419.966178571429,1.8192142857142568,56701
2024-07-19 07:20:00,2416.815,SHORT,2419.3112142857144,2413.0706785714287,2.4962142857142617,56720
2024-07-19 11:40:00,2412.745,SHORT,2414.6292857142857,2409.9185714285713,1.8842857142857545,56772
2024-07-19 12:00:00,2406.265,SHORT,2408.517857142857,2402.885714285714,2.2528571428571404,56776
2024-07-19 14:00:00,2399.898,SHORT,2403.411142857143,2394.628285714286,3.5131428571428387,56800
2024-07-19 14:10:00,2401.575,SHORT,2405.277857142857,2396.0207142857143,3.7028571428571206,56802
2024-07-19 15:55:00,2405.275,SHORT,2407.7669285714287,2401.537107142857,2.491928571428519,56823
2024-07-19 16:50:00,2400.095,SHORT,2401.641357142857,2397.775464285714,1.5463571428571024,56834
2024-07-19 17:55:00,2399.088,SHORT,2401.135071428572,2396.017392857143,2.0470714285715013,56847
2024-07-22 00:10:00,2409.255,LONG,2408.0135714285716,2411.117142857143,1.2414285714285467,56910
2024-07-22 00:25:00,2408.735,LONG,2407.4538571428575,2410.6567142857143,1.2811428571428678,56913
2024-07-22 01:10:00,2407.895,LONG,2406.4314285714286,2410.090357142857,1.463571428571413,56922
2024-07-22 01:30:00,2411.678,LONG,2410.0302857142856,2414.149571428571,1.6477142857142033,56926
2024-07-22 02:55:00,2406.418,SHORT,2408.1215714285718,2403.862642857143,1.703571428571422,56943
2024-07-22 03:10:00,2407.605,SHORT,2409.2657142857142,2405.1139285714285,1.6607142857142858,56946
2024-07-22 05:45:00,2404.945,SHORT,2406.5523571428575,2402.5339642857143,1.607357142857284,56977
2024-07-22 06:50:00,2402.885,SHORT,2405.1390714285717,2399.503892857143,2.254071428571381,56990
2024-07-22 09:50:00,2404.845,SHORT,2406.4590714285714,2402.4238928571426,1.6140714285714108,57026
2024-07-22 13:50:00,2392.795,SHORT,2396.0655714285713,2387.889142857143,3.2705714285714294,57074
2024-07-22 16:25:00,2388.195,SHORT,2390.0809285714286,2385.3661071428573,1.8859285714285565,57105
2024-07-22 16:40:00,2391.368,SHORT,2393.1401428571426,2388.7097857142858,1.7721428571428532,57108
2024-07-22 18:25:00,2394.728,LONG,2393.428785714286,2396.6768214285717,1.299214285714275,57129
2024-07-22 22:35:00,2396.385,LONG,2395.607142857143,2397.551785714286,0.7778571428571013,57167
2024-07-22 23:55:00,2395.565,SHORT,2396.1359285714284,2394.7086071428575,0.5709285714284695,57183
2024-07-23 00:00:00,2396.725,LONG,2396.0805,2397.69175,0.64449999999988,57184
2024-07-23 03:05:00,2397.605,LONG,2396.226142857143,2399.6732857142856,1.3788571428571816,57221
2024-07-23 04:35:00,2397.534,SHORT,2398.6250714285716,2395.897392857143,1.0910714285714351,57239
2024-07-23 07:25:00,2392.705,SHORT,2394.587857142857,2389.880714285714,1.8828571428571519,57273
2024-07-23 10:30:00,2407.515,LONG,2405.7901428571427,2410.1022857142857,1.7248571428571526,57310
2024-07-23 13:05:00,2405.448,LONG,2403.3371428571427,2408.6142857142854,2.1108571428570877,57341
2024-07-23 13:45:00,2401.975,SHORT,2404.219857142857,2398.6077142857143,2.2448571428570694,57349
2024-07-23 14:35:00,2405.915,SHORT,2408.593214285714,2401.8976785714285,2.6782142857142452,57359
2024-07-23 20:40:00,2407.278,LONG,2406.359,2408.6564999999996,0.9189999999999665,57432
2024-07-23 23:10:00,2408.055,LONG,2407.516357142857,2408.862964285714,0.5386428571428041,57450
2024-07-24 00:00:00,2409.295,LONG,2408.7105,2410.17175,0.584499999999967,57460
2024-07-24 01:00:00,2409.165,LONG,2408.3380714285713,2410.405392857143,0.826928571428555,57472
2024-07-24 01:10:00,2411.915,LONG,2410.887142857143,2413.4567857142856,1.0278571428571337,57474
2024-07-24 02:50:00,2413.115,LONG,2411.0795,2416.1682499999997,2.0354999999999888,57494
2024-07-24 04:35:00,2415.575,LONG,2414.419857142857,2417.307714285714,1.1551428571428264,57515
2024-07-24 05:30:00,2414.785,LONG,2413.5437857142856,2416.646821428571,1.2412142857142174,57526
2024-07-24 07:50:00,2411.915,SHORT,2413.2940714285714,2409.8463928571427,1.379071428571381,57554
2024-07-24 09:50:00,2413.805,SHORT,2415.2225714285714,2411.6786428571427,1.4175714285713639,57578
2024-07-24 11:15:00,2411.945,SHORT,2413.4132142857143,2409.7426785714288,1.4682142857142415,57595
2024-07-24 13:25:00,2416.745,LONG,2414.2019285714287,2420.559607142857,2.5430714285714333,57621
2024-07-24 13:45:00,2424.555,LONG,2421.368571428571,2429.3346428571426,3.1864285714285807,57625
2024-07-24 14:15:00,2423.818,LONG,2419.6501428571432,2430.069785714286,4.1678571428571685,57631
2024-07-24 15:20:00,2427.615,LONG,2424.5269999999996,2432.247,3.0880000000000303,57644
2024-07-24 15:45:00,2424.565,LONG,2421.8976428571427,2428.5660357142856,2.667357142857132,57649
2024-07-24 23:05:00,2397.025,SHORT,2398.6495714285716,2394.588142857143,1.6245714285715036,57725
2024-07-24 23:35:00,2399.725,SHORT,2401.097142857143,2397.6667857142857,1.3721428571428922,57731
2024-07-25 00:30:00,2397.538,SHORT,2398.7449285714288,2395.7276071428573,1.2069285714285993,57742
2024-07-25 01:10:00,2397.765,SHORT,2399.5517142857143,2395.0849285714285,1.786714285714327,57750
2024-07-25 03:45:00,2374.665,SHORT,2377.3164285714283,2370.687857142857,2.6514285714285313,57781
2024-07-25 05:00:00,2376.268,SHORT,2377.7946428571427,2373.978035714286,1.5266428571427955,57796
2024-07-25 06:10:00,2376.255,SHORT,2378.611428571429,2372.720357142857,2.3564285714286535,57810
2024-07-25 06:40:00,2373.265,SHORT,2375.5414285714287,2369.850357142857,2.276428571428596,57816
2024-07-25 06:50:00,2371.025,SHORT,2373.4257142857145,2367.4239285714284,2.400714285714327,57818
2024-07-25 08:10:00,2375.208,SHORT,2377.709714285714,2371.4554285714285,2.50171428571431,57834
2024-07-25 09:45:00,2373.508,SHORT,2375.461,2370.5784999999996,1.9530000000000396,57853
2024-07-25 10:45:00,2377.555,LONG,2375.8226428571425,2380.1535357142857,1.732357142857154,57865
2024-07-25 12:50:00,2369.195,SHORT,2373.484928571429,2362.760107142857,4.289928571428683,57890
2024-07-25 13:25:00,2369.755,SHORT,2374.456142857143,2362.703285714286,4.701142857142908,57897
2024-07-25 13:50:00,2363.535,SHORT,2367.5672142857143,2357.4866785714285,4.0322142857142875,57902
2024-07-25 15:10:00,2366.025,SHORT,2369.117642857143,2361.3860357142858,3.0926428571428266,57918
2024-07-25 16:30:00,2362.075,SHORT,2364.652,2358.2095,2.577000000000063,57934
2024-07-25 18:20:00,2357.118,SHORT,2359.790857142857,2353.108714285714,2.6728571428571155,57956
2024-07-25 18:45:00,2357.715,SHORT,2359.7685,2354.63475,2.053500000000018,57961
2024-07-25 20:35:00,2363.265,LONG,2361.5235714285714,2365.8771428571426,1.7414285714286442,57983
2024-07-26 03:20:00,2377.078,LONG,2374.809357142857,2380.4809642857144,2.2686428571429196,58052
2024-07-26 07:10:00,2370.135,SHORT,2372.136142857143,2367.133285714286,2.0011428571428627,58098
2024-07-26 08:20:00,2371.315,LONG,2369.5775714285714,2373.921142857143,1.7374285714285438,58112
2024-07-26 09:25:00,2373.195,LONG,2371.628571428572,2375.544642857143,1.5664285714284947,58125
2024-07-26 09:55:00,2373.648,LONG,2372.159857142857,2375.8802142857144,1.4881428571428452,58131
2024-07-26 11:25:00,2373.115,LONG,2372.0292142857143,2374.7436785714285,1.0857857142857483,58149
2024-07-26 12:00:00,2374.455,LONG,2373.112357142857,2376.4689642857143,1.3426428571429239,58156
2024-07-26 12:45:00,2377.825,LONG,2375.3741428571425,2381.5012857142856,2.450857142857168,58165
2024-07-26 13:15:00,2378.125,LONG,2375.052142857143,2382.7342857142858,3.072857142857109,58171
2024-07-26 15:00:00,2383.325,LONG,2379.9605,2388.37175,3.3644999999999072,58192
2024-07-26 17:35:00,2382.505,LONG,2380.855,2384.98,1.6500000000000585,58223
2024-07-26 18:40:00,2384.785,LONG,2383.493928571428,2386.721607142857,1.291071428571513,58236
2024-07-26 18:55:00,2384.278,LONG,2382.9727857142852,2386.2358214285714,1.305214285714328,58239
2024-07-26 19:40:00,2384.938,LONG,2383.7245000000003,2386.75825,1.2134999999999374,58248
2024-07-29 02:35:00,2392.808,SHORT,2395.0632857142855,2389.4250714285713,2.255285714285687,58319
2024-07-29 03:15:00,2393.328,SHORT,2394.891,2390.9835,1.5630000000000044,58327
2024-07-29 04:00:00,2394.345,SHORT,2395.6280714285713,2392.4203928571424,1.2830714285715072,58336
2024-07-29 04:35:00,2394.365,LONG,2393.3349285714285,2395.910107142857,1.0300714285715133,58343
2024-07-29 05:55:00,2392.578,SHORT,2394.0214285714287,2390.412857142857,1.4434285714286423,58359
2024-07-29 06:45:00,2390.815,SHORT,2392.7942857142857,2387.8460714285716,1.979285714285652,58369
2024-07-29 07:05:00,2390.175,SHORT,2392.146285714286,2387.218071428572,1.9712857142856788,58373
2024-07-29 07:40:00,2391.958,SHORT,2393.9882857142857,2388.9125714285715,2.03028571428568,58380
2024-07-29 09:20:00,2391.835,SHORT,2393.5940714285716,2389.196392857143,1.7590714285713926,58400
2024-07-29 10:45:00,2394.605,LONG,2393.1069285714284,2396.852107142857,1.4980714285714254,58417
2024-07-29 11:40:00,2390.495,SHORT,2392.095714285714,2388.0939285714285,1.600714285714243,58428
2024-07-29 12:40:00,2390.845,SHORT,2392.7749999999996,2387.95,1.9299999999999986,58440
2024-07-29 13:50:00,2392.425,LONG,2389.6980714285714,2396.515392857143,2.7269285714286133,58454
2024-07-29 17:45:00,2382.125,SHORT,2384.170285714286,2379.0570714285714,2.0452857142857153,58501
2024-07-29 18:20:00,2379.035,SHORT,2381.1155,2375.91425,2.0804999999999643,58508
2024-07-29 20:45:00,2382.275,LONG,2381.252285714286,2383.8090714285718,1.0227142857143008,58537
2024-07-30 00:20:00,2380.268,SHORT,2381.299,2378.7215,1.0310000000000141,58568
2024-07-30 00:50:00,2381.788,SHORT,2382.886857142857,2380.139714285714,1.0988571428571763,58574
2024-07-30 01:05:00,2380.425,SHORT,2381.771928571429,2378.4046071428575,1.3469285714286343,58577
2024-07-30 01:55:00,2379.608,SHORT,2381.6592142857144,2376.5311785714284,2.051214285714358,58587
2024-07-30 02:45:00,2380.555,SHORT,2382.209357142857,2378.073464285714,1.654357142857147,58597
2024-07-30 06:25:00,2389.538,LONG,2388.067285714286,2391.7440714285713,1.470714285714296,58641
2024-07-30 06:40:00,2388.328,LONG,2386.8385714285714,2390.562142857143,1.4894285714286266,58644
2024-07-30 07:55:00,2390.218,LONG,2388.668714285714,2392.5419285714283,1.5492857142856857,58659
2024-07-30 08:35:00,2390.378,LONG,2389.0887142857146,2392.311928571429,1.2892857142856298,58667
2024-07-30 09:30:00,2388.885,LONG,2387.791928571429,2390.5246071428573,1.0930714285713878,58678
2024-07-30 10:20:00,2390.205,LONG,2389.133214285714,2391.8126785714285,1.071785714285787,58688
2024-07-30 12:50:00,2386.895,SHORT,2388.3729285714285,2384.6781071428572,1.4779285714286223,58718
2024-07-30 13:05:00,2388.415,SHORT,2390.071214285714,2385.9306785714284,1.6562142857143434,58721
2024-07-30 13:20:00,2392.598,LONG,2390.5582142857143,2395.6576785714287,2.039785714285764,58724
2024-07-30 15:05:00,2390.485,LONG,2387.2928571428574,2395.2732142857144,3.1921428571428287,58745
2024-07-30 16:10:00,2386.988,SHORT,2389.465214285714,2383.2721785714284,2.477214285714321,58758
2024-07-30 19:00:00,2404.815,LONG,2403.3717142857145,2406.9799285714284,1.4432857142856912,58792
2024-07-31 00:10:00,2408.585,LONG,2407.8449285714287,2409.695107142857,0.7400714285714847,58842
2024-07-31 01:10:00,2407.095,LONG,2405.7992857142854,2409.0385714285712,1.2957142857143416,58854
2024-07-31 06:05:00,2418.115,LONG,2416.549071428571,2420.4638928571426,1.5659285714285553,58913
2024-07-31 08:20:00,2417.775,LONG,2415.947642857143,2420.516035714286,1.8273571428570514,58940
2024-07-31 08:35:00,2417.375,LONG,2415.5305,2420.14175,1.8444999999999578,58943
2024-07-31 08:50:00,2420.895,LONG,2419.037642857143,2423.681035714286,1.857357142857089,58946
2024-07-31 09:45:00,2420.435,LONG,2418.9564285714287,2422.652857142857,1.478571428571448,58957
2024-07-31 10:35:00,2419.335,LONG,2418.025,2421.3,1.310000000000043,58967
2024-07-31 10:50:00,2418.585,LONG,2417.239285714286,2420.6035714285717,1.3457142857143285,58970
2024-07-31 11:10:00,2420.475,LONG,2419.050714285714,2422.6114285714284,1.4242857142857506,58974
2024-07-31 12:50:00,2420.825,LONG,2418.7586428571426,2423.9245357142854,2.066357142857214,58994
2024-07-31 13:35:00,2423.905,LONG,2421.510285714286,2427.497071428572,2.394714285714307,59003
2024-07-31 14:25:00,2422.878,LONG,2420.0847142857147,2427.0679285714286,2.7932857142856653,59013
2024-07-31 15:05:00,2423.498,LONG,2420.9184999999998,2427.3672500000002,2.5795000000000528,59021
2024-07-31 15:45:00,2423.765,LONG,2421.440642857143,2427.2515357142856,2.324357142857122,59029
2024-07-31 17:45:00,2426.465,LONG,2425.0595714285714,2428.573142857143,1.4054285714285666,59053
2024-07-31 18:35:00,2428.525,LONG,2425.8495000000003,2432.53825,2.675500000000024,59063
2024-07-31 18:45:00,2434.295,LONG,2431.3107142857143,2438.7714285714287,2.9842857142857935,59065
2024-08-01 00:15:00,2446.545,LONG,2445.518857142857,2448.0842142857146,1.0261428571428886,59119
2024-08-01 01:15:00,2453.265,LONG,2451.2701428571427,2456.2572857142854,1.994857142857102,59131
2024-08-01 02:15:00,2448.944,LONG,2445.864357142857,2453.5634642857144,3.0796428571429066,59143
2024-08-01 03:55:00,2442.598,SHORT,2444.733642857143,2439.3945357142857,2.1356428571428814,59163
2024-08-01 05:05:00,2443.948,SHORT,2445.0719285714285,2442.262107142857,1.1239285714285805,59177
2024-08-01 07:40:00,2442.718,SHORT,2444.6824285714283,2439.771357142857,1.9644285714285357,59208
2024-08-01 10:50:00,2434.875,SHORT,2436.4725714285714,2432.478642857143,1.5975714285713625,59246
2024-08-01 11:35:00,2436.948,SHORT,2438.544214285714,2434.5536785714285,1.596214285714203,59255
2024-08-01 14:10:00,2450.745,LONG,2446.3495,2457.33825,4.395499999999986,59286
2024-08-01 14:35:00,2452.125,LONG,2446.779,2460.144,5.345999999999971,59291
2024-08-01 15:45:00,2445.555,LONG,2442.018,2450.8605,3.5369999999999373,59305
2024-08-01 18:10:00,2438.725,SHORT,2441.0752857142857,2435.1995714285713,2.350285714285714,59334
2024-08-01 19:00:00,2438.448,SHORT,2440.5445714285715,2435.3031428571426,2.096571428571451,59344
2024-08-01 19:30:00,2442.718,SHORT,2444.665,2439.7974999999997,1.947000000000084,59350
2024-08-01 22:20:00,2444.785,LONG,2443.475,2446.75,1.3099999999999778,59372
2024-08-02 00:20:00,2447.495,LONG,2446.2737857142856,2449.3268214285713,1.221214285714333,59396
2024-08-02 01:15:00,2438.575,LONG,2435.625857142857,2442.998714285714,2.9491428571428577,59407
2024-08-02 03:35:00,2453.405,LONG,2450.9112142857143,2457.145678571429,2.4937857142858126,59435
2024-08-02 07:30:00,2463.475,LONG,2461.2837142857143,2466.7619285714286,2.191285714285836,59482
2024-08-02 07:50:00,2461.825,LONG,2459.6849285714284,2465.035107142857,2.140071428571543,59486
2024-08-02 09:00:00,2463.265,LONG,2461.7225,2465.57875,1.5425000000000506,59500
2024-08-02 09:10:00,2463.375,LONG,2461.8377142857144,2465.680928571429,1.537285714285807,59502
2024-08-02 09:45:00,2462.915,LONG,2461.4852857142855,2465.0595714285714,1.4297142857143885,59509
2024-08-02 10:35:00,2463.475,LONG,2461.981857142857,2465.7147142857143,1.4931428571428569,59519
2024-08-02 12:20:00,2456.365,SHORT,2458.3526428571427,2453.3835357142857,1.9876428571428408,59540
2024-08-02 12:45:00,2475.105,LONG,2470.9262857142858,2481.373071428571,4.17871428571425,59545
2024-08-02 13:05:00,2465.045,LONG,2459.572142857143,2473.2542857142857,5.472857142857135,59549
2024-08-02 13:15:00,2463.278,LONG,2457.1327857142855,2472.495821428571,6.145214285714279,59551
2024-08-02 16:15:00,2433.905,SHORT,2440.2052857142858,2424.4545714285714,6.300285714285727,59587
2024-08-02 17:45:00,2428.638,SHORT,2431.656857142857,2424.1097142857143,3.018857142857184,59605
2024-08-02 18:20:00,2431.695,SHORT,2434.0477142857144,2428.1659285714286,2.3527142857143253,59612
2024-08-04 22:15:00,2441.328,LONG,2438.2456428571427,2445.951535714286,3.0823571428572256,59647
2024-08-04 22:30:00,2438.995,LONG,2435.7876428571426,2443.806035714286,3.2073571428572256,59650
2024-08-05 00:15:00,2422.505,SHORT,2426.5305000000003,2416.46675,4.025500000000063,59671
2024-08-05 05:10:00,2448.325,LONG,2445.8675,2452.01125,2.4575000000000466,59730
2024-08-05 05:35:00,2443.155,LONG,2440.328642857143,2447.394535714286,2.82635714285714,59735
2024-08-05 08:05:00,2430.415,SHORT,2434.978857142857,2423.569214285714,4.563857142857224,59765
2024-08-05 09:55:00,2424.078,SHORT,2427.2589285714284,2419.306607142857,3.1809285714286295,59787
2024-08-05 13:15:00,2386.935,SHORT,2393.7217857142855,2376.7548214285716,6.7867857142856405,59827
2024-08-05 14:00:00,2389.215,SHORT,2395.754428571429,2379.4058571428573,6.539428571428549,59836
2024-08-05 14:40:00,2393.445,SHORT,2399.298714285714,2384.6644285714287,5.8537142857141715,59844
2024-08-05 17:40:00,2401.614,LONG,2398.9444285714285,2405.6183571428573,2.669571428571414,59880
2024-08-05 18:00:00,2404.954,LONG,2402.5482142857145,2408.5626785714285,2.4057857142856847,59884
2024-08-05 18:55:00,2404.815,LONG,2403.0362142857143,2407.4831785714287,1.7787857142856995,59895
2024-08-05 20:20:00,2406.495,LONG,2404.674,2409.2264999999998,1.820999999999945,59912
2024-08-05 22:50:00,2409.455,LONG,2408.1380714285715,2411.430392857143,1.3169285714285965,59930
2024-08-05 23:05:00,2409.245,LONG,2407.9649999999997,2411.165,1.2800000000000051,59933
2024-08-06 00:15:00,2410.035,LONG,2408.33,2412.5925,1.7050000000000896,59947
2024-08-06 01:25:00,2416.105,LONG,2412.9880714285714,2420.780392857143,3.116928571428616,59961
2024-08-06 02:30:00,2411.875,LONG,2409.6040714285714,2415.281392857143,2.270928571428645,59974
2024-08-06 03:40:00,2408.335,SHORT,2410.4269285714286,2405.197107142857,2.0919285714285576,59988
2024-08-06 04:05:00,2409.025,SHORT,2410.756,2406.4285000000004,1.730999999999897,59993
2024-08-06 04:20:00,2410.795,SHORT,2412.4052857142856,2408.3795714285716,1.6102857142856075,59996
2024-08-06 04:40:00,2408.375,SHORT,2410.078357142857,2405.8199642857144,1.7033571428569954,60000
2024-08-06 05:40:00,2405.565,SHORT,2407.723357142857,2402.3274642857145,2.1583571428570525,60012
2024-08-06 07:20:00,2404.725,SHORT,2408.3366428571426,2399.3075357142857,3.611642857142832,60032
2024-08-06 07:50:00,2407.938,SHORT,2411.0057857142856,2403.3363214285714,3.0677857142856544,60038
2024-08-06 08:35:00,2410.765,LONG,2408.0111428571427,2414.8957857142855,2.753857142857019,60047
2024-08-06 10:00:00,2413.275,LONG,2411.3470714285713,2416.166892857143,1.9279285714286678,60064
2024-08-06 14:10:00,2396.828,SHORT,2401.186142857143,2390.2907857142854,4.358142857142899,60114
2024-08-06 16:25:00,2387.295,SHORT,2390.3027857142856,2382.7833214285715,3.0077857142857414,60141
2024-08-06 16:55:00,2389.868,SHORT,2392.185571428571,2386.391642857143,2.3175714285714224,60147
2024-08-06 22:40:00,2389.115,SHORT,2390.3827857142855,2387.2133214285714,1.2677857142856672,60204
2024-08-06 23:25:00,2386.185,SHORT,2387.2280714285716,2384.6203928571426,1.0430714285714981,60213
2024-08-07 00:35:00,2383.148,SHORT,2384.9637142857146,2380.4244285714285,1.8157142857143884,60227
2024-08-07 01:15:00,2382.245,SHORT,2384.3855714285714,2379.034142857143,2.140571428571515,60235
2024-08-07 01:40:00,2382.385,SHORT,2385.125142857143,2378.274785714286,2.7401428571428306,60240
2024-08-07 02:20:00,2384.885,SHORT,2388.309642857143,2379.748035714286,3.4246428571428362,60248
2024-08-07 06:05:00,2391.995,LONG,2390.118357142857,2394.809964285714,1.8766428571428995,60293
2024-08-07 06:25:00,2396.795,LONG,2394.5475714285712,2400.166142857143,2.2474285714285998,60297
2024-08-07 06:50:00,2394.165,LONG,2391.9935,2397.42225,2.171499999999956,60302
2024-08-07 07:10:00,2393.448,LONG,2391.3652857142856,2396.5720714285712,2.082714285714214,60306
2024-08-07 08:20:00,2391.905,LONG,2390.1935000000003,2394.4722500000003,1.7115000000000171,60320
2024-08-07 09:35:00,2395.098,LONG,2393.6649285714284,2397.2476071428573,1.4330714285715334,60335
2024-08-07 10:00:00,2394.715,LONG,2393.109785714286,2397.1228214285716,1.6052142857143477,60340
2024-08-07 10:45:00,2396.975,LONG,2395.307357142857,2399.476464285714,1.6676428571428394,60349
2024-08-07 12:40:00,2402.828,LONG,2400.4359285714286,2406.416107142857,2.3920714285714633,60372
2024-08-07 13:20:00,2402.248,LONG,2399.8459285714284,2405.851107142857,2.402071428571454,60380
2024-08-07 14:15:00,2400.215,LONG,2397.6530000000002,2404.058,2.561999999999963,60391
2024-08-07 17:00:00,2397.495,SHORT,2399.364357142857,2394.690964285714,1.86935714285713,60424
2024-08-07 17:20:00,2392.948,SHORT,2395.0035714285714,2389.864642857143,2.055571428571381,60428
2024-08-07 19:50:00,2387.028,SHORT,2388.460357142857,2384.8794642857138,1.4323571428571995,60458
2024-08-07 22:40:00,2383.665,SHORT,2384.8627857142856,2381.8683214285716,1.1977857142856985,60480
2024-08-07 23:25:00,2384.835,SHORT,2385.839285714286,2383.3285714285716,1.0042857142857105,60489
2024-08-08 01:20:00,2389.335,LONG,2387.4164285714287,2392.212857142857,1.9185714285714701,60512
2024-08-08 05:45:00,2393.365,LONG,2392.0302857142856,2395.3670714285713,1.3347142857143612,60565
2024-08-08 06:20:00,2397.775,LONG,2395.9469285714285,2400.517107142857,1.8280714285714825,60572
2024-08-08 07:20:00,2397.045,LONG,2394.8433571428573,2400.3474642857145,2.20164285714288,60584
2024-08-08 07:35:00,2396.935,LONG,2395.0562142857143,2399.7531785714286,1.878785714285706,60587
2024-08-08 09:55:00,2396.125,LONG,2394.4373571428573,2398.6564642857143,1.6876428571428537,60615
2024-08-08 12:35:00,2410.365,LONG,2407.591857142857,2414.5247142857143,2.773142857142862,60647
2024-08-08 13:30:00,2410.085,LONG,2406.788357142857,2415.0299642857144,3.2966428571428747,60658
2024-08-08 14:05:00,2414.135,LONG,2410.2435714285716,2419.972142857143,3.891428571428605,60665
2024-08-08 15:00:00,2414.088,LONG,2410.222642857143,2419.8860357142858,3.86535714285716,60676
2024-08-08 17:05:00,2418.285,LONG,2416.3661428571427,2421.1632857142854,1.9188571428570802,60701
2024-08-08 19:20:00,2423.798,LONG,2422.467428571428,2425.7938571428567,1.3305714285714072,60728
2024-08-08 20:00:00,2423.948,LONG,2422.5374285714283,2426.063857142857,1.4105714285713995,60736
2024-08-08 22:35:00,2425.655,LONG,2424.2720714285715,2427.729392857143,1.3829285714285626,60755
2024-08-08 23:30:00,2423.585,LONG,2422.744285714286,2424.8460714285716,0.8407142857142195,60766
2024-08-09 00:00:00,2424.908,LONG,2423.898714285714,2426.4219285714285,1.009285714285657,60772
2024-08-09 01:00:00,2421.945,SHORT,2423.3,2419.9125000000004,1.3549999999999207,60784
2024-08-09 01:55:00,2427.155,LONG,2425.055928571429,2430.3036071428573,2.099071428571343,60795
2024-08-09 02:15:00,2425.415,LONG,2423.213357142857,2428.7174642857144,2.201642857142815,60799
2024-08-09 02:40:00,2425.205,LONG,2423.174857142857,2428.2502142857143,2.030142857142859,60804
2024-08-09 03:05:00,2422.095,SHORT,2423.824714285714,2419.5004285714285,1.7297142857143106,60809
2024-08-09 05:10:00,2422.065,SHORT,2423.2661428571428,2420.2632857142858,1.2011428571428107,60834
2024-08-09 06:40:00,2419.775,SHORT,2421.4757142857143,2417.2239285714286,1.7007142857142818,60852
2024-08-09 08:05:00,2425.958,LONG,2424.1002857142857,2428.7445714285714,1.8577142857142073,60869
2024-08-09 08:45:00,2423.075,LONG,2421.2851428571425,2425.7597857142855,1.7898571428571748,60877
2024-08-09 11:55:00,2426.565,LONG,2425.016285714286,2428.8880714285715,1.5487142857143357,60915
2024-08-09 12:50:00,2428.338,LONG,2426.429,2431.2015,1.909000000000008,60926
2024-08-09 13:15:00,2430.795,LONG,2428.702,2433.9345000000003,2.0930000000000097,60931
2024-08-09 14:25:00,2431.945,LONG,2428.6882142857144,2436.830178571429,3.2567857142856673,60945
2024-08-09 15:15:00,2429.285,LONG,2426.5099285714286,2433.4476071428567,2.7750714285713065,60955
2024-08-09 19:10:00,2427.865,SHORT,2429.1181428571426,2425.9852857142855,1.2531428571428478,61002
2024-08-09 19:40:00,2428.178,SHORT,2429.2775,2426.52875,1.0995000000000346,61008
2024-08-11 22:25:00,2432.505,LONG,2431.1095714285716,2434.598142857143,1.3954285714285757,61029
2024-08-11 23:45:00,2427.805,SHORT,2428.805,2426.305,1.0000000000000324,61045
2024-08-11 23:55:00,2427.765,SHORT,2428.8590714285715,2426.1238928571424,1.0940714285715265,61047
2024-08-12 01:15:00,2427.885,SHORT,2428.981642857143,2426.240035714286,1.096642857142862,61063
2024-08-12 01:30:00,2428.298,SHORT,2429.5929285714283,2426.355607142857,1.2949285714285321,61066
2024-08-12 01:45:00,2425.298,SHORT,2426.7365,2423.14025,1.4384999999999764,61069
2024-08-12 02:30:00,2426.104,SHORT,2427.5570714285714,2423.9243928571427,1.4530714285713853,61078
2024-08-12 03:10:00,2426.738,SHORT,2427.966571428571,2424.8951428571427,1.2285714285714155,61086
2024-08-12 03:30:00,2426.978,SHORT,2428.0929285714287,2425.3056071428573,1.114928571428566,61090
2024-08-12 09:55:00,2442.545,LONG,2441.0020714285715,2444.8593928571427,1.5429285714285146,61167
2024-08-12 12:30:00,2444.605,LONG,2443.2052857142858,2446.7045714285714,1.3997142857142535,61198
2024-08-12 13:25:00,2445.895,LONG,2444.3278571428573,2448.2457142857143,1.5671428571428936,61209
2024-08-12 14:25:00,2448.485,LONG,2445.292214285714,2453.274178571429,3.1927857142857192,61221
2024-08-12 20:50:00,2472.115,LONG,2471.299857142857,2473.337714285714,0.8151428571428109,61298
2024-08-13 00:45:00,2470.088,LONG,2468.667785714286,2472.2183214285715,1.4202142857143047,61333
2024-08-13 02:25:00,2466.278,SHORT,2468.297357142857,2463.248964285714,2.0193571428571238,61353
2024-08-13 04:15:00,2464.235,SHORT,2465.368785714286,2462.5343214285713,1.1337857142857501,61375
2024-08-13 04:30:00,2462.315,SHORT,2463.4485,2460.61475,1.1335000000000102,61378
2024-08-13 06:05:00,2462.165,SHORT,2464.0447142857142,2459.3454285714283,1.8797142857143367,61397
2024-08-13 07:10:00,2461.368,SHORT,2463.0020714285715,2458.9168928571426,1.6340714285714577,61410
2024-08-13 09:40:00,2460.205,SHORT,2461.5117857142855,2458.2448214285714,1.3067857142856545,61440
2024-08-13 10:00:00,2460.285,SHORT,2461.5215714285714,2458.430142857143,1.2365714285713563,61444
2024-08-13 10:25:00,2461.525,SHORT,2462.766285714286,2459.6630714285716,1.241285714285628,61449
2024-08-13 12:35:00,2471.004,LONG,2469.1185714285716,2473.8321428571426,1.8854285714284873,61475
2024-08-13 13:25:00,2467.208,LONG,2463.499928571429,2472.7701071428573,3.708071428571397,61485
2024-08-13 15:05:00,2471.938,LONG,2469.415142857143,2475.722285714286,2.5228571428571547,61505
2024-08-13 16:10:00,2470.545,LONG,2468.657285714286,2473.3765714285714,1.8877142857142775,61518
2024-08-13 16:55:00,2469.385,LONG,2467.543428571429,2472.1473571428573,1.841571428571342,61527
2024-08-13 18:20:00,2467.015,SHORT,2468.2785,2465.11975,1.2635000000000218,61544
2024-08-13 19:10:00,2467.408,SHORT,2468.374142857143,2465.9587857142856,0.9661428571428782,61554
2024-08-13 19:25:00,2465.645,SHORT,2466.613,2464.1929999999998,0.9680000000000096,61557
2024-08-13 20:10:00,2466.675,SHORT,2467.966142857143,2464.7382857142857,1.2911428571428587,61566
2024-08-13 20:55:00,2464.855,SHORT,2465.8797142857143,2463.3179285714286,1.0247142857142535,61575
2024-08-13 23:10:00,2464.795,SHORT,2465.578,2463.6205,0.7829999999999993,61590
2024-08-14 01:00:00,2467.388,LONG,2466.338357142857,2468.9624642857143,1.0496428571429013,61612
2024-08-14 01:10:00,2468.205,LONG,2467.0145714285713,2469.990642857143,1.1904285714285834,61614
2024-08-14 04:15:00,2461.365,SHORT,2462.5829999999996,2459.5379999999996,1.2180000000000422,61651
2024-08-14 06:00:00,2461.728,SHORT,2462.811857142857,2460.102214285714,1.0838571428572388,61672
2024-08-14 09:35:00,2474.215,LONG,2472.3133571428575,2477.0674642857143,1.901642857142828,61715
2024-08-14 10:00:00,2473.945,LONG,2472.6685714285713,2475.859642857143,1.2764285714285961,61720
2024-08-14 11:05:00,2473.335,LONG,2471.9245714285717,2475.450642857143,1.4104285714285782,61733
2024-08-14 13:00:00,2466.058,SHORT,2470.387,2459.5645,4.329000000000049,61756
2024-08-14 17:05:00,2443.965,SHORT,2446.0127142857145,2440.8934285714286,2.0477142857142616,61805
2024-08-14 18:15:00,2441.425,SHORT,2442.8813571428573,2439.2404642857146,1.4563571428572166,61819
2024-08-14 19:25:00,2444.688,SHORT,2445.9153571428574,2442.8469642857144,1.2273571428571748,61833
2024-08-14 23:30:00,2447.775,LONG,2447.243142857143,2448.572785714286,0.5318571428572015,61870
2024-08-15 00:05:00,2449.335,LONG,2448.6476428571427,2450.3660357142858,0.6873571428571787,61877
2024-08-15 01:05:00,2452.325,LONG,2450.7415,2454.70025,1.5834999999999582,61889
2024-08-15 01:30:00,2450.595,LONG,2448.6299999999997,2453.5424999999996,1.9649999999999506,61894
2024-08-15 01:55:00,2450.605,LONG,2448.4735714285716,2453.802142857143,2.1314285714285495,61899
2024-08-15 07:20:00,2455.935,LONG,2454.2620714285713,2458.4443928571427,1.6729285714285262,61964
2024-08-15 08:30:00,2455.905,LONG,2454.630285714286,2457.8170714285716,1.2747142857142535,61978
2024-08-15 10:10:00,2459.715,LONG,2458.739285714286,2461.1785714285716,0.9757142857142428,61998
2024-08-15 13:50:00,2437.345,SHORT,2443.1827857142853,2428.5883214285714,5.837785714285701,62042
2024-08-15 14:10:00,2445.135,SHORT,2450.2225714285714,2437.503642857143,5.087571428571404,62046
2024-08-15 16:50:00,2456.065,LONG,2454.424,2458.5265,1.640999999999979,62078
2024-08-15 17:35:00,2455.025,LONG,2453.447785714286,2457.3908214285716,1.5772142857142302,62087
2024-08-15 19:55:00,2455.414,LONG,2453.9698571428576,2457.5802142857146,1.4441428571428463,62115
2024-08-16 01:10:00,2458.055,LONG,2456.9462857142858,2459.7180714285714,1.108714285714281,62166
2024-08-16 01:35:00,2458.655,LONG,2457.0032142857144,2461.1326785714286,1.6517857142856818,62171
2024-08-16 01:55:00,2457.155,LONG,2455.4818571428573,2459.6647142857146,1.6731428571427907,62175
2024-08-16 04:35:00,2452.835,SHORT,2453.737,2451.482,0.9019999999999787,62207
2024-08-16 05:25:00,2453.545,SHORT,2454.3087142857144,2452.399428571429,0.7637142857142213,62217
2024-08-16 09:45:00,2462.665,LONG,2461.4099285714287,2464.547607142857,1.2550714285714224,62269
2024-08-16 11:10:00,2468.534,LONG,2466.7760714285714,2471.170892857143,1.7579285714285626,62286
2024-08-16 11:35:00,2466.915,LONG,2464.9220714285716,2469.9043928571427,1.99292857142856,62291
2024-08-16 14:05:00,2486.865,LONG,2481.993214285714,2494.172678571428,4.871785714285709,62321
2024-08-16 14:30:00,2482.195,LONG,2477.0247142857143,2489.950428571429,5.170285714285716,62326
2024-08-16 15:35:00,2487.865,LONG,2485.2549285714285,2491.780107142857,2.610071428571408,62339
2024-08-16 20:35:00,2507.705,LONG,2506.242714285714,2509.8984285714287,1.462285714285729,62399
2024-08-18 22:10:00,2505.334,LONG,2503.2944285714284,2508.393357142857,2.0395714285713376,62406
2024-08-18 22:45:00,2505.085,LONG,2502.8487142857143,2508.4394285714284,2.2362857142856813,62413
2024-08-19 01:15:00,2496.865,SHORT,2498.9681428571425,2493.7102857142854,2.1031428571428217,62443
2024-08-19 01:50:00,2497.904,SHORT,2500.675642857143,2493.7465357142855,2.7716428571428815,62450
2024-08-19 03:30:00,2502.925,LONG,2501.0285714285715,2505.769642857143,1.8964285714285845,62470
2024-08-19 05:40:00,2501.015,SHORT,2502.477357142857,2498.8214642857142,1.4623571428571398,62496
2024-08-19 06:20:00,2502.105,LONG,2500.3825714285713,2504.688642857143,1.7224285714285739,62504
2024-08-19 06:35:00,2504.465,LONG,2502.509642857143,2507.398035714286,1.9553571428571428,62507
2024-08-19 07:10:00,2504.285,LONG,2502.2382857142857,2507.355071428571,2.046714285714318,62514
2024-08-19 08:00:00,2503.505,LONG,2501.756642857143,2506.127535714286,1.7483571428571654,62524
2024-08-19 09:15:00,2502.588,LONG,2501.297857142857,2504.523214285715,1.2901428571429798,62539
2024-08-19 12:05:00,2494.078,SHORT,2496.029642857143,2491.1505357142855,1.951642857142945,62573
2024-08-19 12:40:00,2491.315,SHORT,2493.15,2488.5625,1.8350000000000688,62580
2024-08-19 13:35:00,2486.768,SHORT,2489.7520714285715,2482.291892857143,2.9840714285714642,62591
2024-08-19 14:35:00,2503.018,LONG,2499.562857142857,2508.200714285714,3.4551428571428784,62603
2024-08-20 03:30:00,2500.875,SHORT,2502.1327857142855,2498.9883214285715,1.2577857142856115,62746
2024-08-20 03:55:00,2501.665,SHORT,2502.695642857143,2500.1190357142855,1.0306428571428634,62751
2024-08-20 04:55:00,2500.664,SHORT,2501.5647142857147,2499.312928571429,0.9007142857142948,62763
2024-08-20 05:50:00,2501.008,SHORT,2502.1277857142854,2499.328321428571,1.119785714285724,62774
2024-08-20 07:15:00,2504.585,LONG,2502.669785714286,2507.4578214285716,1.9152142857142604,62791
2024-08-20 10:55:00,2522.735,LONG,2521.1885,2525.0547500000002,1.5465000000000535,62835
2024-08-20 12:05:00,2525.135,LONG,2523.412071428572,2527.7193928571432,1.7229285714286107,62849
2024-08-20 12:40:00,2525.565,LONG,2523.3174285714285,2528.9363571428576,2.2475714285715185,62856
2024-08-20 13:10:00,2525.905,LONG,2523.3757142857144,2529.698928571429,2.529285714285769,62862
2024-08-20 14:25:00,2523.025,LONG,2519.6434285714286,2528.097357142857,3.3815714285715006,62877
2024-08-20 17:00:00,2507.958,SHORT,2510.8295000000003,2503.6507500000002,2.871500000000034,62908
2024-08-20 19:00:00,2512.865,SHORT,2514.1631428571427,2510.917785714286,1.2981428571427256,62932
2024-08-20 23:10:00,2514.315,LONG,2513.6207142857143,2515.3564285714288,0.6942857142856675,62970
2024-08-20 23:30:00,2515.785,LONG,2515.0854999999997,2516.83425,0.6995000000000086,62974
2024-08-21 01:25:00,2512.335,SHORT,2513.8385714285714,2510.079642857143,1.503571428571409,62997
2024-08-21 04:45:00,2514.875,LONG,2513.7302142857143,2516.5921785714286,1.144785714285685,63037
2024-08-21 05:15:00,2516.765,LONG,2515.812857142857,2518.193214285714,0.9521428571428194,63043
2024-08-21 05:35:00,2517.125,LONG,2516.0762142857143,2518.6981785714283,1.0487857142856813,63047
2024-08-21 07:25:00,2513.715,SHORT,2515.767642857143,2510.6360357142858,2.052642857142863,63069
2024-08-21 07:40:00,2508.955,SHORT,2511.0381428571427,2505.8302857142858,2.0831428571428723,63072
2024-08-21 11:00:00,2507.645,SHORT,2509.151642857143,2505.3850357142856,1.5066428571429111,63112
2024-08-21 12:10:00,2511.698,LONG,2510.1655,2513.99675,1.5325000000000273,63126
2024-08-21 14:25:00,2499.785,SHORT,2504.6481428571424,2492.4902857142856,4.863142857142748,63153
2024-08-21 14:55:00,2501.428,SHORT,2506.3159285714282,2494.096107142857,4.8879285714285094,63159
2024-08-21 16:35:00,2508.595,LONG,2506.5919285714285,2511.599607142857,2.0030714285714373,63179
2024-08-21 16:55:00,2506.985,LONG,2505.073142857143,2509.852785714286,1.911857142857181,63183
2024-08-21 19:25:00,2512.465,LONG,2510.734785714286,2515.0603214285716,1.7302142857142502,63213
2024-08-21 20:45:00,2511.305,LONG,2510.187571428571,2512.9811428571425,1.117428571428523,63229
2024-08-22 01:20:00,2511.885,SHORT,2513.1097142857143,2510.0479285714287,1.224714285714299,63272
2024-08-22 01:30:00,2510.485,SHORT,2511.916142857143,2508.338285714286,1.4311428571428613,63274
2024-08-22 01:40:00,2508.735,SHORT,2510.2650000000003,2506.44,1.5300000000000378,63276
2024-08-22 03:40:00,2502.695,SHORT,2504.400142857143,2500.137285714286,1.7051428571428136,63300
2024-08-22 05:05:00,2501.525,SHORT,2502.5862857142856,2499.9330714285716,1.0612857142856618,63317
2024-08-22 07:00:00,2507.854,LONG,2505.6839999999997,2511.109,2.1700000000000403,63340
2024-08-22 07:40:00,2507.394,LONG,2505.326357142857,2510.495464285714,2.0676428571429306,63348
2024-08-22 16:20:00,2483.425,SHORT,2485.895285714286,2479.7195714285717,2.4702857142857346,63452
2024-08-22 17:45:00,2481.925,SHORT,2483.5885714285714,2479.429642857143,1.663571428571426,63469
2024-08-22 18:30:00,2482.098,SHORT,2483.655857142857,2479.7612142857142,1.557857142857074,63478
2024-08-22 20:05:00,2482.608,SHORT,2484.003642857143,2480.514535714286,1.39564285714284,63497
2024-08-23 02:25:00,2488.705,LONG,2487.1921428571427,2490.9742857142855,1.5128571428570987,63561
2024-08-23 02:40:00,2488.015,LONG,2486.6,2490.1375,1.4149999999999636,63564
2024-08-23 06:45:00,2493.165,LONG,2491.56,2495.5724999999998,1.6049999999999531,63613
2024-08-23 07:30:00,2493.545,LONG,2492.032142857143,2495.8142857142857,1.5128571428570663,63622
2024-08-23 07:45:00,2492.525,LONG,2491.0995000000003,2494.66325,1.4254999999999265,63625
2024-08-23 10:15:00,2497.695,LONG,2496.206857142857,2499.9272142857144,1.4881428571428128,63655
2024-08-23 10:50:00,2498.355,LONG,2496.9533571428574,2500.457464285714,1.4016428571428605,63662
2024-08-23 11:50:00,2501.165,LONG,2499.8852857142856,2503.0845714285715,1.2797142857142652,63674
2024-08-23 12:30:00,2500.405,LONG,2499.054785714286,2502.4303214285715,1.350214285714271,63682
2024-08-23 12:40:00,2500.715,LONG,2499.338642857143,2502.779535714286,1.3763571428570944,63684
2024-08-23 13:10:00,2500.495,LONG,2498.9086428571427,2502.8745357142857,1.5863571428571308,63690
2024-08-23 14:50:00,2507.735,LONG,2501.8514285714286,2516.5603571428574,5.883571428571388,63710
2024-08-23 16:15:00,2507.755,LONG,2504.913785714286,2512.0168214285713,2.841214285714289,63727
2024-08-23 18:45:00,2510.485,LONG,2509.0155714285715,2512.689142857143,1.4694285714285797,63757
2024-08-23 19:25:00,2511.508,LONG,2510.1039285714282,2513.614107142857,1.4040714285714395,63765
2024-08-23 19:45:00,2510.655,LONG,2509.3197142857143,2512.657928571429,1.3352857142856789,63769
2024-08-25 22:35:00,2512.045,LONG,2510.7947142857142,2513.9204285714286,1.2502857142856751,63791
2024-08-26 00:15:00,2514.785,LONG,2513.6154285714283,2516.539357142857,1.169571428571414,63811
2024-08-26 01:20:00,2514.885,LONG,2513.394642857143,2517.1205357142862,1.4903571428571922,63824
2024-08-26 02:05:00,2514.455,LONG,2512.750642857143,2517.011535714286,1.7043571428571664,63833
2024-08-26 05:20:00,2510.235,SHORT,2511.1178571428572,2508.9107142857147,0.8828571428571195,63872
2024-08-26 06:30:00,2513.005,SHORT,2514.3196428571428,2511.033035714286,1.3146428571427415,63886
2024-08-26 10:25:00,2525.095,LONG,2523.771857142857,2527.079714285714,1.3231428571427841,63933
2024-08-26 10:50:00,2524.705,LONG,2523.304071428571,2526.806392857143,1.4009285714285267,63938
2024-08-26 11:35:00,2522.165,LONG,2520.7510714285713,2524.2858928571427,1.4139285714285765,63947
2024-08-26 11:55:00,2526.425,LONG,2524.8722857142857,2528.7540714285715,1.5527142857142735,63951
2024-08-26 12:30:00,2524.315,LONG,2522.640785714286,2526.8263214285716,1.6742142857143076,63958
2024-08-26 13:15:00,2525.435,LONG,2523.433857142857,2528.436714285714,2.0011428571428627,63967
2024-08-26 13:55:00,2515.775,SHORT,2518.273642857143,2512.027035714286,2.4986428571428405,63975
2024-08-26 14:50:00,2517.725,SHORT,2520.534642857143,2513.5105357142857,2.8096428571429573,63986
2024-08-26 16:00:00,2515.595,SHORT,2517.559714285714,2512.647928571428,1.9647142857144055,64000
2024-08-26 18:10:00,2518.515,LONG,2517.0871428571427,2520.6567857142854,1.4278571428571922,64026
2024-08-26 19:15:00,2520.095,LONG,2518.9755,2521.7742499999995,1.119499999999919,64039
2024-08-26 20:50:00,2518.038,LONG,2517.375,2519.0325000000003,0.6630000000000109,64058
2024-08-26 22:05:00,2517.185,SHORT,2517.7856428571426,2516.284035714286,0.6006428571427997,64061
2024-08-27 02:55:00,2508.625,SHORT,2510.086928571429,2506.432107142857,1.4619285714286434,64119
2024-08-27 04:10:00,2508.145,SHORT,2509.404571428571,2506.255642857143,1.2595714285714297,64134
2024-08-27 08:50:00,2510.575,SHORT,2512.673857142857,2507.426714285714,2.0988571428571765,64190
2024-08-27 09:40:00,2509.755,SHORT,2511.4412857142856,2507.2255714285716,1.6862857142857268,64200
2024-08-27 10:20:00,2508.605,SHORT,2510.361142857143,2505.9707857142857,1.7561428571429067,64208
2024-08-27 11:10:00,2509.835,SHORT,2511.4216428571426,2507.4550357142857,1.586642857142806,64218
2024-08-27 11:25:00,2511.495,SHORT,2512.8980714285713,2509.3903928571426,1.4030714285713657,64221
2024-08-27 13:15:00,2506.335,SHORT,2508.4254285714287,2503.199357142857,2.090428571428642,64243
2024-08-27 14:10:00,2515.265,LONG,2511.893,2520.323,3.372000000000006,64254
2024-08-27 16:45:00,2513.488,LONG,2512.0967857142855,2515.5748214285713,1.3912142857143408,64285
2024-08-27 17:10:00,2516.118,LONG,2514.7565,2518.16025,1.3615000000000756,64290
2024-08-27 20:55:00,2524.355,LONG,2523.501,2525.636,0.8539999999999444,64335
2024-08-27 23:00:00,2526.894,LONG,2526.2914285714282,2527.797857142857,0.6025714285714068,64348
2024-08-27 23:40:00,2525.095,LONG,2524.1445,2526.5207499999997,0.95049999999992,64356
2024-08-28 00:55:00,2524.275,LONG,2523.4665714285716,2525.487642857143,0.8084285714285541,64371
2024-08-28 01:10:00,2521.155,SHORT,2522.2129285714286,2519.568107142857,1.057928571428582,64374
2024-08-28 03:45:00,2515.335,SHORT,2516.6750714285718,2513.324892857143,1.3400714285715236,64405
2024-08-28 06:45:00,2505.165,SHORT,2507.062857142857,2502.3182142857145,1.897857142857122,64441
2024-08-28 07:10:00,2508.948,SHORT,2510.955,2505.9375,2.0070000000000294,64446
2024-08-28 09:15:00,2508.775,SHORT,2510.085285714286,2506.8095714285714,1.3102857142858153,64471
2024-08-28 14:30:00,2508.558,LONG,2505.045642857143,2513.826535714286,3.512357142857159,64534
2024-08-28 14:55:00,2507.485,LONG,2504.871857142857,2511.4047142857144,2.6131428571429103,64539
2024-08-28 18:30:00,2503.798,SHORT,2505.0492857142854,2501.921071428571,1.2512857142857488,64582
2024-08-28 23:05:00,2507.255,LONG,2505.872142857143,2509.329285714286,1.3828571428571195,64625
2024-08-29 02:35:00,2514.835,LONG,2513.5445714285715,2516.770642857143,1.2904285714284924,64667
2024-08-29 03:15:00,2512.905,LONG,2511.739285714286,2514.6535714285715,1.1657142857142324,64675
2024-08-29 05:10:00,2514.738,LONG,2513.579714285714,2516.4754285714284,1.1582857142857068,64698
2024-08-29 07:00:00,2517.105,LONG,2515.654285714286,2519.2810714285715,1.4507142857142818,64720
2024-08-29 08:45:00,2516.655,LONG,2514.773357142857,2519.4774642857146,1.8816428571429111,64741
2024-08-29 13:20:00,2510.125,SHORT,2513.8154285714286,2504.589357142857,3.690428571428648,64796
2024-08-29 13:45:00,2513.905,SHORT,2517.250142857143,2508.887285714286,3.3451428571429136,64801
2024-08-29 13:55:00,2516.605,SHORT,2519.8920714285714,2511.6743928571427,3.2870714285714775,64803
2024-08-29 14:45:00,2520.678,LONG,2517.716571428571,2525.1201428571426,2.9614285714286064,64813
2024-08-29 15:30:00,2520.428,LONG,2518.122714285714,2523.8859285714284,2.305285714285804,64822
2024-08-29 16:20:00,2522.808,LONG,2520.8087857142855,2525.8068214285713,1.999214285714288,64832
2024-08-29 18:05:00,2526.034,LONG,2524.576,2528.221,1.4580000000000186,64853
2024-08-29 18:55:00,2522.968,LONG,2521.460071428571,2525.2298928571427,1.5079285714285302,64863
2024-08-29 22:35:00,2521.045,SHORT,2521.734,2520.0115,0.6890000000000133,64895
2024-08-30 01:30:00,2518.358,SHORT,2519.5202142857142,2516.6146785714286,1.1622142857142665,64930
2024-08-30 03:05:00,2515.684,SHORT,2516.9957142857147,2513.716428571429,1.311714285714288,64949
2024-08-30 05:40:00,2513.675,SHORT,2514.5800714285715,2512.317392857143,0.9050714285714159,64980
2024-08-30 05:55:00,2513.665,SHORT,2514.7155714285714,2512.089142857143,1.0505714285713696,64983
2024-08-30 09:05:00,2524.295,LONG,2522.724357142857,2526.650964285714,1.5706428571427296,65021
2024-08-30 09:55:00,2524.085,LONG,2522.6414285714286,2526.250357142857,1.4435714285713337,65031
2024-08-30 11:40:00,2519.995,SHORT,2521.8047857142856,2517.2803214285714,1.809785714285681,65052
2024-08-30 12:20:00,2523.615,LONG,2521.974357142857,2526.0759642857142,1.6406428571428933,65060
2024-08-30 12:35:00,2521.155,LONG,2519.1267857142857,2524.1973214285717,2.028214285714317,65063
2024-08-30 13:00:00,2516.605,SHORT,2519.346142857143,2512.493285714286,2.7411428571429366,65068
2024-08-30 16:20:00,2502.635,SHORT,2504.972785714286,2499.128321428572,2.337785714285701,65108
2024-08-30 18:40:00,2502.995,SHORT,2504.664714285714,2500.4904285714283,1.6697142857142353,65136
2024-08-30 19:00:00,2499.098,SHORT,2500.7144285714285,2496.673357142857,1.6164285714285143,65140
2024-08-30 19:30:00,2500.415,SHORT,2501.9959285714285,2498.043607142857,1.580928571428558,65146
2024-09-02 00:15:00,2502.585,SHORT,2503.4420714285716,2501.299392857143,0.8570714285713815,65191
2024-09-02 01:00:00,2502.745,LONG,2501.642857142857,2504.398214285714,1.1021428571427805,65200
2024-09-02 01:45:00,2497.128,SHORT,2499.2504285714285,2493.9443571428574,2.1224285714285025,65209
2024-09-02 04:25:00,2496.438,SHORT,2497.6222857142857,2494.6615714285713,1.1842857142857415,65241
2024-09-02 04:45:00,2497.155,SHORT,2498.238142857143,2495.530285714286,1.08314285714284,65245
2024-09-02 05:25:00,2495.954,SHORT,2497.127428571429,2494.1938571428573,1.1734285714285957,65253
2024-09-02 06:40:00,2499.075,LONG,2497.4143571428567,2501.565964285714,1.6606428571429075,65268
2024-09-02 07:10:00,2497.245,LONG,2495.5997857142856,2499.7128214285713,1.6452142857143113,65274
2024-09-02 08:10:00,2500.805,LONG,2499.2464999999997,2503.14275,1.5585000000000622,65286
2024-09-02 10:10:00,2500.715,LONG,2499.2745714285716,2502.8756428571432,1.4404285714286158,65310
2024-09-02 13:15:00,2500.475,LONG,2499.1890714285714,2502.4038928571426,1.285928571428615,65347
2024-09-02 13:30:00,2501.035,LONG,2499.6159285714284,2503.163607142857,1.4190714285714745,65350
2024-09-02 14:10:00,2498.368,SHORT,2499.9065714285716,2496.0601428571426,1.5385714285715235,65358
2024-09-02 15:25:00,2501.295,LONG,2500.2664285714286,2502.837857142857,1.0285714285714025,65373
2024-09-02 15:50:00,2500.885,LONG,2499.939785714286,2502.3028214285714,0.9452142857142007,65378
2024-09-02 17:05:00,2500.985,LONG,2500.230785714286,2502.1163214285716,0.7542142857142673,65393
2024-09-02 18:15:00,2499.384,SHORT,2500.041714285714,2498.3974285714285,0.6577142857142917,65407
2024-09-02 22:20:00,2498.325,SHORT,2499.0666428571426,2497.2125357142854,0.7416428571429411,65414
2024-09-03 02:20:00,2494.265,SHORT,2495.9695714285713,2491.708142857143,1.7045714285713334,65462
2024-09-03 02:45:00,2494.945,SHORT,2496.5215714285714,2492.580142857143,1.5765714285713395,65467
2024-09-03 05:25:00,2494.435,SHORT,2495.3630714285714,2493.0428928571428,0.9280714285713917,65499
2024-09-03 05:35:00,2493.975,SHORT,2494.916214285714,2492.5631785714286,0.9412142857142628,65501
2024-09-03 06:50:00,2497.415,LONG,2495.842357142857,2499.773964285714,1.5726428571428122,65516
2024-09-03 13:10:00,2493.778,SHORT,2497.3434285714284,2488.429857142857,3.565428571428551,65592
2024-09-03 16:45:00,2484.198,SHORT,2486.1805714285715,2481.224142857143,1.9825714285714509,65635
2024-09-03 22:20:00,2492.725,LONG,2492.0605,2493.7217499999997,0.6644999999999267,65690
2024-09-04 00:00:00,2494.238,LONG,2493.453857142857,2495.414214285714,0.7841428571427969,65710
2024-09-04 00:15:00,2494.195,LONG,2493.23,2495.6425,0.9649999999999831,65713
2024-09-04 01:25:00,2493.615,LONG,2492.2389999999996,2495.6789999999996,1.3760000000000414,65727
2024-09-04 03:35:00,2494.215,LONG,2493.1145714285717,2495.865642857143,1.1004285714286002,65753
2024-09-04 05:00:00,2495.855,LONG,2495.132642857143,2496.9385357142855,0.7223571428570656,65770
2024-09-04 09:55:00,2481.505,SHORT,2483.8767857142857,2477.9473214285713,2.371785714285774,65829
2024-09-04 11:45:00,2488.825,LONG,2486.8777857142854,2491.745821428571,1.9472142857143484,65851
2024-09-04 12:30:00,2487.025,LONG,2485.335285714286,2489.5595714285714,1.6897142857142822,65860
2024-09-04 13:00:00,2488.135,LONG,2485.945571428572,2491.419142857143,2.189428571428542,65866
2024-09-04 15:40:00,2494.735,LONG,2492.1405714285715,2498.626642857143,2.594428571428612,65898
2024-09-04 22:15:00,2495.534,LONG,2494.6833571428574,2496.809964285714,0.8506428571427997,65965
2024-09-04 22:35:00,2494.975,LONG,2494.126214285714,2496.2481785714285,0.8487857142857008,65969
2024-09-05 00:10:00,2495.605,LONG,2494.877857142857,2496.6957142857145,0.727142857142878,65988
2024-09-05 00:50:00,2494.915,LONG,2493.9731428571426,2496.3277857142857,0.9418571428572184,65996
2024-09-05 01:40:00,2497.485,LONG,2496.193357142857,2499.4224642857143,1.291642857142863,66006
2024-09-05 03:20:00,2496.735,LONG,2495.872714285714,2498.028428571429,0.8622857142857226,66026
2024-09-05 05:15:00,2494.785,SHORT,2495.431,2493.816,0.6459999999999907,66049
2024-09-05 07:55:00,2506.325,LONG,2505.002071428571,2508.3093928571425,1.3229285714285521,66081
2024-09-05 11:45:00,2515.155,LONG,2513.659285714286,2517.398571428572,1.4957142857142571,66127
2024-09-05 12:30:00,2520.358,LONG,2518.0128571428572,2523.8757142857144,2.3451428571427835,66136
2024-09-05 13:15:00,2517.285,LONG,2514.0978571428573,2522.065714285714,3.1871428571427844,66145
2024-09-05 13:55:00,2514.565,LONG,2511.768785714286,2518.7593214285716,2.796214285714281,66153
2024-09-05 15:45:00,2508.408,SHORT,2511.088142857143,2504.3877857142857,2.6801428571427874,66175
2024-09-05 19:20:00,2515.388,LONG,2514.5675,2516.61875,0.8205000000000382,66218
2024-09-05 19:55:00,2514.778,LONG,2513.9740714285713,2515.9838928571426,0.8039285714286117,66225
2024-09-05 20:40:00,2516.525,LONG,2515.771,2517.656,0.7540000000000029,66234
2024-09-05 22:40:00,2515.765,LONG,2515.2737857142856,2516.5018214285715,0.4912142857143473,66246
2024-09-06 00:35:00,2516.135,LONG,2515.5165714285718,2517.062642857143,0.6184285714285644,66269
2024-09-06 01:50:00,2514.228,SHORT,2515.3044285714286,2512.6133571428572,1.0764285714285182,66284
2024-09-06 06:10:00,2519.115,LONG,2517.9756428571427,2520.8240357142854,1.139357142857177,66336
2024-09-06 06:25:00,2519.985,LONG,2518.7275714285715,2521.8711428571432,1.2574285714285907,66339
2024-09-06 06:40:00,2519.145,LONG,2517.6980714285714,2521.315392857143,1.4469285714286084,66342
2024-09-06 08:35:00,2516.675,SHORT,2517.8792857142857,2514.8685714285716,1.2042857142856909,66365
2024-09-06 09:00:00,2516.915,SHORT,2517.9845,2515.31075,1.0694999999999644,66370
2024-09-06 09:10:00,2516.885,SHORT,2517.910642857143,2515.346535714286,1.025642857142819,66372
2024-09-06 10:10:00,2519.045,LONG,2517.926214285714,2520.7231785714284,1.1187857142856825,66384
2024-09-06 10:20:00,2519.065,LONG,2517.8747857142857,2520.8503214285715,1.190214285714254,66386
2024-09-06 11:00:00,2519.315,LONG,2518.140785714286,2521.0763214285716,1.17421428571434,66394
2024-09-06 11:15:00,2519.775,LONG,2518.5648571428574,2521.5902142857144,1.2101428571428576,66397
2024-09-06 11:45:00,2515.715,SHORT,2516.9035000000003,2513.9322500000003,1.1885000000000088,66403
2024-09-06 12:25:00,2515.368,SHORT,2517.076785714286,2512.8048214285714,1.708785714285828,66411
2024-09-06 12:45:00,2525.475,LONG,2521.356857142857,2531.6522142857143,4.118142857142987,66415
2024-09-06 13:15:00,2511.265,SHORT,2517.313857142857,2502.191714285714,6.048857142857189,66421
2024-09-06 14:45:00,2512.275,SHORT,2516.648142857143,2505.715285714286,4.3731428571428035,66439
2024-09-06 15:15:00,2513.405,SHORT,2518.8965000000003,2505.1677500000005,5.491499999999925,66445
2024-09-06 17:30:00,2494.128,SHORT,2497.527142857143,2489.029285714286,3.399142857142871,66472
2024-09-08 22:50:00,2497.815,LONG,2496.9632142857145,2499.0926785714287,0.8517857142856948,66524
2024-09-09 00:30:00,2497.025,LONG,2496.052142857143,2498.4842857142858,0.9728571428572,66544
2024-09-09 00:45:00,2496.594,LONG,2495.5558571428573,2498.1512142857146,1.0381428571428972,66547
2024-09-09 00:55:00,2495.858,SHORT,2496.9409285714287,2494.233607142857,1.082928571428608,66549
2024-09-09 01:00:00,2497.175,LONG,2495.9449285714286,2499.0201071428573,1.2300714285714613,66550
2024-09-09 01:15:00,2497.435,LONG,2496.0559285714285,2499.503607142857,1.3790714285714785,66553
2024-09-09 01:25:00,2497.585,LONG,2496.0395,2499.9032500000003,1.5455000000000771,66555
2024-09-09 01:55:00,2497.575,LONG,2496.0035714285714,2499.932142857143,1.5714285714286038,66561
2024-09-09 04:40:00,2497.735,LONG,2497.0372142857145,2498.781678571429,0.6977857142857958,66594
2024-09-09 10:20:00,2494.685,LONG,2493.3714999999997,2496.65525,1.3135000000000088,66662
2024-09-09 10:40:00,2494.365,LONG,2493.0807857142854,2496.2913214285713,1.2842142857143048,66666
2024-09-09 11:20:00,2496.385,LONG,2495.159785714286,2498.2228214285715,1.2252142857142385,66674
2024-09-09 13:05:00,2502.298,LONG,2500.565428571428,2504.896857142857,1.7325714285714184,66695
2024-09-09 13:35:00,2502.505,LONG,2500.185785714286,2505.9838214285714,2.319214285714257,66701
2024-09-09 18:15:00,2500.925,LONG,2499.528642857143,2503.019535714286,1.3963571428571737,66757
2024-09-09 18:40:00,2503.005,LONG,2501.674285714286,2505.0010714285713,1.330714285714261,66762
2024-09-09 19:50:00,2504.978,LONG,2503.916357142857,2506.5704642857145,1.0616428571428125,66776
2024-09-10 01:05:00,2506.528,LONG,2505.5947857142855,2507.9278214285714,0.9332142857143221,66827
2024-09-10 02:50:00,2502.695,SHORT,2503.778642857143,2501.069535714286,1.0836428571427794,66848
2024-09-10 06:50:00,2504.935,LONG,2503.7855,2506.65925,1.1495000000000866,66896
2024-09-10 09:00:00,2500.275,SHORT,2501.646,2498.2185,1.3710000000000295,66922
2024-09-10 09:40:00,2503.215,SHORT,2504.4295,2501.39325,1.2145000000000112,66930
2024-09-10 11:10:00,2506.285,LONG,2504.8559285714286,2508.428607142857,1.4290714285714006,66948
2024-09-10 11:50:00,2505.465,LONG,2504.1005,2507.51175,1.3645000000000047,66956
2024-09-10 13:40:00,2510.155,LONG,2507.9800000000005,2513.4175,2.174999999999922,66978
2024-09-10 15:00:00,2509.375,LONG,2506.803142857143,2513.232785714286,2.5718571428571653,66994
2024-09-10 16:10:00,2512.775,LONG,2510.5240714285715,2516.151392857143,2.2509285714285006,67008
2024-09-10 19:30:00,2515.458,LONG,2514.4302142857146,2516.999678571429,1.0277857142857232,67048
2024-09-10 20:00:00,2517.225,LONG,2516.110642857143,2518.8965357142856,1.1143571428571508,67054
2024-09-10 20:40:00,2516.508,LONG,2515.7020714285713,2517.7168928571427,0.8059285714285969,67062
2024-09-11 00:10:00,2518.035,LONG,2517.362642857143,2519.0435357142856,0.6723571428571111,67092
2024-09-11 00:20:00,2518.078,LONG,2517.3230714285714,2519.210392857143,0.7549285714285686,67094
2024-09-11 01:20:00,2517.388,LONG,2516.3115714285714,2519.0026428571427,1.0764285714285506,67106
2024-09-11 01:35:00,2520.715,LONG,2519.356642857143,2522.752535714286,1.3583571428571304,67109
2024-09-11 02:00:00,2519.445,LONG,2517.7014285714286,2522.0603571428574,1.7435714285713857,67114
2024-09-11 02:15:00,2518.318,LONG,2516.5529285714288,2520.965607142857,1.7650714285713807,67117
2024-09-11 05:15:00,2521.645,LONG,2520.861,2522.821,0.784000000000073,67153
2024-09-11 05:45:00,2520.975,LONG,2520.066142857143,2522.3382857142856,0.9088571428571868,67159
2024-09-11 08:00:00,2522.865,LONG,2521.4339285714286,2525.011607142857,1.4310714285713857,67186
2024-09-11 08:55:00,2524.165,LONG,2522.546214285714,2526.5931785714283,1.6187857142857152,67197
2024-09-11 10:10:00,2520.915,SHORT,2522.0619285714283,2519.194607142857,1.1469285714285564,67212
2024-09-11 10:50:00,2521.125,SHORT,2522.346642857143,2519.292535714286,1.2216428571428293,67220
2024-09-11 11:15:00,2521.885,SHORT,2523.172785714286,2519.9533214285716,1.287785714285714,67225
2024-09-11 11:50:00,2522.925,SHORT,2524.3147142857147,2520.8404285714287,1.389714285714295,67232
2024-09-11 13:35:00,2505.125,SHORT,2510.5385714285717,2497.0046428571427,5.413571428571523,67253
2024-09-11 14:00:00,2504.978,SHORT,2509.1320714285716,2498.746892857143,4.15407142857144,67258
2024-09-11 14:55:00,2509.335,SHORT,2512.593714285714,2504.4469285714285,3.2587142857142744,67269
2024-09-11 15:15:00,2513.065,SHORT,2515.7563571428573,2509.0279642857145,2.691357142857117,67273
2024-09-11 17:55:00,2514.455,LONG,2512.9325714285715,2516.7386428571426,1.5224285714285608,67305
2024-09-11 20:10:00,2512.568,SHORT,2513.5005714285717,2511.169142857143,0.9325714285713664,67332
2024-09-11 23:10:00,2511.895,SHORT,2512.3641428571427,2511.1912857142856,0.4691428571429047,67356
2024-09-11 23:55:00,2511.778,SHORT,2512.247857142857,2511.073214285714,0.4698571428572385,67365
2024-09-12 02:20:00,2513.185,LONG,2512.2052857142858,2514.654571428571,0.9797142857143106,67394
2024-09-12 03:15:00,2512.845,SHORT,2513.788857142857,2511.429214285714,0.9438571428571711,67405
2024-09-12 03:20:00,2513.715,LONG,2512.7925714285716,2515.098642857143,0.9224285714286192,67406
2024-09-12 07:50:00,2516.315,LONG,2515.123642857143,2518.1020357142856,1.1913571428570842,67460
2024-09-12 08:20:00,2518.345,LONG,2517.0302857142856,2520.317071428571,1.3147142857142495,67466
2024-09-12 08:50:00,2517.555,LONG,2516.3262142857143,2519.3981785714286,1.2287857142857124,67472
2024-09-12 09:10:00,2518.075,LONG,2516.908357142857,2519.824964285714,1.1666428571427983,67476
2024-09-12 16:15:00,2546.905,LONG,2544.526785714286,2550.4723214285714,2.3782142857142583,67561
2024-09-12 17:35:00,2552.615,LONG,2550.6978571428567,2555.490714285714,1.9171428571428675,67577
2024-09-12 19:30:00,2556.804,LONG,2554.952142857143,2559.5817857142856,1.8518571428571053,67600
2024-09-12 22:10:00,2558.114,LONG,2557.2222857142856,2559.4515714285717,0.8917142857143452,67620
2024-09-13 00:25:00,2558.815,LONG,2557.7692142857145,2560.383678571429,1.0457857142857523,67647
2024-09-13 00:55:00,2561.475,LONG,2559.9250714285713,2563.799892857143,1.5499285714285764,67653
2024-09-13 01:55:00,2563.135,LONG,2560.6450000000004,2566.8700000000003,2.490000000000009,67665
2024-09-13 05:10:00,2567.685,LONG,2566.6959285714283,2569.168607142857,0.989071428571411,67704
2024-09-13 06:40:00,2566.845,LONG,2564.795214285714,2569.9196785714284,2.049785714285755,67722
2024-09-13 06:55:00,2567.005,LONG,2564.8548571428573,2570.2302142857143,2.1501428571428796,67725
2024-09-13 07:55:00,2569.668,LONG,2567.506142857143,2572.910785714286,2.161857142857116,67737
2024-09-13 08:45:00,2568.775,LONG,2566.8455714285715,2571.669142857143,1.9294285714286161,67747
2024-09-13 11:50:00,2566.455,SHORT,2567.997214285714,2564.141678571428,1.542214285714343,67784
2024-09-13 14:00:00,2577.485,LONG,2573.963642857143,2582.767035714286,3.5213571428571737,67810
2024-09-13 14:20:00,2576.965,LONG,2573.1864285714287,2582.6328571428576,3.7785714285714675,67814
2024-09-13 16:45:00,2581.748,LONG,2579.831,2584.6235,1.9169999999999487,67843
2024-09-13 17:00:00,2585.285,LONG,2583.338357142857,2588.204964285714,1.946642857142771,67846
2024-09-13 17:45:00,2582.598,LONG,2580.867714285714,2585.1934285714283,1.7302857142856607,67855
2024-09-13 18:15:00,2583.445,LONG,2581.8727142857147,2585.803428571429,1.572285714285694,67861
2024-09-13 19:30:00,2581.845,LONG,2580.513357142857,2583.842464285714,1.3316428571428918,67876
2024-09-15 22:05:00,2577.604,SHORT,2578.722714285714,2575.9259285714284,1.1187142857143044,67895
2024-09-15 23:00:00,2579.298,SHORT,2580.3862857142853,2577.665571428571,1.0882857142857378,67906
2024-09-16 01:50:00,2581.565,LONG,2580.6175714285714,2582.986142857143,0.9474285714286127,67940
2024-09-16 05:00:00,2586.085,LONG,2585.3967142857146,2587.1174285714287,0.6882857142856794,67978
2024-09-16 06:15:00,2588.655,LONG,2587.4877142857144,2590.405928571429,1.1672857142857538,67993
2024-09-16 06:25:00,2588.425,LONG,2587.188142857143,2590.280285714286,1.2368571428571937,67995
2024-09-16 06:30:00,2588.475,LONG,2587.1657857142854,2590.4388214285714,1.3092142857142985,67996
2024-09-16 09:20:00,2586.885,LONG,2585.5014285714287,2588.9603571428574,1.3835714285714207,68030
2024-09-16 09:45:00,2585.915,LONG,2584.5001428571427,2588.0372857142856,1.4148571428571748,68035
2024-09-16 09:55:00,2585.435,LONG,2584.060857142857,2587.4962142857144,1.3741428571428773,68037
2024-09-16 11:40:00,2580.295,SHORT,2581.757642857143,2578.101035714286,1.4626428571428474,68058
2024-09-16 12:00:00,2581.435,SHORT,2582.8712142857144,2579.2806785714283,1.4362142857142837,68062
2024-09-16 12:35:00,2580.155,SHORT,2582.0053571428575,2577.3794642857147,1.8503571428571572,68069
2024-09-16 13:30:00,2585.275,LONG,2583.2625000000003,2588.2937500000003,2.0124999999999806,68080
2024-09-16 15:15:00,2579.275,SHORT,2581.651,2575.7110000000002,2.3759999999999764,68101
2024-09-16 15:35:00,2580.535,SHORT,2582.6382857142858,2577.3800714285712,2.103285714285708,68105
2024-09-16 17:55:00,2582.465,LONG,2581.3058571428573,2584.2037142857143,1.1591428571427644,68133
2024-09-16 18:10:00,2581.855,LONG,2580.7185,2583.55975,1.1364999999999392,68136
2024-09-16 18:45:00,2580.575,SHORT,2581.558857142857,2579.099214285714,0.9838571428571348,68143
2024-09-16 19:40:00,2581.658,SHORT,2582.4180714285712,2580.5178928571427,0.760071428571499,68154
2024-09-16 22:45:00,2583.095,LONG,2582.409357142857,2584.123464285714,0.6856428571428685,68179
2024-09-16 23:35:00,2583.165,LONG,2582.6094285714285,2583.998357142857,0.5555714285714137,68189
2024-09-17 01:45:00,2580.248,SHORT,2581.301857142857,2578.6672142857146,1.0538571428570387,68215
2024-09-17 02:05:00,2583.155,SHORT,2584.2595714285717,2581.498142857143,1.104571428571327,68219
2024-09-17 07:55:00,2583.714,LONG,2582.4441428571427,2585.6187857142854,1.2698571428571281,68289
2024-09-17 13:50:00,2575.465,SHORT,2578.313571428572,2571.192142857143,2.8485714285714687,68360
2024-09-17 15:15:00,2571.718,SHORT,2574.1930714285713,2568.005392857143,2.4750714285714497,68377
2024-09-17 18:00:00,2569.108,SHORT,2571.3020714285717,2565.816892857143,2.194071428571468,68410
2024-09-17 19:15:00,2569.898,LONG,2568.731357142857,2571.6479642857144,1.166642857142863,68425
2024-09-17 20:00:00,2568.298,SHORT,2569.421714285714,2566.612428571428,1.123714285714316,68434
2024-09-17 20:25:00,2569.304,SHORT,2570.241,2567.8985000000002,0.9369999999999307,68439
2024-09-18 02:50:00,2573.225,LONG,2572.1280714285713,2574.8703928571426,1.0969285714285044,68504
2024-09-18 04:25:00,2573.225,LONG,2572.290285714286,2574.6270714285715,0.9347142857143028,68523
2024-09-18 08:55:00,2569.648,SHORT,2570.8305714285716,2567.874142857143,1.1825714285714315,68577
2024-09-18 09:10:00,2569.278,SHORT,2570.5756428571426,2567.3315357142856,1.2976428571428837,68580
2024-09-18 09:25:00,2569.285,SHORT,2570.589571428571,2567.3281428571427,1.3045714285714374,68583
2024-09-18 12:25:00,2575.955,LONG,2574.5710714285715,2578.030892857143,1.3839285714286038,68619
2024-09-18 12:35:00,2575.015,LONG,2573.479571428571,2577.318142857143,1.5354285714286107,68621
2024-09-18 13:20:00,2577.305,LONG,2575.730642857143,2579.6665357142856,1.5743571428571548,68630
2024-09-18 14:25:00,2568.825,SHORT,2571.480714285714,2564.8414285714284,2.655714285714274,68643
2024-09-18 15:05:00,2571.935,SHORT,2574.328285714286,2568.3450714285714,2.3932857142857364,68651
2024-09-18 15:50:00,2569.175,SHORT,2571.0607142857143,2566.346428571429,1.8857142857142273,68660
2024-09-18 17:35:00,2571.405,SHORT,2572.7520714285715,2569.384392857143,1.3470714285713907,68681
2024-09-18 18:10:00,2588.595,LONG,2584.483714285714,2594.7619285714286,4.111285714285779,68688
2024-09-18 18:50:00,2582.244,LONG,2573.911285714286,2594.7430714285715,8.332714285714312,68696
2024-09-18 23:00:00,2558.715,SHORT,2560.3058571428573,2556.3287142857143,1.5908571428571707,68734
2024-09-19 00:20:00,2557.215,SHORT,2558.3650000000002,2555.4900000000002,1.149999999999961,68750
2024-09-19 00:50:00,2558.428,SHORT,2559.6172857142856,2556.6440714285714,1.1892857142857534,68756
2024-09-19 01:35:00,2551.775,SHORT,2553.8225,2548.70375,2.0475000000000625,68765
2024-09-19 04:25:00,2562.405,LONG,2561.2415714285717,2564.1501428571432,1.1634285714286048,68799
2024-09-19 10:25:00,2588.285,LONG,2585.9714285714285,2591.755357142857,2.3135714285714846,68871
2024-09-19 10:55:00,2588.505,LONG,2586.735285714286,2591.159571428572,1.7697142857143717,68877
2024-09-19 11:10:00,2586.145,LONG,2584.2276428571427,2589.021035714286,1.917357142857197,68880
2024-09-19 11:45:00,2588.198,LONG,2586.408,2590.883,1.7899999999999636,68887
2024-09-19 13:40:00,2574.815,SHORT,2579.041642857143,2568.4750357142857,4.226642857142906,68910
2024-09-19 17:45:00,2590.375,LONG,2588.9342857142856,2592.5360714285716,1.440714285714291,68959
2024-09-19 19:25:00,2587.255,LONG,2586.233285714286,2588.7875714285715,1.021714285714292,68979
2024-09-19 20:20:00,2588.768,LONG,2587.713,2590.3505,1.0550000000000312,68990
2024-09-19 22:35:00,2587.098,SHORT,2587.7656428571427,2586.096535714286,0.6676428571428394,69005
2024-09-20 00:50:00,2587.995,LONG,2587.3264285714286,2588.9978571428574,0.6685714285715026,69032
2024-09-20 01:15:00,2585.425,SHORT,2586.473785714286,2583.8518214285714,1.0487857142857462,69037
2024-09-20 02:10:00,2589.465,LONG,2587.8272142857145,2591.921678571429,1.637785714285688,69048
2024-09-20 03:35:00,2592.215,LONG,2590.816357142857,2594.3129642857143,1.398642857142834,69065
2024-09-20 05:40:00,2593.878,LONG,2592.9610000000002,2595.2535000000003,0.9170000000000462,69090
2024-09-20 09:55:00,2606.185,LONG,2604.5147857142856,2608.690321428571,1.6702142857141749,69141
2024-09-20 10:35:00,2609.365,LONG,2607.731857142857,2611.814714285714,1.6331428571428594,69149
2024-09-20 13:15:00,2612.548,LONG,2610.1134285714284,2616.199857142857,2.434571428571514,69181
2024-09-20 14:10:00,2607.918,SHORT,2611.8030714285715,2602.090392857143,3.8850714285714667,69192
2024-09-20 14:35:00,2614.275,LONG,2610.3005714285714,2620.236642857143,3.9744285714285916,69197
2024-09-20 18:35:00,2620.205,LONG,2618.667857142857,2622.510714285714,1.5371428571428882,69245
2024-09-20 20:10:00,2620.638,LONG,2619.5845714285715,2622.218142857143,1.0534285714286074,69264
2024-09-20 20:50:00,2622.018,LONG,2621.141642857143,2623.3325357142858,0.8763571428571595,69272
2024-09-22 22:15:00,2621.125,LONG,2619.905357142857,2622.9544642857145,1.2196428571428442,69277
2024-09-22 22:30:00,2620.945,LONG,2619.7015714285717,2622.810142857143,1.2434285714284994,69280
2024-09-22 23:35:00,2620.735,LONG,2619.897142857143,2621.991785714286,0.8378571428571442,69293
2024-09-23 00:30:00,2619.375,SHORT,2620.077142857143,2618.321785714286,0.7021428571428844,69304
2024-09-23 01:20:00,2618.985,SHORT,2620.1523571428575,2617.233964285714,1.167357142857197,69314
2024-09-23 05:15:00,2628.295,LONG,2627.352428571429,2629.708857142857,0.9425714285714223,69361
2024-09-23 05:55:00,2629.915,LONG,2628.6515,2631.81025,1.2634999999999244,69369
2024-09-23 06:10:00,2629.375,LONG,2627.915785714286,2631.5638214285714,1.4592142857141945,69372
2024-09-23 06:25:00,2628.305,LONG,2626.771642857143,2630.6050357142853,1.5333571428570525,69375
2024-09-23 08:35:00,2616.295,SHORT,2618.7374285714286,2612.6313571428573,2.4424285714285037,69401
2024-09-23 09:55:00,2621.498,SHORT,2622.7282857142854,2619.6525714285717,1.2302857142856283,69417
2024-09-23 12:25:00,2621.605,LONG,2619.7304285714285,2624.416857142857,1.8745714285714061,69447
2024-09-23 13:45:00,2630.398,LONG,2627.880642857143,2634.1740357142858,2.5173571428571386,69463
2024-09-23 15:10:00,2628.198,LONG,2625.626214285714,2632.0556785714284,2.571785714285722,69480
2024-09-23 20:05:00,2626.358,SHORT,2627.1245000000004,2625.20825,0.7664999999999834,69539
2024-09-23 22:50:00,2627.505,LONG,2626.87,2628.4575,0.6349999999999909,69560
2024-09-23 23:10:00,2626.548,SHORT,2627.0667857142853,2625.769821428571,0.5187857142857085,69564
2024-09-24 02:40:00,2628.585,LONG,2627.2329285714286,2630.613107142857,1.3520714285714024,69606
2024-09-24 08:10:00,2627.985,SHORT,2629.9589285714287,2625.0241071428572,1.9739285714286845,69672
2024-09-24 13:05:00,2635.065,LONG,2632.5505714285714,2638.836642857143,2.5144285714285552,69731
2024-09-24 13:50:00,2635.435,LONG,2632.4737857142854,2639.8768214285715,2.961214285714277,69740
2024-09-24 15:55:00,2643.025,LONG,2640.436857142857,2646.9072142857144,2.588142857142787,69765
2024-09-24 16:10:00,2649.795,LONG,2647.142428571429,2653.773857142857,2.6525714285714264,69768
2024-09-25 00:20:00,2658.255,LONG,2657.2949285714285,2659.695107142857,0.960071428571447,69854
2024-09-25 04:05:00,2661.385,LONG,2659.758642857143,2663.824535714286,1.6263571428571595,69899
2024-09-25 06:05:00,2655.345,SHORT,2657.3547857142853,2652.3303214285716,2.0097857142856292,69923
2024-09-25 07:40:00,2653.165,SHORT,2654.9837857142857,2650.4368214285714,1.818785714285728,69942
2024-09-25 09:00:00,2654.245,SHORT,2655.7730714285713,2651.9528928571426,1.5280714285714307,69958
2024-09-25 10:00:00,2656.095,SHORT,2657.677857142857,2653.720714285714,1.58285714285723,69970
2024-09-25 11:00:00,2655.625,LONG,2654.102857142857,2657.908214285714,1.5221428571428857,69982
2024-09-25 12:00:00,2659.455,LONG,2657.936142857143,2661.7332857142856,1.5188571428571842,69994
2024-09-25 12:25:00,2659.475,LONG,2657.717857142857,2662.110714285714,1.7571428571428183,69999
2024-09-25 12:55:00,2659.345,LONG,2657.545214285714,2662.0446785714284,1.7997857142857225,70005
2024-09-25 13:15:00,2664.525,LONG,2662.391642857143,2667.7250357142857,2.1333571428571565,70009
2024-09-25 13:50:00,2664.535,LONG,2661.7729999999997,2668.678,2.7620000000000737,70016
2024-09-25 14:30:00,2666.215,LONG,2663.255857142857,2670.653714285714,2.959142857142816,70024
2024-09-25 14:55:00,2658.815,LONG,2655.6603571428573,2663.5469642857142,3.154642857142822,70029
2024-09-25 18:55:00,2660.254,LONG,2659.100571428571,2661.9841428571426,1.1534285714286139,70077
2024-09-25 22:50:00,2658.565,SHORT,2659.5355,2657.10925,0.9705000000000317,70112
2024-09-26 01:30:00,2658.635,LONG,2657.233357142857,2660.7374642857144,1.4016428571428605,70144
2024-09-26 02:15:00,2659.685,LONG,2658.183285714286,2661.9375714285716,1.5017142857143102,70153
2024-09-26 02:50:00,2657.765,LONG,2656.3555714285712,2659.8791428571426,1.4094285714285368,70160
2024-09-26 03:20:00,2661.445,LONG,2660.0848571428573,2663.4852142857144,1.3601428571428187,70166
2024-09-26 05:05:00,2660.714,LONG,2659.9165714285714,2661.910142857143,0.7974285714286518,70187
2024-09-26 05:15:00,2662.015,LONG,2661.2712857142856,2663.1305714285713,0.743714285714337,70189
2024-09-26 06:40:00,2661.055,LONG,2659.309857142857,2663.6727142857144,1.745142857142907,70206
2024-09-26 07:35:00,2663.414,LONG,2661.874428571429,2665.7233571428574,1.5395714285714348,70217
2024-09-26 09:45:00,2668.325,LONG,2666.9075714285714,2670.4511428571427,1.417428571428575,70243
2024-09-26 12:15:00,2677.845,LONG,2674.737857142857,2682.505714285714,3.107142857142825,70273
2024-09-26 12:40:00,2673.465,LONG,2669.5024285714285,2679.4088571428574,3.962571428571469,70278
2024-09-26 14:20:00,2665.865,SHORT,2671.1632142857143,2657.917678571428,5.298214285714396,70298
2024-09-26 16:35:00,2667.228,SHORT,2670.021,2663.0385,2.7929999999999575,70325
2024-09-26 17:10:00,2671.108,LONG,2668.422785714286,2675.1358214285715,2.6852142857142423,70332
2024-09-26 17:25:00,2671.728,LONG,2669.5583571428574,2674.9824642857143,2.169642857142857,70335
2024-09-26 18:05:00,2671.234,LONG,2669.4955,2673.84175,1.738499999999996,70343
2024-09-26 19:50:00,2673.008,LONG,2671.542357142857,2675.206464285714,1.4656428571428088,70364
2024-09-26 20:20:00,2671.568,LONG,2670.089428571429,2673.7858571428574,1.4785714285713507,70370
2024-09-27 00:55:00,2669.638,SHORT,2670.6769285714286,2668.079607142857,1.0389285714285117,70413
2024-09-27 01:10:00,2670.425,SHORT,2671.5693571428574,2668.7084642857144,1.1443571428571235,70416
2024-09-27 02:50:00,2669.065,SHORT,2670.4480714285714,2666.990392857143,1.3830714285713839,70436
2024-09-27 05:05:00,2670.285,SHORT,2671.234357142857,2668.860964285714,0.9493571428572197,70463
2024-09-27 07:15:00,2665.708,SHORT,2667.7700714285716,2662.614892857143,2.0620714285714064,70489
2024-09-27 07:30:00,2661.745,SHORT,2663.9939999999997,2658.3714999999997,2.248999999999959,70492
2024-09-27 10:05:00,2662.685,SHORT,2664.5389285714286,2659.904107142857,1.853928571428631,70523
2024-09-27 10:40:00,2663.925,SHORT,2665.4842142857146,2661.5861785714287,1.559214285714331,70530
2024-09-27 12:40:00,2671.594,LONG,2669.339,2674.9764999999998,2.254999999999914,70554
2024-09-27 13:10:00,2669.208,LONG,2666.1077142857143,2673.8584285714287,3.1002857142856493,70560
2024-09-27 16:40:00,2652.975,SHORT,2655.8870714285713,2648.6068928571426,2.9120714285715428,70602
2024-09-27 17:10:00,2648.655,SHORT,2650.927785714286,2645.2458214285716,2.2727857142857766,70608
2024-09-27 18:50:00,2647.945,SHORT,2649.661142857143,2645.370785714286,1.7161428571428783,70628
2024-09-27 19:40:00,2650.418,SHORT,2651.8510714285717,2648.2683928571428,1.4330714285715334,70638
2024-09-30 00:25:00,2663.285,LONG,2661.936714285714,2665.3074285714283,1.3482857142857287,70683
2024-09-30 02:50:00,2652.715,SHORT,2655.3110714285717,2648.820892857143,2.5960714285714794,70712
2024-09-30 03:30:00,2653.865,SHORT,2655.3217857142854,2651.6798214285714,1.4567857142857454,70720
2024-09-30 06:45:00,2657.315,LONG,2655.362857142857,2660.243214285714,1.9521428571428519,70759
2024-09-30 08:30:00,2654.965,SHORT,2656.8,2652.2125,1.8349999999999713,70780
2024-09-30 12:00:00,2641.125,SHORT,2642.971642857143,2638.355035714286,1.8466428571428293,70822
2024-09-30 12:15:00,2640.035,SHORT,2641.9337857142855,2637.1868214285714,1.8987857142857203,70825
2024-09-30 12:30:00,2636.398,SHORT,2638.6239285714287,2633.059107142857,2.225928571428572,70828
2024-09-30 13:05:00,2638.654,SHORT,2641.292142857143,2634.696785714286,2.638142857142871,70835
2024-09-30 14:00:00,2631.405,SHORT,2635.0830714285717,2625.887892857143,3.678071428571392,70846
2024-09-30 14:55:00,2633.198,SHORT,2636.293142857143,2628.5552857142857,3.0951428571428488,70857
2024-09-30 16:25:00,2636.718,SHORT,2638.5615714285714,2633.952642857143,1.8435714285713598,70875
2024-09-30 19:55:00,2630.835,SHORT,2632.381785714286,2628.5148214285714,1.5467857142857286,70917
2024-09-30 20:30:00,2632.508,SHORT,2633.7400714285714,2630.6598928571425,1.232071428571414,70924
