entry_time,entry,side,sl,tp,atr,entry_i
2025-10-01 04:25:00,3860.775,SHORT,3863.549785714286,3856.6128214285714,2.7747857142857617,77
2025-10-01 06:10:00,3858.455,SHORT,3861.391357142857,3854.050464285714,2.9363571428571373,98
2025-10-01 09:45:00,3889.045,LONG,3885.8809285714287,3893.791107142857,3.164071428571398,141
2025-10-01 10:20:00,3888.595,LONG,3885.238571428571,3893.6296428571427,3.3564285714285558,148
2025-10-01 11:00:00,3887.695,LONG,3885.2505,3891.36175,2.444499999999997,156
2025-10-01 12:35:00,3875.745,SHORT,3879.879785714286,3869.542821428571,4.134785714285791,175
2025-10-01 14:00:00,3870.715,SHORT,3876.225,3862.4500000000003,5.509999999999958,192
2025-10-01 15:10:00,3869.055,SHORT,3875.1922857142854,3859.8490714285713,6.137285714285716,206
2025-10-01 15:25:00,3859.445,SHORT,3865.8694285714287,3849.8083571428574,6.42442857142854,209
2025-10-01 16:10:00,3867.075,SHORT,3872.2780714285714,3859.2703928571427,5.203071428571418,218
2025-10-01 19:15:00,3864.865,SHORT,3868.1192857142855,3859.9835714285714,3.2542857142856128,255
2025-10-01 19:50:00,3868.305,SHORT,3870.8599999999997,3864.4725,2.5549999999999335,262
2025-10-01 20:45:00,3863.248,SHORT,3865.7620714285713,3859.476892857143,2.514071428571372,273
2025-10-01 23:55:00,3863.165,SHORT,3865.6012857142855,3859.5105714285714,2.436285714285727,299
2025-10-02 02:30:00,3864.005,LONG,3861.0724285714286,3868.4038571428573,2.932571428571399,330
2025-10-02 03:45:00,3864.828,LONG,3862.944,3867.654,1.8839999999999821,345
2025-10-02 05:15:00,3868.545,LONG,3866.8241428571428,3871.1262857142856,1.7208571428571173,363
2025-10-02 05:40:00,3867.805,LONG,3865.8547857142853,3870.730321428571,1.9502142857143423,368
2025-10-02 08:10:00,3866.935,LONG,3863.3171428571427,3872.3617857142854,3.6178571428570843,398
2025-10-02 12:25:00,3882.498,LONG,3879.4756428571427,3887.031535714286,3.0223571428571177,449
2025-10-02 12:55:00,3884.245,LONG,3880.692642857143,3889.5735357142858,3.5523571428571876,455
2025-10-02 13:10:00,3890.805,LONG,3886.822357142857,3896.778964285714,3.9826428571429267,458
2025-10-02 16:45:00,3841.685,SHORT,3847.3287857142855,3833.219321428571,5.643785714285676,501
2025-10-02 17:40:00,3842.248,SHORT,3845.8937142857144,3836.7794285714285,3.645714285714251,512
2025-10-02 17:55:00,3844.005,SHORT,3847.3464285714285,3838.9928571428572,3.341428571428586,515
2025-10-02 20:45:00,3855.415,LONG,3853.714,3857.9665,1.7009999999999894,549
2025-10-02 20:55:00,3855.545,LONG,3853.771642857143,3858.2050357142857,1.773357142857159,551
2025-10-02 22:15:00,3853.245,LONG,3851.432857142857,3855.9632142857145,1.8121428571429143,555
2025-10-03 00:10:00,3861.115,LONG,3859.3185714285714,3863.8096428571425,1.7964285714285455,578
2025-10-03 04:25:00,3844.645,SHORT,3847.7307142857144,3840.0164285714286,3.0857142857143702,629
2025-10-03 05:05:00,3844.495,SHORT,3846.7092857142857,3841.1735714285714,2.214285714285747,637
2025-10-03 06:50:00,3858.095,LONG,3855.0544999999997,3862.65575,3.0405000000000655,658
2025-10-03 07:25:00,3862.585,LONG,3859.926142857143,3866.5732857142857,2.658857142857122,665
2025-10-03 08:35:00,3862.575,LONG,3860.582571428571,3865.563642857143,1.992428571428588,679
2025-10-03 09:25:00,3859.115,LONG,3856.8475,3862.5162499999997,2.2675000000000245,689
2025-10-03 09:50:00,3862.425,LONG,3860.1515714285715,3865.835142857143,2.27342857142857,694
2025-10-03 10:35:00,3864.985,LONG,3862.9775714285715,3867.9961428571432,2.0074285714285907,703
2025-10-03 12:10:00,3864.075,LONG,3860.7971428571427,3868.9917857142855,3.2778571428572314,722
2025-10-03 12:40:00,3870.435,LONG,3867.1812142857143,3875.3156785714286,3.253785714285771,728
2025-10-03 15:20:00,3885.825,LONG,3880.2902857142853,3894.1270714285715,5.534714285714342,760
2025-10-03 19:00:00,3886.605,LONG,3883.9998571428573,3890.512714285714,2.605142857142807,804
2025-10-03 20:55:00,3886.825,LONG,3885.210857142857,3889.2462142857144,1.6141428571428864,827
2025-10-05 22:20:00,3891.645,LONG,3889.0060714285714,3895.603392857143,2.6389285714285506,832
2025-10-06 00:05:00,3906.598,LONG,3900.8702857142857,3915.1895714285715,5.727714285714358,853
2025-10-06 01:30:00,3906.065,LONG,3902.3619285714285,3911.619607142857,3.703071428571385,870
2025-10-06 05:45:00,3932.645,LONG,3927.855642857143,3939.8290357142855,4.7893571428571375,921
2025-10-06 06:25:00,3928.165,LONG,3923.6713571428572,3934.905464285714,4.493642857142861,929
2025-10-06 07:30:00,3933.105,LONG,3929.549285714286,3938.4385714285713,3.5557142857143327,942
2025-10-06 09:25:00,3943.475,LONG,3939.4835714285714,3949.4621428571427,3.9914285714285467,965
2025-10-06 16:55:00,3953.835,LONG,3948.695642857143,3961.5440357142857,5.1393571428570795,1055
2025-10-06 20:10:00,3959.885,LONG,3957.655928571429,3963.2286071428575,2.22907142857142,1094
2025-10-06 20:40:00,3958.415,LONG,3956.443357142857,3961.372464285714,1.9716428571429268,1100
2025-10-06 23:30:00,3969.625,LONG,3965.107357142857,3976.401464285714,4.517642857142879,1122
2025-10-07 02:20:00,3963.535,SHORT,3966.4491428571428,3959.1637857142855,2.914142857142841,1156
2025-10-07 03:10:00,3967.525,LONG,3965.1792142857144,3971.0436785714287,2.345785714285707,1166
2025-10-07 03:45:00,3973.335,LONG,3970.3880714285715,3977.755392857143,2.9469285714285434,1173
2025-10-07 06:30:00,3960.425,SHORT,3964.0133571428573,3955.0424642857147,3.588357142857116,1206
2025-10-07 08:45:00,3952.225,SHORT,3956.032642857143,3946.513535714286,3.8076428571428744,1233
2025-10-07 09:55:00,3954.985,SHORT,3958.4119285714287,3949.844607142857,3.4269285714286264,1247
2025-10-07 11:10:00,3961.398,LONG,3958.7375,3965.38875,2.660500000000021,1262
2025-10-07 11:35:00,3963.275,LONG,3960.1295,3967.99325,3.145500000000019,1267
2025-10-07 14:15:00,3976.455,LONG,3970.583357142857,3985.2624642857145,5.871642857142921,1299
2025-10-07 18:40:00,3982.148,LONG,3977.9789285714287,3988.4016071428573,4.169071428571409,1352
2025-10-08 01:10:00,3988.248,LONG,3984.8807142857145,3993.298928571429,3.3672857142857344,1418
2025-10-08 08:00:00,4035.815,LONG,4032.2982857142856,4041.0900714285717,3.5167142857143454,1500
2025-10-08 09:35:00,4038.275,LONG,4035.232857142857,4042.8382142857145,3.0421428571428675,1519
2025-10-08 10:55:00,4036.915,LONG,4033.600785714286,4041.886321428571,3.3142142857142454,1535
2025-10-08 14:15:00,4042.355,LONG,4036.6026428571427,4050.9835357142856,5.752357142857201,1575
2025-10-08 17:35:00,4047.948,LONG,4044.1799285714283,4053.600107142857,3.768071428571407,1615
2025-10-08 18:05:00,4047.525,LONG,4043.6930714285713,4053.272892857143,3.8319285714285667,1621
2025-10-08 18:55:00,4049.765,LONG,4045.9675714285713,4055.461142857143,3.7974285714285867,1631
2025-10-08 20:00:00,4044.348,SHORT,4050.3191428571427,4035.391285714286,5.971142857142793,1644
2025-10-09 00:30:00,4025.595,SHORT,4031.1710714285714,4017.230892857143,5.5760714285714,1686
2025-10-09 03:15:00,4020.085,SHORT,4025.476642857143,4011.9975357142857,5.391642857142805,1719
2025-10-09 09:55:00,4037.355,LONG,4034.490714285714,4041.651428571429,2.86428571428574,1799
2025-10-09 12:25:00,4040.765,LONG,4037.5992857142855,4045.513571428571,3.1657142857142326,1829
2025-10-09 13:00:00,4053.925,LONG,4049.9581428571432,4059.875285714286,3.966857142857147,1836
2025-10-09 13:55:00,4016.805,SHORT,4024.7116428571426,4004.9450357142855,7.90664285714297,1847
2025-10-09 15:20:00,4021.345,SHORT,4029.697714285714,4008.8159285714282,8.352714285714358,1864
2025-10-09 16:10:00,4016.435,SHORT,4022.328285714286,4007.5950714285714,5.893285714285737,1874
2025-10-09 18:20:00,3961.198,SHORT,3969.3077857142857,3949.033321428571,8.109785714285797,1900
2025-10-09 19:40:00,3978.845,SHORT,3983.349357142857,3972.088464285714,4.5043571428570885,1916
2025-10-09 20:15:00,3974.795,SHORT,3979.2771428571427,3968.071785714286,4.48214285714276,1923
2025-10-09 22:25:00,3971.998,SHORT,3977.065285714286,3964.3970714285715,5.067285714285682,1937
2025-10-09 23:05:00,3974.578,SHORT,3979.8326428571427,3966.6960357142857,5.254642857142861,1945
2025-10-09 23:35:00,3987.045,LONG,3983.546928571429,3992.2921071428573,3.4980714285713606,1951
2025-10-10 05:45:00,3973.098,SHORT,3976.931857142857,3967.347214285714,3.833857142857206,2025
2025-10-10 07:00:00,3960.345,SHORT,3965.2980714285713,3952.9153928571427,4.953071428571353,2040
2025-10-10 07:30:00,3962.465,SHORT,3968.211642857143,3953.845035714286,5.746642857142855,2046
2025-10-10 07:55:00,3971.705,SHORT,3977.3866428571428,3963.1825357142857,5.681642857142833,2051
2025-10-10 10:15:00,3992.998,LONG,3988.0043571428573,4000.4884642857146,4.993642857142926,2079
2025-10-10 11:45:00,3994.625,LONG,3990.310214285714,4001.0971785714287,4.3147857142856925,2097
2025-10-10 12:05:00,3988.348,LONG,3983.818714285714,3995.1419285714287,4.529285714285704,2101
2025-10-10 13:30:00,3994.845,LONG,3989.185,4003.335,5.660000000000049,2118
2025-10-10 13:50:00,3980.815,SHORT,3987.4862142857146,3970.8081785714285,6.671214285714346,2122
2025-10-10 16:45:00,3986.255,LONG,3977.063857142857,4000.0417142857145,9.19114285714282,2157
2025-10-10 18:45:00,3999.445,LONG,3994.021928571429,4007.579607142857,5.423071428571445,2181
2025-10-10 20:15:00,4008.515,LONG,4002.9922857142856,4016.7990714285716,5.522714285714301,2199
2025-10-10 20:50:00,4018.865,LONG,4013.4745,4026.9507499999995,5.39049999999991,2206
2025-10-13 00:20:00,4033.498,LONG,4026.3007142857145,4044.2939285714283,7.197285714285629,2236
2025-10-13 00:35:00,4051.815,LONG,4043.977428571429,4063.5713571428573,7.837571428571404,2239
2025-10-13 01:05:00,4049.298,LONG,4040.130357142857,4063.0494642857143,9.167642857142871,2245
2025-10-13 02:10:00,4049.165,LONG,4042.044857142857,4059.845214285714,7.12014285714281,2258
2025-10-13 03:25:00,4051.575,LONG,4047.4666428571427,4057.7375357142855,4.108357142857195,2273
2025-10-13 06:05:00,4064.005,LONG,4058.361642857143,4072.470035714286,5.643357142857147,2305
2025-10-13 08:00:00,4073.098,LONG,4069.112357142857,4079.0764642857143,3.9856428571428233,2328
2025-10-13 08:50:00,4078.105,LONG,4074.089857142857,4084.1277142857143,4.015142857142824,2338
2025-10-13 09:35:00,4071.815,LONG,4068.833357142857,4076.287464285714,2.98164285714282,2347
2025-10-13 10:25:00,4076.055,LONG,4073.0247857142854,4080.6003214285715,3.0302142857143672,2357
2025-10-13 13:45:00,4091.385,LONG,4086.2035,4099.15725,5.181500000000012,2397
2025-10-13 15:50:00,4102.225,LONG,4098.071357142858,4108.455464285715,4.15364285714278,2422
2025-10-13 17:10:00,4106.545,LONG,4102.025214285714,4113.324678571428,4.519785714285653,2438
2025-10-13 17:55:00,4103.498,LONG,4099.165357142857,4109.996964285714,4.332642857142803,2447
2025-10-13 18:45:00,4102.495,LONG,4099.006142857143,4107.728285714285,3.4888571428570816,2457
2025-10-13 19:45:00,4105.445,LONG,4101.854785714286,4110.830321428572,3.590214285714345,2469
2025-10-14 01:10:00,4140.255,LONG,4135.277,4147.722,4.978000000000001,2522
2025-10-14 04:40:00,4162.528,LONG,4158.048000000001,4169.2480000000005,4.480000000000018,2564
2025-10-14 07:30:00,4120.015,SHORT,4129.522357142858,4105.753964285715,9.507357142857115,2598
2025-10-14 15:55:00,4137.675,LONG,4132.6765000000005,4145.172750000001,4.998500000000084,2699
2025-10-14 16:20:00,4132.365,LONG,4127.058,4140.3255,5.307000000000049,2704
2025-10-14 16:40:00,4142.455,LONG,4136.618428571428,4151.209857142857,5.83657142857146,2708
2025-10-14 18:20:00,4145.485,LONG,4140.934285714286,4152.311071428571,4.550714285714354,2728
2025-10-14 20:10:00,4143.555,LONG,4139.163642857143,4150.142035714286,4.391357142857097,2750
2025-10-14 22:15:00,4162.098,LONG,4158.189928571429,4167.960107142857,3.90807142857141,2763
2025-10-15 00:10:00,4168.345,LONG,4165.099571428572,4173.213142857143,3.2454285714284197,2786
2025-10-15 02:55:00,4176.275,LONG,4170.830714285714,4184.441428571428,5.444285714285797,2819
2025-10-15 04:35:00,4176.348,LONG,4172.792928571429,4181.680607142857,3.5550714285714093,2839
2025-10-15 05:05:00,4184.585,LONG,4180.961857142857,4190.019714285714,3.6231428571429336,2845
2025-10-15 05:15:00,4189.505,LONG,4185.580642857143,4195.391535714286,3.9243571428572586,2847
2025-10-15 06:00:00,4186.805,LONG,4182.140428571429,4193.801857142857,4.6645714285715,2856
2025-10-15 10:55:00,4202.525,LONG,4196.986714285714,4210.832428571428,5.538285714285523,2915
2025-10-15 12:25:00,4180.919,SHORT,4186.149714285714,4173.072928571429,5.23071428571432,2933
2025-10-15 13:55:00,4191.848,SHORT,4199.054214285714,4181.038678571429,7.206214285714135,2951
2025-10-15 14:15:00,4208.635,LONG,4201.103071428572,4219.932892857143,7.53192857142845,2955
2025-10-15 14:40:00,4198.055,LONG,4191.149071428572,4208.413892857143,6.905928571428506,2960
2025-10-15 15:35:00,4192.085,LONG,4185.206428571429,4202.402857142857,6.878571428571441,2971
2025-10-15 16:50:00,4195.015,SHORT,4201.1503571428575,4185.811964285715,6.1353571428569795,2986
2025-10-15 17:20:00,4186.655,SHORT,4192.603071428572,4177.732892857142,5.9480714285714384,2992
2025-10-15 20:35:00,4210.505,LONG,4207.4052142857145,4215.154678571429,3.0997857142857095,3031
2025-10-15 22:15:00,4207.098,LONG,4203.4599285714285,4212.555107142857,3.638071428571558,3039
2025-10-15 23:45:00,4208.735,LONG,4205.557928571428,4213.500607142857,3.177071428571448,3057
2025-10-16 00:05:00,4210.455,LONG,4206.716714285714,4216.062428571428,3.7382857142856665,3061
2025-10-16 00:20:00,4218.998,LONG,4215.257785714285,4224.608321428571,3.740214285714241,3064
2025-10-16 02:35:00,4232.525,LONG,4228.522642857142,4238.528535714286,4.002357142857169,3091
2025-10-16 04:00:00,4234.435,LONG,4230.566428571429,4240.237857142857,3.868571428571418,3108
2025-10-16 04:55:00,4233.315,LONG,4230.4031428571425,4237.682785714285,2.911857142857246,3119
2025-10-16 05:05:00,4233.295,LONG,4230.193857142857,4237.946714285715,3.1011428571429343,3121
2025-10-16 06:40:00,4218.345,SHORT,4224.550214285715,4209.037178571429,6.205214285714192,3140
2025-10-16 08:05:00,4233.298,LONG,4229.322571428571,4239.261142857143,3.9754285714285027,3157
2025-10-16 09:15:00,4230.448,LONG,4227.353214285715,4235.090178571429,3.0947857142857305,3171
2025-10-16 09:35:00,4226.915,LONG,4223.322428571429,4232.303857142857,3.5925714285714485,3175
2025-10-16 10:35:00,4237.625,LONG,4233.229714285714,4244.217928571428,4.395285714285559,3187
2025-10-16 12:30:00,4246.225,LONG,4242.132857142858,4252.363214285714,4.09214285714266,3210
2025-10-16 12:45:00,4239.395,LONG,4233.2128571428575,4248.668214285714,6.182142857142545,3213
2025-10-16 14:00:00,4255.995,LONG,4248.320714285714,4267.506428571429,7.674285714285945,3228
2025-10-16 16:55:00,4282.495,LONG,4273.207214285714,4296.426678571429,9.287785714285812,3263
2025-10-16 18:20:00,4290.989,LONG,4284.885285714286,4300.144571428571,6.103714285714302,3280
2025-10-16 18:40:00,4292.598,LONG,4286.212571428571,4302.176142857143,6.385428571428617,3284
2025-10-17 00:35:00,4360.455,LONG,4352.223,4372.803,8.2320000000001,3343
2025-10-17 01:20:00,4337.515,LONG,4327.369071428572,4352.7338928571435,10.145928571428483,3352
2025-10-17 02:10:00,4327.458,SHORT,4345.5016428571425,4300.392535714285,18.043642857142782,3362
2025-10-17 04:30:00,4364.835,LONG,4359.163071428571,4373.342892857143,5.671928571428517,3390
2025-10-17 05:35:00,4361.085,LONG,4353.298357142857,4372.764964285715,7.786642857143046,3403
2025-10-17 07:25:00,4338.048,SHORT,4348.9375,4321.71375,10.88950000000003,3425
2025-10-17 08:25:00,4341.155,SHORT,4355.042571428571,4320.323642857143,13.887571428571325,3437
2025-10-17 10:35:00,4323.525,SHORT,4329.453571428571,4314.632142857143,5.928571428571429,3463
2025-10-17 12:25:00,4293.039,SHORT,4305.722285714285,4274.014071428571,12.6832857142857,3485
2025-10-17 12:35:00,4308.425,SHORT,4321.945428571429,4288.144357142857,13.520428571428576,3487
2025-10-17 13:45:00,4282.385,SHORT,4295.2372857142855,4263.106571428571,12.852285714285633,3501
2025-10-17 14:55:00,4248.635,SHORT,4268.793285714286,4218.397571428572,20.158285714285608,3515
2025-10-17 17:50:00,4219.495,SHORT,4231.929571428571,4200.843142857143,12.434571428571287,3550
2025-10-17 18:10:00,4233.048,SHORT,4243.859571428571,4216.830642857143,10.811571428571304,3554
2025-10-17 19:00:00,4232.545,SHORT,4240.359142857143,4220.823785714286,7.814142857142867,3564
2025-10-17 19:50:00,4219.135,SHORT,4226.687357142858,4207.806464285714,7.55235714285722,3574
2025-10-17 20:00:00,4220.215,SHORT,4228.661642857143,4207.545035714285,8.446642857142901,3576
2025-10-19 23:15:00,4245.395,LONG,4237.505928571429,4257.228607142857,7.889071428571372,3603
2025-10-19 23:50:00,4242.255,LONG,4236.078285714286,4251.520071428571,6.176714285714297,3610
2025-10-20 01:20:00,4255.475,LONG,4245.305857142857,4270.728714285715,10.169142857142885,3628
2025-10-20 03:35:00,4254.085,LONG,4248.606857142857,4262.302214285714,5.478142857142951,3655
2025-10-20 03:55:00,4264.379,LONG,4259.069785714286,4272.342821428571,5.309214285714396,3659
2025-10-20 05:50:00,4245.525,SHORT,4251.192928571429,4237.023107142856,5.667928571428872,3682
2025-10-20 08:50:00,4254.765,LONG,4250.641642857143,4260.950035714286,4.123357142857263,3718
2025-10-20 09:50:00,4262.805,LONG,4259.015714285714,4268.488928571429,3.7892857142857923,3730
2025-10-20 11:15:00,4259.135,LONG,4254.166571428572,4266.587642857143,4.9684285714285705,3747
2025-10-20 13:35:00,4311.165,LONG,4301.669785714285,4325.407821428572,9.49521428571435,3775
2025-10-20 17:20:00,4347.835,LONG,4343.226071428571,4354.748392857143,4.6089285714287405,3820
2025-10-20 18:30:00,4359.535,LONG,4355.489857142857,4365.602714285714,4.045142857142764,3834
2025-10-20 22:00:00,4366.195,LONG,4356.760214285714,4380.347178571428,9.434785714285747,3864
2025-10-21 00:15:00,4361.725,LONG,4357.217214285714,4368.4866785714285,4.507785714285676,3891
2025-10-21 01:15:00,4358.985,LONG,4353.211714285714,4367.644928571429,5.773285714285846,3903
2025-10-21 02:45:00,4337.085,SHORT,4344.383285714286,4326.137571428571,7.298285714285612,3921
2025-10-21 03:10:00,4341.915,SHORT,4347.8937857142855,4332.946821428572,5.97878571428568,3926
2025-10-21 03:30:00,4347.375,SHORT,4352.940714285714,4339.026428571428,5.565714285714291,3930
2025-10-21 05:00:00,4340.195,SHORT,4343.1855,4335.70925,2.9904999999998836,3948
2025-10-21 07:05:00,4332.895,SHORT,4339.051428571429,4323.660357142858,6.1564285714286076,3973
2025-10-21 09:35:00,4266.365,SHORT,4273.879357142857,4255.093464285715,7.51435714285695,4003
2025-10-21 11:15:00,4260.018,SHORT,4268.002071428571,4248.041892857143,7.984071428571367,4023
2025-10-21 15:45:00,4139.999,SHORT,4156.545928571429,4115.178607142857,16.546928571428516,4077
2025-10-21 17:45:00,4114.485,SHORT,4125.481428571428,4097.990357142857,10.996428571428591,4101
2025-10-21 20:20:00,4120.075,SHORT,4127.231928571428,4109.339607142857,7.156928571428645,4132
2025-10-21 20:35:00,4127.845,SHORT,4134.459285714286,4117.923571428571,6.61428571428587,4135
2025-10-21 23:10:00,4116.525,SHORT,4122.706214285714,4107.253178571428,6.181214285714175,4154
2025-10-22 00:50:00,4079.098,SHORT,4098.811857142857,4049.5272142857143,19.713857142857186,4174
2025-10-22 01:15:00,4108.305,SHORT,4127.7785,4079.09475,19.473500000000026,4179
2025-10-22 04:15:00,4129.055,LONG,4120.705642857143,4141.579035714286,8.349357142857182,4215
2025-10-22 05:40:00,4137.995,LONG,4131.733071428572,4147.387892857143,6.261928571428468,4232
2025-10-22 06:10:00,4137.335,LONG,4130.998142857143,4146.8402857142855,6.336857142857103,4238
2025-10-22 07:45:00,4142.119,LONG,4133.373857142857,4155.236714285714,8.745142857142842,4257
2025-10-22 10:30:00,4084.098,SHORT,4094.0327857142856,4069.1958214285714,9.934785714285713,4290
2025-10-22 10:50:00,4034.698,SHORT,4047.173214285714,4015.985178571428,12.475214285714369,4294
2025-10-22 12:40:00,4044.995,SHORT,4056.0737142857142,4028.3769285714284,11.078714285714309,4316
2025-10-22 14:10:00,4064.385,LONG,4051.6864285714287,4083.4328571428573,12.698571428571443,4334
2025-10-22 14:30:00,4040.525,SHORT,4054.567642857143,4019.461035714286,14.042642857142775,4338
2025-10-22 15:20:00,4037.685,SHORT,4051.3487142857143,4017.1894285714284,13.66371428571428,4348
2025-10-22 16:40:00,4050.545,SHORT,4060.126357142857,4036.1729642857144,9.581357142857152,4364
2025-10-22 17:30:00,4052.965,LONG,4042.4043571428574,4068.8059642857147,10.5606428571429,4374
2025-10-22 22:20:00,4109.535,LONG,4101.1515,4122.11025,8.383499999999978,4420
2025-10-22 22:50:00,4098.595,LONG,4090.1968571428574,4111.192214285715,8.39814285714296,4426
2025-10-23 01:05:00,4072.869,SHORT,4081.3958571428575,4060.0787142857143,8.526857142857125,4453
2025-10-23 01:45:00,4079.758,SHORT,4087.1186428571427,4068.7170357142854,7.360642857142823,4461
2025-10-23 04:10:00,4091.195,LONG,4086.9295714285718,4097.593142857143,4.265428571428531,4490
2025-10-23 05:25:00,4089.345,LONG,4085.1021428571426,4095.709285714285,4.242857142857084,4505
2025-10-23 07:00:00,4120.355,LONG,4112.007357142857,4132.876464285714,8.347642857142935,4524
2025-10-23 08:40:00,4111.235,LONG,4103.906928571429,4122.227107142857,7.328071428571255,4544
2025-10-23 10:30:00,4112.545,LONG,4106.6695,4121.35825,5.875500000000037,4566
2025-10-23 10:45:00,4111.045,LONG,4104.701142857143,4120.560785714286,6.34385714285723,4569
2025-10-23 14:20:00,4145.885,LONG,4136.206214285715,4160.403178571429,9.678785714285693,4612
2025-10-23 16:20:00,4139.865,LONG,4134.290571428572,4148.226642857143,5.574428571428598,4636
2025-10-23 17:10:00,4138.048,LONG,4132.186785714286,4146.839821428571,5.861214285714141,4646
2025-10-23 22:30:00,4119.985,SHORT,4125.078285714285,4112.345071428571,5.09328571428562,4698
2025-10-23 23:05:00,4114.375,SHORT,4119.543857142857,4106.621714285714,5.168857142857113,4705
2025-10-24 04:10:00,4116.175,SHORT,4120.569,4109.584,4.394000000000038,4766
2025-10-24 04:55:00,4111.315,SHORT,4115.577642857143,4104.921035714286,4.262642857142964,4775
2025-10-24 05:55:00,4104.048,SHORT,4108.417785714286,4097.493321428571,4.369785714285756,4787
2025-10-24 09:20:00,4069.195,SHORT,4076.0407142857143,4058.926428571429,6.845714285714264,4828
2025-10-24 10:15:00,4065.935,SHORT,4071.340642857143,4057.8265357142855,5.405642857143026,4839
2025-10-24 11:35:00,4055.495,SHORT,4061.786642857143,4046.0575357142857,6.291642857142896,4855
2025-10-24 12:10:00,4061.945,SHORT,4067.456642857143,4053.677535714286,5.511642857142858,4862
2025-10-24 15:00:00,4119.745,LONG,4110.734785714285,4133.260321428572,9.010214285714548,4896
2025-10-24 16:40:00,4130.565,LONG,4124.367357142856,4139.861464285714,6.1976428571429745,4916
2025-10-24 19:25:00,4112.725,SHORT,4117.4890000000005,4105.579000000001,4.764000000000059,4949
2025-10-24 20:55:00,4111.555,SHORT,4115.174071428572,4106.126392857143,3.61907142857126,4967
2025-10-26 22:20:00,4100.998,SHORT,4110.196071428571,4087.2008928571427,9.198071428571277,4972
2025-10-27 01:55:00,4081.705,SHORT,4088.4821428571427,4071.5392857142856,6.7771428571428,5015
2025-10-27 02:45:00,4071.525,SHORT,4076.6830714285716,4063.787892857143,5.158071428571345,5025
2025-10-27 03:30:00,4075.549,SHORT,4079.8394285714285,4069.1133571428572,4.290428571428622,5034
2025-10-27 06:55:00,4077.975,LONG,4073.606857142857,4084.5272142857143,4.36814285714289,5075
2025-10-27 09:55:00,4039.565,SHORT,4049.208857142857,4025.0992142857144,9.643857142857152,5111
2025-10-27 13:25:00,4033.595,SHORT,4039.794214285714,4024.2961785714283,6.1992142857143335,5153
2025-10-27 13:40:00,4025.215,SHORT,4032.9905714285715,4013.5516428571427,7.775571428571506,5156
2025-10-27 13:50:00,4018.205,SHORT,4027.012714285714,4004.9934285714285,8.80771428571435,5158
2025-10-27 16:20:00,3991.935,SHORT,3998.4519285714287,3982.159607142857,6.516928571428609,5188
2025-10-27 17:05:00,3998.065,SHORT,4003.464642857143,3989.9655357142856,5.399642857142908,5197
2025-10-27 19:00:00,4002.615,LONG,3997.6806428571426,4010.0165357142855,4.934357142857152,5220
2025-10-27 19:30:00,3988.555,SHORT,3993.8850714285713,3980.5598928571426,5.330071428571371,5226
2025-10-27 20:30:00,3997.115,SHORT,4001.5982857142853,3990.3900714285714,4.483285714285687,5238
2025-10-27 22:05:00,3986.795,SHORT,3992.278357142857,3978.5699642857144,5.483357142857163,5245
2025-10-27 22:30:00,3990.615,SHORT,3996.5305,3981.7417499999997,5.915499999999968,5250
2025-10-28 04:00:00,3989.285,SHORT,3993.365,3983.1649999999995,4.08000000000009,5316
2025-10-28 05:30:00,3964.455,SHORT,3971.607857142857,3953.7257142857143,7.152857142857134,5334
2025-10-28 09:50:00,3901.675,SHORT,3909.960642857143,3889.246535714286,8.285642857142843,5386
2025-10-28 10:40:00,3915.215,SHORT,3922.088785714286,3904.9043214285716,6.873785714285824,5396
2025-10-28 13:15:00,3932.665,LONG,3926.1900714285716,3942.3773928571427,6.4749285714285305,5427
2025-10-28 13:45:00,3930.635,LONG,3922.5833571428575,3942.7124642857143,8.051642857142756,5433
2025-10-28 16:15:00,3963.735,LONG,3958.8078571428573,3971.1257142857144,4.927142857142793,5463
2025-10-28 16:45:00,3956.165,LONG,3950.629,3964.469,5.536000000000058,5469
2025-10-28 19:00:00,3956.998,LONG,3952.389142857143,3963.911285714286,4.608857142857199,5496
2025-10-28 19:30:00,3955.695,LONG,3950.8495714285714,3962.963142857143,4.845428571428621,5502
2025-10-28 22:55:00,3933.348,SHORT,3943.3742857142856,3918.308571428571,10.02628571428571,5531
2025-10-29 03:10:00,3958.935,SHORT,3965.0240714285715,3949.801392857143,6.089071428571352,5582
2025-10-29 04:05:00,3962.545,LONG,3958.0042857142857,3969.3560714285713,4.540714285714232,5593
2025-10-29 05:50:00,3960.685,SHORT,3966.2385714285715,3952.3546428571426,5.553571428571461,5614
2025-10-29 12:40:00,4025.858,LONG,4020.628285714286,4033.7025714285714,5.22971428571431,5696
2025-10-29 17:55:00,3993.958,SHORT,3998.3237142857142,3987.4094285714286,4.3657142857143425,5759
2025-10-29 19:25:00,3953.105,SHORT,3968.1251428571427,3930.5747857142856,15.020142857142835,5777
2025-10-29 23:05:00,3941.415,SHORT,3949.7245,3928.95075,8.309500000000039,5809
2025-10-30 01:05:00,3955.048,SHORT,3963.0465714285715,3943.0501428571424,7.998571428571528,5833
2025-10-30 02:05:00,3931.858,SHORT,3940.6875,3918.61375,8.829499999999987,5845
2025-10-30 03:40:00,3932.345,SHORT,3938.2442857142855,3923.496071428571,5.899285714285692,5864
2025-10-30 04:00:00,3936.605,SHORT,3942.0057142857145,3928.503928571429,5.400714285714263,5868
2025-10-30 06:15:00,3966.055,LONG,3958.156357142857,3977.902964285714,7.898642857142899,5895
2025-10-30 06:40:00,3965.345,LONG,3957.616642857143,3976.937535714286,7.728357142857216,5900
2025-10-30 07:35:00,3963.285,LONG,3956.584714285714,3973.3354285714286,6.700285714285818,5911
2025-10-30 07:55:00,3961.005,LONG,3955.0761428571427,3969.898285714286,5.928857142857233,5915
2025-10-30 08:25:00,3972.735,LONG,3966.9190714285714,3981.458892857143,5.8159285714285875,5921
2025-10-30 10:35:00,3981.205,LONG,3974.9016428571426,3990.6600357142856,6.303357142857164,5947
2025-10-30 12:15:00,3979.835,SHORT,3985.6859285714286,3971.058607142857,5.850928571428573,5967
2025-10-30 12:55:00,3960.965,SHORT,3968.2714285714287,3950.005357142857,7.306428571428602,5975
2025-10-30 13:30:00,3969.198,SHORT,3977.632714285714,3956.5459285714282,8.434714285714303,5982
2025-10-30 14:40:00,3993.105,LONG,3982.981142857143,4008.2907857142854,10.123857142857073,5996
2025-10-30 16:25:00,3995.325,LONG,3989.656714285714,4003.8274285714283,5.668285714285763,6017
2025-10-30 17:35:00,4005.385,LONG,4001.163142857143,4011.717785714286,4.221857142857126,6031
2025-10-30 18:05:00,4005.295,LONG,4000.4305,4012.59175,4.864500000000005,6037
2025-10-30 22:05:00,4020.645,LONG,4017.073857142857,4026.001714285714,3.5711428571428963,6073
2025-10-30 22:25:00,4020.455,LONG,4016.8485714285716,4025.864642857143,3.6064285714285234,6077
2025-10-30 22:40:00,4023.898,LONG,4020.001142857143,4029.743285714286,3.8968571428570806,6080
2025-10-31 01:00:00,4025.755,LONG,4020.9995,4032.8882500000004,4.755500000000081,6108
2025-10-31 01:15:00,4033.025,LONG,4027.7980714285713,4040.865392857143,5.226928571428646,6111
2025-10-31 04:30:00,4000.305,SHORT,4004.6095,3993.84825,4.304499999999995,6150
2025-10-31 05:30:00,4001.185,SHORT,4005.9085714285716,3994.099642857143,4.723571428571437,6162
2025-10-31 06:05:00,4008.545,SHORT,4013.6857142857143,4000.8339285714287,5.140714285714304,6169
2025-10-31 06:50:00,4007.995,LONG,4003.2239999999997,4015.1515,4.771000000000056,6178
2025-10-31 07:00:00,4015.195,LONG,4009.853285714286,4023.2075714285716,5.341714285714326,6180
2025-10-31 07:10:00,4015.515,LONG,4009.866642857143,4023.9875357142855,5.648357142857159,6182
2025-10-31 07:45:00,4017.915,LONG,4011.9469285714285,4026.867107142857,5.968071428571387,6189
2025-10-31 11:15:00,4003.765,SHORT,4007.7585714285715,3997.7746428571427,3.9935714285713857,6231
2025-10-31 11:30:00,4003.198,SHORT,4007.105642857143,3997.3365357142857,3.907642857142816,6234
2025-10-31 14:15:00,4025.025,LONG,4017.8630714285714,4035.767892857143,7.161928571428624,6267
2025-10-31 14:40:00,4016.735,LONG,4009.1564285714285,4028.1028571428574,7.57857142857152,6272
2025-10-31 17:55:00,3997.345,SHORT,4003.1987857142853,3988.564321428571,5.853785714285745,6311
2025-10-31 18:55:00,3999.748,SHORT,4003.440357142857,3994.209464285714,3.692357142857158,6323
2025-10-31 19:10:00,4000.025,SHORT,4004.0192142857145,3994.0336785714285,3.994214285714276,6326
2025-10-31 19:45:00,3998.015,SHORT,4002.4949285714283,3991.295107142857,4.479928571428575,6333
2025-11-03 04:25:00,4005.235,LONG,4001.0009285714286,4011.586107142857,4.234071428571464,6413
2025-11-03 05:05:00,4007.775,LONG,4003.103642857143,4014.782035714286,4.671357142857232,6421
2025-11-03 06:15:00,4016.885,LONG,4013.071928571429,4022.6046071428573,3.8130714285713827,6435
2025-11-03 06:55:00,4017.205,LONG,4013.415285714286,4022.8895714285713,3.7897142857142563,6443
2025-11-03 07:45:00,4022.185,LONG,4018.176571428571,4028.197642857143,4.008428571428632,6453
2025-11-03 08:35:00,4014.255,LONG,4010.1962857142858,4020.3430714285714,4.058714285714294,6463
2025-11-03 09:05:00,4025.255,LONG,4020.687142857143,4032.1067857142857,4.567857142857098,6469
2025-11-03 11:30:00,4003.495,SHORT,4007.3037857142854,3997.781821428571,3.8087857142857047,6498
2025-11-03 11:50:00,4006.365,SHORT,4010.101714285714,4000.759928571428,3.7367142857143074,6502
2025-11-03 12:40:00,4007.965,SHORT,4011.1971428571433,4003.116785714286,3.2321428571428896,6512
2025-11-03 14:20:00,4016.018,LONG,4011.9037857142857,4022.1893214285715,4.114214285714264,6532
2025-11-03 15:35:00,4017.149,LONG,4009.5392857142856,4028.5635714285713,7.609714285714257,6547
2025-11-03 16:00:00,4011.498,LONG,4003.8729285714285,4022.935607142857,7.6250714285714105,6552
2025-11-03 17:05:00,4004.445,SHORT,4010.0565714285717,3996.0276428571433,5.611571428571357,6565
2025-11-03 17:35:00,4005.385,SHORT,4009.348285714286,3999.4400714285716,3.9632857142857056,6571
2025-11-03 18:45:00,4004.909,SHORT,4008.0297142857144,4000.227928571429,3.1207142857142247,6585
2025-11-03 19:15:00,4002.425,SHORT,4006.8860000000004,3995.7335000000003,4.461000000000078,6591
2025-11-03 20:05:00,4008.215,SHORT,4012.742357142857,4001.423964285714,4.527357142857227,6601
2025-11-03 23:05:00,3997.785,SHORT,4000.8726428571426,3993.1535357142857,3.087642857142847,6625
2025-11-03 23:55:00,3996.925,SHORT,4002.3167142857146,3988.8374285714285,5.391714285714345,6635
2025-11-04 02:05:00,3976.895,SHORT,3982.563071428571,3968.3928928571427,5.668071428571433,6661
2025-11-04 04:25:00,3991.715,LONG,3987.814142857143,3997.566285714286,3.900857142857181,6689
2025-11-04 05:40:00,3976.105,SHORT,3980.3085714285717,3969.7996428571428,4.203571428571422,6704
2025-11-04 09:30:00,3998.445,LONG,3994.5595000000003,4004.27325,3.8854999999999955,6750
2025-11-04 10:05:00,3989.885,LONG,3985.8480714285715,3995.9403928571433,4.036928571428591,6757
2025-11-04 11:20:00,3993.145,LONG,3990.175714285714,3997.5989285714286,2.9692857142856934,6772
2025-11-04 12:10:00,3996.445,LONG,3993.656142857143,4000.628285714286,2.7888571428570685,6782
2025-11-04 12:55:00,3984.455,SHORT,3988.2145,3978.81575,3.7594999999999215,6791
2025-11-04 13:15:00,3992.775,SHORT,3996.9385714285713,3986.529642857143,4.163571428571394,6795
2025-11-04 13:30:00,3979.685,SHORT,3984.825,3971.975,5.13999999999997,6798
2025-11-04 17:15:00,3961.555,SHORT,3966.4524285714283,3954.208857142857,4.897428571428561,6843
2025-11-04 20:45:00,3937.245,SHORT,3941.41,3930.9975,4.164999999999964,6885
2025-11-05 00:20:00,3938.105,SHORT,3942.6185714285716,3931.334642857143,4.513571428571432,6916
2025-11-05 02:10:00,3941.915,LONG,3936.5135714285716,3950.017142857143,5.401428571428596,6938
2025-11-05 05:50:00,3965.095,LONG,3961.590214285714,3970.3521785714283,3.5047857142857475,6982
2025-11-05 07:10:00,3966.125,LONG,3962.0409285714286,3972.251107142857,4.084071428571373,6998
2025-11-05 10:05:00,3965.425,LONG,3960.8578571428575,3972.2757142857145,4.567142857142893,7033
2025-11-05 10:50:00,3961.995,SHORT,3966.1314285714284,3955.790357142857,4.136428571428529,7042
2025-11-05 11:05:00,3962.385,SHORT,3967.1078571428575,3955.3007142857145,4.7228571428571025,7045
2025-11-05 11:50:00,3965.235,SHORT,3968.9897142857144,3959.602928571429,3.754714285714207,7054
2025-11-05 12:20:00,3967.285,SHORT,3970.3969285714284,3962.617107142857,3.111928571428507,7060
2025-11-05 15:05:00,3973.605,LONG,3967.9762142857144,3982.0481785714287,5.628785714285739,7093
2025-11-05 15:20:00,3971.285,LONG,3965.2969285714285,3980.267107142857,5.988071428571435,7096
2025-11-05 15:40:00,3982.855,LONG,3976.335285714286,3992.6345714285712,6.519714285714242,7100
2025-11-05 17:25:00,3982.145,LONG,3978.214285714286,3988.0410714285713,3.9307142857143327,7121
2025-11-05 21:15:00,3983.605,LONG,3981.2526428571427,3987.1335357142857,2.3523571428570773,7167
2025-11-05 23:55:00,3973.515,SHORT,3977.263857142857,3967.891714285714,3.748857142857235,7187
2025-11-06 04:55:00,3988.595,LONG,3986.5654285714286,3991.639357142857,2.0295714285714115,7247
2025-11-06 06:00:00,3988.295,LONG,3985.579,3992.369,2.716000000000057,7260
2025-11-06 06:20:00,3987.315,LONG,3984.609,3991.3740000000003,2.7060000000000337,7264
2025-11-06 06:45:00,3985.675,LONG,3982.9575714285716,3989.7511428571433,2.717428571428627,7269
2025-11-06 09:55:00,4010.695,LONG,4008.174785714286,4014.4753214285715,2.520214285714214,7307
2025-11-06 10:50:00,4008.205,LONG,4005.8016428571427,4011.8100357142857,2.4033571428571707,7318
2025-11-06 12:15:00,4013.598,LONG,4010.5632142857144,4018.1501785714286,3.03478571428572,7335
2025-11-06 13:15:00,4012.605,LONG,4009.1864285714287,4017.732857142857,3.4185714285713726,7347
2025-11-06 18:00:00,3982.295,SHORT,3987.322142857143,3974.754285714286,5.027142857142702,7404
2025-11-06 20:45:00,3981.118,SHORT,3984.1932857142856,3976.5050714285717,3.0752857142856556,7437
2025-11-07 00:25:00,3991.248,LONG,3988.7435,3995.00475,2.5045000000000073,7469
2025-11-07 01:00:00,3993.298,LONG,3990.5077857142855,3997.483321428571,2.790214285714228,7476
2025-11-07 04:00:00,3990.175,LONG,3987.0025714285716,3994.933642857143,3.172428571428522,7512
2025-11-07 04:25:00,3996.125,LONG,3993.256142857143,4000.4282857142857,2.8688571428570606,7517
2025-11-07 05:55:00,3994.748,LONG,3991.9815714285714,3998.8976428571427,2.766428571428573,7535
2025-11-07 06:30:00,4001.995,LONG,3998.615,4007.065,3.379999999999979,7542
2025-11-07 07:50:00,4005.405,LONG,4002.4180714285717,4009.885392857143,2.986928571428572,7558
2025-11-07 08:35:00,4008.045,LONG,4005.082785714286,4012.4883214285715,2.962214285714286,7567
2025-11-07 09:10:00,4010.575,LONG,4007.7189285714285,4014.859107142857,2.856071428571405,7574
2025-11-07 09:40:00,4006.075,LONG,4003.1072857142854,4010.526571428571,2.967714285714237,7580
2025-11-07 11:00:00,4011.425,LONG,4008.6028571428574,4015.6582142857146,2.82214285714284,7596
2025-11-07 11:15:00,4005.235,LONG,4001.7064285714287,4010.527857142857,3.528571428571435,7599
2025-11-07 12:10:00,4005.565,SHORT,4010.022857142857,3998.8782142857144,4.457857142857132,7610
2025-11-07 13:20:00,3998.325,SHORT,4002.5942857142854,3991.921071428571,4.269285714285778,7624
2025-11-07 13:35:00,3994.755,SHORT,3999.0828571428574,3988.263214285714,4.3278571428571535,7627
2025-11-07 14:00:00,3997.145,SHORT,4001.1292857142857,3991.1685714285713,3.9842857142857286,7632
2025-11-07 14:45:00,3989.955,SHORT,3995.0442857142857,3982.3210714285715,5.089285714285746,7641
2025-11-07 15:55:00,3990.775,SHORT,3995.8759285714286,3983.123607142857,5.100928571428605,7655
2025-11-07 16:15:00,3996.075,SHORT,4000.552357142857,3989.358964285714,4.47735714285711,7659
2025-11-07 18:30:00,4004.165,LONG,4000.2076428571427,4010.101035714286,3.957357142857258,7686
2025-11-07 20:30:00,3997.435,SHORT,4001.0859285714287,3991.958607142857,3.6509285714286244,7710
2025-11-07 21:30:00,4000.315,SHORT,4002.964285714286,3996.3410714285715,2.649285714285757,7722
2025-11-09 23:50:00,4008.295,LONG,4004.075428571429,4014.624357142857,4.219571428571369,7738
2025-11-10 09:05:00,4079.485,LONG,4075.3685714285716,4085.659642857143,4.116428571428547,7849
2025-11-10 10:10:00,4081.085,LONG,4076.8174285714285,4087.4863571428573,4.2675714285714355,7862
2025-11-10 10:50:00,4078.075,LONG,4074.8383571428567,4082.929964285714,3.2366428571429293,7870
2025-11-10 13:40:00,4097.715,LONG,4093.442857142857,4104.123214285714,4.272142857142951,7904
2025-11-10 15:15:00,4090.895,LONG,4085.1405,4099.52675,5.754500000000007,7923
2025-11-10 15:35:00,4085.915,LONG,4080.423357142857,4094.1524642857144,5.4916428571428435,7927
2025-11-10 17:50:00,4099.195,LONG,4096.277642857142,4103.571035714285,2.9173571428571643,7954
2025-11-10 21:00:00,4111.698,LONG,4108.8095,4116.03075,2.888499999999957,7992
2025-11-10 23:55:00,4119.705,LONG,4117.030714285714,4123.716428571429,2.6742857142858805,8015
2025-11-11 00:05:00,4117.945,LONG,4115.0371428571425,4122.306785714286,2.9078571428572753,8017
2025-11-11 02:20:00,4136.665,LONG,4131.983285714286,4143.687571428572,4.681714285714212,8044
2025-11-11 02:55:00,4137.855,LONG,4133.464,4144.441499999999,4.390999999999882,8051
2025-11-11 04:15:00,4143.695,LONG,4141.036142857142,4147.683285714285,2.6588571428570895,8067
2025-11-11 06:30:00,4130.498,SHORT,4134.951857142857,4123.817214285714,4.453857142857422,8094
2025-11-11 09:00:00,4141.365,LONG,4137.6804999999995,4146.89175,3.684500000000168,8124
2025-11-11 10:40:00,4139.255,LONG,4136.3378571428575,4143.630714285714,2.9171428571428026,8144
2025-11-11 11:25:00,4140.909,LONG,4138.007571428571,4145.261142857143,2.901428571428499,8153
2025-11-11 12:30:00,4139.345,LONG,4136.445142857143,4143.694785714286,2.8998571428572046,8166
2025-11-11 13:30:00,4144.925,LONG,4141.605214285714,4149.904678571429,3.3197857142856395,8178
2025-11-11 16:20:00,4111.045,SHORT,4117.1335714285715,4101.912142857143,6.088571428571413,8212
2025-11-11 17:20:00,4114.115,SHORT,4117.439857142857,4109.127714285714,3.3248571428571267,8224
2025-11-11 23:10:00,4132.775,LONG,4130.3643571428565,4136.390964285713,2.410642857142778,8282
2025-11-12 01:05:00,4134.765,LONG,4130.969285714286,4140.458571428572,3.795714285714374,8305
2025-11-12 02:15:00,4134.635,LONG,4130.726214285714,4140.498178571429,3.908785714285711,8319
2025-11-12 08:30:00,4128.555,LONG,4124.206142857143,4135.078285714286,4.348857142857079,8394
2025-11-12 09:55:00,4124.475,LONG,4121.114357142857,4129.515964285714,3.3606428571428557,8411
2025-11-12 10:30:00,4122.515,LONG,4118.711571428572,4128.220142857143,3.803428571428672,8418
2025-11-12 11:30:00,4126.895,LONG,4123.3321428571435,4132.239285714286,3.562857142857086,8430
2025-11-12 13:00:00,4131.005,LONG,4127.720071428572,4135.932392857143,3.2849285714284764,8448
2025-11-12 13:30:00,4131.465,LONG,4127.239642857143,4137.803035714285,4.22535714285693,8454
2025-11-12 14:05:00,4134.755,LONG,4129.900428571429,4142.036857142857,4.85457142857136,8461
2025-11-12 19:45:00,4197.598,LONG,4192.908285714286,4204.632571428571,4.689714285714282,8529
2025-11-12 20:10:00,4197.335,LONG,4192.109714285714,4205.172928571429,5.225285714285811,8534
2025-11-12 20:50:00,4195.615,LONG,4191.646928571428,4201.567107142857,3.9680714285715504,8542
2025-11-12 23:00:00,4202.248,LONG,4198.698571428571,4207.572142857142,3.549428571428637,8556
2025-11-13 02:30:00,4185.355,SHORT,4190.923357142857,4177.002464285714,5.568357142857102,8598
2025-11-13 02:45:00,4190.085,SHORT,4195.478357142857,4181.994964285715,5.39335714285705,8601
2025-11-13 04:55:00,4209.165,LONG,4204.766928571428,4215.7621071428575,4.398071428571451,8627
2025-11-13 05:10:00,4217.235,LONG,4212.571214285714,4224.230678571428,4.663785714285756,8630
2025-11-13 05:35:00,4214.895,LONG,4210.570500000001,4221.3817500000005,4.324500000000041,8635
2025-11-13 06:15:00,4206.835,LONG,4202.221571428571,4213.755142857143,4.613428571428683,8643
2025-11-13 09:55:00,4232.925,LONG,4228.0015,4240.31025,4.923499999999941,8687
2025-11-13 10:40:00,4233.279,LONG,4229.530285714286,4238.902071428572,3.7487142857142834,8696
2025-11-13 11:00:00,4227.775,LONG,4223.521,4234.156,4.254000000000035,8700
2025-11-13 11:20:00,4224.995,LONG,4220.167428571429,4232.236357142857,4.827571428571446,8704
2025-11-13 13:55:00,4231.498,LONG,4224.237785714286,4242.388321428571,7.260214285714288,8735
2025-11-13 16:35:00,4199.915,SHORT,4206.4705,4190.081749999999,6.555500000000133,8767
2025-11-13 17:05:00,4200.435,SHORT,4205.814071428572,4192.366392857143,5.379071428571414,8773
2025-11-13 18:05:00,4201.545,SHORT,4206.5878571428575,4193.980714285714,5.0428571428571685,8785
2025-11-13 19:45:00,4165.569,SHORT,4172.763857142858,4154.776714285715,7.194857142857018,8805
2025-11-13 21:35:00,4169.365,SHORT,4174.279785714285,4161.992821428571,4.914785714285634,8827
2025-11-13 23:10:00,4176.215,SHORT,4180.802000000001,4169.3345,4.587000000000054,8834
2025-11-14 01:00:00,4187.155,LONG,4182.266428571428,4194.487857142857,4.888571428571335,8856
2025-11-14 01:45:00,4186.965,LONG,4180.280928571428,4196.991107142857,6.68407142857138,8865
2025-11-14 04:30:00,4202.925,LONG,4199.757142857143,4207.676785714286,3.167857142857104,8898
2025-11-14 05:50:00,4191.885,SHORT,4196.780000000001,4184.5425000000005,4.894999999999982,8914
2025-11-14 09:10:00,4174.405,SHORT,4181.2242857142855,4164.176071428571,6.819285714285537,8954
2025-11-14 14:45:00,4063.459,SHORT,4075.681642857143,4045.1250357142853,12.222642857142903,9021
2025-11-14 15:20:00,4074.795,SHORT,4087.150857142857,4056.2612142857142,12.355857142857174,9028
2025-11-14 15:50:00,4088.675,SHORT,4099.448428571429,4072.514857142857,10.773428571428635,9034
2025-11-14 17:20:00,4100.905,LONG,4093.8166428571426,4111.537535714286,7.088357142857019,9052
2025-11-16 23:15:00,4096.885,SHORT,4104.200857142858,4085.9112142857143,7.315857142857145,9111
2025-11-17 01:15:00,4088.355,SHORT,4094.487857142857,4079.155714285714,6.132857142857217,9135
2025-11-17 04:25:00,4083.045,SHORT,4086.4454285714287,4077.9443571428574,3.4004285714286198,9173
2025-11-17 09:20:00,4082.905,LONG,4078.134785714286,4090.0603214285716,4.770214285714246,9232
2025-11-17 11:00:00,4063.085,SHORT,4068.2445,4055.34575,5.15949999999998,9252
2025-11-17 14:15:00,4067.045,SHORT,4073.0907142857145,4057.9764285714286,6.0457142857142765,9291
2025-11-17 14:35:00,4074.325,SHORT,4080.5764285714286,4064.947857142857,6.25142857142857,9295
2025-11-17 15:15:00,4062.305,SHORT,4069.5,4051.5125,7.195000000000001,9303
2025-11-17 16:40:00,4068.545,SHORT,4073.9575714285716,4060.426142857143,5.412571428571384,9320
2025-11-17 17:55:00,4073.098,LONG,4069.084,4079.119,4.014000000000124,9335
2025-11-17 21:15:00,4042.805,SHORT,4048.499,4034.2639999999997,5.694000000000058,9375
2025-11-17 23:05:00,4047.648,SHORT,4051.1675,4042.36875,3.519499999999945,9385
2025-11-17 23:55:00,4036.345,SHORT,4042.2916428571425,4027.4250357142855,5.946642857142868,9395
2025-11-18 00:50:00,4032.235,SHORT,4038.7183571428573,4022.5099642857144,6.483357142857163,9406
2025-11-18 01:15:00,4040.085,SHORT,4046.403357142857,4030.6074642857143,6.318357142857167,9411
2025-11-18 01:40:00,4032.655,SHORT,4039.094785714286,4022.9953214285715,6.439785714285757,9416
2025-11-18 04:45:00,4009.235,SHORT,4014.430928571429,4001.441107142857,5.1959285714286,9453
2025-11-18 06:10:00,4012.465,SHORT,4017.5835714285713,4004.787142857143,5.118571428571353,9470
2025-11-18 09:40:00,4037.325,LONG,4032.0042857142853,4045.306071428571,5.320714285714303,9512
2025-11-18 12:15:00,4042.015,LONG,4037.836142857143,4048.2832857142857,4.178857142857104,9543
2025-11-18 12:50:00,4033.805,LONG,4028.8395,4041.2532499999998,4.96550000000002,9550
2025-11-18 13:20:00,4048.568,LONG,4042.550928571429,4057.5936071428573,6.017071428571431,9556
2025-11-18 16:20:00,4059.165,LONG,4051.050714285714,4071.3364285714283,8.114285714285709,9592
2025-11-18 18:25:00,4065.545,LONG,4061.003142857143,4072.357785714286,4.54185714285716,9617
2025-11-18 20:25:00,4072.085,LONG,4067.7633571428573,4078.5674642857143,4.3216428571429,9641
2025-11-19 00:05:00,4074.165,LONG,4070.2726428571427,4080.0035357142856,3.8923571428571386,9673
2025-11-19 00:50:00,4072.065,LONG,4068.142428571429,4077.9488571428574,3.9225714285714406,9682
2025-11-19 03:30:00,4072.045,LONG,4067.7307142857144,4078.5164285714286,4.314285714285786,9714
2025-11-19 04:00:00,4068.285,LONG,4064.5492857142854,4073.888571428571,3.735714285714331,9720
2025-11-19 04:35:00,4075.275,LONG,4071.7864285714286,4080.507857142857,3.488571428571374,9727
2025-11-19 07:10:00,4087.095,LONG,4083.2142857142853,4092.9160714285713,3.880714285714378,9758
2025-11-19 09:25:00,4090.985,LONG,4087.0809285714286,4096.841107142857,3.9040714285713745,9785
2025-11-19 11:05:00,4108.715,LONG,4104.63,4114.842500000001,4.085000000000036,9805
2025-11-19 11:25:00,4114.205,LONG,4110.267642857143,4120.111035714286,3.9373571428571785,9809
2025-11-19 12:25:00,4116.965,LONG,4113.651428571428,4121.935357142857,3.313571428571452,9821
2025-11-19 13:15:00,4103.825,LONG,4099.405714285715,4110.453928571428,4.4192857142857065,9831
2025-11-19 14:10:00,4117.465,LONG,4111.540714285715,4126.351428571429,5.924285714285751,9842
2025-11-19 14:45:00,4113.385,LONG,4107.549285714286,4122.138571428572,5.835714285714208,9849
2025-11-19 17:50:00,4076.135,SHORT,4083.867142857143,4064.536785714286,7.732142857142857,9886
2025-11-19 19:10:00,4077.865,SHORT,4083.9192857142853,4068.783571428571,6.054285714285697,9902
2025-11-19 23:15:00,4090.135,LONG,4084.6507142857145,4098.361428571428,5.484285714285761,9939
2025-11-20 01:40:00,4091.455,LONG,4086.6020714285714,4098.734392857143,4.852928571428428,9968
2025-11-20 03:30:00,4069.915,SHORT,4075.9921428571424,4060.799285714286,6.0771428571426895,9990
2025-11-20 04:30:00,4075.965,SHORT,4080.656142857143,4068.928285714286,4.691142857142755,10002
2025-11-20 06:30:00,4062.015,SHORT,4067.59,4053.6524999999997,5.5750000000000455,10026
2025-11-20 06:45:00,4067.115,SHORT,4072.530714285714,4058.9914285714285,5.415714285714297,10029
2025-11-20 09:40:00,4063.305,SHORT,4069.9740714285713,4053.3013928571427,6.669071428571409,10064
2025-11-20 11:45:00,4058.605,SHORT,4063.3312142857144,4051.5156785714285,4.726214285714377,10089
2025-11-20 15:20:00,4093.755,LONG,4084.32,4107.9075,9.435000000000043,10132
2025-11-20 18:05:00,4066.115,SHORT,4074.0795714285714,4054.1681428571424,7.964571428571487,10165
2025-11-20 20:15:00,4080.305,LONG,4074.7816428571427,4088.5900357142855,5.523357142857192,10191
2025-11-20 20:25:00,4077.075,LONG,4071.845214285714,4084.9196785714284,5.229785714285721,10193
2025-11-21 01:00:00,4065.395,SHORT,4070.4392857142857,4057.8285714285716,5.044285714285674,10236
2025-11-21 02:05:00,4070.855,SHORT,4075.8097857142857,4063.4228214285713,4.9547857142857605,10249
2025-11-21 04:30:00,4053.175,SHORT,4057.7145714285716,4046.365642857143,4.53957142857137,10278
2025-11-21 07:35:00,4032.435,SHORT,4038.1228571428574,4023.903214285714,5.687857142857183,10315
2025-11-21 08:15:00,4033.865,SHORT,4040.055,4024.5799999999995,6.190000000000087,10323
2025-11-21 09:05:00,4046.535,SHORT,4053.3392857142853,4036.328571428571,6.8042857142856645,10333
2025-11-21 11:10:00,4040.065,SHORT,4046.3202142857144,4030.6821785714287,6.255214285714211,10358
2025-11-21 14:30:00,4066.735,LONG,4061.339285714286,4074.8285714285716,5.395714285714283,10398
2025-11-21 15:20:00,4073.369,LONG,4066.719785714286,4083.3428214285714,6.649214285714281,10408
2025-11-21 15:40:00,4063.175,LONG,4056.0820000000003,4073.8145,7.092999999999945,10412
2025-11-21 16:35:00,4075.885,LONG,4070.0497142857143,4084.637928571429,5.835285714285679,10423
2025-11-21 17:35:00,4082.775,LONG,4076.0882857142856,4092.8050714285714,6.686714285714321,10435
2025-11-23 23:15:00,4072.985,SHORT,4077.223214285714,4066.6276785714285,4.238214285714288,10491
2025-11-24 01:00:00,4062.585,SHORT,4067.4727857142857,4055.2533214285713,4.887785714285753,10512
2025-11-24 01:15:00,4053.405,SHORT,4058.2692142857145,4046.1086785714288,4.864214285714297,10515
2025-11-24 03:10:00,4046.405,SHORT,4049.8083571428574,4041.2999642857144,3.403357142857203,10538
2025-11-24 03:50:00,4048.965,SHORT,4053.1357142857146,4042.7089285714287,4.1707142857142765,10546
2025-11-24 04:15:00,4054.015,SHORT,4058.430714285714,4047.3914285714286,4.4157142857142,10551
2025-11-24 05:30:00,4045.365,SHORT,4049.0892857142853,4039.778571428571,3.7242857142857377,10566
2025-11-24 05:45:00,4041.655,SHORT,4045.502142857143,4035.884285714286,3.8471428571428987,10569
2025-11-24 06:05:00,4051.185,SHORT,4055.534285714286,4044.661071428571,4.34928571428577,10573
2025-11-24 06:25:00,4052.455,SHORT,4057.095714285714,4045.4939285714286,4.640714285714369,10577
2025-11-24 07:15:00,4055.305,LONG,4051.625714285714,4060.8239285714285,3.67928571428573,10587
2025-11-24 09:55:00,4071.695,LONG,4067.717857142857,4077.660714285714,3.9771428571428453,10619
2025-11-24 10:40:00,4069.955,LONG,4065.6347857142855,4076.4353214285716,4.32021428571433,10628
2025-11-24 12:10:00,4068.365,LONG,4065.3719285714283,4072.854607142857,2.993071428571479,10646
2025-11-24 13:50:00,4077.015,LONG,4072.2138571428573,4084.2167142857143,4.801142857142817,10666
2025-11-24 14:30:00,4076.435,LONG,4071.7971428571427,4083.3917857142856,4.637857142857164,10674
2025-11-24 18:15:00,4090.555,LONG,4087.4054285714283,4095.279357142857,3.149571428571465,10719
2025-11-24 23:30:00,4131.565,LONG,4127.813,4137.192999999999,3.7519999999998226,10770
2025-11-25 00:35:00,4134.298,LONG,4129.933285714285,4140.845071428572,4.364714285714464,10783
2025-11-25 01:00:00,4131.848,LONG,4127.296928571429,4138.674607142857,4.551071428571439,10788
2025-11-25 02:15:00,4145.005,LONG,4139.8745,4152.70075,5.130499999999951,10803
2025-11-25 03:45:00,4145.125,LONG,4140.846857142857,4151.542214285714,4.278142857142939,10821
2025-11-25 04:25:00,4145.825,LONG,4142.150642857143,4151.336535714286,3.674357142857129,10829
2025-11-25 07:35:00,4135.205,SHORT,4139.024357142857,4129.475964285714,3.8193571428571107,10867
2025-11-25 09:20:00,4126.705,SHORT,4132.749,4117.639,6.044000000000129,10888
2025-11-25 10:50:00,4130.535,SHORT,4134.5215,4124.555249999999,3.986500000000043,10906
2025-11-25 11:15:00,4133.755,SHORT,4137.684071428572,4127.861392857143,3.9290714285715302,10911
2025-11-25 13:15:00,4142.195,LONG,4136.5355,4150.684249999999,5.659499999999882,10935
2025-11-25 15:20:00,4127.465,SHORT,4135.768285714285,4115.010071428572,8.303285714285655,10960
2025-11-25 18:05:00,4149.575,LONG,4143.329571428571,4158.943142857142,6.2454285714284845,10993
2025-11-25 20:15:00,4135.575,SHORT,4139.2892142857145,4130.003678571428,3.714214285714271,11019
2025-11-25 21:00:00,4128.145,SHORT,4131.523071428572,4123.0778928571435,3.378071428571405,11028
2025-11-25 21:45:00,4130.705,SHORT,4133.239214285714,4126.903678571429,2.53421428571437,11037
2025-11-25 23:05:00,4132.495,SHORT,4134.852142857143,4128.959285714285,2.357142857142987,11041
2025-11-26 00:50:00,4138.125,LONG,4135.066928571428,4142.712107142857,3.0580714285714357,11062
2025-11-26 01:05:00,4143.498,LONG,4139.724928571428,4149.157607142856,3.7730714285713867,11065
2025-11-26 04:30:00,4160.325,LONG,4157.275428571428,4164.899357142856,3.0495714285713285,11106
2025-11-26 05:10:00,4166.055,LONG,4163.346642857143,4170.117535714286,2.7083571428570394,11114
2025-11-26 07:50:00,4157.325,SHORT,4160.609071428571,4152.3988928571425,3.284071428571354,11146
2025-11-26 09:25:00,4162.445,LONG,4158.156642857142,4168.877535714285,4.288357142857096,11165
2025-11-26 10:25:00,4163.005,LONG,4160.198071428572,4167.215392857143,2.806928571428606,11177
2025-11-26 11:00:00,4160.115,LONG,4156.929071428571,4164.893892857143,3.185928571428771,11184
2025-11-26 13:45:00,4151.175,SHORT,4156.551428571429,4143.1103571428575,5.3764285714287325,11217
2025-11-26 14:40:00,4148.915,SHORT,4155.456071428572,4139.103392857143,6.5410714285713505,11228
2025-11-26 18:10:00,4170.885,LONG,4168.341214285714,4174.700678571428,2.5437857142856695,11270
2025-11-26 19:15:00,4167.205,LONG,4163.630928571429,4172.566107142858,3.574071428571512,11283
2025-11-27 00:05:00,4165.625,LONG,4163.056571428571,4169.477642857143,2.56842857142848,11329
2025-11-27 00:50:00,4163.055,LONG,4160.765642857144,4166.489035714286,2.2893571428570403,11338
2025-11-27 01:10:00,4157.375,SHORT,4159.908857142857,4153.574214285714,2.5338571428570242,11342
2025-11-27 05:25:00,4152.525,SHORT,4155.105,4148.655,2.5799999999997323,11393
2025-11-27 11:00:00,4156.015,SHORT,4158.529714285714,4152.242928571429,2.51471428571423,11460
2025-11-27 11:10:00,4157.465,SHORT,4159.7695,4154.00825,2.3044999999999294,11462
2025-11-27 12:15:00,4157.715,LONG,4155.579,4160.919000000001,2.136000000000162,11475
2025-11-27 13:55:00,4154.705,SHORT,4157.9045,4149.90575,3.199499999999911,11495
2025-11-27 14:40:00,4157.205,LONG,4154.5530714285715,4161.182892857143,2.6519285714286007,11504
2025-11-27 14:55:00,4153.065,SHORT,4155.850714285714,4148.886428571428,2.7857142857142856,11507
2025-11-27 15:10:00,4157.138,SHORT,4159.964642857143,4152.8980357142855,2.826642857142815,11510
2025-11-27 16:10:00,4155.125,LONG,4153.072428571429,4158.203857142857,2.0525714285713548,11522
2025-11-27 17:00:00,4155.455,SHORT,4157.585,4152.26,2.129999999999979,11532
2025-11-27 23:00:00,4159.198,LONG,4158.104428571429,4160.838357142858,1.0935714285712623,11562
2025-11-28 02:45:00,4188.465,LONG,4186.0805,4192.04175,2.3845000000001813,11607
2025-11-28 03:20:00,4186.715,LONG,4183.902642857143,4190.933535714285,2.8123571428571137,11614
2025-11-28 03:50:00,4184.125,LONG,4181.527928571429,4188.0206071428565,2.5970714285713257,11620
2025-11-28 04:30:00,4182.565,LONG,4179.4031428571425,4187.307785714285,3.161857142857116,11628
2025-11-28 04:55:00,4188.435,LONG,4185.4052142857145,4192.979678571429,3.029785714285676,11633
2025-11-28 05:25:00,4184.115,LONG,4179.3425,4191.273749999999,4.772499999999842,11639
2025-11-28 10:20:00,4169.755,SHORT,4175.043928571428,4161.821607142857,5.288928571428512,11697
2025-11-28 10:45:00,4164.575,SHORT,4168.818214285714,4158.2101785714285,4.243214285714203,11702
2025-11-28 10:50:00,4162.795,SHORT,4167.316928571428,4156.0121071428575,4.521928571428491,11703
2025-11-28 13:15:00,4172.855,LONG,4170.184857142856,4176.8602142857135,2.6701428571428942,11732
2025-11-28 13:25:00,4169.985,LONG,4167.650285714285,4173.487071428571,2.334714285714329,11734
2025-11-28 15:20:00,4189.305,LONG,4183.033214285714,4198.712678571429,6.271785714285735,11757
2025-11-28 17:15:00,4208.005,LONG,4203.4382857142855,4214.855071428571,4.5667142857142995,11780
2025-11-28 19:25:00,4217.425,LONG,4214.272285714286,4222.154071428572,3.15271428571428,11806
2025-11-30 23:15:00,4217.115,LONG,4212.0963571428565,4224.642964285715,5.018642857143017,11813
2025-12-01 00:10:00,4222.755,LONG,4217.289714285715,4230.952928571429,5.4652857142857885,11824
2025-12-01 01:10:00,4228.075,LONG,4221.883714285714,4237.3619285714285,6.191285714285771,11836
2025-12-01 01:35:00,4241.315,LONG,4234.572071428571,4251.429392857142,6.74292857142869,11841
2025-12-01 02:40:00,4239.509,LONG,4233.430714285714,4248.626428571429,6.078285714285812,11854
2025-12-01 03:50:00,4237.525,LONG,4233.243357142857,4243.947464285714,4.2816428571426774,11868
2025-12-01 06:15:00,4229.295,SHORT,4235.356642857143,4220.202535714286,6.061642857142813,11897
2025-12-01 09:55:00,4249.755,LONG,4246.3595000000005,4254.84825,3.3955000000000837,11941
2025-12-01 11:20:00,4252.915,LONG,4249.289714285715,4258.3529285714285,3.6252857142858375,11958
2025-12-01 12:15:00,4253.565,LONG,4249.957357142856,4258.9764642857135,3.607642857142829,11969
2025-12-01 12:30:00,4252.825,LONG,4248.885214285714,4258.734678571428,3.939785714285595,11972
2025-12-01 14:05:00,4247.705,LONG,4241.939714285714,4256.3529285714285,5.7652857142855805,11991
2025-12-01 16:30:00,4230.935,SHORT,4238.0895,4220.2032500000005,7.154499999999904,12020
2025-12-01 17:30:00,4235.295,SHORT,4241.524714285714,4225.950428571428,6.229714285714246,12032
2025-12-01 19:00:00,4240.355,LONG,4236.297142857143,4246.441785714285,4.057857142857107,12050
2025-12-01 19:15:00,4237.605,LONG,4233.716428571428,4243.437857142857,3.888571428571335,12053
2025-12-01 19:50:00,4231.955,SHORT,4236.144214285714,4225.671178571429,4.189214285714245,12060
2025-12-01 20:35:00,4240.865,LONG,4236.544357142857,4247.345964285714,4.320642857142892,12069
2025-12-01 21:45:00,4232.245,SHORT,4234.886214285714,4228.283178571429,2.641214285714276,12083
2025-12-02 02:20:00,4218.855,SHORT,4224.106142857142,4210.978285714285,5.251142857142635,12126
2025-12-02 03:55:00,4216.515,SHORT,4219.666428571429,4211.787857142857,3.151428571428499,12145
2025-12-02 07:50:00,4211.305,SHORT,4214.334285714286,4206.761071428572,3.029285714285769,12192
2025-12-02 08:40:00,4212.255,SHORT,4215.911642857143,4206.770035714286,3.6566428571428724,12202
2025-12-02 13:20:00,4207.785,LONG,4203.693785714286,4213.921821428571,4.091214285714289,12258
2025-12-02 13:45:00,4205.748,LONG,4201.270142857143,4212.464785714285,4.477857142857114,12263
2025-12-02 14:45:00,4222.988,LONG,4217.2145,4231.64825,5.77349999999998,12275
2025-12-02 18:30:00,4187.375,SHORT,4190.8447857142855,4182.170321428572,3.4697857142857953,12320
2025-12-02 20:10:00,4197.948,LONG,4194.937571428572,4202.463642857143,3.0104285714284873,12340
2025-12-02 23:40:00,4208.605,LONG,4205.452499999999,4213.33375,3.1525000000000154,12370
2025-12-03 00:10:00,4209.665,LONG,4205.7485,4215.53975,3.9164999999999446,12376
2025-12-03 00:50:00,4207.975,LONG,4204.398571428572,4213.339642857143,3.5764285714286155,12384
2025-12-03 02:00:00,4220.905,LONG,4216.658071428571,4227.275392857143,4.246928571428531,12398
2025-12-03 03:10:00,4222.535,LONG,4219.1545,4227.60575,3.380500000000016,12412
2025-12-03 07:10:00,4205.855,SHORT,4209.190928571428,4200.851107142857,3.335928571428667,12460
2025-12-03 08:00:00,4205.715,SHORT,4208.8778571428575,4200.970714285714,3.1628571428571246,12470
2025-12-03 08:50:00,4207.045,SHORT,4209.907071428572,4202.751892857143,2.862071428571458,12480
2025-12-03 14:30:00,4239.105,LONG,4231.752142857142,4250.134285714285,7.352857142857374,12548
2025-12-03 16:20:00,4216.585,LONG,4210.850214285714,4225.187178571428,5.734785714285863,12570
2025-12-03 17:55:00,4210.795,SHORT,4216.112857142857,4202.818214285715,5.317857142857,12589
2025-12-03 19:50:00,4207.755,SHORT,4211.175714285714,4202.623928571428,3.420714285714309,12612
2025-12-03 20:10:00,4210.985,SHORT,4213.595714285714,4207.068928571428,2.6107142857143635,12616
2025-12-03 21:05:00,4207.785,SHORT,4210.417928571428,4203.835607142857,2.6329285714284327,12627
2025-12-03 21:55:00,4202.415,SHORT,4204.7845,4198.86075,2.369499999999919,12637
2025-12-03 23:10:00,4206.195,SHORT,4208.564071428571,4202.641392857143,2.3690714285713903,12640
2025-12-03 23:25:00,4206.825,SHORT,4209.117928571428,4203.385607142857,2.292928571428547,12643
2025-12-04 00:30:00,4214.575,LONG,4211.920714285714,4218.556428571428,2.654285714285574,12656
2025-12-04 01:35:00,4214.225,LONG,4210.767428571429,4219.411357142857,3.45757142857136,12669
2025-12-04 02:05:00,4203.455,LONG,4199.057142857143,4210.051785714285,4.397857142856927,12675
2025-12-04 04:45:00,4196.705,SHORT,4199.016928571428,4193.237107142857,2.311928571428585,12707
2025-12-04 08:20:00,4193.325,SHORT,4196.705,4188.254999999999,3.3800000000002393,12750
2025-12-04 12:05:00,4197.305,LONG,4193.792428571429,4202.573857142857,3.512571428571586,12795
2025-12-04 14:45:00,4202.995,LONG,4197.284,4211.5615,5.71099999999985,12827
2025-12-04 15:25:00,4205.735,LONG,4198.658571428571,4216.3496428571425,7.076428571428551,12835
2025-12-04 16:40:00,4210.695,LONG,4206.108785714286,4217.574321428571,4.586214285714244,12850
2025-12-04 20:25:00,4207.395,SHORT,4209.9280714285715,4203.595392857143,2.533071428571215,12895
2025-12-04 23:20:00,4207.675,SHORT,4209.237785714286,4205.330821428572,1.5627857142857076,12918
2025-12-04 23:30:00,4207.345,SHORT,4209.036357142857,4204.807964285715,1.691357142857214,12920
2025-12-05 00:15:00,4207.755,SHORT,4209.978857142857,4204.419214285715,2.2238571428572738,12929
2025-12-05 02:00:00,4201.835,SHORT,4205.655,4196.105,3.8200000000000336,12950
2025-12-05 03:25:00,4203.075,SHORT,4205.940285714286,4198.777071428572,2.865285714285684,12967
2025-12-05 08:30:00,4224.125,LONG,4221.084714285715,4228.685428571429,3.040285714285801,13028
2025-12-05 09:30:00,4221.265,LONG,4218.485214285714,4225.434678571429,2.779785714285611,13040
2025-12-05 11:10:00,4223.865,LONG,4221.688071428572,4227.130392857142,2.1769285714284967,13060
2025-12-05 11:55:00,4223.525,LONG,4221.339714285714,4226.802928571428,2.185285714285718,13069
2025-12-05 12:15:00,4227.225,LONG,4224.643071428572,4231.097892857143,2.5819285714285667,13073
2025-12-05 12:50:00,4226.495,LONG,4223.922642857143,4230.3535357142855,2.572357142857137,13080
2025-12-05 14:35:00,4232.565,LONG,4228.175428571429,4239.149357142856,4.389571428571344,13101
2025-12-05 15:10:00,4239.645,LONG,4234.926928571429,4246.722107142858,4.71807142857142,13108
2025-12-07 23:55:00,4200.665,SHORT,4204.082142857143,4195.539285714286,3.4171428571428026,13198
2025-12-08 00:15:00,4204.275,SHORT,4208.102857142857,4198.533214285714,3.8278571428570882,13202
2025-12-08 02:00:00,4200.115,SHORT,4204.5232857142855,4193.502571428571,4.408285714285479,13223
2025-12-08 03:55:00,4209.915,LONG,4207.272642857143,4213.878535714285,2.6423571428569113,13246
2025-12-08 05:40:00,4214.585,LONG,4211.912357142857,4218.593964285714,2.672642857142754,13267
2025-12-08 07:05:00,4215.725,LONG,4212.767142857143,4220.161785714286,2.9578571428573275,13284
2025-12-08 07:15:00,4214.805,LONG,4212.0878571428575,4218.880714285715,2.7171428571429845,13286
2025-12-08 08:55:00,4209.595,SHORT,4213.160714285715,4204.246428571429,3.565714285714226,13306
2025-12-08 09:30:00,4209.115,SHORT,4212.427142857143,4204.146785714286,3.3121428571427196,13313
2025-12-08 10:10:00,4209.155,SHORT,4212.1531428571425,4204.657785714286,2.9981428571428035,13321
2025-12-08 10:40:00,4206.205,SHORT,4209.2,4201.7125,2.995000000000021,13327
2025-12-08 13:25:00,4202.805,SHORT,4206.403071428572,4197.407892857143,3.5980714285713344,13360
2025-12-08 14:50:00,4201.565,SHORT,4206.741142857142,4193.800785714285,5.176142857142947,13377
2025-12-08 14:55:00,4196.305,SHORT,4202.308071428572,4187.300392857143,6.003071428571469,13378
2025-12-08 15:10:00,4178.015,SHORT,4184.763357142858,4167.892464285715,6.748357142857133,13381
2025-12-08 17:30:00,4191.265,SHORT,4194.987142857143,4185.681785714286,3.7221428571428987,13409
2025-12-08 18:00:00,4192.035,SHORT,4195.465714285714,4186.888928571429,3.4307142857142674,13415
2025-12-08 18:50:00,4189.365,SHORT,4192.147857142857,4185.190714285714,2.7828571428572104,13425
2025-12-08 19:40:00,4186.905,SHORT,4189.754285714285,4182.631071428571,2.8492857142859327,13435
2025-12-08 20:10:00,4188.395,SHORT,4190.916928571429,4184.612107142857,2.5219285714287514,13441
2025-12-08 20:20:00,4188.885,SHORT,4191.469785714286,4185.007821428571,2.584785714285837,13443
2025-12-08 21:45:00,4188.775,SHORT,4190.298214285714,4186.490178571428,1.5232142857141429,13460
2025-12-09 01:00:00,4194.475,LONG,4192.243571428572,4197.822142857143,2.231428571428491,13487
2025-12-09 06:50:00,4181.475,SHORT,4184.788071428572,4176.505392857143,3.313071428571415,13557
2025-12-09 07:10:00,4182.595,SHORT,4185.817142857143,4177.761785714286,3.2221428571427686,13561
2025-12-09 07:45:00,4179.215,SHORT,4181.841214285714,4175.275678571429,2.6262142857142083,13568
2025-12-09 10:40:00,4203.495,LONG,4200.483285714286,4208.012571428571,3.0117142857142687,13603
2025-12-09 12:35:00,4202.625,LONG,4200.254,4206.1815,2.3709999999999645,13626
2025-12-09 12:50:00,4206.755,LONG,4204.218785714286,4210.559321428572,2.5362142857142578,13629
2025-12-09 13:15:00,4206.158,LONG,4202.849857142857,4211.120214285715,3.308142857142944,13634
2025-12-09 13:40:00,4200.515,LONG,4196.310642857143,4206.821535714286,4.204357142857264,13639
2025-12-09 16:10:00,4218.255,LONG,4211.952357142857,4227.7089642857145,6.302642857142668,13669
2025-12-09 17:00:00,4214.025,LONG,4208.219928571429,4222.732607142857,5.805071428571409,13679
2025-12-09 17:20:00,4210.105,LONG,4205.605642857143,4216.854035714286,4.499357142857077,13683
2025-12-09 19:05:00,4211.515,LONG,4208.7955,4215.59425,2.7195000000000227,13704
2025-12-09 19:30:00,4209.985,LONG,4207.409285714285,4213.848571428572,2.575714285714444,13709
2025-12-09 19:50:00,4213.135,LONG,4210.560214285714,4216.997178571429,2.5747857142858783,13713
2025-12-09 20:25:00,4210.535,LONG,4207.968,4214.3855,2.5670000000001374,13720
2025-12-09 23:30:00,4210.465,LONG,4208.608285714286,4213.250071428572,1.8567142857141985,13745
2025-12-10 02:00:00,4215.545,LONG,4212.310214285714,4220.397178571428,3.234785714285668,13775
2025-12-10 03:20:00,4209.948,LONG,4207.426571428572,4213.730142857143,2.5214285714285194,13791
2025-12-10 06:20:00,4204.785,SHORT,4207.581714285714,4200.589928571429,2.796714285714448,13827
2025-12-10 07:05:00,4207.298,SHORT,4210.009,4203.2315,2.711000000000045,13836
2025-12-10 13:10:00,4195.845,SHORT,4198.427142857143,4191.971785714286,2.5821428571427663,13909
2025-12-10 13:15:00,4194.195,SHORT,4196.94,4190.0775,2.744999999999826,13910
2025-12-10 13:35:00,4197.525,SHORT,4200.597142857143,4192.916785714286,3.0721428571428078,13914
2025-12-10 15:05:00,4197.215,SHORT,4202.334285714286,4189.536071428572,5.119285714285719,13932
2025-12-10 15:35:00,4195.529,SHORT,4200.770214285715,4187.667178571429,5.241214285714315,13938
2025-12-10 17:15:00,4201.765,LONG,4198.859928571429,4206.122607142857,2.9050714285713832,13958
2025-12-10 17:35:00,4200.418,LONG,4197.7305,4204.44925,2.687499999999935,13962
2025-12-10 17:50:00,4200.705,LONG,4197.999142857143,4204.763785714285,2.7058571428570497,13965
2025-12-10 21:10:00,4227.935,LONG,4221.326,4237.8485,6.609000000000053,14005
2025-12-11 01:00:00,4244.265,LONG,4240.2655,4250.26425,3.999500000000093,14039
2025-12-11 01:40:00,4237.895,LONG,4233.961928571429,4243.794607142858,3.9330714285715658,14047
2025-12-11 05:15:00,4211.555,SHORT,4214.363571428572,4207.342142857143,2.808571428571408,14090
2025-12-11 06:15:00,4208.275,SHORT,4211.713142857143,4203.117785714286,3.438142857142858,14102
2025-12-11 06:30:00,4213.305,SHORT,4217.013857142857,4207.741714285715,3.7088571428570765,14105
2025-12-11 07:45:00,4216.905,SHORT,4219.629285714285,4212.818571428571,2.7242857142857377,14120
2025-12-11 10:40:00,4214.858,LONG,4211.595357142857,4219.751964285714,3.2626428571427044,14155
2025-12-11 13:15:00,4209.145,SHORT,4212.449785714286,4204.187821428572,3.304785714285767,14186
2025-12-11 19:00:00,4270.625,LONG,4265.938071428572,4277.655392857143,4.686928571428585,14255
2025-12-11 19:15:00,4272.785,LONG,4267.558571428572,4280.624642857143,5.226428571428512,14258
2025-12-11 20:10:00,4269.615,LONG,4265.496428571429,4275.7928571428565,4.118571428571419,14269
2025-12-11 21:15:00,4274.775,LONG,4271.764785714286,4279.290321428571,3.0102142857142877,14282
2025-12-11 23:50:00,4277.298,LONG,4274.226071428571,4281.905892857142,3.0719285714284785,14301
2025-12-12 02:00:00,4270.465,SHORT,4274.92,4263.7825,4.455000000000057,14327
2025-12-12 02:15:00,4274.785,SHORT,4278.896428571428,4268.617857142857,4.1114285714286,14330
2025-12-12 03:30:00,4269.525,SHORT,4272.621714285714,4264.8799285714285,3.09671428571424,14345
2025-12-12 03:55:00,4270.425,SHORT,4272.973642857143,4266.602035714286,2.5486428571428923,14350
2025-12-12 12:15:00,4333.705,LONG,4330.006857142857,4339.252214285714,3.6981428571428165,14450
2025-12-12 13:50:00,4337.445,LONG,4332.147642857142,4345.391035714285,5.297357142857111,14469
2025-12-12 14:35:00,4341.975,LONG,4335.873642857143,4351.127035714286,6.1013571428570685,14478
2025-12-12 17:25:00,4282.025,SHORT,4292.856928571428,4265.777107142857,10.831928571428632,14512
2025-12-12 17:55:00,4294.075,SHORT,4301.498357142857,4282.939964285714,7.423357142857185,14518
2025-12-12 18:45:00,4291.565,SHORT,4296.560214285714,4284.072178571428,4.99521428571435,14528
2025-12-12 19:05:00,4290.545,SHORT,4295.732142857143,4282.7642857142855,5.18714285714285,14532
2025-12-12 19:25:00,4295.975,SHORT,4301.149071428572,4288.213892857143,5.174071428571357,14536
2025-12-14 23:00:00,4302.705,LONG,4299.558642857143,4307.424535714285,3.1463571428570765,14567
2025-12-15 00:50:00,4305.415,LONG,4301.944571428571,4310.620642857143,3.4704285714286534,14589
2025-12-15 03:25:00,4323.645,LONG,4320.072142857143,4329.004285714286,3.572857142856979,14620
2025-12-15 04:35:00,4324.865,LONG,4322.3835714285715,4328.587142857143,2.4814285714285558,14634
2025-12-15 07:10:00,4342.245,LONG,4339.6585,4346.12475,2.586500000000147,14665
2025-12-15 08:00:00,4340.485,LONG,4337.3735,4345.15225,3.111500000000043,14675
2025-12-15 09:10:00,4348.755,LONG,4345.942357142857,4352.973964285715,2.812642857143146,14689
2025-12-15 10:00:00,4343.385,LONG,4340.366357142857,4347.912964285714,3.0186428571428223,14699
2025-12-15 10:35:00,4340.225,LONG,4337.22,4344.7325,3.0049999999998493,14706
2025-12-15 11:30:00,4340.555,SHORT,4343.562285714286,4336.044071428572,3.0072857142855747,14717
2025-12-15 12:50:00,4345.905,LONG,4343.633285714285,4349.312571428571,2.271714285714162,14733
2025-12-15 14:05:00,4330.558,SHORT,4335.966857142857,4322.444714285714,5.4088571428572845,14748
2025-12-15 16:10:00,4303.185,SHORT,4311.412571428572,4290.843642857143,8.227571428571277,14773
2025-12-15 17:30:00,4300.695,SHORT,4306.304499999999,4292.28075,5.609499999999831,14789
2025-12-15 19:35:00,4309.985,SHORT,4313.378428571428,4304.894857142857,3.393428571428493,14814
2025-12-15 23:25:00,4307.195,SHORT,4309.261571428571,4304.0951428571425,2.0665714285713483,14848
2025-12-16 00:00:00,4302.985,SHORT,4305.381142857143,4299.390785714286,2.396142857142812,14855
2025-12-16 00:10:00,4307.185,SHORT,4309.594285714286,4303.571071428572,2.4092857142856183,14857
2025-12-16 01:05:00,4304.445,LONG,4301.033357142857,4309.562464285714,3.4116428571427866,14868
2025-12-16 02:00:00,4310.755,LONG,4306.283785714286,4317.461821428571,4.471214285714203,14879
2025-12-16 02:40:00,4309.165,LONG,4305.357857142857,4314.875714285714,3.807142857142805,14887
2025-12-16 04:45:00,4289.275,SHORT,4291.918357142857,4285.309964285714,2.64335714285718,14912
2025-12-16 07:00:00,4289.025,SHORT,4292.2078571428565,4284.250714285714,3.1828571428571064,14939
2025-12-16 07:40:00,4283.965,SHORT,4287.510714285714,4278.646428571429,3.5457142857141144,14947
2025-12-16 08:50:00,4284.655,SHORT,4288.5783571428565,4278.769964285714,3.92335714285712,14961
2025-12-16 10:05:00,4277.985,SHORT,4281.278214285714,4273.045178571429,3.2932142857142543,14976
2025-12-16 10:25:00,4277.545,SHORT,4280.800357142857,4272.661964285714,3.255357142857195,14980
2025-12-16 10:50:00,4275.905,SHORT,4279.5805,4270.39175,3.6755000000001536,14985
2025-12-16 12:20:00,4291.525,LONG,4288.3557142857135,4296.278928571429,3.1692857142859014,15003
2025-12-16 15:45:00,4328.055,LONG,4320.068071428572,4340.035392857143,7.986928571428572,15044
2025-12-17 01:40:00,4322.905,LONG,4319.576714285714,4327.8974285714285,3.328285714285747,15151
2025-12-17 02:35:00,4319.435,LONG,4315.198071428572,4325.790392857143,4.236928571428637,15162
2025-12-17 02:55:00,4314.048,LONG,4309.949428571428,4320.195857142857,4.098571428571371,15166
2025-12-17 04:35:00,4326.665,LONG,4323.808142857143,4330.950285714286,2.8568571428571494,15186
2025-12-17 06:55:00,4328.515,LONG,4325.096714285714,4333.642428571428,3.418285714285633,15214
2025-12-17 08:50:00,4317.665,SHORT,4321.8361428571425,4311.408285714286,4.171142857142838,15237
2025-12-17 09:40:00,4318.825,SHORT,4322.102142857143,4313.909285714285,3.277142857142995,15247
2025-12-17 12:05:00,4315.765,SHORT,4318.1605,4312.17175,2.3954999999998887,15276
2025-12-17 12:20:00,4320.465,SHORT,4323.192357142857,4316.3739642857145,2.7273571428570125,15279
2025-12-17 12:45:00,4316.705,SHORT,4319.174214285714,4313.001178571429,2.469214285714185,15284
2025-12-17 13:15:00,4328.745,LONG,4325.1867142857145,4334.082428571429,3.5582857142857,15290
2025-12-17 14:20:00,4327.005,LONG,4320.738857142857,4336.404214285714,6.266142857142768,15303
2025-12-17 15:25:00,4343.395,LONG,4335.551071428572,4355.160892857143,7.8439285714286076,15316
2025-12-17 15:45:00,4335.165,LONG,4326.667714285714,4347.9109285714285,8.497285714285681,15320
2025-12-17 18:50:00,4332.935,LONG,4328.3985,4339.739750000001,4.536500000000095,15357
2025-12-17 19:35:00,4338.765,LONG,4334.814785714286,4344.690321428572,3.9502142857143423,15366
2025-12-17 20:05:00,4336.575,LONG,4333.379142857143,4341.368785714286,3.195857142857091,15372
2025-12-18 02:05:00,4332.185,SHORT,4335.795,4326.77,3.6100000000000625,15432
2025-12-18 03:40:00,4332.035,SHORT,4334.719999999999,4328.0075,2.6849999999999454,15451
2025-12-18 07:00:00,4334.505,LONG,4332.1849999999995,4337.985000000001,2.3200000000001637,15491
2025-12-18 07:20:00,4331.825,SHORT,4334.1728571428575,4328.303214285714,2.34785714285733,15495
2025-12-18 07:55:00,4331.205,SHORT,4333.661642857142,4327.520035714286,2.4566428571428593,15502
2025-12-18 11:35:00,4325.205,SHORT,4327.255,4322.13,2.049999999999987,15546
2025-12-18 15:20:00,4331.995,LONG,4323.930928571429,4344.091107142857,8.064071428571294,15591
2025-12-18 18:25:00,4331.985,SHORT,4338.262142857143,4322.569285714286,6.2771428571428,15628
2025-12-18 18:50:00,4326.905,SHORT,4332.483571428571,4318.5371428571425,5.578571428571455,15633
2025-12-18 19:40:00,4329.335,SHORT,4334.153571428572,4322.107142857143,4.818571428571496,15643
2025-12-18 20:15:00,4330.105,SHORT,4334.707357142857,4323.201464285714,4.602357142857272,15650
2025-12-18 21:20:00,4332.015,SHORT,4334.866642857143,4327.737535714286,2.851642857142841,15663
2025-12-18 23:10:00,4334.298,SHORT,4336.252928571428,4331.365607142857,1.9549285714285491,15673
2025-12-18 23:50:00,4336.455,LONG,4334.377214285714,4339.5716785714285,2.07778571428558,15681
2025-12-19 02:30:00,4323.525,SHORT,4327.715928571428,4317.238607142856,4.190928571428556,15713
2025-12-19 03:35:00,4318.605,SHORT,4322.521428571428,4312.730357142857,3.9164285714283715,15726
2025-12-19 05:40:00,4324.925,SHORT,4327.430214285714,4321.167178571429,2.5052142857142434,15751
2025-12-19 06:45:00,4324.235,LONG,4321.680428571428,4328.066857142857,2.5545714285713723,15764
2025-12-19 07:20:00,4325.265,LONG,4322.577357142858,4329.296464285714,2.6876428571426914,15771
2025-12-19 09:20:00,4327.625,LONG,4325.253071428571,4331.182892857143,2.3719285714286604,15795
2025-12-19 10:05:00,4330.275,LONG,4327.9195,4333.80825,2.355500000000055,15804
2025-12-19 10:20:00,4329.735,LONG,4327.2744999999995,4333.425749999999,2.460500000000008,15807
2025-12-19 10:40:00,4327.075,LONG,4324.141857142857,4331.474714285714,2.933142857142944,15811
2025-12-19 12:40:00,4325.655,SHORT,4328.377142857143,4321.571785714285,2.7221428571427038,15835
2025-12-19 18:45:00,4345.815,LONG,4342.483785714286,4350.811821428571,3.3312142857142653,15908
2025-12-22 06:05:00,4400.995,LONG,4396.527642857142,4407.696035714285,4.467357142857119,16032
2025-12-22 08:25:00,4413.105,LONG,4409.741714285714,4418.149928571428,3.3632857142856016,16060
2025-12-22 10:15:00,4413.935,LONG,4411.81,4417.1225,2.124999999999935,16082
2025-12-22 10:50:00,4410.975,LONG,4408.699071428572,4414.388892857143,2.275928571428657,16089
2025-12-22 11:05:00,4409.145,LONG,4406.763571428572,4412.717142857144,2.3814285714287116,16092
2025-12-22 12:15:00,4409.605,LONG,4406.984785714285,4413.5353214285715,2.620214285714415,16106
2025-12-22 14:40:00,4422.725,LONG,4417.620285714286,4430.382071428572,5.104714285714441,16135
2025-12-22 17:35:00,4436.645,LONG,4432.445500000001,4442.9442500000005,4.199500000000106,16170
2025-12-22 18:50:00,4434.265,LONG,4431.382214285714,4438.589178571428,2.8827857142856765,16185
2025-12-22 19:45:00,4432.615,LONG,4429.963857142857,4436.591714285714,2.651142857142921,16196
2025-12-22 20:30:00,4432.755,LONG,4430.602,4435.9845000000005,2.1529999999999876,16205
2025-12-22 20:55:00,4438.455,LONG,4436.034785714286,4442.085321428572,2.420214285714337,16210
2025-12-23 03:25:00,4486.775,LONG,4482.185714285713,4493.658928571428,4.589285714285844,16276
2025-12-23 05:00:00,4482.685,LONG,4480.0195,4486.68325,2.6654999999998705,16295
2025-12-23 09:15:00,4482.585,LONG,4479.203428571429,4487.657357142857,3.381571428571338,16346
2025-12-23 10:10:00,4484.355,LONG,4481.181428571428,4489.115357142857,3.173571428571514,16357
2025-12-23 13:00:00,4492.825,LONG,4490.081357142857,4496.9404642857135,2.7436428571427314,16391
2025-12-23 13:10:00,4494.158,LONG,4491.253928571429,4498.514107142857,2.904071428571245,16393
2025-12-23 13:30:00,4491.625,LONG,4487.652142857143,4497.584285714285,3.97285714285707,16397
2025-12-23 13:55:00,4478.915,LONG,4472.9305,4487.89175,5.984499999999896,16402
2025-12-23 14:00:00,4471.115,SHORT,4477.518071428571,4461.5103928571425,6.403071428571301,16403
2025-12-23 16:00:00,4457.105,SHORT,4465.6804999999995,4444.24175,8.575499999999854,16427
2025-12-23 20:40:00,4492.135,LONG,4489.270642857143,4496.431535714286,2.8643571428572483,16483
2025-12-23 21:15:00,4491.475,LONG,4488.442928571429,4496.023107142858,3.032071428571466,16490
2025-12-23 23:00:00,4487.878,LONG,4484.836571428571,4492.440142857143,3.041428571428566,16499
2025-12-24 02:30:00,4506.635,LONG,4501.671142857143,4514.080785714286,4.96385714285725,16541
2025-12-24 04:45:00,4499.255,SHORT,4501.907357142857,4495.276464285715,2.652357142857259,16568
2025-12-24 05:50:00,4492.208,SHORT,4496.370857142857,4485.963714285714,4.16285714285732,16581
2025-12-24 06:50:00,4494.148,SHORT,4498.331857142857,4487.872214285714,4.183857142857115,16593
2025-12-24 08:45:00,4485.908,SHORT,4490.407142857143,4479.159285714286,4.499142857142748,16616
2025-12-24 09:25:00,4489.115,SHORT,4493.456142857142,4482.603285714285,4.341142857142651,16624
2025-12-24 11:25:00,4486.905,SHORT,4490.253857142857,4481.881714285714,3.348857142857209,16648
2025-12-24 12:45:00,4490.548,LONG,4487.773714285714,4494.709428571428,2.77428571428566,16664
2025-12-24 13:00:00,4492.355,LONG,4489.704714285714,4496.3304285714285,2.6502857142857335,16667
2025-12-24 13:15:00,4479.635,SHORT,4483.658857142857,4473.599214285714,4.023857142857261,16670
2025-12-24 14:10:00,4485.015,SHORT,4490.155428571429,4477.304357142858,5.140428571428531,16681
2025-12-24 14:35:00,4472.205,SHORT,4477.579,4464.144,5.3740000000000565,16686
2025-12-24 16:10:00,4465.898,SHORT,4473.696142857143,4454.200785714285,7.7981428571429205,16705
2025-12-24 16:45:00,4472.275,SHORT,4477.883071428571,4463.8628928571425,5.608071428571423,16712
2025-12-25 23:10:00,4488.835,LONG,4484.966642857143,4494.637535714286,3.8683571428571537,16738
2025-12-26 01:50:00,4505.135,LONG,4497.095428571429,4517.194357142857,8.039571428571564,16770
2025-12-26 02:55:00,4508.408,LONG,4503.091285714286,4516.383071428572,5.316714285714364,16783
2025-12-26 03:05:00,4507.265,LONG,4501.9545,4515.230750000001,5.310500000000047,16785
2025-12-26 03:40:00,4502.745,LONG,4498.122785714286,4509.6783214285715,4.6222142857143025,16792
2025-12-26 04:25:00,4509.135,LONG,4505.220285714286,4515.007071428572,3.914714285714386,16801
2025-12-26 05:00:00,4509.715,LONG,4506.2035,4514.98225,3.511500000000069,16808
2025-12-26 05:30:00,4510.215,LONG,4506.663071428571,4515.542892857143,3.5519285714285616,16814
2025-12-26 06:55:00,4511.275,LONG,4507.5752142857145,4516.824678571428,3.699785714285489,16831
2025-12-26 08:10:00,4514.545,LONG,4511.499,4519.1140000000005,3.0460000000000167,16846
2025-12-26 12:15:00,4508.885,SHORT,4513.057928571429,4502.625607142857,4.172928571428721,16895
2025-12-26 14:00:00,4526.345,LONG,4520.804571428572,4534.655642857143,5.540428571428687,16916
2025-12-26 14:55:00,4520.675,LONG,4514.199428571429,4530.388357142857,6.4755714285713895,16927
2025-12-26 16:25:00,4545.405,LONG,4539.108214285714,4554.850178571428,6.296785714285696,16945
2025-12-29 01:15:00,4509.745,SHORT,4522.274928571429,4490.950107142857,12.529928571428627,17039
2025-12-29 08:20:00,4483.348,SHORT,4490.831142857142,4472.123285714286,7.483142857142801,17124
2025-12-29 08:40:00,4469.808,SHORT,4476.8513571428575,4459.242964285714,7.043357142857141,17128
2025-12-29 10:10:00,4471.095,SHORT,4476.241071428572,4463.375892857143,5.146071428571498,17146
2025-12-29 11:20:00,4463.755,SHORT,4468.394285714286,4456.796071428571,4.6392857142858315,17160
2025-12-29 11:50:00,4447.825,SHORT,4454.1905,4438.27675,6.365499999999948,17166
2025-12-29 12:45:00,4461.725,SHORT,4467.622357142857,4452.878964285715,5.897357142857085,17177
2025-12-29 13:30:00,4450.065,SHORT,4455.484642857143,4441.935535714286,5.419642857142792,17186
2025-12-29 16:40:00,4334.535,SHORT,4344.443214285714,4319.672678571428,9.908214285714232,17224
2025-12-29 18:15:00,4328.905,SHORT,4335.395928571428,4319.168607142857,6.490928571428607,17243
2025-12-29 19:45:00,4331.335,SHORT,4335.435,4325.185,4.100000000000039,17261
2025-12-29 20:30:00,4336.345,SHORT,4340.775000000001,4329.700000000001,4.429999999999966,17270
2025-12-29 20:50:00,4331.335,SHORT,4336.390928571429,4323.751107142857,5.055928571428532,17274
2025-12-29 21:20:00,4333.485,SHORT,4338.648785714286,4325.739321428571,5.163785714285625,17280
2025-12-30 00:55:00,4339.555,LONG,4334.420285714286,4347.257071428572,5.134714285714316,17311
2025-12-30 02:45:00,4358.639,LONG,4353.072214285715,4366.989178571429,5.566785714285613,17333
2025-12-30 04:20:00,4363.065,LONG,4359.483071428571,4368.437892857142,3.5819285714286315,17352
2025-12-30 05:30:00,4376.355,LONG,4372.2234285714285,4382.552357142857,4.131571428571403,17366
2025-12-30 06:45:00,4364.918,LONG,4360.116285714285,4372.120571428572,4.801714285714427,17381
2025-12-30 09:45:00,4368.935,LONG,4364.831642857143,4375.090035714286,4.1033571428572815,17417
2025-12-30 11:55:00,4383.965,LONG,4380.741642857143,4388.800035714286,3.223357142857302,17443
2025-12-30 13:55:00,4388.035,LONG,4381.298857142857,4398.139214285714,6.736142857142893,17467
2025-12-30 15:55:00,4364.885,SHORT,4373.666928571429,4351.712107142857,8.781928571428514,17491
2025-12-30 17:00:00,4376.855,SHORT,4382.730785714285,4368.041321428571,5.875785714285614,17504
2025-12-30 18:05:00,4373.525,SHORT,4378.515714285714,4366.038928571428,4.990714285714278,17517
2025-12-30 23:15:00,4339.755,SHORT,4343.623642857143,4333.952035714286,3.868642857143056,17567
2025-12-30 23:25:00,4333.755,SHORT,4338.266500000001,4326.98775,4.511500000000199,17569
2025-12-30 23:30:00,4331.685,SHORT,4336.611928571429,4324.294607142857,4.926928571428756,17570
2025-12-30 23:40:00,4339.205,SHORT,4345.098142857143,4330.365285714285,5.893142857142915,17572
2025-12-31 00:40:00,4342.555,SHORT,4347.994285714286,4334.396071428572,5.439285714285559,17584
2025-12-31 03:00:00,4351.955,LONG,4345.018714285714,4362.359428571429,6.936285714285792,17612
2025-12-31 05:30:00,4332.845,SHORT,4337.868857142857,4325.309214285715,5.023857142857001,17642
2025-12-31 07:50:00,4326.965,SHORT,4332.182785714286,4319.1383214285715,5.217785714285648,17670
2025-12-31 10:40:00,4306.948,SHORT,4313.082071428572,4297.746892857143,6.134071428571327,17704
2025-12-31 11:30:00,4310.585,SHORT,4316.338571428571,4301.954642857143,5.753571428571441,17714
2025-12-31 13:00:00,4312.965,SHORT,4317.539285714286,4306.103571428572,4.574285714285712,17732
2025-12-31 13:30:00,4329.148,LONG,4323.7892142857145,4337.186178571429,5.358785714285724,17738
2025-12-31 14:50:00,4346.255,LONG,4338.364142857143,4358.091285714286,7.8908571428571905,17754
2025-12-31 17:15:00,4322.245,SHORT,4327.324285714286,4314.626071428572,5.079285714285691,17783
2025-12-31 17:45:00,4324.145,SHORT,4328.469785714286,4317.657821428572,4.324785714285748,17789
2025-12-31 18:40:00,4321.698,SHORT,4326.696571428572,4314.200142857143,4.998571428571462,17800
2025-12-31 20:20:00,4314.595,SHORT,4319.235928571428,4307.633607142858,4.640928571428503,17820
2025-12-31 20:45:00,4315.685,SHORT,4321.1278571428575,4307.520714285714,5.442857142857065,17825
2025-12-31 21:40:00,4314.475,SHORT,4318.945642857143,4307.7690357142865,4.470642857142853,17836
2026-01-02 01:25:00,4348.975,LONG,4344.407571428572,4355.826142857143,4.567428571428601,17869
2026-01-02 07:10:00,4377.045,LONG,4373.831142857143,4381.865785714285,3.2138571428569906,17938
2026-01-02 09:40:00,4388.355,LONG,4384.619428571428,4393.958357142857,3.7355714285713475,17968
2026-01-02 10:20:00,4388.515,LONG,4385.5645,4392.94075,2.950499999999855,17976
2026-01-02 10:30:00,4388.495,LONG,4385.6035,4392.8322499999995,2.8914999999999185,17978
2026-01-02 11:40:00,4394.598,LONG,4391.4275,4399.353749999999,3.17049999999985,17992
2026-01-02 12:05:00,4395.685,LONG,4392.753357142858,4400.082464285714,2.9316428571427684,17997
2026-01-02 12:30:00,4393.735,LONG,4390.464999999999,4398.639999999999,3.2700000000000466,18002
2026-01-02 12:50:00,4389.585,LONG,4386.133285714286,4394.762571428571,3.451714285714388,18006
2026-01-02 13:10:00,4399.425,LONG,4395.469,4405.359,3.956000000000131,18010
2026-01-02 17:15:00,4329.105,SHORT,4335.437785714285,4319.605821428571,6.33278571428569,18059
2026-01-02 19:40:00,4322.425,SHORT,4326.457642857144,4316.3760357142855,4.032642857143011,18088
2026-01-05 01:55:00,4401.655,LONG,4391.264999999999,4417.24,10.389999999999873,18151
2026-01-05 04:15:00,4402.675,LONG,4398.582785714286,4408.813321428572,4.0922142857144275,18179
2026-01-05 05:55:00,4412.185,LONG,4408.046,4418.3935,4.139000000000124,18199
2026-01-05 07:10:00,4419.795,LONG,4415.092142857143,4426.8492857142855,4.702857142857218,18214
2026-01-05 08:20:00,4427.798,LONG,4424.253214285714,4433.115178571428,3.5447857142858084,18228
2026-01-05 10:05:00,4432.535,LONG,4429.228571428572,4437.494642857143,3.306428571428504,18249
2026-01-05 11:10:00,4432.955,LONG,4429.796714285714,4437.6924285714285,3.1582857142857392,18262
2026-01-05 13:20:00,4405.615,SHORT,4411.373071428571,4396.977892857143,5.758071428571384,18288
2026-01-05 14:40:00,4429.545,LONG,4423.784928571428,4438.185107142857,5.760071428571531,18304
2026-01-05 14:50:00,4439.625,LONG,4433.240428571428,4449.201857142857,6.38457142857156,18306
2026-01-05 15:50:00,4444.635,LONG,4436.5335000000005,4456.78725,8.101499999999955,18318
2026-01-05 17:20:00,4446.565,LONG,4441.146928571428,4454.692107142857,5.418071428571628,18336
2026-01-05 17:50:00,4444.355,LONG,4438.439071428571,4453.2288928571425,5.9159285714285295,18342
2026-01-05 19:45:00,4443.245,LONG,4439.2855714285715,4449.184142857142,3.9594285714286213,18365
2026-01-05 20:00:00,4442.805,LONG,4438.6981428571435,4448.965285714286,4.10685714285715,18368
2026-01-05 21:05:00,4447.148,LONG,4443.4664999999995,4452.67025,3.6815000000002067,18381
2026-01-06 00:45:00,4436.405,SHORT,4440.412642857143,4430.3935357142855,4.007642857142855,18413
2026-01-06 01:15:00,4440.655,SHORT,4445.524071428571,4433.351392857143,4.869071428571325,18419
2026-01-06 01:40:00,4439.055,SHORT,4444.318857142857,4431.159214285714,5.263857142857172,18424
2026-01-06 02:55:00,4454.695,LONG,4449.816857142857,4462.012214285714,4.878142857142848,18439
2026-01-06 07:05:00,4468.815,LONG,4464.962571428571,4474.593642857142,3.8524285714284554,18489
2026-01-06 07:25:00,4464.218,LONG,4460.489357142857,4469.810964285714,3.7286428571427286,18493
2026-01-06 08:00:00,4460.925,LONG,4457.255642857143,4466.429035714285,3.6693571428568896,18500
2026-01-06 11:10:00,4450.455,SHORT,4453.6065,4445.72775,3.151499999999877,18538
2026-01-06 11:35:00,4459.178,SHORT,4462.518071428572,4454.167892857143,3.340071428571394,18543
2026-01-06 12:40:00,4461.639,LONG,4458.460642857143,4466.406535714286,3.1783571428572293,18556
2026-01-06 13:50:00,4464.855,LONG,4459.6041428571425,4472.731285714285,5.250857142857187,18570
2026-01-06 15:35:00,4470.505,LONG,4462.429928571429,4482.617607142857,8.075071428571391,18591
2026-01-06 18:05:00,4489.055,LONG,4485.437642857143,4494.481035714286,3.617357142857275,18621
2026-01-06 19:20:00,4482.205,LONG,4478.432285714285,4487.864071428571,3.772714285714301,18636
2026-01-06 20:10:00,4485.115,LONG,4481.733285714286,4490.187571428572,3.3817142857143545,18646
2026-01-06 20:50:00,4490.098,LONG,4487.381285714286,4494.173071428571,2.7167142857143256,18654
2026-01-07 00:10:00,4492.935,LONG,4490.272428571429,4496.928857142858,2.662571428571352,18682
2026-01-07 02:15:00,4471.565,SHORT,4478.162285714286,4461.669071428571,6.597285714285655,18707
2026-01-07 03:10:00,4474.395,SHORT,4478.579285714286,4468.118571428572,4.184285714285644,18718
2026-01-07 05:35:00,4452.835,SHORT,4457.282571428572,4446.163642857143,4.447571428571337,18747
2026-01-07 07:55:00,4460.935,SHORT,4464.804428571429,4455.130857142857,3.8694285714285406,18775
2026-01-07 09:15:00,4466.425,LONG,4462.057357142857,4472.976464285714,4.367642857143047,18791
2026-01-07 09:45:00,4463.905,LONG,4459.690928571428,4470.226107142857,4.214071428571515,18797
2026-01-07 11:15:00,4462.545,LONG,4459.579214285714,4466.993678571429,2.965785714285825,18815
2026-01-07 12:35:00,4451.335,SHORT,4456.567642857143,4443.486035714285,5.232642857142959,18831
2026-01-07 13:05:00,4429.615,SHORT,4435.709357142857,4420.473464285714,6.094357142857201,18837
2026-01-07 14:10:00,4446.895,SHORT,4454.544428571429,4435.420857142858,7.649428571428546,18850
2026-01-07 20:00:00,4458.485,LONG,4454.876428571428,4463.897857142857,3.608571428571395,18920
2026-01-08 01:40:00,4447.248,SHORT,4452.923928571428,4438.734107142857,5.6759285714284875,18976
2026-01-08 03:30:00,4443.235,SHORT,4448.012428571428,4436.068857142857,4.777428571428443,18998
2026-01-08 06:45:00,4433.255,SHORT,4439.854,4423.3565,6.599000000000225,19037
2026-01-08 09:00:00,4431.095,SHORT,4436.162428571429,4423.493857142857,5.067428571428601,19064
2026-01-08 10:25:00,4424.415,SHORT,4427.6957142857145,4419.493928571428,3.2807142857143066,19081
2026-01-08 11:10:00,4428.075,SHORT,4431.587071428571,4422.806892857143,3.5120714285714194,19090
2026-01-08 13:30:00,4426.825,SHORT,4432.55,4418.2375,5.724999999999974,19118
2026-01-08 14:05:00,4423.515,SHORT,4429.838785714286,4414.029321428572,6.323785714285675,19125
2026-01-08 14:30:00,4430.368,LONG,4423.508000000001,4440.658,6.859999999999998,19130
2026-01-08 18:20:00,4454.455,LONG,4451.0995,4459.48825,3.35549999999999,19176
2026-01-08 19:40:00,4451.405,LONG,4448.504785714285,4455.755321428571,2.9002142857142905,19192
2026-01-09 05:05:00,4463.085,SHORT,4465.652,4459.2345,2.5670000000002022,19293
2026-01-09 05:20:00,4458.705,SHORT,4461.500785714286,4454.511321428571,2.795785714286012,19296
2026-01-09 06:15:00,4468.085,LONG,4464.074571428571,4474.100642857143,4.010428571428617,19307
2026-01-09 06:35:00,4474.785,LONG,4471.114357142857,4480.290964285714,3.670642857142801,19311
2026-01-09 09:15:00,4475.815,LONG,4472.923214285714,4480.152678571429,2.891785714285756,19343
2026-01-09 10:05:00,4473.475,LONG,4470.826142857143,4477.448285714287,2.6488571428572607,19353
2026-01-09 10:55:00,4472.248,LONG,4469.628428571428,4476.177357142857,2.619571428571362,19363
2026-01-09 11:30:00,4470.485,LONG,4468.021642857143,4474.180035714286,2.4633571428570185,19370
2026-01-09 13:35:00,4488.408,LONG,4481.0535,4499.4397500000005,7.354499999999981,19395
2026-01-09 14:35:00,4495.715,LONG,4486.099714285715,4510.137928571428,9.615285714285553,19407
2026-01-09 14:50:00,4490.535,LONG,4482.183071428572,4503.062892857142,8.351928571428484,19410
2026-01-09 16:35:00,4504.648,LONG,4498.750642857143,4513.494035714286,5.8973571428571505,19431
2026-01-09 19:35:00,4499.485,LONG,4495.413285714285,4505.592571428571,4.071714285714409,19467
2026-01-09 20:10:00,4506.478,LONG,4502.949928571428,4511.770107142857,3.5280714285714305,19474
2026-01-09 21:45:00,4509.878,LONG,4507.380857142856,4513.623714285714,2.4971428571430545,19493
2026-01-12 02:05:00,4567.958,LONG,4559.283142857143,4580.970285714286,8.674857142857231,19533
2026-01-12 03:50:00,4573.035,LONG,4568.825714285714,4579.348928571429,4.2092857142858,19554
2026-01-12 04:05:00,4567.935,LONG,4563.824285714286,4574.101071428572,4.110714285714364,19557
2026-01-12 05:05:00,4570.115,LONG,4566.675928571429,4575.273607142857,3.439071428571424,19569
2026-01-12 05:30:00,4576.725,LONG,4572.950928571428,4582.386107142857,3.774071428571525,19574
2026-01-12 06:20:00,4574.405,LONG,4570.276642857143,4580.597535714285,4.128357142857112,19584
2026-01-12 08:25:00,4583.395,LONG,4579.326642857143,4589.497535714287,4.068357142857427,19609
2026-01-12 10:10:00,4591.865,LONG,4588.301357142857,4597.210464285714,3.5636428571428302,19630
2026-01-12 14:15:00,4596.398,LONG,4589.4105,4606.87925,6.987500000000052,19679
2026-01-12 14:30:00,4597.985,LONG,4589.6525,4610.483749999999,8.332499999999982,19682
2026-01-12 14:50:00,4604.365,LONG,4594.4088571428565,4619.299214285714,9.956142857142822,19686
2026-01-12 16:45:00,4615.735,LONG,4610.200928571428,4624.036107142857,5.534071428571484,19709
2026-01-12 19:20:00,4614.645,LONG,4610.405000000001,4621.005000000001,4.240000000000107,19740
2026-01-12 23:00:00,4595.948,SHORT,4600.108214285715,4589.707678571429,4.160214285714184,19772
2026-01-13 00:30:00,4587.665,SHORT,4592.472357142857,4580.453964285714,4.807357142857135,19790
2026-01-13 01:15:00,4586.445,SHORT,4591.815,4578.39,5.369999999999826,19799
2026-01-13 01:45:00,4581.315,SHORT,4587.573571428571,4571.927142857143,6.258571428571421,19805
2026-01-13 02:25:00,4583.575,SHORT,4588.909071428571,4575.573892857143,5.334071428571535,19813
2026-01-13 03:50:00,4593.525,LONG,4590.632642857143,4597.863535714286,2.892357142857171,19830
2026-01-13 04:40:00,4598.645,LONG,4596.169214285715,4602.358678571429,2.4757857142857183,19840
2026-01-13 07:50:00,4577.395,SHORT,4581.0040714285715,4571.981392857143,3.609071428571432,19878
2026-01-13 09:35:00,4590.045,LONG,4587.0145,4594.59075,3.0304999999999773,19899
2026-01-13 09:40:00,4590.445,LONG,4587.3345,4595.11075,3.1104999999999694,19900
2026-01-13 10:00:00,4583.0,SHORT,4586.087071428571,4578.369392857143,3.0870714285714973,19904
2026-01-13 11:00:00,4585.995,SHORT,4588.627357142857,4582.046464285714,2.6323571428570176,19916
2026-01-13 11:45:00,4588.315,SHORT,4590.950357142857,4584.361964285714,2.635357142857044,19925
2026-01-13 11:50:00,4586.455,SHORT,4589.239642857143,4582.278035714286,2.7846428571427686,19926
2026-01-13 15:40:00,4614.555,LONG,4604.4154285714285,4629.764357142858,10.13957142857154,19972
2026-01-13 16:55:00,4613.045,LONG,4606.413357142857,4622.992464285714,6.631642857142846,19987
2026-01-13 17:15:00,4610.045,LONG,4604.272857142857,4618.703214285714,5.772142857142951,19991
2026-01-13 17:30:00,4609.685,LONG,4604.150500000001,4617.986750000001,5.534500000000078,19994
2026-01-13 18:45:00,4599.545,SHORT,4605.984785714286,4589.885321428571,6.439785714285855,20009
2026-01-13 20:00:00,4591.979,SHORT,4597.807142857143,4583.236785714285,5.828142857142991,20024
2026-01-14 06:20:00,4634.535,LONG,4628.669071428571,4643.333892857143,5.865928571428542,20136
2026-01-14 08:55:00,4634.775,LONG,4630.600214285714,4641.037178571428,4.174785714285723,20167
2026-01-14 10:25:00,4634.785,LONG,4631.3880714285715,4639.880392857142,3.3969285714284263,20185
2026-01-14 11:00:00,4635.065,LONG,4631.631428571428,4640.215357142857,3.4335714285714727,20192
2026-01-14 12:15:00,4635.845,LONG,4631.979928571429,4641.642607142858,3.8650714285714196,20207
2026-01-14 13:50:00,4635.365,LONG,4629.2895,4644.47825,6.0755000000001145,20226
2026-01-14 15:25:00,4615.325,SHORT,4624.898071428572,4600.965392857142,9.573071428571504,20245
2026-01-14 20:05:00,4636.935,LONG,4631.453928571429,4645.156607142858,5.481071428571405,20301
2026-01-14 20:15:00,4636.655,LONG,4631.074642857143,4645.025535714286,5.580357142857208,20303
2026-01-14 20:35:00,4633.625,LONG,4627.654428571429,4642.580857142857,5.97057142857141,20307
2026-01-14 20:55:00,4632.445,LONG,4625.9805,4642.14175,6.464500000000044,20311
2026-01-14 21:15:00,4625.685,LONG,4620.445500000001,4633.54425,5.23949999999994,20315
2026-01-15 00:35:00,4615.865,SHORT,4620.086714285714,4609.532428571429,4.221714285714305,20343
2026-01-15 01:10:00,4608.915,SHORT,4613.598142857143,4601.890285714286,4.683142857142944,20350
2026-01-15 01:55:00,4599.665,SHORT,4607.906928571429,4587.302107142857,8.241928571428682,20359
2026-01-15 02:30:00,4609.765,SHORT,4616.925,4599.025000000001,7.160000000000115,20366
2026-01-15 04:40:00,4590.675,SHORT,4595.517357142858,4583.411464285715,4.842357142857184,20392
2026-01-15 05:30:00,4585.245,SHORT,4589.863357142857,4578.317464285714,4.618357142857088,20402
2026-01-15 08:30:00,4602.958,LONG,4598.9715,4608.93775,3.9865000000001083,20438
2026-01-15 12:20:00,4615.815,LONG,4613.013285714285,4620.0175714285715,2.8017142857144273,20484
2026-01-15 14:25:00,4602.405,SHORT,4609.590714285714,4591.626428571429,7.185714285714117,20509
2026-01-15 15:25:00,4616.198,LONG,4609.372928571429,4626.435607142857,6.825071428571456,20521
2026-01-15 15:45:00,4614.858,LONG,4608.476785714286,4624.429821428572,6.381214285714187,20525
2026-01-15 16:40:00,4606.975,LONG,4601.457928571429,4615.250607142858,5.517071428571528,20536
2026-01-15 17:30:00,4613.678,LONG,4609.602071428571,4619.7918928571435,4.075928571428774,20546
2026-01-15 23:30:00,4607.385,SHORT,4610.424571428572,4602.825642857143,3.0395714285714996,20606
2026-01-16 00:20:00,4606.298,SHORT,4609.7826428571425,4601.071035714285,3.484642857142847,20616
2026-01-16 01:40:00,4604.895,SHORT,4609.061428571429,4598.645357142857,4.166428571428696,20632
2026-01-16 04:10:00,4598.385,SHORT,4600.701428571429,4594.910357142858,2.316428571428592,20662
2026-01-16 04:45:00,4599.565,SHORT,4601.423142857143,4596.7777857142855,1.858142857142931,20669
2026-01-16 05:00:00,4599.659,SHORT,4601.493571428571,4596.907142857142,1.8345714285713777,20672
2026-01-16 08:15:00,4607.115,LONG,4602.816428571428,4613.562857142857,4.298571428571514,20711
2026-01-16 08:45:00,4602.585,LONG,4598.653285714286,4608.482571428572,3.931714285714471,20717
2026-01-16 11:20:00,4609.645,LONG,4606.4064285714285,4614.5028571428575,3.238571428571504,20748
2026-01-16 13:05:00,4596.905,SHORT,4601.1645,4590.51575,4.259500000000052,20769
2026-01-16 13:50:00,4598.245,SHORT,4606.1638571428575,4586.366714285714,7.918857142857307,20778
2026-01-16 14:35:00,4604.575,SHORT,4611.3369999999995,4594.432,6.762000000000106,20787
2026-01-16 16:30:00,4589.545,SHORT,4603.566714285715,4568.512428571429,14.021714285714227,20810
2026-01-19 01:15:00,4664.595,LONG,4656.988785714286,4676.0043214285715,7.606214285714226,20903
2026-01-19 01:45:00,4664.175,LONG,4656.849,4675.164000000001,7.326000000000022,20909
2026-01-19 02:05:00,4662.145,LONG,4654.519214285715,4673.583678571429,7.62578571428581,20913
2026-01-19 06:15:00,4669.419,LONG,4666.064785714285,4674.450321428571,3.3542142857145336,20963
2026-01-19 07:45:00,4665.215,LONG,4661.627642857143,4670.596035714286,3.587357142857075,20981
2026-01-19 08:20:00,4669.645,LONG,4665.932857142858,4675.2132142857145,3.7121428571428106,20988
2026-01-19 09:30:00,4668.895,LONG,4665.478000000001,4674.0205000000005,3.4169999999999163,21002
2026-01-19 10:30:00,4666.365,LONG,4663.660642857143,4670.421535714286,2.704357142857134,21014
2026-01-19 11:15:00,4662.205,SHORT,4665.369785714285,4657.457821428571,3.164785714285569,21023
2026-01-19 11:45:00,4662.435,SHORT,4665.641928571429,4657.624607142858,3.2069285714283717,21029
2026-01-19 13:25:00,4671.625,LONG,4668.674,4676.0515,2.950999999999957,21049
2026-01-19 15:40:00,4670.135,LONG,4667.012571428571,4674.8186428571435,3.122428571428697,21076
2026-01-19 17:25:00,4670.695,LONG,4668.905857142857,4673.3787142857145,1.789142857142906,21097
2026-01-19 18:55:00,4676.248,LONG,4674.001357142857,4679.617964285714,2.246642857142888,21115
2026-01-19 19:15:00,4671.898,LONG,4669.699714285714,4675.195428571429,2.198285714285833,21119
2026-01-20 00:45:00,4662.605,SHORT,4665.397857142856,4658.415714285714,2.792857142856974,21143
2026-01-20 02:10:00,4665.865,SHORT,4669.5542857142855,4660.331071428571,3.6892857142858184,21160
2026-01-20 02:30:00,4673.535,LONG,4670.214285714285,4678.516071428571,3.3207142857144,21164
2026-01-20 06:50:00,4714.455,LONG,4709.468142857143,4721.935285714286,4.9868571428571284,21216
2026-01-20 08:40:00,4722.725,LONG,4718.5185,4729.034750000001,4.206500000000103,21238
2026-01-20 09:20:00,4728.325,LONG,4723.783428571428,4735.137357142857,4.541571428571452,21246
2026-01-20 11:10:00,4726.115,LONG,4722.742142857142,4731.174285714285,3.372857142857161,21268
2026-01-20 11:35:00,4731.015,LONG,4727.747357142857,4735.916464285715,3.2676428571428784,21273
2026-01-20 12:40:00,4726.555,LONG,4723.105214285714,4731.729678571429,3.4497857142858135,21286
2026-01-20 13:45:00,4730.075,LONG,4724.701714285714,4738.134928571429,5.373285714285885,21299
2026-01-20 15:55:00,4737.215,LONG,4729.0685,4749.43475,8.146499999999833,21325
2026-01-20 16:25:00,4740.905,LONG,4732.832357142857,4753.013964285714,8.07264285714265,21331
2026-01-20 20:10:00,4759.915,LONG,4756.3042857142855,4765.331071428572,3.6107142857144288,21376
2026-01-20 21:10:00,4760.205,LONG,4755.641071428571,4767.050892857143,4.563928571428538,21388
2026-01-21 06:20:00,4879.315,LONG,4872.623214285714,4889.352678571428,6.691785714285678,21486
2026-01-21 06:45:00,4862.315,LONG,4854.921285714286,4873.4055714285705,7.393714285714201,21491
2026-01-21 10:00:00,4866.145,LONG,4860.340714285715,4874.851428571429,5.8042857142856645,21530
2026-01-21 16:10:00,4846.875,SHORT,4859.824071428571,4827.451392857143,12.949071428571383,21604
2026-01-21 18:10:00,4825.235,SHORT,4834.568142857142,4811.235285714285,9.33314285714284,21628
2026-01-21 23:15:00,4802.875,SHORT,4811.452428571429,4790.008857142857,8.577428571428625,21677
2026-01-22 01:25:00,4795.725,SHORT,4806.0095,4780.298250000001,10.284500000000012,21703
2026-01-22 03:00:00,4785.025,SHORT,4791.9265,4774.67275,6.901499999999942,21722
2026-01-22 04:40:00,4795.255,SHORT,4798.449071428571,4790.463892857143,3.1940714285712732,21742
2026-01-22 05:00:00,4800.185,LONG,4796.863785714287,4805.166821428572,3.3212142857141123,21746
2026-01-22 05:10:00,4800.345,LONG,4796.750714285715,4805.736428571428,3.5942857142855638,21748
2026-01-22 05:30:00,4796.725,LONG,4793.102857142858,4802.158214285714,3.622142857142665,21752
2026-01-22 08:20:00,4828.535,LONG,4823.771571428571,4835.6801428571425,4.7634285714285785,21786
2026-01-22 08:35:00,4826.315,LONG,4821.915857142857,4832.913714285714,4.399142857142904,21789
2026-01-22 10:25:00,4826.675,LONG,4821.588071428571,4834.3053928571435,5.0869285714286105,21811
2026-01-22 13:00:00,4821.735,LONG,4817.791857142856,4827.649714285714,3.9431428571430325,21842
2026-01-22 13:20:00,4833.995,LONG,4829.729,4840.394,4.266000000000012,21846
2026-01-22 14:05:00,4820.995,SHORT,4827.794285714285,4810.796071428572,6.799285714285621,21855
2026-01-22 14:35:00,4844.075,LONG,4836.518357142857,4855.4099642857145,7.556642857142898,21861
2026-01-22 15:10:00,4838.965,LONG,4830.515714285714,4851.638928571429,8.449285714285647,21868
2026-01-22 17:15:00,4881.205,LONG,4874.345214285714,4891.494678571428,6.859785714285798,21893
2026-01-22 20:40:00,4922.675,LONG,4917.996642857143,4929.692535714286,4.678357142857229,21934
2026-01-22 21:05:00,4919.525,LONG,4914.466642857143,4927.1125357142855,5.058357142857209,21939
2026-01-23 00:45:00,4954.335,LONG,4947.195,4965.045,7.140000000000067,21971
2026-01-23 01:10:00,4948.665,LONG,4940.173571428571,4961.402142857143,8.49142857142871,21976
2026-01-23 02:15:00,4950.615,LONG,4943.797857142857,4960.840714285714,6.817142857143024,21989
2026-01-23 03:25:00,4943.725,LONG,4938.048571428571,4952.239642857143,5.67642857142846,22003
2026-01-23 03:45:00,4953.405,LONG,4947.295,4962.57,6.109999999999933,22007
2026-01-23 06:35:00,4954.345,LONG,4949.4400000000005,4961.7025,4.9050000000002,22041
2026-01-23 07:45:00,4944.095,SHORT,4948.917642857144,4936.861035714286,4.8226428571429745,22055
2026-01-23 10:45:00,4926.665,SHORT,4931.095928571429,4920.018607142857,4.4309285714286615,22091
2026-01-23 11:00:00,4918.775,SHORT,4923.505928571428,4911.678607142857,4.730928571428519,22094
2026-01-23 11:40:00,4923.275,SHORT,4927.915714285714,4916.313928571428,4.640714285714239,22102
2026-01-23 14:00:00,4940.825,LONG,4933.158071428571,4952.325392857143,7.666928571428538,22130
2026-01-23 18:50:00,4968.425,LONG,4960.632285714286,4980.114071428571,7.792714285714218,22188
2026-01-23 19:40:00,4978.498,LONG,4972.647714285714,4987.273428571429,5.8502857142857465,22198
2026-01-23 20:20:00,4981.745,LONG,4976.292571428571,4989.923642857143,5.452428571428494,22206
2026-01-23 20:35:00,4982.565,LONG,4976.742071428571,4991.299392857142,5.822928571428422,22209
2026-01-26 03:10:00,5084.625,LONG,5076.624285714286,5096.626071428571,8.00071428571417,22276
2026-01-26 03:55:00,5076.525,LONG,5069.8557142857135,5086.528928571428,6.669285714285771,22285
2026-01-26 04:40:00,5066.855,LONG,5061.722857142857,5074.553214285714,5.132142857142948,22294
2026-01-26 05:55:00,5074.185,LONG,5065.795,5086.77,8.389999999999873,22309
2026-01-26 06:15:00,5070.975,LONG,5062.015714285715,5084.413928571429,8.95928571428554,22313
2026-01-26 07:45:00,5092.345,LONG,5083.715928571429,5105.2886071428575,8.629071428571478,22331
2026-01-26 09:25:00,5096.565,LONG,5091.8125,5103.693749999999,4.752500000000055,22351
2026-01-26 10:15:00,5089.475,LONG,5083.231357142858,5098.840464285715,6.243642857142796,22361
2026-01-26 11:45:00,5090.525,LONG,5086.155714285714,5097.078928571428,4.369285714285719,22379
2026-01-26 12:20:00,5096.495,LONG,5091.390714285714,5104.151428571428,5.104285714285522,22386
2026-01-26 17:30:00,5092.815,LONG,5081.811642857143,5109.320035714285,11.003357142857112,22448
2026-01-26 20:30:00,5054.979,SHORT,5069.218071428571,5033.620392857143,14.239071428571346,22484
2026-01-26 21:25:00,5020.149,SHORT,5032.024785714286,5002.335321428572,11.875785714285744,22495
2026-01-26 23:20:00,5045.265,SHORT,5058.6495,5025.18825,13.384499999999921,22506
2026-01-26 23:45:00,5056.148,SHORT,5066.192571428572,5041.081142857143,10.044571428571219,22511
2026-01-27 00:05:00,5047.395,SHORT,5056.639571428572,5033.528142857143,9.244571428571167,22515
2026-01-27 02:05:00,5065.165,LONG,5054.069785714286,5081.8078214285715,11.095214285714194,22539
2026-01-27 08:10:00,5086.525,LONG,5079.4315,5097.16525,7.093500000000014,22612
2026-01-27 08:35:00,5078.835,LONG,5072.239785714286,5088.727821428572,6.5952142857143246,22617
2026-01-27 09:30:00,5089.435,LONG,5084.554,5096.7565,4.881000000000118,22628
2026-01-27 10:35:00,5088.285,LONG,5082.664714285715,5096.715428571429,5.620285714285728,22641
2026-01-27 11:10:00,5090.025,LONG,5085.441142857143,5096.900785714285,4.5838571428570765,22648
2026-01-27 11:35:00,5087.045,LONG,5082.973571428572,5093.152142857143,4.071428571428506,22653
2026-01-27 12:00:00,5076.425,SHORT,5081.561928571428,5068.719607142857,5.136928571428533,22658
2026-01-27 13:10:00,5089.945,LONG,5083.789071428571,5099.178892857142,6.155928571428506,22672
2026-01-27 13:30:00,5076.395,SHORT,5083.550928571429,5065.661107142858,7.1559285714285705,22676
2026-01-27 15:25:00,5068.925,SHORT,5082.1981428571435,5049.015285714286,13.273142857143089,22699
2026-01-27 17:05:00,5086.645,LONG,5079.635857142857,5097.158714285715,7.009142857142966,22719
2026-01-27 17:50:00,5081.925,LONG,5075.188785714286,5092.029321428571,6.73621428571427,22728
2026-01-27 19:10:00,5086.875,LONG,5080.985928571428,5095.7086071428575,5.8890714285714365,22744
2026-01-27 23:45:00,5170.555,LONG,5161.252142857144,5184.509285714286,9.302857142857127,22787
2026-01-28 00:30:00,5166.135,LONG,5159.4785,5176.11975,6.656499999999921,22796
2026-01-28 04:50:00,5242.935,LONG,5237.4335,5251.18725,5.5014999999999805,22848
2026-01-28 06:45:00,5261.975,LONG,5255.414500000001,5271.815750000001,6.560500000000047,22871
2026-01-28 08:50:00,5292.965,LONG,5284.274071428572,5306.001392857143,8.690928571428556,22896
2026-01-28 09:30:00,5280.055,LONG,5270.060714285715,5295.046428571429,9.994285714285525,22904
2026-01-28 10:05:00,5281.605,LONG,5272.8202142857135,5294.782178571428,8.78478571428559,22911
2026-01-28 10:40:00,5274.425,LONG,5268.160214285715,5283.822178571429,6.264785714285803,22918
2026-01-28 12:00:00,5255.755,SHORT,5265.6254285714285,5240.9493571428575,9.87042857142855,22934
2026-01-28 12:25:00,5261.095,SHORT,5268.26,5250.3475,7.164999999999964,22939
2026-01-28 14:25:00,5258.835,SHORT,5268.189071428571,5244.803892857143,9.354071428571388,22963
2026-01-28 16:00:00,5281.115,LONG,5264.345785714286,5306.268821428571,16.769214285714174,22982
2026-01-28 19:45:00,5315.825,LONG,5302.114,5336.3915,13.711000000000045,23027
2026-01-29 00:25:00,5496.865,LONG,5460.388857142857,5551.5792142857135,36.476142857142804,23071
2026-01-29 01:10:00,5479.105,LONG,5451.705,5520.205,27.40000000000009,23080
2026-01-29 01:35:00,5524.335,LONG,5499.693285714286,5561.297571428571,24.64171428571431,23085
2026-01-29 05:45:00,5557.835,LONG,5545.033928571429,5577.036607142857,12.801071428571438,23135
2026-01-29 07:15:00,5564.415,LONG,5552.385714285714,5582.458928571428,12.029285714285834,23153
2026-01-29 08:15:00,5529.065,SHORT,5542.519357142857,5508.883464285714,13.454357142857264,23165
2026-01-29 11:55:00,5522.445,SHORT,5533.606928571428,5505.702107142857,11.161928571428493,23209
2026-01-29 13:55:00,5510.155,SHORT,5522.597785714285,5491.4908214285715,12.442785714285687,23233
2026-01-29 14:20:00,5525.855,LONG,5512.204785714285,5546.330321428571,13.65021428571429,23238
2026-01-29 14:35:00,5531.548,LONG,5514.305714285714,5557.411428571429,17.242285714285767,23241
2026-01-29 14:55:00,5496.045,SHORT,5516.379357142858,5465.543464285714,20.334357142857243,23245
2026-01-29 16:30:00,5281.348,SHORT,5351.208928571428,5176.556607142857,69.86092857142863,23264
2026-01-29 17:45:00,5358.705,SHORT,5387.383642857143,5315.687035714286,28.67864285714281,23279
2026-01-29 20:00:00,5294.205,SHORT,5316.068071428572,5261.410392857143,21.863071428571466,23306
2026-01-30 00:30:00,5428.835,LONG,5414.032142857143,5451.039285714286,14.802857142857127,23348
2026-01-30 04:05:00,5207.935,SHORT,5234.091428571429,5168.700357142858,26.156428571428478,23391
2026-01-30 05:20:00,5231.075,SHORT,5246.7720714285715,5207.529392857143,15.6970714285713,23406
2026-01-30 06:10:00,5190.295,SHORT,5209.046214285714,5162.168178571429,18.751214285714145,23416
2026-01-30 07:25:00,5174.175,SHORT,5196.815285714286,5140.214571428572,22.64028571428584,23431
2026-01-30 08:10:00,5145.165,SHORT,5167.996785714286,5110.917321428571,22.83178571428581,23440
2026-01-30 08:25:00,5151.755,SHORT,5174.014642857143,5118.365535714286,22.25964285714294,23443
2026-01-30 10:40:00,5077.025,SHORT,5112.1759999999995,5024.2985,35.15100000000003,23470
2026-01-30 12:55:00,5063.545,SHORT,5087.962571428571,5026.918642857143,24.417571428571332,23497
2026-01-30 14:10:00,5051.875,SHORT,5080.782785714286,5008.5133214285715,28.907785714285897,23512
2026-01-30 15:50:00,5040.925,SHORT,5071.948071428572,4994.390392857143,31.02307142857158,23532
2026-01-30 19:10:00,4888.848,SHORT,4946.853428571429,4801.839857142857,58.005428571428574,23572
2026-01-30 20:20:00,4896.165,SHORT,4927.201428571429,4849.6103571428575,31.036428571428456,23586
2026-01-30 21:35:00,4854.205,SHORT,4883.8378571428575,4809.755714285714,29.63285714285725,23601
2026-02-02 00:20:00,4855.948,SHORT,4891.361571428572,4802.8276428571435,35.41357142857142,23621
2026-02-02 02:20:00,4724.188,SHORT,4761.7505,4667.84425,37.562499999999936,23645
2026-02-02 02:45:00,4728.635,SHORT,4757.946857142857,4684.667214285714,29.311857142857075,23650
2026-02-02 04:35:00,4666.195,SHORT,4700.296571428571,4615.042642857143,34.10157142857133,23672
2026-02-02 04:45:00,4685.815,SHORT,4719.803,4634.833,33.98799999999996,23674
2026-02-02 07:15:00,4528.305,SHORT,4574.947285714286,4458.341571428572,46.64228571428579,23704
2026-02-02 07:55:00,4586.155,SHORT,4622.4007142857145,4531.786428571428,36.24571428571445,23712
2026-02-02 08:10:00,4609.488,SHORT,4643.972785714286,4557.760821428572,34.48478571428586,23715
2026-02-02 09:05:00,4632.805,LONG,4604.2038571428575,4675.706714285715,28.601142857142868,23726
2026-02-02 10:35:00,4685.575,LONG,4661.792357142857,4721.2489642857145,23.782642857142815,23744
2026-02-02 10:45:00,4673.575,LONG,4649.790714285714,4709.251428571428,23.78428571428562,23746
2026-02-02 14:20:00,4700.775,LONG,4671.193714285714,4745.146928571428,29.581285714285645,23789
2026-02-02 15:00:00,4730.505,LONG,4696.4824285714285,4781.5388571428575,34.02257142857135,23797
2026-02-02 15:25:00,4680.435,SHORT,4716.824857142858,4625.850214285715,36.38985714285712,23802
2026-02-02 16:25:00,4670.398,SHORT,4704.712214285714,4618.926678571429,34.314214285714115,23814
2026-02-02 17:50:00,4673.165,SHORT,4695.5400714285715,4639.602392857143,22.37507142857151,23831
2026-02-02 18:40:00,4656.335,SHORT,4676.697214285715,4625.791678571429,20.362214285714476,23841
2026-02-02 19:50:00,4690.688,SHORT,4711.046785714286,4660.149821428572,20.358785714285595,23855
2026-02-02 20:45:00,4666.415,SHORT,4687.997571428571,4634.041142857142,21.58257142857149,23866
2026-02-02 23:10:00,4717.435,LONG,4699.556642857143,4744.252535714286,17.878357142857176,23883
2026-02-03 01:10:00,4828.748,LONG,4805.956785714286,4862.934821428571,22.791214285714368,23907
2026-02-03 02:30:00,4773.355,LONG,4751.232571428571,4806.538642857142,22.122428571428436,23923
2026-02-03 02:45:00,4760.438,LONG,4737.511714285714,4794.827428571429,22.926285714285637,23926
2026-02-03 03:50:00,4798.305,LONG,4780.368857142857,4825.209214285715,17.936142857142904,23939
2026-02-03 06:20:00,4860.775,LONG,4845.798071428571,4883.240392857142,14.976928571428548,23969
2026-02-03 11:00:00,4902.675,LONG,4894.313285714286,4915.217571428571,8.361714285714243,24025
2026-02-03 11:25:00,4900.805,LONG,4890.691642857143,4915.975035714286,10.113357142856914,24030
2026-02-03 11:55:00,4916.475,LONG,4904.438357142858,4934.529964285714,12.036642857142722,24036
2026-02-03 12:55:00,4913.405,LONG,4901.273857142856,4931.6017142857145,12.131142857143004,24048
2026-02-03 14:45:00,4923.008,LONG,4905.311071428571,4949.553392857143,17.696928571428607,24070
2026-02-03 15:00:00,4918.675,LONG,4901.0542857142855,4945.106071428571,17.62071428571432,24073
2026-02-03 15:35:00,4916.445,LONG,4898.829285714285,4942.868571428571,17.615714285714212,24080
2026-02-03 17:10:00,4943.418,LONG,4926.752071428571,4968.416892857143,16.66592857142853,24099
2026-02-03 17:45:00,4932.275,LONG,4912.049928571429,4962.612607142857,20.225071428571418,24106
2026-02-03 19:45:00,4934.845,SHORT,4951.417357142857,4909.986464285715,16.572357142857072,24130
2026-02-03 21:50:00,4943.315,LONG,4932.058714285714,4960.199428571428,11.256285714285891,24155
2026-02-04 03:00:00,5047.655,LONG,5034.4895,5067.403249999999,13.165499999999936,24205
2026-02-04 04:40:00,5071.525,LONG,5063.476285714285,5083.598071428571,8.04871428571414,24225
2026-02-04 06:15:00,5065.255,LONG,5056.167571428571,5078.886142857143,9.087428571428648,24244
2026-02-04 06:55:00,5076.275,LONG,5066.131642857143,5091.490035714285,10.143357142857244,24252
2026-02-04 08:05:00,5085.585,LONG,5075.234285714286,5101.111071428571,10.350714285714405,24266
2026-02-04 08:45:00,5080.605,LONG,5071.3124285714275,5094.543857142857,9.292571428571591,24274
2026-02-04 08:55:00,5083.138,LONG,5073.636928571428,5097.389607142857,9.501071428571581,24276
2026-02-04 09:20:00,5064.099,LONG,5055.007,5077.737,9.092000000000098,24281
2026-02-04 12:15:00,5042.995,SHORT,5053.483285714286,5027.262571428571,10.488285714285732,24316
2026-02-04 13:35:00,5046.835,SHORT,5058.678571428572,5029.069642857143,11.843571428571456,24332
2026-02-04 17:40:00,4907.118,SHORT,4930.743,4871.6805,23.624999999999805,24381
2026-02-04 19:00:00,4914.665,SHORT,4931.777857142857,4888.995714285715,17.112857142857138,24397
2026-02-04 19:30:00,4930.995,SHORT,4946.694071428571,4907.446392857142,15.699071428571576,24403
2026-02-05 07:40:00,4909.965,LONG,4895.180928571429,4932.141107142857,14.784071428571549,24537
2026-02-05 11:15:00,4880.545,SHORT,4892.480857142857,4862.641214285714,11.935857142857003,24580
2026-02-05 11:30:00,4887.265,SHORT,4898.4015714285715,4870.560142857144,11.136571428571317,24583
2026-02-05 11:40:00,4871.325,SHORT,4881.912285714286,4855.444071428571,10.587285714285631,24585
2026-02-05 11:45:00,4871.079,SHORT,4881.8598571428565,4854.907714285714,10.780857142856998,24586
2026-02-05 13:25:00,4849.798,SHORT,4872.963928571428,4815.049107142857,23.1659285714284,24606
2026-02-05 14:10:00,4813.895,SHORT,4836.880428571429,4779.416857142857,22.985428571428656,24615
2026-02-05 14:45:00,4849.615,SHORT,4872.390428571429,4815.451857142857,22.77542857142862,24622
2026-02-05 15:30:00,4813.935,SHORT,4839.450357142858,4775.661964285715,25.51535714285715,24631
2026-02-05 16:10:00,4820.089,SHORT,4841.859714285714,4787.432928571428,21.770714285714284,24639
2026-02-05 17:40:00,4870.345,LONG,4853.085857142857,4896.233714285715,17.2591428571429,24657
2026-02-05 18:20:00,4864.645,LONG,4850.456571428572,4885.927642857143,14.188428571428435,24665
2026-02-05 19:15:00,4853.245,LONG,4839.585214285714,4873.734678571429,13.65978571428585,24676
2026-02-05 19:35:00,4832.475,SHORT,4845.530000000001,4812.8925,13.055000000000161,24680
2026-02-05 21:05:00,4808.345,SHORT,4823.5005,4785.61175,15.155499999999913,24698
2026-02-06 01:05:00,4736.548,SHORT,4764.964714285714,4693.922928571428,28.416714285714402,24734
2026-02-06 02:00:00,4769.365,SHORT,4797.682428571428,4726.888857142857,28.317428571428472,24745
2026-02-06 03:45:00,4820.525,LONG,4803.759642857142,4845.673035714286,16.765357142857347,24766
2026-02-06 05:30:00,4854.375,LONG,4843.776428571428,4870.272857142857,10.598571428571372,24787
2026-02-06 07:20:00,4851.065,LONG,4837.547428571428,4871.341357142856,13.51757142857137,24809
2026-02-06 08:05:00,4840.999,LONG,4830.4855,4856.769249999999,10.513499999999892,24818
2026-02-06 08:50:00,4860.599,LONG,4849.0285,4877.95475,11.570499999999877,24827
2026-02-06 09:15:00,4847.205,LONG,4834.096214285714,4866.868178571428,13.108785714285593,24832
2026-02-06 11:20:00,4888.725,LONG,4877.958928571429,4904.874107142858,10.766071428571324,24857
2026-02-06 14:25:00,4904.855,LONG,4891.186142857143,4925.358285714286,13.668857142857112,24894
2026-02-06 16:00:00,4949.625,LONG,4934.352357142857,4972.533964285714,15.272642857142857,24913
2026-02-06 16:15:00,4942.115,LONG,4928.5677857142855,4962.435821428571,13.54721428571429,24916
2026-02-06 16:25:00,4938.255,LONG,4924.165142857143,4959.389785714286,14.089857142857129,24918
2026-02-06 18:30:00,4960.135,LONG,4951.372357142857,4973.278964285715,8.762642857143094,24943
2026-02-06 19:45:00,4961.455,LONG,4956.458071428571,4968.950392857143,4.99692857142866,24958
2026-02-06 20:25:00,4954.645,LONG,4949.2966428571435,4962.667535714286,5.348357142857042,24966
2026-02-06 20:35:00,4942.975,LONG,4936.587142857144,4952.556785714286,6.387857142857034,24968
2026-02-06 20:55:00,4953.098,LONG,4946.3625,4963.20125,6.735499999999969,24972
2026-02-06 21:15:00,4949.995,LONG,4942.943071428571,4960.572892857143,7.051928571428822,24976
2026-02-09 01:10:00,5018.535,LONG,5004.836571428571,5039.082642857143,13.69842857142846,25011
2026-02-09 02:30:00,5004.415,LONG,4988.953785714286,5027.6068214285715,15.461214285714245,25027
2026-02-09 03:00:00,5015.685,LONG,5003.3925714285715,5034.123642857143,12.29242857142851,25033
2026-02-09 05:50:00,5034.795,LONG,5027.392357142857,5045.898964285714,7.402642857142837,25067
2026-02-09 06:40:00,5035.045,LONG,5025.6609285714285,5049.121107142857,9.384071428571522,25077
2026-02-09 07:15:00,5013.225,LONG,5003.263714285715,5028.166928571429,9.961285714285818,25084
2026-02-09 09:15:00,5025.985,LONG,5018.227357142857,5037.621464285714,7.757642857142725,25108
2026-02-09 10:20:00,5006.035,SHORT,5013.9469285714285,4994.167107142857,7.911928571428559,25121
2026-02-09 11:45:00,5008.005,SHORT,5016.260714285714,4995.621428571429,8.255714285714216,25138
2026-02-09 14:15:00,5015.285,SHORT,5024.962642857143,5000.7685357142855,9.677642857142928,25168
2026-02-09 15:20:00,5032.398,LONG,5022.826785714286,5046.754821428572,9.571214285714111,25181
2026-02-09 18:25:00,5053.955,LONG,5046.379285714285,5065.318571428571,7.575714285714314,25218
2026-02-09 19:05:00,5067.295,LONG,5060.968071428571,5076.785392857143,6.326928571428588,25226
2026-02-09 20:50:00,5081.205,LONG,5076.45,5088.3375,4.754999999999915,25247
2026-02-09 21:15:00,5064.755,LONG,5058.647785714286,5073.915821428572,6.107214285714106,25252
2026-02-09 23:05:00,5046.048,SHORT,5055.234714285714,5032.2679285714285,9.18671428571432,25262
2026-02-09 23:15:00,5010.368,SHORT,5023.619214285714,4990.4911785714285,13.251214285714338,25264
2026-02-10 00:10:00,5034.445,SHORT,5051.616285714285,5008.688071428572,17.171285714285595,25275
2026-02-10 00:45:00,5016.785,SHORT,5028.468071428571,4999.2603928571425,11.683071428571436,25282
2026-02-10 02:15:00,5041.215,SHORT,5050.597714285715,5027.140928571429,9.382714285714169,25300
2026-02-10 05:00:00,5030.825,SHORT,5037.243285714286,5021.197571428571,6.418285714285697,25333
2026-02-10 06:30:00,5037.335,LONG,5030.360928571428,5047.796107142857,6.974071428571539,25351
2026-02-10 07:10:00,5028.505,SHORT,5035.5343571428575,5017.960964285714,7.029357142857342,25359
2026-02-10 09:55:00,5046.535,LONG,5039.302714285714,5057.383428571428,7.232285714285808,25392
2026-02-10 10:15:00,5041.155,LONG,5035.176571428571,5050.122642857143,5.978428571428659,25396
2026-02-10 11:25:00,5047.585,LONG,5042.037285714286,5055.906571428572,5.547714285714327,25410
2026-02-10 11:55:00,5055.675,LONG,5050.320142857143,5063.707285714286,5.354857142857067,25416
2026-02-10 12:25:00,5046.235,LONG,5040.258285714285,5055.2000714285705,5.976714285714154,25422
2026-02-10 13:20:00,5038.625,SHORT,5047.086428571429,5025.932857142857,8.46142857142864,25433
2026-02-10 13:35:00,5048.825,SHORT,5058.578571428571,5034.194642857143,9.753571428571572,25436
2026-02-10 15:35:00,5007.615,SHORT,5021.531285714285,4986.7405714285715,13.91628571428542,25460
2026-02-10 17:05:00,5022.455,SHORT,5030.754285714286,5010.006071428571,8.299285714285945,25478
2026-02-10 17:55:00,5025.915,SHORT,5032.007785714286,5016.775821428571,6.092785714285843,25488
2026-02-10 21:25:00,5025.815,LONG,5020.539,5033.728999999999,5.27599999999997,25530
2026-02-11 00:15:00,5038.795,LONG,5031.844071428572,5049.221392857143,6.9509285714285785,25552
2026-02-11 01:00:00,5044.285,LONG,5036.634928571429,5055.760107142857,7.6500714285714695,25561
2026-02-11 01:30:00,5040.015,LONG,5032.851142857143,5050.760785714286,7.163857142857133,25567
2026-02-11 02:15:00,5043.835,LONG,5036.033357142857,5055.537464285714,7.801642857142919,25576
2026-02-11 06:05:00,5055.375,LONG,5050.1050000000005,5063.28,5.269999999999852,25622
2026-02-11 07:25:00,5059.645,LONG,5052.877571428572,5069.796142857143,6.767428571428679,25638
2026-02-11 08:15:00,5051.968,LONG,5045.792714285714,5061.230928571428,6.1752857142856294,25648
2026-02-11 09:00:00,5052.665,SHORT,5056.964285714285,5046.216071428572,4.299285714285555,25657
2026-02-11 12:20:00,5096.215,LONG,5087.5015,5109.28525,8.713500000000035,25697
2026-02-11 14:10:00,5073.685,SHORT,5089.414785714286,5050.090321428572,15.729785714285754,25719
2026-02-11 15:35:00,5046.015,SHORT,5061.304071428572,5023.081392857143,15.289071428571399,25736
2026-02-11 16:00:00,5056.635,SHORT,5069.635,5037.135,12.999999999999934,25741
2026-02-11 16:40:00,5073.698,SHORT,5084.227214285715,5057.904178571429,10.529214285714131,25749
2026-02-11 18:45:00,5084.175,LONG,5075.900928571428,5096.586107142857,8.27407142857159,25774
2026-02-12 01:30:00,5056.395,SHORT,5064.239714285714,5044.627928571429,7.844714285714223,25843
2026-02-12 02:05:00,5067.105,SHORT,5075.4076428571425,5054.651035714285,8.302642857142798,25850
2026-02-12 03:45:00,5058.459,SHORT,5064.730357142857,5049.051964285714,6.271357142857271,25870
2026-02-12 05:55:00,5075.315,LONG,5069.506142857143,5084.028285714286,5.808857142857245,25896
2026-02-12 08:45:00,5061.735,SHORT,5066.672857142857,5054.328214285714,4.937857142857021,25930
2026-02-12 11:10:00,5060.785,SHORT,5065.094,5054.3215,4.309000000000067,25959
2026-02-12 11:25:00,5062.385,SHORT,5066.306142857143,5056.503285714286,3.921142857142903,25962
2026-02-12 11:55:00,5063.505,SHORT,5067.005214285715,5058.2546785714285,3.5002142857142644,25968
2026-02-12 12:35:00,5063.485,SHORT,5067.381214285714,5057.640678571428,3.896214285714255,25976
2026-02-12 13:35:00,5074.365,LONG,5067.400214285714,5084.812178571428,6.964785714285621,25988
2026-02-12 14:40:00,5055.955,SHORT,5064.956928571429,5042.452107142857,9.001928571428445,26001
2026-02-12 17:25:00,4965.428,SHORT,4990.3447857142855,4928.052821428571,24.916785714285783,26034
2026-02-12 18:55:00,4935.245,SHORT,4950.582142857143,4912.239285714286,15.33714285714268,26052
2026-02-12 23:25:00,4919.635,SHORT,4928.566428571429,4906.237857142857,8.931428571428635,26094
2026-02-13 00:15:00,4939.095,SHORT,4951.182428571428,4920.963857142858,12.087428571428452,26104
2026-02-13 03:35:00,4978.305,LONG,4970.837357142857,4989.506464285715,7.467642857142956,26144
2026-02-13 07:05:00,4958.115,SHORT,4967.2336428571425,4944.437035714285,9.118642857143056,26186
2026-02-13 09:15:00,4978.655,LONG,4971.952428571429,4988.708857142857,6.702571428571251,26212
2026-02-13 10:00:00,4971.475,LONG,4964.695214285714,4981.644678571429,6.7797857142856754,26221
2026-02-13 12:05:00,4956.649,SHORT,4965.612571428572,4943.203642857144,8.963571428571347,26246
2026-02-13 13:30:00,4993.165,LONG,4984.323071428571,5006.427892857143,8.84192857142872,26263
2026-02-13 13:50:00,4985.865,LONG,4975.280142857142,5001.742285714286,10.584857142857345,26267
2026-02-13 14:40:00,4991.205,LONG,4977.8885,5011.17975,13.316500000000165,26277
2026-02-13 16:20:00,5009.665,LONG,4997.983571428572,5027.187142857143,11.681428571428503,26297
2026-02-13 17:10:00,5015.395,LONG,5006.243,5029.1230000000005,9.152000000000044,26307
2026-02-13 20:15:00,5031.165,LONG,5025.633071428571,5039.462892857143,5.531928571428709,26344
2026-02-13 20:55:00,5032.315,LONG,5025.777642857142,5042.121035714285,6.537357142857218,26352
2026-02-15 23:30:00,5029.375,LONG,5020.032857142857,5043.388214285715,9.34214285714279,26371
2026-02-16 00:55:00,5015.265,SHORT,5022.119571428571,5004.983142857143,6.854571428571295,26388
2026-02-16 02:30:00,5018.865,SHORT,5022.51,5013.3975,3.644999999999982,26407
2026-02-16 05:30:00,4985.335,SHORT,4990.261642857143,4977.945035714286,4.926642857142724,26443
2026-02-16 06:00:00,4988.235,SHORT,4993.207642857143,4980.776035714285,4.97264285714274,26449
2026-02-16 10:20:00,5009.645,LONG,5005.389714285715,5016.02792857143,4.255285714285817,26501
2026-02-16 10:30:00,5005.945,LONG,5001.527571428571,5012.571142857143,4.41742857142864,26503
2026-02-16 13:35:00,4993.415,SHORT,4998.1993571428575,4986.238464285714,4.784357142857126,26540
2026-02-16 14:15:00,4994.695,SHORT,4999.3265,4987.7477499999995,4.63150000000009,26548
2026-02-16 16:05:00,4974.885,SHORT,4980.336714285715,4966.707428571429,5.451714285714388,26570
2026-02-16 16:35:00,4987.115,SHORT,4991.707642857143,4980.226035714285,4.592642857143086,26576
2026-02-16 18:40:00,4995.115,LONG,4992.365642857143,4999.239035714286,2.7493571428570767,26601
2026-02-16 23:00:00,4997.448,LONG,4994.302785714286,5002.165821428572,3.145214285714311,26611
2026-02-16 23:50:00,4993.395,LONG,4987.5400714285715,5002.177392857144,5.85492857142864,26621
2026-02-17 02:20:00,4967.145,SHORT,4972.543857142858,4959.046714285715,5.398857142857131,26651
2026-02-17 03:10:00,4961.215,SHORT,4966.0455,4953.96925,4.830500000000029,26661
2026-02-17 03:55:00,4956.505,SHORT,4961.564785714286,4948.915321428572,5.059785714285551,26670
2026-02-17 04:30:00,4953.505,SHORT,4958.463571428571,4946.067142857143,4.958571428571369,26677
2026-02-17 07:05:00,4908.175,SHORT,4915.592071428571,4897.049392857143,7.41707142857136,26708
2026-02-17 07:25:00,4907.805,SHORT,4914.593785714286,4897.621821428572,6.788785714285625,26712
2026-02-17 08:30:00,4919.365,SHORT,4926.260714285714,4909.021428571428,6.895714285714088,26725
2026-02-17 09:10:00,4921.475,SHORT,4927.8619285714285,4911.894607142858,6.386928571428338,26733
2026-02-17 10:00:00,4927.115,LONG,4921.216642857143,4935.962535714285,5.898357142857094,26743
2026-02-17 10:35:00,4925.975,LONG,4919.733785714287,4935.336821428572,6.241214285714185,26750
2026-02-17 11:45:00,4929.055,LONG,4923.459071428571,4937.448892857143,5.59592857142856,26764
2026-02-17 14:40:00,4869.905,SHORT,4888.487214285714,4842.0316785714285,18.582214285714276,26799
2026-02-17 16:35:00,4878.105,SHORT,4888.416142857142,4862.638285714285,10.31114285714271,26822
2026-02-17 17:05:00,4865.165,SHORT,4874.688785714286,4850.8793214285715,9.523785714285493,26828
2026-02-17 19:35:00,4885.175,LONG,4877.056642857143,4897.352535714286,8.118357142857219,26858
2026-02-17 21:35:00,4878.795,SHORT,4884.085571428572,4870.8591428571435,5.2905714285713135,26882
2026-02-17 23:30:00,4869.025,SHORT,4876.832214285714,4857.314178571428,7.807214285714443,26893
2026-02-18 06:15:00,4927.315,LONG,4923.484285714286,4933.061071428571,3.8307142857142287,26974
2026-02-18 07:00:00,4934.665,LONG,4930.369857142857,4941.107714285714,4.295142857142829,26983
2026-02-18 08:20:00,4926.455,LONG,4922.458928571428,4932.449107142857,3.9960714285714727,26999
2026-02-18 10:10:00,4919.885,SHORT,4924.54,4912.9025,4.655000000000135,27021
2026-02-18 11:40:00,4911.075,SHORT,4914.5455,4905.86925,3.4704999999999018,27039
2026-02-18 11:55:00,4912.735,SHORT,4916.3664285714285,4907.287857142857,3.631428571428517,27042
2026-02-18 17:20:00,4999.385,LONG,4994.715214285715,5006.389678571429,4.669785714285679,27107
2026-02-18 18:00:00,5001.515,LONG,4997.718785714286,5007.2093214285715,3.796214285714281,27115
2026-02-18 18:30:00,4991.185,LONG,4986.5895,4998.0782500000005,4.595499999999902,27121
2026-02-18 19:30:00,4982.775,LONG,4975.116214285714,4994.263178571428,7.658785714285647,27133
2026-02-18 23:30:00,4981.375,SHORT,4986.827214285714,4973.1966785714285,5.4522142857142954,27169
2026-02-19 01:55:00,4972.755,SHORT,4976.719428571429,4966.808357142857,3.9644285714286007,27198
2026-02-19 02:20:00,4968.575,SHORT,4972.804071428572,4962.231392857143,4.229071428571517,27203
2026-02-19 03:35:00,4975.155,SHORT,4978.859285714286,4969.598571428572,3.704285714285691,27218
2026-02-19 04:50:00,4981.758,LONG,4978.124,4987.209,3.6340000000001447,27233
2026-02-19 08:05:00,5010.175,LONG,5006.533571428572,5015.637142857143,3.641428571428605,27272
2026-02-19 08:55:00,5016.885,LONG,5012.645785714286,5023.243821428572,4.239214285714427,27282
2026-02-19 11:20:00,4985.965,SHORT,4991.817214285715,4977.186678571429,5.852214285714256,27311
2026-02-19 13:25:00,4982.488,SHORT,4987.791857142857,4974.532214285715,5.303857142856941,27336
2026-02-19 16:30:00,5002.915,LONG,4995.546642857143,5013.967535714286,7.368357142857219,27373
2026-02-19 17:05:00,4995.925,LONG,4988.521428571428,5007.030357142858,7.4035714285714675,27380
2026-02-19 17:35:00,4995.018,LONG,4988.098714285714,5005.396928571428,6.919285714285771,27386
2026-02-19 19:10:00,4986.735,SHORT,4992.161428571429,4978.595357142856,5.42642857142885,27405
2026-02-19 21:45:00,4998.995,LONG,4995.3823571428575,5004.413964285714,3.6126428571428084,27436
2026-02-19 23:15:00,5000.575,LONG,4995.274785714286,5008.525321428571,5.300214285714252,27442
2026-02-19 23:30:00,4997.995,LONG,4992.624785714285,5006.050321428571,5.37021428571422,27445
2026-02-20 00:30:00,4989.985,SHORT,4995.041928571428,4982.399607142856,5.056928571428606,27457
2026-02-20 03:40:00,4987.075,SHORT,4991.944285714286,4979.771071428571,4.869285714285719,27495
2026-02-20 05:45:00,5006.625,LONG,5002.466357142857,5012.862964285714,4.158642857142825,27520
2026-02-20 10:05:00,5024.665,LONG,5019.968785714285,5031.7093214285715,4.696214285714242,27572
2026-02-20 10:10:00,5025.615,LONG,5020.920428571429,5032.656857142857,4.69457142857144,27573
2026-02-20 11:25:00,5028.575,LONG,5024.001785714286,5035.434821428571,4.57321428571439,27588
2026-02-20 11:40:00,5026.805,LONG,5022.027285714286,5033.971571428572,4.77771428571441,27591
2026-02-20 13:15:00,5029.155,LONG,5023.912642857143,5037.0185357142855,5.24235714285708,27610
2026-02-20 13:40:00,5030.775,LONG,5025.651714285714,5038.4599285714285,5.1232857142856245,27615
2026-02-20 15:25:00,5025.225,LONG,5008.473142857143,5050.352785714286,16.751857142857197,27636
2026-02-20 16:20:00,5050.795,LONG,5037.820785714286,5070.256321428572,12.974214285714359,27647
2026-02-20 18:45:00,5072.148,LONG,5064.653285714286,5083.390071428572,7.494714285714314,27676
2026-02-23 00:20:00,5145.195,LONG,5133.794642857142,5162.2955357142855,11.400357142857176,27731
2026-02-23 03:20:00,5161.585,LONG,5154.7825,5171.78875,6.802500000000042,27767
2026-02-23 05:05:00,5155.945,LONG,5151.057999999999,5163.2755,4.887000000000171,27788
2026-02-23 07:15:00,5144.618,SHORT,5150.711857142857,5135.477214285715,6.093857142857165,27814
2026-02-23 10:35:00,5152.398,LONG,5147.248214285714,5160.122678571429,5.149785714285762,27854
2026-02-23 12:00:00,5153.075,LONG,5148.721428571428,5159.6053571428565,4.3535714285713505,27871
2026-02-23 13:15:00,5155.465,LONG,5150.599071428572,5162.763892857143,4.865928571428542,27886
2026-02-23 13:25:00,5149.445,LONG,5143.915285714285,5157.739571428571,5.529714285714363,27888
2026-02-23 16:20:00,5215.855,LONG,5204.991214285714,5232.150678571428,10.863785714285768,27923
2026-02-23 17:20:00,5209.298,LONG,5202.254642857142,5219.863035714286,7.043357142857141,27935
2026-02-23 18:45:00,5208.775,LONG,5203.235357142857,5217.084464285714,5.539642857142943,27952
2026-02-23 19:40:00,5216.698,LONG,5212.2235,5223.409750000001,4.474500000000002,27963
2026-02-23 21:45:00,5231.205,LONG,5227.2285,5237.16975,3.97650000000015,27988
2026-02-23 23:00:00,5241.998,LONG,5236.683714285714,5249.969428571429,5.314285714285883,27991
2026-02-23 23:10:00,5244.275,LONG,5238.3112142857135,5253.220678571429,5.963785714285872,27993
2026-02-23 23:40:00,5242.255,LONG,5233.926642857143,5254.747535714286,8.328357142857255,27999
2026-02-24 02:50:00,5184.465,SHORT,5193.028214285714,5171.620178571428,8.563214285714366,28037
2026-02-24 03:55:00,5171.765,SHORT,5177.193857142857,5163.621714285715,5.428857142857006,28050
2026-02-24 06:00:00,5180.055,SHORT,5185.747357142857,5171.516464285714,5.692357142857093,28075
2026-02-24 06:30:00,5166.005,SHORT,5172.545928571429,5156.193607142857,6.540928571428594,28081
2026-02-24 07:35:00,5177.875,SHORT,5185.745285714285,5166.069571428571,7.870285714285599,28094
2026-02-24 09:15:00,5171.938,SHORT,5178.099071428572,5162.696392857143,6.161071428571437,28114
2026-02-24 11:55:00,5172.545,SHORT,5176.188857142857,5167.079214285714,3.643857142857217,28146
2026-02-24 12:10:00,5167.355,SHORT,5171.3015,5161.4352499999995,3.9465000000000146,28149
2026-02-24 13:15:00,5152.685,SHORT,5160.784285714286,5140.536071428572,8.099285714285738,28162
2026-02-24 14:45:00,5132.705,SHORT,5148.051214285714,5109.685678571428,15.346214285714268,28180
2026-02-24 16:20:00,5143.075,SHORT,5149.434285714286,5133.536071428571,6.359285714285826,28199
2026-02-24 18:35:00,5157.755,LONG,5153.420642857143,5164.256535714286,4.3343571428571135,28226
2026-02-24 19:10:00,5156.075,LONG,5151.248071428571,5163.315392857143,4.826928571428523,28233
2026-02-24 20:30:00,5170.235,LONG,5165.145214285714,5177.869678571428,5.089785714285687,28249
2026-02-24 23:55:00,5146.365,SHORT,5153.080571428571,5136.2916428571425,6.715571428571366,28278
2026-02-25 03:25:00,5185.995,LONG,5179.421428571429,5195.855357142857,6.5735714285714755,28320
2026-02-25 03:40:00,5183.645,LONG,5176.7185714285715,5194.034642857143,6.926428571428589,28323
2026-02-25 04:35:00,5182.385,LONG,5177.028071428572,5190.420392857143,5.356928571428592,28334
2026-02-25 06:30:00,5192.638,LONG,5185.9055,5202.73675,6.732500000000008,28357
2026-02-25 07:25:00,5189.245,LONG,5184.278785714286,5196.694321428571,4.966214285714289,28368
2026-02-25 08:25:00,5193.235,LONG,5188.7078571428565,5200.0257142857145,4.527142857142995,28380
2026-02-25 09:25:00,5186.515,SHORT,5190.951,5179.861000000001,4.435999999999955,28392
2026-02-25 12:45:00,5181.585,SHORT,5186.120714285715,5174.7814285714285,4.535714285714415,28432
2026-02-25 14:00:00,5186.845,LONG,5182.260928571429,5193.721107142857,4.5840714285714705,28447
2026-02-25 15:30:00,5181.085,LONG,5171.3695,5195.65825,9.715500000000052,28465
2026-02-25 17:55:00,5206.585,LONG,5202.147642857143,5213.241035714286,4.437357142857244,28494
2026-02-25 19:40:00,5203.945,LONG,5198.412071428571,5212.244392857143,5.532928571428589,28515
2026-02-25 20:25:00,5185.835,SHORT,5193.279642857143,5174.668035714286,7.444642857142948,28524
2026-02-25 23:20:00,5170.295,SHORT,5178.9228571428575,5157.353214285714,8.62785714285727,28547
2026-02-25 23:45:00,5166.955,SHORT,5175.814357142857,5153.665964285714,8.859357142857268,28552
2026-02-26 00:30:00,5181.885,SHORT,5190.242285714286,5169.349071428572,8.357285714285679,28561
2026-02-26 02:15:00,5187.805,LONG,5180.321714285715,5199.029928571429,7.483285714285752,28582
2026-02-26 03:00:00,5187.225,LONG,5180.972142857143,5196.604285714286,6.25285714285714,28591
2026-02-26 06:20:00,5196.085,LONG,5191.152285714285,5203.484071428572,4.932714285714545,28631
2026-02-26 06:55:00,5192.935,LONG,5188.617071428572,5199.411892857143,4.317928571428768,28638
2026-02-26 09:15:00,5176.815,SHORT,5183.518571428571,5166.759642857142,6.70357142857152,28666
2026-02-26 09:55:00,5186.215,SHORT,5190.678357142857,5179.519964285714,4.463357142857149,28674
2026-02-26 10:25:00,5178.808,SHORT,5182.661857142857,5173.027214285715,3.8538571428570583,28680
2026-02-26 13:05:00,5172.215,SHORT,5178.5505,5162.71175,6.335500000000073,28712
2026-02-26 16:55:00,5179.395,LONG,5172.118285714287,5190.310071428572,7.276714285714206,28758
2026-02-26 17:30:00,5176.325,LONG,5170.216928571428,5185.487107142857,6.108071428571293,28765
2026-02-26 23:45:00,5183.575,SHORT,5189.066642857143,5175.337535714286,5.4916428571428435,28828
2026-02-27 00:45:00,5173.595,SHORT,5179.501214285714,5164.735678571429,5.906214285714084,28840
2026-02-27 03:00:00,5182.335,SHORT,5187.865,5174.04,5.530000000000006,28867
2026-02-27 04:10:00,5186.315,LONG,5183.110928571428,5191.121107142857,3.204071428571621,28881
2026-02-27 04:20:00,5187.425,LONG,5183.9195,5192.68325,3.505500000000081,28883
2026-02-27 05:00:00,5184.065,LONG,5180.925928571428,5188.773607142857,3.139071428571502,28891
2026-02-27 05:20:00,5188.788,LONG,5185.945142857143,5193.052285714285,2.842857142857156,28895
2026-02-27 06:35:00,5193.725,LONG,5189.5195,5200.03325,4.205499999999899,28910
2026-02-27 08:45:00,5179.075,SHORT,5183.063142857143,5173.092785714285,3.98814285714304,28936
2026-02-27 09:45:00,5176.775,SHORT,5180.388857142857,5171.354214285714,3.6138571428572113,28948
2026-02-27 10:00:00,5172.235,SHORT,5176.2814285714285,5166.165357142857,4.046428571428611,28951
2026-02-27 10:25:00,5173.225,SHORT,5178.1969285714285,5165.767107142858,4.9719285714285695,28956
2026-02-27 11:00:00,5175.775,SHORT,5180.511928571428,5168.669607142857,4.736928571428507,28963
2026-02-27 12:50:00,5186.348,LONG,5183.079,5191.251499999999,3.268999999999908,28985
2026-02-27 15:25:00,5231.195,LONG,5219.6988571428565,5248.439214285714,11.496142857142852,29016
2026-02-27 16:35:00,5235.445,LONG,5225.299071428572,5250.663892857143,10.145928571428483,29030
2026-02-27 17:35:00,5228.465,LONG,5221.960714285714,5238.221428571429,6.504285714285808,29042
2026-02-27 18:00:00,5235.698,LONG,5230.020357142857,5244.214464285715,5.677642857142798,29047
2026-02-27 18:25:00,5230.145,LONG,5224.5575714285715,5238.526142857143,5.587428571428518,29052
2026-02-27 18:50:00,5245.065,LONG,5239.859928571428,5252.872607142856,5.205071428571371,29057
2026-03-02 00:25:00,5364.255,LONG,5349.805214285714,5385.929678571429,14.449785714285683,29112
2026-03-02 01:10:00,5339.675,LONG,5324.260214285715,5362.797178571429,15.41478571428557,29121
2026-03-02 01:50:00,5336.815,LONG,5319.806642857143,5362.327535714286,17.00835714285709,29129
2026-03-02 02:05:00,5327.185,LONG,5310.362357142858,5352.4189642857145,16.822642857142778,29132
2026-03-02 09:05:00,5397.525,LONG,5388.799499999999,5410.613249999999,8.725500000000011,29216
2026-03-02 09:20:00,5396.035,LONG,5387.1299285714285,5409.392607142857,8.905071428571318,29219
2026-03-02 10:05:00,5390.615,LONG,5382.912285714286,5402.1690714285705,7.702714285714137,29228
2026-03-02 10:55:00,5388.945,LONG,5381.243071428571,5400.497892857143,7.7019285714286525,29238
2026-03-02 11:50:00,5378.165,SHORT,5385.9857142857145,5366.433928571429,7.8207142857144,29249
2026-03-02 12:55:00,5396.845,LONG,5389.966642857144,5407.162535714286,6.878357142857047,29262
2026-03-02 13:00:00,5401.055,LONG,5393.707357142857,5412.076464285715,7.34764285714274,29263
2026-03-02 14:05:00,5371.125,SHORT,5384.2197857142855,5351.482821428572,13.094785714285665,29276
2026-03-02 18:00:00,5299.415,SHORT,5309.557857142857,5284.200714285714,10.142857142857208,29323
2026-03-02 21:05:00,5339.095,LONG,5329.6050000000005,5353.33,9.490000000000041,29360
2026-03-02 21:40:00,5331.125,LONG,5325.166785714286,5340.0623214285715,5.958214285714283,29367
2026-03-02 23:10:00,5338.415,LONG,5331.204428571428,5349.2308571428575,7.210571428571517,29373
2026-03-02 23:45:00,5336.485,LONG,5328.887857142857,5347.880714285714,7.597142857142769,29380
2026-03-03 01:15:00,5371.385,LONG,5363.044285714286,5383.896071428571,8.340714285714316,29398
2026-03-03 02:20:00,5353.745,LONG,5342.502142857143,5370.609285714286,11.242857142857181,29411
2026-03-03 07:20:00,5312.425,SHORT,5323.444285714286,5295.896071428571,11.019285714285745,29471
2026-03-03 07:45:00,5324.235,SHORT,5333.026,5311.048499999999,8.791000000000167,29476
2026-03-03 08:05:00,5325.895,SHORT,5333.669357142858,5314.233464285715,7.774357142857298,29480
2026-03-03 08:20:00,5315.815,SHORT,5324.403857142856,5302.9317142857135,8.588857142857185,29483
2026-03-03 08:35:00,5299.755,SHORT,5308.983785714286,5285.911821428572,9.228785714285745,29486
2026-03-03 10:10:00,5272.565,SHORT,5290.049499999999,5246.33825,17.484499999999894,29505
2026-03-03 12:40:00,5202.575,SHORT,5222.265571428571,5173.039142857143,19.690571428571534,29535
2026-03-03 13:35:00,5158.065,SHORT,5179.594071428572,5125.771392857142,21.52907142857157,29546
2026-03-03 16:10:00,5107.685,SHORT,5131.5830000000005,5071.838000000001,23.898000000000074,29577
2026-03-03 16:55:00,5106.365,SHORT,5123.266857142857,5081.0122142857135,16.90185714285729,29586
2026-03-03 17:20:00,5095.585,SHORT,5111.147142857143,5072.2417857142855,15.562142857142915,29591
2026-03-03 19:35:00,5111.135,LONG,5098.327428571429,5130.346357142857,12.807571428571398,29618
2026-03-03 21:10:00,5098.505,SHORT,5109.779071428571,5081.593892857143,11.274071428571201,29637
2026-03-04 00:05:00,5116.195,LONG,5105.262357142857,5132.593964285714,10.932642857142842,29660
2026-03-04 03:35:00,5160.085,LONG,5149.336857142857,5176.207214285714,10.748142857142868,29702
2026-03-04 04:30:00,5170.245,LONG,5162.458142857143,5181.925285714286,7.786857142857116,29713
2026-03-04 05:45:00,5165.995,LONG,5157.318571428571,5179.009642857143,8.676428571428719,29728
2026-03-04 05:55:00,5159.438,LONG,5150.985142857143,5172.1172857142865,8.452857142857283,29730
2026-03-04 06:35:00,5148.095,SHORT,5160.719071428572,5129.158892857144,12.624071428571304,29738
2026-03-04 09:05:00,5165.375,LONG,5155.825642857143,5179.699035714286,9.54935714285713,29768
2026-03-04 10:45:00,5187.175,LONG,5180.312571428572,5197.468642857143,6.862428571428544,29788
2026-03-04 13:40:00,5188.145,LONG,5178.601642857143,5202.460035714286,9.543357142857205,29823
2026-03-04 16:05:00,5149.295,SHORT,5162.8535,5128.9572499999995,13.558500000000095,29852
2026-03-04 17:55:00,5140.935,SHORT,5149.474285714286,5128.126071428572,8.539285714285857,29874
2026-03-04 18:50:00,5130.105,SHORT,5140.100714285714,5115.1114285714275,9.995714285714516,29885
2026-03-04 23:00:00,5151.998,LONG,5145.914928571428,5161.122607142856,6.0830714285713965,29923
2026-03-04 23:05:00,5151.848,LONG,5145.474714285714,5161.407928571429,6.37328571428569,29924
2026-03-05 01:45:00,5175.405,LONG,5167.832357142857,5186.763964285714,7.57264285714278,29956
2026-03-05 02:25:00,5183.855,LONG,5176.922857142857,5194.2532142857135,6.932142857142805,29964
2026-03-05 03:00:00,5192.405,LONG,5185.3395,5203.00325,7.065499999999831,29971
2026-03-05 04:00:00,5181.975,LONG,5176.734428571429,5189.835857142857,5.240571428571327,29983
2026-03-05 07:40:00,5159.885,SHORT,5167.346428571429,5148.692857142857,7.461428571428574,30027
2026-03-05 08:15:00,5139.438,SHORT,5145.686571428571,5130.065142857143,6.248571428571332,30034
2026-03-05 09:45:00,5164.325,LONG,5155.771928571428,5177.154607142857,8.553071428571457,30052
2026-03-05 11:55:00,5163.655,LONG,5159.468785714285,5169.934321428571,4.1862142857140885,30078
2026-03-05 12:30:00,5166.035,LONG,5161.291357142857,5173.150464285714,4.743642857142731,30085
2026-03-05 13:05:00,5148.775,SHORT,5154.564071428571,5140.091392857143,5.789071428571463,30092
2026-03-05 16:00:00,5093.595,SHORT,5109.893071428572,5069.147892857143,16.29807142857148,30127
2026-03-05 18:15:00,5070.815,SHORT,5080.226285714285,5056.698071428571,9.411285714285766,30154
2026-03-05 18:45:00,5078.815,SHORT,5088.004999999999,5065.03,9.190000000000055,30160
2026-03-05 20:55:00,5076.405,SHORT,5085.230285714286,5063.167071428571,8.825285714285721,30186
2026-03-05 23:00:00,5089.098,LONG,5083.493428571429,5097.504857142857,5.60457142857136,30199
2026-03-06 00:15:00,5090.225,LONG,5081.808785714286,5102.849321428572,8.416214285714302,30214
2026-03-06 00:40:00,5083.425,LONG,5075.454285714286,5095.381071428572,7.970714285714296,30219
2026-03-06 01:25:00,5085.545,LONG,5076.493785714286,5099.121821428572,9.051214285714325,30228
2026-03-06 04:35:00,5130.045,LONG,5126.2085,5135.79975,3.836500000000082,30266
2026-03-06 05:00:00,5128.435,LONG,5124.654,5134.1065,3.780999999999949,30271
2026-03-06 05:25:00,5129.635,LONG,5125.289000000001,5136.154,4.345999999999874,30276
2026-03-06 06:55:00,5115.395,SHORT,5120.935071428572,5107.084892857143,5.540071428571276,30294
2026-03-06 07:25:00,5114.345,SHORT,5119.568857142857,5106.509214285715,5.223857142857144,30300
2026-03-06 08:05:00,5116.295,SHORT,5121.658571428571,5108.249642857143,5.363571428571374,30308
2026-03-06 09:05:00,5099.635,SHORT,5106.348285714286,5089.565071428572,6.713285714285705,30320
2026-03-06 10:30:00,5085.525,SHORT,5093.734357142856,5073.210964285714,8.209357142857113,30337
2026-03-06 11:25:00,5094.325,SHORT,5101.047142857143,5084.2417857142855,6.722142857142899,30348
2026-03-06 11:50:00,5078.035,SHORT,5085.102642857142,5067.433535714285,7.0676428571428005,30353
2026-03-06 12:55:00,5082.735,SHORT,5090.964285714285,5070.391071428571,8.229285714285782,30366
2026-03-06 13:25:00,5082.138,SHORT,5090.2320714285715,5069.9968928571425,8.094071428571494,30372
2026-03-06 14:15:00,5097.785,LONG,5082.4839999999995,5120.7365,15.30100000000006,30382
2026-03-06 16:00:00,5149.355,LONG,5134.0785,5172.2697499999995,15.276500000000008,30403
2026-03-06 17:05:00,5135.655,LONG,5125.556428571428,5150.802857142857,10.098571428571436,30416
2026-03-06 17:30:00,5150.325,LONG,5140.810714285714,5164.596428571428,9.514285714285636,30421
2026-03-06 19:45:00,5160.125,LONG,5153.602857142857,5169.908214285714,6.522142857142886,30448
2026-03-06 20:20:00,5158.065,LONG,5152.610928571428,5166.246107142857,5.454071428571491,30455
2026-03-06 20:35:00,5155.135,LONG,5149.5895,5163.4532500000005,5.54550000000011,30458
2026-03-09 01:25:00,5071.475,SHORT,5088.4526428571435,5046.008535714286,16.977642857142914,30516
2026-03-09 02:15:00,5078.465,SHORT,5093.218142857143,5056.335285714286,14.753142857142718,30526
2026-03-09 05:00:00,5094.445,LONG,5088.7307142857135,5103.016428571428,5.714285714285779,30559
2026-03-09 05:40:00,5120.605,LONG,5111.472428571428,5134.303857142857,9.132571428571412,30567
2026-03-09 07:25:00,5106.465,LONG,5098.029500000001,5119.11825,8.435499999999982,30588
2026-03-09 09:55:00,5104.965,LONG,5095.42,5119.2825,9.544999999999943,30618
2026-03-09 12:10:00,5096.165,SHORT,5103.3787142857145,5085.344428571429,7.213714285714494,30645
2026-03-09 13:05:00,5091.358,SHORT,5098.169857142857,5081.140214285714,6.811857142857077,30656
2026-03-09 15:00:00,5086.655,SHORT,5100.221071428571,5066.305892857143,13.566071428571377,30679
2026-03-09 22:40:00,5135.985,LONG,5126.7826428571425,5149.788535714285,9.202357142857116,30759
2026-03-10 00:55:00,5130.805,LONG,5124.280857142858,5140.591214285714,6.524142857142773,30786
2026-03-10 01:15:00,5150.275,LONG,5141.893,5162.848,8.381999999999996,30790
2026-03-10 03:50:00,5158.845,LONG,5152.4800000000005,5168.392500000001,6.365000000000172,30821
2026-03-10 05:10:00,5172.815,LONG,5168.715857142856,5178.963714285714,4.099142857142981,30837
2026-03-10 06:35:00,5178.215,LONG,5173.5257142857145,5185.248928571429,4.689285714285753,30854
2026-03-10 07:00:00,5177.205,LONG,5172.7471428571425,5183.891785714286,4.457857142857198,30859
2026-03-10 08:25:00,5183.995,LONG,5178.013214285714,5192.967678571428,5.981785714285771,30876
2026-03-10 09:40:00,5187.305,LONG,5181.677785714286,5195.745821428572,5.627214285714347,30891
2026-03-10 14:10:00,5195.035,LONG,5184.549928571429,5210.762607142858,10.485071428571635,30945
2026-03-10 15:05:00,5216.565,LONG,5207.472571428571,5230.203642857143,9.092428571428561,30956
2026-03-10 16:30:00,5233.155,LONG,5226.819285714286,5242.658571428571,6.335714285714338,30973
2026-03-10 17:00:00,5228.885,LONG,5224.166142857142,5235.963285714286,4.718857142857424,30979
2026-03-10 19:25:00,5200.665,SHORT,5210.9857142857145,5185.183928571429,10.320714285714141,31008
2026-03-10 20:00:00,5196.598,SHORT,5205.315142857143,5183.522285714285,8.717142857142855,31015
2026-03-10 22:45:00,5189.935,SHORT,5196.391571428572,5180.250142857143,6.456571428571546,31036
2026-03-10 23:35:00,5192.675,SHORT,5197.7267142857145,5185.097428571428,5.051714285714362,31046
2026-03-11 00:00:00,5190.005,SHORT,5194.680714285714,5182.9914285714285,4.675714285714288,31051
2026-03-11 05:20:00,5202.485,SHORT,5205.793142857143,5197.522785714285,3.308142857142879,31115
2026-03-11 05:45:00,5197.575,SHORT,5202.104785714286,5190.780321428571,4.5297857142856754,31120
2026-03-11 06:20:00,5203.455,SHORT,5208.724071428571,5195.551392857143,5.269071428571286,31127
2026-03-11 06:40:00,5194.605,SHORT,5200.0383571428565,5186.454964285715,5.4333571428569485,31131
2026-03-11 07:15:00,5196.535,SHORT,5201.6588571428565,5188.849214285714,5.123857142856975,31138
2026-03-11 10:30:00,5184.115,SHORT,5188.723357142857,5177.202464285714,4.60835714285713,31177
2026-03-11 11:15:00,5181.198,SHORT,5186.882785714286,5172.670821428572,5.684785714285681,31186
2026-03-11 11:40:00,5184.725,SHORT,5190.6965,5175.767750000001,5.971499999999911,31191
2026-03-11 12:20:00,5190.485,SHORT,5196.442928571428,5181.548107142857,5.957928571428446,31199
2026-03-11 12:45:00,5176.645,SHORT,5184.148571428572,5165.389642857143,7.503571428571441,31204
2026-03-11 13:30:00,5175.805,SHORT,5184.764714285715,5162.365428571429,8.959714285714329,31213
2026-03-11 16:40:00,5174.025,SHORT,5180.335,5164.5599999999995,6.310000000000075,31251
2026-03-11 19:10:00,5172.255,SHORT,5175.4150714285715,5167.514892857143,3.1600714285714275,31281
2026-03-12 05:20:00,5141.195,SHORT,5145.125071428572,5135.299892857142,3.930071428571474,31391
2026-03-12 05:50:00,5152.978,SHORT,5157.902071428572,5145.591892857143,4.924071428571551,31397
2026-03-12 11:20:00,5178.755,LONG,5174.731714285715,5184.789928571428,4.023285714285586,31463
2026-03-12 12:35:00,5169.725,SHORT,5174.725928571429,5162.223607142858,5.000928571428501,31478
2026-03-12 16:25:00,5131.448,SHORT,5138.525142857143,5120.832285714286,7.077142857142852,31524
2026-03-12 23:10:00,5090.285,SHORT,5096.082142857143,5081.589285714285,5.797142857142782,31593
2026-03-12 23:25:00,5093.875,SHORT,5099.043071428571,5086.122892857143,5.168071428571433,31596
2026-03-13 02:25:00,5121.285,LONG,5115.6152142857145,5129.789678571428,5.669785714285679,31632
2026-03-13 02:50:00,5115.005,LONG,5109.721642857143,5122.930035714286,5.283357142857118,31637
2026-03-13 03:55:00,5115.435,LONG,5111.228071428572,5121.745392857143,4.206928571428632,31650
2026-03-13 06:10:00,5103.775,SHORT,5108.9950714285715,5095.944892857143,5.220071428571438,31677
2026-03-13 07:50:00,5084.205,SHORT,5090.848357142857,5074.239964285714,6.64335714285705,31697
2026-03-13 08:40:00,5075.845,SHORT,5083.432142857143,5064.464285714286,7.58714285714281,31707
2026-03-13 08:50:00,5081.875,SHORT,5089.684285714286,5070.161071428572,7.809285714285644,31709
2026-03-13 09:05:00,5091.785,SHORT,5099.951428571429,5079.535357142857,8.1664285714285,31712
2026-03-13 13:20:00,5113.335,LONG,5107.157857142857,5122.600714285714,6.177142857142956,31763
2026-03-13 13:35:00,5106.565,LONG,5099.685714285713,5116.883928571428,6.879285714285937,31766
2026-03-13 14:00:00,5105.255,LONG,5097.817142857143,5116.411785714286,7.437857142857346,31771
2026-03-13 16:40:00,5044.085,SHORT,5056.188857142857,5025.929214285714,12.103857142857382,31803
2026-03-13 17:50:00,5045.455,SHORT,5052.411214285714,5035.020678571428,6.9562142857143305,31817
2026-03-13 20:45:00,5018.288,SHORT,5024.968714285714,5008.266928571428,6.680714285714267,31852
2026-03-15 23:15:00,5001.885,SHORT,5010.890928571429,4988.376107142858,9.005928571428415,31870
2026-03-16 00:05:00,5019.675,SHORT,5033.105714285714,4999.528928571429,13.430714285714137,31880
2026-03-16 02:45:00,5000.695,SHORT,5007.476214285714,4990.523178571428,6.781214285714408,31912
2026-03-16 05:50:00,5019.575,LONG,5015.227142857143,5026.096785714286,4.3478571428572,31949
2026-03-16 08:55:00,4990.875,SHORT,4998.444285714286,4979.521071428571,7.569285714285668,31986
2026-03-16 17:25:00,4995.835,SHORT,5002.164571428571,4986.3406428571425,6.329571428571463,32088
2026-03-16 17:45:00,4985.945,SHORT,4991.473642857142,4977.652035714285,5.52864285714278,32092
2026-03-16 20:05:00,5018.435,LONG,5012.840714285715,5026.8264285714295,5.594285714285759,32120
2026-03-16 20:45:00,5009.255,LONG,5004.89,5015.8025,4.364999999999911,32128
2026-03-17 00:30:00,5002.025,SHORT,5006.867142857142,4994.761785714285,4.842142857142919,32161
2026-03-17 00:45:00,5000.155,SHORT,5005.357142857142,4992.351785714285,5.202142857142852,32164
2026-03-17 01:15:00,5008.495,SHORT,5014.099071428572,5000.088892857143,5.604071428571452,32170
2026-03-17 04:25:00,5032.325,LONG,5029.005142857142,5037.304785714286,3.3198571428572774,32208
2026-03-17 07:40:00,5022.935,SHORT,5027.786642857143,5015.657535714286,4.851642857142971,32247
2026-03-17 08:50:00,5023.435,LONG,5018.150928571429,5031.361107142858,5.284071428571418,32261
2026-03-17 09:30:00,5014.685,SHORT,5019.7205,5007.1317500000005,5.035499999999956,32269
2026-03-17 11:25:00,5006.865,SHORT,5012.214571428571,4998.840642857143,5.349571428571186,32292
2026-03-17 13:00:00,5016.895,LONG,5011.749000000001,5024.6140000000005,5.146000000000056,32311
2026-03-17 13:30:00,5024.105,LONG,5018.199928571428,5032.9626071428565,5.905071428571383,32317
2026-03-17 13:35:00,5025.295,LONG,5019.222785714286,5034.403321428572,6.072214285714251,32318
2026-03-17 15:10:00,5008.155,SHORT,5015.262428571428,4997.493857142857,7.1074285714285,32337
2026-03-17 15:30:00,4993.525,SHORT,5001.463642857142,4981.6170357142855,7.93864285714283,32341
2026-03-17 16:45:00,4998.865,SHORT,5004.956,4989.728499999999,6.091000000000155,32356
2026-03-17 17:10:00,5003.125,SHORT,5007.756714285714,4996.177428571428,4.631714285714419,32361
2026-03-17 17:25:00,5002.495,SHORT,5006.613357142857,4996.317464285714,4.118357142857284,32364
2026-03-17 18:35:00,5001.985,SHORT,5005.4697857142855,4996.757821428571,3.484785714285668,32378
2026-03-17 19:55:00,5000.055,SHORT,5003.417428571429,4995.011357142857,3.3624285714286737,32394
2026-03-17 20:35:00,5003.658,SHORT,5006.583500000001,4999.26975,2.9255000000001536,32402
2026-03-17 22:15:00,5000.715,SHORT,5003.804928571429,4996.080107142858,3.0899285714285725,32410
2026-03-17 23:10:00,4998.955,SHORT,5002.735285714286,4993.284571428571,3.7802857142856476,32421
2026-03-18 00:45:00,5005.115,LONG,5001.792785714286,5010.098321428572,3.322214285714381,32440
2026-03-18 01:00:00,5008.175,LONG,5003.957071428572,5014.5018928571435,4.217928571428599,32443
2026-03-18 01:15:00,5012.365,LONG,5008.128285714285,5018.720071428571,4.236714285714307,32446
2026-03-18 02:20:00,5001.638,SHORT,5006.290857142857,4994.658714285714,4.652857142857101,32459
2026-03-18 03:40:00,4994.448,SHORT,4998.3445,4988.60325,3.8964999999999628,32475
2026-03-18 05:10:00,4989.875,SHORT,4993.394785714286,4984.595321428572,3.5197857142856526,32493
2026-03-18 05:45:00,4997.598,SHORT,5002.3451428571425,4990.477285714286,4.747142857142795,32500
2026-03-18 07:25:00,5008.955,LONG,5005.5461428571425,5014.068285714286,3.4088571428570895,32520
2026-03-18 10:10:00,4988.725,SHORT,4992.446428571429,4983.142857142858,3.7214285714285325,32553
2026-03-18 10:30:00,4980.365,SHORT,4984.478357142857,4974.194964285714,4.113357142856979,32557
2026-03-18 14:10:00,4880.625,SHORT,4894.777928571429,4859.3956071428565,14.152928571428674,32601
2026-03-18 16:55:00,4886.615,SHORT,4892.800285714286,4877.337071428571,6.185285714285783,32634
2026-03-18 18:30:00,4876.855,SHORT,4885.279785714285,4864.217821428571,8.424785714285722,32653
2026-03-18 18:35:00,4875.805,SHORT,4884.609285714286,4862.598571428572,8.804285714285665,32654
2026-03-18 22:10:00,4818.095,SHORT,4828.721214285714,4802.155678571429,10.626214285714273,32685
2026-03-18 22:50:00,4832.435,SHORT,4843.451714285715,4815.909928571429,11.016714285714313,32693
2026-03-19 02:05:00,4847.025,LONG,4838.368785714285,4860.009321428571,8.656214285714213,32732
2026-03-19 03:10:00,4864.045,LONG,4858.118785714286,4872.934321428572,5.92621428571426,32745
2026-03-19 03:40:00,4856.005,LONG,4850.389071428572,4864.428892857143,5.615928571428477,32751
2026-03-19 04:30:00,4850.865,LONG,4847.511642857143,4855.895035714286,3.3533571428570212,32761
2026-03-19 05:10:00,4850.295,LONG,4846.812785714286,4855.518321428572,3.4822142857142353,32769
2026-03-19 10:10:00,4704.215,SHORT,4719.780714285715,4680.8664285714285,15.565714285714225,32829
2026-03-19 11:10:00,4685.865,SHORT,4700.739214285714,4663.5536785714285,14.87421428571419,32841
2026-03-19 14:55:00,4601.605,SHORT,4624.750214285714,4566.887178571428,23.145214285714115,32886
2026-03-19 16:25:00,4599.015,SHORT,4615.8799285714285,4573.717607142858,16.864928571428468,32904
2026-03-19 18:45:00,4607.405,SHORT,4617.282857142857,4592.588214285714,9.877857142857206,32932
2026-03-19 19:10:00,4656.905,LONG,4644.625,4675.325,12.280000000000134,32937
2026-03-19 22:50:00,4648.035,LONG,4638.346428571428,4662.567857142857,9.688571428571388,32969
2026-03-19 23:15:00,4645.165,LONG,4635.855928571428,4659.128607142857,9.30907142857138,32974
2026-03-20 00:00:00,4651.455,LONG,4644.190714285714,4662.351428571428,7.264285714285636,32983
2026-03-20 00:35:00,4653.095,LONG,4645.440714285714,4664.576428571429,7.654285714285639,32990
2026-03-20 01:00:00,4669.155,LONG,4659.898571428571,4683.039642857142,9.256428571428453,32995
2026-03-20 01:40:00,4686.095,LONG,4674.591428571429,4703.350357142857,11.503571428571442,33003
2026-03-20 04:50:00,4722.365,LONG,4717.571428571428,4729.555357142857,4.79357142857147,33041
2026-03-20 08:55:00,4693.595,LONG,4683.255,4709.1050000000005,10.340000000000146,33090
2026-03-20 11:45:00,4665.445,SHORT,4675.5142857142855,4650.341071428571,10.069285714285668,33124
2026-03-20 12:10:00,4685.335,SHORT,4694.252142857143,4671.959285714286,8.917142857142867,33129
2026-03-20 13:00:00,4670.285,SHORT,4680.614071428571,4654.7913928571425,10.329071428571492,33139
2026-03-20 13:20:00,4662.185,SHORT,4672.711928571429,4646.394607142857,10.526928571428666,33143
2026-03-20 13:45:00,4651.595,SHORT,4664.204285714286,4632.681071428571,12.609285714285761,33148
2026-03-20 16:05:00,4571.515,SHORT,4587.246714285715,4547.917428571429,15.731714285714329,33176
2026-03-20 16:20:00,4596.145,SHORT,4612.464571428572,4571.665642857143,16.31957142857144,33179
2026-03-20 17:10:00,4581.785,SHORT,4596.243642857143,4560.097035714285,14.458642857142943,33189
2026-03-20 17:30:00,4561.605,SHORT,4574.3757857142855,4542.448821428571,12.770785714285791,33193
2026-03-20 18:00:00,4569.965,SHORT,4581.083571428571,4553.287142857143,11.118571428571418,33199
2026-03-20 20:30:00,4500.015,SHORT,4511.009285714286,4483.523571428572,10.994285714285914,33229
2026-03-22 22:25:00,4524.025,SHORT,4540.239428571428,4499.7033571428565,16.21442857142847,33240
2026-03-22 23:05:00,4494.708,SHORT,4514.105428571428,4465.611857142857,19.397428571428595,33248
2026-03-23 00:00:00,4440.065,SHORT,4456.450285714285,4415.487071428571,16.385285714285796,33259
2026-03-23 01:25:00,4421.495,SHORT,4454.8129285714285,4371.518107142857,33.317928571428574,33276
2026-03-23 04:25:00,4368.375,SHORT,4379.2,4352.1375,10.824999999999948,33312
2026-03-23 04:45:00,4368.525,SHORT,4378.534071428571,4353.511392857143,10.009071428571392,33316
2026-03-23 05:35:00,4326.295,SHORT,4339.9220000000005,4305.8545,13.627000000000018,33326
2026-03-23 12:05:00,4368.305,LONG,4319.4322142857145,4441.614178571429,48.872785714285655,33404
2026-03-23 13:30:00,4416.778,LONG,4390.411571428572,4456.3276428571435,26.366428571428646,33421
2026-03-23 13:55:00,4453.975,LONG,4427.923714285715,4493.051928571429,26.05128571428577,33426
2026-03-23 15:00:00,4469.595,LONG,4447.085214285715,4503.359678571429,22.509785714285822,33439
2026-03-23 18:25:00,4425.895,LONG,4410.935214285714,4448.334678571429,14.959785714285838,33480
2026-03-23 20:50:00,4407.515,SHORT,4416.961428571429,4393.345357142857,9.446428571428637,33509
2026-03-23 22:20:00,4398.885,SHORT,4411.680785714286,4379.691321428571,12.795785714285753,33515
2026-03-24 02:45:00,4363.325,SHORT,4383.214785714285,4333.490321428571,19.889785714285868,33568
2026-03-24 04:40:00,4340.645,SHORT,4350.261928571429,4326.219607142858,9.616928571428486,33591
2026-03-24 05:20:00,4339.235,SHORT,4350.079285714285,4322.968571428571,10.844285714285759,33599
2026-03-24 06:10:00,4366.155,SHORT,4381.529071428571,4343.093892857143,15.374071428571304,33609
2026-03-24 08:25:00,4396.295,LONG,4383.424571428572,4415.600642857143,12.87042857142842,33636
2026-03-24 09:30:00,4411.165,LONG,4400.508714285715,4427.149428571429,10.65628571428572,33649
2026-03-24 11:05:00,4412.618,LONG,4397.951928571429,4434.617107142858,14.666071428571545,33668
2026-03-24 14:10:00,4394.685,SHORT,4410.913214285714,4370.342678571429,16.228214285714266,33705
2026-03-24 15:20:00,4413.638,LONG,4397.8865,4437.26525,15.751500000000046,33719
2026-03-24 20:00:00,4399.125,SHORT,4406.3896428571425,4388.228035714285,7.264642857142852,33775
2026-03-25 03:20:00,4577.135,LONG,4569.3051428571425,4588.879785714286,7.829857142857301,33851
2026-03-25 04:00:00,4572.848,LONG,4566.224357142857,4582.783464285714,6.62364285714297,33859
2026-03-25 04:35:00,4571.885,LONG,4566.6552142857145,4579.729678571429,5.2297857142858835,33866
2026-03-25 06:35:00,4546.105,SHORT,4555.126214285714,4532.573178571428,9.021214285714255,33890
2026-03-25 07:30:00,4554.648,SHORT,4560.837071428572,4545.364392857143,6.189071428571489,33901
2026-03-25 07:40:00,4546.348,SHORT,4553.153071428572,4536.140392857143,6.805071428571539,33903
2026-03-25 08:20:00,4562.315,SHORT,4570.692285714285,4549.7490714285705,8.377285714285856,33911
2026-03-25 10:30:00,4553.425,SHORT,4561.430071428572,4541.417392857144,8.005071428571357,33937
2026-03-25 11:00:00,4565.855,LONG,4559.478499999999,4575.419749999999,6.376499999999916,33943
2026-03-25 13:20:00,4558.425,SHORT,4572.536285714286,4537.258071428571,14.111285714285714,33971
2026-03-25 13:45:00,4551.855,SHORT,4563.886285714285,4533.808071428571,12.03128571428572,33976
2026-03-25 14:20:00,4547.665,SHORT,4559.604857142857,4529.755214285714,11.939857142857168,33983
2026-03-25 15:10:00,4549.615,SHORT,4559.290714285714,4535.101428571428,9.67571428571416,33993
2026-03-25 15:55:00,4558.725,SHORT,4568.211571428572,4544.495142857143,9.486571428571422,34002
2026-03-25 18:05:00,4551.555,SHORT,4561.047500000001,4537.31625,9.492500000000032,34028
2026-03-25 20:05:00,4526.945,SHORT,4540.202428571429,4507.058857142857,13.25742857142872,34052
2026-03-25 22:15:00,4507.975,SHORT,4517.554071428572,4493.606392857143,9.579071428571426,34066
2026-03-25 22:50:00,4516.385,SHORT,4527.496,4499.7185,11.111000000000006,34073
2026-03-25 23:15:00,4506.208,SHORT,4517.002071428571,4490.016892857142,10.794071428571572,34078
2026-03-26 00:15:00,4527.025,SHORT,4537.176642857143,4511.797535714285,10.151642857143088,34090
2026-03-26 01:50:00,4529.925,LONG,4520.8468571428575,4543.542214285714,9.078142857142796,34109
2026-03-26 04:30:00,4519.528,SHORT,4524.102428571429,4512.666357142857,4.574428571428728,34141
2026-03-26 05:20:00,4504.725,SHORT,4509.068928571429,4498.209107142858,4.343928571428672,34151
2026-03-26 08:20:00,4431.435,SHORT,4442.062214285715,4415.494178571429,10.627214285714217,34187
2026-03-26 10:50:00,4439.645,SHORT,4449.952214285715,4424.184178571429,10.307214285714249,34217
2026-03-26 11:55:00,4422.795,SHORT,4432.148857142857,4408.764214285714,9.353857142857189,34230
2026-03-26 12:15:00,4436.405,SHORT,4446.871,4420.705999999999,10.46600000000009,34234
2026-03-26 13:10:00,4438.005,SHORT,4448.202214285714,4422.709178571428,10.197214285714251,34245
2026-03-26 13:40:00,4453.295,LONG,4441.7275714285715,4470.646142857143,11.567428571428731,34251
2026-03-26 18:50:00,4393.795,SHORT,4402.115285714286,4381.314571428571,8.320285714285806,34313
2026-03-26 19:40:00,4378.525,SHORT,4385.949642857143,4367.388035714285,7.424642857142966,34323
2026-03-26 22:35:00,4408.595,LONG,4394.016928571429,4430.462107142857,14.578071428571548,34346
2026-03-26 22:55:00,4410.398,LONG,4397.013142857143,4430.475285714286,13.384857142857268,34350
2026-03-26 23:25:00,4399.165,LONG,4388.8300714285715,4414.667392857143,10.334928571428593,34356
2026-03-27 01:15:00,4390.708,SHORT,4398.461357142856,4379.077964285714,7.753357142857047,34378
2026-03-27 07:35:00,4453.095,LONG,4446.539714285715,4462.927928571429,6.555285714285674,34454
2026-03-27 09:30:00,4433.565,SHORT,4440.787642857143,4422.731035714286,7.2226428571426755,34477
2026-03-27 11:55:00,4419.745,SHORT,4426.717428571428,4409.286357142857,6.972428571428736,34506
2026-03-27 12:20:00,4422.185,SHORT,4429.573571428572,4411.102142857143,7.38857142857153,34511
2026-03-27 13:55:00,4430.675,LONG,4420.099642857143,4446.538035714286,10.575357142857229,34530
2026-03-27 14:10:00,4459.305,LONG,4446.084214285715,4479.136178571429,13.22078571428574,34533
2026-03-27 16:40:00,4510.955,LONG,4501.740928571428,4524.776107142858,9.214071428571515,34563
2026-03-27 17:30:00,4497.355,LONG,4487.604928571428,4511.980107142857,9.750071428571573,34573
2026-03-27 18:10:00,4498.225,LONG,4488.959000000001,4512.124000000001,9.266000000000076,34581
2026-03-27 19:25:00,4522.615,LONG,4514.765285714286,4534.389571428571,7.849714285714201,34596
2026-03-27 19:50:00,4515.385,LONG,4507.903357142857,4526.607464285715,7.481642857142755,34601
2026-03-30 00:35:00,4447.375,SHORT,4461.974071428572,4425.476392857143,14.599071428571474,34646
2026-03-30 01:20:00,4453.945,SHORT,4467.726928571428,4433.272107142857,13.78192857142858,34655
2026-03-30 01:35:00,4467.125,SHORT,4479.671714285714,4448.304928571429,12.546714285714254,34658
2026-03-30 07:10:00,4533.845,LONG,4525.451214285715,4546.435678571428,8.393785714285514,34725
2026-03-30 08:30:00,4532.615,LONG,4525.7699999999995,4542.8825,6.84500000000006,34741
2026-03-30 09:20:00,4530.845,LONG,4524.125928571429,4540.923607142858,6.7190714285714295,34751
2026-03-30 09:35:00,4533.415,LONG,4526.6152142857145,4543.614678571428,6.799785714285657,34754
2026-03-30 11:05:00,4534.595,LONG,4528.71,4543.422500000001,5.885000000000024,34772
2026-03-30 12:15:00,4566.955,LONG,4556.467571428571,4582.686142857143,10.487428571428675,34786
2026-03-30 13:35:00,4559.765,LONG,4550.868,4573.110500000001,8.897,34802
2026-03-30 15:10:00,4532.625,SHORT,4543.672428571429,4516.053857142857,11.04742857142862,34821
2026-03-30 16:45:00,4541.545,SHORT,4548.908142857143,4530.500285714285,7.36314285714291,34840
2026-03-30 17:10:00,4522.525,SHORT,4529.719357142857,4511.733464285714,7.194357142857241,34845
2026-03-30 19:35:00,4505.135,SHORT,4512.586428571429,4493.957857142857,7.451428571428551,34874
2026-03-30 20:05:00,4509.035,SHORT,4516.408571428571,4497.9746428571425,7.373571428571332,34880
2026-03-30 22:10:00,4507.835,SHORT,4512.943642857143,4500.172035714286,5.108642857142773,34893
2026-03-30 22:30:00,4512.515,SHORT,4518.514785714286,4503.515321428572,5.999785714285541,34897
2026-03-31 03:45:00,4552.555,LONG,4543.755214285715,4565.7546785714285,8.799785714285722,34960
2026-03-31 04:40:00,4563.615,LONG,4557.6025714285715,4572.633642857143,6.012428571428635,34971
2026-03-31 05:30:00,4575.205,LONG,4568.0545,4585.9307499999995,7.150499999999803,34981
2026-03-31 07:05:00,4556.325,SHORT,4562.902142857142,4546.459285714285,6.577142857142852,35000
2026-03-31 07:45:00,4558.145,SHORT,4564.766857142858,4548.212214285715,6.621857142857152,35008
2026-03-31 08:05:00,4566.978,SHORT,4574.132,4556.247,7.153999999999996,35012
2026-03-31 11:25:00,4574.935,SHORT,4585.406642857143,4559.227535714286,10.471642857142731,35052
2026-03-31 12:50:00,4573.895,LONG,4564.608714285715,4587.824428571429,9.286285714285766,35069
2026-03-31 13:45:00,4589.505,LONG,4580.714,4602.6915,8.791000000000038,35080
2026-03-31 15:40:00,4620.555,LONG,4611.331642857143,4634.390035714286,9.223357142856978,35103
2026-03-31 16:20:00,4617.605,LONG,4609.1531428571425,4630.282785714285,8.45185714285695,35111
2026-03-31 20:30:00,4675.145,LONG,4669.316428571429,4683.887857142858,5.828571428571389,35161
2026-03-31 22:20:00,4680.935,LONG,4672.933857142858,4692.9367142857145,8.001142857142895,35171
2026-04-01 01:10:00,4707.535,LONG,4696.6723571428565,4723.828964285714,10.862642857143069,35205
2026-04-01 01:25:00,4707.995,LONG,4696.600714285714,4725.086428571429,11.394285714285745,35208
2026-04-01 01:40:00,4687.525,LONG,4675.984285714286,4704.836071428571,11.5407142857142,35211
2026-04-01 06:25:00,4709.225,LONG,4701.382785714286,4720.988321428572,7.8422142857144275,35268
2026-04-01 08:30:00,4732.495,LONG,4722.125928571429,4748.048607142857,10.36907142857139,35293
2026-04-01 09:20:00,4720.775,LONG,4714.313999999999,4730.4664999999995,6.461000000000046,35303
2026-04-01 10:15:00,4719.695,LONG,4713.7516428571425,4728.610035714285,5.943357142857102,35314
2026-04-01 10:25:00,4728.115,LONG,4721.606642857143,4737.877535714286,6.5083571428571565,35316
2026-04-01 12:25:00,4734.91,LONG,4726.857928571429,4746.988107142857,8.052071428571383,35340
2026-04-01 13:30:00,4738.475,LONG,4726.507928571429,4756.425607142858,11.967071428571542,35353
2026-04-01 14:00:00,4743.858,LONG,4733.160857142857,4759.903714285714,10.697142857142873,35359
2026-04-01 14:25:00,4741.985,LONG,4730.371928571428,4759.404607142857,11.613071428571468,35364
2026-04-01 17:35:00,4782.325,LONG,4777.194285714286,4790.021071428571,5.130714285714475,35402
2026-04-01 20:25:00,4761.855,SHORT,4767.968,4752.6855,6.113000000000219,35436
2026-04-01 23:50:00,4785.355,LONG,4778.559071428571,4795.548892857142,6.795928571428639,35465
2026-04-02 00:05:00,4789.995,LONG,4782.785285714285,4800.809571428571,7.209714285714329,35468
2026-04-02 01:05:00,4746.495,LONG,4734.893071428572,4763.897892857143,11.601928571428614,35480
2026-04-02 01:15:00,4727.175,SHORT,4740.8390714285715,4706.678892857143,13.664071428571463,35482
2026-04-02 08:40:00,4630.415,SHORT,4639.797142857143,4616.341785714286,9.382142857142949,35571
2026-04-02 09:40:00,4621.255,SHORT,4630.399785714286,4607.537821428572,9.144785714285652,35583
2026-04-02 10:55:00,4620.265,SHORT,4629.366714285715,4606.612428571429,9.10171428571435,35598
2026-04-02 11:15:00,4624.295,SHORT,4632.810285714286,4611.5220714285715,8.51528571428584,35602
2026-04-02 12:55:00,4601.598,SHORT,4611.769928571429,4586.340107142857,10.171928571428582,35622
2026-04-02 13:10:00,4587.225,SHORT,4599.532428571429,4568.763857142858,12.307428571428577,35625
2026-04-02 13:35:00,4589.735,SHORT,4603.183142857142,4569.562785714285,13.448142857142752,35630
2026-04-02 15:30:00,4674.645,LONG,4660.143142857143,4696.397785714286,14.501857142857132,35653
2026-04-02 15:50:00,4661.685,LONG,4650.269785714286,4678.8078214285715,11.415214285714358,35657
2026-04-02 16:30:00,4657.895,LONG,4647.333785714286,4673.736821428572,10.561214285714348,35665
2026-04-02 17:35:00,4653.135,LONG,4644.620642857143,4665.906535714286,8.514357142857339,35678
2026-04-02 20:25:00,4667.505,LONG,4661.903142857143,4675.907785714286,5.601857142857041,35712
2026-04-05 22:50:00,4628.645,SHORT,4644.6716428571435,4604.605035714287,16.026642857142697,35729
2026-04-05 23:15:00,4624.325,SHORT,4639.957785714285,4600.875821428572,15.632785714285546,35734
2026-04-06 00:45:00,4617.305,SHORT,4626.980428571429,4602.791857142857,9.675428571428645,35752
2026-04-06 01:15:00,4624.505,SHORT,4634.333785714286,4609.761821428571,9.828785714285784,35758
2026-04-06 06:00:00,4652.445,LONG,4645.242142857142,4663.249285714285,7.202857142857089,35815
2026-04-06 06:55:00,4665.765,LONG,4658.438071428572,4676.755392857143,7.3269285714286525,35826
2026-04-06 10:25:00,4689.535,LONG,4684.474214285714,4697.126178571429,5.060785714285885,35868
2026-04-06 11:50:00,4683.095,LONG,4677.3845,4691.66075,5.710500000000009,35885
2026-04-06 12:20:00,4663.675,SHORT,4670.181928571429,4653.914607142858,6.5069285714286185,35891
2026-04-06 13:45:00,4663.775,SHORT,4672.484357142857,4650.710964285714,8.709357142857243,35908
2026-04-06 14:00:00,4669.345,SHORT,4680.224071428572,4653.026392857143,10.879071428571478,35911
2026-04-06 16:35:00,4664.115,SHORT,4670.714214285714,4654.216178571428,6.5992142857144245,35942
2026-04-06 18:25:00,4660.005,SHORT,4664.987714285715,4652.530928571428,4.982714285714337,35964
2026-04-06 19:10:00,4650.625,SHORT,4656.463142857143,4641.867785714286,5.838142857142884,35973
2026-04-06 20:25:00,4655.695,SHORT,4658.969999999999,4650.7825,3.274999999999831,35988
2026-04-06 20:45:00,4650.095,SHORT,4653.450714285715,4645.061428571429,3.3557142857141895,35992
2026-04-06 22:55:00,4657.838,LONG,4652.873928571428,4665.284107142857,4.96407142857132,36006
2026-04-07 00:30:00,4660.505,LONG,4656.289285714286,4666.828571428571,4.215714285714317,36025
2026-04-07 01:00:00,4661.365,LONG,4654.770785714286,4671.256321428571,6.5942142857142505,36031
2026-04-07 01:05:00,4644.135,SHORT,4652.422071428571,4631.704392857143,8.28707142857138,36032
2026-04-07 01:20:00,4649.705,SHORT,4659.099214285714,4635.613678571429,9.394214285714302,36035
2026-04-07 01:35:00,4639.025,SHORT,4651.405857142857,4620.453714285714,12.380857142857101,36038
2026-04-07 02:50:00,4650.245,SHORT,4659.279785714286,4636.692821428571,9.034785714285785,36053
2026-04-07 06:15:00,4642.625,SHORT,4651.055071428571,4629.979892857143,8.43007142857141,36094
2026-04-07 09:50:00,4670.085,LONG,4662.279714285714,4681.792928571428,7.805285714285544,36137
2026-04-07 10:05:00,4674.555,LONG,4665.887857142858,4687.555714285714,8.667142857142803,36140
2026-04-07 12:00:00,4657.465,SHORT,4666.276214285715,4644.248178571429,8.811214285714088,36163
2026-04-07 12:25:00,4665.315,SHORT,4673.468214285714,4653.0851785714285,8.153214285714187,36168
2026-04-07 12:55:00,4651.238,SHORT,4659.505571428572,4638.8366428571435,8.26757142857137,36174
2026-04-07 13:15:00,4650.645,SHORT,4659.093214285715,4637.972678571429,8.448214285714325,36178
2026-04-07 13:25:00,4657.585,SHORT,4665.885785714286,4645.1338214285715,8.300785714285732,36180
2026-04-07 14:40:00,4646.588,SHORT,4660.590785714286,4625.583821428571,14.002785714285697,36195
2026-04-07 15:35:00,4643.925,SHORT,4654.225357142857,4628.474464285714,10.300357142857267,36206
2026-04-07 17:20:00,4658.098,LONG,4651.142285714285,4668.531571428572,6.955714285714358,36227
2026-04-07 22:45:00,4771.585,LONG,4755.527285714285,4795.671571428572,16.05771428571435,36280
2026-04-08 00:45:00,4814.965,LONG,4802.909214285714,4833.048678571428,12.055785714285646,36304
2026-04-08 01:30:00,4799.095,LONG,4786.643285714286,4817.772571428572,12.451714285714129,36313
2026-04-08 02:55:00,4803.695,LONG,4797.4554285714285,4813.054357142857,6.239571428571513,36330
2026-04-08 03:20:00,4800.175,LONG,4795.110642857143,4807.771535714286,5.064357142857132,36335
2026-04-08 03:40:00,4799.985,LONG,4794.280928571428,4808.541107142857,5.704071428571361,36339
2026-04-08 04:35:00,4804.065,LONG,4798.117071428571,4812.986892857142,5.947928571428682,36350
2026-04-08 05:00:00,4805.955,LONG,4800.344428571429,4814.370857142857,5.610571428571542,36355
2026-04-08 08:00:00,4816.385,LONG,4809.3295,4826.96825,7.055499999999938,36391
2026-04-08 08:25:00,4808.325,LONG,4800.931428571428,4819.415357142857,7.393571428571574,36396
2026-04-08 09:30:00,4797.135,SHORT,4804.758857142857,4785.699214285714,7.62385714285704,36409
2026-04-08 10:50:00,4790.445,SHORT,4797.2645,4780.215749999999,6.819500000000127,36425
2026-04-08 14:25:00,4767.375,SHORT,4780.095928571429,4748.293607142858,12.72092857142856,36468
2026-04-08 15:50:00,4757.215,SHORT,4766.925,4742.650000000001,9.70999999999997,36485
2026-04-08 20:15:00,4724.235,SHORT,4730.102357142857,4715.433964285714,5.8673571428573394,36538
2026-04-08 22:40:00,4712.435,SHORT,4719.974428571429,4701.125857142857,7.539428571428679,36555
2026-04-08 23:50:00,4714.755,SHORT,4720.2802142857145,4706.467178571428,5.52521428571442,36569
2026-04-09 00:00:00,4705.018,SHORT,4711.074428571429,4695.933357142857,6.0564285714286985,36571
2026-04-09 03:00:00,4718.818,LONG,4713.648428571429,4726.572357142857,5.169571428571349,36607
2026-04-09 04:15:00,4720.095,SHORT,4724.830142857143,4712.992285714286,4.735142857142948,36622
2026-04-09 06:20:00,4714.755,SHORT,4721.9185,4704.00975,7.1634999999998525,36647
2026-04-09 06:40:00,4713.205,SHORT,4720.3295,4702.51825,7.1244999999997685,36651
2026-04-09 07:55:00,4724.065,LONG,4714.967428571428,4737.711357142856,9.097571428571428,36666
2026-04-09 12:30:00,4741.945,LONG,4736.228785714286,4750.519321428571,5.716214285714289,36721
2026-04-09 14:35:00,4758.825,LONG,4748.47,4774.3575,10.354999999999952,36746
2026-04-09 15:20:00,4784.505,LONG,4775.249714285715,4798.387928571428,9.255285714285751,36755
2026-04-09 16:55:00,4788.595,LONG,4782.223571428572,4798.152142857143,6.371428571428559,36774
2026-04-09 17:35:00,4798.605,LONG,4793.014071428571,4806.991392857142,5.590928571428451,36782
2026-04-09 19:25:00,4773.405,SHORT,4779.682428571428,4763.988857142856,6.277428571428767,36804
2026-04-10 00:00:00,4757.125,SHORT,4761.227357142857,4750.971464285714,4.102357142857143,36847
2026-04-10 01:00:00,4760.545,SHORT,4765.822428571429,4752.628857142857,5.277428571428702,36859
2026-04-10 04:45:00,4763.115,LONG,4760.231571428571,4767.440142857143,2.8834285714285994,36904
2026-04-10 05:15:00,4759.825,LONG,4756.605142857143,4764.654785714286,3.2198571428572387,36910
2026-04-10 05:45:00,4766.065,LONG,4762.168785714285,4771.909321428571,3.89621428571432,36916
2026-04-10 07:25:00,4753.365,SHORT,4758.8631428571425,4745.117785714286,5.498142857142999,36936
2026-04-10 11:15:00,4758.165,LONG,4754.125,4764.224999999999,4.039999999999899,36982
2026-04-10 13:05:00,4774.025,LONG,4766.015928571428,4786.038607142857,8.009071428571588,37004
2026-04-10 13:20:00,4775.755,LONG,4767.212642857143,4788.568535714286,8.542357142857261,37007
2026-04-10 13:50:00,4777.045,LONG,4768.9349999999995,4789.21,8.110000000000193,37013
2026-04-10 14:10:00,4779.965,LONG,4771.575714285715,4792.548928571429,8.389285714285831,37017
2026-04-10 17:25:00,4762.515,SHORT,4768.425785714286,4753.648821428572,5.910785714285599,37056
2026-04-10 19:35:00,4762.475,SHORT,4766.534285714286,4756.386071428572,4.059285714285774,37082
2026-04-13 00:35:00,4677.175,SHORT,4683.571142857143,4667.580785714286,6.396142857142877,37130
2026-04-13 02:50:00,4718.345,LONG,4711.757857142858,4728.225714285714,6.587142857142941,37157
2026-04-13 04:25:00,4712.395,LONG,4708.186214285714,4718.708178571429,4.208785714285698,37176
2026-04-13 04:45:00,4718.518,LONG,4714.2185,4724.96725,4.299500000000015,37180
2026-04-13 05:30:00,4721.975,LONG,4717.7045,4728.38075,4.270500000000084,37189
2026-04-13 06:55:00,4725.445,LONG,4720.356928571428,4733.077107142857,5.088071428571311,37206
2026-04-13 07:25:00,4730.585,LONG,4724.996214285714,4738.968178571428,5.588785714285742,37212
2026-04-13 08:20:00,4733.045,LONG,4728.204285714286,4740.306071428571,4.840714285714317,37223
2026-04-13 09:15:00,4719.925,LONG,4714.461428571429,4728.120357142857,5.463571428571348,37234
2026-04-13 10:50:00,4720.015,SHORT,4724.073571428572,4713.927142857144,4.058571428571343,37253
2026-04-13 11:05:00,4722.685,SHORT,4726.928642857143,4716.319535714287,4.243642857142731,37256
2026-04-13 12:15:00,4713.775,SHORT,4719.616,4705.0135,5.840999999999959,37270
2026-04-13 13:45:00,4739.125,LONG,4732.123071428571,4749.627892857143,7.00192857142864,37288
2026-04-13 13:55:00,4730.158,LONG,4721.718214285715,4742.8176785714295,8.43978571428579,37290
2026-04-13 18:30:00,4733.105,LONG,4727.505428571428,4741.504357142857,5.599571428571445,37345
2026-04-13 20:40:00,4739.645,LONG,4736.734785714286,4744.010321428572,2.9102142857141837,37371
2026-04-14 01:10:00,4775.695,LONG,4770.033571428571,4784.187142857142,5.661428571428457,37413
2026-04-14 02:00:00,4765.795,LONG,4760.086642857143,4774.357535714285,5.708357142857169,37423
2026-04-14 03:15:00,4769.495,LONG,4765.680714285714,4775.216428571429,3.814285714285753,37438
2026-04-14 03:40:00,4767.315,LONG,4763.870428571428,4772.481857142857,3.444571428571505,37443
2026-04-14 08:00:00,4777.715,LONG,4771.109285714286,4787.623571428571,6.60571428571419,37495
2026-04-14 09:10:00,4785.435,LONG,4780.792857142857,4792.398214285715,4.642142857142907,37509
2026-04-14 09:35:00,4778.895,LONG,4774.087142857144,4786.106785714286,4.8078571428572365,37514
2026-04-14 10:30:00,4784.165,LONG,4779.090928571429,4791.776107142857,5.074071428571382,37525
2026-04-14 10:40:00,4767.215,LONG,4760.093785714286,4777.8968214285715,7.121214285714294,37527
2026-04-14 11:25:00,4777.965,SHORT,4784.540285714286,4768.102071428571,6.57528571428572,37536
2026-04-14 12:20:00,4765.965,SHORT,4771.234071428572,4758.061392857143,5.269071428571416,37547
2026-04-14 12:50:00,4764.185,SHORT,4771.112142857143,4753.794285714286,6.927142857142826,37553
2026-04-14 14:50:00,4801.455,LONG,4793.133357142857,4813.937464285715,8.321642857142901,37577
2026-04-14 15:30:00,4806.925,LONG,4799.299,4818.364,7.625999999999879,37585
2026-04-14 17:15:00,4827.258,LONG,4821.015428571429,4836.621857142857,6.2425714285713445,37606
2026-04-14 19:05:00,4841.315,LONG,4837.252714285714,4847.408428571428,4.062285714285606,37628
2026-04-14 22:00:00,4848.515,LONG,4845.249714285715,4853.412928571429,3.2652857142856453,37651
2026-04-14 23:00:00,4836.648,LONG,4831.6368571428575,4844.164714285715,5.011142857142919,37663
2026-04-15 02:00:00,4847.925,LONG,4838.117357142857,4862.636464285714,9.807642857142971,37699
2026-04-15 05:20:00,4824.818,SHORT,4828.499857142857,4819.295214285715,3.6818571428570976,37739
2026-04-15 05:35:00,4819.905,SHORT,4824.505928571429,4813.003607142857,4.600928571428605,37742
2026-04-15 06:05:00,4817.385,SHORT,4823.244928571429,4808.595107142857,5.859928571428684,37748
2026-04-15 07:40:00,4810.205,SHORT,4816.1687142857145,4801.2594285714285,5.963714285714299,37767
2026-04-15 09:20:00,4804.125,SHORT,4810.359785714286,4794.772821428571,6.234785714285863,37787
2026-04-15 11:30:00,4802.875,SHORT,4807.438857142857,4796.029214285714,4.563857142857224,37813
2026-04-15 13:10:00,4813.825,LONG,4809.057785714285,4820.975821428571,4.767214285714155,37833
2026-04-15 16:15:00,4806.555,SHORT,4813.366,4796.338500000001,6.810999999999955,37870
2026-04-15 18:05:00,4793.655,SHORT,4799.079785714285,4785.517821428572,5.424785714285657,37892
2026-04-15 18:50:00,4797.065,SHORT,4801.278642857143,4790.744535714286,4.213642857142661,37901
2026-04-15 19:10:00,4798.525,SHORT,4802.3712857142855,4792.755571428572,3.8462857142853863,37905
2026-04-15 19:55:00,4795.605,SHORT,4799.327428571428,4790.021357142857,3.7224285714284115,37914
2026-04-15 22:30:00,4800.875,SHORT,4804.953571428571,4794.757142857143,4.078571428571455,37933
2026-04-16 02:15:00,4822.195,LONG,4817.692,4828.9495,4.503000000000092,37978
2026-04-16 03:10:00,4826.355,LONG,4822.584214285714,4832.011178571428,3.7707857142856613,37989
2026-04-16 05:35:00,4827.715,LONG,4824.590357142857,4832.401964285715,3.1246428571428493,38018
2026-04-16 07:05:00,4829.718,LONG,4824.026642857143,4838.255035714285,5.691357142857214,38036
2026-04-16 07:20:00,4824.125,LONG,4817.762928571428,4833.6681071428575,6.362071428571588,38039
2026-04-16 09:20:00,4815.275,SHORT,4818.898857142857,4809.839214285714,3.6238571428573,38063
2026-04-16 10:05:00,4811.545,SHORT,4815.294285714286,4805.921071428572,3.7492857142856986,38072
2026-04-16 12:10:00,4817.105,LONG,4813.435785714285,4822.608821428571,3.6692142857143284,38097
2026-04-16 12:30:00,4818.935,LONG,4814.762214285714,4825.194178571429,4.17278571428564,38101
2026-04-16 13:30:00,4821.535,LONG,4816.183071428572,4829.562892857143,5.351928571428614,38113
2026-04-16 15:10:00,4806.555,SHORT,4815.662642857143,4792.893535714286,9.107642857142698,38133
2026-04-16 18:05:00,4789.635,SHORT,4795.1255,4781.39925,5.490500000000144,38168
2026-04-16 20:10:00,4790.355,SHORT,4793.393357142857,4785.797464285713,3.0383571428572913,38193
2026-04-16 23:30:00,4794.815,LONG,4792.165214285714,4798.789678571428,2.6497857142858914,38221
2026-04-17 00:40:00,4798.355,LONG,4794.956428571428,4803.452857142856,3.3985714285714885,38235
2026-04-17 02:40:00,4791.235,SHORT,4795.710214285714,4784.522178571428,4.475214285714368,38259
2026-04-17 03:10:00,4795.635,LONG,4791.466214285714,4801.888178571429,4.168785714285799,38265
2026-04-17 05:45:00,4797.175,LONG,4793.061357142857,4803.345464285715,4.113642857143077,38296
2026-04-17 07:10:00,4786.985,SHORT,4791.181928571428,4780.689607142856,4.196928571428608,38313
2026-04-17 07:35:00,4786.545,SHORT,4790.944285714286,4779.9460714285715,4.399285714285725,38318
2026-04-17 10:00:00,4791.005,LONG,4787.327142857143,4796.521785714286,3.677857142857062,38347
2026-04-17 11:40:00,4798.405,LONG,4794.122714285714,4804.828428571428,4.28228571428573,38367
2026-04-17 15:20:00,4869.985,LONG,4860.529785714285,4884.167821428571,9.455214285714192,38411
2026-04-17 16:55:00,4866.645,LONG,4862.300928571429,4873.161107142858,4.344071428571364,38430
2026-04-17 17:10:00,4862.635,LONG,4858.107357142857,4869.426464285714,4.527642857142837,38433
2026-04-17 17:45:00,4860.015,LONG,4854.550714285715,4868.211428571429,5.464285714285714,38440
2026-04-20 00:40:00,4763.975,SHORT,4772.584285714286,4751.061071428572,8.609285714285761,38511
2026-04-20 02:55:00,4796.905,LONG,4792.395428571428,4803.669357142857,4.509571428571429,38538
2026-04-20 03:50:00,4791.245,SHORT,4795.1365,4785.40775,3.8914999999999185,38549
2026-04-20 04:40:00,4787.095,SHORT,4790.468214285715,4782.035178571429,3.373214285714247,38559
2026-04-20 05:05:00,4786.915,SHORT,4790.827,4781.047,3.912000000000002,38564
2026-04-20 06:10:00,4790.445,SHORT,4796.1474285714285,4781.891357142857,5.7024285714286895,38577
2026-04-20 07:10:00,4797.355,LONG,4792.554714285714,4804.555428571428,4.8002857142856294,38589
2026-04-20 07:35:00,4796.195,LONG,4790.4005,4804.88675,5.794499999999841,38594
2026-04-20 08:55:00,4796.085,LONG,4792.2255000000005,4801.87425,3.8594999999999606,38610
2026-04-20 10:15:00,4799.985,LONG,4795.017357142857,4807.4364642857145,4.967642857143021,38626
2026-04-20 13:00:00,4803.305,LONG,4797.001714285714,4812.759928571429,6.303285714285851,38659
2026-04-20 13:15:00,4815.565,LONG,4808.923357142857,4825.527464285714,6.64164285714313,38662
2026-04-20 14:10:00,4815.848,LONG,4808.1122857142855,4827.451571428572,7.735714285714364,38673
2026-04-20 15:40:00,4799.945,SHORT,4807.769071428571,4788.208892857143,7.824071428571448,38691
2026-04-20 17:50:00,4809.145,LONG,4805.5821428571435,4814.489285714286,3.5628571428571507,38717
2026-04-20 18:10:00,4815.225,LONG,4811.243071428572,4821.197892857143,3.9819285714286576,38721
2026-04-20 23:35:00,4824.555,LONG,4821.763785714286,4828.741821428572,2.791214285714237,38774
2026-04-20 23:55:00,4821.485,LONG,4818.788071428571,4825.530392857143,2.696928571428608,38778
2026-04-21 05:45:00,4790.345,SHORT,4794.251714285714,4784.484928571429,3.9067142857143153,38848
2026-04-21 07:50:00,4788.425,SHORT,4793.286285714285,4781.133071428571,4.861285714285584,38873
2026-04-21 09:55:00,4783.415,SHORT,4787.376428571429,4777.472857142858,3.9614285714284443,38898
2026-04-21 11:20:00,4781.425,SHORT,4784.9628571428575,4776.118214285714,3.5378571428571246,38915
2026-04-21 12:45:00,4777.685,SHORT,4784.6255,4767.27425,6.940500000000027,38932
2026-04-21 13:10:00,4764.955,SHORT,4772.7505,4753.26175,7.795499999999914,38937
2026-04-21 14:15:00,4777.595,SHORT,4785.340714285715,4765.976428571429,7.745714285714322,38950
2026-04-21 18:00:00,4710.405,SHORT,4717.976714285714,4699.047428571428,7.571714285714149,38995
2026-04-21 19:10:00,4707.085,SHORT,4713.137928571428,4698.005607142857,6.052928571428505,39009
2026-04-22 01:15:00,4740.205,LONG,4735.546857142857,4747.192214285714,4.658142857142853,39070
2026-04-22 05:05:00,4755.425,LONG,4752.769642857143,4759.408035714286,2.6553571428572207,39116
2026-04-22 06:15:00,4763.395,LONG,4758.414785714286,4770.865321428571,4.980214285714153,39130
2026-04-22 07:20:00,4766.145,LONG,4762.862857142858,4771.068214285715,3.282142857142844,39143
2026-04-22 09:40:00,4758.285,SHORT,4761.228571428571,4753.869642857143,2.943571428571236,39171
2026-04-22 10:00:00,4748.715,SHORT,4752.278571428572,4743.369642857143,3.563571428571387,39175
2026-04-22 11:20:00,4757.055,SHORT,4760.8355,4751.38425,3.7804999999999773,39191
2026-04-22 11:50:00,4750.615,SHORT,4754.136928571428,4745.332107142856,3.521928571428686,39197
2026-04-22 13:50:00,4754.785,SHORT,4761.792142857143,4744.274285714286,7.007142857142688,39221
2026-04-22 14:10:00,4745.225,SHORT,4752.7005,4734.011750000001,7.475499999999816,39225
2026-04-22 16:10:00,4730.115,SHORT,4734.857857142857,4723.000714285714,4.742857142857117,39249
2026-04-22 17:10:00,4735.085,SHORT,4739.402857142857,4728.608214285714,4.317857142857065,39261
2026-04-22 19:50:00,4740.355,LONG,4736.304999999999,4746.429999999999,4.049999999999922,39293
2026-04-22 20:45:00,4738.605,LONG,4735.925928571428,4742.623607142857,2.6790714285714654,39304
2026-04-22 22:20:00,4735.095,SHORT,4738.116214285715,4730.563178571429,3.02121428571419,39311
2026-04-23 01:55:00,4723.045,SHORT,4729.232142857143,4713.7642857142855,6.187142857142979,39354
2026-04-23 05:20:00,4706.225,SHORT,4709.516642857143,4701.287535714287,3.2916428571427656,39395
2026-04-23 05:35:00,4702.715,SHORT,4706.882642857143,4696.463535714286,4.1676428571427095,39398
2026-04-23 06:25:00,4711.815,SHORT,4717.029785714285,4703.992821428571,5.214785714285751,39408
2026-04-23 07:15:00,4712.475,LONG,4707.404571428572,4720.080642857143,5.070428571428563,39418
2026-04-23 07:35:00,4709.235,SHORT,4715.156142857142,4700.353285714285,5.921142857142838,39422
2026-04-23 10:15:00,4688.025,SHORT,4693.108571428571,4680.399642857142,5.083571428571629,39454
2026-04-23 10:45:00,4689.985,SHORT,4695.836428571429,4681.2078571428565,5.851428571428642,39460
2026-04-23 11:30:00,4697.465,SHORT,4702.469285714285,4689.958571428571,5.004285714285743,39469
2026-04-23 13:45:00,4737.305,LONG,4730.583285714286,4747.387571428571,6.721714285714305,39496
2026-04-23 14:10:00,4724.045,LONG,4717.145428571429,4734.394357142857,6.899571428571497,39501
2026-04-23 14:40:00,4730.725,LONG,4723.619928571429,4741.3826071428575,7.105071428571526,39507
2026-04-23 16:40:00,4733.905,LONG,4728.673571428571,4741.752142857143,5.231428571428751,39531
2026-04-23 17:15:00,4708.775,SHORT,4715.691428571428,4698.400357142857,6.916428571428696,39538
2026-04-23 22:00:00,4694.925,SHORT,4698.862857142857,4689.018214285715,3.9378571428572156,39583
2026-04-23 22:35:00,4691.478,SHORT,4695.135142857143,4685.992285714286,3.657142857142909,39590
2026-04-23 23:05:00,4689.895,SHORT,4693.838071428572,4683.980392857144,3.943071428571394,39596
2026-04-23 23:45:00,4696.545,SHORT,4700.1145,4691.19075,3.569499999999997,39604
2026-04-24 00:00:00,4691.365,SHORT,4695.530928571428,4685.116107142857,4.1659285714285295,39607
2026-04-24 00:15:00,4696.805,SHORT,4701.289285714286,4690.078571428572,4.484285714285761,39610
2026-04-24 00:50:00,4702.975,LONG,4697.965714285715,4710.488928571429,5.009285714285722,39617
2026-04-24 02:05:00,4694.545,SHORT,4701.213857142858,4684.541714285714,6.6688571428572425,39632
2026-04-24 05:00:00,4673.405,SHORT,4677.876928571428,4666.697107142857,4.4719285714285695,39667
2026-04-24 05:40:00,4682.445,SHORT,4686.856428571428,4675.827857142856,4.411428571428652,39675
2026-04-24 08:45:00,4691.745,LONG,4687.097142857143,4698.716785714285,4.647857142856992,39712
2026-04-24 13:25:00,4696.925,LONG,4690.5478571428575,4706.490714285715,6.377142857142904,39768
2026-04-24 15:25:00,4721.785,LONG,4716.242357142857,4730.098964285714,5.542642857142904,39792
2026-04-24 15:50:00,4729.145,LONG,4723.141642857143,4738.150035714286,6.003357142857112,39797
2026-04-24 16:15:00,4720.425,LONG,4714.659285714286,4729.073571428571,5.765714285714174,39802
2026-04-24 18:10:00,4723.615,LONG,4719.919285714286,4729.158571428571,3.6957142857140752,39825
2026-04-24 18:35:00,4719.775,LONG,4716.377142857143,4724.871785714286,3.397857142857187,39830
2026-04-24 19:10:00,4722.245,LONG,4719.307357142857,4726.651464285715,2.937642857143016,39837
2026-04-24 19:45:00,4716.145,SHORT,4718.820285714286,4712.132071428572,2.6752857142857596,39844
2026-04-27 05:40:00,4711.465,LONG,4708.444285714286,4715.996071428572,3.020714285714348,39951
2026-04-27 06:55:00,4712.595,SHORT,4716.087142857143,4707.356785714286,3.4921428571428805,39966
2026-04-27 07:00:00,4717.265,LONG,4713.504285714286,4722.9060714285715,3.7607142857143248,39967
2026-04-27 07:20:00,4717.575,LONG,4713.605,4723.53,3.9700000000001245,39971
2026-04-27 07:30:00,4716.475,LONG,4712.440714285714,4722.526428571429,4.034285714285878,39973
2026-04-27 08:10:00,4710.915,SHORT,4714.653571428571,4705.307142857143,3.738571428571439,39981
2026-04-27 08:50:00,4706.885,SHORT,4710.7,4701.1625,3.81499999999973,39989
2026-04-27 10:45:00,4708.285,SHORT,4711.522142857143,4703.4292857142855,3.237142857143031,40012
2026-04-27 11:35:00,4701.915,SHORT,4705.4971428571425,4696.541785714286,3.582142857142961,40022
2026-04-27 12:20:00,4709.075,SHORT,4713.154285714286,4702.956071428571,4.079285714285886,40031
2026-04-27 13:20:00,4699.325,SHORT,4704.589285714285,4691.428571428571,5.264285714285896,40043
2026-04-27 13:45:00,4689.645,SHORT,4695.138571428572,4681.404642857143,5.493571428571548,40048
2026-04-27 14:45:00,4690.845,SHORT,4696.699285714286,4682.063571428572,5.854285714285846,40060
2026-04-27 16:35:00,4677.465,SHORT,4681.073571428571,4672.052142857143,3.60857142857133,40082
2026-04-27 17:15:00,4671.265,SHORT,4674.435,4666.51,3.169999999999878,40090
2026-04-27 17:50:00,4681.685,SHORT,4685.772142857143,4675.554285714286,4.087142857142875,40097
2026-04-28 03:30:00,4672.195,SHORT,4675.322357142857,4667.503964285714,3.1273571428571034,40201
2026-04-28 12:20:00,4577.795,SHORT,4588.782857142857,4561.313214285715,10.987857142857008,40307
2026-04-28 12:55:00,4593.515,SHORT,4603.585,4578.410000000001,10.069999999999904,40314
2026-04-28 14:20:00,4567.985,SHORT,4578.419071428571,4552.333892857142,10.43407142857151,40331
2026-04-28 15:05:00,4572.645,SHORT,4582.297642857144,4558.166035714286,9.652642857142967,40340
2026-04-28 16:30:00,4580.788,SHORT,4586.0367857142855,4572.914821428571,5.248785714285726,40357
2026-04-28 19:00:00,4595.555,LONG,4592.174071428572,4600.626392857143,3.380928571428545,40387
2026-04-28 20:50:00,4595.695,LONG,4593.036428571429,4599.682857142857,2.6585714285713817,40409
2026-04-28 23:45:00,4589.015,SHORT,4591.579071428572,4585.168892857143,2.5640714285714887,40432
2026-04-29 00:55:00,4600.045,LONG,4595.479285714286,4606.893571428572,4.565714285714226,40446
2026-04-29 07:15:00,4576.475,SHORT,4581.173571428571,4569.427142857143,4.6985714285714755,40522
2026-04-29 08:55:00,4572.995,SHORT,4578.1005000000005,4565.3367499999995,5.10550000000012,40542
2026-04-29 09:20:00,4571.895,SHORT,4577.330000000001,4563.7425,5.435000000000075,40547
2026-04-29 10:50:00,4566.365,SHORT,4571.242142857142,4559.049285714285,4.877142857142839,40565
2026-04-29 11:00:00,4567.925,SHORT,4572.745,4560.695000000001,4.8199999999999035,40567
2026-04-29 14:25:00,4533.105,SHORT,4541.554071428571,4520.431392857143,8.449071428571383,40608
2026-04-29 14:40:00,4538.565,SHORT,4546.704071428571,4526.356392857143,8.139071428571308,40611
2026-04-29 15:05:00,4539.835,SHORT,4546.868571428571,4529.284642857143,7.033571428571512,40616
2026-04-29 16:55:00,4545.235,LONG,4538.423857142857,4555.451714285714,6.8111428571428405,40638
2026-04-29 18:00:00,4540.845,SHORT,4545.9767142857145,4533.1474285714285,5.131714285714224,40651
2026-04-29 18:40:00,4520.365,SHORT,4529.166928571429,4507.162107142857,8.801928571428691,40659
2026-04-29 19:00:00,4537.235,SHORT,4547.484785714286,4521.86032142857,10.249785714285931,40663
2026-04-30 11:40:00,4629.525,LONG,4623.521928571428,4638.529607142857,6.003071428571469,40851
2026-04-30 13:40:00,4625.295,LONG,4618.5045,4635.480750000001,6.7905000000000655,40875
2026-04-30 15:00:00,4616.975,SHORT,4624.302428571429,4605.983857142857,7.327428571428625,40891
2026-04-30 16:55:00,4607.398,SHORT,4612.538714285714,4599.686928571428,5.1407142857144335,40914
2026-04-30 17:10:00,4615.645,SHORT,4621.097142857143,4607.466785714286,5.452142857142917,40917
2026-04-30 17:35:00,4616.845,SHORT,4622.416928571429,4608.487107142858,5.5719285714284785,40922
2026-04-30 19:30:00,4617.785,LONG,4614.4223571428565,4622.828964285714,3.362642857142938,40945
2026-04-30 19:40:00,4622.505,LONG,4619.080928571429,4627.641107142857,3.4240714285715512,40947
2026-04-30 20:10:00,4616.195,SHORT,4619.8129285714285,4610.768107142857,3.61792857142856,40953
2026-05-01 00:00:00,4627.595,LONG,4624.788571428571,4631.804642857143,2.806428571428699,40987
2026-05-01 01:50:00,4619.155,SHORT,4622.537857142856,4614.080714285714,3.3828571428570546,41009
2026-05-01 03:00:00,4618.365,SHORT,4622.515285714286,4612.139571428571,4.150285714285668,41023
2026-05-01 05:40:00,4609.635,SHORT,4612.742857142857,4604.973214285715,3.1078571428572883,41055
2026-05-01 10:30:00,4570.795,SHORT,4574.582642857143,4565.113535714286,3.7876428571426652,41113
2026-05-01 11:25:00,4571.655,SHORT,4575.482142857142,4565.914285714285,3.827142857142787,41124
2026-05-01 11:40:00,4575.475,SHORT,4579.303785714286,4569.7318214285715,3.828785714285719,41127
2026-05-01 13:30:00,4598.475,LONG,4591.767857142857,4608.535714285715,6.707142857143026,41149
2026-05-01 15:25:00,4636.065,LONG,4628.711428571428,4647.095357142857,7.35357142857148,41172
2026-05-01 16:35:00,4640.315,LONG,4633.837571428571,4650.031142857142,6.477428571428585,41186
2026-05-01 17:35:00,4630.615,LONG,4626.436,4636.8835,4.1790000000000225,41198
2026-05-01 19:00:00,4620.845,SHORT,4625.387142857143,4614.031785714285,4.542142857142933,41215
2026-05-01 20:35:00,4611.538,SHORT,4615.698714285714,4605.296928571428,4.160714285714286,41234
2026-05-03 22:55:00,4618.228,SHORT,4624.7230714285715,4608.485392857143,6.495071428571464,41250
2026-05-04 01:05:00,4598.915,SHORT,4605.477142857143,4589.071785714285,6.56214285714285,41276
2026-05-04 03:00:00,4605.005,SHORT,4611.015,4595.99,6.009999999999958,41299
2026-05-04 07:20:00,4587.755,SHORT,4593.198571428571,4579.589642857143,5.443571428571366,41351
2026-05-04 09:40:00,4581.145,SHORT,4584.236428571429,4576.507857142858,3.0914285714285534,41379
2026-05-04 11:00:00,4562.445,SHORT,4572.970071428571,4546.657392857142,10.525071428571534,41395
2026-05-04 12:20:00,4572.155,SHORT,4577.9052142857145,4563.529678571428,5.750214285714264,41411
2026-05-04 13:15:00,4564.625,SHORT,4572.178714285715,4553.294428571428,7.553714285714315,41422
2026-05-04 17:10:00,4522.205,SHORT,4531.152571428572,4508.783642857143,8.947571428571466,41469
2026-05-04 17:55:00,4522.215,SHORT,4527.385714285714,4514.458928571429,5.170714285714179,41478
2026-05-04 22:00:00,4519.925,SHORT,4522.986428571428,4515.332857142857,3.061428571428548,41515
2026-05-05 00:55:00,4529.885,LONG,4525.587142857143,4536.331785714286,4.297857142857083,41550
2026-05-05 02:35:00,4542.155,LONG,4538.357857142857,4547.850714285714,3.7971428571427817,41570
2026-05-05 03:10:00,4541.845,LONG,4538.647857142858,4546.640714285714,3.1971428571426777,41577
2026-05-05 03:30:00,4538.055,LONG,4534.905714285715,4542.778928571429,3.1492857142857247,41581
2026-05-05 04:00:00,4534.845,LONG,4532.203571428571,4538.807142857144,2.6414285714288,41587
2026-05-05 05:25:00,4539.825,LONG,4535.996428571429,4545.567857142857,3.8285714285713897,41604
2026-05-05 08:10:00,4550.945,LONG,4546.508071428571,4557.600392857143,4.436928571428455,41637
2026-05-05 08:55:00,4558.255,LONG,4554.051857142857,4564.559714285714,4.203142857142666,41646
2026-05-05 09:50:00,4553.955,LONG,4549.720428571429,4560.306857142858,4.234571428571534,41657
2026-05-05 10:30:00,4553.275,LONG,4549.246142857142,4559.318285714286,4.028857142857175,41665
2026-05-05 12:55:00,4564.425,LONG,4558.830285714286,4572.817071428572,5.5947142857142875,41694
2026-05-05 14:20:00,4578.945,LONG,4571.736428571428,4589.757857142857,7.2085714285714335,41711
2026-05-05 17:40:00,4560.295,SHORT,4563.782857142857,4555.063214285714,3.487857142857268,41751
2026-05-05 19:00:00,4558.685,SHORT,4561.630714285715,4554.266428571429,2.9457142857144,41767
2026-05-05 19:50:00,4554.675,SHORT,4557.383071428571,4550.612892857143,2.7080714285714618,41777
2026-05-05 22:00:00,4552.425,SHORT,4555.157142857143,4548.3267857142855,2.732142857142857,41791
2026-05-06 05:35:00,4646.745,LONG,4642.396428571428,4653.267857142857,4.348571428571566,41882
2026-05-06 08:40:00,4677.385,LONG,4672.541857142857,4684.649714285714,4.843142857142864,41919
2026-05-06 13:15:00,4682.745,SHORT,4692.340714285714,4668.351428571428,9.595714285714296,41974
2026-05-06 15:15:00,4701.335,LONG,4694.464285714285,4711.641071428572,6.870714285714452,41998
2026-05-06 18:20:00,4687.765,SHORT,4690.777142857143,4683.2467857142865,3.012142857142732,42035
2026-05-06 22:40:00,4698.355,LONG,4694.499857142857,4704.137714285714,3.8551428571428397,42075
2026-05-06 23:00:00,4696.315,LONG,4692.573428571428,4701.927357142857,3.7415714285714006,42079
2026-05-06 23:55:00,4698.745,LONG,4695.784285714286,4703.186071428571,2.960714285714143,42090
2026-05-07 02:50:00,4706.435,LONG,4701.678571428572,4713.569642857143,4.756428571428517,42125
2026-05-07 03:45:00,4704.075,LONG,4700.703571428571,4709.132142857143,3.3714285714286234,42136
2026-05-07 05:15:00,4695.755,SHORT,4699.062642857143,4690.793535714286,3.307642857142842,42154
2026-05-07 06:00:00,4705.815,LONG,4701.874,4711.7265,3.9409999999998684,42163
2026-05-07 08:25:00,4740.035,LONG,4734.1,4748.9375,5.934999999999881,42192
2026-05-07 08:45:00,4735.645,LONG,4729.857142857143,4744.3267857142855,5.78785714285693,42196
2026-05-07 09:20:00,4736.555,LONG,4731.1564285714285,4744.652857142857,5.398571428571358,42203
2026-05-07 10:20:00,4732.725,LONG,4728.082857142857,4739.688214285715,4.642142857142842,42215
2026-05-07 10:35:00,4736.215,LONG,4731.467142857143,4743.336785714286,4.747857142857161,42218
2026-05-07 11:15:00,4730.275,LONG,4726.153071428571,4736.457892857143,4.121928571428531,42226
2026-05-07 11:50:00,4739.445,LONG,4735.275928571428,4745.698607142856,4.169071428571377,42233
2026-05-07 12:40:00,4751.055,LONG,4745.044,4760.0715,6.010999999999967,42243
2026-05-07 13:50:00,4743.805,LONG,4736.2145,4755.190750000001,7.590500000000053,42257
2026-05-07 18:05:00,4707.455,SHORT,4716.574285714286,4693.776071428571,9.119285714285654,42308
2026-05-07 20:35:00,4698.325,SHORT,4704.522857142857,4689.028214285714,6.197857142857174,42338
2026-05-07 23:25:00,4696.125,SHORT,4700.911214285714,4688.945678571428,4.786214285714193,42360
2026-05-08 01:15:00,4717.305,LONG,4710.085928571429,4728.133607142858,7.219071428571364,42382
2026-05-08 03:00:00,4717.225,LONG,4710.804285714286,4726.856071428571,6.4207142857142445,42403
2026-05-08 06:15:00,4727.485,LONG,4721.382642857143,4736.638535714285,6.102357142856947,42442
2026-05-08 08:50:00,4716.285,SHORT,4720.8721428571425,4709.404285714285,4.5871428571430055,42473
2026-05-08 11:20:00,4723.125,LONG,4718.5805,4729.94175,4.544499999999971,42503
2026-05-08 13:10:00,4720.178,LONG,4711.569642857143,4733.090535714286,8.608357142857196,42525
2026-05-08 14:10:00,4731.535,LONG,4722.947857142857,4744.415714285714,8.587142857142746,42537
2026-05-08 14:35:00,4723.395,LONG,4713.750214285715,4737.8621785714295,9.644785714285717,42542
2026-05-08 16:30:00,4716.915,SHORT,4722.4355,4708.63425,5.520500000000019,42565
2026-05-08 19:00:00,4722.845,LONG,4719.819285714286,4727.3835714285715,3.0257142857141326,42595
2026-05-10 23:50:00,4695.315,SHORT,4699.139499999999,4689.5782500000005,3.8244999999997162,42641
2026-05-11 00:05:00,4685.645,SHORT,4690.1290714285715,4678.918892857144,4.484071428571236,42644
2026-05-11 01:05:00,4690.705,SHORT,4700.050714285714,4676.686428571428,9.345714285714296,42656
2026-05-11 02:05:00,4683.755,SHORT,4692.836214285715,4670.133178571428,9.081214285714461,42668
2026-05-11 02:45:00,4685.195,SHORT,4692.378571428571,4674.419642857142,7.183571428571407,42676
2026-05-11 06:45:00,4673.685,SHORT,4680.286214285715,4663.783178571429,6.601214285714312,42724
2026-05-11 10:35:00,4662.895,SHORT,4667.651428571429,4655.760357142858,4.756428571428452,42770
2026-05-11 12:15:00,4672.695,LONG,4669.0232857142855,4678.202571428571,3.671714285714253,42790
2026-05-11 12:30:00,4693.145,LONG,4687.378071428572,4701.795392857143,5.766928571428577,42793
2026-05-11 14:15:00,4730.725,LONG,4721.3627857142865,4744.768321428572,9.362214285714279,42814
2026-05-11 14:35:00,4726.695,LONG,4717.258285714285,4740.850071428571,9.436714285714256,42818
2026-05-11 17:30:00,4722.715,LONG,4718.128571428571,4729.594642857142,4.586428571428379,42853
2026-05-11 19:45:00,4731.105,LONG,4728.318785714286,4735.284321428571,2.7862142857143226,42880
2026-05-12 00:45:00,4759.545,LONG,4752.704071428571,4769.806392857143,6.8409285714286465,42928
2026-05-12 03:00:00,4729.405,SHORT,4734.754785714285,4721.380321428572,5.34978571428558,42955
2026-05-12 04:20:00,4724.825,SHORT,4728.6257857142855,4719.123821428571,3.8007857142858614,42971
2026-05-12 05:45:00,4713.525,SHORT,4718.716928571428,4705.737107142857,5.191928571428499,42988
2026-05-12 06:00:00,4706.625,SHORT,4712.335714285714,4698.058928571429,5.710714285714208,42991
2026-05-12 07:45:00,4699.565,SHORT,4704.605,4692.004999999999,5.039999999999964,43012
2026-05-12 08:50:00,4703.295,SHORT,4707.5028571428575,4696.983214285714,4.207857142857198,43025
2026-05-12 10:25:00,4700.025,SHORT,4705.153571428571,4692.332142857143,5.128571428571571,43044
2026-05-12 11:30:00,4698.605,SHORT,4704.4697857142855,4689.8078214285715,5.864785714285582,43057
2026-05-12 13:45:00,4692.465,SHORT,4701.263214285715,4679.267678571428,8.798214285714494,43084
2026-05-12 14:15:00,4688.345,SHORT,4697.836428571429,4674.107857142857,9.49142857142871,43090
2026-05-12 16:15:00,4671.545,SHORT,4679.733357142857,4659.2624642857145,8.188357142857058,43114
2026-05-12 22:10:00,4713.985,LONG,4709.877571428571,4720.146142857143,4.1074285714285645,43173
2026-05-12 22:15:00,4716.698,LONG,4711.703285714286,4724.190071428572,4.994714285714314,43174
2026-05-12 22:25:00,4716.865,LONG,4710.459,4726.474,6.406000000000014,43176
2026-05-12 22:30:00,4718.165,LONG,4711.129785714285,4728.717821428571,7.035214285714313,43177
2026-05-12 23:40:00,4720.945,LONG,4715.820571428571,4728.631642857143,5.12442857142865,43191
2026-05-13 00:15:00,4724.175,LONG,4719.075928571428,4731.823607142857,5.0990714285716034,43198
2026-05-13 00:35:00,4722.165,LONG,4717.0620714285715,4729.819392857143,5.102928571428622,43202
2026-05-13 01:05:00,4713.145,LONG,4707.571357142858,4721.505464285715,5.573642857142853,43208
2026-05-13 04:05:00,4696.285,SHORT,4700.052857142857,4690.633214285714,3.767857142857273,43244
2026-05-13 04:20:00,4701.205,SHORT,4704.625,4696.075,3.4200000000000728,43247
2026-05-13 05:20:00,4699.215,SHORT,4703.155714285715,4693.3039285714285,3.940714285714161,43259
2026-05-13 05:40:00,4696.585,SHORT,4701.171214285714,4689.7056785714285,4.586214285714179,43263
2026-05-13 07:25:00,4707.485,LONG,4702.8316428571425,4714.4650357142855,4.653357142857138,43284
2026-05-13 07:45:00,4703.645,LONG,4699.1745,4710.3507500000005,4.4705000000000314,43288
2026-05-13 13:05:00,4686.395,SHORT,4692.8092857142865,4676.773571428572,6.414285714285858,43352
2026-05-13 13:25:00,4688.575,SHORT,4695.2021428571425,4678.634285714285,6.627142857142904,43356
2026-05-13 14:55:00,4679.625,SHORT,4686.450714285715,4669.386428571429,6.825714285714314,43374
2026-05-13 15:40:00,4699.195,LONG,4693.858357142857,4707.1999642857145,5.3366428571429685,43383
2026-05-13 17:15:00,4699.655,LONG,4695.398571428571,4706.039642857143,4.256428571428581,43402
2026-05-13 19:20:00,4687.815,SHORT,4691.872857142856,4681.728214285714,4.057857142857301,43427
2026-05-13 23:55:00,4696.415,LONG,4694.1095,4699.87325,2.305500000000003,43470
2026-05-14 00:10:00,4697.475,LONG,4694.2295,4702.34325,3.245499999999928,43473
2026-05-14 01:50:00,4685.415,SHORT,4692.757857142857,4674.4007142857145,7.342857142857156,43493
2026-05-14 05:30:00,4698.385,LONG,4693.015928571429,4706.438607142857,5.36907142857152,43537
2026-05-14 06:50:00,4699.455,LONG,4693.919428571428,4707.758357142857,5.5355714285714,43553
2026-05-14 08:10:00,4698.635,LONG,4692.0130714285715,4708.567892857143,6.621928571428465,43569
2026-05-14 09:50:00,4698.935,SHORT,4703.311500000001,4692.37025,4.376500000000045,43589
2026-05-14 10:25:00,4697.425,LONG,4692.980642857143,4704.091535714286,4.444357142857176,43596
2026-05-14 10:45:00,4692.715,SHORT,4696.681714285714,4686.764928571429,3.9667142857143256,43600
2026-05-14 11:15:00,4695.015,SHORT,4699.094785714286,4688.895321428572,4.079785714285728,43606
2026-05-14 13:20:00,4694.525,LONG,4687.926285714286,4704.423071428571,6.598714285714323,43631
2026-05-14 14:25:00,4691.145,SHORT,4699.980928571429,4677.891107142857,8.835928571428472,43644
2026-05-14 15:00:00,4678.155,SHORT,4684.9256428571425,4667.999035714285,6.77064285714284,43651
2026-05-14 15:25:00,4685.578,SHORT,4691.173000000001,4677.1855000000005,5.59500000000006,43656
2026-05-14 17:05:00,4679.858,SHORT,4684.030428571428,4673.599357142857,4.172428571428489,43676
2026-05-14 18:00:00,4669.745,SHORT,4673.174714285714,4664.600428571428,3.4297142857143235,43687
2026-05-14 23:10:00,4658.855,SHORT,4661.771499999999,4654.48025,2.9164999999997496,43737
2026-05-14 23:30:00,4650.795,SHORT,4654.701,4644.936000000001,3.905999999999754,43741
2026-05-15 03:05:00,4617.355,SHORT,4623.3721428571425,4608.329285714285,6.017142857142842,43784
2026-05-15 04:50:00,4607.955,SHORT,4613.091,4600.251,5.136000000000097,43805
2026-05-15 06:35:00,4572.125,SHORT,4581.290714285715,4558.376428571429,9.16571428571433,43826
2026-05-15 10:15:00,4557.325,SHORT,4565.118571428571,4545.634642857142,7.793571428571405,43870
2026-05-15 11:00:00,4561.805,SHORT,4569.374285714286,4550.451071428572,7.569285714285603,43879
2026-05-15 12:35:00,4548.105,SHORT,4554.3155,4538.78925,6.210499999999748,43898
2026-05-15 13:25:00,4548.905,SHORT,4557.691928571428,4535.724607142857,8.78692857142843,43908
2026-05-15 15:20:00,4545.625,SHORT,4554.556928571428,4532.227107142858,8.931928571428475,43931
2026-05-15 16:45:00,4545.245,SHORT,4550.4,4537.5125,5.155000000000006,43948
2026-05-15 18:45:00,4559.065,LONG,4554.973785714285,4565.201821428571,4.091214285714419,43972
2026-05-17 22:25:00,4540.815,SHORT,4546.760285714286,4531.8970714285715,5.945285714285676,44004
2026-05-17 23:15:00,4539.325,SHORT,4545.7945714285715,4529.620642857143,6.469571428571401,44014
2026-05-18 00:15:00,4522.755,SHORT,4529.715,4512.3150000000005,6.959999999999842,44026
2026-05-18 01:55:00,4525.225,SHORT,4538.2630714285715,4505.667892857143,13.038071428571454,44046
2026-05-18 04:50:00,4543.135,LONG,4536.717857142858,4552.760714285714,6.417142857142802,44081
2026-05-18 05:10:00,4538.055,LONG,4531.619785714286,4547.707821428572,6.435214285714275,44085
2026-05-18 06:20:00,4543.145,LONG,4535.122857142857,4555.178214285715,8.022142857142756,44099
2026-05-18 06:40:00,4540.455,LONG,4532.915,4551.764999999999,7.539999999999834,44103
2026-05-18 07:50:00,4544.495,LONG,4538.521428571428,4553.455357142857,5.973571428571371,44117
2026-05-18 09:35:00,4545.975,LONG,4540.989285714286,4553.453571428572,4.985714285714299,44138
2026-05-18 09:50:00,4543.025,LONG,4538.216428571428,4550.237857142857,4.808571428571473,44141
2026-05-18 11:00:00,4538.055,SHORT,4542.940714285714,4530.726428571429,4.8857142857142595,44155
2026-05-18 13:45:00,4574.015,LONG,4564.894785714286,4587.695321428572,9.12021428571448,44188
2026-05-18 14:05:00,4566.745,LONG,4557.631428571428,4580.415357142858,9.1135714285717,44192
2026-05-18 14:40:00,4547.565,LONG,4537.522142857142,4562.629285714285,10.042857142857299,44199
2026-05-18 16:15:00,4546.925,SHORT,4552.349071428572,4538.788892857143,5.4240714285714215,44218
2026-05-18 17:40:00,4548.105,SHORT,4552.640714285714,4541.301428571428,4.535714285714415,44235
2026-05-19 00:15:00,4579.935,LONG,4574.939928571429,4587.427607142858,4.995071428571594,44302
2026-05-19 00:45:00,4571.505,LONG,4565.5945,4580.37075,5.910500000000217,44308
2026-05-19 01:45:00,4566.215,SHORT,4572.705714285715,4556.478928571429,6.490714285714278,44320
2026-05-19 03:40:00,4547.395,SHORT,4553.086214285715,4538.858178571429,5.691214285714328,44343
2026-05-19 06:00:00,4539.045,SHORT,4545.306428571429,4529.652857142857,6.261428571428756,44371
2026-05-19 06:25:00,4547.465,SHORT,4554.909285714286,4536.298571428571,7.444285714285862,44376
2026-05-19 07:30:00,4543.855,SHORT,4549.552642857143,4535.308535714285,5.69764285714291,44389
2026-05-19 08:15:00,4544.025,SHORT,4550.161214285714,4534.820678571428,6.136214285714232,44398
2026-05-19 11:25:00,4539.075,SHORT,4545.034285714286,4530.136071428571,5.959285714285735,44436
2026-05-19 12:55:00,4536.935,SHORT,4542.919071428571,4527.958892857143,5.984071428571432,44454
2026-05-19 14:20:00,4486.455,SHORT,4501.76,4463.4975,15.304999999999966,44471
2026-05-19 15:20:00,4494.795,SHORT,4503.562642857143,4481.643535714286,8.767642857142748,44483
2026-05-19 16:30:00,4507.255,SHORT,4513.09,4498.5025000000005,5.8349999999999715,44497
2026-05-19 22:50:00,4481.165,SHORT,4485.049714285714,4475.337928571428,3.884714285714316,44561
2026-05-19 23:25:00,4485.765,SHORT,4489.658357142857,4479.924964285715,3.89335714285718,44568
2026-05-19 23:40:00,4492.105,SHORT,4496.490714285714,4485.526428571428,4.3857142857142595,44571
2026-05-20 00:15:00,4483.315,SHORT,4488.877642857143,4474.971035714285,5.562642857142952,44578
2026-05-20 01:05:00,4494.725,LONG,4486.652357142858,4506.8339642857145,8.07264285714278,44588
2026-05-20 02:05:00,4479.385,SHORT,4489.58,4464.0925,10.195000000000034,44600
2026-05-20 04:15:00,4465.575,SHORT,4470.400928571428,4458.336107142856,4.825928571428774,44626
2026-05-20 05:20:00,4470.755,SHORT,4475.675,4463.375,4.919999999999878,44639
2026-05-20 06:30:00,4466.515,SHORT,4473.168785714286,4456.534321428572,6.6537857142855374,44653
2026-05-20 07:00:00,4477.105,LONG,4470.8328571428565,4486.513214285714,6.27214285714282,44659
2026-05-20 08:35:00,4483.405,LONG,4477.790142857142,4491.827285714286,5.614857142857155,44678
2026-05-20 09:30:00,4482.055,LONG,4476.4835,4490.41225,5.57149999999995,44689
2026-05-20 11:55:00,4498.975,LONG,4494.693785714286,4505.396821428572,4.2812142857145385,44718
2026-05-20 12:35:00,4503.605,LONG,4499.427285714285,4509.871571428571,4.177714285714371,44726
2026-05-20 17:35:00,4535.765,LONG,4531.264428571429,4542.515857142857,4.500571428571415,44786
2026-05-20 18:00:00,4532.165,LONG,4528.200357142857,4538.111964285714,3.9646428571428,44791
2026-05-20 22:25:00,4538.625,LONG,4535.437357142857,4543.406464285714,3.1876428571428215,44832
2026-05-20 23:00:00,4541.468,LONG,4537.6615,4547.17775,3.8065000000000118,44839
2026-05-20 23:25:00,4538.285,LONG,4534.896142857143,4543.368285714286,3.3888571428572374,44844
2026-05-21 00:05:00,4544.115,LONG,4540.25,4549.912499999999,3.8649999999999767,44852
2026-05-21 00:25:00,4543.285,LONG,4537.995285714285,4551.219571428571,5.289714285714191,44856
2026-05-21 04:30:00,4536.565,SHORT,4540.1188571428565,4531.234214285714,3.5538571428570713,44905
2026-05-21 05:10:00,4530.545,SHORT,4533.950071428571,4525.437392857143,3.405071428571578,44913
2026-05-21 06:15:00,4530.345,SHORT,4535.813357142857,4522.142464285715,5.468357142857258,44926
2026-05-21 07:55:00,4519.418,SHORT,4524.020642857143,4512.5140357142855,4.6026428571428495,44946
2026-05-21 10:05:00,4534.555,LONG,4529.965714285715,4541.438928571429,4.58928571428565,44972
2026-05-21 10:15:00,4534.365,LONG,4529.571642857143,4541.555035714286,4.793357142857011,44974
2026-05-21 12:45:00,4510.015,SHORT,4515.620928571429,4501.606107142858,5.605928571428714,45004
2026-05-21 13:20:00,4498.025,SHORT,4505.467142857143,4486.861785714285,7.442142857142959,45011
2026-05-21 14:40:00,4504.615,SHORT,4513.269071428571,4491.633892857142,8.65407142857144,45027
2026-05-21 15:40:00,4506.795,SHORT,4513.069571428571,4497.383142857143,6.274571428571237,45039
2026-05-21 19:05:00,4536.495,LONG,4529.920214285714,4546.357178571428,6.574785714285814,45080
2026-05-22 01:05:00,4525.085,SHORT,4530.3205,4517.23175,5.235499999999969,45140
2026-05-22 01:30:00,4525.505,SHORT,4531.1683571428575,4517.009964285715,5.6633571428570315,45145
2026-05-22 02:05:00,4525.865,SHORT,4531.455,4517.48,5.589999999999951,45152
2026-05-22 05:10:00,4525.215,SHORT,4528.152642857143,4520.808535714285,2.9376428571428863,45189
2026-05-22 05:25:00,4525.965,SHORT,4529.156214285715,4521.178178571428,3.191214285714263,45192
2026-05-22 05:40:00,4533.795,LONG,4530.259928571429,4539.097607142858,3.5350714285714275,45195
2026-05-22 06:10:00,4521.295,SHORT,4526.823214285714,4513.002678571428,5.528214285714382,45201
2026-05-22 08:10:00,4524.575,SHORT,4528.695,4518.3949999999995,4.1200000000000205,45225
2026-05-22 08:55:00,4521.695,SHORT,4526.108571428571,4515.074642857143,4.413571428571426,45234
2026-05-22 09:25:00,4517.555,SHORT,4521.930714285714,4510.9914285714285,4.375714285714237,45240
2026-05-22 12:05:00,4519.785,SHORT,4523.296428571428,4514.517857142857,3.5114285714284312,45272
2026-05-25 01:15:00,4566.165,LONG,4560.428142857143,4574.770285714286,5.736857142857259,45418
2026-05-25 01:45:00,4563.565,LONG,4557.088857142857,4573.279214285714,6.476142857142999,45424
2026-05-25 03:45:00,4558.265,LONG,4554.794428571429,4563.470857142857,3.47057142857128,45448
2026-05-25 04:40:00,4562.175,LONG,4559.307000000001,4566.477,2.867999999999938,45459
2026-05-25 05:55:00,4553.145,SHORT,4556.595571428572,4547.969142857143,3.450571428571428,45474
2026-05-25 07:25:00,4554.115,SHORT,4557.819071428571,4548.558892857142,3.7040714285715564,45492
2026-05-25 09:40:00,4565.605,LONG,4562.984785714285,4569.535321428571,2.6202142857142854,45519
2026-05-25 11:30:00,4573.085,LONG,4570.661428571429,4576.720357142857,2.4235714285713845,45541
2026-05-25 12:50:00,4566.535,LONG,4562.294214285715,4572.896178571428,4.240785714285656,45557
2026-05-25 13:25:00,4561.678,SHORT,4565.9097142857145,4555.3304285714285,4.231714285714328,45564
2026-05-25 15:10:00,4569.828,LONG,4566.9705,4574.1142500000005,2.8574999999999426,45585
2026-05-25 16:30:00,4569.905,LONG,4567.662357142857,4573.268964285714,2.2426428571428523,45601
2026-05-25 18:25:00,4569.675,LONG,4567.217571428571,4573.361142857143,2.4574285714284088,45624
2026-05-25 23:35:00,4561.365,LONG,4557.292071428571,4567.474392857142,4.072928571428553,45644
2026-05-25 23:40:00,4556.305,SHORT,4560.738642857143,4549.654535714286,4.433642857142786,45645
2026-05-26 04:20:00,4535.275,SHORT,4538.089285714285,4531.053571428571,2.814285714285753,45701
2026-05-26 05:35:00,4532.465,SHORT,4536.059285714286,4527.073571428571,3.5942857142857583,45716
2026-05-26 06:15:00,4530.705,SHORT,4534.057142857143,4525.676785714286,3.352142857142813,45724
2026-05-26 06:25:00,4530.135,SHORT,4534.037142857143,4524.281785714286,3.9021428571428,45726
2026-05-26 08:20:00,4526.965,SHORT,4532.021928571428,4519.379607142857,5.056928571428606,45749
2026-05-26 09:30:00,4517.885,SHORT,4522.648571428572,4510.739642857143,4.763571428571465,45763
2026-05-26 10:15:00,4527.905,SHORT,4533.222928571428,4519.928107142857,5.317928571428508,45772
2026-05-26 14:05:00,4515.305,SHORT,4521.7495714285715,4505.638142857143,6.44457142857157,45818
2026-05-26 17:25:00,4501.225,SHORT,4504.330714285715,4496.566428571429,3.1057142857141895,45858
2026-05-26 19:10:00,4499.345,SHORT,4502.5192857142865,4494.583571428571,3.1742857142858156,45879
2026-05-26 22:35:00,4501.505,LONG,4494.008428571428,4512.749857142858,7.496571428571575,45908
2026-05-26 23:25:00,4512.105,LONG,4507.656928571429,4518.777107142857,4.448071428571309,45918
2026-05-27 01:05:00,4516.425,LONG,4512.336428571429,4522.557857142857,4.088571428571348,45938
2026-05-27 01:45:00,4509.815,LONG,4505.591428571428,4516.150357142857,4.223571428571437,45946
2026-05-27 05:40:00,4493.285,SHORT,4498.776642857143,4485.047535714286,5.4916428571428435,45993
2026-05-27 07:30:00,4485.475,SHORT,4490.054571428572,4478.605642857143,4.579571428571398,46015
2026-05-27 08:25:00,4488.965,SHORT,4493.328357142857,4482.419964285715,4.36335714285711,46026
2026-05-27 09:40:00,4488.445,SHORT,4492.300785714286,4482.661321428572,3.855785714285633,46041
2026-05-27 10:10:00,4485.395,SHORT,4488.782428571429,4480.313857142858,3.387428571428505,46047
2026-05-27 12:25:00,4454.465,SHORT,4464.277142857143,4439.746785714286,9.812142857142785,46074
2026-05-27 14:55:00,4433.815,SHORT,4442.437142857142,4420.881785714285,8.622142857142924,46104
2026-05-27 18:25:00,4455.375,LONG,4452.274285714286,4460.026071428571,3.1007142857144703,46146
2026-05-27 19:20:00,4452.995,LONG,4450.394,4456.8965,2.600999999999918,46157
2026-05-27 19:55:00,4450.675,LONG,4448.184285714286,4454.411071428572,2.490714285714408,46164
2026-05-27 20:45:00,4454.095,LONG,4451.7615000000005,4457.59525,2.3335000000001207,46174
2026-05-27 23:10:00,4453.235,LONG,4449.552142857143,4458.759285714285,3.6828571428571713,46191
2026-05-28 05:40:00,4389.225,SHORT,4394.6675000000005,4381.061250000001,5.442500000000109,46269
2026-05-28 05:55:00,4387.745,SHORT,4393.406285714285,4379.253071428571,5.661285714285766,46272
2026-05-28 06:25:00,4380.045,SHORT,4386.0845,4370.98575,6.039500000000122,46278
2026-05-28 08:00:00,4387.155,SHORT,4392.335285714285,4379.384571428571,5.180285714285674,46297
2026-05-28 08:30:00,4391.905,LONG,4386.973214285714,4399.302678571428,4.931785714285589,46303
2026-05-28 09:00:00,4389.175,LONG,4384.5535,4396.10725,4.621499999999936,46309
2026-05-28 09:45:00,4392.575,LONG,4388.318285714286,4398.960071428572,4.256714285714289,46318
2026-05-28 10:05:00,4401.285,LONG,4396.746142857142,4408.093285714285,4.538857142857198,46322
2026-05-28 10:25:00,4400.945,LONG,4396.017142857142,4408.336785714286,4.927857142857257,46326
2026-05-28 11:40:00,4385.605,SHORT,4391.337857142857,4377.005714285714,5.732857142857289,46341
2026-05-28 18:50:00,4502.678,LONG,4498.63,4508.75,4.048000000000035,46427
2026-05-28 20:30:00,4499.938,LONG,4497.4555,4503.66175,2.482499999999813,46447
2026-05-28 20:50:00,4495.475,LONG,4493.056285714286,4499.103071428572,2.4187142857140964,46451
2026-05-29 00:40:00,4498.085,LONG,4493.9405,4504.3017500000005,4.1445000000000745,46485
2026-05-29 02:30:00,4503.875,LONG,4499.115714285715,4511.013928571429,4.759285714285722,46507
2026-05-29 04:05:00,4503.065,LONG,4499.9052142857145,4507.804678571428,3.1597857142855252,46526
2026-05-29 05:50:00,4514.745,LONG,4510.495642857143,4521.119035714286,4.249357142857077,46547
2026-05-29 06:00:00,4518.955,LONG,4514.129214285715,4526.193678571429,4.825785714285693,46549
2026-05-29 10:20:00,4527.425,LONG,4522.579928571428,4534.692607142858,4.8450714285715675,46601
2026-05-29 11:50:00,4533.745,LONG,4529.703714285714,4539.806928571428,4.04128571428568,46619
2026-05-29 12:05:00,4530.055,LONG,4525.396857142858,4537.042214285714,4.658142857142853,46622
2026-05-29 13:10:00,4522.505,SHORT,4528.461928571429,4513.569607142857,5.956928571428567,46635
2026-05-29 13:30:00,4524.858,SHORT,4530.605428571429,4516.236857142857,5.7474285714286975,46639
2026-05-29 13:45:00,4535.705,LONG,4529.493285714286,4545.022571428572,6.211714285714281,46642
2026-05-29 14:30:00,4536.018,LONG,4528.111571428572,4547.877642857143,7.906428571428543,46651
2026-05-29 14:50:00,4556.725,LONG,4547.1305,4571.11675,9.594500000000087,46655
2026-05-29 15:50:00,4568.688,LONG,4557.347285714286,4585.699071428571,11.340714285714316,46667
2026-05-29 18:10:00,4557.695,LONG,4553.34,4564.2275,4.354999999999953,46695
2026-05-31 23:30:00,4539.075,SHORT,4543.020214285714,4533.157178571429,3.945214285714233,46747
2026-05-31 23:55:00,4539.335,SHORT,4543.183071428572,4533.562892857143,3.8480714285713993,46752
2026-06-01 00:15:00,4538.115,SHORT,4542.5326428571425,4531.488535714286,4.417642857142839,46756
2026-06-01 00:30:00,4537.548,SHORT,4542.5449285714285,4530.052607142857,4.996928571428531,46759
2026-06-01 02:15:00,4531.698,SHORT,4537.201142857143,4523.443285714286,5.503142857142913,46780
2026-06-01 02:40:00,4522.925,SHORT,4527.843214285715,4515.547678571429,4.918214285714255,46785
2026-06-01 05:25:00,4520.255,SHORT,4523.523857142857,4515.3517142857145,3.2688571428570867,46818
2026-06-01 06:10:00,4513.835,SHORT,4519.007428571429,4506.076357142857,5.1724285714288145,46827
2026-06-01 08:05:00,4493.705,SHORT,4499.000071428572,4485.762392857143,5.295071428571451,46850
2026-06-01 09:45:00,4495.225,SHORT,4500.443571428572,4487.397142857143,5.218571428571457,46870
2026-06-01 10:35:00,4502.995,SHORT,4507.428571428572,4496.344642857143,4.433571428571343,46880
2026-06-01 12:00:00,4505.795,LONG,4501.435214285714,4512.334678571429,4.359785714285863,46897
2026-06-01 12:40:00,4507.185,LONG,4502.2630714285715,4514.567892857143,4.921928571428452,46905
2026-06-01 16:00:00,4473.145,SHORT,4478.728142857143,4464.770285714286,5.58314285714284,46945
2026-06-01 17:00:00,4476.105,SHORT,4480.688857142857,4469.229214285714,4.583857142857141,46957
2026-06-01 17:35:00,4482.605,LONG,4477.861857142857,4489.719714285714,4.743142857142824,46964
2026-06-01 19:55:00,4480.955,LONG,4478.695214285714,4484.344678571429,2.259785714285694,46992
2026-06-01 20:55:00,4484.515,LONG,4482.3045,4487.83075,2.2104999999997483,47004
2026-06-01 22:10:00,4484.198,LONG,4481.916071428572,4487.620892857143,2.281928571428515,47007
2026-06-01 22:45:00,4483.925,LONG,4480.993785714286,4488.321821428572,2.9312142857144345,47014
2026-06-01 23:50:00,4484.505,LONG,4481.412642857143,4489.1435357142855,3.092357142857119,47027
2026-06-02 02:30:00,4480.835,SHORT,4487.399642857143,4470.988035714286,6.564642857142774,47059
2026-06-02 03:05:00,4486.445,SHORT,4491.682428571428,4478.588857142857,5.237428571428414,47066
2026-06-02 08:05:00,4535.265,LONG,4531.486857142857,4540.9322142857145,3.7781428571430036,47126
2026-06-02 08:20:00,4534.015,LONG,4530.245214285715,4539.669678571429,3.7697857142858475,47129
2026-06-02 08:45:00,4529.315,LONG,4525.549285714285,4534.963571428571,3.7657142857143038,47134
2026-06-02 09:00:00,4527.145,LONG,4523.6050000000005,4532.455000000001,3.5400000000000285,47137
2026-06-02 09:40:00,4525.485,LONG,4521.822071428571,4530.979392857143,3.662928571428568,47145
2026-06-02 11:25:00,4529.975,LONG,4526.998571428571,4534.439642857144,2.9764285714287064,47166
2026-06-02 12:45:00,4520.135,SHORT,4524.7425,4513.22375,4.607499999999878,47182
2026-06-02 13:15:00,4512.675,SHORT,4518.980714285714,4503.216428571429,6.305714285714203,47188
2026-06-02 15:00:00,4502.605,SHORT,4508.464357142857,4493.815964285714,5.859357142857334,47209
2026-06-02 18:55:00,4487.165,SHORT,4490.743571428571,4481.797142857143,3.5785714285712595,47256
2026-06-02 20:20:00,4489.238,SHORT,4491.527285714286,4485.804071428572,2.289285714285662,47273
2026-06-02 22:15:00,4488.845,SHORT,4491.1255,4485.42425,2.280499999999912,47284
2026-06-02 22:20:00,4488.495,SHORT,4490.863357142857,4484.942464285715,2.3683571428569588,47285
2026-06-03 01:10:00,4470.965,SHORT,4476.9665,4461.962750000001,6.0014999999999805,47319
2026-06-03 02:00:00,4473.605,SHORT,4479.748428571428,4464.389857142856,6.143428571428558,47329
2026-06-03 02:15:00,4475.945,SHORT,4481.583142857143,4467.487785714286,5.638142857142936,47332
2026-06-03 02:40:00,4478.805,SHORT,4483.937857142857,4471.105714285714,5.132857142857055,47337
2026-06-03 06:20:00,4459.955,SHORT,4466.2152857142855,4450.564571428571,6.260285714285601,47381
2026-06-03 07:55:00,4453.165,SHORT,4458.735214285714,4444.809678571429,5.570214285714363,47400
2026-06-03 08:45:00,4454.045,SHORT,4459.124285714286,4446.426071428571,5.0792857142857555,47410
2026-06-03 10:55:00,4458.755,SHORT,4464.530000000001,4450.0925,5.775000000000221,47436
2026-06-03 12:00:00,4463.458,LONG,4459.498214285714,4469.3976785714285,3.959785714285707,47449
2026-06-03 12:30:00,4451.325,SHORT,4455.7305,4444.71675,4.405500000000042,47455
2026-06-03 13:00:00,4463.015,LONG,4457.197357142857,4471.741464285715,5.817642857142995,47461
2026-06-03 14:15:00,4448.578,SHORT,4457.9580000000005,4434.508000000001,9.37999999999985,47476
2026-06-03 15:15:00,4445.415,SHORT,4451.857642857143,4435.7510357142855,6.442642857142865,47488
2026-06-03 17:10:00,4441.625,SHORT,4446.046214285714,4434.993178571429,4.421214285714346,47511
2026-06-03 18:30:00,4438.625,SHORT,4441.883357142857,4433.737464285714,3.2583571428571565,47527
2026-06-04 00:25:00,4450.535,LONG,4444.710642857142,4459.271535714285,5.824357142857155,47586
2026-06-04 00:40:00,4448.125,LONG,4441.880142857143,4457.492285714286,6.24485714285707,47589
2026-06-04 01:15:00,4464.355,LONG,4458.1927857142855,4473.598321428571,6.162214285714332,47596
2026-06-04 02:10:00,4462.745,LONG,4455.700714285714,4473.311428571428,7.044285714285836,47607
2026-06-04 03:50:00,4463.075,LONG,4458.527857142857,4469.895714285714,4.5471428571428465,47627
2026-06-04 05:40:00,4474.385,LONG,4470.353,4480.433,4.032000000000088,47649
2026-06-04 07:30:00,4463.565,SHORT,4468.569285714285,4456.058571428571,5.004285714285613,47671
2026-06-04 08:35:00,4460.535,SHORT,4465.253571428571,4453.457142857143,4.7185714285713924,47684
2026-06-04 08:55:00,4463.205,SHORT,4467.902857142857,4456.158214285714,4.697857142857174,47688
2026-06-04 10:55:00,4473.495,LONG,4469.690214285714,4479.202178571429,3.8047857142856367,47712
2026-06-04 16:00:00,4476.215,SHORT,4480.760928571429,4469.3961071428575,4.545928571428509,47773
2026-06-04 16:40:00,4481.365,SHORT,4485.875285714285,4474.599571428571,4.510285714285666,47781
2026-06-04 17:50:00,4478.275,SHORT,4481.097857142857,4474.040714285714,2.822857142857044,47795
2026-06-04 19:30:00,4478.655,SHORT,4481.442642857142,4474.473535714285,2.78764285714286,47815
2026-06-04 20:15:00,4477.498,SHORT,4479.730142857143,4474.149785714285,2.232142857142922,47824
2026-06-04 22:55:00,4469.278,SHORT,4472.286357142857,4464.765464285714,3.0083571428572213,47844
2026-06-05 00:40:00,4462.925,SHORT,4467.657428571429,4455.826357142857,4.7324285714285645,47865
2026-06-05 01:05:00,4464.205,SHORT,4470.403857142857,4454.906714285714,6.198857142857313,47870
2026-06-05 01:30:00,4453.725,SHORT,4460.622642857144,4443.378535714286,6.897642857142988,47875
2026-06-05 04:05:00,4440.455,SHORT,4444.146285714286,4434.918071428571,3.691285714285706,47906
2026-06-05 05:05:00,4447.135,SHORT,4450.825000000001,4441.6,3.6900000000000546,47918
2026-06-05 06:10:00,4436.165,SHORT,4441.079285714286,4428.793571428571,4.914285714285858,47931
2026-06-05 09:10:00,4465.785,LONG,4462.332285714286,4470.9640714285715,3.452714285714267,47967
2026-06-05 10:10:00,4465.035,LONG,4461.152357142857,4470.858964285714,3.88264285714292,47979
2026-06-05 12:45:00,4439.975,SHORT,4447.275500000001,4429.02425,7.300500000000089,48010
2026-06-05 17:15:00,4338.365,SHORT,4345.063071428572,4328.317892857142,6.698071428571503,48064
2026-06-05 19:50:00,4318.145,SHORT,4323.906928571429,4309.502107142857,5.761928571428533,48095
2026-06-05 20:55:00,4326.705,SHORT,4331.352142857143,4319.734285714286,4.647142857142886,48108
2026-06-07 22:55:00,4316.698,SHORT,4325.339,4303.7365,8.640999999999947,48120
2026-06-08 01:20:00,4321.585,LONG,4313.980928571428,4332.991107142857,7.604071428571452,48149
2026-06-08 02:50:00,4311.745,SHORT,4318.8355,4301.1092499999995,7.090499999999987,48167
2026-06-08 04:00:00,4314.615,SHORT,4319.212857142857,4307.718214285714,4.597857142857135,48181
2026-06-08 04:15:00,4318.425,SHORT,4322.803571428572,4311.857142857143,4.378571428571441,48184
2026-06-08 04:30:00,4313.275,SHORT,4317.795714285714,4306.493928571428,4.520714285714283,48187
2026-06-08 05:45:00,4286.398,SHORT,4294.821571428572,4273.762642857143,8.42357142857132,48202
2026-06-08 07:55:00,4294.345,SHORT,4301.372857142857,4283.803214285715,7.027857142857296,48228
2026-06-08 09:50:00,4293.425,SHORT,4300.9183571428575,4282.184964285714,7.493357142857154,48251
2026-06-08 13:15:00,4325.245,LONG,4318.702785714286,4335.058321428572,6.542214285714375,48292
2026-06-08 14:15:00,4321.565,LONG,4313.744214285714,4333.296178571428,7.820785714285648,48304
2026-06-08 15:15:00,4331.485,LONG,4324.347357142857,4342.191464285714,7.13764285714277,48316
2026-06-08 17:10:00,4338.655,LONG,4334.312857142857,4345.1682142857135,4.342142857142595,48339
2026-06-08 17:55:00,4338.895,LONG,4334.551857142857,4345.4097142857145,4.343142857142733,48348
2026-06-08 22:25:00,4324.845,SHORT,4327.789857142858,4320.4277142857145,2.9448571428571477,48390
2026-06-09 00:40:00,4318.325,SHORT,4322.6705,4311.80675,4.3455000000000314,48417
2026-06-09 02:10:00,4332.795,LONG,4326.830214285715,4341.742178571429,5.964785714285816,48435
2026-06-09 03:50:00,4339.245,LONG,4334.6152142857145,4346.189678571429,4.629785714285715,48455
2026-06-09 05:35:00,4343.325,LONG,4338.551428571428,4350.4853571428575,4.773571428571619,48476
2026-06-09 08:20:00,4331.695,SHORT,4336.565714285714,4324.388928571429,4.870714285714257,48509
2026-06-09 09:10:00,4328.185,SHORT,4332.936428571429,4321.057857142858,4.751428571428538,48519
2026-06-09 09:25:00,4326.695,SHORT,4331.455714285714,4319.5539285714285,4.760714285714195,48522
2026-06-09 13:05:00,4341.255,LONG,4336.4547142857145,4348.4554285714285,4.800285714285694,48566
2026-06-09 17:35:00,4262.438,SHORT,4272.141857142858,4247.882214285714,9.703857142857162,48620
2026-06-09 20:20:00,4258.005,SHORT,4262.076,4251.8985,4.070999999999718,48653
2026-06-10 01:20:00,4200.558,SHORT,4212.069714285714,4183.2904285714285,11.5117142857144,48701
2026-06-10 07:05:00,4207.005,LONG,4200.807142857143,4216.301785714286,6.197857142857044,48770
2026-06-10 09:25:00,4166.025,SHORT,4172.831428571428,4155.815357142857,6.806428571428504,48798
2026-06-10 09:45:00,4168.045,SHORT,4175.528357142857,4156.819964285714,7.483357142857195,48802
2026-06-10 11:20:00,4163.135,SHORT,4170.798785714286,4151.639321428572,7.663785714285756,48821
2026-06-10 12:00:00,4146.905,SHORT,4155.397142857142,4134.166785714286,8.49214285714288,48829
2026-06-10 12:35:00,4160.538,SHORT,4170.865571428571,4145.046642857143,10.327571428571316,48836
2026-06-10 13:10:00,4151.075,SHORT,4163.022571428572,4133.153642857143,11.947571428571402,48843
2026-06-10 16:25:00,4127.285,SHORT,4138.100071428571,4111.062392857143,10.815071428571368,48882
2026-06-10 17:20:00,4111.635,SHORT,4119.234571428572,4100.235642857143,7.599571428571445,48893
2026-06-10 18:25:00,4112.155,SHORT,4118.657214285714,4102.401678571428,6.502214285714217,48906
2026-06-10 22:40:00,4062.615,SHORT,4071.463857142857,4049.341714285714,8.84885714285721,48945
2026-06-10 23:05:00,4039.898,SHORT,4050.9620714285716,4023.301892857143,11.064071428571424,48950
2026-06-10 23:40:00,4055.975,SHORT,4068.0347857142856,4037.8853214285714,12.059785714285649,48957
2026-06-11 00:20:00,4061.245,SHORT,4073.7000714285714,4042.5623928571426,12.455071428571403,48965
2026-06-11 00:30:00,4063.985,SHORT,4076.538857142857,4045.1542142857143,12.553857142857137,48967
2026-06-11 03:15:00,4065.245,SHORT,4074.6362142857142,4051.1581785714284,9.391214285714211,49000
2026-06-11 03:55:00,4072.485,SHORT,4079.8719285714287,4061.4046071428575,7.386928571428565,49008
2026-06-11 04:50:00,4083.505,LONG,4077.813357142857,4092.0424642857147,5.691642857142922,49019
2026-06-11 05:05:00,4079.025,LONG,4073.432642857143,4087.413535714286,5.592357142857184,49022
2026-06-11 06:10:00,4084.075,LONG,4076.380714285714,4095.6164285714285,7.6942857142857,49035
2026-06-11 11:30:00,4088.085,SHORT,4093.487857142857,4079.9807142857144,5.402857142857134,49099
2026-06-11 12:15:00,4074.925,SHORT,4081.2928571428574,4065.3732142857143,6.367857142857117,49108
2026-06-11 13:15:00,4072.548,SHORT,4082.592071428571,4057.4818928571426,10.044071428571442,49120
2026-06-11 13:55:00,4083.005,SHORT,4092.9762142857144,4068.0481785714287,9.971214285714236,49128
2026-06-11 14:40:00,4076.095,SHORT,4087.969071428571,4058.2838928571427,11.874071428571337,49137
2026-06-11 17:35:00,4150.325,LONG,4139.872285714286,4166.0040714285715,10.452714285714299,49172
2026-06-11 22:25:00,4214.575,LONG,4209.631928571428,4221.989607142857,4.943071428571394,49218
2026-06-12 02:50:00,4188.525,SHORT,4195.362857142857,4178.268214285714,6.837857142857241,49271
2026-06-12 06:15:00,4180.375,SHORT,4186.470285714286,4171.2320714285715,6.095285714285702,49312
2026-06-12 10:45:00,4215.485,LONG,4209.729285714286,4224.118571428571,5.755714285714411,49366
2026-06-12 12:05:00,4207.615,LONG,4202.218071428571,4215.710392857142,5.396928571428622,49382
2026-06-12 14:15:00,4190.005,SHORT,4199.781214285715,4175.340678571429,9.77621428571443,49408
2026-06-12 16:05:00,4213.045,LONG,4203.922642857143,4226.7285357142855,9.122357142857188,49430
2026-06-12 17:30:00,4219.705,LONG,4214.218785714285,4227.934321428572,5.486214285714466,49447
2026-06-12 20:20:00,4213.898,SHORT,4217.7417857142855,4208.132321428571,3.8437857142856564,49481
2026-06-15 01:10:00,4295.935,LONG,4289.274785714286,4305.925321428572,6.660214285714249,49527
2026-06-15 01:25:00,4303.295,LONG,4295.515714285714,4314.963928571428,7.779285714285704,49530
2026-06-15 01:35:00,4315.315,LONG,4306.945714285714,4327.868928571428,8.36928571428585,49532
2026-06-15 03:45:00,4326.015,LONG,4321.556142857143,4332.703285714287,4.458857142857336,49558
2026-06-15 04:25:00,4326.795,LONG,4323.194928571428,4332.1951071428575,3.600071428571547,49566
2026-06-15 05:20:00,4330.315,LONG,4326.814928571428,4335.5651071428565,3.500071428571508,49577
2026-06-15 07:45:00,4313.465,SHORT,4317.603571428572,4307.257142857143,4.138571428571465,49606
2026-06-15 08:05:00,4328.905,LONG,4323.9852142857135,4336.284678571428,4.919785714285873,49610
2026-06-15 10:15:00,4338.345,LONG,4334.570000000001,4344.007500000001,3.774999999999961,49636
2026-06-15 11:35:00,4346.495,LONG,4342.862142857142,4351.944285714286,3.6328571428571195,49652
2026-06-15 12:00:00,4337.425,LONG,4333.193357142857,4343.772464285715,4.2316428571428855,49657
2026-06-15 12:45:00,4345.598,LONG,4339.617571428571,4354.568642857143,5.980428571428677,49666
2026-06-15 14:25:00,4363.455,LONG,4355.853785714286,4374.8568214285715,7.601214285714117,49686
2026-06-15 16:00:00,4356.915,LONG,4352.116571428572,4364.112642857142,4.7984285714285635,49705
2026-06-15 23:05:00,4314.118,SHORT,4318.0637857142865,4308.199321428572,3.945785714285713,49778
2026-06-15 23:35:00,4314.915,SHORT,4317.9538571428575,4310.356714285715,3.0388571428571334,49784
2026-06-15 23:55:00,4315.395,SHORT,4318.785714285715,4310.308928571429,3.390714285714369,49788
2026-06-16 00:15:00,4311.325,SHORT,4314.891428571428,4305.975357142857,3.566428571428592,49792
2026-06-16 01:40:00,4314.795,SHORT,4319.842857142858,4307.223214285715,5.047857142857083,49809
2026-06-16 03:20:00,4319.315,LONG,4315.422142857143,4325.154285714285,3.892857142856948,49829
2026-06-16 04:45:00,4323.145,LONG,4320.129500000001,4327.668250000001,3.0154999999999097,49846
2026-06-16 06:35:00,4317.305,SHORT,4322.002142857144,4310.259285714286,4.697142857142808,49868
2026-06-16 09:30:00,4344.655,LONG,4340.706142857142,4350.578285714286,3.948857142857183,49903
2026-06-16 10:35:00,4345.055,LONG,4341.9228571428575,4349.753214285714,3.132142857142818,49916
2026-06-16 11:20:00,4340.815,LONG,4337.937142857142,4345.131785714285,2.8778571428571404,49925
2026-06-16 11:55:00,4340.755,LONG,4337.021428571428,4346.355357142857,3.733571428571525,49932
2026-06-16 15:20:00,4321.265,SHORT,4326.980214285714,4312.692178571429,5.71521428571415,49973
2026-06-16 15:55:00,4335.035,SHORT,4340.344999999999,4327.07,5.309999999999881,49980
2026-06-16 19:20:00,4339.825,LONG,4337.1801428571425,4343.792285714286,2.6448571428570955,50021
2026-06-16 19:55:00,4334.105,LONG,4331.308,4338.300499999999,2.7969999999998305,50028
2026-06-16 20:00:00,4332.655,SHORT,4335.503928571428,4328.381607142857,2.848928571428392,50029
2026-06-17 00:10:00,4337.425,SHORT,4340.208642857143,4333.249535714286,2.783642857142955,50067
2026-06-17 00:50:00,4335.265,LONG,4331.751142857143,4340.535785714286,3.5138571428572374,50075
2026-06-17 05:50:00,4329.955,SHORT,4333.398571428572,4324.789642857143,3.443571428571431,50135
2026-06-17 06:05:00,4327.425,SHORT,4331.232857142857,4321.7132142857145,3.8078571428570416,50138
2026-06-17 07:50:00,4325.185,SHORT,4328.85,4319.6875,3.6649999999999636,50159
2026-06-17 10:10:00,4330.635,LONG,4327.334285714286,4335.586071428572,3.3007142857142884,50187
2026-06-17 10:25:00,4328.835,LONG,4325.676428571429,4333.572857142857,3.1585714285714466,50190
2026-06-17 13:10:00,4331.735,LONG,4327.223071428571,4338.502892857143,4.511928571428728,50223
2026-06-17 15:10:00,4347.905,LONG,4339.764785714286,4360.115321428571,8.140214285714203,50247
2026-06-17 17:15:00,4362.175,LONG,4358.685,4367.41,3.4899999999999767,50272
2026-06-17 17:30:00,4377.395,LONG,4372.672571428572,4384.478642857143,4.722428571428542,50275
2026-06-17 18:45:00,4318.445,SHORT,4341.791928571428,4283.424607142857,23.34692857142844,50290
2026-06-17 20:25:00,4257.798,SHORT,4269.907999999999,4239.633,12.109999999999932,50310
2026-06-17 22:30:00,4265.325,SHORT,4270.772214285714,4257.154178571428,5.447214285714316,50323
2026-06-17 23:45:00,4273.485,SHORT,4279.708214285714,4264.150178571428,6.223214285714286,50338
2026-06-18 03:00:00,4312.015,LONG,4307.201428571429,4319.2353571428575,4.813571428571582,50377
2026-06-18 04:10:00,4317.095,LONG,4312.959285714286,4323.298571428571,4.135714285714,50391
2026-06-18 04:50:00,4315.405,LONG,4311.4345,4321.36075,3.970499999999837,50399
2026-06-18 05:15:00,4321.155,LONG,4316.952357142857,4327.4589642857145,4.202642857142889,50404
2026-06-18 07:20:00,4304.455,SHORT,4308.9902142857145,4297.6521785714285,4.535214285714313,50429
2026-06-18 10:45:00,4262.345,SHORT,4267.213571428571,4255.0421428571435,4.868571428571353,50470
2026-06-18 13:15:00,4258.415,SHORT,4266.421928571429,4246.404607142857,8.006928571428684,50500
2026-06-18 14:25:00,4244.095,SHORT,4253.811928571429,4229.519607142857,9.716928571428655,50514
2026-06-18 15:10:00,4246.485,SHORT,4254.368571428571,4234.659642857142,7.883571428571615,50523
2026-06-18 18:25:00,4226.075,SHORT,4229.8917142857135,4220.349928571429,3.81671428571417,50562
2026-06-18 20:00:00,4216.425,SHORT,4221.076214285715,4209.448178571429,4.651214285714299,50581
2026-06-18 20:50:00,4209.565,SHORT,4212.4355,4205.259249999999,2.8704999999999927,50591
2026-06-18 23:15:00,4195.135,SHORT,4199.147642857143,4189.116035714286,4.01264285714277,50608
2026-06-19 00:10:00,4185.215,SHORT,4190.465071428572,4177.339892857142,5.250071428571573,50619
2026-06-19 01:15:00,4184.985,SHORT,4189.305785714286,4178.5038214285705,4.320785714285843,50632
2026-06-19 01:45:00,4184.575,SHORT,4188.597642857143,4178.5410357142855,4.022642857142988,50638
2026-06-19 02:45:00,4175.965,SHORT,4179.888142857143,4170.080285714286,3.9231428571427256,50650
2026-06-19 05:35:00,4131.315,SHORT,4137.122642857143,4122.6035357142855,5.807642857142777,50684
2026-06-19 06:00:00,4137.875,SHORT,4143.1976428571425,4129.891035714286,5.322642857142845,50689
2026-06-19 06:25:00,4141.645,SHORT,4147.528571428572,4132.819642857144,5.883571428571421,50694
2026-06-19 11:50:00,4149.635,SHORT,4153.8905,4143.25175,4.2555000000000165,50759
2026-06-19 12:25:00,4151.695,SHORT,4156.084285714285,4145.111071428571,4.389285714285767,50766
2026-06-19 13:05:00,4182.285,LONG,4174.067357142857,4194.611464285715,8.217642857143021,50774
2026-06-19 15:50:00,4150.335,SHORT,4154.3455,4144.3192500000005,4.01049999999993,50807
2026-06-21 22:20:00,4149.775,SHORT,4155.520857142857,4141.156214285714,5.745857142857209,50825
2026-06-22 00:20:00,4163.845,LONG,4156.8,4174.4125,7.044999999999878,50849
2026-06-22 02:20:00,4188.795,LONG,4181.653714285714,4199.506928571428,7.141285714285589,50873
2026-06-22 03:20:00,4178.645,LONG,4172.972642857143,4187.153535714287,5.672357142857176,50885
2026-06-22 04:50:00,4177.815,SHORT,4181.211928571428,4172.719607142857,3.3969285714286213,50903
2026-06-22 05:05:00,4183.555,LONG,4180.191428571428,4188.600357142857,3.363571428571504,50906
2026-06-22 07:30:00,4198.645,LONG,4194.443785714286,4204.946821428573,4.201214285714481,50935
2026-06-22 07:45:00,4194.885,LONG,4190.7695,4201.058250000001,4.115500000000209,50938
2026-06-22 08:00:00,4191.835,LONG,4187.687357142857,4198.056464285714,4.147642857142988,50941
2026-06-22 11:35:00,4206.245,LONG,4202.328785714286,4212.119321428571,3.916214285714237,50984
2026-06-22 11:50:00,4205.325,LONG,4201.147357142857,4211.591464285714,4.177642857142863,50987
2026-06-22 12:40:00,4203.695,LONG,4199.618071428571,4209.810392857143,4.076928571428588,50997
2026-06-22 14:25:00,4191.795,SHORT,4199.5890714285715,4180.103892857143,7.794071428571442,51018
2026-06-22 15:15:00,4191.915,SHORT,4198.234071428571,4182.436392857143,6.319071428571533,51028
2026-06-22 16:35:00,4183.128,SHORT,4188.660142857143,4174.829785714285,5.532142857142974,51044
2026-06-22 17:20:00,4188.925,SHORT,4192.396857142858,4183.717214285714,3.4718571428570613,51053
2026-06-22 18:10:00,4183.755,SHORT,4187.031714285714,4178.839928571429,3.276714285714076,51063
2026-06-22 18:30:00,4186.395,SHORT,4189.779571428571,4181.318142857143,3.3845714285712347,51067
2026-06-22 19:35:00,4188.265,LONG,4185.782857142857,4191.988214285714,2.4821428571427924,51080
2026-06-22 19:40:00,4184.455,SHORT,4186.97,4180.6825,2.5149999999999375,51081
2026-06-22 20:30:00,4191.515,LONG,4188.937357142858,4195.381464285714,2.577642857142759,51091
2026-06-22 23:00:00,4189.958,LONG,4187.867214285714,4193.094178571428,2.09078571428563,51109
2026-06-23 05:45:00,4118.675,SHORT,4127.1747857142855,4105.925321428572,8.49978571428554,51190
2026-06-23 07:50:00,4100.365,SHORT,4106.721428571428,4090.830357142857,6.356428571428556,51215
2026-06-23 09:05:00,4109.635,SHORT,4115.522857142857,4100.803214285715,5.887857142857131,51230
2026-06-23 09:40:00,4116.895,SHORT,4122.253357142858,4108.857464285715,5.358357142857195,51237
2026-06-23 11:05:00,4125.465,LONG,4120.447142857143,4132.991785714286,5.017857142857208,51254
2026-06-23 11:35:00,4125.535,LONG,4120.611642857143,4132.920035714285,4.92335714285699,51260
2026-06-23 11:45:00,4121.465,LONG,4116.3095,4129.19825,5.155499999999912,51262
2026-06-23 14:55:00,4129.985,LONG,4122.3463571428565,4141.442964285714,7.638642857142908,51300
2026-06-23 19:05:00,4122.055,SHORT,4125.792642857144,4116.448535714286,3.737642857142938,51350
2026-06-23 22:25:00,4105.725,SHORT,4108.836428571429,4101.057857142858,3.111428571428405,51378
2026-06-24 01:00:00,4073.315,SHORT,4081.2617142857143,4061.3949285714284,7.946714285714312,51409
2026-06-24 01:40:00,4092.595,SHORT,4101.751,4078.861,9.156000000000015,51417
2026-06-24 04:40:00,4063.435,SHORT,4068.2664285714286,4056.1878571428574,4.831428571428497,51453
2026-06-24 07:40:00,4082.315,LONG,4077.6007142857143,4089.3864285714285,4.71428571428565,51489
2026-06-24 09:20:00,4074.305,SHORT,4079.277642857143,4066.8460357142853,4.972642857142968,51509
2026-06-24 12:10:00,4038.005,SHORT,4045.835,4026.26,7.830000000000057,51543
2026-06-24 15:30:00,4008.805,SHORT,4017.560071428571,3995.6723928571428,8.755071428571389,51583
2026-06-24 16:30:00,4014.515,SHORT,4022.4295714285713,4002.6431428571427,7.914571428571435,51595
2026-06-24 17:25:00,3990.208,SHORT,3996.7570714285716,3980.3843928571428,6.5490714285714215,51606
2026-06-24 18:15:00,3986.985,SHORT,3995.214785714286,3974.6403214285715,8.229785714285754,51616
2026-06-24 19:35:00,3982.515,SHORT,3987.822642857143,3974.5535357142858,5.3076428571428425,51632
2026-06-24 22:55:00,3995.898,LONG,3991.609214285714,4002.3311785714286,4.288785714285756,51660
2026-06-25 01:25:00,3990.485,SHORT,4000.171428571429,3975.9553571428573,9.68642857142858,51690
2026-06-25 03:00:00,3981.348,SHORT,3990.2687142857144,3967.9669285714285,8.920714285714244,51709
2026-06-25 04:55:00,3995.805,LONG,3990.230714285714,4004.1664285714282,5.574285714285712,51732
2026-06-25 05:30:00,3994.815,LONG,3989.055,4003.455,5.760000000000056,51739
2026-06-25 05:45:00,3983.045,LONG,3976.7971428571427,3992.4167857142857,6.247857142857193,51742
2026-06-25 06:55:00,3977.155,SHORT,3983.334285714286,3967.8860714285715,6.179285714285697,51756
2026-06-25 07:10:00,3979.835,SHORT,3986.202142857143,3970.2842857142855,6.367142857142945,51759
2026-06-25 07:30:00,3983.035,SHORT,3989.617142857143,3973.1617857142855,6.582142857142928,51763
2026-06-25 10:40:00,3985.465,SHORT,3989.463642857143,3979.467035714286,3.998642857142808,51801
2026-06-25 14:15:00,4017.755,LONG,4007.046714285714,4033.8174285714285,10.708285714285694,51844
2026-06-25 16:45:00,4031.295,LONG,4024.8975714285716,4040.8911428571428,6.397428571428528,51874
2026-06-25 18:50:00,4034.885,LONG,4029.678642857143,4042.694535714286,5.20635714285712,51899
2026-06-25 19:35:00,4034.448,LONG,4029.8495,4041.34575,4.5984999999999285,51908
2026-06-25 19:55:00,4026.525,LONG,4021.6890714285714,4033.7788928571426,4.8359285714285045,51912
2026-06-25 22:05:00,4025.575,SHORT,4028.9955,4020.44425,3.420500000000012,51926
2026-06-26 00:20:00,4017.955,SHORT,4022.8435714285715,4010.622142857143,4.8885714285714,51953
2026-06-26 00:45:00,4018.805,SHORT,4023.8064285714286,4011.3028571428567,5.001428571428603,51958
2026-06-26 01:00:00,4017.145,SHORT,4023.1428571428573,4008.1482142857144,5.997857142857193,51961
2026-06-26 01:40:00,4020.355,SHORT,4026.383357142857,4011.312464285714,6.028357142857203,51969
2026-06-26 04:00:00,4000.935,SHORT,4006.2869285714287,3992.907107142857,5.351928571428646,51997
2026-06-26 06:25:00,4023.935,LONG,4018.0112142857142,4032.8206785714287,5.9237857142858115,52026
2026-06-26 08:10:00,4030.905,LONG,4026.4400000000005,4037.6025,4.464999999999918,52047
2026-06-26 09:00:00,4034.155,LONG,4030.0166428571433,4040.362535714286,4.138357142857038,52057
2026-06-26 10:25:00,4048.025,LONG,4043.1388571428574,4055.3542142857145,4.886142857142821,52074
2026-06-26 11:15:00,4052.945,LONG,4048.0878571428575,4060.2307142857144,4.857142857142825,52084
2026-06-26 12:05:00,4047.745,LONG,4043.8195,4053.63325,3.9254999999999263,52094
2026-06-26 12:45:00,4044.198,LONG,4039.745785714286,4050.8763214285714,4.45221428571423,52102
2026-06-26 13:15:00,4050.705,LONG,4043.075642857143,4062.1490357142857,7.6293571428570885,52108
2026-06-26 17:20:00,4084.475,LONG,4080.4684285714284,4090.484857142857,4.006571428571435,52157
2026-06-26 17:40:00,4076.425,LONG,4072.5255,4082.2742500000004,3.899499999999989,52161
2026-06-26 20:00:00,4070.938,SHORT,4074.1754285714287,4066.081857142857,3.2374285714286413,52189
2026-06-26 20:30:00,4069.415,SHORT,4072.840714285714,4064.2764285714284,3.425714285714321,52195
2026-06-29 00:15:00,4057.255,SHORT,4062.3900000000003,4049.5525000000002,5.134999999999991,52228
2026-06-29 01:05:00,4061.535,SHORT,4069.117142857143,4050.1617857142855,7.582142857142896,52238
2026-06-29 02:10:00,4060.765,SHORT,4068.1635714285712,4049.6671428571426,7.398571428571456,52251
2026-06-29 03:05:00,4069.645,LONG,4063.3490714285713,4079.0888928571426,6.295928571428541,52262
2026-06-29 06:30:00,4056.655,SHORT,4062.676428571429,4047.6228571428574,6.02142857142852,52303
2026-06-29 08:10:00,4063.835,LONG,4059.752857142857,4069.9582142857143,4.082142857142896,52323
2026-06-29 11:45:00,4035.005,SHORT,4039.227142857143,4028.6717857142858,4.222142857142899,52366
2026-06-29 12:10:00,4047.425,SHORT,4052.396928571429,4039.9671071428575,4.9719285714285695,52371
2026-06-29 12:25:00,4038.215,SHORT,4043.777642857143,4029.871035714286,5.562642857142789,52374
2026-06-29 15:30:00,4023.025,SHORT,4028.804285714286,4014.3560714285713,5.779285714285769,52411
2026-06-29 15:55:00,4026.755,SHORT,4032.069285714286,4018.7835714285716,5.314285714285753,52416
2026-06-29 16:50:00,4025.718,SHORT,4029.3972857142858,4020.199071428571,3.67928571428573,52427
2026-06-29 17:10:00,4028.705,SHORT,4032.3545,4023.23075,3.6494999999999567,52431
2026-06-29 17:40:00,4021.618,SHORT,4025.1403571428573,4016.334464285714,3.5223571428571177,52437
2026-06-29 19:35:00,4017.065,SHORT,4020.480642857143,4011.9415357142857,3.4156428571428217,52460
2026-06-29 22:10:00,4018.148,SHORT,4020.730285714286,4014.2745714285716,2.582285714285685,52479
2026-06-29 22:55:00,4013.628,SHORT,4017.1460714285718,4008.350892857143,3.5180714285714396,52488
2026-06-29 23:50:00,4015.265,SHORT,4018.902642857143,4009.8085357142854,3.637642857142867,52499
2026-06-30 03:10:00,3965.978,SHORT,3972.8944285714288,3955.603357142857,6.9164285714285665,52539
2026-06-30 05:20:00,3984.995,LONG,3979.5564285714286,3993.152857142857,5.438571428571452,52565
2026-06-30 05:50:00,3980.598,LONG,3975.255142857143,3988.612285714286,5.342857142857221,52571
2026-06-30 06:10:00,3987.575,LONG,3981.9892857142854,3995.953571428571,5.585714285714338,52575
2026-06-30 09:00:00,4018.828,LONG,4013.8627857142856,4026.2758214285714,4.965214285714247,52609
2026-06-30 13:30:00,4021.415,SHORT,4027.9714285714285,4011.5803571428573,6.556428571428536,52663
2026-06-30 13:50:00,4028.385,LONG,4020.5578571428573,4040.1257142857144,7.827142857142819,52667
2026-06-30 15:10:00,4035.735,LONG,4027.13,4048.6425,8.604999999999952,52683
2026-06-30 15:20:00,4027.205,LONG,4019.6492857142857,4038.5385714285712,7.555714285714235,52685
2026-06-30 22:45:00,4012.955,SHORT,4016.1114285714284,4008.2203571428568,3.1564285714286404,52762
2026-07-01 02:45:00,3981.735,SHORT,3986.354285714286,3974.8060714285716,4.619285714285785,52810
2026-07-01 04:05:00,3975.305,SHORT,3978.9357142857143,3969.8589285714284,3.6307142857142805,52826
2026-07-01 05:50:00,3974.355,SHORT,3978.48,3968.1675,4.125000000000065,52847
2026-07-01 05:55:00,3973.815,SHORT,3977.864285714286,3967.7410714285716,4.049285714285783,52848
2026-07-01 06:10:00,3964.915,SHORT,3969.4992857142856,3958.0385714285712,4.584285714285833,52851
2026-07-01 09:00:00,3975.025,LONG,3970.0378571428573,3982.5057142857145,4.987142857142966,52885
2026-07-01 13:10:00,4021.105,LONG,4015.049285714286,4030.1885714285713,6.055714285714267,52935
2026-07-01 13:25:00,4046.425,LONG,4038.4957142857147,4058.318928571429,7.929285714285697,52938
2026-07-01 15:40:00,4082.135,LONG,4074.7457142857147,4093.2189285714285,7.389285714285604,52965
2026-07-01 17:45:00,4070.925,LONG,4067.562142857143,4075.969285714286,3.3628571428571052,52990
2026-07-01 18:00:00,4069.965,LONG,4066.829285714286,4074.668571428572,3.1357142857142923,52993
2026-07-01 23:20:00,4035.545,SHORT,4038.384285714286,4031.2860714285716,2.8392857142856167,53045
2026-07-02 05:15:00,4058.365,LONG,4055.1099999999997,4063.2475,3.255000000000012,53116
2026-07-02 06:45:00,4072.955,LONG,4067.395,4081.295,5.56000000000001,53134
2026-07-02 08:00:00,4065.915,LONG,4060.6257142857144,4073.8489285714286,5.28928571428563,53149
2026-07-02 08:15:00,4072.995,LONG,4067.6564285714285,4081.002857142857,5.338571428571348,53152
2026-07-02 09:25:00,4067.385,LONG,4063.3585714285714,4073.424642857143,4.026428571428629,53166
2026-07-02 12:10:00,4064.035,SHORT,4068.6899999999996,4057.0525,4.654999999999973,53199
2026-07-02 15:30:00,4129.525,LONG,4121.483571428571,4141.587142857143,8.041428571428566,53239
2026-07-02 16:15:00,4123.265,LONG,4117.230714285714,4132.316428571429,6.034285714285683,53248
2026-07-02 16:55:00,4117.915,LONG,4111.927857142858,4126.895714285714,5.987142857142642,53256
2026-07-02 18:20:00,4117.815,LONG,4112.873571428571,4125.227142857142,4.941428571428527,53273
2026-07-02 20:15:00,4121.715,LONG,4117.979285714286,4127.318571428572,3.7357142857142986,53296
2026-07-03 00:00:00,4131.345,LONG,4126.6,4138.462500000001,4.745000000000085,53329
2026-07-03 00:10:00,4134.545,LONG,4128.907857142857,4143.000714285715,5.637142857142927,53331
2026-07-03 04:15:00,4181.045,LONG,4177.96,4185.6725,3.0849999999999063,53380
2026-07-03 04:55:00,4178.585,LONG,4175.8492857142855,4182.688571428572,2.7357142857142986,53388
2026-07-03 07:00:00,4174.575,LONG,4169.880714285714,4181.6164285714285,4.694285714285537,53413
2026-07-03 07:20:00,4172.975,LONG,4168.350714285715,4179.911428571429,4.624285714285504,53417
2026-07-03 08:00:00,4183.065,LONG,4178.607857142857,4189.750714285714,4.457142857142766,53425
2026-07-03 10:15:00,4180.125,LONG,4176.451428571429,4185.635357142857,3.673571428571514,53452
2026-07-03 10:40:00,4177.605,LONG,4174.712142857143,4181.944285714286,2.8928571428572076,53457
2026-07-03 11:05:00,4179.715,LONG,4176.846428571429,4184.017857142857,2.8685714285713533,53462
2026-07-03 14:40:00,4163.555,SHORT,4167.8778571428575,4157.0707142857145,4.322857142857174,53505
2026-07-03 15:05:00,4170.905,SHORT,4175.059285714286,4164.6735714285705,4.154285714285899,53510
2026-07-06 00:05:00,4176.425,LONG,4169.722142857143,4186.479285714286,6.702857142857218,53558
2026-07-06 01:00:00,4187.035,LONG,4179.146428571428,4198.867857142857,7.888571428571335,53569
2026-07-06 01:10:00,4188.555,LONG,4180.549285714286,4200.563571428572,8.00571428571415,53571
2026-07-06 01:25:00,4189.285,LONG,4180.853571428572,4201.932142857143,8.431428571428503,53574
2026-07-06 02:10:00,4180.715,LONG,4172.878571428571,4192.469642857143,7.836428571428574,53583
2026-07-06 05:35:00,4154.495,SHORT,4158.655,4148.255,4.159999999999984,53624
2026-07-06 05:55:00,4147.735,SHORT,4152.522857142857,4140.553214285714,4.787857142857125,53628
2026-07-06 06:35:00,4155.735,SHORT,4160.98,4147.867499999999,5.244999999999956,53636
2026-07-06 07:05:00,4148.635,SHORT,4153.040714285715,4142.026428571428,4.405714285714306,53642
2026-07-06 08:30:00,4154.065,SHORT,4157.924999999999,4148.275,3.859999999999997,53659
2026-07-06 10:25:00,4148.715,SHORT,4152.236428571428,4143.432857142858,3.5214285714283897,53682
2026-07-06 14:05:00,4136.105,SHORT,4143.581428571428,4124.890357142856,7.476428571428577,53726
2026-07-06 16:10:00,4140.355,SHORT,4144.714999999999,4133.815,4.359999999999933,53751
2026-07-06 19:55:00,4163.585,LONG,4161.268571428572,4167.059642857143,2.316428571428657,53796
2026-07-06 20:20:00,4161.695,LONG,4159.801428571428,4164.535357142857,1.8935714285714442,53801
2026-07-06 22:05:00,4165.545,LONG,4163.687857142857,4168.330714285714,1.8571428571427273,53810
2026-07-06 23:10:00,4165.285,LONG,4163.455,4168.03,1.8300000000001222,53823
2026-07-06 23:45:00,4163.105,LONG,4161.177857142857,4165.995714285714,1.9271428571429559,53830
2026-07-07 02:25:00,4140.355,SHORT,4145.163571428571,4133.142142857142,4.808571428571538,53862
2026-07-07 04:25:00,4131.935,SHORT,4136.621428571429,4124.905357142858,4.686428571428613,53886
2026-07-07 05:15:00,4122.075,SHORT,4125.957857142857,4116.250714285714,3.8828571428571195,53896
2026-07-07 06:05:00,4122.805,SHORT,4128.227142857143,4114.671785714286,5.422142857143042,53906
2026-07-07 06:50:00,4129.045,SHORT,4132.971428571429,4123.155357142857,3.9264285714287843,53915
2026-07-07 07:45:00,4126.945,SHORT,4131.056428571428,4120.777857142857,4.1114285714286,53926
2026-07-07 09:20:00,4126.815,SHORT,4130.848571428571,4120.7646428571425,4.033571428571447,53945
2026-07-07 11:30:00,4143.165,LONG,4139.835,4148.16,3.3300000000000574,53971
2026-07-07 14:15:00,4158.585,LONG,4149.969285714285,4171.5085714285715,8.615714285714148,54004
2026-07-07 14:40:00,4152.105,LONG,4143.431428571428,4165.115357142857,8.673571428571384,54009
2026-07-07 16:50:00,4144.235,SHORT,4147.953571428571,4138.657142857142,3.7185714285712623,54035
2026-07-07 17:30:00,4145.705,SHORT,4148.599999999999,4141.3625,2.8949999999998517,54043
2026-07-07 18:25:00,4141.535,SHORT,4144.12,4137.6575,2.5849999999999715,54054
2026-07-07 18:55:00,4126.685,SHORT,4130.8150000000005,4120.490000000001,4.1299999999999795,54060
2026-07-08 01:20:00,4105.845,SHORT,4112.986428571428,4095.1328571428576,7.1414285714284755,54125
2026-07-08 04:30:00,4125.785,LONG,4122.062857142857,4131.368214285714,3.722142857142834,54163
2026-07-08 04:55:00,4124.825,LONG,4121.187857142857,4130.280714285714,3.6371428571427975,54168
2026-07-08 05:40:00,4127.975,LONG,4123.816428571429,4134.2128571428575,4.158571428571512,54177
2026-07-08 07:40:00,4127.005,LONG,4122.986428571428,4133.032857142857,4.018571428571444,54201
2026-07-08 08:00:00,4116.895,SHORT,4121.335,4110.235000000001,4.43999999999999,54205
2026-07-08 08:20:00,4084.895,SHORT,4092.8591428571426,4072.948785714286,7.964142857142796,54209
2026-07-08 10:55:00,4052.905,SHORT,4058.2514285714287,4044.885357142857,5.346428571428565,54240
2026-07-08 11:45:00,4061.675,SHORT,4068.531428571429,4051.3903571428573,6.856428571428556,54250
2026-07-08 13:30:00,4077.235,LONG,4069.125,4089.4,8.109999999999932,54271
2026-07-08 16:10:00,4039.085,SHORT,4045.53,4029.4175,6.444999999999969,54303
2026-07-08 16:30:00,4041.505,SHORT,4047.0642857142857,4033.1660714285717,5.559285714285677,54307
2026-07-08 20:05:00,4081.095,LONG,4076.8271428571425,4087.4967857142856,4.26785714285711,54350
2026-07-08 20:25:00,4076.575,LONG,4072.7442857142855,4082.3210714285715,3.8307142857142935,54354
2026-07-08 20:35:00,4073.975,LONG,4069.972857142857,4079.9782142857143,4.002142857142871,54356
2026-07-09 00:10:00,4087.405,LONG,4083.55,4093.1875,3.855000000000018,54387
2026-07-09 00:25:00,4077.775,LONG,4072.8514285714286,4085.1603571428573,4.9235714285714165,54390
2026-07-09 04:10:00,4060.295,SHORT,4064.4914285714285,4054.0003571428574,4.196428571428571,54435
2026-07-09 09:00:00,4108.645,LONG,4104.364285714286,4115.066071428572,4.280714285714306,54493
2026-07-09 09:50:00,4105.745,LONG,4102.390714285714,4110.776428571428,3.354285714285782,54503
2026-07-09 10:30:00,4104.305,LONG,4101.372857142857,4108.703214285714,2.932142857142805,54511
2026-07-09 10:55:00,4098.755,LONG,4095.3564285714288,4103.852857142857,3.3985714285714232,54516
2026-07-09 11:10:00,4104.875,LONG,4101.363571428571,4110.142142857143,3.511428571428561,54519
2026-07-09 11:50:00,4107.145,LONG,4102.695000000001,4113.820000000001,4.450000000000078,54527
2026-07-09 14:20:00,4123.055,LONG,4115.435714285714,4134.483928571429,7.619285714285654,54557
2026-07-09 17:00:00,4127.985,LONG,4124.353571428571,4133.432142857143,3.6314285714286467,54589
2026-07-09 17:45:00,4135.795,LONG,4132.060714285714,4141.396428571429,3.734285714285826,54598
2026-07-09 19:15:00,4123.585,SHORT,4126.1527857142855,4119.733321428571,2.5677857142858165,54616
2026-07-09 20:55:00,4123.365,SHORT,4125.139999999999,4120.7025,1.7749999999998312,54636
2026-07-09 22:05:00,4122.285,SHORT,4124.252857142857,4119.333214285714,1.967857142856961,54638
2026-07-09 22:15:00,4123.015,SHORT,4124.927142857143,4120.146785714286,1.9121428571426935,54640
2026-07-09 23:30:00,4121.175,SHORT,4123.453571428571,4117.757142857143,2.2785714285713374,54655
2026-07-10 00:05:00,4122.455,SHORT,4124.875,4118.825,2.4199999999999426,54662
2026-07-10 00:30:00,4115.615,SHORT,4118.545,4111.22,2.929999999999901,54667
2026-07-10 01:15:00,4125.865,LONG,4120.778571428571,4133.494642857142,5.086428571428444,54676
2026-07-10 01:30:00,4119.665,SHORT,4125.062857142857,4111.568214285714,5.397857142857122,54679
2026-07-10 02:10:00,4124.525,SHORT,4130.150714285714,4116.086428571428,5.625714285714237,54687
2026-07-10 06:10:00,4114.715,SHORT,4118.54,4108.9775,3.824999999999883,54735
2026-07-10 07:35:00,4111.545,SHORT,4114.88,4106.5425000000005,3.3349999999999715,54752
2026-07-10 10:45:00,4107.035,SHORT,4109.992857142857,4102.598214285714,2.957857142857262,54790
2026-07-10 11:30:00,4099.075,SHORT,4102.428571428572,4094.0446428571427,3.3535714285715454,54799
2026-07-10 11:50:00,4105.105,SHORT,4108.871428571429,4099.455357142856,3.7664285714288,54803
2026-07-10 13:55:00,4099.735,SHORT,4106.334285714285,4089.8360714285714,6.5992857142856725,54828
2026-07-10 14:20:00,4102.615,SHORT,4109.325714285714,4092.5489285714284,6.710714285714338,54833
2026-07-10 15:10:00,4097.305,SHORT,4106.2757142857145,4083.8489285714286,8.970714285714362,54843
2026-07-10 18:20:00,4102.095,SHORT,4104.428571428572,4098.594642857143,2.3335714285715636,54881
2026-07-10 18:40:00,4098.755,SHORT,4101.242857142857,4095.0232142857144,2.487857142857268,54885
2026-07-13 00:10:00,4086.605,SHORT,4090.767142857143,4080.361785714286,4.162142857142791,54939
2026-07-13 00:25:00,4074.285,SHORT,4079.245,4066.845,4.959999999999939,54942
2026-07-13 01:15:00,4073.215,SHORT,4080.8657142857146,4061.738928571429,7.65071428571423,54952
2026-07-13 01:40:00,4084.365,SHORT,4091.7192857142854,4073.3335714285713,7.354285714285717,54957
2026-07-13 02:00:00,4070.565,SHORT,4078.1435714285717,4059.197142857143,7.578571428571422,54961
2026-07-13 05:10:00,4069.145,SHORT,4073.63,4062.4175,4.48500000000003,54999
2026-07-13 05:45:00,4062.235,SHORT,4067.887142857143,4053.756785714286,5.652142857142865,55006
2026-07-13 07:00:00,4053.395,SHORT,4058.6857142857143,4045.4589285714287,5.290714285714265,55021
2026-07-13 07:10:00,4055.545,SHORT,4060.9914285714285,4047.3753571428574,5.446428571428539,55023
2026-07-13 10:15:00,4068.065,LONG,4064.9778571428574,4072.6957142857145,3.087142857142843,55060
2026-07-13 11:45:00,4062.645,SHORT,4068.6564285714285,4053.627857142857,6.011428571428626,55078
2026-07-13 12:25:00,4058.785,SHORT,4063.9835714285714,4050.9871428571428,5.198571428571411,55086
2026-07-13 13:10:00,4061.545,SHORT,4066.339285714286,4054.3535714285717,4.7942857142857065,55095
2026-07-13 18:55:00,4001.275,SHORT,4005.82,3994.4575,4.545000000000008,55164
2026-07-13 19:35:00,3995.005,SHORT,3999.0750000000003,3988.9,4.069999999999969,55172
2026-07-13 20:20:00,3998.095,SHORT,4001.6621428571425,3992.7442857142855,3.567142857142861,55181
2026-07-13 22:05:00,4001.385,SHORT,4004.4528571428573,3996.7832142857146,3.0678571428571297,55190
2026-07-13 23:00:00,3999.875,SHORT,4002.2707142857143,3996.2814285714285,2.395714285714348,55201
2026-07-14 00:00:00,3994.605,SHORT,3998.385714285714,3988.9339285714286,3.780714285714274,55213
2026-07-14 00:35:00,4002.945,SHORT,4009.6478571428574,3992.8907142857142,6.7028571428571535,55220
2026-07-14 04:55:00,4020.025,LONG,4016.8614285714284,4024.7703571428574,3.1635714285714585,55272
2026-07-14 06:40:00,4024.995,LONG,4021.495,4030.245,3.5,55293
2026-07-14 07:00:00,4025.425,LONG,4022.085,4030.4350000000004,3.3400000000000807,55297
2026-07-14 08:55:00,4015.835,SHORT,4019.7114285714288,4010.0203571428574,3.8764285714285376,55320
2026-07-14 10:30:00,4015.845,SHORT,4019.197142857143,4010.8167857142853,3.3521428571428777,55339
2026-07-14 12:15:00,4026.965,LONG,4022.5485714285714,4033.5896428571427,4.416428571428534,55360
2026-07-14 14:30:00,4079.692,LONG,4070.8905714285715,4092.894142857143,8.801428571428525,55387
2026-07-14 18:20:00,4056.945,SHORT,4060.5007142857144,4051.611428571429,3.555714285714235,55433
2026-07-14 20:15:00,4052.505,SHORT,4055.69,4047.7275,3.185000000000108,55456
2026-07-14 22:55:00,4044.285,SHORT,4047.7514285714287,4039.085357142857,3.4664285714286507,55476
2026-07-14 23:35:00,4053.215,SHORT,4056.527142857143,4048.2467857142856,3.312142857142947,55484
2026-07-15 00:40:00,4054.305,LONG,4050.2935714285713,4060.322142857143,4.011428571428561,55497
2026-07-15 04:35:00,4030.545,SHORT,4033.425,4026.225,2.8800000000000767,55544
2026-07-15 05:00:00,4031.585,SHORT,4034.342857142857,4027.448214285714,2.7578571428571843,55549
2026-07-15 05:40:00,4029.455,SHORT,4033.6664285714287,4023.1378571428572,4.2114285714285415,55557
2026-07-15 07:15:00,4029.085,SHORT,4032.917857142857,4023.3357142857144,3.8328571428571,55576
2026-07-15 09:30:00,4026.615,SHORT,4029.8392857142853,4021.778571428571,3.2242857142857053,55603
2026-07-15 10:30:00,4030.115,LONG,4026.75,4035.1625,3.365000000000009,55615
2026-07-15 11:20:00,4029.895,LONG,4026.6642857142856,4034.7410714285716,3.2307142857143196,55625
2026-07-15 13:35:00,4060.945,LONG,4053.487857142857,4072.1307142857145,7.4571428571428315,55652
2026-07-15 14:45:00,4059.655,LONG,4054.104285714286,4067.981071428572,5.550714285714256,55666
2026-07-15 20:00:00,4057.845,LONG,4053.4542857142856,4064.431071428571,4.390714285714369,55729
2026-07-15 23:30:00,4057.765,LONG,4055.4807142857144,4061.1914285714283,2.2842857142857156,55759
2026-07-16 00:50:00,4053.185,SHORT,4056.8307142857143,4047.7164285714284,3.6457142857143157,55775
2026-07-16 03:35:00,4033.235,SHORT,4037.026428571429,4027.547857142857,3.791428571428599,55808
2026-07-16 04:30:00,4032.645,SHORT,4035.6814285714286,4028.090357142857,3.0364285714286194,55819
2026-07-16 05:45:00,4027.215,SHORT,4030.611428571429,4022.1203571428573,3.396428571428552,55834
2026-07-16 07:00:00,4029.165,SHORT,4032.6828571428573,4023.888214285714,3.5178571428572405,55849
2026-07-16 07:25:00,4024.295,SHORT,4027.1442857142856,4020.0210714285713,2.8492857142857377,55854
2026-07-16 08:00:00,4029.705,SHORT,4032.9128571428573,4024.8932142857143,3.207857142857165,55861
2026-07-16 08:30:00,4032.055,SHORT,4035.4928571428572,4026.898214285714,3.4378571428572156,55867
2026-07-16 09:25:00,4033.035,LONG,4030.395714285714,4036.9939285714286,2.6392857142857986,55878
2026-07-16 09:50:00,4035.555,LONG,4032.79,4039.7025,2.765000000000035,55883
2026-07-16 10:05:00,4032.095,LONG,4029.266428571428,4036.337857142857,2.8285714285714545,55886
2026-07-16 11:45:00,4031.48,SHORT,4035.9305714285715,4024.804142857143,4.45057142857146,55906
2026-07-16 15:00:00,3992.675,SHORT,3999.7128571428575,3982.1182142857147,7.037857142857092,55945
2026-07-16 18:10:00,3984.985,SHORT,3989.0642857142857,3978.8660714285716,4.079285714285626,55983
2026-07-16 18:20:00,3986.605,SHORT,3990.6842857142856,3980.4860714285714,4.079285714285659,55985
2026-07-16 22:15:00,3975.665,SHORT,3978.0592857142856,3972.0735714285715,2.3942857142856804,56020
2026-07-16 23:25:00,3978.015,SHORT,3980.217142857143,3974.7117857142857,2.2021428571428845,56034
2026-07-17 03:15:00,4002.395,LONG,3996.7457142857143,4010.8689285714286,5.64928571428566,56080
2026-07-17 07:10:00,3996.455,LONG,3991.1407142857142,4004.4264285714285,5.314285714285786,56127
2026-07-17 09:20:00,4001.575,LONG,3997.0092857142854,4008.4235714285714,4.565714285714323,56153
2026-07-17 09:55:00,3997.795,LONG,3994.075714285714,4003.3739285714287,3.7192857142856934,56160
2026-07-17 10:40:00,3996.185,LONG,3993.203571428571,4000.657142857143,2.9814285714285234,56169
2026-07-17 11:30:00,3992.755,SHORT,3995.8914285714286,3988.050357142857,3.1364285714285933,56179
2026-07-17 12:10:00,3989.695,SHORT,3993.6064285714288,3983.8278571428573,3.911428571428522,56187
2026-07-17 17:35:00,4012.325,LONG,4008.7392857142854,4017.703571428571,3.5857142857143054,56252
2026-07-17 18:50:00,4010.155,LONG,4006.7050000000004,4015.3300000000004,3.450000000000013,56267
2026-07-17 19:10:00,4005.785,LONG,4002.4292857142855,4010.8185714285714,3.3557142857143196,56271
2026-07-17 20:25:00,4010.655,LONG,4007.7035714285716,4015.082142857143,2.9514285714286155,56286
2026-07-20 00:40:00,3998.135,SHORT,4004.272142857143,3988.929285714286,6.137142857142927,56325
2026-07-20 01:05:00,4016.395,LONG,4009.075,4027.375,7.320000000000001,56330
2026-07-20 09:10:00,4019.235,LONG,4014.906428571429,4025.7278571428574,4.328571428571389,56427
2026-07-20 09:45:00,4022.625,LONG,4019.3107142857143,4027.5964285714285,3.3142857142856235,56434
2026-07-20 09:55:00,4021.005,LONG,4017.6807142857147,4025.9914285714285,3.3242857142856144,56436
2026-07-20 11:40:00,4032.285,LONG,4027.842857142857,4038.948214285714,4.442142857142861,56457
2026-07-20 13:40:00,4012.785,SHORT,4017.440714285714,4005.8014285714285,4.655714285714274,56481
2026-07-20 14:40:00,4007.155,SHORT,4011.9950000000003,3999.895,4.840000000000016,56493
2026-07-20 15:50:00,4013.975,SHORT,4018.825714285714,4006.6989285714285,4.850714285714275,56507
2026-07-20 18:10:00,4008.525,SHORT,4011.0964285714285,4004.6678571428574,2.5714285714285716,56535
2026-07-20 18:15:00,4007.815,SHORT,4010.574285714286,4003.6760714285715,2.759285714285722,56536
2026-07-20 19:10:00,4004.395,SHORT,4007.3107142857143,4000.0214285714287,2.915714285714265,56547
2026-07-20 19:20:00,4007.715,SHORT,4010.714285714286,4003.2160714285715,2.999285714285666,56549
2026-07-20 19:55:00,4006.755,SHORT,4010.444285714286,4001.2210714285716,3.6892857142856883,56556
2026-07-20 22:45:00,4001.605,SHORT,4004.410714285714,3997.3964285714287,2.8057142857143,56578
2026-07-20 23:35:00,4004.685,SHORT,4009.015,3998.19,4.329999999999992,56588
2026-07-21 00:20:00,4016.835,LONG,4012.5,4023.3375,4.335000000000036,56597
2026-07-21 02:05:00,4025.695,LONG,4020.327142857143,4033.746785714286,5.367857142857117,56618
2026-07-21 07:30:00,4073.135,LONG,4069.27,4078.9325000000003,3.8650000000000415,56683
2026-07-21 09:05:00,4065.815,LONG,4062.425,4070.9,3.390000000000035,56702
2026-07-21 10:10:00,4066.115,LONG,4062.357857142857,4071.750714285714,3.7571428571427856,56715
2026-07-21 12:30:00,4059.195,SHORT,4062.9035714285715,4053.632142857143,3.708571428571401,56743
2026-07-21 13:15:00,4055.515,SHORT,4060.7892857142856,4047.6035714285713,5.2742857142857575,56752
2026-07-21 14:05:00,4054.615,SHORT,4060.5699999999997,4045.6825,5.955000000000025,56762
2026-07-21 16:45:00,4071.975,LONG,4068.570714285714,4077.0814285714287,3.4042857142857366,56794
2026-07-21 22:35:00,4084.395,LONG,4082.0042857142857,4087.9810714285713,2.3907142857142065,56852
2026-07-21 23:35:00,4081.475,LONG,4079.362857142857,4084.6432142857143,2.1121428571428362,56864
2026-07-21 23:55:00,4080.375,LONG,4078.300714285714,4083.4864285714284,2.074285714285744,56868
2026-07-22 00:00:00,4082.285,LONG,4080.055714285714,4085.6289285714283,2.229285714285749,56869
2026-07-22 00:20:00,4096.715,LONG,4093.216428571429,4101.9628571428575,3.4985714285713976,56873
2026-07-22 04:15:00,4127.775,LONG,4124.806428571428,4132.227857142857,2.968571428571522,56920
2026-07-22 04:40:00,4126.995,LONG,4124.431428571428,4130.840357142857,2.563571428571387,56925
2026-07-22 05:20:00,4124.315,LONG,4121.695714285714,4128.243928571428,2.6192857142857844,56933
2026-07-22 05:30:00,4127.275,LONG,4124.376428571428,4131.622857142856,2.8985714285714885,56935
2026-07-22 05:40:00,4132.285,LONG,4129.053571428572,4137.132142857143,3.2314285714285558,56937
2026-07-22 06:30:00,4119.005,LONG,4114.295714285714,4126.068928571429,4.709285714285735,56947
2026-07-22 07:30:00,4118.025,SHORT,4122.427142857143,4111.421785714285,4.40214285714306,56959
2026-07-22 08:35:00,4116.615,SHORT,4120.1449999999995,4111.32,3.5299999999999403,56972
2026-07-22 09:30:00,4117.165,SHORT,4120.283571428571,4112.487142857143,3.1185714285711583,56983
2026-07-22 10:50:00,4118.015,SHORT,4120.855714285714,4113.753928571429,2.840714285714252,56999
2026-07-22 16:15:00,4154.875,LONG,4150.699285714286,4161.138571428572,4.175714285714223,57064
2026-07-22 17:00:00,4146.785,LONG,4143.0707142857145,4152.356428571428,3.7142857142857144,57073
2026-07-22 17:10:00,4145.205,LONG,4141.518571428571,4150.734642857143,3.686428571428678,57075
2026-07-22 20:30:00,4135.055,SHORT,4138.118571428572,4130.459642857143,3.063571428571452,57115
2026-07-22 22:40:00,4121.415,SHORT,4126.393285714285,4113.947571428572,4.978285714285708,57129
2026-07-23 00:45:00,4126.775,SHORT,4131.0199999999995,4120.407499999999,4.245000000000216,57154
2026-07-23 03:55:00,4124.325,SHORT,4127.742857142857,4119.198214285714,3.417857142857169,57192
2026-07-23 06:35:00,4120.695,SHORT,4124.538571428571,4114.929642857142,3.843571428571392,57224
2026-07-23 11:10:00,4087.535,SHORT,4091.2314285714283,4081.990357142857,3.6964285714285388,57279
2026-07-23 12:10:00,4081.335,SHORT,4085.857857142857,4074.550714285714,4.522857142857187,57291
2026-07-23 13:40:00,4056.075,SHORT,4064.0864285714283,4044.057857142857,8.011428571428528,57309
2026-07-23 14:50:00,4056.765,SHORT,4064.257857142857,4045.525714285714,7.492857142857149,57323
2026-07-23 15:20:00,4049.895,SHORT,4055.9435714285714,4040.822142857143,6.048571428571352,57329
2026-07-23 19:00:00,4045.045,SHORT,4047.949285714286,4040.688571428572,2.9042857142856713,57373
2026-07-23 19:30:00,4047.165,SHORT,4050.057142857143,4042.8267857142855,2.8921428571428414,57379
2026-07-23 20:00:00,4048.695,SHORT,4051.491428571429,4044.5003571428574,2.7964285714286103,57385
2026-07-24 00:45:00,4048.595,SHORT,4051.710714285714,4043.9214285714284,3.115714285714278,57430
2026-07-24 02:00:00,4042.285,SHORT,4046.4971428571425,4035.9667857142854,4.212142857142908,57445
2026-07-24 02:40:00,4041.475,SHORT,4044.927857142857,4036.295714285714,3.452857142857153,57453
2026-07-24 05:10:00,4027.335,SHORT,4029.6307142857145,4023.8914285714286,2.2957142857143418,57483
2026-07-24 05:40:00,4024.445,SHORT,4028.2000000000003,4018.8125,3.755000000000012,57489
2026-07-24 05:50:00,4023.375,SHORT,4027.587857142857,4017.055714285714,4.212857142857176,57491
2026-07-24 09:40:00,4055.565,LONG,4052.4978571428574,4060.1657142857143,3.067142857142796,57537
2026-07-24 10:55:00,4059.955,LONG,4057.3592857142858,4063.8485714285716,2.5957142857143287,57552
2026-07-24 11:55:00,4057.545,LONG,4054.4392857142857,4062.203571428571,3.105714285714222,57564
2026-07-24 12:25:00,4059.445,LONG,4055.714285714286,4065.0410714285717,3.7307142857142543,57570
2026-07-24 12:50:00,4055.005,LONG,4050.8907142857142,4061.1764285714285,4.114285714285708,57575
2026-07-24 14:55:00,4063.185,LONG,4057.2892857142856,4072.0285714285715,5.895714285714315,57600
2026-07-24 16:50:00,4065.605,LONG,4062.502857142857,4070.258214285714,3.1021428571428453,57623
2026-07-24 19:45:00,4054.985,SHORT,4057.8700000000003,4050.6575000000003,2.8850000000000233,57658
2026-07-27 01:45:00,4105.565,LONG,4099.79,4114.2275,5.775000000000026,57718
2026-07-27 02:50:00,4096.165,LONG,4092.49,4101.6775,3.6750000000000194,57731
2026-07-27 04:15:00,4087.595,SHORT,4090.517857142857,4083.210714285714,2.922857142857148,57748
2026-07-27 04:40:00,4090.115,SHORT,4092.4042857142854,4086.681071428571,2.289285714285662,57753
2026-07-27 09:25:00,4091.245,SHORT,4094.2414285714285,4086.7503571428574,2.9964285714284284,57810
2026-07-27 13:50:00,4083.905,SHORT,4089.6757142857145,4075.2489285714287,5.770714285714381,57863
2026-07-27 15:30:00,4072.855,SHORT,4077.2464285714286,4066.2678571428573,4.39142857142854,57883
2026-07-27 16:55:00,4082.055,LONG,4077.9849999999997,4088.16,4.069999999999969,57900
2026-07-27 18:10:00,4076.415,SHORT,4079.203571428571,4072.2321428571427,2.7885714285714585,57915
2026-07-27 19:00:00,4077.015,SHORT,4079.575714285714,4073.1739285714284,2.5607142857141816,57925
2026-07-27 20:05:00,4081.995,LONG,4078.997857142857,4086.490714285714,2.9971428571427947,57938
2026-07-28 04:35:00,4045.405,SHORT,4047.96,4041.5725,2.5549999999998687,58028
2026-07-28 08:00:00,4050.995,LONG,4047.900714285714,4055.6364285714285,3.0942857142857583,58069
2026-07-28 12:05:00,4025.955,SHORT,4029.8064285714286,4020.177857142857,3.851428571428609,58118
2026-07-28 12:30:00,4028.435,SHORT,4032.6121428571428,4022.1692857142857,4.177142857142924,58123
2026-07-28 13:35:00,4021.765,SHORT,4027.302857142857,4013.4582142857143,5.537857142857125,58136
2026-07-28 13:55:00,4021.975,SHORT,4027.207857142857,4014.1257142857144,5.232857142857093,58140
2026-07-28 14:10:00,4025.565,SHORT,4031.2614285714285,4017.0203571428574,5.696428571428474,58143
2026-07-28 19:55:00,4026.225,SHORT,4028.4114285714286,4022.945357142857,2.186428571428613,58212
2026-07-28 20:05:00,4022.855,SHORT,4025.1457142857143,4019.4189285714283,2.29071428571433,58214
2026-07-28 20:35:00,4027.555,SHORT,4029.9235714285714,4024.0021428571426,2.368571428571418,58220
2026-07-28 20:55:00,4027.875,SHORT,4030.0735714285715,4024.577142857143,2.19857142857141,58224
2026-07-28 22:10:00,4024.345,SHORT,4026.670714285714,4020.8564285714283,2.3257142857142816,58227
2026-07-28 23:15:00,4016.185,SHORT,4020.13,4010.2675,3.9449999999999688,58240
2026-07-29 00:00:00,4021.415,SHORT,4025.475,4015.3250000000003,4.059999999999913,58249
2026-07-29 01:10:00,4012.905,SHORT,4018.1400000000003,4005.0525000000002,5.234999999999998,58263
2026-07-29 03:15:00,4027.935,LONG,4023.7214285714285,4034.255357142857,4.213571428571413,58288
2026-07-29 04:45:00,4023.655,SHORT,4026.0835714285718,4020.012142857143,2.428571428571526,58306
2026-07-29 08:50:00,4039.005,LONG,4036.3734285714286,4042.952357142857,2.6315714285714358,58355
2026-07-29 09:05:00,4037.525,LONG,4034.8762857142856,4041.4980714285716,2.648714285714277,58358
2026-07-29 11:30:00,4031.615,SHORT,4034.2599999999998,4027.6474999999996,2.6450000000000142,58387
2026-07-29 12:00:00,4030.335,SHORT,4033.0007142857144,4026.3364285714288,2.6657142857142326,58393
2026-07-29 13:10:00,4015.525,SHORT,4020.667142857143,4007.8117857142856,5.142142857142907,58407
2026-07-29 15:30:00,4010.125,SHORT,4014.9557142857143,4002.878928571429,4.830714285714229,58435
2026-07-29 16:10:00,4009.365,SHORT,4013.6192857142855,4002.9835714285714,4.254285714285645,58443
2026-07-29 18:50:00,4104.615,LONG,4090.2549999999997,4126.155,14.36000000000003,58475
2026-07-29 19:45:00,4071.345,LONG,4058.911428571428,4089.9953571428573,12.433571428571538,58486
2026-07-29 22:10:00,4076.185,LONG,4069.6232142857143,4086.0276785714286,6.561785714285763,58503
2026-07-30 02:20:00,4082.745,LONG,4077.8292857142856,4090.118571428571,4.91571428571433,58553
2026-07-30 05:45:00,4031.815,SHORT,4037.7835714285716,4022.8621428571428,5.968571428571457,58594
2026-07-30 07:50:00,4040.695,SHORT,4046.1707142857144,4032.4814285714288,5.475714285714308,58619
2026-07-30 12:00:00,4078.115,LONG,4074.487857142857,4083.555714285714,3.627142857142839,58669
2026-07-30 12:20:00,4076.155,LONG,4071.9407142857144,4082.4764285714286,4.214285714285714,58673
2026-07-30 13:10:00,4076.515,LONG,4069.1121428571428,4087.6192857142855,7.402857142857166,58683
2026-07-30 14:25:00,4095.865,LONG,4084.0289285714284,4113.619107142857,11.836071428571293,58698
2026-07-30 15:15:00,4095.675,LONG,4087.632857142857,4107.738214285714,8.0421428571429,58708
2026-07-30 16:55:00,4110.525,LONG,4106.359285714286,4116.773571428571,4.165714285714265,58728
2026-07-30 17:20:00,4107.865,LONG,4104.302142857143,4113.209285714285,3.562857142857086,58733
2026-07-30 18:05:00,4106.095,LONG,4102.0935714285715,4112.097142857143,4.001428571428538,58742
2026-07-30 18:25:00,4103.325,LONG,4099.448571428571,4109.1396428571425,3.8764285714286677,58746
2026-07-30 19:15:00,4110.465,LONG,4106.933571428572,4115.762142857143,3.531428571428608,58756
2026-07-30 22:40:00,4110.205,LONG,4107.000714285714,4115.011428571428,3.204285714285626,58785
2026-07-31 01:10:00,4088.795,SHORT,4093.3264285714286,4081.9978571428574,4.531428571428511,58815
2026-07-31 02:25:00,4081.915,SHORT,4085.932142857143,4075.8892857142855,4.017142857142874,58830
2026-07-31 03:40:00,4076.045,SHORT,4079.329285714286,4071.1185714285716,3.284285714285748,58845
2026-07-31 04:40:00,4078.925,SHORT,4081.5428571428574,4074.9982142857143,2.6178571428571167,58857
2026-07-31 05:25:00,4080.505,SHORT,4083.322142857143,4076.279285714286,2.817142857142861,58866
2026-07-31 05:40:00,4076.095,SHORT,4079.0692857142853,4071.633571428571,2.9742857142857053,58869
2026-07-31 06:40:00,4077.875,SHORT,4081.924285714286,4071.8010714285715,4.049285714285686,58881
2026-07-31 10:20:00,4051.975,SHORT,4054.902857142857,4047.5832142857143,2.92785714285716,58925
2026-07-31 10:35:00,4053.555,SHORT,4056.4114285714286,4049.270357142857,2.8564285714286206,58928
2026-07-31 11:10:00,4056.855,SHORT,4059.635714285714,4052.6839285714286,2.7807142857143066,58935
2026-07-31 11:35:00,4052.985,SHORT,4056.264285714286,4048.0660714285714,3.279285714285769,58940
2026-07-31 12:05:00,4056.925,SHORT,4060.404285714286,4051.7060714285717,3.4792857142857168,58946
2026-07-31 12:35:00,4044.325,SHORT,4048.7614285714285,4037.670357142857,4.436428571428548,58952
2026-07-31 16:00:00,4043.955,SHORT,4048.852857142857,4036.608214285714,4.8978571428572195,58993
2026-07-31 16:50:00,4043.365,SHORT,4046.7535714285714,4038.2821428571424,3.3885714285714648,59003
2026-07-31 17:20:00,4047.495,LONG,4044.2507142857144,4052.3614285714284,3.2442857142857195,59009
2026-07-31 18:45:00,4049.705,LONG,4046.9014285714284,4053.910357142857,2.803571428571331,59026
2026-07-31 19:40:00,4053.935,LONG,4051.3928571428573,4057.7482142857143,2.5421428571428026,59037
2026-08-02 23:10:00,4066.345,LONG,4061.660714285714,4073.371428571428,4.684285714285709,59067
2026-08-03 02:05:00,4055.685,SHORT,4061.674285714286,4046.7010714285716,5.989285714285676,59102
2026-08-03 02:50:00,4062.485,SHORT,4068.052857142857,4054.1332142857145,5.567857142857163,59111
2026-08-03 08:15:00,4057.625,SHORT,4061.3235714285715,4052.077142857143,3.6985714285714755,59176
2026-08-03 09:55:00,4055.115,SHORT,4058.840714285714,4049.5264285714284,3.7257142857143077,59196
2026-08-03 12:25:00,4050.595,SHORT,4054.807857142857,4044.275714285714,4.212857142857144,59226
2026-08-03 13:10:00,4038.625,SHORT,4043.779285714286,4030.8935714285712,5.154285714285736,59235
2026-08-03 14:25:00,4032.305,SHORT,4038.66,4022.7724999999996,6.355000000000116,59250
2026-08-03 15:00:00,4031.815,SHORT,4036.845714285714,4024.2689285714287,5.030714285714274,59257
2026-08-03 15:40:00,4036.565,SHORT,4040.8885714285716,4030.079642857143,4.323571428571378,59265
2026-08-03 18:20:00,4036.975,SHORT,4039.7321428571427,4032.839285714286,2.7571428571428505,59297
2026-08-03 22:10:00,4051.195,LONG,4048.7228571428573,4054.9032142857145,2.472142857142834,59331
2026-08-04 01:30:00,4048.735,SHORT,4052.662142857143,4042.844285714286,3.927142857142891,59371
2026-08-04 01:50:00,4059.405,LONG,4054.6242857142856,4066.5760714285716,4.780714285714372,59375
2026-08-04 04:35:00,4063.185,LONG,4060.3371428571427,4067.4567857142856,2.847857142857135,59408
2026-08-04 05:15:00,4061.725,LONG,4058.6521428571427,4066.3342857142857,3.072857142857077,59416
2026-08-04 05:55:00,4061.575,LONG,4058.022857142857,4066.903214285714,3.552142857142761,59424
2026-08-04 06:55:00,4063.225,LONG,4059.832857142857,4068.3132142857144,3.392142857142939,59436
2026-08-04 08:25:00,4063.255,LONG,4059.6685714285713,4068.634642857143,3.5864285714285415,59454
2026-08-04 13:30:00,4083.045,LONG,4075.6257142857144,4094.1739285714284,7.419285714285642,59515
2026-08-04 14:40:00,4079.735,LONG,4072.7825000000003,4090.16375,6.952500000000002,59529
2026-08-04 17:35:00,4094.655,LONG,4090.4037857142857,4101.031821428572,4.251214285714306,59564
2026-08-04 18:10:00,4088.545,LONG,4084.766642857143,4094.212535714286,3.778357142857073,59571
2026-08-05 00:05:00,4072.135,SHORT,4075.4728571428573,4067.1282142857144,3.337857142857177,59630
2026-08-05 07:35:00,4164.885,LONG,4160.282857142857,4171.788214285714,4.602142857143008,59720
2026-08-05 08:30:00,4165.165,LONG,4161.316428571428,4170.937857142857,3.8485714285714363,59731
2026-08-05 08:40:00,4165.905,LONG,4162.091428571428,4171.625357142857,3.813571428571387,59733
2026-08-05 13:00:00,4193.785,LONG,4186.537857142857,4204.655714285715,7.24714285714286,59785
2026-08-05 13:15:00,4190.235,LONG,4182.754999999999,4201.455,7.480000000000018,59788
2026-08-05 16:05:00,4235.325,LONG,4227.08,4247.692499999999,8.244999999999825,59822
2026-08-05 17:30:00,4247.935,LONG,4243.052142857143,4255.259285714286,4.8828571428571195,59839
2026-08-05 19:35:00,4250.095,LONG,4245.774285714286,4256.576071428572,4.32071428571427,59864
2026-08-05 23:10:00,4256.125,LONG,4253.509642857143,4260.048035714286,2.6153571428571922,59895
2026-08-06 00:15:00,4274.365,LONG,4266.882857142857,4285.5882142857145,7.4821428571429225,59908
2026-08-06 02:40:00,4285.375,LONG,4277.292857142857,4297.498214285714,8.08214285714283,59937
2026-08-06 05:45:00,4262.235,SHORT,4266.53,4255.7925,4.295000000000073,59974
2026-08-06 07:30:00,4259.705,SHORT,4263.825,4253.525,4.119999999999956,59995
2026-08-06 07:45:00,4253.955,SHORT,4258.237857142857,4247.530714285715,4.28285714285721,59998
2026-08-06 08:00:00,4261.285,SHORT,4265.605,4254.805,4.319999999999969,60001
2026-08-06 10:20:00,4270.625,LONG,4266.669285714286,4276.558571428572,3.9557142857142935,60029
2026-08-06 10:35:00,4268.525,LONG,4264.893571428571,4273.972142857143,3.6314285714286467,60032
2026-08-06 12:05:00,4257.505,SHORT,4262.615714285715,4249.838928571428,5.110714285714429,60050
2026-08-06 12:55:00,4249.945,SHORT,4256.376428571428,4240.297857142857,6.431428571428569,60060
2026-08-06 14:40:00,4273.315,LONG,4265.112142857142,4285.619285714285,8.202857142856958,60081
2026-08-06 14:55:00,4272.775,LONG,4265.535,4283.634999999999,7.239999999999847,60084
2026-08-06 17:10:00,4240.735,SHORT,4245.967857142857,4232.885714285714,5.2328571428570285,60111
2026-08-06 18:00:00,4245.545,SHORT,4249.189285714286,4240.078571428571,3.6442857142856804,60121
2026-08-06 18:50:00,4241.505,SHORT,4244.747857142857,4236.640714285714,3.242857142857052,60131
2026-08-06 19:35:00,4236.345,SHORT,4240.397142857143,4230.266785714286,4.052142857142891,60140
2026-08-06 20:15:00,4243.935,SHORT,4248.779285714286,4236.668571428571,4.8442857142858236,60148
2026-08-06 22:00:00,4236.295,SHORT,4239.895714285714,4230.893928571429,3.6007142857142105,60157
2026-08-06 22:30:00,4241.255,SHORT,4244.5314285714285,4236.340357142857,3.2764285714284336,60163
2026-08-07 01:50:00,4254.285,LONG,4247.893571428572,4263.8721428571425,6.39142857142854,60203
2026-08-07 02:45:00,4250.815,LONG,4245.779285714285,4258.368571428571,5.035714285714286,60214
2026-08-07 03:00:00,4258.065,LONG,4253.205,4265.355,4.860000000000127,60217
2026-08-07 03:35:00,4260.215,LONG,4255.3835714285715,4267.462142857143,4.83142857142853,60224
2026-08-07 04:45:00,4263.805,LONG,4259.592142857143,4270.124285714286,4.2128571428571115,60238
2026-08-07 05:30:00,4274.735,LONG,4270.421428571428,4281.205357142857,4.313571428571582,60247
2026-08-07 09:50:00,4317.625,LONG,4312.8721428571425,4324.754285714285,4.752857142857075,60299
2026-08-07 10:25:00,4313.545,LONG,4308.275000000001,4321.45,5.269999999999852,60306
2026-08-07 12:35:00,4364.315,LONG,4354.123571428571,4379.602142857142,10.191428571428528,60332
2026-08-07 14:15:00,4345.805,LONG,4335.152857142857,4361.783214285714,10.6521428571428,60352
2026-08-07 17:30:00,4336.615,SHORT,4341.780714285714,4328.8664285714285,5.165714285714265,60391
2026-08-07 17:55:00,4340.055,SHORT,4344.8321428571435,4332.889285714286,4.777142857142865,60396
2026-08-07 18:20:00,4333.335,SHORT,4337.693571428571,4326.797142857143,4.35857142857133,60401
2026-08-07 18:35:00,4336.935,SHORT,4341.052857142858,4330.7582142857145,4.117857142857052,60404
2026-08-07 19:15:00,4347.085,LONG,4342.592857142858,4353.823214285714,4.492142857142686,60412
2026-08-07 19:55:00,4343.855,LONG,4339.4742857142855,4350.426071428571,4.380714285714215,60420
2026-08-07 20:10:00,4342.325,LONG,4338.330714285714,4348.316428571428,3.9942857142856547,60423
2026-08-09 22:45:00,4342.135,LONG,4336.9007142857145,4349.986428571428,5.234285714285631,60442
2026-08-10 00:00:00,4340.365,LONG,4336.268571428571,4346.509642857142,4.096428571428662,60457
2026-08-10 00:30:00,4335.815,SHORT,4340.588571428571,4328.654642857142,4.773571428571553,60463
2026-08-10 02:45:00,4322.915,SHORT,4328.088571428571,4315.154642857143,5.173571428571255,60490
2026-08-10 03:35:00,4325.915,SHORT,4330.311428571428,4319.320357142858,4.39642857142852,60500
2026-08-10 05:20:00,4335.005,LONG,4331.352857142857,4340.483214285715,3.652142857142995,60521
2026-08-10 05:30:00,4339.955,LONG,4336.012142857143,4345.869285714286,3.942857142857195,60523
2026-08-10 05:45:00,4345.335,LONG,4340.928571428572,4351.944642857143,4.406428571428672,60526
2026-08-10 09:10:00,4349.365,LONG,4345.675714285714,4354.898928571429,3.6892857142858184,60567
2026-08-10 12:10:00,4331.525,SHORT,4335.413571428571,4325.692142857142,3.88857142857153,60603
2026-08-10 13:00:00,4329.015,SHORT,4333.608571428572,4322.124642857143,4.593571428571522,60613
2026-08-10 16:50:00,4353.415,LONG,4348.6449999999995,4360.57,4.770000000000047,60659
2026-08-10 23:40:00,4398.515,LONG,4395.4171428571435,4403.161785714286,3.0978571428572,60729
2026-08-11 00:05:00,4405.765,LONG,4402.205571428572,4411.104142857143,3.5594285714286604,60734
2026-08-11 03:05:00,4413.545,LONG,4407.1728571428575,4423.103214285715,6.37214285714299,60770
2026-08-11 08:45:00,4374.135,SHORT,4378.138571428572,4368.129642857143,4.003571428571312,60838
2026-08-11 09:05:00,4370.175,SHORT,4374.46,4363.7475,4.284999999999725,60842
2026-08-11 09:25:00,4371.745,SHORT,4375.700714285714,4365.811428571429,3.9557142857140986,60846
2026-08-11 10:10:00,4372.925,SHORT,4376.299285714286,4367.863571428571,3.3742857142858287,60855
2026-08-11 14:10:00,4386.855,LONG,4379.3492857142855,4398.113571428571,7.50571428571415,60903
2026-08-11 16:10:00,4379.295,SHORT,4385.327142857143,4370.246785714286,6.032142857142974,60927
2026-08-11 16:45:00,4382.615,SHORT,4386.402142857143,4376.934285714286,3.7871428571429533,60934
2026-08-11 17:40:00,4376.045,SHORT,4379.559285714286,4370.773571428572,3.5142857142857014,60945
2026-08-11 19:10:00,4363.735,SHORT,4367.672142857143,4357.829285714286,3.9371428571427196,60963
2026-08-11 20:15:00,4368.045,SHORT,4371.625714285715,4362.673928571428,3.5807142857144236,60976
2026-08-11 22:10:00,4373.855,SHORT,4375.907142857142,4370.776785714285,2.052142857142956,60987
2026-08-12 04:20:00,4397.305,LONG,4394.426428571429,4401.622857142857,2.8785714285716364,61061
2026-08-12 05:00:00,4401.425,LONG,4398.832857142857,4405.313214285715,2.5921428571429197,61069
2026-08-12 08:40:00,4405.865,LONG,4402.985714285714,4410.183928571429,2.879285714285938,61113
2026-08-12 10:40:00,4414.605,LONG,4411.4178571428565,4419.385714285714,3.1871428571428493,61137
2026-08-12 11:40:00,4413.135,LONG,4409.47,4418.6325,3.664999999999899,61149
2026-08-12 12:10:00,4408.515,LONG,4405.418571428571,4413.159642857143,3.0964285714285973,61155
2026-08-12 12:35:00,4428.675,LONG,4420.0821428571435,4441.564285714286,8.592857142857156,61160
2026-08-12 13:25:00,4418.185,LONG,4404.383571428572,4438.887142857143,13.80142857142846,61170
2026-08-12 14:50:00,4422.515,LONG,4414.172142857144,4435.029285714286,8.34285714285709,61187
2026-08-12 16:20:00,4425.985,LONG,4420.670714285714,4433.956428571428,5.314285714285688,61205
2026-08-12 17:50:00,4400.015,SHORT,4405.325000000001,4392.05,5.310000000000075,61223
2026-08-12 20:05:00,4410.305,SHORT,4413.21,4405.9475,2.90499999999981,61250
2026-08-13 01:05:00,4434.335,LONG,4425.825,4447.1,8.510000000000023,61298
2026-08-13 01:30:00,4428.005,LONG,4419.3207142857145,4441.0314285714285,8.684285714285839,61303
2026-08-13 01:50:00,4415.285,LONG,4407.817142857142,4426.486785714285,7.467857142857221,61307
2026-08-13 03:45:00,4405.205,SHORT,4408.7978571428575,4399.815714285714,3.592857142857156,61330
2026-08-13 05:30:00,4397.185,SHORT,4401.625,4390.525000000001,4.439999999999925,61351
2026-08-13 07:55:00,4369.795,SHORT,4373.665,4363.99,3.8700000000002155,61380
2026-08-13 08:35:00,4373.465,SHORT,4377.813571428572,4366.942142857143,4.348571428571502,61388
2026-08-13 09:10:00,4376.795,SHORT,4380.477857142857,4371.270714285714,3.6828571428571064,61395
2026-08-13 12:25:00,4390.645,LONG,4386.522142857143,4396.829285714286,4.122857142857096,61434
2026-08-13 12:40:00,4391.955,LONG,4386.091428571429,4400.750357142857,5.863571428571374,61437
2026-08-13 12:55:00,4401.615,LONG,4395.112857142857,4411.368214285714,6.502142857142904,61440
2026-08-13 13:35:00,4382.285,LONG,4374.285714285715,4394.283928571428,7.999285714285569,61448
2026-08-13 14:55:00,4383.485,SHORT,4391.565,4371.365,8.080000000000057,61464
2026-08-13 16:50:00,4365.085,SHORT,4369.526428571428,4358.4228571428575,4.441428571428527,61487
2026-08-13 17:10:00,4371.235,SHORT,4375.650714285714,4364.611428571428,4.41571428571433,61491
2026-08-13 22:55:00,4353.645,SHORT,4357.242142857143,4348.249285714286,3.5971428571429636,61548
2026-08-14 00:00:00,4359.515,LONG,4354.785714285715,4366.608928571429,4.729285714285652,61561
2026-08-14 03:50:00,4323.945,SHORT,4327.565714285714,4318.513928571429,3.620714285714257,61607
2026-08-14 04:25:00,4325.025,SHORT,4327.4121428571425,4321.444285714286,2.3871428571427975,61614
2026-08-14 05:15:00,4318.765,SHORT,4321.400000000001,4314.8125,2.6350000000001534,61624
2026-08-14 06:55:00,4335.445,LONG,4331.689285714286,4341.078571428571,3.755714285714151,61644
2026-08-14 11:05:00,4350.775,LONG,4348.077857142856,4354.8207142857145,2.6971428571430027,61694
2026-08-14 11:25:00,4356.555,LONG,4353.654285714286,4360.9060714285715,2.900714285714327,61698
2026-08-14 13:05:00,4379.615,LONG,4373.927142857143,4388.146785714285,5.687857142857216,61718
2026-08-14 15:25:00,4384.605,LONG,4378.953571428571,4393.082142857143,5.651428571428498,61746
2026-08-14 16:35:00,4388.155,LONG,4384.089285714285,4394.253571428571,4.065714285714291,61760
2026-08-14 17:10:00,4382.205,LONG,4378.98,4387.0425,3.224999999999974,61767
2026-08-14 18:50:00,4373.145,SHORT,4376.509285714286,4368.098571428572,3.3642857142856752,61787
2026-08-14 19:35:00,4376.295,SHORT,4379.296428571429,4371.792857142857,3.0014285714285376,61796
2026-08-14 20:45:00,4374.735,SHORT,4376.797857142857,4371.640714285714,2.062857142857086,61810
2026-08-16 22:00:00,4372.485,SHORT,4374.9578571428565,4368.7757142857145,2.47285714285707,61813
2026-08-16 22:20:00,4373.025,SHORT,4375.860714285714,4368.771428571428,2.8357142857142077,61817
2026-08-17 01:50:00,4397.225,LONG,4390.706071428572,4407.003392857143,6.518928571428595,61859
2026-08-17 02:20:00,4394.545,LONG,4388.850357142857,4403.086964285714,5.694642857142753,61865
2026-08-17 02:55:00,4392.895,LONG,4388.643571428572,4399.272142857143,4.251428571428343,61872
2026-08-17 03:15:00,4390.305,LONG,4386.494285714286,4396.021071428571,3.8107142857141167,61876
2026-08-17 04:30:00,4391.645,LONG,4388.323571428572,4396.627142857144,3.3214285714285716,61891
2026-08-17 05:45:00,4396.895,LONG,4392.422142857144,4403.604285714286,4.472857142857005,61906
2026-08-17 06:10:00,4396.665,LONG,4391.943571428572,4403.7471428571425,4.721428571428468,61911
2026-08-17 08:10:00,4402.585,LONG,4398.552142857143,4408.634285714285,4.032857142857016,61935
2026-08-17 13:15:00,4385.425,SHORT,4390.907142857143,4377.201785714286,5.482142857142792,61996
2026-08-17 17:30:00,4416.965,LONG,4413.794285714286,4421.721071428572,3.170714285714439,62047
2026-08-17 20:45:00,4415.425,LONG,4413.242142857143,4418.699285714286,2.1828571428572365,62086
2026-08-17 22:55:00,4410.885,SHORT,4413.306428571429,4407.2528571428575,2.4214285714286103,62100
2026-08-17 23:20:00,4417.625,LONG,4415.090714285714,4421.426428571429,2.534285714285683,62105
2026-08-18 00:10:00,4421.435,LONG,4417.964285714286,4426.641071428572,3.4707142857142963,62115
2026-08-18 01:25:00,4424.415,LONG,4419.140714285714,4432.326428571429,5.274285714285595,62130
2026-08-18 04:55:00,4393.355,SHORT,4395.973571428571,4389.427142857143,2.6185714285712884,62172
2026-08-18 06:30:00,4395.065,SHORT,4399.277142857142,4388.746785714286,4.21214285714281,62191
2026-08-18 09:00:00,4392.125,SHORT,4395.71,4386.7475,3.5849999999999715,62221
2026-08-18 10:20:00,4391.465,SHORT,4394.685714285714,4386.633928571429,3.2207142857141013,62237
2026-08-18 11:25:00,4389.845,SHORT,4392.643571428572,4385.647142857143,2.798571428571514,62250
2026-08-18 11:50:00,4390.615,SHORT,4393.373571428571,4386.477142857143,2.7585714285713556,62255
2026-08-18 12:05:00,4390.985,SHORT,4394.655714285714,4385.478928571429,3.670714285714244,62258
2026-08-18 13:20:00,4389.525,SHORT,4395.091428571428,4381.175357142857,5.566428571428527,62273
2026-08-18 16:10:00,4367.525,SHORT,4374.1392857142855,4357.603571428571,6.6142857142857405,62307
2026-08-18 19:15:00,4354.505,SHORT,4357.936428571429,4349.357857142857,3.4314285714286337,62344
2026-08-18 22:15:00,4337.105,SHORT,4341.715357142857,4330.189464285714,4.610357142857148,62368
2026-08-18 23:25:00,4330.115,SHORT,4333.6725,4324.7787499999995,3.5574999999999557,62382
2026-08-19 03:00:00,4355.555,LONG,4351.412857142857,4361.768214285715,4.142142857142777,62425
2026-08-19 06:25:00,4343.195,SHORT,4348.738571428571,4334.879642857142,5.543571428571535,62466
2026-08-19 07:00:00,4347.925,SHORT,4352.785714285715,4340.633928571428,4.860714285714494,62473
2026-08-19 09:00:00,4358.685,LONG,4355.003571428571,4364.2071428571435,3.681428571428699,62497
2026-08-19 09:20:00,4355.885,LONG,4352.363571428572,4361.1671428571435,3.5214285714287143,62501
2026-08-19 12:05:00,4367.575,LONG,4364.005,4372.929999999999,3.569999999999709,62534
2026-08-19 12:30:00,4384.365,LONG,4379.600714285714,4391.511428571428,4.764285714285571,62539
2026-08-19 12:40:00,4417.515,LONG,4409.782142857143,4429.114285714286,7.7328571428570285,62541
2026-08-19 17:30:00,4487.895,LONG,4483.618571428572,4494.309642857143,4.276428571428694,62599
2026-08-19 23:15:00,4519.765,LONG,4516.6050000000005,4524.505,3.1599999999999846,62656
2026-08-20 00:00:00,4514.425,LONG,4510.631428571429,4520.115357142858,3.793571428571405,62665
2026-08-20 03:55:00,4498.405,SHORT,4502.5599999999995,4492.1725,4.15500000000007,62712
2026-08-20 04:40:00,4486.875,SHORT,4489.918571428571,4482.3096428571425,3.04357142857134,62721
2026-08-20 05:15:00,4484.065,SHORT,4487.536428571428,4478.857857142857,3.4714285714284676,62728
2026-08-20 07:15:00,4486.975,SHORT,4490.201428571429,4482.135357142857,3.2264285714285768,62752
2026-08-20 07:45:00,4489.125,SHORT,4492.742142857142,4483.699285714286,3.6171428571428157,62758
2026-08-20 08:30:00,4492.905,LONG,4488.763571428572,4499.117142857142,4.1414285714284755,62767
2026-08-20 09:45:00,4485.305,SHORT,4489.126428571429,4479.572857142857,3.8214285714284415,62782
2026-08-20 10:30:00,4492.915,SHORT,4496.763571428572,4487.142142857143,3.8485714285713715,62791
2026-08-20 13:05:00,4473.545,SHORT,4481.503571428571,4461.607142857143,7.958571428571304,62822
2026-08-20 13:45:00,4482.085,SHORT,4489.310714285714,4471.246428571429,7.225714285714275,62830
2026-08-20 16:15:00,4511.825,LONG,4502.455714285714,4525.878928571428,9.36928571428572,62860
2026-08-20 19:05:00,4525.885,LONG,4521.278571428572,4532.794642857143,4.606428571428556,62894
2026-08-20 20:40:00,4518.065,LONG,4514.744285714285,4523.046071428571,3.3207142857142053,62913
2026-08-20 22:30:00,4519.895,LONG,4517.002142857144,4524.234285714286,2.892857142857013,62923
2026-08-20 22:50:00,4523.715,LONG,4520.518571428572,4528.509642857142,3.1964285714283767,62927
2026-08-20 23:35:00,4523.395,LONG,4519.222857142858,4529.653214285715,4.172142857142911,62936
2026-08-21 02:15:00,4522.115,LONG,4514.766428571428,4533.137857142857,7.348571428571502,62968
2026-08-21 03:40:00,4528.975,LONG,4523.675,4536.925,5.300000000000052,62985
2026-08-21 05:10:00,4536.875,LONG,4533.205,4542.38,3.669999999999878,63003
2026-08-21 05:30:00,4537.745,LONG,4533.608571428571,4543.949642857143,4.136428571428496,63007
2026-08-21 05:50:00,4547.635,LONG,4542.903571428572,4554.732142857143,4.731428571428621,63011
2026-08-21 10:00:00,4585.005,LONG,4579.300714285715,4593.561428571428,5.704285714285561,63061
2026-08-21 10:30:00,4590.215,LONG,4585.3,4597.5875,4.914999999999964,63067
2026-08-21 11:15:00,4595.935,LONG,4590.907857142857,4603.475714285714,5.027142857142865,63076
2026-08-21 13:35:00,4587.135,LONG,4578.496428571429,4600.092857142858,8.638571428571595,63104
2026-08-21 14:10:00,4589.415,LONG,4580.918571428571,4602.159642857143,8.496428571428558,63111
2026-08-21 14:55:00,4591.315,LONG,4582.665,4604.289999999999,8.649999999999832,63120
2026-08-21 18:50:00,4624.795,LONG,4621.245,4630.12,3.550000000000117,63167
2026-08-21 19:15:00,4622.215,LONG,4618.886428571429,4627.207857142857,3.3285714285715193,63172
2026-08-21 19:35:00,4617.555,LONG,4614.187857142858,4622.605714285714,3.3671428571427504,63176
2026-08-21 20:00:00,4616.935,LONG,4613.472142857143,4622.129285714286,3.4628571428571115,63181
2026-08-23 22:35:00,4611.495,SHORT,4617.220714285714,4602.9064285714285,5.72571428571434,63200
2026-08-24 00:00:00,4626.745,LONG,4621.916428571429,4633.987857142857,4.82857142857152,63217
2026-08-24 01:30:00,4614.485,LONG,4605.16,4628.4725,9.325000000000014,63235
2026-08-24 04:15:00,4639.915,LONG,4634.673571428571,4647.777142857142,5.241428571428449,63268
2026-08-24 04:40:00,4637.915,LONG,4633.242142857143,4644.924285714285,4.672857142857083,63273
2026-08-24 07:10:00,4648.345,LONG,4640.995714285715,4659.368928571429,7.3492857142856725,63303
2026-08-24 08:20:00,4635.745,SHORT,4642.2185714285715,4626.034642857143,6.473571428571371,63317
2026-08-24 09:25:00,4635.505,SHORT,4640.941428571428,4627.350357142857,5.436428571428678,63330
2026-08-24 10:30:00,4645.025,LONG,4641.019285714286,4651.033571428571,4.005714285714346,63343
2026-08-24 11:00:00,4645.725,LONG,4641.594285714286,4651.921071428572,4.130714285714281,63349
2026-08-24 11:25:00,4646.175,LONG,4641.279285714286,4653.518571428572,4.895714285714283,63354
2026-08-24 12:20:00,4657.325,LONG,4648.702857142857,4670.2582142857145,8.62214285714286,63365
2026-08-24 12:35:00,4662.705,LONG,4652.846428571428,4677.492857142857,9.85857142857146,63368
2026-08-24 13:45:00,4673.305,LONG,4663.764285714286,4687.616071428572,9.5407142857142,63382
2026-08-24 14:05:00,4670.255,LONG,4659.952142857143,4685.709285714286,10.302857142857127,63386
2026-08-24 14:20:00,4665.855,LONG,4655.194285714285,4681.846071428571,10.660714285714286,63389
2026-08-24 16:35:00,4659.265,SHORT,4666.976428571429,4647.697857142858,7.711428571428444,63416
2026-08-24 19:20:00,4642.135,SHORT,4647.762857142858,4633.693214285715,5.627857142857075,63449
2026-08-24 20:50:00,4650.555,LONG,4647.545714285715,4655.068928571429,3.009285714285787,63467
2026-08-25 01:05:00,4678.365,LONG,4669.231428571428,4692.065357142857,9.133571428571356,63506
2026-08-25 09:50:00,4637.925,SHORT,4643.91,4628.9475,5.984999999999933,63611
2026-08-25 12:25:00,4637.135,LONG,4632.225714285714,4644.498928571428,4.909285714285553,63642
2026-08-25 14:10:00,4622.855,SHORT,4632.6392857142855,4608.178571428571,9.784285714285813,63663
2026-08-25 15:30:00,4648.515,LONG,4641.245000000001,4659.42,7.269999999999982,63679
2026-08-25 16:45:00,4644.965,LONG,4640.108571428572,4652.249642857143,4.856428571428556,63694
2026-08-25 20:40:00,4661.205,LONG,4657.555,4666.68,3.650000000000026,63741
2026-08-25 22:00:00,4661.185,LONG,4657.854285714286,4666.181071428572,3.3307142857144885,63745
2026-08-25 22:20:00,4666.275,LONG,4663.573571428571,4670.3271428571425,2.7014285714288104,63749
2026-08-26 01:20:00,4643.825,SHORT,4649.857142857143,4634.776785714285,6.032142857142974,63785
2026-08-26 05:25:00,4643.095,SHORT,4645.903571428572,4638.882142857143,2.8085714285714727,63834
2026-08-26 05:35:00,4641.265,SHORT,4644.972857142858,4635.703214285714,3.7078571428571325,63836
2026-08-26 07:50:00,4628.235,SHORT,4632.471428571428,4621.880357142857,4.236428571428405,63863
2026-08-26 09:15:00,4620.865,SHORT,4624.514999999999,4615.389999999999,3.650000000000026,63880
2026-08-26 09:55:00,4622.995,SHORT,4626.238928571429,4618.129107142857,3.243928571428569,63888
2026-08-26 11:30:00,4618.805,SHORT,4622.896428571429,4612.667857142857,4.091428571428813,63907
2026-08-26 12:05:00,4627.055,SHORT,4630.945000000001,4621.22,3.8900000000000676,63914
2026-08-26 12:50:00,4615.975,SHORT,4623.041428571429,4605.375357142858,7.066428571428462,63923
2026-08-26 13:50:00,4623.695,SHORT,4632.634999999999,4610.285,8.939999999999925,63935
2026-08-26 14:20:00,4620.735,SHORT,4628.992142857142,4608.3492857142855,8.257142857142883,63941
2026-08-26 14:55:00,4602.665,SHORT,4609.876428571429,4591.847857142857,7.211428571428704,63948
2026-08-26 15:50:00,4600.145,SHORT,4608.375000000001,4587.8,8.230000000000084,63959
2026-08-26 17:35:00,4596.435,SHORT,4601.333571428572,4589.087142857144,4.898571428571423,63980
2026-08-26 18:30:00,4593.305,SHORT,4597.274285714286,4587.351071428572,3.9692857142856934,63991
2026-08-26 18:50:00,4596.025,SHORT,4599.463571428571,4590.867142857142,3.438571428571387,63995
2026-08-26 19:30:00,4597.295,SHORT,4600.550714285714,4592.411428571429,3.255714285714151,64003
2026-08-26 20:10:00,4591.445,SHORT,4594.506428571428,4586.852857142857,3.061428571428483,64011
2026-08-26 22:10:00,4602.045,SHORT,4605.862142857143,4596.319285714286,3.8171428571428287,64023
2026-08-27 00:15:00,4619.005,LONG,4614.700000000001,4625.4625,4.304999999999836,64048
2026-08-27 01:20:00,4624.665,LONG,4617.947142857143,4634.7417857142855,6.717857142857156,64061
2026-08-27 02:45:00,4628.795,LONG,4623.175714285714,4637.223928571429,5.619285714285589,64078
2026-08-27 09:10:00,4595.825,SHORT,4599.338571428571,4590.554642857142,3.5135714285714648,64155
2026-08-27 13:10:00,4585.075,SHORT,4590.255714285714,4577.3039285714285,5.180714285714397,64203
2026-08-27 13:35:00,4575.245,SHORT,4581.7128571428575,4565.543214285714,6.4678571428572855,64208
2026-08-27 19:30:00,4606.885,LONG,4602.97,4612.757500000001,3.9150000000000937,64279
2026-08-28 00:15:00,4593.165,SHORT,4596.71,4587.8475,3.5450000000000728,64324
2026-08-28 00:30:00,4589.335,SHORT,4593.428571428572,4583.194642857143,4.0935714285713924,64327
2026-08-28 01:10:00,4593.755,SHORT,4599.055,4585.805,5.299999999999857,64335
2026-08-28 04:30:00,4581.545,SHORT,4584.285714285715,4577.433928571429,2.740714285714278,64375
2026-08-28 09:15:00,4601.895,LONG,4598.6671428571435,4606.736785714286,3.227857142857244,64432
2026-08-28 10:00:00,4605.635,LONG,4602.770714285714,4609.931428571429,2.8642857142856104,64441
2026-08-28 10:25:00,4605.045,LONG,4602.063571428572,4609.517142857143,2.981428571428491,64446
2026-08-28 13:30:00,4604.825,LONG,4599.154285714286,4613.331071428571,5.6707142857142445,64483
2026-08-28 15:15:00,4555.235,SHORT,4572.044285714285,4530.021071428571,16.809285714285775,64504
2026-08-28 20:10:00,4457.615,SHORT,4463.001428571429,4449.535357142857,5.386428571428561,64563
2026-08-30 22:25:00,4459.355,SHORT,4465.7307142857135,4449.791428571428,6.375714285714301,64578
2026-08-30 23:20:00,4459.465,SHORT,4464.791428571429,4451.475357142857,5.326428571428745,64589
2026-08-31 00:15:00,4459.465,SHORT,4466.5650000000005,4448.8150000000005,7.100000000000039,64600
2026-08-31 01:45:00,4437.125,SHORT,4448.933571428572,4419.4121428571425,11.808571428571408,64618
2026-08-31 03:15:00,4427.485,SHORT,4435.450714285714,4415.536428571429,7.9657142857142516,64636
2026-08-31 04:45:00,4418.885,SHORT,4422.647857142858,4413.240714285715,3.7628571428573587,64654
2026-08-31 05:00:00,4423.465,SHORT,4427.503571428571,4417.407142857142,4.038571428571556,64657
2026-08-31 07:15:00,4438.835,LONG,4434.252142857143,4445.709285714285,4.582857142857067,64684
2026-08-31 08:15:00,4439.565,LONG,4434.4178571428565,4447.285714285714,5.147142857142886,64696
2026-08-31 09:10:00,4442.715,LONG,4438.558571428572,4448.949642857143,4.156428571428672,64707
2026-08-31 13:15:00,4442.835,SHORT,4448.346428571429,4434.567857142857,5.511428571428756,64756
2026-08-31 14:55:00,4431.495,SHORT,4439.36,4419.6975,7.864999999999976,64776
2026-08-31 16:55:00,4433.225,SHORT,4437.945000000001,4426.145,4.71999999999993,64800
2026-08-31 18:25:00,4429.635,SHORT,4433.300857142857,4424.136214285714,3.6658571428570212,64818
2026-08-31 18:55:00,4430.725,SHORT,4433.766428571429,4426.162857142857,3.041428571428501,64824
2026-08-31 22:05:00,4455.305,LONG,4452.580714285715,4459.391428571429,2.7242857142858674,64850
2026-08-31 23:40:00,4445.265,LONG,4442.997142857143,4448.666785714286,2.267857142857078,64869
2026-08-31 23:55:00,4451.865,LONG,4449.120714285714,4455.981428571428,2.7442857142857195,64872
2026-09-01 00:00:00,4453.835,LONG,4450.675714285714,4458.573928571429,3.159285714285748,64873
2026-09-01 00:05:00,4454.965,LONG,4451.5542857142855,4460.081071428572,3.410714285714351,64874
2026-09-01 00:45:00,4455.775,LONG,4450.881428571428,4463.115357142857,4.893571428571444,64882
2026-09-01 03:55:00,4436.585,SHORT,4440.752142857143,4430.334285714286,4.167142857142802,64920
2026-09-01 06:05:00,4435.555,SHORT,4440.740000000001,4427.7775,5.18500000000001,64946
2026-09-01 06:45:00,4429.875,SHORT,4434.293571428571,4423.2471428571425,4.41857142857147,64954
2026-09-01 07:15:00,4429.305,SHORT,4433.243571428572,4423.397142857143,3.938571428571517,64960
2026-09-01 10:30:00,4383.395,SHORT,4388.979285714286,4375.018571428572,5.58428571428567,64999
2026-09-01 13:50:00,4357.825,SHORT,4367.422142857143,4343.4292857142855,9.597142857142769,65039
2026-09-01 14:00:00,4353.285,SHORT,4364.033714285714,4337.161928571429,10.748714285714284,65041
2026-09-01 14:50:00,4359.705,SHORT,4368.546571428571,4346.442642857142,8.841571428571504,65051
2026-09-01 20:55:00,4327.425,SHORT,4330.8207142857145,4322.331428571429,3.395714285714348,65124
2026-09-01 22:55:00,4328.705,SHORT,4331.272142857143,4324.854285714286,2.5671428571427635,65136
2026-09-01 23:10:00,4330.325,SHORT,4332.558571428572,4326.9746428571425,2.233571428571395,65139
2026-09-02 00:05:00,4322.815,SHORT,4327.65,4315.562499999999,4.835000000000231,65150
2026-09-02 00:15:00,4327.385,SHORT,4333.046428571429,4318.892857142857,5.6614285714287815,65152
2026-09-02 01:00:00,4311.515,SHORT,4320.652857142858,4297.808214285715,9.137857142857294,65161
2026-09-02 01:25:00,4316.865,SHORT,4325.795,4303.469999999999,8.930000000000161,65166
2026-09-02 04:10:00,4303.935,SHORT,4309.908571428572,4294.974642857143,5.973571428571371,65199
2026-09-02 06:55:00,4321.535,LONG,4315.5478571428575,4330.515714285714,5.987142857142771,65232
2026-09-02 07:20:00,4328.215,LONG,4322.615,4336.615,5.599999999999909,65237
2026-09-02 07:55:00,4322.905,LONG,4318.355,4329.73,4.549999999999987,65244
2026-09-02 08:05:00,4329.655,LONG,4324.799285714285,4336.938571428571,4.855714285714255,65246
2026-09-02 08:20:00,4325.735,LONG,4321.181428571428,4332.565357142857,4.553571428571364,65249
2026-09-02 08:35:00,4324.665,LONG,4319.760714285714,4332.021428571428,4.904285714285639,65252
2026-09-02 09:00:00,4315.665,LONG,4310.382142857143,4323.589285714285,5.282857142857081,65257
2026-09-02 10:25:00,4309.805,SHORT,4313.680714285714,4303.991428571429,3.8757142857140416,65274
2026-09-02 12:40:00,4334.135,LONG,4327.576428571429,4343.972857142857,6.558571428571343,65301
2026-09-02 13:15:00,4342.215,LONG,4334.993571428572,4353.047142857143,7.221428571428468,65308
2026-09-02 15:20:00,4369.855,LONG,4363.586428571428,4379.257857142857,6.268571428571444,65333
2026-09-02 18:15:00,4377.375,LONG,4372.862142857143,4384.144285714286,4.512857142857034,65368
2026-09-02 19:00:00,4374.835,LONG,4370.733571428572,4380.987142857143,4.101428571428512,65377
2026-09-02 23:05:00,4386.135,LONG,4383.880714285715,4389.516428571429,2.2542857142856128,65414
2026-09-02 23:30:00,4382.745,LONG,4380.771428571428,4385.705357142857,1.9735714285713715,65419
2026-09-02 23:35:00,4383.155,LONG,4381.1507142857145,4386.161428571429,2.004285714285678,65420
2026-09-03 00:20:00,4387.565,LONG,4384.277857142857,4392.495714285714,3.2871428571427583,65429
2026-09-03 00:35:00,4388.715,LONG,4384.617857142857,4394.8607142857145,4.097142857142769,65432
2026-09-03 01:00:00,4395.185,LONG,4390.022142857143,4402.929285714286,5.162857142857059,65437
2026-09-03 05:40:00,4431.885,LONG,4427.154285714286,4438.981071428572,4.730714285714449,65493
2026-09-03 06:05:00,4431.105,LONG,4424.985,4440.285,6.120000000000085,65498
2026-09-03 07:00:00,4431.255,LONG,4425.782142857143,4439.464285714285,5.4728571428570705,65509
2026-09-03 07:50:00,4430.285,LONG,4424.947857142857,4438.290714285714,5.337142857142941,65519
2026-09-03 08:00:00,4436.575,LONG,4430.632142857143,4445.489285714286,5.94285714285713,65521
2026-09-03 08:15:00,4437.755,LONG,4432.0,4446.3875,5.755000000000044,65524
2026-09-03 09:25:00,4435.005,LONG,4430.820000000001,4441.2825,4.184999999999881,65538
2026-09-03 10:55:00,4427.075,SHORT,4430.545,4421.87,3.4699999999998647,65556
2026-09-03 11:35:00,4435.535,LONG,4431.495,4441.595,4.040000000000093,65564
2026-09-03 12:30:00,4466.785,LONG,4459.937857142857,4477.055714285714,6.847142857142769,65575
2026-09-03 14:10:00,4468.885,LONG,4460.380714285714,4481.641428571429,8.504285714285873,65595
2026-09-03 15:55:00,4493.015,LONG,4484.680714285714,4505.516428571429,8.334285714285866,65616
2026-09-03 17:00:00,4487.035,LONG,4482.8042857142855,4493.381071428572,4.2307142857143845,65629
2026-09-03 22:05:00,4475.365,SHORT,4477.403571428571,4472.307142857143,2.038571428571231,65678
2026-09-03 22:30:00,4474.445,SHORT,4476.609285714285,4471.198571428571,2.1642857142855974,65683
2026-09-03 23:10:00,4473.915,SHORT,4476.847142857143,4469.516785714286,2.932142857142935,65691
2026-09-04 01:30:00,4469.435,SHORT,4475.000000000001,4461.0875,5.565000000000315,65719
2026-09-04 02:40:00,4470.565,SHORT,4476.132857142857,4462.213214285714,5.567857142857195,65733
2026-09-04 03:00:00,4475.735,SHORT,4480.674999999999,4468.325,4.940000000000055,65737
2026-09-04 04:40:00,4473.425,SHORT,4476.090714285714,4469.426428571429,2.66571428571407,65757
2026-09-04 05:45:00,4470.435,SHORT,4474.482142857143,4464.364285714287,4.047142857142652,65770
2026-09-04 06:40:00,4463.905,SHORT,4468.496428571429,4457.017857142857,4.5914285714286835,65781
2026-09-04 07:10:00,4467.675,SHORT,4471.756428571429,4461.552857142858,4.081428571428595,65787
2026-09-04 11:45:00,4467.225,SHORT,4470.289285714286,4462.628571428571,3.064285714285753,65842
2026-09-04 11:55:00,4466.885,SHORT,4470.24,4461.8525,3.355000000000018,65844
2026-09-04 13:50:00,4422.075,SHORT,4436.2185714285715,4400.859642857143,14.143571428571315,65867
2026-09-04 14:25:00,4428.875,SHORT,4440.337142857143,4411.681785714286,11.46214285714281,65874
2026-09-04 17:00:00,4431.075,SHORT,4436.1849999999995,4423.41,5.109999999999998,65905
2026-09-04 19:15:00,4428.655,SHORT,4432.156785714285,4423.402321428572,3.5017857142856883,65932
2026-09-04 20:40:00,4430.315,LONG,4428.131428571428,4433.590357142857,2.183571428571408,65949
2026-09-06 22:30:00,4427.915,SHORT,4431.215714285714,4422.963928571428,3.300714285714353,65959
2026-09-06 23:15:00,4428.255,SHORT,4431.058571428572,4424.049642857143,2.8035714285714937,65968
2026-09-06 23:45:00,4426.885,SHORT,4430.113571428572,4422.042142857143,3.2285714285714806,65974
2026-09-07 00:50:00,4422.265,SHORT,4427.267857142858,4414.760714285714,5.002857142857205,65987
2026-09-07 01:45:00,4409.045,SHORT,4417.017142857143,4397.086785714286,7.972142857142899,65998
2026-09-07 02:50:00,4413.555,SHORT,4418.375,4406.325000000001,4.819999999999969,66011
2026-09-07 04:15:00,4402.785,SHORT,4406.097857142857,4397.8157142857135,3.3128571428573457,66028
2026-09-07 04:30:00,4397.725,SHORT,4400.984285714287,4392.836071428572,3.259285714285852,66031
2026-09-07 05:05:00,4400.745,SHORT,4404.1792857142855,4395.5935714285715,3.4342857142857093,66038
2026-09-07 05:45:00,4402.915,SHORT,4407.256428571429,4396.402857142857,4.341428571428553,66046
2026-09-07 06:40:00,4395.985,SHORT,4401.519285714286,4387.683571428571,5.5342857142857484,66057
2026-09-07 07:15:00,4397.385,SHORT,4402.47,4389.7575,5.085000000000166,66064
2026-09-07 09:00:00,4412.115,LONG,4407.169285714285,4419.533571428571,4.9457142857143355,66085
2026-09-07 09:30:00,4405.685,LONG,4402.271428571429,4410.805357142858,3.4135714285715557,66091
2026-09-07 12:30:00,4394.415,SHORT,4398.667142857143,4388.0367857142855,4.252142857142774,66127
2026-09-07 16:55:00,4414.205,LONG,4412.4,4416.912499999999,1.8049999999999014,66180
2026-09-07 22:15:00,4412.705,LONG,4410.0599999999995,4416.6725,2.6450000000000466,66202
2026-09-07 23:25:00,4410.435,LONG,4408.012857142858,4414.068214285715,2.4221428571429766,66216
2026-09-08 00:50:00,4420.855,LONG,4414.424285714285,4430.501071428571,6.430714285714397,66233
2026-09-08 02:20:00,4428.215,LONG,4423.411428571429,4435.420357142857,4.803571428571364,66251
2026-09-08 02:55:00,4424.165,LONG,4419.766428571428,4430.762857142857,4.398571428571488,66258
2026-09-08 04:35:00,4434.025,LONG,4430.646428571428,4439.092857142857,3.3785714285715067,66278
2026-09-08 09:15:00,4396.505,SHORT,4400.562142857143,4390.419285714286,4.057142857142935,66334
2026-09-08 09:55:00,4402.695,SHORT,4406.237857142857,4397.380714285714,3.542857142857039,66342
2026-09-08 12:05:00,4403.675,LONG,4399.242857142857,4410.323214285714,4.432142857142805,66368
2026-09-08 13:50:00,4404.075,LONG,4397.3,4414.2375,6.775000000000026,66389
2026-09-08 14:45:00,4393.205,SHORT,4400.335,4382.509999999999,7.130000000000174,66400
2026-09-08 15:45:00,4396.665,SHORT,4402.53,4387.8675,5.865000000000042,66412
2026-09-08 16:40:00,4393.965,SHORT,4398.989642857143,4386.428035714286,5.024642857142875,66423
2026-09-08 17:20:00,4394.125,SHORT,4398.6164285714285,4387.387857142857,4.491428571428579,66431
2026-09-08 23:55:00,4349.635,SHORT,4352.387142857143,4345.506785714286,2.752142857142839,66498
2026-09-09 04:10:00,4373.145,LONG,4370.3150000000005,4377.39,2.830000000000187,66549
2026-09-09 04:45:00,4378.535,LONG,4375.757142857143,4382.7017857142855,2.7778571428571013,66556
2026-09-09 08:30:00,4401.705,LONG,4398.543571428571,4406.447142857142,3.161428571428457,66601
2026-09-09 10:40:00,4394.735,SHORT,4398.172857142857,4389.578214285714,3.4378571428571507,66627
2026-09-09 14:00:00,4423.325,LONG,4415.905,4434.455,7.420000000000008,66667
2026-09-09 15:50:00,4401.135,SHORT,4412.537857142857,4384.030714285715,11.402857142857036,66689
2026-09-09 22:20:00,4401.528,SHORT,4404.154928571429,4397.587607142857,2.6269285714285746,66755
2026-09-09 22:45:00,4400.145,SHORT,4402.885785714287,4396.033821428572,2.740785714285721,66760
2026-09-10 00:20:00,4395.695,SHORT,4398.972357142857,4390.778964285714,3.277357142857259,66779
2026-09-10 03:45:00,4408.805,LONG,4405.263571428572,4414.117142857143,3.5414285714286313,66820
2026-09-10 04:45:00,4409.308,LONG,4406.683928571429,4413.2441071428575,2.6240714285715643,66832
2026-09-10 06:20:00,4415.935,LONG,4410.527857142857,4424.045714285715,5.407142857142909,66851
2026-09-10 06:55:00,4424.968,LONG,4419.686785714285,4432.889821428571,5.281214285714343,66858
2026-09-10 08:10:00,4405.618,SHORT,4409.589428571429,4399.660857142858,3.9714285714285973,66873
2026-09-10 13:55:00,4365.648,SHORT,4376.091928571429,4349.982107142857,10.443928571428646,66942
2026-09-10 22:10:00,4321.245,SHORT,4324.446428571428,4316.442857142857,3.2014285714284205,67029
2026-09-10 23:20:00,4318.129,SHORT,4320.722,4314.2395,2.592999999999847,67043
2026-09-10 23:45:00,4315.055,SHORT,4317.784857142858,4310.960214285715,2.729857142857067,67048
2026-09-11 00:05:00,4318.321,SHORT,4322.001857142857,4312.799714285714,3.680857142857089,67052
2026-09-11 01:45:00,4328.925,LONG,4322.033,4339.263,6.892000000000086,67072
2026-09-11 02:40:00,4318.595,SHORT,4324.298642857143,4310.039535714286,5.703642857142962,67083
2026-09-11 03:00:00,4322.047,SHORT,4327.590857142857,4313.731214285714,5.543857142857307,67087
2026-09-11 07:50:00,4342.415,LONG,4338.526357142857,4348.247964285714,3.888642857142778,67145
2026-09-11 08:10:00,4347.225,LONG,4343.163785714286,4353.3168214285715,4.061214285714349,67149
2026-09-11 08:30:00,4352.465,LONG,4347.642857142857,4359.698214285715,4.822142857143002,67153
2026-09-11 09:15:00,4345.005,LONG,4339.559571428571,4353.173142857143,5.445428571428757,67162
2026-09-11 15:45:00,4372.878,LONG,4366.2189285714285,4382.866607142856,6.659071428571224,67240
2026-09-11 16:00:00,4371.558,LONG,4365.381714285714,4380.822428571429,6.176285714285574,67243
2026-09-11 19:25:00,4347.206,SHORT,4351.204071428571,4341.208892857143,3.9980714285713606,67284
2026-09-11 20:10:00,4348.115,SHORT,4351.6960714285715,4342.743392857143,3.5810714285714442,67293
2026-09-13 22:10:00,4330.545,SHORT,4335.230357142857,4323.5169642857145,4.685357142857161,67305
2026-09-13 23:10:00,4339.295,SHORT,4343.506,4332.9785,4.210999999999915,67317
2026-09-13 23:55:00,4332.555,SHORT,4335.899571428572,4327.538142857144,3.344571428571271,67326
2026-09-14 00:35:00,4332.624,SHORT,4338.103285714285,4324.405071428571,5.479285714285717,67334
2026-09-14 00:55:00,4338.304,SHORT,4344.050428571429,4329.684357142857,5.746428571428623,67338
2026-09-14 01:30:00,4331.545,SHORT,4338.756785714286,4320.7273214285715,7.211785714285725,67345
2026-09-14 03:00:00,4332.345,LONG,4326.871357142857,4340.555464285714,5.473642857142814,67363
2026-09-14 05:05:00,4328.755,SHORT,4331.965571428572,4323.9391428571425,3.210571428571581,67388
2026-09-14 05:15:00,4329.585,SHORT,4332.963857142858,4324.516714285714,3.378857142857279,67390
2026-09-14 05:40:00,4330.685,SHORT,4335.559357142858,4323.373464285714,4.874357142857272,67395
2026-09-14 06:00:00,4334.295,SHORT,4340.0470000000005,4325.667,5.7520000000000175,67399
2026-09-14 10:45:00,4292.465,SHORT,4297.135785714286,4285.458821428571,4.670785714285752,67456
2026-09-14 12:15:00,4290.115,SHORT,4294.393428571429,4283.697357142857,4.278428571428711,67474
2026-09-14 13:50:00,4273.008,SHORT,4281.548785714285,4260.196821428572,8.540785714285644,67493
2026-09-14 14:50:00,4276.195,SHORT,4283.825142857143,4264.749785714285,7.630142857142865,67505
2026-09-14 18:25:00,4309.579,LONG,4306.029785714285,4314.902821428571,3.5492142857142426,67548
2026-09-14 18:55:00,4307.198,LONG,4303.904071428572,4312.138892857143,3.293928571428491,67554
2026-09-14 22:05:00,4297.468,SHORT,4300.380214285714,4293.099678571428,2.9122142857143962,67580
2026-09-14 23:00:00,4293.926,SHORT,4297.1085,4289.15225,3.182500000000086,67591
2026-09-15 00:30:00,4284.175,SHORT,4287.652714285714,4278.958428571429,3.477714285714228,67609
2026-09-15 01:45:00,4300.235,LONG,4295.450142857142,4307.412285714286,4.784857142857228,67624
2026-09-15 09:55:00,4268.085,SHORT,4272.3505,4261.68675,4.265499999999845,67722
2026-09-15 10:10:00,4272.895,SHORT,4277.239214285714,4266.378678571429,4.344214285714121,67725
2026-09-15 10:55:00,4281.305,SHORT,4284.885214285714,4275.934678571429,3.580214285714127,67734
2026-09-15 13:40:00,4289.575,LONG,4282.624714285715,4300.0004285714285,6.950285714285526,67767
2026-09-15 15:15:00,4286.355,LONG,4280.496071428571,4295.143392857142,5.8589285714287405,67786
2026-09-15 17:15:00,4295.635,LONG,4291.354285714286,4302.056071428571,4.2807142857141764,67810
2026-09-15 18:00:00,4295.055,LONG,4291.3664285714285,4300.5878571428575,3.688571428571452,67819
2026-09-15 19:20:00,4301.005,LONG,4297.422142857143,4306.379285714286,3.5828571428571325,67835
2026-09-15 19:55:00,4297.615,LONG,4294.272857142857,4302.628214285714,3.3421428571428544,67842
2026-09-15 22:15:00,4292.035,SHORT,4294.605,4288.18,2.569999999999839,67858
2026-09-15 22:45:00,4293.785,SHORT,4296.713571428571,4289.392142857143,2.9285714285713635,67864
2026-09-16 00:45:00,4282.595,SHORT,4285.642142857143,4278.024285714286,3.047142857142847,67888
2026-09-16 04:55:00,4321.545,LONG,4318.8721428571425,4325.5542857142855,2.672857142857213,67938
2026-09-16 08:50:00,4328.715,LONG,4323.91,4335.9225,4.804999999999966,67985
2026-09-16 12:30:00,4341.185,LONG,4336.602142857143,4348.0592857142865,4.582857142857198,68029
2026-09-16 12:55:00,4347.385,LONG,4342.602142857143,4354.559285714286,4.782857142857146,68034
2026-09-16 15:40:00,4350.415,LONG,4344.7177142857145,4358.960928571429,5.697285714285564,68067
2026-09-16 16:05:00,4349.375,LONG,4343.941285714286,4357.525571428571,5.4337142857141645,68072
2026-09-16 16:55:00,4346.295,LONG,4343.101428571429,4351.085357142857,3.1935714285713663,68082
2026-09-16 17:10:00,4343.245,LONG,4340.380714285714,4347.541428571429,2.8642857142856752,68085
2026-09-16 17:45:00,4344.435,LONG,4341.595714285715,4348.693928571429,2.839285714285649,68092
2026-09-16 18:10:00,4309.995,SHORT,4320.8892857142855,4293.653571428572,10.89428571428555,68097
2026-09-16 18:20:00,4314.665,SHORT,4327.039285714285,4296.103571428572,12.374285714285634,68099
2026-09-16 22:55:00,4265.155,SHORT,4269.434285714286,4258.736071428571,4.279285714285704,68142
2026-09-16 23:10:00,4262.475,SHORT,4267.055714285714,4255.603928571429,4.580714285714229,68145
2026-09-16 23:30:00,4270.675,SHORT,4275.684285714286,4263.161071428572,5.009285714285787,68149
2026-09-17 01:00:00,4297.075,LONG,4290.300714285714,4307.236428571428,6.774285714285725,68167
2026-09-17 02:10:00,4287.125,LONG,4279.352142857143,4298.784285714286,7.772857142857187,68181
2026-09-17 04:40:00,4295.105,LONG,4291.854285714286,4299.981071428571,3.250714285714236,68211
2026-09-17 05:35:00,4296.825,LONG,4292.864285714286,4302.766071428571,3.9607142857142077,68222
2026-09-17 08:30:00,4317.355,LONG,4312.5199999999995,4324.6075,4.835000000000036,68257
2026-09-17 08:50:00,4312.825,LONG,4308.380714285714,4319.4914285714285,4.444285714285668,68261
2026-09-17 10:15:00,4306.345,SHORT,4310.345,4300.345,3.999999999999935,68278
2026-09-17 13:45:00,4367.265,LONG,4358.878571428571,4379.844642857143,8.386428571428562,68320
2026-09-17 15:00:00,4355.505,LONG,4348.660714285715,4365.771428571429,6.844285714285759,68335
2026-09-17 15:50:00,4366.635,LONG,4361.222142857143,4374.754285714286,5.412857142857449,68345
2026-09-17 16:50:00,4360.285,LONG,4356.005,4366.705,4.280000000000006,68357
2026-09-17 16:55:00,4362.235,LONG,4357.803571428571,4368.882142857143,4.431428571428569,68358
2026-09-17 17:25:00,4360.325,LONG,4355.8099999999995,4367.0975,4.515000000000002,68364
2026-09-17 22:15:00,4341.687,SHORT,4344.313928571429,4337.746607142857,2.6269285714287696,68410
2026-09-17 22:40:00,4343.905,SHORT,4346.749142857143,4339.638785714285,2.8441428571429372,68415
2026-09-18 00:20:00,4355.685,LONG,4352.107928571429,4361.050607142858,3.577071428571539,68435
2026-09-18 02:45:00,4354.145,LONG,4349.933571428572,4360.462142857144,4.211428571428509,68464
2026-09-18 03:00:00,4348.895,LONG,4344.479285714287,4355.518571428572,4.4157142857142,68467
2026-09-18 03:10:00,4344.545,SHORT,4349.32,4337.382500000001,4.774999999999896,68469
2026-09-18 03:20:00,4335.825,SHORT,4341.045714285714,4327.993928571428,5.220714285714231,68471
2026-09-18 08:40:00,4386.665,LONG,4382.712142857143,4392.594285714285,3.952857142857153,68535
2026-09-18 11:20:00,4381.365,SHORT,4385.251428571429,4375.535357142857,3.886428571428561,68567
2026-09-18 12:15:00,4371.215,SHORT,4376.646428571428,4363.067857142858,5.431428571428374,68578
2026-09-18 13:20:00,4365.045,SHORT,4371.34,4355.6025,6.295000000000073,68591
2026-09-18 14:55:00,4352.755,SHORT,4359.977857142857,4341.920714285714,7.2228571428572,68610
2026-09-18 19:35:00,4381.435,LONG,4378.245714285715,4386.2189285714285,3.1892857142856235,68666
2026-09-18 20:00:00,4377.665,LONG,4374.555714285714,4382.328928571428,3.109285714285631,68671
2026-09-18 20:20:00,4382.635,LONG,4379.415,4387.465,3.219999999999995,68675
2026-09-18 20:50:00,4378.135,LONG,4375.004285714286,4382.831071428572,3.1307142857143453,68681
2026-09-20 23:50:00,4370.555,SHORT,4373.1900000000005,4366.6025,2.6350000000000233,68705
2026-09-21 01:15:00,4377.525,SHORT,4383.553571428571,4368.482142857142,6.028571428571338,68722
2026-09-21 03:45:00,4362.855,SHORT,4367.6164285714285,4355.712857142857,4.761428571428561,68752
2026-09-21 04:20:00,4363.645,SHORT,4367.415714285715,4357.988928571429,3.770714285714348,68759
2026-09-21 04:35:00,4360.905,SHORT,4364.600714285714,4355.361428571428,3.69571428571427,68762
2026-09-21 04:55:00,4355.505,SHORT,4358.84,4350.5025000000005,3.3349999999999715,68766
2026-09-21 05:30:00,4355.105,SHORT,4358.860714285714,4349.471428571428,3.7557142857143453,68773
2026-09-21 06:20:00,4346.985,SHORT,4351.963571428571,4339.517142857142,4.978571428571611,68783
2026-09-21 07:35:00,4349.835,SHORT,4354.490714285715,4342.851428571428,4.655714285714306,68798
2026-09-21 07:45:00,4346.535,SHORT,4351.715,4338.765,5.179999999999966,68800
2026-09-21 09:20:00,4350.665,SHORT,4354.409285714286,4345.048571428571,3.7442857142856547,68819
2026-09-21 10:15:00,4352.695,SHORT,4356.8328571428565,4346.488214285714,4.137857142857034,68830
2026-09-21 12:40:00,4362.845,LONG,4356.654285714286,4372.131071428572,6.190714285714356,68859
2026-09-21 12:55:00,4359.495,LONG,4353.041428571429,4369.175357142857,6.45357142857152,68862
2026-09-21 15:50:00,4347.645,SHORT,4352.882142857143,4339.789285714286,5.237142857142642,68897
2026-09-21 16:55:00,4343.015,SHORT,4347.738571428572,4335.929642857143,4.723571428571437,68910
2026-09-21 18:50:00,4347.065,SHORT,4349.665,4343.165,2.600000000000039,68933
2026-09-21 19:15:00,4344.725,SHORT,4347.080714285715,4341.191428571429,2.3557142857142543,68938
2026-09-21 19:50:00,4345.955,LONG,4342.927857142857,4350.495714285714,3.027142857142865,68945
2026-09-21 23:35:00,4364.557,LONG,4360.272214285714,4370.984178571428,4.284785714285655,68978
2026-09-22 00:45:00,4355.947,LONG,4350.396857142858,4364.272214285715,5.550142857142873,68992
2026-09-22 03:40:00,4342.615,SHORT,4347.257142857143,4335.651785714285,4.642142857143101,69027
2026-09-22 07:20:00,4321.725,SHORT,4325.875714285715,4315.498928571429,4.150714285714263,69071
2026-09-22 07:40:00,4310.595,SHORT,4315.339285714286,4303.478571428572,4.744285714285785,69075
2026-09-22 09:10:00,4318.185,SHORT,4327.052142857144,4304.884285714286,8.867142857142946,69093
2026-09-22 12:05:00,4321.025,SHORT,4326.544999999999,4312.745,5.519999999999917,69128
2026-09-22 13:40:00,4340.925,LONG,4333.912142857143,4351.444285714286,7.012857142857099,69147
2026-09-22 22:00:00,4362.825,LONG,4359.862857142857,4367.268214285714,2.9621428571429402,69235
2026-09-23 01:05:00,4350.295,SHORT,4354.5992857142855,4343.838571428571,4.3042857142856645,69272
2026-09-23 05:05:00,4343.525,SHORT,4345.844285714285,4340.046071428571,2.3192857142858623,69320
2026-09-23 05:25:00,4340.575,SHORT,4342.82,4337.2074999999995,2.245000000000086,69324
2026-09-23 06:50:00,4333.245,SHORT,4336.638571428572,4328.154642857143,3.393571428571509,69341
2026-09-23 07:05:00,4328.275,SHORT,4331.67,4323.1825,3.394999999999982,69344
2026-09-23 11:30:00,4301.995,SHORT,4305.755,4296.355,3.7600000000000233,69397
2026-09-23 15:10:00,4293.985,SHORT,4301.642857142857,4282.498214285714,7.657857142857016,69441
2026-09-23 16:40:00,4286.055,SHORT,4290.088571428571,4280.004642857143,4.033571428571447,69459
2026-09-23 17:00:00,4278.155,SHORT,4282.2414285714285,4272.025357142857,4.086428571428704,69463
2026-09-23 18:35:00,4284.875,SHORT,4289.368571428571,4278.134642857143,4.493571428571419,69482
2026-09-23 19:15:00,4283.715,SHORT,4287.197142857143,4278.491785714286,3.4821428571427924,69490
2026-09-23 20:30:00,4282.415,SHORT,4285.567142857143,4277.686785714285,3.15214285714293,69505
2026-09-24 00:25:00,4291.815,LONG,4288.243571428571,4297.172142857143,3.5714285714285716,69540
2026-09-24 03:40:00,4281.335,SHORT,4285.1507142857145,4275.611428571428,3.815714285714356,69579
2026-09-24 04:20:00,4284.575,SHORT,4287.782142857142,4279.7642857142855,3.207142857142896,69587
2026-09-24 05:25:00,4290.285,LONG,4287.188571428572,4294.929642857142,3.0964285714284023,69600
2026-09-24 06:25:00,4281.695,SHORT,4286.267857142857,4274.835714285714,4.572857142857174,69612
2026-09-24 07:30:00,4282.535,SHORT,4286.910714285714,4275.971428571428,4.375714285714237,69625
2026-09-24 11:00:00,4255.855,SHORT,4261.801428571428,4246.935357142856,5.946428571428571,69667
2026-09-24 13:40:00,4273.035,LONG,4268.036428571429,4280.532857142857,4.998571428571332,69699
2026-09-24 14:25:00,4267.235,LONG,4261.833571428571,4275.337142857143,5.401428571428498,69708
2026-09-24 17:25:00,4262.905,LONG,4256.174285714285,4273.001071428572,6.730714285714514,69744
2026-09-24 18:20:00,4268.925,LONG,4263.786428571429,4276.632857142858,5.1385714285714,69755
2026-09-24 19:30:00,4272.585,LONG,4267.415,4280.34,5.169999999999943,69769
2026-09-24 23:00:00,4272.375,LONG,4269.249285714286,4277.063571428572,3.1257142857143663,69799
2026-09-25 00:55:00,4278.145,LONG,4274.367142857143,4283.811785714286,3.7778571428571013,69822
2026-09-25 02:40:00,4285.485,LONG,4281.979285714286,4290.743571428571,3.5057142857142156,69843
2026-09-25 02:50:00,4282.045,LONG,4278.3042857142855,4287.6560714285715,3.740714285714213,69845
2026-09-25 07:30:00,4275.545,LONG,4271.550714285714,4281.536428571429,3.9942857142857195,69901
2026-09-25 07:55:00,4279.515,LONG,4275.275000000001,4285.875,4.239999999999911,69906
2026-09-25 08:20:00,4281.235,LONG,4277.045714285714,4287.518928571428,4.1892857142856235,69911
2026-09-25 12:20:00,4303.205,LONG,4298.846428571428,4309.742857142857,4.35857142857146,69959
2026-09-25 12:35:00,4302.165,LONG,4297.358571428571,4309.374642857143,4.806428571428569,69962
2026-09-25 15:05:00,4275.455,SHORT,4282.862142857143,4264.344285714285,7.407142857142974,69992
2026-09-25 15:35:00,4276.275,SHORT,4282.635714285714,4266.733928571428,6.360714285714364,69998
2026-09-25 16:05:00,4293.515,SHORT,4300.887857142858,4282.455714285715,7.372857142857226,70004
2026-09-25 17:05:00,4292.305,LONG,4285.797285714286,4302.0665714285715,6.507714285714168,70016
2026-09-25 18:15:00,4288.085,LONG,4284.360000000001,4293.6725,3.724999999999909,70030
2026-09-25 18:30:00,4291.955,LONG,4287.696428571428,4298.342857142857,4.258571428571356,70033
2026-09-25 19:55:00,4290.985,LONG,4287.402857142857,4296.358214285714,3.582142857142896,70050
2026-09-28 04:35:00,4196.085,SHORT,4199.597142857143,4190.816785714285,3.512142857142927,70142
2026-09-28 10:40:00,4155.585,SHORT,4160.142857142857,4148.748214285714,4.5578571428572365,70215
2026-09-28 11:45:00,4149.815,SHORT,4154.638571428571,4142.579642857143,4.823571428571346,70228
2026-09-28 14:10:00,4138.595,SHORT,4145.987142857143,4127.506785714286,7.392142857142777,70257
2026-09-28 16:45:00,4129.105,SHORT,4135.782857142856,4119.088214285714,6.677857142857192,70288
2026-09-28 18:10:00,4135.495,SHORT,4140.795,4127.545,5.299999999999727,70305
2026-09-28 19:35:00,4128.955,SHORT,4133.267857142857,4122.4857142857145,4.312857142857216,70322
2026-09-28 22:30:00,4122.535,SHORT,4125.775,4117.675,3.2399999999999767,70345
2026-09-29 00:05:00,4122.285,SHORT,4125.154285714286,4117.981071428571,2.8692857142857844,70364
2026-09-29 01:50:00,4135.315,LONG,4128.129999999999,4146.0925,7.185000000000206,70385
2026-09-29 02:25:00,4134.505,LONG,4129.074285714286,4142.651071428571,5.430714285714397,70392
2026-09-29 07:00:00,4140.395,LONG,4136.277857142857,4146.5707142857145,4.1171428571428805,70447
2026-09-29 07:55:00,4140.915,LONG,4137.407857142857,4146.175714285714,3.5071428571426884,70458
2026-09-29 09:50:00,4145.985,LONG,4142.44,4151.3025,3.5449999999999426,70481
2026-09-29 12:00:00,4157.555,LONG,4153.347857142858,4163.865714285715,4.2071428571428315,70507
2026-09-29 13:10:00,4159.035,LONG,4154.154285714286,4166.356071428571,4.880714285714281,70521
2026-09-29 13:35:00,4159.495,LONG,4154.357857142857,4167.200714285715,5.137142857142927,70526
2026-09-29 14:00:00,4164.965,LONG,4158.910714285715,4174.046428571429,6.0542857142856,70531
2026-09-29 16:10:00,4150.215,SHORT,4155.485000000001,4142.31,5.270000000000047,70557
2026-09-29 22:50:00,4178.635,LONG,4176.443571428572,4181.922142857143,2.1914285714285273,70625
2026-09-29 23:40:00,4179.715,LONG,4177.962142857143,4182.344285714285,1.7528571428570754,70635
2026-09-30 03:25:00,4180.325,LONG,4176.605,4185.905,3.7200000000000597,70680
2026-09-30 03:35:00,4177.025,LONG,4173.097142857143,4182.916785714286,3.9278571428571922,70682
2026-09-30 03:50:00,4173.325,LONG,4169.825714285714,4178.573928571428,3.4992857142856986,70685
2026-09-30 04:55:00,4178.635,LONG,4175.808571428572,4182.874642857143,2.8264285714286808,70698
2026-09-30 06:50:00,4190.875,LONG,4186.535,4197.385,4.339999999999951,70721
2026-09-30 10:30:00,4186.265,SHORT,4189.661428571429,4181.170357142858,3.3964285714284546,70765
2026-09-30 12:20:00,4190.185,LONG,4185.6107142857145,4197.046428571429,4.574285714285842,70787
2026-09-30 18:30:00,4152.555,SHORT,4155.822857142857,4147.653214285715,3.267857142857013,70861
2026-09-30 20:15:00,4154.835,SHORT,4158.338571428571,4149.579642857143,3.5035714285712465,70882
