entry_time,entry,side,sl,tp,atr,entry_i
2024-09-30 06:45:00,2657.315,LONG,2655.362857142857,2660.243214285714,1.9521428571428519,81
2024-09-30 08:30:00,2654.965,SHORT,2656.8,2652.2125,1.8349999999999713,102
2024-09-30 12:00:00,2641.125,SHORT,2642.971642857143,2638.355035714286,1.8466428571428293,144
2024-09-30 12:15:00,2640.035,SHORT,2641.9337857142855,2637.1868214285714,1.8987857142857203,147
2024-09-30 12:30:00,2636.398,SHORT,2638.6239285714287,2633.059107142857,2.225928571428572,150
2024-09-30 13:05:00,2638.654,SHORT,2641.292142857143,2634.696785714286,2.638142857142871,157
2024-09-30 14:00:00,2631.405,SHORT,2635.0830714285717,2625.887892857143,3.678071428571392,168
2024-09-30 14:55:00,2633.198,SHORT,2636.293142857143,2628.5552857142857,3.0951428571428488,179
2024-09-30 16:25:00,2636.718,SHORT,2638.5615714285714,2633.952642857143,1.8435714285713598,197
2024-09-30 19:55:00,2630.835,SHORT,2632.381785714286,2628.5148214285714,1.5467857142857286,239
2024-09-30 20:30:00,2632.508,SHORT,2633.7400714285714,2630.6598928571425,1.232071428571414,246
2024-10-01 00:25:00,2636.255,LONG,2635.564785714286,2637.2903214285716,0.690214285714319,281
2024-10-01 00:40:00,2635.115,LONG,2634.2391428571427,2636.4287857142854,0.8758571428571875,284
2024-10-01 01:00:00,2636.745,LONG,2635.6874285714284,2638.331357142857,1.0575714285714963,288
2024-10-01 02:25:00,2637.145,LONG,2636.1585714285716,2638.624642857143,0.9864285714285675,305
2024-10-01 02:35:00,2635.975,LONG,2634.9014285714284,2637.585357142857,1.0735714285714753,307
2024-10-01 03:50:00,2638.315,LONG,2637.096642857143,2640.1425357142857,1.2183571428570954,322
2024-10-01 07:35:00,2643.765,LONG,2642.413071428571,2645.7928928571428,1.351928571428516,367
2024-10-01 08:50:00,2644.625,LONG,2643.2719285714284,2646.654607142857,1.3530714285714112,382
2024-10-01 09:05:00,2646.505,LONG,2645.1340714285716,2648.561392857143,1.370928571428554,385
2024-10-01 11:35:00,2648.735,LONG,2647.4900714285714,2650.602392857143,1.2449285714285776,415
2024-10-01 12:00:00,2651.735,LONG,2650.072142857143,2654.229285714286,1.6628571428572545,420
2024-10-01 15:10:00,2660.365,LONG,2655.8972142857137,2667.0666785714284,4.46778571428581,458
2024-10-01 19:15:00,2662.795,LONG,2661.035714285714,2665.4339285714286,1.7592857142856897,507
2024-10-01 20:55:00,2663.005,SHORT,2664.1410714285716,2661.300892857143,1.1360714285714104,527
2024-10-01 23:10:00,2661.845,LONG,2661.2939285714283,2662.671607142857,0.5510714285714714,542
2024-10-02 01:55:00,2660.495,SHORT,2661.6754285714287,2658.724357142857,1.1804285714285925,575
2024-10-02 03:20:00,2659.835,SHORT,2660.7787857142857,2658.4193214285715,0.9437857142857281,592
2024-10-02 03:30:00,2658.655,SHORT,2659.684571428572,2657.110642857143,1.029571428571444,594
2024-10-02 05:20:00,2654.345,SHORT,2655.604714285714,2652.4554285714285,1.2597142857143158,616
2024-10-02 05:30:00,2648.595,SHORT,2650.1956428571425,2646.1940357142853,1.6006428571428646,618
2024-10-02 06:45:00,2648.635,SHORT,2650.313285714286,2646.117571428572,1.678285714285721,633
2024-10-02 07:10:00,2652.955,SHORT,2654.5809285714286,2650.516107142857,1.6259285714285656,638
2024-10-02 08:40:00,2652.494,SHORT,2654.242285714286,2649.8715714285713,1.7482857142857549,656
2024-10-02 10:10:00,2654.195,LONG,2652.8978571428574,2656.1407142857147,1.2971428571428791,674
2024-10-02 10:20:00,2652.805,LONG,2651.4824999999996,2654.7887499999997,1.322500000000056,676
2024-10-02 11:25:00,2651.455,SHORT,2652.9064285714285,2649.277857142857,1.451428571428583,689
2024-10-02 12:05:00,2649.135,SHORT,2650.4654285714287,2647.1393571428575,1.3304285714285211,697
2024-10-02 12:25:00,2645.265,SHORT,2647.367571428571,2642.111142857143,2.1025714285713093,701
2024-10-02 13:05:00,2651.535,SHORT,2654.6181428571426,2646.9102857142857,3.0831428571428074,709
2024-10-02 14:30:00,2655.718,LONG,2652.5281428571425,2660.5027857142854,3.1898571428571683,726
2024-10-02 16:55:00,2649.638,SHORT,2651.4279285714283,2646.953107142857,1.7899285714285855,755
2024-10-02 22:10:00,2659.448,LONG,2658.682,2660.5969999999998,0.7660000000000439,806
2024-10-03 00:00:00,2660.648,LONG,2660.0422142857146,2661.5566785714286,0.6057857142856976,828
2024-10-03 00:20:00,2659.225,LONG,2658.268,2660.6605,0.9569999999999774,832
2024-10-03 02:00:00,2657.885,SHORT,2659.0476428571433,2656.141035714286,1.1626428571429253,852
2024-10-03 02:10:00,2655.684,SHORT,2656.9257142857145,2653.821428571429,1.2417142857143193,854
2024-10-03 02:40:00,2656.644,SHORT,2657.763214285714,2654.965178571428,1.1192142857143412,860
2024-10-03 03:50:00,2656.764,SHORT,2657.860642857143,2655.119035714286,1.0966428571428293,874
2024-10-03 04:10:00,2655.595,SHORT,2656.7637857142854,2653.841821428571,1.1687857142857345,878
2024-10-03 05:55:00,2653.198,SHORT,2654.357,2651.4595,1.1590000000000404,899
2024-10-03 07:10:00,2653.865,SHORT,2655.356714285714,2651.6274285714285,1.4917142857143193,914
2024-10-03 09:45:00,2646.745,SHORT,2648.4436428571425,2644.1970357142854,1.6986428571428536,945
2024-10-03 10:05:00,2644.595,SHORT,2646.307714285714,2642.0259285714283,1.7127142857142255,949
2024-10-03 10:45:00,2647.058,SHORT,2648.5314285714285,2644.8478571428573,1.4734285714285502,957
2024-10-03 11:25:00,2644.355,SHORT,2645.8661428571427,2642.0882857142856,1.511142857142821,965
2024-10-03 11:55:00,2647.935,SHORT,2649.4506428571426,2645.661535714286,1.5156428571427958,971
2024-10-03 12:45:00,2644.975,SHORT,2647.2340714285715,2641.5863928571425,2.2590714285714575,981
2024-10-03 14:25:00,2649.285,LONG,2644.597214285714,2656.3166785714284,4.687785714285708,1001
2024-10-03 17:50:00,2656.844,LONG,2654.7470000000003,2659.9895,2.09699999999998,1042
2024-10-03 23:30:00,2654.944,SHORT,2655.478642857143,2654.1420357142856,0.5346428571428338,1098
2024-10-04 01:00:00,2657.384,LONG,2656.592857142857,2658.5707142857145,0.7911428571428912,1116
2024-10-04 01:50:00,2658.648,LONG,2657.648142857143,2660.147785714286,0.9998571428571462,1126
2024-10-04 03:45:00,2661.355,LONG,2660.2722857142858,2662.979071428572,1.0827142857144085,1149
2024-10-04 04:30:00,2665.374,LONG,2664.3151428571427,2666.9622857142854,1.0588571428571478,1158
2024-10-04 06:30:00,2664.625,LONG,2663.6805714285715,2666.0416428571425,0.9444285714284888,1182
2024-10-04 07:50:00,2661.565,SHORT,2663.2759285714287,2658.998607142857,1.7109285714285696,1198
2024-10-04 08:55:00,2658.894,SHORT,2660.1184999999996,2657.05725,1.2244999999999695,1211
2024-10-04 09:45:00,2657.995,SHORT,2659.152714285714,2656.2584285714283,1.1577142857142593,1221
2024-10-04 10:25:00,2659.095,SHORT,2660.2465714285713,2657.3676428571425,1.151571428571385,1229
2024-10-04 10:45:00,2659.575,SHORT,2660.745857142857,2657.818714285714,1.170857142857098,1233
2024-10-04 11:35:00,2659.648,SHORT,2660.818285714286,2657.8925714285715,1.1702857142857153,1243
2024-10-04 17:35:00,2646.118,SHORT,2648.443714285714,2642.6294285714284,2.3257142857142816,1315
2024-10-04 18:00:00,2648.988,SHORT,2650.7369285714285,2646.364607142857,1.748928571428548,1320
2024-10-04 18:55:00,2645.518,SHORT,2647.138857142857,2643.086714285714,1.6208571428571108,1331
2024-10-06 22:15:00,2651.835,LONG,2650.4115,2653.97025,1.4235000000000062,1359
2024-10-07 00:05:00,2649.695,LONG,2648.721,2651.1560000000004,0.9740000000000626,1381
2024-10-07 01:55:00,2646.085,SHORT,2647.872142857143,2643.404285714286,1.787142857142791,1403
2024-10-07 02:40:00,2646.315,SHORT,2648.0724285714286,2643.6788571428574,1.7574285714285582,1412
2024-10-07 04:10:00,2647.265,SHORT,2648.3095,2645.69825,1.044499999999971,1430
2024-10-07 06:25:00,2641.155,SHORT,2642.626928571429,2638.9471071428575,1.471928571428602,1457
2024-10-07 07:25:00,2645.218,SHORT,2646.991,2642.5584999999996,1.7730000000000408,1469
2024-10-07 09:35:00,2651.825,LONG,2650.5207142857143,2653.7814285714285,1.3042857142856974,1495
2024-10-07 11:00:00,2657.075,LONG,2655.7055,2659.12925,1.3695000000000164,1512
2024-10-07 13:50:00,2645.135,SHORT,2648.4515,2640.1602500000004,3.316499999999938,1546
2024-10-07 15:05:00,2641.225,SHORT,2644.203571428571,2636.7571428571428,2.9785714285714158,1561
2024-10-07 16:00:00,2644.908,SHORT,2647.532857142857,2640.970714285714,2.624857142857146,1572
2024-10-07 18:20:00,2645.298,SHORT,2646.5024999999996,2643.4912499999996,1.2045000000000528,1600
2024-10-07 18:35:00,2642.558,SHORT,2643.814714285714,2640.6729285714287,1.2567142857142894,1603
2024-10-07 19:45:00,2643.345,SHORT,2644.5975714285714,2641.4661428571426,1.2525714285714002,1617
2024-10-07 20:55:00,2642.625,SHORT,2643.4200714285716,2641.432392857143,0.795071428571451,1631
2024-10-07 23:00:00,2643.845,SHORT,2645.2361428571426,2641.7582857142856,1.3911428571428328,1644
2024-10-08 02:15:00,2640.895,SHORT,2643.3962857142856,2637.1430714285716,2.5012857142857166,1683
2024-10-08 03:05:00,2639.465,SHORT,2642.3274285714288,2635.1713571428572,2.8624285714285764,1693
2024-10-08 03:25:00,2641.605,SHORT,2644.254785714286,2637.6303214285717,2.649785714285664,1697
2024-10-08 04:40:00,2642.035,LONG,2640.5315,2644.29025,1.5034999999999985,1712
2024-10-08 06:05:00,2646.305,LONG,2644.616,2648.8385,1.6890000000000782,1729
2024-10-08 09:05:00,2635.695,SHORT,2638.1612142857143,2631.995678571429,2.466214285714256,1765
2024-10-08 09:35:00,2638.938,SHORT,2640.8506428571427,2636.0690357142857,1.9126428571428278,1771
2024-10-08 12:55:00,2645.735,LONG,2642.659285714286,2650.3485714285716,3.0757142857143145,1811
2024-10-08 17:30:00,2616.018,SHORT,2619.042785714286,2611.4808214285713,3.0247857142857293,1866
2024-10-08 20:45:00,2621.045,LONG,2619.3605714285713,2623.5716428571427,1.684428571428563,1905
2024-10-09 00:00:00,2622.345,LONG,2621.456214285714,2623.6781785714284,0.8887857142857294,1932
2024-10-09 00:50:00,2621.925,LONG,2621.0317142857143,2623.2649285714288,0.8932857142856717,1942
2024-10-09 01:35:00,2620.935,LONG,2619.2670714285714,2623.436892857143,1.667928571428547,1951
2024-10-09 02:50:00,2619.608,SHORT,2621.093928571429,2617.3791071428573,1.485928571428563,1966
2024-10-09 04:30:00,2616.965,SHORT,2618.1787142857142,2615.1444285714288,1.2137142857142993,1986
2024-10-09 08:00:00,2610.464,SHORT,2612.577214285714,2607.294178571429,2.1132142857142235,2028
2024-10-09 08:40:00,2615.545,SHORT,2617.4165000000003,2612.7377500000002,1.871499999999969,2036
2024-10-09 10:20:00,2616.735,LONG,2615.3830000000003,2618.763,1.3519999999999917,2056
2024-10-09 10:35:00,2618.975,LONG,2617.573,2621.078,1.4020000000000112,2059
2024-10-09 11:45:00,2618.585,LONG,2617.0664285714283,2620.862857142857,1.5185714285714766,2073
2024-10-09 12:55:00,2618.765,LONG,2616.760714285714,2621.7714285714283,2.004285714285678,2087
2024-10-09 15:40:00,2614.275,SHORT,2617.011,2610.1710000000003,2.735999999999941,2120
2024-10-09 18:30:00,2607.535,SHORT,2609.226428571428,2604.997857142857,1.6914285714285597,2154
2024-10-09 19:15:00,2608.478,SHORT,2609.8798571428574,2606.3752142857143,1.4018571428571573,2163
2024-10-09 20:00:00,2608.748,SHORT,2609.717857142857,2607.2932142857144,0.969857142857076,2172
2024-10-09 22:30:00,2607.955,SHORT,2608.6997857142856,2606.8378214285713,0.7447857142856265,2190
2024-10-10 01:15:00,2610.015,LONG,2608.8205714285714,2611.806642857143,1.1944285714285539,2211
2024-10-10 02:00:00,2609.385,LONG,2607.6572142857144,2611.9766785714287,1.7277857142856712,2220
2024-10-10 04:00:00,2612.025,LONG,2610.7748571428574,2613.9002142857144,1.2501428571428537,2244
2024-10-10 05:40:00,2614.915,LONG,2613.916142857143,2616.413285714286,0.9988571428571049,2264
2024-10-10 06:20:00,2615.285,LONG,2614.0904285714287,2617.076857142857,1.194571428571375,2272
2024-10-10 06:45:00,2611.845,LONG,2610.460714285714,2613.9214285714284,1.3842857142856897,2277
2024-10-10 08:10:00,2615.985,LONG,2614.1828571428573,2618.6882142857144,1.802142857142891,2294
2024-10-10 10:30:00,2617.195,LONG,2616.087285714286,2618.8565714285714,1.1077142857143372,2322
2024-10-10 12:10:00,2613.958,SHORT,2615.454357142857,2611.7134642857145,1.4963571428571802,2342
2024-10-10 12:35:00,2617.734,SHORT,2621.1339285714284,2612.634107142857,3.3999285714285827,2347
2024-10-10 13:20:00,2619.744,LONG,2614.4137142857144,2627.7394285714286,5.3302857142857,2356
2024-10-10 14:55:00,2625.325,LONG,2622.1972857142855,2630.0165714285713,3.127714285714254,2375
2024-10-10 15:10:00,2624.588,LONG,2621.722071428572,2628.8868928571433,2.8659285714286074,2378
2024-10-10 15:20:00,2623.148,LONG,2620.4274285714287,2627.228857142857,2.7205714285714424,2380
2024-10-10 15:35:00,2621.345,LONG,2618.6922142857143,2625.3241785714285,2.652785714285723,2383
2024-10-10 16:10:00,2628.285,LONG,2625.9677857142856,2631.7608214285715,2.3172142857143365,2390
2024-10-10 17:45:00,2625.555,LONG,2623.348357142857,2628.864964285714,2.2066428571428593,2409
2024-10-10 18:30:00,2626.044,LONG,2624.3811428571425,2628.5382857142854,1.6628571428571572,2418
2024-10-10 22:30:00,2628.515,LONG,2627.6116428571427,2629.8700357142857,0.9033571428571706,2454
2024-10-11 00:30:00,2633.875,LONG,2632.422285714286,2636.0540714285717,1.4527142857142994,2478
2024-10-11 01:40:00,2635.735,LONG,2634.052857142857,2638.2582142857145,1.6821428571428052,2492
2024-10-11 05:35:00,2645.465,LONG,2644.6195000000002,2646.73325,0.8455000000000317,2539
2024-10-11 06:05:00,2644.965,LONG,2643.8575714285716,2646.626142857143,1.1074285714285648,2545
2024-10-11 11:25:00,2639.475,SHORT,2640.7805,2637.51675,1.3054999999999706,2609
2024-10-11 12:50:00,2642.645,LONG,2640.0245714285716,2646.5756428571426,2.62042857142855,2626
2024-10-11 13:10:00,2647.435,LONG,2644.5167142857144,2651.8124285714284,2.9182857142856653,2630
2024-10-11 14:20:00,2652.665,LONG,2649.4149285714284,2657.5401071428573,3.2500714285715406,2644
2024-10-11 16:55:00,2660.338,LONG,2658.7779285714287,2662.6781071428572,1.560071428571486,2675
2024-10-11 17:55:00,2659.374,LONG,2657.8371428571427,2661.6792857142855,1.536857142857181,2687
2024-10-11 18:55:00,2658.525,LONG,2657.4913571428574,2660.075464285714,1.033642857142825,2699
2024-10-11 19:25:00,2657.208,LONG,2656.2013571428574,2658.7179642857145,1.0066428571428463,2705
2024-10-11 19:35:00,2655.948,LONG,2654.892357142857,2657.5314642857143,1.0556428571428569,2707
2024-10-14 00:40:00,2646.365,SHORT,2647.573357142857,2644.5524642857144,1.2083571428570394,2756
2024-10-14 01:00:00,2643.598,SHORT,2644.9705714285715,2641.539142857143,1.3725714285713886,2760
2024-10-14 01:20:00,2645.525,SHORT,2646.955142857143,2643.379785714286,1.4301428571428525,2764
2024-10-14 01:45:00,2646.195,SHORT,2648.113714285714,2643.316928571429,1.918714285714259,2769
2024-10-14 05:50:00,2657.775,LONG,2656.5679285714286,2659.585607142857,1.207071428571388,2818
2024-10-14 08:00:00,2661.365,LONG,2659.631,2663.9659999999994,1.7339999999998912,2844
2024-10-14 08:20:00,2660.035,LONG,2658.31,2662.6224999999995,1.724999999999909,2848
2024-10-14 08:50:00,2659.805,LONG,2658.396714285714,2661.9174285714284,1.4082857142856742,2854
2024-10-14 09:15:00,2661.745,LONG,2660.3405,2663.85175,1.4045000000000007,2859
2024-10-14 10:00:00,2658.295,SHORT,2659.867142857143,2655.9367857142856,1.5721428571428728,2868
2024-10-14 15:35:00,2647.175,SHORT,2649.4715714285717,2643.730142857143,2.296571428571432,2935
2024-10-14 17:05:00,2648.165,SHORT,2649.3197857142854,2646.4328214285715,1.1547857142856108,2953
2024-10-14 17:40:00,2648.215,SHORT,2649.3247857142856,2646.550321428572,1.1097857142856031,2960
2024-10-14 18:55:00,2649.125,SHORT,2649.8352857142854,2648.0595714285714,0.7102857142856465,2975
2024-10-14 19:00:00,2650.728,LONG,2649.7685,2652.16725,0.959499999999967,2976
2024-10-14 19:20:00,2650.974,LONG,2649.869785714286,2652.6303214285717,1.1042142857143062,2980
2024-10-15 00:05:00,2649.215,SHORT,2649.902142857143,2648.184285714286,0.6871428571428494,3025
2024-10-15 00:35:00,2648.445,SHORT,2649.3598571428574,2647.0727142857145,0.9148571428571424,3031
2024-10-15 01:05:00,2648.055,SHORT,2649.2021428571425,2646.3342857142857,1.1471428571428532,3037
2024-10-15 01:55:00,2648.235,SHORT,2649.7963571428572,2645.8929642857147,1.5613571428570399,3047
2024-10-15 02:50:00,2651.205,LONG,2649.587,2653.632,1.6180000000000032,3058
2024-10-15 09:35:00,2654.008,LONG,2652.516357142857,2656.245464285714,1.4916428571428761,3139
2024-10-15 10:50:00,2653.435,LONG,2652.199857142857,2655.287714285714,1.2351428571428187,3154
2024-10-15 13:05:00,2646.945,SHORT,2649.3347142857147,2643.3604285714287,2.3897142857142626,3181
2024-10-15 13:30:00,2650.715,SHORT,2653.450928571429,2646.6111071428572,2.735928571428628,3186
2024-10-15 17:45:00,2663.725,LONG,2662.0262857142857,2666.2730714285713,1.6987142857142317,3237
2024-10-15 23:00:00,2661.788,SHORT,2662.304857142857,2661.012714285714,0.516857142857199,3288
2024-10-15 23:55:00,2660.345,SHORT,2660.877357142857,2659.546464285714,0.5323571428571086,3299
2024-10-16 01:05:00,2661.445,SHORT,2662.6585714285716,2659.624642857143,1.2135714285714454,3313
2024-10-16 01:25:00,2663.585,LONG,2662.055714285714,2665.878928571429,1.5292857142857363,3317
2024-10-16 01:35:00,2663.685,LONG,2661.8280714285715,2666.470392857143,1.8569285714285928,3319
2024-10-16 03:20:00,2666.065,LONG,2664.3519285714287,2668.634607142857,1.7130714285714086,3340
2024-10-16 07:25:00,2675.188,LONG,2673.205785714286,2678.1613214285717,1.9822142857142677,3389
2024-10-16 10:35:00,2674.625,LONG,2672.8900714285714,2677.227392857143,1.7349285714286193,3427
2024-10-16 12:20:00,2679.705,LONG,2678.054,2682.1814999999997,1.6509999999999374,3448
2024-10-16 12:35:00,2679.165,LONG,2677.3480714285715,2681.8903928571426,1.8169285714285317,3451
2024-10-16 13:30:00,2683.835,LONG,2681.4990000000003,2687.339,2.335999999999948,3462
2024-10-16 14:00:00,2676.418,LONG,2673.5130714285715,2680.775392857143,2.9049285714284645,3468
2024-10-16 14:45:00,2670.435,SHORT,2673.8829285714287,2665.2631071428573,3.4479285714285846,3477
2024-10-16 15:40:00,2672.325,SHORT,2675.142,2668.0995,2.8169999999999424,3488
2024-10-16 17:05:00,2674.285,SHORT,2676.280142857143,2671.2922857142858,1.995142857142842,3505
2024-10-16 18:45:00,2675.018,LONG,2674.150142857143,2676.319785714286,0.8678571428571493,3525
2024-10-16 19:55:00,2674.698,LONG,2673.7879285714284,2676.063107142857,0.9100714285715574,3539
2024-10-16 20:20:00,2673.778,SHORT,2674.4835,2672.7197499999997,0.7055000000000616,3544
2024-10-16 23:45:00,2673.945,SHORT,2674.3865,2673.2827500000003,0.4414999999999054,3573
2024-10-17 01:35:00,2679.485,LONG,2678.110785714286,2681.5463214285714,1.374214285714223,3595
2024-10-17 02:40:00,2681.035,LONG,2679.0595,2683.9982499999996,1.975500000000011,3608
2024-10-17 04:35:00,2677.685,SHORT,2679.038071428571,2675.655392857143,1.3530714285714112,3631
2024-10-17 05:05:00,2680.155,LONG,2678.9223571428574,2682.0039642857146,1.2326428571428616,3637
2024-10-17 06:35:00,2684.345,LONG,2682.590714285714,2686.9764285714286,1.7542857142857753,3655
2024-10-17 07:05:00,2681.185,LONG,2679.3290714285713,2683.9688928571427,1.8559285714286164,3661
2024-10-17 07:40:00,2682.195,LONG,2680.4082857142857,2684.8750714285716,1.7867142857142946,3668
2024-10-17 08:20:00,2682.555,LONG,2681.0182857142854,2684.8600714285712,1.5367142857142946,3676
2024-10-17 08:55:00,2681.654,LONG,2680.226,2683.7960000000003,1.4280000000000785,3683
2024-10-17 13:00:00,2679.425,SHORT,2682.2128571428575,2675.2432142857147,2.787857142857157,3732
2024-10-17 15:25:00,2693.074,LONG,2689.8922857142857,2697.8465714285717,3.181714285714276,3761
2024-10-17 18:10:00,2691.215,LONG,2689.569642857143,2693.683035714286,1.6453571428570675,3794
2024-10-17 18:40:00,2690.505,LONG,2689.1375000000003,2692.55625,1.3674999999999986,3800
2024-10-17 19:25:00,2692.485,LONG,2691.468428571429,2694.009857142857,1.0165714285714265,3809
2024-10-17 20:25:00,2691.978,LONG,2691.3723571428573,2692.8864642857143,0.6056428571428764,3821
2024-10-17 20:40:00,2691.428,LONG,2690.854214285714,2692.2886785714286,0.5737857142856748,3824
2024-10-17 22:25:00,2692.578,LONG,2691.888,2693.613,0.6899999999999571,3833
2024-10-18 01:00:00,2695.718,LONG,2694.5820714285715,2697.4218928571427,1.135928571428524,3864
2024-10-18 01:15:00,2697.865,LONG,2696.4421428571427,2699.9992857142856,1.4228571428571155,3867
2024-10-18 07:35:00,2703.605,SHORT,2705.711714285714,2700.4449285714286,2.1067142857143284,3943
2024-10-18 10:35:00,2709.545,LONG,2708.1285714285714,2711.6696428571427,1.4164285714285012,3979
2024-10-18 11:10:00,2712.105,LONG,2710.5207142857143,2714.4814285714288,1.5842857142857352,3986
2024-10-18 12:15:00,2712.108,LONG,2710.410142857143,2714.654785714286,1.697857142857109,3999
2024-10-18 13:50:00,2714.545,LONG,2711.6015,2718.96025,2.9434999999999882,4018
2024-10-18 15:05:00,2718.008,LONG,2715.495,2721.7774999999997,2.513000000000017,4033
2024-10-18 15:40:00,2714.405,LONG,2712.1565,2717.77775,2.248499999999954,4040
2024-10-18 19:15:00,2719.785,LONG,2718.4850714285712,2721.7348928571428,1.2999285714285438,4083
2024-10-18 19:40:00,2719.775,LONG,2718.4818571428573,2721.7147142857143,1.2931428571429413,4088
2024-10-18 20:00:00,2720.038,LONG,2718.759285714286,2721.9560714285717,1.2787142857143539,4092
2024-10-21 00:20:00,2723.745,LONG,2722.5852142857143,2725.4846785714285,1.15978571428572,4132
2024-10-21 02:00:00,2728.274,LONG,2726.026,2731.6459999999997,2.2479999999998848,4152
2024-10-21 02:45:00,2727.265,LONG,2725.4012857142857,2730.060571428571,1.8637142857142603,4161
2024-10-21 04:55:00,2730.244,LONG,2729.5075714285717,2731.348642857143,0.7364285714285675,4187
2024-10-21 12:05:00,2733.495,LONG,2731.881,2735.916,1.6140000000000327,4273
2024-10-21 12:20:00,2737.205,LONG,2735.384071428571,2739.936392857143,1.820928571428632,4276
2024-10-21 13:05:00,2739.095,LONG,2736.6859999999997,2742.7084999999997,2.4090000000000407,4285
2024-10-21 13:15:00,2737.915,LONG,2735.3339285714283,2741.786607142857,2.5810714285714766,4287
2024-10-21 13:30:00,2738.035,LONG,2735.284642857143,2742.1605357142857,2.750357142857183,4290
2024-10-21 19:35:00,2718.598,SHORT,2720.499,2715.7465,1.9009999999999698,4363
2024-10-21 19:55:00,2719.764,SHORT,2721.753,2716.7805000000003,1.9889999999999353,4367
2024-10-22 00:05:00,2723.095,LONG,2722.294357142857,2724.295964285714,0.8006428571428776,4405
2024-10-22 05:25:00,2733.975,LONG,2732.914142857143,2735.5662857142856,1.060857142857133,4469
2024-10-22 07:00:00,2735.365,LONG,2733.6522857142854,2737.9340714285713,1.7127142857142255,4488
2024-10-22 07:25:00,2733.915,LONG,2732.512357142857,2736.0189642857144,1.4026428571428693,4493
2024-10-22 08:05:00,2733.665,LONG,2732.3414285714284,2735.650357142857,1.323571428571508,4501
2024-10-22 08:10:00,2733.865,LONG,2732.483571428571,2735.9371428571426,1.3814285714286467,4502
2024-10-22 09:05:00,2735.415,LONG,2733.799,2737.839,1.6159999999999854,4513
2024-10-22 09:50:00,2730.295,SHORT,2731.6045714285715,2728.3306428571427,1.309571428571449,4522
2024-10-22 12:35:00,2736.015,LONG,2733.7094285714284,2739.473357142857,2.3055714285713487,4555
2024-10-22 14:35:00,2739.195,LONG,2736.1615714285717,2743.745142857143,3.033428571428593,4579
2024-10-22 16:10:00,2739.158,LONG,2736.9924285714287,2742.406357142857,2.165571428571411,4598
2024-10-22 18:40:00,2745.115,LONG,2743.735214285714,2747.1846785714283,1.3797857142857797,4628
2024-10-22 19:00:00,2744.928,LONG,2743.6749285714286,2746.8076071428573,1.253071428571437,4632
2024-10-22 19:35:00,2745.758,LONG,2744.5989285714286,2747.496607142857,1.1590714285714512,4639
2024-10-22 20:40:00,2747.915,LONG,2746.830785714286,2749.5413214285713,1.084214285714227,4652
2024-10-22 22:15:00,2747.308,LONG,2746.4775714285715,2748.5536428571427,0.830428571428521,4659
2024-10-22 23:50:00,2746.755,LONG,2746.230428571429,2747.541857142857,0.5245714285713348,4678
2024-10-23 06:50:00,2749.945,LONG,2748.4717142857144,2752.1549285714286,1.4732857142857614,4762
2024-10-23 07:20:00,2752.425,LONG,2750.9162142857144,2754.6881785714286,1.508785714285685,4768
2024-10-23 09:25:00,2752.455,LONG,2751.0094285714285,2754.623357142857,1.4455714285713839,4793
2024-10-23 10:35:00,2751.365,SHORT,2752.8834285714283,2749.087357142857,1.518428571428623,4807
2024-10-23 11:15:00,2751.385,SHORT,2752.6681428571433,2749.460285714286,1.283142857142918,4815
2024-10-23 11:35:00,2751.595,SHORT,2752.963857142857,2749.541714285714,1.368857142857158,4819
2024-10-23 11:55:00,2749.785,SHORT,2751.3942857142856,2747.371071428571,1.609285714285696,4823
2024-10-23 16:00:00,2720.325,SHORT,2723.8799999999997,2714.9925,3.5549999999999664,4872
2024-10-23 19:25:00,2714.875,SHORT,2716.4532142857142,2712.5076785714286,1.5782142857142714,4913
2024-10-23 19:35:00,2716.525,SHORT,2718.177285714286,2714.0465714285715,1.6522857142856862,4915
2024-10-24 00:25:00,2719.035,LONG,2717.9299285714283,2720.692607142857,1.1050714285714938,4961
2024-10-24 01:00:00,2722.025,LONG,2720.6207142857143,2724.131428571429,1.4042857142857363,4968
2024-10-24 02:05:00,2724.085,LONG,2722.1919285714284,2726.924607142857,1.8930714285713748,4981
2024-10-24 02:25:00,2722.085,LONG,2720.2942142857146,2724.7711785714287,1.7907857142856431,4985
2024-10-24 02:45:00,2723.145,LONG,2721.215642857143,2726.0390357142855,1.929357142857043,4989
2024-10-24 08:05:00,2734.485,LONG,2732.8393571428574,2736.9534642857143,1.6456428571428074,5053
2024-10-24 10:10:00,2737.265,LONG,2736.1648571428573,2738.9152142857142,1.1001428571427954,5078
2024-10-24 11:00:00,2737.635,LONG,2736.608642857143,2739.174535714286,1.0263571428570881,5088
2024-10-24 11:05:00,2737.745,LONG,2736.679142857143,2739.3437857142853,1.0658571428570798,5089
2024-10-24 11:25:00,2735.835,LONG,2734.639857142857,2737.6277142857143,1.1951428571427576,5093
2024-10-24 12:20:00,2738.205,LONG,2736.5505,2740.68675,1.654499999999936,5104
2024-10-24 12:35:00,2739.385,LONG,2737.449785714286,2742.2878214285715,1.9352142857142423,5107
2024-10-24 15:00:00,2732.008,SHORT,2735.622714285714,2726.585928571428,3.614714285714269,5136
2024-10-24 16:50:00,2733.534,SHORT,2735.821142857143,2730.103285714286,2.287142857142856,5158
2024-10-24 18:45:00,2735.905,LONG,2734.5975000000003,2737.86625,1.3074999999999883,5181
2024-10-24 19:20:00,2734.095,LONG,2733.013571428571,2735.717142857143,1.0814285714285623,5188
2024-10-24 19:55:00,2736.898,LONG,2735.8488571428575,2738.4717142857144,1.0491428571428645,5195
2024-10-24 20:25:00,2735.928,LONG,2735.0790714285713,2737.2013928571428,0.8489285714285545,5201
2024-10-24 20:35:00,2736.028,LONG,2735.185,2737.2924999999996,0.8429999999999771,5203
2024-10-24 23:15:00,2735.038,LONG,2734.6710714285714,2735.588392857143,0.3669285714285512,5223
2024-10-24 23:35:00,2735.035,LONG,2734.6646428571426,2735.5905357142856,0.37035714285710647,5227
2024-10-24 23:40:00,2734.578,SHORT,2734.9667142857143,2733.9949285714288,0.38871428571425376,5228
2024-10-24 23:55:00,2733.688,SHORT,2734.139357142857,2733.0109642857146,0.45135714285710754,5231
2024-10-25 00:10:00,2734.005,SHORT,2734.520642857143,2733.2315357142857,0.5156428571428283,5234
2024-10-25 01:35:00,2732.968,SHORT,2734.3427857142856,2730.905821428571,1.374785714285768,5251
2024-10-25 01:45:00,2730.595,SHORT,2732.1297857142854,2728.292821428571,1.5347857142857524,5253
2024-10-25 04:10:00,2726.055,SHORT,2727.2341428571426,2724.2862857142854,1.179142857142811,5282
2024-10-25 06:00:00,2727.925,SHORT,2729.398785714286,2725.7143214285716,1.4737857142857658,5304
2024-10-25 07:25:00,2729.365,LONG,2727.711214285714,2731.8456785714284,1.653785714285667,5321
2024-10-25 10:00:00,2720.618,SHORT,2722.1225714285715,2718.361142857143,1.5045714285713854,5352
2024-10-25 12:00:00,2726.675,LONG,2724.8645714285717,2729.390642857143,1.8104285714286692,5376
2024-10-25 12:15:00,2726.245,LONG,2724.322857142857,2729.1282142857144,1.9221428571428791,5379
2024-10-25 13:45:00,2730.075,LONG,2727.5846428571426,2733.8105357142854,2.49035714285716,5397
2024-10-25 16:00:00,2737.948,LONG,2736.166857142857,2740.619714285714,1.7811428571428027,5424
2024-10-25 16:50:00,2738.275,LONG,2736.440285714286,2741.0270714285716,1.8347142857143288,5434
2024-10-25 19:10:00,2741.258,LONG,2739.9504285714283,2743.219357142857,1.3075714285713989,5462
2024-10-25 20:00:00,2743.395,LONG,2742.1067857142857,2745.3273214285714,1.2882142857142753,5472
2024-10-25 20:35:00,2745.385,LONG,2744.176785714286,2747.1973214285717,1.2082142857143157,5479
2024-10-27 23:10:00,2735.585,SHORT,2737.7930714285717,2732.272892857143,2.2080714285714618,5498
2024-10-27 23:50:00,2736.215,SHORT,2737.907571428572,2733.676142857143,1.6925714285715199,5506
2024-10-28 00:05:00,2733.585,SHORT,2735.339,2730.954,1.7540000000000353,5509
2024-10-28 02:10:00,2731.835,SHORT,2734.042857142857,2728.5232142857144,2.2078571428571,5534
2024-10-28 02:30:00,2733.135,SHORT,2734.9325714285715,2730.4386428571433,1.7975714285713755,5538
2024-10-28 02:50:00,2734.075,SHORT,2735.681357142857,2731.6654642857143,1.6063571428570802,5542
2024-10-28 03:25:00,2732.825,SHORT,2734.3256428571426,2730.5740357142854,1.5006428571428583,5549
2024-10-28 04:35:00,2730.518,SHORT,2731.688285714286,2728.7625714285714,1.1702857142857153,5563
2024-10-28 07:30:00,2738.075,LONG,2736.0564285714286,2741.102857142857,2.018571428571412,5598
2024-10-28 08:05:00,2738.765,LONG,2736.723571428571,2741.827142857143,2.041428571428566,5605
2024-10-28 11:00:00,2730.645,SHORT,2732.3952142857142,2728.0196785714284,1.7502142857142968,5640
2024-10-28 11:30:00,2731.155,SHORT,2732.672428571429,2728.878857142857,1.5174285714285816,5646
2024-10-28 12:45:00,2732.925,SHORT,2734.568642857143,2730.459535714286,1.6436428571428223,5661
2024-10-28 13:00:00,2734.945,LONG,2733.0935000000004,2737.7222500000003,1.8514999999999548,5664
2024-10-28 15:20:00,2742.545,LONG,2740.396142857143,2745.768285714286,2.1488571428570986,5692
2024-10-28 15:40:00,2740.755,LONG,2738.7657142857142,2743.7389285714285,1.9892857142857079,5696
2024-10-28 17:15:00,2741.828,LONG,2740.4775714285715,2743.853642857143,1.3504285714286328,5715
2024-10-28 18:45:00,2741.878,LONG,2740.9622142857143,2743.251678571429,0.9157857142857405,5733
2024-10-28 20:45:00,2742.615,LONG,2741.9765714285713,2743.5726428571425,0.6384285714285787,5757
2024-10-28 22:35:00,2741.535,SHORT,2742.2859285714285,2740.408607142857,0.7509285714285981,5767
2024-10-28 23:15:00,2741.965,SHORT,2742.6152142857145,2740.9896785714286,0.6502142857142255,5775
2024-10-29 00:00:00,2744.795,LONG,2744.000285714286,2745.9870714285717,0.7947142857142353,5784
2024-10-29 02:50:00,2752.208,LONG,2750.344642857143,2755.003035714286,1.8633571428571745,5818
2024-10-29 03:20:00,2749.685,LONG,2748.015,2752.19,1.6700000000000403,5824
2024-10-29 04:00:00,2753.215,LONG,2751.7247857142856,2755.4503214285714,1.4902142857142735,5832
2024-10-29 06:30:00,2753.515,LONG,2751.7626428571425,2756.1435357142855,1.7523571428571683,5862
2024-10-29 06:45:00,2755.855,LONG,2754.1797857142856,2758.3678214285715,1.6752142857143164,5865
2024-10-29 08:05:00,2751.695,LONG,2750.3874285714287,2753.6563571428574,1.3075714285713664,5881
2024-10-29 10:55:00,2749.838,SHORT,2751.3385000000003,2747.58725,1.500499999999972,5915
2024-10-29 11:40:00,2750.295,SHORT,2751.7047857142857,2748.1803214285715,1.4097857142856876,5924
2024-10-29 12:30:00,2750.768,SHORT,2752.5439285714288,2748.104107142857,1.7759285714285917,5934
2024-10-29 15:55:00,2764.165,LONG,2761.685214285714,2767.8846785714286,2.4797857142857214,5975
2024-10-29 16:10:00,2768.135,LONG,2765.756642857143,2771.7025357142857,2.378357142857112,5978
2024-10-29 18:10:00,2769.135,LONG,2767.4680714285714,2771.635392857143,1.666928571428603,6002
2024-10-29 19:40:00,2772.335,LONG,2771.3227142857145,2773.8534285714286,1.0122857142856512,6020
2024-10-29 20:50:00,2773.885,LONG,2773.1453571428574,2774.9944642857145,0.7396428571427934,6034
2024-10-29 23:30:00,2773.625,LONG,2772.9982142857143,2774.5651785714285,0.6267857142857208,6054
2024-10-29 23:55:00,2774.885,LONG,2774.2932142857144,2775.772678571429,0.5917857142857689,6059
2024-10-30 01:30:00,2778.935,LONG,2777.427357142857,2781.1964642857142,1.5076428571427576,6078
2024-10-30 02:35:00,2778.145,LONG,2776.47,2780.6575,1.674999999999987,6091
2024-10-30 02:55:00,2780.365,LONG,2778.804357142857,2782.705964285714,1.5606428571428361,6095
2024-10-30 05:10:00,2778.975,LONG,2778.153714285714,2780.2069285714288,0.8212857142857827,6122
2024-10-30 05:20:00,2780.335,LONG,2779.468857142857,2781.6342142857143,0.8661428571429042,6124
2024-10-30 07:50:00,2782.145,LONG,2780.7137857142857,2784.2918214285714,1.4312142857143044,6154
2024-10-30 09:20:00,2781.435,SHORT,2782.9303571428572,2779.191964285714,1.495357142857139,6172
2024-10-30 09:35:00,2782.075,SHORT,2783.595571428571,2779.7941428571426,1.5205714285714294,6175
2024-10-30 10:00:00,2784.805,LONG,2783.472357142857,2786.8039642857143,1.3326428571428681,6180
2024-10-30 12:40:00,2780.795,SHORT,2782.9365714285714,2777.582642857143,2.1415714285714267,6212
2024-10-30 14:05:00,2776.908,SHORT,2780.7527857142854,2771.1408214285716,3.8447857142856656,6229
2024-10-30 15:00:00,2776.858,SHORT,2779.9440000000004,2772.2290000000003,3.0860000000000127,6240
2024-10-30 17:05:00,2785.658,LONG,2783.9871428571428,2788.1642857142856,1.6708571428571628,6265
2024-10-30 18:20:00,2788.868,LONG,2787.581357142857,2790.7979642857144,1.2866428571428514,6280
2024-10-30 18:35:00,2788.175,LONG,2786.997142857143,2789.9417857142857,1.1778571428571598,6283
2024-10-30 22:50:00,2787.285,LONG,2786.374,2788.6515,0.9109999999999933,6322
2024-10-31 00:40:00,2787.565,LONG,2786.6240714285714,2788.976392857143,0.9409285714284904,6344
2024-10-31 01:20:00,2788.815,LONG,2787.514357142857,2790.7659642857143,1.3006428571428452,6352
2024-10-31 04:55:00,2784.315,SHORT,2785.343785714286,2782.7718214285715,1.028785714285732,6395
2024-10-31 06:00:00,2784.365,SHORT,2785.7510714285713,2782.2858928571427,1.3860714285714104,6408
2024-10-31 06:20:00,2785.175,SHORT,2786.6182142857147,2783.0101785714287,1.4432142857142805,6412
2024-10-31 06:50:00,2782.715,SHORT,2784.1115,2780.62025,1.39650000000006,6418
2024-10-31 07:50:00,2781.875,SHORT,2783.738142857143,2779.0802857142858,1.8631428571428776,6430
2024-10-31 16:45:00,2739.275,SHORT,2741.5567142857144,2735.852428571429,2.281714285714283,6537
2024-10-31 17:40:00,2740.108,SHORT,2742.0186428571433,2737.242035714286,1.9106428571429075,6548
2024-10-31 18:15:00,2741.215,SHORT,2742.8412857142857,2738.7755714285713,1.6262857142857814,6555
2024-10-31 18:40:00,2744.705,SHORT,2746.3894999999998,2742.17825,1.6845000000000385,6560
2024-10-31 22:30:00,2745.705,SHORT,2746.8729285714285,2743.953107142857,1.1679285714285794,6594
2024-10-31 23:55:00,2746.545,LONG,2745.8469285714286,2747.5921071428575,0.6980714285714384,6611
2024-11-01 00:00:00,2747.005,LONG,2746.2305,2748.1667500000003,0.7745000000000216,6612
2024-11-01 00:45:00,2746.665,LONG,2745.671214285714,2748.1556785714283,0.9937857142856826,6621
2024-11-01 01:40:00,2746.605,LONG,2745.2454285714284,2748.644357142857,1.3595714285713711,6632
2024-11-01 01:50:00,2749.115,LONG,2747.624714285714,2751.3504285714284,1.4902857142856842,6634
2024-11-01 02:20:00,2747.705,LONG,2746.0911428571426,2750.1257857142855,1.613857142857179,6640
2024-11-01 02:35:00,2747.375,LONG,2745.6537857142857,2749.9568214285714,1.721214285714333,6643
2024-11-01 05:30:00,2752.414,LONG,2751.668571428572,2753.532142857143,0.7454285714285496,6678
2024-11-01 06:45:00,2753.075,LONG,2751.378357142857,2755.619964285714,1.6966428571428358,6693
2024-11-01 07:00:00,2752.575,LONG,2750.8092857142856,2755.223571428571,1.765714285714304,6696
2024-11-01 08:40:00,2754.655,LONG,2752.9952857142857,2757.1445714285715,1.6597142857142768,6716
2024-11-01 09:10:00,2754.985,LONG,2753.271928571429,2757.554607142857,1.713071428571441,6722
2024-11-01 09:40:00,2750.995,LONG,2748.9775,2754.02125,2.017499999999992,6728
2024-11-01 12:05:00,2753.135,LONG,2751.5257142857145,2755.548928571429,1.6092857142856636,6757
2024-11-01 13:00:00,2759.754,LONG,2755.9232857142856,2765.5000714285716,3.830714285714326,6768
2024-11-01 14:25:00,2751.655,LONG,2748.0980000000004,2756.9905000000003,3.556999999999984,6785
2024-11-01 15:30:00,2748.215,SHORT,2751.896357142857,2742.6929642857144,3.6813571428571583,6798
2024-11-03 23:00:00,2731.945,SHORT,2733.531785714286,2729.5648214285716,1.5867857142857247,6864
2024-11-04 00:20:00,2738.805,LONG,2737.247857142857,2741.1407142857142,1.5571428571428376,6880
2024-11-04 01:15:00,2737.995,LONG,2736.416214285714,2740.3631785714283,1.578785714285719,6891
2024-11-04 02:35:00,2738.125,LONG,2736.5021428571426,2740.559285714286,1.622857142857226,6907
2024-11-04 03:00:00,2740.015,LONG,2738.6374285714282,2742.081357142857,1.3775714285715301,6912
2024-11-04 04:00:00,2741.115,LONG,2739.906071428571,2742.9283928571426,1.2089285714286169,6924
2024-11-04 04:30:00,2740.955,LONG,2739.9019285714285,2742.534607142857,1.0530714285714242,6930
2024-11-04 05:05:00,2741.715,LONG,2740.752142857143,2743.159285714286,0.9628571428570792,6937
2024-11-04 07:00:00,2740.745,SHORT,2742.4524285714283,2738.183857142857,1.7074285714285387,6960
2024-11-04 08:55:00,2733.225,SHORT,2735.123285714286,2730.377571428571,1.8982857142857483,6983
2024-11-04 10:35:00,2742.025,LONG,2740.142142857143,2744.8492857142855,1.8828571428571195,7003
2024-11-04 11:45:00,2740.375,LONG,2738.5105714285714,2743.171642857143,1.8644285714286266,7017
2024-11-04 14:40:00,2745.305,LONG,2742.888071428571,2748.9303928571426,2.416928571428603,7052
2024-11-04 17:30:00,2736.065,SHORT,2737.951,2733.236,1.8859999999999673,7086
2024-11-04 18:00:00,2737.245,SHORT,2738.9387857142856,2734.7043214285713,1.693785714285728,7092
2024-11-04 19:15:00,2737.575,SHORT,2738.9594285714284,2735.498357142857,1.3844285714285758,7107
2024-11-04 19:40:00,2738.668,SHORT,2739.785142857143,2736.992285714286,1.1171428571428155,7112
2024-11-04 21:00:00,2737.188,SHORT,2738.1310714285714,2735.7733928571433,0.9430714285713293,7128
2024-11-04 23:20:00,2736.535,SHORT,2737.159857142857,2735.597714285714,0.6248571428571787,7144
2024-11-05 00:50:00,2735.715,SHORT,2736.6214285714286,2734.3553571428574,0.9064285714285104,7162
2024-11-05 01:50:00,2732.985,SHORT,2734.4959285714285,2730.7186071428573,1.5109285714285892,7174
2024-11-05 02:30:00,2730.435,SHORT,2732.2615,2727.69525,1.8264999999999287,7182
2024-11-05 05:05:00,2734.325,LONG,2733.271142857143,2735.9057857142857,1.0538571428571035,7213
2024-11-05 07:55:00,2736.305,LONG,2734.833642857143,2738.5120357142855,1.4713571428571544,7247
2024-11-05 08:45:00,2739.655,LONG,2737.746285714286,2742.5180714285716,1.9087142857143005,7257
2024-11-05 10:55:00,2737.725,LONG,2736.130714285714,2740.1164285714285,1.594285714285726,7283
2024-11-05 11:25:00,2740.885,LONG,2739.276928571429,2743.2971071428574,1.6080714285714879,7289
2024-11-05 12:40:00,2739.555,LONG,2738.12,2741.7074999999995,1.434999999999913,7304
2024-11-05 14:50:00,2744.535,LONG,2742.1387142857143,2748.1294285714284,2.396285714285731,7330
2024-11-05 16:25:00,2737.805,SHORT,2740.277857142857,2734.095714285714,2.4728571428571677,7349
2024-11-05 18:25:00,2740.465,LONG,2739.054285714286,2742.5810714285717,1.4107142857143182,7373
2024-11-05 21:05:00,2743.305,LONG,2742.3856428571426,2744.6840357142855,0.9193571428571171,7405
2024-11-05 23:05:00,2743.245,LONG,2742.5440714285714,2744.2963928571426,0.7009285714285137,7417
2024-11-05 23:15:00,2743.315,LONG,2742.5962142857143,2744.3931785714285,0.7187857142856566,7419
2024-11-05 23:50:00,2745.295,LONG,2744.369785714286,2746.6828214285715,0.9252142857142189,7426
2024-11-06 05:25:00,2739.445,SHORT,2741.7965000000004,2735.91775,2.351500000000052,7493
2024-11-06 07:35:00,2725.895,SHORT,2733.4556428571427,2714.554035714286,7.560642857142836,7519
2024-11-06 08:20:00,2730.648,SHORT,2735.783785714286,2722.9443214285716,5.135785714285638,7528
2024-11-06 09:20:00,2720.345,SHORT,2724.1271428571426,2714.6717857142858,3.7821428571428117,7540
2024-11-06 10:05:00,2723.415,SHORT,2726.9622142857143,2718.0941785714285,3.547214285714225,7549
2024-11-06 10:35:00,2723.475,SHORT,2726.4385714285713,2719.029642857143,2.9635714285714454,7555
2024-11-06 16:00:00,2673.595,SHORT,2677.923571428571,2667.1021428571426,4.328571428571357,7620
2024-11-06 16:50:00,2666.325,SHORT,2669.6049999999996,2661.4049999999997,3.2799999999999403,7630
2024-11-06 23:50:00,2662.465,SHORT,2663.6650000000004,2660.665,1.200000000000078,7702
2024-11-07 02:25:00,2653.585,SHORT,2656.8134285714286,2648.742357142857,3.228428571428562,7733
2024-11-07 03:05:00,2656.275,SHORT,2659.0552142857146,2652.104678571429,2.7802142857142695,7741
2024-11-07 04:55:00,2654.455,SHORT,2655.868857142857,2652.3342142857146,1.4138571428570685,7763
2024-11-07 05:40:00,2657.265,SHORT,2658.8597142857143,2654.8729285714285,1.5947142857143521,7772
2024-11-07 06:35:00,2655.435,SHORT,2657.5169285714283,2652.3121071428573,2.0819285714285343,7783
2024-11-07 08:15:00,2665.945,LONG,2663.6325,2669.41375,2.3125000000000324,7803
2024-11-07 10:05:00,2663.215,LONG,2660.9514285714286,2666.610357142857,2.2635714285714323,7825
2024-11-07 11:05:00,2665.115,LONG,2663.008571428571,2668.2746428571427,2.1064285714285558,7837
2024-11-07 19:10:00,2692.755,LONG,2690.3678571428572,2696.3357142857144,2.3871428571427975,7934
2024-11-07 19:55:00,2694.175,LONG,2690.4605,2699.7467500000002,3.714499999999979,7943
2024-11-07 23:55:00,2706.785,LONG,2705.4881428571425,2708.7302857142854,1.2968571428571718,7979
2024-11-08 02:40:00,2696.765,SHORT,2699.0957857142857,2693.2688214285713,2.3307857142857364,8012
2024-11-08 03:30:00,2694.798,SHORT,2696.6161428571427,2692.0707857142856,1.81814285714287,8022
2024-11-08 06:15:00,2689.705,SHORT,2691.2769285714285,2687.347107142857,1.5719285714285758,8055
2024-11-08 08:00:00,2685.135,SHORT,2687.3530714285716,2681.807892857143,2.2180714285713554,8076
2024-11-08 09:05:00,2688.868,SHORT,2691.8906428571427,2684.3340357142856,3.022642857142825,8089
2024-11-08 11:00:00,2688.305,SHORT,2690.141214285714,2685.5506785714283,1.8362142857142447,8112
2024-11-08 12:05:00,2690.265,LONG,2688.5052142857144,2692.9046785714286,1.759785714285694,8125
2024-11-08 12:25:00,2688.395,LONG,2686.4335714285717,2691.3371428571427,1.9614285714285091,8129
2024-11-08 13:05:00,2689.765,LONG,2687.8442142857143,2692.646178571428,1.9207857142856224,8137
2024-11-08 13:40:00,2694.675,LONG,2692.2224285714287,2698.353857142857,2.452571428571381,8144
2024-11-08 14:45:00,2691.255,LONG,2687.538285714286,2696.8300714285715,3.7167142857142608,8157
2024-11-08 15:35:00,2689.845,SHORT,2693.590214285714,2684.2271785714283,3.7452142857142854,8167
2024-11-08 16:50:00,2687.144,SHORT,2689.3172857142854,2683.884071428571,2.173285714285742,8182
2024-11-08 17:35:00,2686.135,SHORT,2688.5185,2682.5597500000003,2.3834999999999775,8191
2024-11-08 19:40:00,2685.485,SHORT,2686.7557142857145,2683.5789285714286,1.2707142857143157,8216
2024-11-08 20:00:00,2686.375,SHORT,2687.587357142857,2684.5564642857144,1.2123571428571398,8220
2024-11-11 00:10:00,2683.325,SHORT,2684.4854285714287,2681.584357142857,1.1604285714286757,8258
2024-11-11 00:40:00,2683.715,SHORT,2684.766642857143,2682.137535714286,1.051642857142854,8264
2024-11-11 04:00:00,2669.608,SHORT,2670.9823571428574,2667.5464642857146,1.3743571428571417,8304
2024-11-11 05:20:00,2669.235,SHORT,2670.9258571428572,2666.6987142857142,1.6908571428571773,8320
2024-11-11 05:50:00,2669.765,SHORT,2671.7737857142856,2666.7518214285715,2.008785714285653,8326
2024-11-11 06:20:00,2672.645,SHORT,2674.599714285714,2669.7129285714286,1.9547142857142197,8332
2024-11-11 07:30:00,2670.625,SHORT,2672.268642857143,2668.1595357142855,1.6436428571428874,8346
2024-11-11 07:40:00,2671.085,SHORT,2672.7350714285717,2668.6098928571428,1.650071428571469,8348
2024-11-11 08:15:00,2670.315,SHORT,2671.9088571428574,2667.9242142857142,1.5938571428571973,8355
2024-11-11 08:30:00,2667.745,SHORT,2669.439785714286,2665.202821428571,1.6947857142857694,8358
2024-11-11 08:50:00,2668.855,SHORT,2670.637142857143,2666.1817857142855,1.7821428571428766,8362
2024-11-11 09:00:00,2669.125,SHORT,2670.948785714286,2666.3893214285713,1.8237857142857397,8364
2024-11-11 10:40:00,2668.325,SHORT,2670.321357142857,2665.3304642857142,1.9963571428571154,8384
2024-11-11 11:35:00,2665.245,SHORT,2667.657642857143,2661.6260357142855,2.4126428571428926,8395
2024-11-11 12:00:00,2660.235,SHORT,2662.7457142857143,2656.4689285714285,2.5107142857142923,8400
2024-11-11 17:45:00,2613.395,SHORT,2615.2514285714287,2610.610357142857,1.8564285714285558,8469
2024-11-11 19:05:00,2618.848,SHORT,2620.496142857143,2616.3757857142855,1.6481428571428947,8485
2024-11-12 00:25:00,2623.645,LONG,2622.7064285714287,2625.052857142857,0.9385714285714195,8537
2024-11-12 02:30:00,2625.135,LONG,2622.8347857142858,2628.5853214285717,2.3002142857142838,8562
2024-11-12 02:50:00,2622.428,LONG,2620.265,2625.6724999999997,2.163000000000011,8566
2024-11-12 03:45:00,2619.775,SHORT,2621.1415714285713,2617.725142857143,1.366571428571433,8577
2024-11-12 07:20:00,2600.115,SHORT,2602.9772857142857,2595.821571428571,2.8622857142857225,8620
2024-11-12 07:55:00,2598.125,SHORT,2601.8393571428574,2592.553464285714,3.714357142857222,8627
2024-11-12 08:20:00,2601.755,SHORT,2606.1437142857144,2595.1719285714285,4.388714285714319,8632
2024-11-12 10:15:00,2590.865,SHORT,2593.7420714285713,2586.5493928571427,2.877071428571331,8655
2024-11-12 11:05:00,2595.895,SHORT,2598.9022857142854,2591.3840714285716,3.0072857142856395,8665
2024-11-12 13:50:00,2609.305,LONG,2605.5589999999997,2614.924,3.7460000000000298,8698
2024-11-12 16:20:00,2599.525,SHORT,2603.055642857143,2594.2290357142856,3.530642857142896,8728
2024-11-12 17:55:00,2597.368,SHORT,2599.7161428571426,2593.8457857142857,2.3481428571428427,8747
2024-11-12 18:20:00,2599.325,SHORT,2601.3481428571426,2596.2902857142853,2.0231428571428296,8752
2024-11-12 18:30:00,2597.404,SHORT,2599.5029285714286,2594.255607142857,2.0989285714285546,8754
2024-11-12 19:25:00,2599.835,SHORT,2601.5369285714287,2597.282107142857,1.70192857142862,8765
2024-11-12 20:25:00,2598.064,SHORT,2599.4502857142857,2595.984571428571,1.3862857142857072,8777
2024-11-12 23:30:00,2598.095,SHORT,2598.847142857143,2596.9667857142854,0.7521428571428714,8802
2024-11-12 23:55:00,2598.775,SHORT,2599.4700000000003,2597.7325,0.6950000000000338,8807
2024-11-13 00:20:00,2598.608,SHORT,2599.345357142857,2597.5019642857146,0.7373571428571657,8812
2024-11-13 01:00:00,2601.685,LONG,2600.703785714286,2603.156821428571,0.981214285714259,8820
2024-11-13 02:30:00,2607.345,LONG,2605.356214285714,2610.3281785714285,1.9887857142857033,8838
2024-11-13 04:10:00,2610.195,LONG,2608.477642857143,2612.771035714286,1.7173571428571515,8858
2024-11-13 06:25:00,2605.715,SHORT,2607.3590000000004,2603.2490000000003,1.6440000000000379,8885
2024-11-13 09:50:00,2610.285,LONG,2608.420714285714,2613.081428571428,1.8642857142857079,8926
2024-11-13 10:20:00,2608.975,LONG,2607.213357142857,2611.617464285714,1.7616428571428255,8932
2024-11-13 11:05:00,2611.088,LONG,2609.4842142857146,2613.493678571429,1.6037857142857124,8941
2024-11-13 11:40:00,2608.285,LONG,2606.5895714285716,2610.8281428571427,1.6954285714284651,8948
2024-11-13 12:30:00,2611.154,LONG,2609.6255714285717,2613.4466428571427,1.528428571428419,8958
2024-11-13 13:15:00,2609.195,LONG,2607.6304285714286,2611.541857142857,1.5645714285714283,8967
2024-11-13 14:05:00,2613.375,LONG,2609.9405,2618.52675,3.434500000000006,8977
2024-11-13 16:00:00,2603.255,SHORT,2607.0532857142857,2597.5575714285715,3.798285714285709,9000
2024-11-13 20:00:00,2575.875,SHORT,2577.6055714285712,2573.2791428571427,1.7305714285714007,9048
2024-11-13 23:30:00,2572.765,SHORT,2574.9679285714283,2569.460607142857,2.2029285714285964,9078
2024-11-13 23:40:00,2572.165,SHORT,2574.8665,2568.11275,2.7014999999999936,9080
2024-11-14 01:15:00,2566.905,SHORT,2569.126071428572,2563.573392857143,2.2210714285714794,9099
2024-11-14 03:15:00,2563.175,SHORT,2564.9355,2560.53425,1.7605000000000603,9123
2024-11-14 05:00:00,2563.575,SHORT,2564.9921428571424,2561.4492857142855,1.4171428571428026,9144
2024-11-14 06:05:00,2558.225,SHORT,2560.0692857142853,2555.4585714285713,1.8442857142856286,9157
2024-11-14 07:05:00,2554.315,SHORT,2556.430428571429,2551.141857142857,2.115428571428668,9169
2024-11-14 07:40:00,2556.015,SHORT,2558.6474285714285,2552.0663571428568,2.6324285714285907,9176
2024-11-14 08:20:00,2555.585,SHORT,2557.990357142857,2551.9769642857145,2.4053571428571234,9184
2024-11-14 08:35:00,2557.045,SHORT,2559.389642857143,2553.5280357142856,2.3446428571428766,9187
2024-11-14 09:05:00,2555.775,SHORT,2558.1789285714285,2552.1691071428572,2.4039285714285534,9193
2024-11-14 11:25:00,2545.705,SHORT,2548.176857142857,2541.997214285714,2.4718571428570613,9221
2024-11-14 13:35:00,2557.365,LONG,2554.6502857142855,2561.4370714285715,2.714714285714373,9247
2024-11-14 15:15:00,2567.508,LONG,2563.754857142857,2573.137714285714,3.75314285714288,9267
2024-11-14 17:30:00,2570.185,LONG,2568.1280714285713,2573.2703928571427,2.0569285714286383,9294
2024-11-14 17:50:00,2571.375,LONG,2569.1982857142857,2574.6400714285714,2.1767142857143296,9298
2024-11-14 18:40:00,2570.415,LONG,2568.3895,2573.45325,2.0254999999999654,9308
2024-11-14 21:20:00,2566.515,SHORT,2569.0975714285714,2562.6411428571428,2.58257142857149,9340
2024-11-15 01:10:00,2569.795,SHORT,2570.965285714286,2568.0395714285714,1.1702857142857803,9374
2024-11-15 03:30:00,2568.545,LONG,2567.0939285714285,2570.721607142857,1.4510714285714,9402
2024-11-15 07:35:00,2562.895,SHORT,2564.776642857143,2560.0725357142856,1.8816428571429438,9451
2024-11-15 09:35:00,2567.055,LONG,2565.039714285714,2570.0779285714284,2.015285714285613,9475
2024-11-15 10:05:00,2564.345,LONG,2562.565642857143,2567.0140357142855,1.779357142857082,9481
2024-11-15 10:35:00,2569.605,LONG,2567.5806428571427,2572.641535714286,2.0243571428571676,9487
2024-11-15 11:25:00,2570.235,LONG,2568.0240000000003,2573.5515,2.2110000000000127,9497
2024-11-15 12:20:00,2567.044,LONG,2564.9742857142855,2570.1485714285714,2.069714285714391,9508
2024-11-15 14:00:00,2568.485,LONG,2564.088928571429,2575.079107142857,4.3960714285714015,9528
2024-11-15 15:00:00,2573.765,LONG,2570.3387857142857,2578.904321428571,3.42621428571426,9540
2024-11-15 15:25:00,2569.458,LONG,2566.0412142857144,2574.5831785714286,3.416785714285749,9545
2024-11-15 16:00:00,2571.715,LONG,2568.666285714286,2576.2880714285716,3.048714285714271,9552
2024-11-15 18:30:00,2564.125,SHORT,2566.078857142857,2561.194214285714,1.9538571428572271,9582
2024-11-15 19:25:00,2564.905,SHORT,2566.3112142857144,2562.7956785714287,1.406214285714311,9593
2024-11-15 19:40:00,2563.245,SHORT,2564.5019285714284,2561.359607142857,1.2569285714286187,9596
2024-11-15 20:45:00,2562.715,SHORT,2564.0335714285716,2560.7371428571428,1.3185714285714962,9609
2024-11-18 00:40:00,2573.035,LONG,2571.427857142857,2575.445714285714,1.6071428571428572,9644
2024-11-18 03:00:00,2591.375,LONG,2588.8855,2595.10925,2.4895000000000045,9672
2024-11-18 03:25:00,2589.405,LONG,2587.4952142857146,2592.269678571429,1.9097857142857524,9677
2024-11-18 07:20:00,2584.495,SHORT,2586.552357142857,2581.4089642857143,2.0573571428571995,9724
2024-11-18 10:35:00,2591.585,LONG,2589.3785000000003,2594.89475,2.206499999999973,9763
2024-11-18 12:10:00,2592.345,LONG,2590.3595,2595.32325,1.9854999999999694,9782
2024-11-18 12:30:00,2592.025,LONG,2590.1664285714287,2594.8128571428574,1.8585714285714598,9786
2024-11-18 12:50:00,2594.865,LONG,2593.0397857142857,2597.602821428571,1.8252142857142775,9790
2024-11-18 16:45:00,2611.045,LONG,2609.274785714286,2613.7003214285714,1.7702142857142462,9837
2024-11-18 17:10:00,2609.425,LONG,2607.7230714285715,2611.977892857143,1.7019285714285226,9842
2024-11-18 17:50:00,2610.895,LONG,2609.3678571428572,2613.1857142857143,1.5271428571428325,9850
2024-11-18 18:20:00,2608.485,LONG,2607.136785714286,2610.5073214285717,1.3482142857143182,9856
2024-11-18 20:00:00,2610.505,LONG,2609.2975714285717,2612.316142857143,1.2074285714285062,9876
2024-11-18 21:10:00,2610.448,LONG,2609.418642857143,2611.9920357142855,1.0293571428571144,9890
2024-11-18 23:20:00,2612.085,LONG,2611.295642857143,2613.269035714286,0.7893571428572353,9904
2024-11-19 00:25:00,2612.225,LONG,2611.438714285714,2613.4044285714285,0.7862857142857332,9917
2024-11-19 01:30:00,2614.085,LONG,2612.3714285714286,2616.655357142857,1.7135714285713806,9930
2024-11-19 03:45:00,2623.828,LONG,2622.2165714285716,2626.245142857143,1.6114285714285674,9957
2024-11-19 04:35:00,2622.795,LONG,2621.5122142857144,2624.7191785714285,1.2827857142857673,9967
2024-11-19 05:10:00,2622.485,LONG,2621.349142857143,2624.188785714286,1.1358571428572108,9974
2024-11-19 05:55:00,2622.435,LONG,2621.2340714285715,2624.2363928571426,1.2009285714285787,9983
2024-11-19 06:15:00,2622.395,LONG,2621.0002142857143,2624.4871785714286,1.3947857142857174,9987
2024-11-19 07:15:00,2619.325,LONG,2617.5741428571428,2621.951285714286,1.7508571428572526,9999
2024-11-19 08:20:00,2619.745,SHORT,2621.513857142857,2617.0917142857143,1.7688571428571518,10012
2024-11-19 12:00:00,2629.815,LONG,2628.1054285714285,2632.3793571428573,1.7095714285714751,10056
2024-11-19 13:30:00,2633.535,LONG,2630.9466428571427,2637.417535714286,2.588357142857181,10074
2024-11-19 16:30:00,2623.295,SHORT,2625.9928571428572,2619.2482142857143,2.697857142857044,10110
2024-11-19 18:05:00,2628.405,LONG,2626.6844285714287,2630.985857142857,1.7205714285714098,10129
2024-11-19 18:40:00,2628.775,LONG,2627.310785714286,2630.9713214285716,1.4642142857142713,10136
2024-11-19 21:20:00,2632.045,LONG,2630.938285714286,2633.7050714285715,1.1067142857142633,10168
2024-11-20 01:35:00,2638.485,LONG,2636.6679285714285,2641.2106071428575,1.8170714285714828,10207
2024-11-20 02:55:00,2640.048,LONG,2638.6492857142853,2642.1460714285713,1.3987142857143422,10223
2024-11-20 04:05:00,2637.645,LONG,2636.7340714285715,2639.0113928571427,0.9109285714285501,10237
2024-11-20 05:45:00,2637.525,SHORT,2638.7005714285715,2635.761642857143,1.175571428571337,10257
2024-11-20 06:10:00,2630.714,SHORT,2632.493,2628.0455,1.7789999999998989,10262
2024-11-20 09:05:00,2624.585,SHORT,2626.25,2622.0875,1.6649999999999636,10297
2024-11-20 09:45:00,2622.125,SHORT,2623.679285714286,2619.7935714285713,1.5542857142857298,10305
2024-11-20 10:25:00,2624.275,SHORT,2626.003928571429,2621.681607142857,1.728928571428631,10313
2024-11-20 11:35:00,2622.485,SHORT,2624.165,2619.965,1.6799999999999986,10327
2024-11-20 18:25:00,2647.915,LONG,2646.0167857142856,2650.7623214285713,1.8982142857143376,10409
2024-11-20 21:05:00,2649.335,LONG,2647.8750714285716,2651.5248928571427,1.4599285714284957,10441
2024-11-21 02:00:00,2655.375,LONG,2653.3909285714285,2658.351107142857,1.9840714285714642,10488
2024-11-21 03:30:00,2654.345,LONG,2652.763,2656.718,1.581999999999945,10506
2024-11-21 05:05:00,2657.208,LONG,2656.408428571429,2658.407357142857,0.7995714285713932,10525
2024-11-21 05:20:00,2655.735,LONG,2654.804,2657.1315,0.9310000000000075,10528
2024-11-21 05:40:00,2657.015,LONG,2655.8395,2658.77825,1.1754999999999265,10532
2024-11-21 09:40:00,2665.978,LONG,2663.8519285714287,2669.1671071428573,2.126071428571387,10580
2024-11-21 09:50:00,2666.945,LONG,2664.6284285714287,2670.4198571428574,2.316571428571381,10582
2024-11-21 13:15:00,2664.735,SHORT,2666.9592857142857,2661.398571428572,2.224285714285673,10623
2024-11-21 15:20:00,2665.248,SHORT,2668.4982142857143,2660.372678571429,3.2502142857142644,10648
2024-11-21 16:00:00,2668.055,LONG,2665.1586428571427,2672.3995357142853,2.896357142857044,10656
2024-11-21 16:35:00,2667.175,LONG,2664.5905000000002,2671.05175,2.5844999999999345,10663
2024-11-21 17:25:00,2665.605,SHORT,2668.1237857142855,2661.8268214285713,2.5187857142857086,10672
2024-11-21 20:20:00,2669.315,LONG,2667.9295,2671.39325,1.3855000000000277,10707
2024-11-21 21:30:00,2670.225,LONG,2669.201357142857,2671.760464285714,1.0236428571428664,10721
2024-11-21 23:30:00,2669.145,SHORT,2670.290285714286,2667.4270714285713,1.1452857142857218,10733
2024-11-22 03:55:00,2686.065,LONG,2683.8747857142857,2689.3503214285715,2.1902142857143514,10786
2024-11-22 04:30:00,2684.745,LONG,2682.6554285714283,2687.879357142857,2.089571428571454,10793
2024-11-22 04:55:00,2688.625,LONG,2686.5585,2691.7247500000003,2.066500000000068,10798
2024-11-22 06:10:00,2688.035,LONG,2686.122857142857,2690.903214285714,1.9121428571428882,10813
2024-11-22 06:25:00,2687.965,LONG,2685.958785714286,2690.974321428572,2.00621428571435,10816
2024-11-22 09:15:00,2695.215,LONG,2692.5665714285715,2699.187642857143,2.648428571428537,10850
2024-11-22 11:50:00,2700.495,LONG,2697.3275714285714,2705.246142857143,3.16742857142864,10881
2024-11-22 13:15:00,2698.935,LONG,2696.382071428571,2702.764392857143,2.5529285714286027,10898
2024-11-22 20:15:00,2706.575,LONG,2705.22,2708.6074999999996,1.3549999999999207,10982
2024-11-22 20:25:00,2707.725,LONG,2706.3328571428574,2709.813214285714,1.392142857142744,10984
2024-11-24 23:15:00,2715.805,LONG,2712.225214285714,2721.1746785714286,3.5797857142857277,11006
2024-11-24 23:40:00,2717.455,LONG,2712.9502857142857,2724.212071428571,4.504714285714239,11011
2024-11-25 00:45:00,2712.755,LONG,2710.303214285714,2716.432678571429,2.451785714285831,11024
2024-11-25 06:30:00,2667.264,SHORT,2671.715285714286,2660.5870714285716,4.45128571428573,11093
2024-11-25 08:25:00,2670.205,SHORT,2673.3042857142855,2665.556071428571,3.09928571428577,11116
2024-11-25 09:50:00,2675.025,LONG,2673.1655,2677.81425,1.859499999999993,11133
2024-11-25 10:15:00,2669.804,SHORT,2671.735,2666.9075000000003,1.9310000000000076,11138
2024-11-25 12:20:00,2682.005,LONG,2679.5513571428573,2685.6854642857143,2.4536428571428326,11163
2024-11-25 13:05:00,2682.575,LONG,2680.0564285714286,2686.352857142857,2.518571428571412,11172
2024-11-25 13:40:00,2681.095,LONG,2677.9664285714284,2685.787857142857,3.128571428571409,11179
2024-11-25 19:40:00,2625.115,SHORT,2627.1187857142854,2622.109321428571,2.0037857142856734,11251
2024-11-25 20:20:00,2626.395,SHORT,2628.4002857142855,2623.3870714285713,2.005285714285687,11259
2024-11-26 00:30:00,2621.685,SHORT,2626.8725,2613.90375,5.187500000000033,11297
2024-11-26 01:10:00,2624.705,SHORT,2628.7155,2618.68925,4.010500000000028,11305
2024-11-26 03:05:00,2627.645,LONG,2625.3146428571426,2631.1405357142858,2.330357142857143,11328
2024-11-26 04:20:00,2628.735,LONG,2627.3207142857145,2630.8564285714288,1.4142857142857597,11343
2024-11-26 06:15:00,2622.555,SHORT,2625.0573571428567,2618.8014642857142,2.502357142857136,11366
2024-11-26 08:35:00,2613.885,SHORT,2616.2632142857146,2610.3176785714286,2.3782142857143884,11394
2024-11-26 11:20:00,2630.645,LONG,2628.7391428571427,2633.5037857142856,1.9058571428571278,11427
2024-11-26 12:35:00,2632.735,LONG,2630.676428571429,2635.822857142857,2.0585714285714403,11442
2024-11-26 13:30:00,2633.125,LONG,2629.7540714285715,2638.181392857143,3.3709285714285864,11453
2024-11-26 15:25:00,2626.285,SHORT,2630.4039285714284,2620.106607142857,4.118928571428569,11476
2024-11-26 16:50:00,2629.995,LONG,2627.580214285714,2633.617178571428,2.414785714285667,11493
2024-11-26 17:35:00,2626.304,SHORT,2628.2425714285714,2623.396142857143,1.9385714285714195,11502
2024-11-26 19:05:00,2625.575,SHORT,2627.729214285714,2622.3436785714284,2.1542142857142283,11520
2024-11-26 23:55:00,2632.105,LONG,2630.951357142857,2633.8354642857144,1.1536428571428456,11566
2024-11-27 04:05:00,2637.775,LONG,2636.4537142857143,2639.7569285714285,1.321285714285685,11616
2024-11-27 05:15:00,2639.155,LONG,2638.152142857143,2640.659285714286,1.0028571428571402,11630
2024-11-27 06:10:00,2641.235,LONG,2639.306857142857,2644.1272142857147,1.9281428571429646,11641
2024-11-27 08:15:00,2648.748,LONG,2647.2695,2650.9657500000003,1.4785000000000375,11666
2024-11-27 08:40:00,2648.035,LONG,2646.0672142857143,2650.9866785714285,1.9677857142857778,11671
2024-11-27 10:45:00,2648.408,LONG,2647.1202857142857,2650.339571428571,1.2877142857143034,11696
2024-11-27 14:25:00,2651.544,LONG,2648.399571428571,2656.2606428571426,3.1444285714285667,11740
2024-11-27 15:10:00,2639.445,SHORT,2643.037142857143,2634.056785714286,3.5921428571427896,11749
2024-11-27 15:55:00,2642.508,SHORT,2646.6259999999997,2636.3309999999997,4.117999999999971,11758
2024-11-27 18:25:00,2639.414,SHORT,2641.175785714286,2636.7713214285714,1.7617857142858415,11788
2024-11-27 20:50:00,2637.675,SHORT,2638.9522142857145,2635.7591785714285,1.2772142857144055,11817
2024-11-27 23:05:00,2637.335,SHORT,2638.225,2636.0,0.8900000000000351,11832
2024-11-28 00:15:00,2635.885,SHORT,2636.5377142857146,2634.905928571429,0.65271428571428,11846
2024-11-28 00:40:00,2637.055,SHORT,2637.9542857142856,2635.7060714285712,0.8992857142857247,11851
2024-11-28 00:55:00,2635.525,SHORT,2636.5442857142857,2633.9960714285717,1.019285714285713,11854
2024-11-28 02:10:00,2628.015,SHORT,2631.7630714285715,2622.3928928571427,3.7480714285714254,11869
2024-11-28 04:25:00,2633.364,SHORT,2634.6349285714286,2631.4576071428573,1.2709285714285474,11896
2024-11-28 05:00:00,2631.125,LONG,2629.941714285714,2632.8999285714285,1.1832857142856679,11903
2024-11-28 05:50:00,2632.925,LONG,2631.4950000000003,2635.07,1.4299999999999986,11913
2024-11-28 11:40:00,2646.225,LONG,2644.7992142857142,2648.3636785714284,1.4257857142857315,11983
2024-11-28 12:25:00,2645.445,LONG,2644.0410714285717,2647.550892857143,1.4039285714285532,11992
2024-11-28 13:15:00,2645.305,LONG,2643.6965,2647.71775,1.608499999999984,12002
2024-11-28 13:50:00,2646.375,LONG,2644.4832142857144,2649.2126785714286,1.8917857142856584,12009
2024-11-28 17:50:00,2641.095,SHORT,2641.9964285714286,2639.742857142857,0.9014285714285961,12057
2024-11-28 18:30:00,2641.045,SHORT,2641.839285714286,2639.8535714285713,0.794285714285804,12065
2024-11-28 23:20:00,2638.215,SHORT,2638.9922142857145,2637.049178571429,0.7772142857142755,12081
2024-11-29 00:00:00,2637.754,SHORT,2638.5897857142854,2636.5003214285716,0.8357857142856508,12089
2024-11-29 00:40:00,2638.415,SHORT,2639.297285714286,2637.0915714285716,0.8822857142857369,12097
2024-11-29 04:45:00,2660.445,LONG,2658.870785714286,2662.8063214285717,1.5742142857142685,12146
2024-11-29 05:45:00,2661.695,LONG,2660.092142857143,2664.099285714286,1.6028571428572118,12158
2024-11-29 06:40:00,2664.314,LONG,2662.3763571428567,2667.220464285714,1.9376428571429838,12169
2024-11-29 07:25:00,2661.665,LONG,2660.3092857142856,2663.6985714285715,1.355714285714352,12178
2024-11-29 07:55:00,2660.435,LONG,2658.9259285714284,2662.6986071428573,1.5090714285714577,12184
2024-11-29 10:55:00,2662.608,LONG,2660.804285714286,2665.313571428572,1.8037142857142499,12220
2024-11-29 12:50:00,2659.974,LONG,2658.026142857143,2662.895785714286,1.9478571428571416,12243
2024-11-29 14:10:00,2659.335,SHORT,2661.933642857143,2655.4370357142857,2.5986428571428144,12259
2024-11-29 14:40:00,2655.675,SHORT,2658.3187857142857,2651.7093214285715,2.6437857142857086,12265
2024-11-29 15:45:00,2654.585,SHORT,2657.498285714286,2650.2150714285713,2.9132857142857183,12278
2024-12-01 23:05:00,2648.365,SHORT,2649.7439285714286,2646.296607142857,1.3789285714285922,12327
2024-12-02 02:00:00,2635.345,SHORT,2639.0325714285714,2629.8136428571424,3.687571428571443,12362
2024-12-02 04:15:00,2627.215,SHORT,2629.5068571428574,2623.7772142857143,2.29185714285716,12389
2024-12-02 05:55:00,2623.035,SHORT,2625.1460714285713,2619.8683928571427,2.111071428571352,12409
2024-12-02 06:55:00,2625.785,SHORT,2627.8817857142853,2622.6398214285714,2.096785714285683,12421
2024-12-02 08:20:00,2632.495,LONG,2630.4435714285714,2635.572142857143,2.0514285714285245,12438
2024-12-02 10:55:00,2635.725,LONG,2634.006214285714,2638.3031785714284,1.7187857142857215,12469
2024-12-02 11:05:00,2637.755,LONG,2635.889285714286,2640.5535714285716,1.8657142857142779,12471
2024-12-02 11:40:00,2645.465,LONG,2642.824,2649.4265,2.641000000000044,12478
2024-12-02 12:05:00,2642.555,LONG,2639.706214285714,2646.8281785714285,2.848785714285733,12483
2024-12-02 13:10:00,2640.165,LONG,2637.8622857142855,2643.6190714285713,2.3027142857142735,12496
2024-12-02 15:35:00,2644.475,LONG,2641.3319285714283,2649.189607142857,3.143071428571407,12525
2024-12-02 16:40:00,2640.135,SHORT,2642.6535714285715,2636.357142857143,2.518571428571412,12538
2024-12-02 19:25:00,2638.275,SHORT,2639.8085714285717,2635.974642857143,1.5335714285713817,12571
2024-12-02 21:05:00,2637.835,SHORT,2639.7777142857144,2634.9209285714287,1.9427142857143411,12591
2024-12-03 01:10:00,2643.944,LONG,2642.5955,2645.96675,1.3484999999999607,12628
2024-12-03 03:05:00,2636.905,SHORT,2638.63,2634.3175,1.7249999999999415,12651
2024-12-03 05:10:00,2637.615,SHORT,2638.8022857142855,2635.8340714285714,1.1872857142856705,12676
2024-12-03 05:30:00,2638.954,SHORT,2640.0927142857145,2637.2459285714285,1.1387142857142862,12680
2024-12-03 05:55:00,2641.048,LONG,2639.844428571428,2642.853357142857,1.2035714285714545,12685
2024-12-03 07:50:00,2645.725,LONG,2644.2260714285712,2647.9733928571427,1.498928571428613,12708
2024-12-03 10:10:00,2645.245,LONG,2643.2940714285714,2648.1713928571426,1.9509285714285138,12736
2024-12-03 12:10:00,2642.205,SHORT,2643.363,2640.468,1.1579999999999342,12760
2024-12-03 16:05:00,2639.345,SHORT,2642.929714285714,2633.9679285714283,3.5847142857143615,12807
2024-12-03 16:30:00,2642.905,SHORT,2645.540285714286,2638.9520714285713,2.635285714285796,12812
2024-12-03 18:15:00,2645.355,LONG,2643.4685714285715,2648.184642857143,1.8864285714285611,12833
2024-12-03 19:15:00,2643.185,LONG,2641.743785714286,2645.3468214285713,1.4412142857142953,12845
2024-12-03 19:20:00,2641.378,SHORT,2642.8625714285718,2639.151142857143,1.4845714285714362,12846
2024-12-03 20:55:00,2642.015,SHORT,2643.0816428571425,2640.4150357142858,1.0666428571428241,12865
2024-12-03 21:05:00,2642.255,SHORT,2643.2895714285714,2640.703142857143,1.0345714285714231,12867
2024-12-03 21:40:00,2643.385,SHORT,2644.0960000000005,2642.3185000000003,0.7110000000000453,12874
2024-12-03 23:00:00,2642.248,SHORT,2642.9109285714285,2641.253607142857,0.6629285714286003,12878
2024-12-04 00:05:00,2642.935,SHORT,2643.657214285714,2641.8516785714287,0.7222142857142444,12891
2024-12-04 00:30:00,2641.965,SHORT,2642.635142857143,2640.9597857142858,0.6701428571427966,12896
2024-12-04 03:40:00,2645.165,LONG,2643.677857142857,2647.3957142857143,1.4871428571428689,12934
2024-12-04 04:05:00,2645.155,LONG,2643.8590714285715,2647.098892857143,1.2959285714285411,12939
2024-12-04 06:25:00,2649.405,LONG,2647.9618571428573,2651.5697142857143,1.4431428571428373,12967
2024-12-04 09:15:00,2640.205,SHORT,2642.262142857143,2637.1192857142855,2.057142857142805,13001
2024-12-04 09:30:00,2641.205,SHORT,2643.1764285714285,2638.2478571428574,1.9714285714285,13004
2024-12-04 12:20:00,2644.105,LONG,2642.4415714285715,2646.600142857143,1.6634285714286048,13038
2024-12-04 12:45:00,2639.425,SHORT,2641.478857142857,2636.3442142857143,2.053857142857136,13043
2024-12-04 13:55:00,2648.365,LONG,2644.140571428571,2654.701642857143,4.224428571428559,13057
2024-12-04 17:45:00,2652.035,LONG,2650.241571428571,2654.7251428571426,1.7934285714285838,13103
2024-12-04 19:00:00,2649.235,LONG,2647.5369285714287,2651.782107142857,1.698071428571406,13118
2024-12-04 19:25:00,2651.085,LONG,2649.2675714285715,2653.811142857143,1.817428571428471,13123
2024-12-04 20:15:00,2649.785,LONG,2648.222214285714,2652.1291785714284,1.5627857142856751,13133
2024-12-04 21:10:00,2649.725,SHORT,2650.896142857143,2647.9682857142857,1.171142857142838,13144
2024-12-05 01:20:00,2648.955,SHORT,2650.016357142857,2647.3629642857145,1.0613571428570725,13182
2024-12-05 01:40:00,2647.635,SHORT,2649.0113571428574,2645.5704642857145,1.3763571428570296,13186
2024-12-05 03:20:00,2647.425,SHORT,2648.8257142857146,2645.323928571429,1.400714285714295,13206
2024-12-05 04:30:00,2647.248,SHORT,2648.158642857143,2645.882035714286,0.9106428571429076,13220
2024-12-05 05:10:00,2646.818,SHORT,2647.774642857143,2645.3830357142856,0.9566428571429567,13228
2024-12-05 05:20:00,2648.498,SHORT,2649.553142857143,2646.915285714286,1.05514285714295,13230
2024-12-05 06:25:00,2650.455,LONG,2648.695642857143,2653.094035714286,1.7593571428571653,13243
2024-12-05 07:40:00,2648.395,SHORT,2650.1269285714284,2645.797107142857,1.7319285714285928,13258
2024-12-05 08:20:00,2644.855,SHORT,2646.658,2642.1504999999997,1.803000000000046,13266
2024-12-05 09:20:00,2642.745,SHORT,2644.645571428571,2639.894142857143,1.9005714285714086,13278
2024-12-05 09:45:00,2644.635,SHORT,2646.5465000000004,2641.7677500000004,1.9114999999999978,13283
2024-12-05 12:45:00,2650.785,LONG,2649.3487857142854,2652.939321428571,1.4362142857142186,13319
2024-12-05 12:55:00,2653.165,LONG,2651.6735714285714,2655.4021428571427,1.4914285714285143,13321
2024-12-05 14:45:00,2644.495,SHORT,2647.272857142857,2640.3282142857142,2.7778571428571013,13343
2024-12-05 16:30:00,2636.935,SHORT,2639.776785714286,2632.672321428571,2.8417857142857366,13364
2024-12-05 18:40:00,2628.055,SHORT,2630.2507857142855,2624.761321428571,2.195785714285713,13390
2024-12-05 19:20:00,2629.225,SHORT,2630.937857142857,2626.655714285714,1.7128571428571118,13398
2024-12-05 20:50:00,2630.355,SHORT,2631.655357142857,2628.4044642857143,1.3003571428571377,13416
2024-12-05 21:25:00,2631.155,SHORT,2632.167142857143,2629.636785714286,1.0121428571428948,13423
2024-12-06 01:05:00,2619.135,SHORT,2620.9392857142857,2616.4285714285716,1.804285714285665,13455
2024-12-06 02:50:00,2623.925,SHORT,2625.9055000000003,2620.9542500000002,1.9804999999999902,13476
2024-12-06 05:50:00,2637.695,LONG,2636.2797142857144,2639.8179285714286,1.415285714285736,13512
2024-12-06 07:15:00,2638.595,LONG,2636.9638571428573,2641.041714285714,1.6311428571427118,13529
2024-12-06 08:05:00,2640.705,LONG,2639.139,2643.054,1.5659999999999659,13539
2024-12-06 08:35:00,2641.145,LONG,2639.4775714285715,2643.646142857143,1.6674285714286075,13545
2024-12-06 09:25:00,2642.185,LONG,2640.0894285714285,2645.328357142857,2.0955714285713447,13555
2024-12-06 09:40:00,2642.348,LONG,2640.1477142857143,2645.648428571428,2.2002857142855907,13558
2024-12-06 11:40:00,2637.295,SHORT,2638.791928571429,2635.0496071428574,1.4969285714285303,13582
2024-12-06 12:55:00,2638.415,LONG,2636.595357142857,2641.144464285714,1.8196428571428507,13597
2024-12-06 13:05:00,2636.118,SHORT,2638.136285714286,2633.0905714285714,2.0182857142857364,13599
2024-12-06 14:00:00,2635.565,SHORT,2640.1555714285714,2628.679142857143,4.590571428571495,13610
2024-12-06 16:15:00,2638.648,LONG,2635.8694285714287,2642.815857142857,2.778571428571435,13637
2024-12-06 19:00:00,2636.315,SHORT,2637.6260714285713,2634.348392857143,1.3110714285713974,13670
2024-12-06 20:10:00,2634.365,SHORT,2635.5816428571425,2632.5400357142858,1.2166428571428176,13684
2024-12-06 20:45:00,2633.795,SHORT,2635.0230714285713,2631.952892857143,1.2280714285713787,13691
2024-12-08 23:55:00,2639.935,LONG,2636.2584285714283,2645.449857142857,3.676571428571411,13717
2024-12-09 02:55:00,2645.925,LONG,2643.6730000000002,2649.3030000000003,2.2520000000000175,13753
2024-12-09 03:30:00,2642.425,LONG,2640.0513571428573,2645.9854642857144,2.3736428571428405,13760
2024-12-09 05:50:00,2639.085,SHORT,2640.755,2636.58,1.6700000000000077,13788
2024-12-09 08:35:00,2648.305,LONG,2646.242357142857,2651.398964285714,2.0626428571429187,13821
2024-12-09 09:10:00,2652.105,LONG,2650.222142857143,2654.9292857142855,1.882857142857087,13828
2024-12-09 10:40:00,2655.885,LONG,2654.1307142857145,2658.5164285714286,1.7542857142857105,13846
2024-12-09 11:30:00,2657.098,LONG,2655.2327857142855,2659.8958214285713,1.8652142857143386,13856
2024-12-09 11:55:00,2656.145,LONG,2654.140142857143,2659.152285714286,2.0048571428571256,13861
2024-12-09 13:25:00,2656.335,LONG,2654.205142857143,2659.529785714286,2.1298571428571256,13879
2024-12-09 13:45:00,2664.104,LONG,2661.5370714285714,2667.9543928571425,2.5669285714285315,13883
2024-12-09 15:55:00,2668.165,LONG,2665.4367142857145,2672.2574285714286,2.7282857142856107,13909
2024-12-09 18:55:00,2662.905,SHORT,2664.34,2660.7525,1.4349999999999778,13945
2024-12-09 21:55:00,2659.354,SHORT,2660.3380714285713,2657.877892857143,0.9840714285714317,13981
2024-12-09 23:45:00,2660.645,SHORT,2661.6890714285714,2659.078892857143,1.0440714285714097,13991
2024-12-10 03:25:00,2667.154,LONG,2665.3380714285713,2669.877892857143,1.8159285714285553,14035
2024-12-10 05:00:00,2670.315,LONG,2668.7835,2672.61225,1.5314999999999859,14054
2024-12-10 05:30:00,2669.345,LONG,2668.327857142857,2670.870714285714,1.0171428571428092,14060
2024-12-10 06:25:00,2669.615,LONG,2667.973357142857,2672.077464285714,1.6416428571427721,14071
2024-12-10 07:15:00,2669.645,LONG,2668.1662857142856,2671.8630714285714,1.4787142857142694,14081
2024-12-10 09:10:00,2664.045,SHORT,2666.1730714285713,2660.8528928571427,2.1280714285714373,14104
2024-12-10 09:50:00,2664.195,SHORT,2666.1762142857147,2661.2231785714284,1.9812142857143564,14112
2024-12-10 11:25:00,2671.325,LONG,2669.0382142857143,2674.7551785714286,2.2867857142857053,14131
2024-12-10 13:35:00,2675.975,LONG,2673.594071428571,2679.546392857143,2.3809285714286426,14157
2024-12-10 13:50:00,2679.585,LONG,2677.1231428571427,2683.277785714286,2.4618571428571676,14160
2024-12-10 15:40:00,2685.695,LONG,2683.355,2689.205,2.339999999999983,14182
2024-12-10 16:45:00,2690.314,LONG,2688.035571428571,2693.731642857143,2.278428571428646,14195
2024-12-10 19:05:00,2692.354,LONG,2691.1214285714286,2694.202857142857,1.232571428571386,14223
2024-12-10 20:30:00,2691.565,LONG,2690.662428571429,2692.918857142857,0.9025714285714587,14240
2024-12-10 20:45:00,2692.555,LONG,2691.706214285714,2693.8281785714285,0.8487857142857008,14243
2024-12-11 00:15:00,2694.918,LONG,2693.5459285714287,2696.9761071428575,1.372071428571449,14273
2024-12-11 02:15:00,2700.298,LONG,2698.4707857142853,2703.0388214285713,1.82721428571436,14297
2024-12-11 02:35:00,2702.755,LONG,2700.9035714285715,2705.532142857143,1.8514285714285765,14301
2024-12-11 02:50:00,2700.865,LONG,2698.9219999999996,2703.7794999999996,1.943000000000016,14304
2024-12-11 03:25:00,2700.298,LONG,2698.104357142857,2703.588464285714,2.193642857142777,14311
2024-12-11 07:50:00,2690.234,SHORT,2693.0601428571426,2685.9947857142856,2.8261428571428433,14364
2024-12-11 08:20:00,2693.124,LONG,2690.6555,2696.8267499999997,2.4684999999999815,14370
2024-12-11 11:05:00,2694.104,LONG,2691.9144285714283,2697.388357142857,2.1895714285713956,14403
2024-12-11 13:00:00,2697.035,LONG,2695.345214285714,2699.5696785714285,1.6897857142856927,14426
2024-12-11 13:40:00,2700.225,LONG,2697.439714285714,2704.4029285714287,2.785285714285692,14434
2024-12-11 14:50:00,2704.214,LONG,2701.1365,2708.83025,3.0774999999999375,14448
2024-12-11 17:50:00,2718.135,LONG,2715.9315,2721.44025,2.2035000000000116,14484
2024-12-11 19:00:00,2714.835,LONG,2713.157928571429,2717.3506071428574,1.6770714285714479,14498
2024-12-11 21:25:00,2716.895,LONG,2715.676214285714,2718.7231785714284,1.2187857142856242,14527
2024-12-11 23:30:00,2718.215,LONG,2717.154,2719.8065,1.0609999999999542,14540
2024-12-12 03:30:00,2707.485,SHORT,2709.124428571429,2705.0258571428576,1.6394285714284902,14588
2024-12-12 06:35:00,2714.325,LONG,2712.4842857142858,2717.0860714285714,1.8407142857142844,14625
2024-12-12 08:25:00,2718.115,LONG,2716.4745,2720.57575,1.640500000000007,14647
2024-12-12 08:50:00,2716.175,LONG,2714.4947142857145,2718.6954285714287,1.6802857142856737,14652
2024-12-12 09:25:00,2715.385,LONG,2713.4790000000003,2718.244,1.9059999999998516,14659
2024-12-12 11:55:00,2710.685,SHORT,2713.042571428571,2707.148642857143,2.357571428571321,14689
2024-12-12 17:15:00,2683.748,SHORT,2685.756,2680.736,2.008000000000006,14753
2024-12-12 18:05:00,2684.034,SHORT,2685.9618571428573,2681.1422142857145,1.9278571428571922,14763
2024-12-12 19:10:00,2685.284,SHORT,2686.916857142857,2682.834714285714,1.6328571428571519,14776
2024-12-12 20:45:00,2681.615,SHORT,2682.6443571428567,2680.070964285714,1.029357142857082,14795
2024-12-12 23:25:00,2680.575,SHORT,2681.5249999999996,2679.1499999999996,0.9500000000000455,14815
2024-12-13 01:55:00,2689.775,LONG,2687.080428571429,2693.8168571428573,2.6945714285713427,14845
2024-12-13 02:30:00,2689.148,LONG,2686.368642857143,2693.317035714286,2.779357142857017,14852
2024-12-13 02:50:00,2687.115,LONG,2684.3172857142854,2691.311571428571,2.797714285714197,14856
2024-12-13 06:30:00,2685.498,LONG,2683.811357142857,2688.027964285714,1.6866428571427474,14900
2024-12-13 08:40:00,2682.835,SHORT,2684.5335714285716,2680.287142857143,1.698571428571508,14926
2024-12-13 13:00:00,2669.665,SHORT,2671.8670714285713,2666.361892857143,2.202071428571344,14978
2024-12-13 13:40:00,2662.885,SHORT,2665.829785714286,2658.467821428572,2.944785714285672,14986
2024-12-13 16:20:00,2660.015,SHORT,2662.4934999999996,2656.29725,2.47849999999994,15018
2024-12-13 16:45:00,2662.584,SHORT,2664.757071428571,2659.324392857143,2.1730714285713475,15023
2024-12-15 23:00:00,2648.755,SHORT,2650.412357142857,2646.2689642857144,1.657357142857141,15086
2024-12-15 23:40:00,2650.655,SHORT,2652.042428571429,2648.5738571428574,1.3874285714285048,15094
2024-12-16 00:15:00,2650.365,SHORT,2651.666714285714,2648.4124285714283,1.3017142857143296,15101
2024-12-16 03:05:00,2652.314,LONG,2650.7629285714283,2654.640607142857,1.5510714285714715,15135
2024-12-16 03:50:00,2653.724,LONG,2652.2869285714287,2655.8796071428574,1.4370714285713737,15144
2024-12-16 06:45:00,2653.148,LONG,2651.9637142857146,2654.9244285714285,1.184285714285709,15179
2024-12-16 07:05:00,2652.925,LONG,2651.7928571428574,2654.6232142857143,1.1321428571428183,15183
2024-12-16 08:25:00,2658.248,LONG,2656.5532857142857,2660.7900714285715,1.6947142857142938,15199
2024-12-16 09:25:00,2657.998,LONG,2655.9691428571427,2661.041285714286,2.0288571428572078,15211
2024-12-16 09:40:00,2656.814,LONG,2655.0124285714282,2659.516357142857,1.801571428571476,15214
2024-12-16 10:00:00,2658.998,LONG,2657.266357142857,2661.595464285714,1.7316428571428528,15218
2024-12-16 12:40:00,2659.864,LONG,2658.1943571428574,2662.3684642857143,1.6696428571428246,15250
2024-12-16 14:35:00,2657.105,SHORT,2659.5145714285713,2653.4906428571426,2.409571428571488,15273
2024-12-16 15:40:00,2655.364,SHORT,2657.841142857143,2651.648285714286,2.4771428571428453,15286
2024-12-16 17:50:00,2652.815,SHORT,2654.095714285714,2650.8939285714287,1.2807142857141767,15312
2024-12-16 19:50:00,2653.948,SHORT,2655.001714285714,2652.3674285714287,1.0537142857142499,15336
2024-12-16 20:10:00,2652.295,SHORT,2653.2875,2650.80625,0.9924999999999012,15340
2024-12-16 20:55:00,2652.585,SHORT,2653.3770714285715,2651.396892857143,0.7920714285713919,15349
2024-12-16 21:20:00,2651.555,SHORT,2652.4132857142854,2650.267571428571,0.8582857142857198,15354
2024-12-16 21:50:00,2652.325,SHORT,2653.0609999999997,2651.221,0.7359999999999738,15360
2024-12-17 01:05:00,2655.775,LONG,2654.588785714286,2657.5543214285713,1.1862142857141862,15387
2024-12-17 02:55:00,2654.804,LONG,2653.5115714285716,2656.742642857143,1.29242857142864,15409
2024-12-17 04:25:00,2654.295,SHORT,2655.2645714285713,2652.840642857143,0.9695714285713036,15427
2024-12-17 05:30:00,2652.545,SHORT,2653.8819285714285,2650.539607142857,1.336928571428611,15440
2024-12-17 06:15:00,2650.895,SHORT,2652.527357142857,2648.4464642857142,1.6323571428571475,15449
2024-12-17 08:20:00,2648.875,SHORT,2650.590142857143,2646.3022857142855,1.7151428571428693,15474
2024-12-17 10:35:00,2641.428,SHORT,2643.4764285714286,2638.355357142857,2.048428571428563,15501
2024-12-17 11:40:00,2639.855,SHORT,2641.4129285714284,2637.518107142857,1.557928571428582,15514
2024-12-17 12:10:00,2641.225,SHORT,2642.7746428571427,2638.9005357142855,1.5496428571428364,15520
2024-12-17 12:30:00,2642.775,SHORT,2644.355642857143,2640.404035714286,1.5806428571428504,15524
2024-12-17 13:30:00,2640.248,SHORT,2642.4047142857144,2637.012928571429,2.1567142857142505,15536
2024-12-17 13:40:00,2642.115,SHORT,2644.5254999999997,2638.49925,2.4104999999999563,15538
2024-12-17 14:40:00,2638.948,SHORT,2642.276714285714,2633.9549285714284,3.328714285714276,15550
2024-12-17 20:10:00,2645.894,LONG,2644.9087142857143,2647.3719285714283,0.9852857142856725,15596
2024-12-17 23:55:00,2647.198,LONG,2646.3481428571426,2648.4727857142857,0.8498571428572826,15629
2024-12-18 02:25:00,2648.025,LONG,2646.5492142857142,2650.238678571429,1.4757857142858484,15659
2024-12-18 04:55:00,2644.925,SHORT,2646.105642857143,2643.154035714286,1.1806428571428245,15689
2024-12-18 06:45:00,2645.715,SHORT,2647.1292142857146,2643.593678571429,1.414214285714284,15711
2024-12-18 07:40:00,2643.835,SHORT,2645.2628571428572,2641.6932142857145,1.4278571428571272,15722
2024-12-18 08:20:00,2643.505,SHORT,2645.3172142857143,2640.7866785714286,1.81221428571426,15730
2024-12-18 09:20:00,2648.198,LONG,2646.322142857143,2651.0117857142855,1.8758571428570576,15742
2024-12-18 10:05:00,2647.505,LONG,2646.2027857142857,2649.4583214285713,1.302214285714204,15751
2024-12-18 12:20:00,2646.595,SHORT,2647.7005714285715,2644.9366428571425,1.1055714285714657,15778
2024-12-18 12:55:00,2643.795,SHORT,2644.9035714285715,2642.1321428571428,1.1085714285714272,15785
2024-12-18 13:45:00,2642.835,SHORT,2644.597642857143,2640.191035714286,1.7626428571428019,15795
2024-12-18 16:00:00,2636.725,SHORT,2638.5724999999998,2633.9537499999997,1.8475000000000168,15822
2024-12-18 16:20:00,2637.145,SHORT,2638.7935714285713,2634.6721428571427,1.6485714285714559,15826
2024-12-18 17:55:00,2635.895,SHORT,2637.3889285714286,2633.6541071428574,1.4939285714285688,15845
2024-12-18 18:10:00,2637.185,SHORT,2638.653642857143,2634.9820357142858,1.4686428571429002,15848
2024-12-18 18:25:00,2637.675,SHORT,2638.9916428571432,2635.700035714286,1.3166428571428892,15851
2024-12-18 19:10:00,2616.414,SHORT,2619.106071428572,2612.375892857143,2.69207142857145,15860
2024-12-18 23:20:00,2589.005,SHORT,2591.676142857143,2584.998285714286,2.6711428571428377,15898
2024-12-19 00:40:00,2594.345,SHORT,2596.3740714285714,2591.3013928571427,2.0290714285715046,15914
2024-12-19 02:55:00,2611.985,LONG,2608.8215,2616.73025,3.163500000000048,15941
2024-12-19 03:40:00,2610.245,LONG,2607.6237142857144,2614.1769285714286,2.62128571428564,15950
2024-12-19 04:15:00,2609.005,LONG,2607.174428571429,2611.750857142857,1.8305714285713097,15957
2024-12-19 04:50:00,2607.965,LONG,2606.3663571428574,2610.3629642857145,1.598642857142847,15964
2024-12-19 06:25:00,2608.865,LONG,2606.918142857143,2611.7852857142852,1.9468571428571002,15983
2024-12-19 08:15:00,2616.738,LONG,2613.916142857143,2620.9707857142857,2.821857142857133,16005
2024-12-19 10:20:00,2621.855,LONG,2619.8335,2624.8872499999998,2.0214999999999628,16030
2024-12-19 11:05:00,2621.215,LONG,2618.6592142857144,2625.048678571429,2.5557857142857108,16039
2024-12-19 16:50:00,2591.535,SHORT,2594.1066428571426,2587.6775357142856,2.571642857142901,16108
2024-12-19 17:05:00,2592.895,SHORT,2595.4964285714286,2588.9928571428572,2.601428571428609,16111
2024-12-19 20:15:00,2598.985,LONG,2597.4722857142856,2601.2540714285715,1.512714285714375,16149
2024-12-19 21:45:00,2593.735,SHORT,2595.076857142857,2591.7222142857145,1.3418571428571144,16167
2024-12-19 23:30:00,2594.005,SHORT,2595.045857142857,2592.443714285714,1.0408571428571836,16176
2024-12-20 00:50:00,2591.675,SHORT,2592.9602142857143,2589.747178571429,1.2852142857142488,16192
2024-12-20 02:20:00,2599.025,LONG,2596.338,2603.0555,2.6869999999999954,16210
2024-12-20 02:55:00,2596.945,LONG,2594.5012142857145,2600.6106785714287,2.443785714285728,16217
2024-12-20 04:55:00,2597.804,LONG,2596.679285714286,2599.4910714285716,1.12471428571426,16241
2024-12-20 05:05:00,2597.815,LONG,2596.683642857143,2599.5120357142855,1.1313571428571063,16243
2024-12-20 07:35:00,2603.798,LONG,2601.9739285714286,2606.534107142857,1.8240714285714148,16273
2024-12-20 08:05:00,2606.148,LONG,2604.1428571428573,2609.1557142857146,2.0051428571428005,16279
2024-12-20 09:45:00,2605.358,LONG,2603.7075,2607.8337500000002,1.6504999999999979,16299
2024-12-20 11:55:00,2603.545,SHORT,2605.189142857143,2601.078785714286,1.6441428571428918,16325
2024-12-20 12:50:00,2602.498,SHORT,2603.9829285714286,2600.270607142857,1.4849285714286518,16336
2024-12-20 13:15:00,2603.225,SHORT,2604.780642857143,2600.8915357142855,1.5556428571428893,16341
2024-12-20 13:40:00,2608.755,LONG,2606.0495,2612.81325,2.705500000000029,16346
2024-12-20 17:00:00,2625.555,LONG,2623.489357142857,2628.653464285714,2.0656428571429126,16386
2024-12-20 17:40:00,2626.695,LONG,2624.8373571428574,2629.4814642857145,1.8576428571428616,16394
2024-12-20 18:10:00,2625.348,LONG,2623.712857142857,2627.800714285714,1.6351428571427797,16400
2024-12-20 19:00:00,2626.248,LONG,2624.7210714285716,2628.5383928571428,1.526928571428503,16410
2024-12-20 20:35:00,2625.495,LONG,2624.1162142857142,2627.5631785714286,1.3787857142858033,16429
2024-12-22 23:00:00,2621.998,SHORT,2623.4990000000003,2619.7465,1.5010000000000088,16446
2024-12-23 00:30:00,2620.165,SHORT,2621.5819285714288,2618.0396071428568,1.4169285714286681,16464
2024-12-23 01:00:00,2620.265,SHORT,2622.172642857143,2617.403535714285,1.9076428571429784,16470
2024-12-23 01:55:00,2620.805,SHORT,2622.6707857142856,2618.0063214285715,1.865785714285656,16481
2024-12-23 03:55:00,2623.855,LONG,2622.3928571428573,2626.0482142857145,1.4621428571428754,16505
2024-12-23 05:05:00,2626.455,LONG,2625.5245,2627.85075,0.930500000000068,16519
2024-12-23 06:10:00,2626.675,LONG,2625.2140714285715,2628.866392857143,1.4609285714285372,16532
2024-12-23 06:30:00,2630.825,LONG,2629.1914285714283,2633.275357142857,1.6335714285714207,16536
2024-12-23 08:05:00,2627.985,LONG,2626.3432857142857,2630.4475714285713,1.6417142857142477,16555
2024-12-23 08:35:00,2631.195,LONG,2629.392142857143,2633.8992857142857,1.8028571428570948,16561
2024-12-23 09:25:00,2629.415,LONG,2627.741642857143,2631.9250357142855,1.67335714285712,16571
2024-12-23 12:25:00,2616.715,SHORT,2618.312428571429,2614.3188571428573,1.5974285714285739,16607
2024-12-23 14:20:00,2618.325,SHORT,2619.8964285714283,2615.9678571428567,1.5714285714286038,16630
2024-12-23 14:55:00,2615.165,SHORT,2616.8253571428572,2612.6744642857143,1.6603571428572326,16637
2024-12-23 17:40:00,2612.384,SHORT,2613.8142142857146,2610.2386785714284,1.4302142857143931,16670
2024-12-23 18:35:00,2610.935,SHORT,2612.196,2609.0434999999998,1.2609999999999673,16681
2024-12-23 19:20:00,2611.175,SHORT,2612.4615000000003,2609.24525,1.2865000000000302,16690
2024-12-24 00:30:00,2614.448,LONG,2613.3813571428573,2616.047964285714,1.0666428571428241,16740
2024-12-24 01:20:00,2615.205,LONG,2613.9937857142854,2617.0218214285715,1.2112142857143096,16750
2024-12-24 03:15:00,2616.785,LONG,2615.6104285714287,2618.546857142857,1.1745714285713933,16773
2024-12-24 05:40:00,2619.405,LONG,2618.398285714286,2620.9150714285715,1.0067142857143219,16802
2024-12-24 07:00:00,2620.255,LONG,2618.973857142857,2622.1767142857143,1.2811428571428678,16818
2024-12-24 07:20:00,2619.885,LONG,2618.6652142857147,2621.714678571429,1.2197857142856978,16822
2024-12-24 08:30:00,2619.105,LONG,2617.9035714285715,2620.907142857143,1.201428571428583,16836
2024-12-24 11:05:00,2614.355,SHORT,2615.648142857143,2612.415285714286,1.2931428571429413,16867
2024-12-24 12:30:00,2613.965,SHORT,2615.247142857143,2612.0417857142857,1.2821428571429416,16884
2024-12-24 13:20:00,2613.215,SHORT,2614.583142857143,2611.1627857142857,1.3681428571428569,16894
2024-12-24 13:35:00,2611.335,SHORT,2612.8017142857143,2609.1349285714286,1.4667142857142608,16897
2024-12-24 14:10:00,2614.195,SHORT,2615.783142857143,2611.812785714286,1.588142857142819,16904
2024-12-24 15:50:00,2610.635,SHORT,2612.1378571428572,2608.3807142857145,1.5028571428570754,16924
2024-12-24 18:25:00,2616.325,LONG,2615.0355,2618.2592499999996,1.2894999999999917,16955
2024-12-26 04:20:00,2627.765,LONG,2626.728071428571,2629.320392857143,1.0369285714286565,17023
2024-12-26 05:05:00,2626.805,LONG,2625.9413571428568,2628.100464285714,0.8636428571429146,17032
2024-12-26 05:20:00,2627.375,LONG,2626.461357142857,2628.745464285714,0.913642857142934,17035
2024-12-26 06:20:00,2626.755,LONG,2625.6865714285714,2628.3576428571428,1.0684285714285124,17047
2024-12-26 11:50:00,2628.398,LONG,2627.521285714286,2629.7130714285713,0.8767142857142451,17113
2024-12-26 13:25:00,2627.704,LONG,2626.263142857143,2629.8652857142856,1.4408571428570471,17132
2024-12-26 15:00:00,2630.575,LONG,2628.863214285714,2633.1426785714284,1.711785714285757,17151
2024-12-26 16:45:00,2633.075,LONG,2631.377714285714,2635.6209285714285,1.697285714285759,17172
2024-12-26 18:15:00,2632.865,LONG,2631.3591428571426,2635.1237857142855,1.5058571428570693,17190
2024-12-26 19:25:00,2633.855,LONG,2632.554357142857,2635.8059642857143,1.3006428571428452,17204
2024-12-26 21:15:00,2633.835,LONG,2633.076,2634.9735,0.7589999999999496,17226
2024-12-26 23:50:00,2631.995,SHORT,2633.0466428571426,2630.417535714286,1.051642857142854,17244
2024-12-27 00:30:00,2632.205,SHORT,2633.2704285714285,2630.606857142857,1.0654285714286158,17252
2024-12-27 01:20:00,2631.555,SHORT,2632.6295,2629.94325,1.074499999999976,17262
2024-12-27 02:10:00,2629.795,SHORT,2631.1242857142856,2627.8010714285715,1.3292857142856584,17272
2024-12-27 04:05:00,2633.235,LONG,2632.0752142857145,2634.9746785714287,1.1597857142856551,17295
2024-12-27 04:20:00,2633.075,LONG,2631.884,2634.8614999999995,1.1909999999999334,17298
2024-12-27 07:05:00,2637.048,LONG,2635.480357142857,2639.399464285714,1.5676428571429304,17331
2024-12-27 10:20:00,2625.535,SHORT,2626.8615,2623.5452499999997,1.3265000000001237,17370
2024-12-27 11:00:00,2625.795,SHORT,2627.3227142857145,2623.5034285714287,1.5277142857143449,17378
2024-12-27 12:35:00,2629.285,LONG,2627.895571428571,2631.369142857143,1.389428571428555,17397
2024-12-27 12:50:00,2627.005,SHORT,2628.4825714285716,2624.788642857143,1.4775714285714392,17400
2024-12-27 13:30:00,2619.195,SHORT,2621.6072142857147,2615.5766785714286,2.412214285714364,17408
2024-12-27 15:25:00,2614.524,SHORT,2616.9880714285714,2610.8278928571426,2.4640714285713847,17431
2024-12-27 16:00:00,2617.448,SHORT,2619.714214285714,2614.0486785714284,2.2662142857142435,17438
2024-12-27 18:15:00,2616.648,SHORT,2617.9515,2614.69275,1.3034999999999854,17465
2024-12-27 19:40:00,2619.348,LONG,2618.2844999999998,2620.9432500000003,1.0635000000000738,17482
2024-12-27 21:25:00,2616.245,SHORT,2617.3705,2614.5567499999997,1.1255000000000044,17503
2024-12-30 01:00:00,2623.548,LONG,2622.557571428571,2625.0336428571427,0.9904285714285704,17534
2024-12-30 02:10:00,2623.455,LONG,2621.939642857143,2625.7280357142854,1.5153571428570234,17548
2024-12-30 06:05:00,2623.485,SHORT,2624.6529285714287,2621.733107142857,1.1679285714285794,17595
2024-12-30 06:30:00,2621.688,SHORT,2622.948428571429,2619.797357142857,1.2604285714286172,17600
2024-12-30 06:40:00,2620.025,SHORT,2621.2965000000004,2618.11775,1.2715000000000924,17602
2024-12-30 09:30:00,2615.905,SHORT,2617.6267142857146,2613.3224285714286,1.72171428571437,17636
2024-12-30 10:10:00,2613.808,SHORT,2615.6208571428574,2611.088714285714,1.8128571428572156,17644
2024-12-30 12:30:00,2618.375,LONG,2616.782857142857,2620.763214285714,1.5921428571429195,17672
2024-12-30 15:00:00,2606.965,SHORT,2609.7135,2602.84225,2.748499999999922,17702
2024-12-30 17:30:00,2602.815,SHORT,2604.4700000000003,2600.3325,1.6550000000000378,17732
2024-12-30 18:30:00,2604.495,SHORT,2605.9894999999997,2602.25325,1.494499999999919,17744
2024-12-30 21:15:00,2607.185,LONG,2606.2119285714284,2608.6446071428572,0.9730714285713995,17777
2024-12-30 23:55:00,2606.548,SHORT,2607.392714285714,2605.2809285714284,0.8447142857143523,17797
2024-12-31 00:10:00,2605.045,SHORT,2605.828285714286,2603.8700714285715,0.7832857142858042,17800
2024-12-31 04:50:00,2606.605,SHORT,2607.351285714286,2605.4855714285713,0.7462857142858021,17856
2024-12-31 05:45:00,2605.755,SHORT,2606.537357142857,2604.5814642857144,0.7823571428571735,17867
2024-12-31 06:00:00,2604.065,SHORT,2605.0454285714286,2602.594357142857,0.980428571428612,17870
2024-12-31 07:40:00,2611.155,LONG,2609.942285714286,2612.9740714285717,1.2127142857142903,17890
2024-12-31 09:20:00,2614.725,LONG,2613.061142857143,2617.2207857142857,1.663857142857101,17910
2024-12-31 10:40:00,2612.078,LONG,2610.693,2614.1555,1.3849999999999585,17926
2024-12-31 12:00:00,2610.335,SHORT,2611.6566428571427,2608.3525357142858,1.3216428571428358,17942
2024-12-31 12:50:00,2611.695,SHORT,2612.9267142857143,2609.8474285714287,1.231714285714231,17952
2024-12-31 14:10:00,2613.264,LONG,2610.963142857143,2616.7152857142855,2.300857142857077,17968
2024-12-31 14:55:00,2613.665,LONG,2611.6419285714283,2616.699607142857,2.023071428571484,17977
2024-12-31 17:45:00,2624.025,LONG,2622.5492142857142,2626.2386785714284,1.475785714285686,18011
2024-12-31 18:20:00,2625.615,LONG,2624.086571428571,2627.9076428571425,1.5284285714285488,18018
2024-12-31 19:50:00,2623.765,LONG,2622.642857142857,2625.448214285714,1.1221428571427947,18036
2024-12-31 21:00:00,2623.315,LONG,2622.424785714286,2624.6503214285713,0.890214285714267,18050
2025-01-02 00:05:00,2625.305,LONG,2624.095214285714,2627.1196785714283,1.209785714285772,18075
2025-01-02 01:15:00,2631.205,LONG,2629.704714285714,2633.4554285714285,1.5002857142856425,18089
2025-01-02 02:50:00,2633.848,LONG,2632.2155000000002,2636.29675,1.632499999999904,18108
2025-01-02 04:45:00,2632.348,LONG,2631.4342857142856,2633.718571428571,0.9137142857141498,18131
2025-01-02 06:35:00,2633.748,LONG,2632.5447142857142,2635.5529285714288,1.203285714285682,18153
2025-01-02 07:50:00,2634.448,LONG,2633.3185714285714,2636.142142857143,1.1294285714286292,18168
2025-01-02 08:25:00,2633.085,LONG,2631.651642857143,2635.235035714286,1.4333571428571108,18175
2025-01-02 08:30:00,2633.574,LONG,2632.030642857143,2635.889035714286,1.5433571428571082,18176
2025-01-02 08:55:00,2636.348,LONG,2634.5515714285716,2639.0426428571427,1.7964285714285455,18181
2025-01-02 10:55:00,2642.488,LONG,2639.9435,2646.30475,2.5445000000000033,18205
2025-01-02 14:10:00,2646.775,LONG,2643.308785714286,2651.974321428572,3.466214285714354,18244
2025-01-02 17:35:00,2654.148,LONG,2652.118142857143,2657.192785714286,2.0298571428571512,18285
2025-01-02 18:35:00,2655.105,LONG,2653.2183571428573,2657.9349642857146,1.8866428571429228,18297
2025-01-02 20:25:00,2659.798,LONG,2658.4202857142855,2661.8645714285713,1.3777142857142866,18319
2025-01-02 23:00:00,2657.598,LONG,2656.737357142857,2658.8889642857143,0.8606428571428231,18338
2025-01-03 00:45:00,2659.848,LONG,2658.8807857142856,2661.2988214285715,0.9672142857142652,18359
2025-01-03 01:30:00,2658.755,LONG,2657.570785714286,2660.5313214285716,1.1842142857142335,18368
2025-01-03 02:30:00,2660.795,LONG,2658.6675714285716,2663.986142857143,2.1274285714285464,18380
2025-01-03 03:05:00,2662.795,LONG,2660.35,2666.4625,2.4449999999999688,18387
2025-01-03 06:45:00,2658.925,SHORT,2660.5369285714287,2656.5071071428574,1.611928571428572,18431
2025-01-03 07:15:00,2654.908,SHORT,2656.410714285714,2652.6539285714284,1.502714285714319,18437
2025-01-03 07:55:00,2654.045,SHORT,2655.6993571428575,2651.5634642857144,1.6543571428571795,18445
2025-01-03 09:40:00,2653.965,SHORT,2655.8567857142857,2651.1273214285716,1.8917857142857233,18466
2025-01-03 12:30:00,2655.748,LONG,2654.507,2657.6095,1.2409999999999204,18500
2025-01-03 14:40:00,2650.598,SHORT,2653.624714285714,2646.0579285714284,3.0267142857143035,18526
2025-01-03 18:00:00,2641.098,SHORT,2642.495214285714,2639.0021785714284,1.3972142857142964,18566
2025-01-03 21:45:00,2639.048,SHORT,2640.0395,2637.5607499999996,0.9915000000000548,18611
2025-01-06 00:15:00,2638.905,SHORT,2639.917928571429,2637.385607142857,1.0129285714286393,18629
2025-01-06 02:00:00,2641.315,LONG,2639.4119285714287,2644.169607142857,1.9030714285713657,18650
2025-01-06 06:25:00,2631.255,SHORT,2632.955642857143,2628.704035714286,1.7006428571429038,18703
2025-01-06 08:30:00,2627.805,SHORT,2629.8926428571426,2624.6735357142857,2.0876428571429124,18728
2025-01-06 11:05:00,2633.398,LONG,2631.961357142857,2635.5529642857146,1.436642857142845,18759
2025-01-06 13:05:00,2647.605,LONG,2644.7505714285717,2651.8866428571428,2.8544285714285382,18783
2025-01-06 15:05:00,2632.098,SHORT,2637.3125714285716,2624.276142857143,5.214571428571454,18807
2025-01-06 17:35:00,2637.015,LONG,2635.2739285714283,2639.626607142857,1.741071428571526,18837
2025-01-06 18:10:00,2635.265,LONG,2633.5244999999995,2637.87575,1.740500000000111,18844
2025-01-06 20:35:00,2633.285,SHORT,2634.406214285714,2631.6031785714285,1.121214285714294,18873
2025-01-07 00:00:00,2634.215,SHORT,2634.913785714286,2633.166821428572,0.6987857142855773,18902
2025-01-07 02:45:00,2638.625,LONG,2637.1470714285715,2640.8418928571427,1.4779285714285575,18935
2025-01-07 04:30:00,2638.055,LONG,2637.0726428571425,2639.5285357142857,0.9823571428572515,18956
2025-01-07 05:00:00,2638.165,LONG,2637.177142857143,2639.6467857142857,0.9878571428572026,18962
2025-01-07 07:00:00,2641.848,LONG,2640.213214285714,2644.3001785714287,1.6347857142857916,18986
2025-01-07 08:20:00,2643.895,LONG,2642.2729285714286,2646.328107142857,1.6220714285713842,19002
2025-01-07 08:55:00,2642.485,LONG,2640.7242142857144,2645.1261785714287,1.7607857142857029,19009
2025-01-07 09:35:00,2642.548,LONG,2640.9069999999997,2645.0094999999997,1.641000000000044,19017
2025-01-07 10:00:00,2641.848,LONG,2640.2394285714286,2644.2608571428573,1.6085714285714272,19022
2025-01-07 11:20:00,2643.985,LONG,2642.591428571429,2646.0753571428572,1.3935714285714442,19038
2025-01-07 14:20:00,2659.798,LONG,2656.707857142857,2664.4332142857143,3.0901428571428693,19074
2025-01-07 17:25:00,2654.648,LONG,2652.4035000000003,2658.0147500000003,2.244499999999984,19111
2025-01-07 19:45:00,2649.274,SHORT,2650.6019285714283,2647.282107142857,1.3279285714285638,19139
2025-01-07 23:15:00,2648.448,SHORT,2649.304714285714,2647.1629285714284,0.8567142857142309,19169
2025-01-07 23:55:00,2649.555,SHORT,2650.566,2648.0384999999997,1.0109999999999673,19177
2025-01-08 01:45:00,2647.645,SHORT,2648.9776428571427,2645.6460357142855,1.3326428571428681,19199
2025-01-08 03:05:00,2648.015,SHORT,2649.140571428571,2646.326642857143,1.12557142857135,19215
2025-01-08 04:15:00,2647.095,SHORT,2648.0084285714283,2645.7248571428568,0.9134285714285723,19229
2025-01-08 05:25:00,2649.005,SHORT,2649.8,2647.8125,0.7950000000000402,19243
2025-01-08 07:50:00,2651.735,LONG,2650.794642857143,2653.145535714286,0.9403571428571728,19272
2025-01-08 08:30:00,2651.195,LONG,2649.9740714285717,2653.026392857143,1.2209285714285605,19280
2025-01-08 09:55:00,2653.345,LONG,2652.140571428571,2655.1516428571426,1.2044285714286096,19297
2025-01-08 12:10:00,2649.648,SHORT,2651.0912142857146,2647.4831785714287,1.4432142857142805,19324
2025-01-08 12:50:00,2651.298,SHORT,2652.9965714285713,2648.7501428571427,1.6985714285714104,19332
2025-01-08 13:35:00,2655.275,LONG,2652.1247857142857,2660.0003214285716,3.150214285714258,19341
2025-01-08 15:00:00,2664.864,LONG,2661.8025714285714,2669.456142857143,3.061428571428613,19358
2025-01-08 20:10:00,2659.014,SHORT,2660.840357142857,2656.2744642857147,1.8263571428571075,19420
2025-01-08 23:00:00,2662.255,LONG,2660.9785714285713,2664.169642857143,1.2764285714286612,19442
2025-01-09 00:55:00,2659.775,SHORT,2660.659642857143,2658.448035714286,0.8846428571427752,19465
2025-01-09 01:05:00,2658.478,SHORT,2659.5362142857143,2656.890678571429,1.058214285714192,19467
2025-01-09 01:40:00,2659.085,SHORT,2660.3334285714286,2657.2123571428574,1.248428571428511,19474
2025-01-09 01:50:00,2659.725,SHORT,2661.1024285714284,2657.658857142857,1.377428571428579,19476
2025-01-09 04:15:00,2657.635,SHORT,2658.688571428572,2656.054642857143,1.053571428571526,19505
2025-01-09 09:40:00,2665.725,LONG,2663.568357142857,2668.959964285714,2.1566428571427423,19570
2025-01-09 13:00:00,2674.455,LONG,2672.6190714285713,2677.208892857143,1.8359285714285696,19610
2025-01-09 13:30:00,2676.598,LONG,2674.5722857142855,2679.636571428571,2.0257142857142623,19616
2025-01-09 14:30:00,2671.898,LONG,2669.316142857143,2675.770785714286,2.581857142857156,19628
2025-01-09 19:15:00,2669.505,LONG,2667.7155000000002,2672.1892500000004,1.789500000000024,19685
2025-01-10 04:15:00,2673.595,LONG,2672.704714285714,2674.9304285714284,0.8902857142858076,19781
2025-01-10 04:40:00,2672.195,LONG,2671.3737142857144,2673.426928571429,0.8212857142857827,19786
2025-01-10 07:15:00,2677.098,LONG,2675.7585714285715,2679.1071428571427,1.339428571428568,19817
2025-01-10 07:25:00,2678.445,LONG,2676.789142857143,2680.928785714286,1.6558571428571602,19819
2025-01-10 07:45:00,2675.055,LONG,2673.1586428571427,2677.899535714286,1.8963571428572064,19823
2025-01-10 08:05:00,2678.648,LONG,2676.7247857142856,2681.5328214285714,1.9232142857143313,19827
2025-01-10 08:55:00,2679.705,LONG,2677.557,2682.9269999999997,2.1479999999999757,19837
2025-01-10 09:45:00,2679.548,LONG,2677.7227857142857,2682.285821428571,1.82521428571418,19847
2025-01-10 10:45:00,2680.048,LONG,2678.526214285714,2682.3306785714285,1.5217857142857352,19859
2025-01-10 10:50:00,2680.295,LONG,2678.7095714285715,2682.673142857143,1.5854285714285976,19860
2025-01-10 15:00:00,2687.638,LONG,2682.6637142857144,2695.0994285714282,4.9742857142856725,19910
2025-01-10 16:10:00,2691.158,LONG,2687.0185714285712,2697.367142857143,4.139428571428588,19924
2025-01-10 16:30:00,2689.854,LONG,2685.7047857142857,2696.077821428571,4.149214285714281,19928
2025-01-10 17:25:00,2694.248,LONG,2691.4667142857143,2698.4199285714285,2.7812857142857217,19939
2025-01-10 21:45:00,2689.565,LONG,2687.8720714285714,2692.104392857143,1.692928571428638,19991
2025-01-12 23:05:00,2689.705,LONG,2687.8551428571427,2692.4797857142858,1.8498571428572177,19995
2025-01-12 23:25:00,2688.515,LONG,2686.754,2691.1565,1.7610000000000323,19999
2025-01-13 00:40:00,2689.298,LONG,2687.921,2691.3634999999995,1.3769999999999527,20014
2025-01-13 05:05:00,2685.545,SHORT,2687.073785714286,2683.2518214285715,1.528785714285667,20067
2025-01-13 07:40:00,2685.635,LONG,2684.2307142857144,2687.741428571429,1.4042857142857363,20098
2025-01-13 09:00:00,2685.479,SHORT,2687.8138571428567,2681.976714285714,2.3348571428570852,20114
2025-01-13 09:45:00,2684.958,SHORT,2687.311142857143,2681.4282857142857,2.3531428571428217,20123
2025-01-13 10:40:00,2679.749,SHORT,2682.3012857142853,2675.9205714285713,2.55228571428568,20134
2025-01-13 14:10:00,2669.118,SHORT,2671.9317142857144,2664.8974285714285,2.8137142857143056,20176
2025-01-13 14:55:00,2671.635,SHORT,2674.6705714285717,2667.081642857143,3.035571428571497,20185
2025-01-13 16:10:00,2665.915,SHORT,2668.6595714285713,2661.798142857143,2.744571428571427,20200
2025-01-13 18:20:00,2660.205,SHORT,2661.6119285714285,2658.094607142857,1.4069285714286122,20226
2025-01-13 18:40:00,2660.295,SHORT,2661.847642857143,2657.9660357142857,1.5526428571428628,20230
2025-01-13 20:20:00,2659.395,SHORT,2660.6085714285714,2657.574642857143,1.2135714285713806,20250
2025-01-13 20:35:00,2660.765,SHORT,2661.987857142857,2658.930714285714,1.2228571428571027,20253
2025-01-13 21:15:00,2661.435,SHORT,2662.405714285714,2659.9789285714287,0.9707142857142961,20261
2025-01-14 01:50:00,2670.415,LONG,2668.9569285714288,2672.602107142857,1.458071428571397,20304
2025-01-14 03:05:00,2671.345,LONG,2669.8832857142856,2673.537571428571,1.461714285714184,20319
2025-01-14 03:25:00,2670.725,LONG,2669.1139285714285,2673.141607142857,1.611071428571417,20323
2025-01-14 04:10:00,2669.315,LONG,2668.0888571428573,2671.1542142857143,1.2261428571428692,20332
2025-01-14 07:45:00,2668.915,SHORT,2670.395,2666.6949999999997,1.4800000000000182,20375
2025-01-14 09:15:00,2670.069,LONG,2668.4320714285714,2672.5243928571426,1.6369285714285655,20393
2025-01-14 11:05:00,2666.499,SHORT,2668.1547857142855,2664.015321428571,1.6557857142857497,20415
2025-01-14 13:00:00,2669.455,LONG,2667.7114285714283,2672.070357142857,1.7435714285715156,20438
2025-01-14 13:25:00,2665.979,SHORT,2667.908,2663.0854999999997,1.9290000000001197,20443
2025-01-14 13:35:00,2665.255,SHORT,2668.1270000000004,2660.947,2.8720000000001034,20445
2025-01-14 16:35:00,2671.795,LONG,2669.695642857143,2674.9440357142857,2.099357142857213,20481
2025-01-14 20:20:00,2672.425,LONG,2671.1253571428574,2674.3744642857146,1.2996428571428038,20526
2025-01-14 23:50:00,2674.945,LONG,2674.0057142857145,2676.3539285714287,0.9392857142856883,20556
2025-01-15 01:05:00,2672.375,SHORT,2673.2945714285715,2670.9956428571427,0.9195714285715114,20571
2025-01-15 01:25:00,2672.745,SHORT,2673.7445714285714,2671.2456428571427,0.9995714285714062,20575
2025-01-15 01:35:00,2673.385,SHORT,2674.5042857142857,2671.7060714285717,1.1192857142857195,20577
2025-01-15 04:55:00,2675.375,LONG,2674.5803571428573,2676.566964285714,0.7946428571427921,20617
2025-01-15 07:55:00,2681.175,LONG,2679.8592857142858,2683.148571428572,1.3157142857143234,20653
2025-01-15 08:40:00,2683.605,LONG,2681.876142857143,2686.1982857142857,1.728857142857123,20662
2025-01-15 10:45:00,2688.315,LONG,2686.782,2690.6145,1.5330000000000967,20687
2025-01-15 11:25:00,2687.305,LONG,2685.7620714285713,2689.619392857143,1.542928571428612,20695
2025-01-15 12:05:00,2685.895,LONG,2684.387357142857,2688.1564642857143,1.5076428571428226,20703
2025-01-15 12:25:00,2686.545,LONG,2685.051642857143,2688.7850357142856,1.4933571428570562,20707
2025-01-15 12:45:00,2685.248,LONG,2683.6760714285715,2687.605892857143,1.5719285714285434,20711
2025-01-15 13:25:00,2682.685,SHORT,2684.435214285714,2680.059678571429,1.7502142857142644,20719
2025-01-15 14:20:00,2689.755,LONG,2685.6704285714286,2695.8818571428574,4.084571428571378,20730
2025-01-15 15:35:00,2680.055,SHORT,2683.996642857143,2674.1425357142857,3.9416428571428566,20745
2025-01-15 20:50:00,2695.795,LONG,2694.7619285714286,2697.344607142857,1.0330714285714424,20808
2025-01-15 23:25:00,2695.915,LONG,2694.764642857143,2697.6405357142858,1.1503571428571442,20827
2025-01-15 23:40:00,2694.865,LONG,2693.795071428571,2696.4698928571424,1.0699285714285907,20830
2025-01-16 00:25:00,2696.335,LONG,2694.782357142857,2698.6639642857144,1.5526428571428303,20839
2025-01-16 00:40:00,2696.285,LONG,2694.5530714285715,2698.8828928571425,1.7319285714285277,20842
2025-01-16 02:55:00,2697.365,LONG,2695.785714285714,2699.7339285714284,1.5792857142856909,20869
2025-01-16 03:50:00,2697.405,LONG,2696.115928571429,2699.338607142857,1.289071428571333,20880
2025-01-16 05:20:00,2695.095,SHORT,2695.807714285714,2694.0259285714283,0.7127142857143879,20898
2025-01-16 06:55:00,2693.808,SHORT,2695.2644999999998,2691.62325,1.4564999999999404,20917
2025-01-16 12:00:00,2706.295,LONG,2704.6632142857143,2708.7426785714288,1.6317857142856675,20978
2025-01-16 14:50:00,2717.929,LONG,2714.8621428571428,2722.529285714286,3.066857142857121,21012
2025-01-16 15:20:00,2716.898,LONG,2713.6684285714286,2721.742357142857,3.2295714285714245,21018
2025-01-16 15:55:00,2716.719,LONG,2713.655285714286,2721.3145714285715,3.0637142857142408,21025
2025-01-16 18:00:00,2721.749,LONG,2720.0867857142857,2724.2423214285714,1.662214285714299,21050
2025-01-16 20:50:00,2715.705,SHORT,2716.7297857142858,2714.167821428571,1.0247857142856966,21084
2025-01-16 21:05:00,2713.865,SHORT,2715.0192857142856,2712.133571428571,1.1542857142857688,21087
2025-01-17 00:05:00,2714.729,SHORT,2715.4709285714284,2713.616107142857,0.7419285714286161,21111
2025-01-17 00:40:00,2715.435,SHORT,2716.288357142857,2714.154964285714,0.8533571428572161,21118
2025-01-17 01:05:00,2710.229,SHORT,2711.3859285714284,2708.493607142857,1.1569285714285147,21123
2025-01-17 01:25:00,2710.055,SHORT,2711.557857142857,2707.800714285714,1.5028571428570754,21127
2025-01-17 02:00:00,2714.028,SHORT,2715.923714285714,2711.1844285714287,1.8957142857141531,21134
2025-01-17 02:55:00,2715.775,LONG,2714.38,2717.8675000000003,1.3949999999999818,21145
2025-01-17 04:55:00,2714.615,LONG,2713.726428571428,2715.947857142857,0.888571428571465,21169
2025-01-17 07:35:00,2711.579,SHORT,2713.0030714285717,2709.4428928571433,1.424071428571389,21201
2025-01-17 08:45:00,2711.235,SHORT,2712.486642857143,2709.357535714286,1.251642857142802,21215
2025-01-17 11:20:00,2705.758,SHORT,2707.0537857142854,2703.8143214285715,1.2957857142856872,21246
2025-01-17 12:05:00,2709.585,SHORT,2711.091,2707.326,1.5060000000000204,21255
2025-01-17 13:20:00,2710.489,LONG,2708.3616428571427,2713.6800357142856,2.1273571428571683,21270
2025-01-17 13:35:00,2707.169,LONG,2704.772071428571,2710.764392857143,2.3969285714286213,21273
2025-01-17 17:50:00,2713.245,LONG,2711.586,2715.7335,1.659000000000008,21324
2025-01-17 18:30:00,2707.815,SHORT,2709.2152857142855,2705.7145714285716,1.400285714285701,21332
2025-01-19 23:15:00,2699.249,SHORT,2700.5520714285713,2697.2943928571426,1.3030714285713916,21376
2025-01-20 01:30:00,2692.389,SHORT,2694.2392142857143,2689.613678571429,1.8502142857142059,21403
2025-01-20 02:10:00,2695.048,SHORT,2697.1100714285712,2691.9548928571426,2.0620714285714064,21411
2025-01-20 06:10:00,2707.845,LONG,2706.305714285714,2710.1539285714284,1.5392857142856624,21459
2025-01-20 07:30:00,2706.205,LONG,2704.6327142857144,2708.5634285714286,1.572285714285694,21475
2025-01-20 09:00:00,2707.728,LONG,2706.0660714285714,2710.2208928571426,1.6619285714285266,21493
2025-01-20 10:10:00,2706.455,LONG,2704.7529285714286,2709.008107142857,1.7020714285714413,21507
2025-01-20 10:25:00,2709.225,LONG,2707.691214285714,2711.525678571428,1.5337857142856788,21510
2025-01-20 11:50:00,2707.915,LONG,2705.9237857142857,2710.901821428571,1.9912142857142174,21527
2025-01-20 12:50:00,2708.435,LONG,2706.848,2710.8154999999997,1.5869999999999567,21539
2025-01-20 13:50:00,2703.775,SHORT,2706.6205,2699.50675,2.845499999999934,21551
2025-01-20 14:10:00,2710.245,LONG,2706.7850714285714,2715.4348928571426,3.459928571428528,21555
2025-01-20 16:20:00,2705.705,SHORT,2707.8855,2702.43425,2.1805000000000683,21581
2025-01-20 17:10:00,2706.445,SHORT,2708.7369285714285,2703.0071071428574,2.2919285714285706,21591
2025-01-20 17:40:00,2707.718,SHORT,2710.152714285714,2704.0659285714282,2.4347142857142705,21597
2025-01-20 18:45:00,2709.735,LONG,2707.993785714286,2712.3468214285713,1.7412142857141848,21610
2025-01-20 19:10:00,2708.545,LONG,2706.6240000000003,2711.4265,1.9209999999999192,21615
2025-01-20 23:30:00,2708.245,LONG,2706.409357142857,2710.9984642857144,1.835642857142862,21625
2025-01-21 00:55:00,2705.285,LONG,2703.545214285714,2707.894678571429,1.7397857142858422,21642
2025-01-21 01:20:00,2710.545,LONG,2708.007357142857,2714.3514642857144,2.537642857142925,21647
2025-01-21 04:45:00,2726.655,LONG,2724.883071428572,2729.312892857143,1.7719285714285238,21688
2025-01-21 06:40:00,2725.575,LONG,2723.873357142857,2728.127464285714,1.7016428571427826,21711
2025-01-21 07:30:00,2727.975,LONG,2725.9185714285713,2731.0596428571425,2.056428571428569,21721
2025-01-21 10:50:00,2719.095,SHORT,2720.8627857142856,2716.4433214285714,1.7677857142856996,21761
2025-01-21 13:45:00,2728.515,LONG,2726.3400714285713,2731.777392857143,2.174928571428544,21796
2025-01-21 14:10:00,2728.725,LONG,2726.1529285714287,2732.583107142857,2.5720714285714297,21801
2025-01-21 17:50:00,2742.205,LONG,2740.241,2745.151,1.9640000000000717,21845
2025-01-21 20:40:00,2741.125,LONG,2740.1707142857144,2742.5564285714286,0.9542857142857558,21879
2025-01-21 21:00:00,2742.815,LONG,2741.7285714285713,2744.4446428571428,1.086428571428574,21883
2025-01-21 23:20:00,2742.658,LONG,2741.5467857142858,2744.3248214285713,1.1112142857142706,21899
2025-01-22 00:35:00,2744.905,LONG,2743.7349285714286,2746.660107142857,1.1700714285714509,21914
2025-01-22 01:55:00,2747.885,LONG,2746.2695714285715,2750.308142857143,1.6154285714285703,21930
2025-01-22 02:50:00,2748.808,LONG,2747.3844285714285,2750.943357142857,1.4235714285714494,21941
2025-01-22 05:20:00,2752.475,LONG,2751.407357142857,2754.0764642857143,1.067642857142898,21971
2025-01-22 07:15:00,2749.715,SHORT,2751.7419285714286,2746.6746071428574,2.0269285714285354,21994
2025-01-22 07:40:00,2751.705,LONG,2750.2137857142857,2753.9418214285715,1.4912142857142823,21999
2025-01-22 08:20:00,2750.575,SHORT,2752.619142857143,2747.5087857142853,2.044142857142885,22007
2025-01-22 08:45:00,2752.405,LONG,2750.2608571428573,2755.621214285715,2.144142857142924,22012
2025-01-22 11:05:00,2758.748,LONG,2756.7949285714285,2761.677607142857,1.9530714285714177,22040
2025-01-22 11:25:00,2757.665,LONG,2755.8368571428573,2760.4072142857144,1.8281428571428608,22044
2025-01-22 14:30:00,2752.575,SHORT,2755.3502857142853,2748.4120714285714,2.7752857142856686,22081
2025-01-22 15:50:00,2759.865,LONG,2757.3585,2763.62475,2.506500000000025,22097
2025-01-22 18:55:00,2757.625,LONG,2756.4207142857144,2759.4314285714286,1.2042857142857233,22134
2025-01-22 20:30:00,2755.175,SHORT,2755.932142857143,2754.0392857142856,0.7571428571429156,22153
2025-01-22 21:30:00,2755.315,SHORT,2756.0992857142855,2754.1385714285716,0.7842857142856506,22165
2025-01-22 23:05:00,2754.505,SHORT,2755.350214285714,2753.2371785714286,0.8452142857142592,22172
2025-01-22 23:55:00,2755.188,SHORT,2756.2706428571432,2753.5640357142856,1.082642857142933,22182
2025-01-23 00:25:00,2754.198,SHORT,2755.337285714286,2752.489071428571,1.1392857142857988,22188
2025-01-23 00:55:00,2755.178,SHORT,2756.2275,2753.6037499999998,1.0495000000000476,22194
2025-01-23 01:20:00,2753.965,SHORT,2755.112857142857,2752.243214285714,1.1478571428571545,22199
2025-01-23 02:30:00,2752.748,SHORT,2754.311357142857,2750.4029642857145,1.563357142857155,22213
2025-01-23 04:55:00,2751.425,SHORT,2752.1828571428573,2750.2882142857147,0.7578571428570869,22242
2025-01-23 05:00:00,2751.468,SHORT,2752.2622857142856,2750.2765714285715,0.7942857142856415,22243
2025-01-23 05:40:00,2752.298,SHORT,2753.214214285714,2750.9236785714284,0.9162142857142693,22251
2025-01-23 07:00:00,2753.565,LONG,2752.3852142857145,2755.334678571429,1.1797857142857668,22267
2025-01-23 08:40:00,2753.215,LONG,2752.029285714286,2754.9935714285716,1.1857142857142466,22287
2025-01-23 10:25:00,2746.975,SHORT,2749.144714285714,2743.7204285714283,2.1697142857143654,22308
2025-01-23 10:40:00,2748.795,SHORT,2750.3747857142857,2746.4253214285714,1.579785714285728,22311
2025-01-23 14:05:00,2741.765,SHORT,2745.0871428571427,2736.7817857142854,3.322142857142905,22352
2025-01-23 15:15:00,2743.855,SHORT,2746.626214285714,2739.698178571429,2.7712142857142226,22366
2025-01-23 16:15:00,2750.695,LONG,2748.1078571428575,2754.575714285714,2.5871428571428106,22378
2025-01-23 18:50:00,2755.728,LONG,2754.4242142857142,2757.6836785714286,1.3037857142857578,22409
2025-01-23 19:30:00,2756.858,LONG,2755.4958571428574,2758.9012142857146,1.3621428571429013,22417
2025-01-23 19:50:00,2756.348,LONG,2755.0944285714286,2758.228357142857,1.2535714285714417,22421
2025-01-23 23:55:00,2754.365,LONG,2753.627357142857,2755.4714642857143,0.7376428571428733,22458
2025-01-24 01:55:00,2762.175,LONG,2760.588285714286,2764.555071428572,1.586714285714314,22482
2025-01-24 04:05:00,2773.175,LONG,2771.318928571429,2775.959107142857,1.8560714285714053,22508
2025-01-24 04:25:00,2772.075,LONG,2770.4544285714283,2774.505857142857,1.6205714285714683,22512
2025-01-24 04:50:00,2772.285,LONG,2770.6742857142854,2774.701071428571,1.6107142857143313,22517
2025-01-24 06:00:00,2775.515,LONG,2773.7587857142858,2778.1493214285715,1.7562142857142848,22531
2025-01-24 07:45:00,2774.595,LONG,2773.013571428571,2776.9671428571423,1.5814285714284648,22552
2025-01-24 09:05:00,2775.225,LONG,2773.4455,2777.89425,1.7795000000000332,22568
2025-01-24 10:05:00,2774.135,LONG,2772.138285714286,2777.1300714285717,1.9967142857142335,22580
2025-01-24 10:25:00,2773.655,LONG,2771.6690000000003,2776.634,1.9859999999999738,22584
2025-01-24 14:15:00,2779.485,LONG,2777.2180714285714,2782.885392857143,2.266928571428577,22630
2025-01-24 15:15:00,2783.645,LONG,2780.217642857143,2788.786035714286,3.427357142857155,22642
2025-01-24 17:50:00,2773.535,SHORT,2775.5,2770.5874999999996,1.9650000000000156,22673
2025-01-27 01:05:00,2770.965,SHORT,2772.7942857142857,2768.2210714285716,1.8292857142857233,22748
2025-01-27 03:40:00,2760.995,SHORT,2762.9474285714286,2758.0663571428568,1.9524285714286245,22779
2025-01-27 04:15:00,2757.925,SHORT,2759.5383571428574,2755.5049642857143,1.613357142857142,22786
2025-01-27 05:10:00,2755.575,SHORT,2756.8414285714284,2753.6753571428567,1.2664285714286376,22797
2025-01-27 07:05:00,2753.205,SHORT,2754.683571428571,2750.9871428571428,1.4785714285714806,22820
2025-01-27 15:00:00,2743.245,SHORT,2746.969071428571,2737.6588928571427,3.7240714285713756,22915
2025-01-27 18:30:00,2735.535,SHORT,2737.469071428571,2732.6338928571427,1.9340714285714447,22957
2025-01-27 18:50:00,2736.615,SHORT,2738.404071428571,2733.931392857143,1.789071428571398,22961
2025-01-27 20:10:00,2739.085,SHORT,2740.495214285714,2736.9696785714286,1.4102142857142488,22977
2025-01-27 23:35:00,2741.048,LONG,2739.3724285714284,2743.561357142857,1.6755714285714671,23006
2025-01-28 03:15:00,2740.835,SHORT,2742.2262142857144,2738.748178571429,1.3912142857141785,23050
2025-01-28 04:30:00,2740.275,SHORT,2741.3188571428573,2738.7092142857146,1.0438571428570154,23065
2025-01-28 06:05:00,2742.038,LONG,2740.896357142857,2743.7504642857143,1.1416428571428372,23084
2025-01-28 08:00:00,2738.385,SHORT,2739.6712142857145,2736.4556785714285,1.2862142857143877,23107
2025-01-28 10:50:00,2742.135,LONG,2740.7725714285716,2744.178642857143,1.3624285714286413,23141
2025-01-28 12:35:00,2743.715,LONG,2742.282857142857,2745.8632142857145,1.4321428571428376,23162
2025-01-28 16:45:00,2758.675,LONG,2756.9410000000003,2761.2760000000003,1.734000000000021,23212
2025-01-28 20:30:00,2763.755,LONG,2762.801142857143,2765.185785714286,0.953857142857162,23257
2025-01-28 21:40:00,2763.625,LONG,2762.909285714286,2764.6985714285715,0.7157142857142195,23271
2025-01-28 23:00:00,2762.885,LONG,2762.1883571428575,2763.9299642857145,0.6966428571428358,23275
2025-01-28 23:15:00,2763.855,LONG,2763.2090714285714,2764.8238928571427,0.6459285714286125,23278
2025-01-29 00:30:00,2763.545,LONG,2762.957142857143,2764.426785714286,0.5878571428571117,23293
2025-01-29 02:00:00,2764.235,LONG,2763.263785714286,2765.6918214285715,0.9712142857143655,23311
2025-01-29 04:35:00,2763.645,SHORT,2764.4807142857144,2762.3914285714286,0.8357142857142402,23342
2025-01-29 06:55:00,2759.025,SHORT,2760.146714285714,2757.3424285714286,1.121714285714201,23370
2025-01-29 07:15:00,2758.668,SHORT,2759.919,2756.7915000000003,1.2509999999999764,23374
2025-01-29 09:10:00,2761.945,LONG,2760.277642857143,2764.4460357142857,1.6673571428571319,23397
2025-01-29 11:40:00,2758.865,SHORT,2760.0409999999997,2757.1009999999997,1.1760000000000284,23427
2025-01-29 12:45:00,2756.655,SHORT,2758.0057142857145,2754.628928571429,1.3507142857142753,23440
2025-01-29 13:10:00,2756.455,SHORT,2758.0902857142855,2754.0020714285715,1.6352857142857309,23445
2025-01-29 13:55:00,2758.495,SHORT,2760.5274285714286,2755.446357142857,2.0324285714286168,23454
2025-01-29 14:40:00,2757.845,SHORT,2759.728357142857,2755.019964285714,1.8833571428571563,23463
2025-01-29 15:00:00,2757.508,SHORT,2759.6770714285713,2754.2543928571426,2.1690714285714097,23467
2025-01-29 16:05:00,2751.765,SHORT,2754.619142857143,2747.4837857142857,2.8541428571428957,23480
2025-01-29 21:10:00,2755.318,LONG,2753.144928571429,2758.5776071428572,2.1730714285714448,23541
2025-01-30 01:10:00,2760.238,LONG,2759.2765,2761.68025,0.9615000000000821,23577
2025-01-30 02:50:00,2760.148,LONG,2759.2170714285717,2761.544392857143,0.9309285714286618,23597
2025-01-30 04:55:00,2760.185,LONG,2759.4045,2761.35575,0.7805000000000096,23622
2025-01-30 06:05:00,2761.035,LONG,2760.030214285714,2762.5421785714284,1.0047857142856824,23636
2025-01-30 06:50:00,2762.305,LONG,2761.1221428571425,2764.0792857142856,1.182857142857074,23645
2025-01-30 10:00:00,2774.805,LONG,2772.862357142857,2777.718964285714,1.9426428571428005,23683
2025-01-30 13:35:00,2782.145,LONG,2780.221357142857,2785.030464285714,1.92364285714286,23726
2025-01-30 14:35:00,2782.798,LONG,2779.9882857142857,2787.0125714285714,2.809714285714303,23738
2025-01-30 15:00:00,2788.615,LONG,2785.902357142857,2792.683964285714,2.7126428571428147,23743
2025-01-30 17:05:00,2790.935,LONG,2788.166142857143,2795.0882857142856,2.7688571428571516,23768
2025-01-30 19:30:00,2791.855,LONG,2790.1367142857143,2794.4324285714288,1.7182857142857497,23797
2025-01-30 21:45:00,2793.355,LONG,2790.0650714285716,2798.289892857143,3.289928571428553,23824
2025-01-31 00:55:00,2795.705,LONG,2794.0945714285713,2798.1206428571427,1.6104285714285587,23850
2025-01-31 06:10:00,2794.745,SHORT,2795.907142857143,2793.0017857142857,1.1621428571429209,23913
2025-01-31 08:05:00,2797.625,LONG,2795.7014285714286,2800.510357142857,1.9235714285714818,23936
2025-01-31 10:10:00,2792.765,SHORT,2794.3514285714286,2790.385357142857,1.586428571428574,23961
2025-01-31 13:35:00,2807.635,LONG,2805.5929285714287,2810.698107142857,2.042071428571392,24002
2025-01-31 14:10:00,2805.505,LONG,2803.4435714285714,2808.597142857143,2.0614285714285807,24009
2025-01-31 15:30:00,2810.285,LONG,2807.6355,2814.25925,2.649499999999989,24025
2025-01-31 16:05:00,2809.185,LONG,2806.722142857143,2812.8792857142857,2.4628571428571115,24032
2025-01-31 16:25:00,2806.425,LONG,2804.1264285714287,2809.8728571428574,2.2985714285713845,24036
2025-01-31 17:15:00,2810.835,LONG,2807.7557142857145,2815.4539285714286,3.0792857142857235,24046
2025-01-31 21:50:00,2799.825,SHORT,2801.7133571428567,2796.992464285714,1.888357142857103,24101
2025-02-03 00:20:00,2790.318,SHORT,2795.343785714286,2782.7793214285716,5.025785714285705,24119
2025-02-03 00:50:00,2790.805,SHORT,2794.221642857143,2785.6800357142856,3.4166428571428633,24125
2025-02-03 04:15:00,2780.898,SHORT,2783.2548571428574,2777.3627142857144,2.356857142857117,24166
2025-02-03 04:40:00,2779.815,SHORT,2782.1725714285712,2776.278642857143,2.357571428571386,24171
2025-02-03 07:55:00,2789.155,LONG,2787.089285714286,2792.253571428572,2.0657142857142907,24210
2025-02-03 10:05:00,2795.915,LONG,2793.7514285714287,2799.1603571428573,2.1635714285714585,24236
2025-02-03 11:40:00,2799.965,LONG,2797.968785714286,2802.9593214285715,1.9962142857142615,24255
2025-02-03 16:00:00,2818.298,LONG,2812.841571428571,2826.4826428571428,5.456428571428595,24307
2025-02-03 17:00:00,2818.735,LONG,2814.6730714285713,2824.827892857143,4.061928571428585,24319
2025-02-04 03:00:00,2821.395,LONG,2819.416857142857,2824.3622142857143,1.9781428571429518,24427
2025-02-04 03:45:00,2818.255,LONG,2816.339785714286,2821.1278214285717,1.9152142857142604,24436
2025-02-04 04:30:00,2820.505,LONG,2819.0207142857143,2822.7314285714288,1.4842857142856636,24445
2025-02-04 07:55:00,2812.535,SHORT,2814.6937857142857,2809.296821428571,2.158785714285744,24486
2025-02-04 08:40:00,2812.425,SHORT,2815.0800000000004,2808.4425,2.6550000000000376,24495
2025-02-04 09:25:00,2816.785,LONG,2814.323571428571,2820.4771428571426,2.461428571428574,24504
2025-02-04 10:35:00,2813.745,LONG,2811.9076428571425,2816.5010357142855,1.8373571428571722,24518
2025-02-04 15:50:00,2838.015,LONG,2834.4255,2843.39925,3.5894999999999464,24581
2025-02-04 16:00:00,2836.665,LONG,2832.7697857142857,2842.5078214285713,3.895214285714246,24583
2025-02-04 18:30:00,2843.835,LONG,2842.3002142857144,2846.1371785714286,1.534785714285785,24613
2025-02-04 19:00:00,2843.225,LONG,2841.951857142857,2845.1347142857144,1.273142857142927,24619
2025-02-04 19:30:00,2843.235,LONG,2841.9164285714287,2845.2128571428575,1.3185714285714312,24625
2025-02-04 20:30:00,2841.675,LONG,2840.5017142857146,2843.434928571429,1.1732857142857094,24637
2025-02-04 20:55:00,2844.135,LONG,2842.892428571429,2845.9988571428576,1.2425714285714093,24642
2025-02-04 21:25:00,2841.255,LONG,2840.040285714286,2843.0770714285713,1.2147142857142756,24648
2025-02-05 05:15:00,2853.995,LONG,2852.408142857143,2856.3752857142854,1.586857142857038,24730
2025-02-05 07:15:00,2856.965,LONG,2855.228285714286,2859.5700714285713,1.7367142857142426,24754
2025-02-05 07:50:00,2860.525,LONG,2858.782142857143,2863.139285714286,1.7428571428571493,24761
2025-02-05 09:30:00,2870.255,LONG,2868.1119285714285,2873.4696071428575,2.143071428571505,24781
2025-02-05 10:55:00,2867.635,LONG,2865.435285714286,2870.934571428572,2.1997142857143053,24798
2025-02-05 11:20:00,2868.875,LONG,2866.3681428571426,2872.6352857142856,2.506857142857143,24803
2025-02-05 14:15:00,2863.005,SHORT,2866.243285714286,2858.1475714285716,3.238285714285634,24838
2025-02-05 14:35:00,2868.395,SHORT,2871.777642857143,2863.3210357142857,3.3826428571428226,24842
2025-02-05 15:00:00,2874.305,LONG,2870.973571428571,2879.302142857143,3.331428571428595,24847
2025-02-05 16:40:00,2870.745,LONG,2867.267,2875.962,3.478000000000033,24867
2025-02-05 17:35:00,2873.235,LONG,2871.1905714285717,2876.301642857143,2.0444285714285604,24878
2025-02-05 18:15:00,2871.485,LONG,2869.4372142857146,2874.5566785714286,2.0477857142857374,24886
2025-02-06 00:30:00,2867.915,LONG,2866.7537857142856,2869.6568214285717,1.1612142857143226,24949
2025-02-06 01:30:00,2867.648,LONG,2866.003,2870.1155000000003,1.6450000000001117,24961
2025-02-06 01:50:00,2869.958,LONG,2868.065857142857,2872.7962142857145,1.892142857142939,24965
2025-02-06 02:25:00,2870.795,LONG,2869.0085,2873.4747500000003,1.7865000000000302,24972
2025-02-06 03:10:00,2869.648,LONG,2868.073928571429,2872.0091071428574,1.5740714285714148,24981
2025-02-06 04:50:00,2868.548,LONG,2867.272571428571,2870.4611428571425,1.2754285714285547,25001
2025-02-06 05:30:00,2869.435,LONG,2868.359357142857,2871.048464285714,1.0756428571429038,25009
2025-02-06 09:15:00,2856.095,SHORT,2859.175714285714,2851.473928571428,3.080714285714326,25054
2025-02-06 10:00:00,2858.055,SHORT,2860.151214285714,2854.9106785714284,2.096214285714268,25063
2025-02-06 11:45:00,2866.705,LONG,2864.6095,2869.84825,2.095499999999934,25084
2025-02-06 13:50:00,2857.435,SHORT,2860.008357142857,2853.5749642857145,2.5733571428571134,25109
2025-02-06 16:15:00,2851.715,SHORT,2854.7495714285715,2847.163142857143,3.0345714285713905,25138
2025-02-07 01:00:00,2858.795,LONG,2857.827642857143,2860.246035714286,0.9673571428570865,25231
2025-02-07 01:15:00,2862.495,LONG,2861.2447857142856,2864.3703214285715,1.2502142857142644,25234
2025-02-07 04:05:00,2868.025,LONG,2866.82,2869.8325,1.2050000000000247,25268
2025-02-07 05:30:00,2865.055,LONG,2863.897071428571,2866.7918928571426,1.1579285714286212,25285
2025-02-07 06:30:00,2861.035,SHORT,2862.6737857142857,2858.5768214285713,1.6387857142857294,25297
2025-02-07 07:20:00,2864.015,SHORT,2865.868571428571,2861.2346428571427,1.8535714285714806,25307
2025-02-07 08:45:00,2864.105,LONG,2862.682142857143,2866.239285714286,1.422857142857213,25324
2025-02-07 08:55:00,2866.175,LONG,2864.657857142857,2868.4507142857146,1.517142857142874,25326
2025-02-07 09:05:00,2869.645,LONG,2867.8619285714285,2872.319607142857,1.7830714285714424,25328
2025-02-07 10:50:00,2866.675,LONG,2865.063571428572,2869.0921428571432,1.6114285714285674,25349
2025-02-07 11:10:00,2866.455,LONG,2864.7071428571426,2869.0767857142855,1.7478571428571936,25353
2025-02-07 12:20:00,2865.905,LONG,2864.3828571428576,2868.1882142857144,1.5221428571428532,25367
2025-02-07 12:50:00,2864.565,SHORT,2866.0585714285717,2862.324642857143,1.4935714285714508,25373
2025-02-07 13:50:00,2861.715,SHORT,2865.9975714285715,2855.2911428571433,4.282571428571373,25385
2025-02-07 16:05:00,2877.308,LONG,2872.805714285714,2884.0614285714287,4.502285714285757,25412
2025-02-07 18:35:00,2862.308,SHORT,2865.0355714285715,2858.2166428571427,2.727571428571472,25442
2025-02-10 00:25:00,2867.015,LONG,2864.9135714285712,2870.1671428571426,2.1014285714285768,25500
2025-02-10 01:30:00,2868.845,LONG,2866.349214285714,2872.5886785714283,2.4957857142857,25513
2025-02-10 01:40:00,2867.515,LONG,2864.974714285714,2871.3254285714283,2.540285714285704,25515
2025-02-10 02:10:00,2872.115,LONG,2869.584,2875.9114999999997,2.531000000000014,25521
2025-02-10 10:50:00,2901.485,LONG,2899.5165714285713,2904.437642857143,1.9684285714286358,25625
2025-02-10 13:00:00,2904.205,LONG,2902.0530714285715,2907.4328928571426,2.1519285714286007,25651
2025-02-10 14:25:00,2904.225,LONG,2900.6812142857143,2909.5406785714285,3.543785714285637,25668
2025-02-10 15:05:00,2908.695,LONG,2905.273571428572,2913.827142857143,3.421428571428513,25676
2025-02-10 18:00:00,2902.815,SHORT,2904.9909285714284,2899.5511071428573,2.1759285714285204,25711
2025-02-10 20:10:00,2904.315,LONG,2903.1330714285714,2906.087892857143,1.1819285714285732,25737
2025-02-10 20:30:00,2903.945,LONG,2902.667642857143,2905.8610357142857,1.2773571428571293,25741
2025-02-11 02:40:00,2916.615,LONG,2910.6877857142854,2925.505821428571,5.9272142857142365,25803
2025-02-11 11:35:00,2904.695,SHORT,2906.6264285714287,2901.7978571428575,1.9314285714285364,25910
2025-02-11 13:45:00,2893.105,SHORT,2898.0350714285714,2885.709892857143,4.9300714285713765,25936
2025-02-11 15:50:00,2905.535,LONG,2901.673857142857,2911.326714285714,3.861142857142795,25961
2025-02-11 17:35:00,2905.585,LONG,2903.382857142857,2908.8882142857146,2.2021428571429493,25982
2025-02-11 18:50:00,2905.785,LONG,2904.3505,2907.93675,1.4345000000000059,25997
2025-02-11 21:10:00,2897.575,SHORT,2899.018357142857,2895.409964285714,1.4433571428571992,26025
2025-02-11 21:30:00,2898.095,SHORT,2899.429071428571,2896.0938928571427,1.3340714285714708,26029
2025-02-11 21:55:00,2897.325,SHORT,2898.512857142857,2895.543214285714,1.187857142857118,26034
2025-02-12 00:00:00,2896.365,SHORT,2897.872357142857,2894.103964285714,1.5073571428570176,26047
2025-02-12 01:15:00,2889.655,SHORT,2892.239285714286,2885.778571428572,2.58428571428567,26062
2025-02-12 01:50:00,2893.945,SHORT,2897.595928571429,2888.4686071428573,3.6509285714285915,26069
2025-02-12 02:45:00,2894.125,SHORT,2896.5012142857145,2890.5606785714285,2.3762142857143056,26080
2025-02-12 04:30:00,2886.055,SHORT,2887.8759285714286,2883.323607142857,1.820928571428567,26101
2025-02-12 07:35:00,2892.495,LONG,2890.007857142857,2896.2257142857143,2.487142857142934,26138
2025-02-12 10:30:00,2883.398,SHORT,2885.792,2879.8070000000002,2.393999999999843,26173
2025-02-12 11:40:00,2883.625,SHORT,2886.1059999999998,2879.9035,2.480999999999962,26187
2025-02-12 12:40:00,2881.665,SHORT,2883.8332142857143,2878.4126785714284,2.1682142857143196,26199
2025-02-12 16:35:00,2896.225,LONG,2893.68,2900.0425,2.5449999999999755,26246
2025-02-12 18:20:00,2902.775,LONG,2900.6980714285714,2905.890392857143,2.0769285714285224,26267
2025-02-12 20:30:00,2899.948,LONG,2898.3635714285715,2902.324642857143,1.5844285714285238,26293
2025-02-13 00:00:00,2906.755,LONG,2905.417142857143,2908.761785714286,1.3378571428571118,26323
2025-02-13 00:35:00,2906.665,LONG,2904.912142857143,2909.2942857142857,1.7528571428571078,26330
2025-02-13 01:30:00,2902.595,LONG,2900.607357142857,2905.576464285714,1.9876428571427434,26341
2025-02-13 02:00:00,2906.815,LONG,2904.7385714285715,2909.929642857143,2.076428571428486,26347
2025-02-13 06:05:00,2918.175,LONG,2916.2237142857143,2921.1019285714287,1.9512857142856643,26396
2025-02-13 06:55:00,2915.855,LONG,2913.579,2919.269,2.275999999999937,26406
2025-02-13 07:30:00,2917.408,LONG,2915.2984285714283,2920.572357142857,2.109571428571436,26413
2025-02-13 07:40:00,2915.485,LONG,2913.1890000000003,2918.929,2.296000000000049,26415
2025-02-13 08:15:00,2914.115,LONG,2911.0297857142855,2918.7428214285715,3.0852142857143656,26422
2025-02-13 10:05:00,2917.175,LONG,2914.889785714286,2920.6028214285716,2.285214285714249,26444
2025-02-13 14:20:00,2912.125,SHORT,2915.8462142857143,2906.5431785714286,3.721214285714268,26495
2025-02-13 17:20:00,2916.965,LONG,2915.052142857143,2919.8342857142857,1.9128571428571246,26531
2025-02-13 17:45:00,2918.448,LONG,2916.5896428571427,2921.2355357142856,1.8583571428571628,26536
2025-02-13 18:45:00,2920.895,LONG,2918.777357142857,2924.0714642857142,2.1176428571427874,26548
2025-02-14 00:20:00,2928.595,LONG,2927.397071428571,2930.3918928571425,1.1979285714285848,26603
2025-02-14 00:35:00,2928.845,LONG,2927.707571428571,2930.5511428571426,1.1374285714286023,26606
2025-02-14 02:05:00,2928.265,LONG,2926.111857142857,2931.494714285714,2.153142857142744,26624
2025-02-14 08:45:00,2935.655,LONG,2933.4357142857143,2938.983928571429,2.2192857142858236,26704
2025-02-14 10:30:00,2939.575,LONG,2937.873071428571,2942.127892857143,1.7019285714285226,26725
2025-02-14 11:10:00,2935.145,LONG,2933.162357142857,2938.1189642857144,1.982642857142894,26733
2025-02-14 12:30:00,2930.705,SHORT,2932.557357142857,2927.9264642857142,1.85235714285711,26749
2025-02-14 13:20:00,2927.775,SHORT,2930.0192857142856,2924.4085714285716,2.2442857142857195,26759
2025-02-14 13:50:00,2919.825,SHORT,2923.676,2914.0485,3.851000000000048,26765
2025-02-14 14:30:00,2924.295,SHORT,2929.296714285714,2916.7924285714284,5.00171428571431,26773
2025-02-14 20:30:00,2879.855,SHORT,2881.3588571428572,2877.5992142857144,1.503857142857149,26845
2025-02-14 21:50:00,2882.825,SHORT,2884.3425714285713,2880.5486428571426,1.5175714285714028,26861
2025-02-16 23:35:00,2879.195,SHORT,2882.4928571428572,2874.2482142857143,3.297857142857148,26870
2025-02-17 00:10:00,2885.545,SHORT,2889.193357142857,2880.0724642857144,3.6483571428571913,26877
2025-02-17 05:15:00,2900.625,LONG,2898.986857142857,2903.082214285714,1.6381428571429038,26938
2025-02-17 05:35:00,2901.405,LONG,2899.3675714285714,2904.461142857143,2.037428571428596,26942
2025-02-17 06:45:00,2895.305,SHORT,2898.1174285714283,2891.086357142857,2.812428571428524,26956
2025-02-17 08:40:00,2897.915,LONG,2895.840857142857,2901.026214285714,2.0741428571428577,26979
2025-02-17 10:15:00,2902.235,LONG,2900.581642857143,2904.715035714286,1.653357142857138,26998
2025-02-17 11:20:00,2900.575,LONG,2898.2587857142853,2904.049321428571,2.3162142857142953,27011
2025-02-17 12:45:00,2898.895,SHORT,2900.659642857143,2896.2480357142854,1.7646428571429493,27028
2025-02-17 13:20:00,2896.555,SHORT,2898.353714285714,2893.8569285714284,1.7987142857143357,27035
2025-02-17 14:05:00,2897.315,SHORT,2899.090642857143,2894.6515357142857,1.7756428571428517,27044
2025-02-17 15:20:00,2901.265,LONG,2899.3557142857144,2904.1289285714283,1.9092857142857156,27059
2025-02-17 15:55:00,2899.105,LONG,2897.194285714286,2901.9710714285716,1.910714285714383,27066
2025-02-17 17:40:00,2898.525,SHORT,2899.765,2896.665,1.2399999999999767,27087
2025-02-17 23:05:00,2898.165,SHORT,2898.951642857143,2896.9850357142855,0.786642857142884,27110
2025-02-18 00:40:00,2899.425,LONG,2898.709785714286,2900.4978214285716,0.7152142857141826,27129
2025-02-18 00:55:00,2899.135,LONG,2898.406428571429,2900.2278571428574,0.7285714285713182,27132
2025-02-18 06:00:00,2911.585,LONG,2909.481928571429,2914.739607142857,2.1030714285713787,27193
2025-02-18 08:15:00,2911.445,LONG,2909.437142857143,2914.4567857142856,2.007857142857087,27220
2025-02-18 08:50:00,2912.145,LONG,2910.183285714286,2915.0875714285717,1.961714285714314,27227
2025-02-18 09:20:00,2911.525,LONG,2910.041142857143,2913.750785714286,1.4838571428571672,27233
2025-02-18 11:00:00,2910.795,SHORT,2912.2780714285714,2908.570392857143,1.4830714285713904,27253
2025-02-18 11:45:00,2912.545,LONG,2911.1830714285716,2914.587892857143,1.361928571428572,27262
2025-02-18 13:25:00,2917.158,LONG,2915.0482857142856,2920.3225714285713,2.109714285714387,27282
2025-02-18 18:20:00,2929.825,LONG,2928.4025714285713,2931.958642857143,1.4224285714285867,27341
2025-02-18 18:25:00,2929.815,LONG,2928.301142857143,2932.085785714286,1.5138571428571725,27342
2025-02-18 20:45:00,2934.805,LONG,2933.677142857143,2936.4967857142856,1.1278571428571078,27370
2025-02-18 21:20:00,2934.055,LONG,2932.895,2935.7949999999996,1.1599999999999844,27377
2025-02-18 23:10:00,2934.555,LONG,2933.594714285714,2935.9954285714284,0.9602857142857114,27387
2025-02-18 23:30:00,2933.465,LONG,2932.569285714286,2934.8085714285717,0.8957142857143156,27391
2025-02-19 01:25:00,2931.295,SHORT,2932.7383571428572,2929.1299642857143,1.4433571428570693,27414
2025-02-19 04:50:00,2927.605,SHORT,2928.8155,2925.78925,1.2105000000000083,27455
2025-02-19 07:10:00,2934.075,LONG,2932.3942857142856,2936.5960714285716,1.6807142857143649,27483
2025-02-19 08:55:00,2938.435,LONG,2936.8514285714286,2940.8103571428574,1.5835714285714662,27504
2025-02-19 10:30:00,2944.135,LONG,2942.1185714285716,2947.159642857143,2.0164285714285404,27523
2025-02-19 14:15:00,2935.985,SHORT,2938.932928571429,2931.5631071428575,2.9479285714285846,27568
2025-02-19 14:55:00,2937.945,SHORT,2941.4922142857145,2932.6241785714287,3.54721428571429,27576
2025-02-19 17:15:00,2927.865,SHORT,2930.081428571428,2924.540357142857,2.216428571428586,27604
2025-02-19 19:05:00,2924.308,SHORT,2926.731642857143,2920.6725357142855,2.4236428571428923,27626
2025-02-19 23:00:00,2933.208,LONG,2932.034142857143,2934.968785714286,1.173857142857157,27661
2025-02-20 01:40:00,2936.525,LONG,2934.666642857143,2939.312535714286,1.8583571428571304,27693
2025-02-20 02:10:00,2936.005,LONG,2933.8735714285713,2939.202142857143,2.1314285714286467,27699
2025-02-20 03:00:00,2941.975,LONG,2939.9957142857143,2944.9439285714284,1.9792857142857818,27709
2025-02-20 04:15:00,2940.375,LONG,2939.0252142857144,2942.399678571429,1.3497857142858396,27724
2025-02-20 06:40:00,2944.885,LONG,2943.542642857143,2946.898535714286,1.342357142857119,27753
2025-02-20 06:50:00,2948.195,LONG,2946.657642857143,2950.501035714286,1.5373571428571526,27755
2025-02-20 07:00:00,2947.675,LONG,2946.0740714285716,2950.076392857143,1.6009285714285721,27757
2025-02-20 11:00:00,2952.335,LONG,2950.3480714285715,2955.315392857143,1.986928571428507,27805
2025-02-20 12:10:00,2948.495,SHORT,2950.2414285714285,2945.875357142857,1.7464285714284935,27819
2025-02-20 13:55:00,2933.825,SHORT,2937.338857142857,2928.554214285714,3.51385714285714,27840
2025-02-20 14:45:00,2935.405,SHORT,2940.205785714286,2928.2038214285717,4.8007857142856665,27850
2025-02-20 17:05:00,2942.255,LONG,2939.8285714285716,2945.894642857143,2.4264285714285245,27878
2025-02-20 19:10:00,2939.275,SHORT,2940.9830714285713,2936.712892857143,1.7080714285713643,27903
2025-02-20 21:00:00,2937.398,SHORT,2938.8325714285716,2935.246142857143,1.4345714285714817,27925
2025-02-21 00:35:00,2939.555,LONG,2937.9732857142853,2941.9275714285714,1.5817142857142699,27956
2025-02-21 01:55:00,2928.575,SHORT,2932.0592857142856,2923.348571428571,3.4842857142857286,27972
2025-02-21 05:55:00,2930.005,SHORT,2932.605285714286,2926.1045714285715,2.600285714285779,28020
2025-02-21 06:15:00,2927.725,SHORT,2930.605285714286,2923.404571428571,2.8802857142858165,28024
2025-02-21 07:10:00,2931.665,SHORT,2933.6634285714285,2928.667357142857,1.9984285714286085,28035
2025-02-21 09:15:00,2923.915,SHORT,2926.467142857143,2920.0867857142857,2.5521428571428584,28060
2025-02-21 11:45:00,2931.645,LONG,2929.7785714285715,2934.4446428571428,1.8664285714285793,28090
2025-02-21 12:25:00,2933.075,LONG,2931.065428571428,2936.089357142857,2.0095714285714945,28098
2025-02-21 13:10:00,2932.585,LONG,2930.609,2935.549,1.9760000000000477,28107
2025-02-21 13:20:00,2933.265,LONG,2931.192071428571,2936.374392857143,2.072928571428617,28109
2025-02-21 13:40:00,2929.825,LONG,2927.2454285714284,2933.694357142857,2.5795714285714633,28113
2025-02-21 21:55:00,2934.955,SHORT,2936.3098571428573,2932.9227142857144,1.3548571428571319,28212
2025-02-23 23:05:00,2939.548,LONG,2937.7459999999996,2942.2509999999997,1.8020000000000047,28214
2025-02-24 00:00:00,2937.148,LONG,2935.1560714285715,2940.135892857143,1.9919285714286161,28225
2025-02-24 00:30:00,2934.058,SHORT,2935.783,2931.4705,1.7250000000000065,28231
2025-02-24 02:25:00,2931.005,SHORT,2933.8190714285715,2926.783892857143,2.8140714285713915,28254
2025-02-24 04:55:00,2940.485,LONG,2938.629,2943.2690000000002,1.856000000000092,28284
2025-02-24 06:00:00,2936.685,LONG,2934.850214285714,2939.4371785714284,1.834785714285707,28297
2025-02-24 06:15:00,2938.195,LONG,2936.268785714286,2941.0843214285715,1.9262142857142603,28300
2025-02-24 07:20:00,2939.895,LONG,2938.2619285714286,2942.344607142857,1.6330714285714163,28313
2025-02-24 08:25:00,2942.115,LONG,2940.198571428571,2944.989642857143,1.9164285714285663,28326
2025-02-24 09:00:00,2946.805,LONG,2944.2076428571427,2950.7010357142854,2.5973571428570983,28333
2025-02-24 09:25:00,2946.145,LONG,2943.575,2950.0,2.5699999999999688,28338
2025-02-24 10:15:00,2943.255,LONG,2941.6609285714285,2945.646107142857,1.5940714285714617,28348
2025-02-24 13:00:00,2947.885,LONG,2945.8950000000004,2950.87,1.9899999999999116,28381
2025-02-24 15:55:00,2936.375,SHORT,2939.7955,2931.24425,3.4204999999999472,28416
2025-02-24 16:25:00,2940.685,SHORT,2943.3216428571427,2936.730035714286,2.6366428571428906,28422
2025-02-24 18:10:00,2944.395,LONG,2942.659071428571,2946.998892857143,1.7359285714285957,28443
2025-02-24 23:20:00,2950.605,LONG,2949.4221428571427,2952.3792857142857,1.1828571428571715,28493
2025-02-24 23:40:00,2952.055,LONG,2950.696214285714,2954.0931785714283,1.3587857142856916,28497
2025-02-24 23:55:00,2949.795,LONG,2948.3005000000003,2952.0367499999998,1.494499999999919,28500
2025-02-25 03:15:00,2945.845,SHORT,2947.469714285714,2943.4079285714283,1.6247142857142924,28540
2025-02-25 05:15:00,2938.585,SHORT,2940.107785714286,2936.3008214285715,1.522785714285744,28564
2025-02-25 05:55:00,2937.708,SHORT,2939.1594285714286,2935.5308571428573,1.4514285714286157,28572
2025-02-25 10:05:00,2937.995,LONG,2936.3359285714287,2940.483607142857,1.6590714285714512,28622
2025-02-25 11:00:00,2939.245,LONG,2937.306642857143,2942.1525357142855,1.9383571428571227,28633
2025-02-25 12:35:00,2926.365,SHORT,2928.7685714285712,2922.7596428571424,2.4035714285715,28652
2025-02-25 15:05:00,2928.765,SHORT,2931.8202857142855,2924.1820714285714,3.055285714285804,28682
2025-02-25 18:10:00,2906.685,SHORT,2909.572857142857,2902.3532142857143,2.8878571428570985,28719
2025-02-25 19:05:00,2908.555,SHORT,2910.7442857142855,2905.2710714285713,2.189285714285591,28730
2025-02-25 21:50:00,2915.235,LONG,2913.711142857143,2917.520785714286,1.5238571428571959,28763
2025-02-25 23:20:00,2914.215,LONG,2912.802357142857,2916.3339642857145,1.4126428571428928,28769
2025-02-25 23:40:00,2916.415,LONG,2914.9826428571428,2918.5635357142855,1.4323571428571344,28773
2025-02-26 03:10:00,2920.545,LONG,2918.401142857143,2923.7607857142857,2.143857142857184,28815
2025-02-26 05:50:00,2915.685,SHORT,2917.6074285714285,2912.8013571428573,1.9224285714285219,28847
2025-02-26 07:15:00,2910.978,SHORT,2913.185142857143,2907.6672857142858,2.207142857142831,28864
2025-02-26 11:10:00,2912.995,SHORT,2914.5015,2910.7352499999997,1.506500000000025,28911
2025-02-26 12:40:00,2912.895,SHORT,2914.3347857142858,2910.7353214285713,1.4397857142856603,28929
2025-02-26 13:00:00,2912.725,SHORT,2914.3997857142854,2910.2128214285713,1.6747857142856577,28933
2025-02-26 13:10:00,2911.795,SHORT,2913.7457142857143,2908.8689285714286,1.9507142857142494,28935
2025-02-26 15:10:00,2905.225,SHORT,2910.2637142857143,2897.6669285714283,5.0387142857142475,28959
2025-02-26 17:25:00,2914.025,LONG,2911.6307142857145,2917.6164285714285,2.3942857142856804,28986
2025-02-27 00:15:00,2918.435,LONG,2917.4354285714285,2919.934357142857,0.9995714285714062,29056
2025-02-27 00:45:00,2916.315,LONG,2915.200428571429,2917.9868571428574,1.1145714285714152,29062
2025-02-27 01:50:00,2913.255,SHORT,2915.162142857143,2910.394285714286,1.9071428571427467,29075
2025-02-27 07:25:00,2891.925,SHORT,2894.6200000000003,2887.8825,2.6949999999999688,29142
2025-02-27 10:10:00,2887.995,SHORT,2891.3802857142855,2882.9170714285715,3.3852857142856334,29175
2025-02-27 12:20:00,2884.958,SHORT,2887.3947142857146,2881.3029285714288,2.4367142857143205,29201
2025-02-27 12:55:00,2884.865,SHORT,2887.371714285714,2881.1049285714284,2.5067142857142892,29208
2025-02-27 13:25:00,2887.878,SHORT,2890.6937857142857,2883.6543214285716,2.8157857142856693,29214
2025-02-27 15:10:00,2873.785,SHORT,2879.3571428571427,2865.4267857142854,5.57214285714297,29235
2025-02-27 19:40:00,2880.015,LONG,2877.953,2883.1079999999997,2.0619999999999954,29289
2025-02-27 21:40:00,2877.075,SHORT,2878.823571428571,2874.452142857143,1.7485714285713325,29313
2025-02-28 00:55:00,2876.755,SHORT,2878.0802857142858,2874.7670714285714,1.325285714285753,29340
2025-02-28 01:45:00,2880.265,LONG,2877.806857142857,2883.9522142857145,2.4581428571429376,29350
2025-02-28 02:35:00,2874.225,SHORT,2877.1192142857144,2869.8836785714284,2.8942142857143347,29360
2025-02-28 03:25:00,2868.245,SHORT,2870.5304285714287,2864.816857142857,2.285428571428643,29370
2025-02-28 05:35:00,2861.775,SHORT,2863.647642857143,2858.9660357142857,1.8726428571428642,29396
2025-02-28 05:55:00,2863.855,SHORT,2865.823142857143,2860.9027857142855,1.9681428571428634,29400
2025-02-28 06:30:00,2864.555,SHORT,2866.569285714286,2861.533571428571,2.0142857142857338,29407
2025-02-28 09:25:00,2862.215,SHORT,2864.780357142857,2858.3669642857144,2.5653571428570427,29442
2025-02-28 13:30:00,2856.115,SHORT,2859.3011428571426,2851.3357857142855,3.1861428571429378,29491
2025-02-28 16:55:00,2848.485,SHORT,2851.4500000000003,2844.0375,2.9650000000000154,29532
2025-02-28 19:00:00,2844.705,SHORT,2847.5266428571426,2840.4725357142856,2.8216428571428684,29557
2025-03-02 23:05:00,2873.845,LONG,2870.8705,2878.3067499999997,2.9745000000000346,29594
2025-03-02 23:15:00,2873.595,LONG,2870.205714285714,2878.6789285714285,3.3892857142857338,29596
2025-03-03 00:15:00,2870.275,LONG,2866.9322142857145,2875.2891785714287,3.342785714285713,29608
2025-03-03 01:15:00,2868.528,LONG,2866.011357142857,2872.302964285714,2.5166428571427724,29620
2025-03-03 05:35:00,2862.505,SHORT,2863.880285714286,2860.4420714285716,1.3752857142856751,29672
2025-03-03 07:00:00,2864.755,SHORT,2866.251928571429,2862.5096071428575,1.496928571428563,29689
2025-03-03 08:15:00,2863.045,SHORT,2864.9204285714286,2860.2318571428573,1.8754285714285939,29704
2025-03-03 10:10:00,2868.148,LONG,2865.8975714285716,2871.523642857143,2.2504285714285612,29727
2025-03-03 13:10:00,2874.685,LONG,2872.4625,2878.01875,2.222500000000017,29763
2025-03-03 14:00:00,2873.505,LONG,2870.7010714285716,2877.710892857143,2.8039285714286115,29773
2025-03-03 14:30:00,2878.685,LONG,2876.31,2882.2475,2.375,29779
2025-03-03 14:45:00,2878.055,LONG,2875.2799999999997,2882.2174999999997,2.775000000000026,29782
2025-03-03 15:00:00,2879.035,LONG,2875.8945,2883.74575,3.1405000000000394,29785
2025-03-03 17:25:00,2889.385,LONG,2887.3804285714286,2892.391857142857,2.0045714285713854,29814
2025-03-03 18:05:00,2890.665,LONG,2888.6549999999997,2893.68,2.009999999999991,29822
2025-03-03 18:55:00,2889.775,LONG,2887.613142857143,2893.0177857142858,2.1618571428570186,29832
2025-03-03 19:20:00,2888.645,LONG,2886.508142857143,2891.8502857142857,2.136857142857025,29837
2025-03-03 20:20:00,2882.965,SHORT,2885.5502142857144,2879.0871785714285,2.585214285714333,29849
2025-03-03 23:40:00,2892.015,LONG,2890.6330714285714,2894.087892857143,1.3819285714286187,29877
2025-03-04 00:00:00,2891.035,LONG,2889.7319285714284,2892.989607142857,1.3030714285714566,29881
2025-03-04 00:50:00,2891.048,LONG,2889.666142857143,2893.1207857142854,1.3818571428570456,29891
2025-03-04 02:00:00,2887.195,SHORT,2890.005,2882.98,2.8100000000000427,29905
2025-03-04 03:30:00,2892.495,LONG,2890.6342142857143,2895.2861785714285,1.8607857142857094,29923
2025-03-04 04:40:00,2891.778,LONG,2890.389214285714,2893.8611785714284,1.3887857142857942,29937
2025-03-04 05:55:00,2889.485,LONG,2887.9192142857146,2891.8336785714287,1.565785714285734,29952
2025-03-04 10:15:00,2915.975,LONG,2913.248642857143,2920.0645357142857,2.7263571428570685,30004
2025-03-04 10:40:00,2914.245,LONG,2911.516,2918.3385,2.7289999999999446,30009
2025-03-04 16:25:00,2907.675,SHORT,2911.041642857143,2902.625035714286,3.366642857142909,30078
2025-03-04 18:20:00,2911.255,SHORT,2913.0625,2908.5437500000003,1.8074999999999883,30101
2025-03-04 19:10:00,2911.988,SHORT,2914.0010714285713,2908.9683928571426,2.013071428571428,30111
2025-03-04 19:40:00,2914.105,LONG,2912.346,2916.7435,1.7589999999999821,30117
2025-03-04 20:40:00,2915.995,LONG,2914.3216428571427,2918.5050357142854,1.67335714285712,30129
2025-03-04 21:25:00,2914.995,LONG,2913.292857142857,2917.548214285714,1.7021428571428194,30138
2025-03-04 23:35:00,2915.248,LONG,2913.972,2917.162,1.2759999999999698,30152
2025-03-05 03:15:00,2908.055,SHORT,2911.5427142857143,2902.8234285714284,3.487714285714219,30196
2025-03-05 03:55:00,2908.415,SHORT,2911.392642857143,2903.9485357142858,2.9776428571428823,30204
2025-03-05 04:15:00,2910.405,SHORT,2912.6473571428573,2907.0414642857145,2.2423571428572098,30208
2025-03-05 06:40:00,2917.445,LONG,2915.061642857143,2921.0200357142858,2.3833571428571565,30237
2025-03-05 07:35:00,2916.235,LONG,2914.0742142857143,2919.4761785714286,2.1607857142856965,30248
2025-03-05 08:00:00,2918.755,LONG,2916.52,2922.1075,2.234999999999997,30253
2025-03-05 09:10:00,2918.888,LONG,2916.7335,2922.11975,2.154500000000001,30267
2025-03-05 09:25:00,2916.155,LONG,2914.1665000000003,2919.1377500000003,1.9885000000000284,30270
2025-03-05 09:50:00,2918.365,LONG,2916.303,2921.4579999999996,2.0620000000000283,30275
2025-03-05 11:45:00,2914.249,SHORT,2916.131357142857,2911.425464285714,1.88235714285718,30298
2025-03-05 12:15:00,2916.949,SHORT,2918.7951428571428,2914.1797857142856,1.8461428571428573,30304
2025-03-05 13:30:00,2908.595,SHORT,2911.394214285714,2904.396178571428,2.7992142857142426,30319
2025-03-05 19:50:00,2920.245,LONG,2918.577857142857,2922.7457142857143,1.6671428571429001,30395
2025-03-05 23:10:00,2917.135,SHORT,2918.311,2915.371,1.1760000000000608,30423
2025-03-06 00:15:00,2918.605,SHORT,2919.6419285714287,2917.049607142857,1.0369285714285914,30436
2025-03-06 01:15:00,2918.155,SHORT,2919.407785714286,2916.275821428572,1.2527857142857297,30448
2025-03-06 03:20:00,2922.875,LONG,2921.732142857143,2924.589285714286,1.142857142857078,30473
2025-03-06 05:45:00,2916.525,SHORT,2918.0059285714287,2914.3036071428573,1.480928571428519,30502
2025-03-06 07:05:00,2920.645,LONG,2919.0090714285716,2923.098892857143,1.6359285714285892,30518
2025-03-06 10:40:00,2901.995,SHORT,2904.9082857142857,2897.625071428571,2.9132857142857183,30561
2025-03-06 12:25:00,2903.565,SHORT,2905.9205,2900.03175,2.3554999999999575,30582
2025-03-06 12:50:00,2899.985,SHORT,2902.654785714286,2895.9803214285716,2.6697857142856134,30587
2025-03-06 13:15:00,2905.135,SHORT,2908.4400714285716,2900.177392857143,3.3050714285714093,30592
2025-03-06 15:35:00,2910.895,LONG,2906.914357142857,2916.865964285714,3.9806428571428762,30620
2025-03-06 18:10:00,2919.548,LONG,2917.1894285714284,2923.085857142857,2.358571428571525,30651
2025-03-06 18:55:00,2915.925,LONG,2913.7061428571433,2919.253285714286,2.218857142857132,30660
2025-03-06 20:30:00,2913.475,SHORT,2915.4086428571427,2910.5745357142855,1.933642857142851,30679
2025-03-06 23:05:00,2910.678,SHORT,2912.1105,2908.5292499999996,1.4325000000000858,30698
2025-03-07 02:00:00,2905.825,SHORT,2908.4571428571426,2901.8767857142857,2.6321428571428833,30733
2025-03-07 02:30:00,2904.455,SHORT,2907.067857142857,2900.535714285714,2.6128571428571377,30739
2025-03-07 03:15:00,2904.685,SHORT,2906.7775714285713,2901.546142857143,2.0925714285714156,30748
2025-03-07 04:35:00,2905.545,SHORT,2906.9649285714286,2903.4151071428573,1.4199285714285648,30764
2025-03-07 05:15:00,2909.918,LONG,2908.5831428571432,2911.920285714286,1.3348571428570852,30772
2025-03-07 06:25:00,2911.415,LONG,2909.934142857143,2913.636285714286,1.4808571428571733,30786
2025-03-07 07:00:00,2914.115,LONG,2912.3892857142855,2916.703571428571,1.725714285714243,30793
2025-03-07 07:35:00,2913.825,LONG,2911.9602142857143,2916.6221785714283,1.8647857142856148,30800
2025-03-07 10:05:00,2920.525,LONG,2919.147642857143,2922.5910357142857,1.3773571428570384,30830
2025-03-07 10:35:00,2919.435,LONG,2917.809142857143,2921.8737857142855,1.6258571428571227,30836
2025-03-07 11:00:00,2917.825,LONG,2916.0317142857143,2920.5149285714283,1.7932857142856977,30841
2025-03-07 11:20:00,2920.485,LONG,2918.5562142857143,2923.3781785714286,1.928785714285693,30845
2025-03-07 11:50:00,2918.065,LONG,2916.273285714286,2920.752571428571,1.7917142857142088,30851
2025-03-07 16:30:00,2915.235,SHORT,2919.5339285714285,2908.7866071428575,4.298928571428503,30907
2025-03-07 19:25:00,2905.915,SHORT,2908.1873571428573,2902.506464285714,2.2723571428572478,30942
2025-03-07 19:40:00,2906.625,SHORT,2908.5835714285713,2903.6871428571426,1.9585714285714662,30945
2025-03-07 20:40:00,2909.555,SHORT,2911.363571428571,2906.842142857143,1.8085714285713104,30957
2025-03-09 23:00:00,2912.348,LONG,2910.279642857143,2915.4505357142857,2.0683571428571668,30985
2025-03-09 23:25:00,2915.185,LONG,2913.6899285714285,2917.427607142857,1.4950714285714315,30990
2025-03-10 01:30:00,2914.785,LONG,2912.867214285714,2917.6616785714286,1.9177857142857906,31015
2025-03-10 05:15:00,2909.505,SHORT,2910.6145,2907.8407500000003,1.1095000000000255,31060
2025-03-10 06:10:00,2910.539,SHORT,2912.2080714285717,2908.035392857143,1.6690714285715071,31071
2025-03-10 06:35:00,2911.985,SHORT,2913.7002142857145,2909.4121785714287,1.7152142857143449,31076
2025-03-10 07:30:00,2914.925,LONG,2913.345928571429,2917.2936071428576,1.5790714285714589,31087
2025-03-10 10:15:00,2905.509,SHORT,2908.6655,2900.77425,3.1565000000000185,31120
2025-03-10 13:00:00,2906.435,SHORT,2909.2924285714284,2902.148857142857,2.857428571428597,31153
2025-03-10 13:30:00,2900.105,SHORT,2903.0169285714287,2895.737107142857,2.9119285714285916,31159
2025-03-10 14:30:00,2901.798,SHORT,2905.564714285714,2896.1479285714286,3.76671428571428,31171
2025-03-10 19:35:00,2885.205,SHORT,2888.256214285714,2880.6281785714286,3.0512142857142277,31232
2025-03-10 19:50:00,2885.925,SHORT,2889.1148571428575,2881.1402142857146,3.189857142857136,31235
2025-03-10 22:05:00,2887.385,SHORT,2888.970928571429,2885.0061071428577,1.585928571428472,31250
2025-03-10 22:30:00,2884.108,SHORT,2885.559642857143,2881.9305357142857,1.4516428571428475,31255
2025-03-11 00:00:00,2884.365,SHORT,2885.476714285714,2882.697428571428,1.111714285714275,31273
2025-03-11 00:15:00,2886.885,SHORT,2888.2302142857143,2884.8671785714287,1.3452142857142917,31276
2025-03-11 03:50:00,2896.375,LONG,2894.875357142857,2898.6244642857146,1.4996428571429143,31319
2025-03-11 05:55:00,2895.655,LONG,2894.188571428572,2897.854642857143,1.4664285714285208,31344
2025-03-11 06:20:00,2894.715,LONG,2893.0378571428573,2897.2307142857144,1.6771428571428584,31349
2025-03-11 07:20:00,2900.495,LONG,2898.2492857142856,2903.863571428571,2.245714285714257,31361
2025-03-11 07:35:00,2899.215,LONG,2896.98,2902.5675,2.234999999999965,31364
2025-03-11 11:25:00,2913.385,LONG,2911.812142857143,2915.744285714286,1.572857142857239,31410
2025-03-11 14:40:00,2915.148,LONG,2911.690857142857,2920.3337142857144,3.4571428571428635,31449
2025-03-11 17:45:00,2918.165,LONG,2916.1785714285716,2921.144642857143,1.9864285714285674,31486
2025-03-11 18:25:00,2916.565,LONG,2914.7073571428573,2919.3514642857144,1.8576428571427965,31494
2025-03-11 19:15:00,2920.315,LONG,2918.725,2922.7,1.5899999999999506,31504
2025-03-11 22:25:00,2916.235,SHORT,2917.195,2914.795,0.9600000000000689,31530
2025-03-11 22:30:00,2915.448,SHORT,2916.480357142857,2913.899464285714,1.032357142857206,31531
2025-03-11 22:45:00,2915.185,SHORT,2916.3754285714285,2913.399357142857,1.1904285714286484,31534
2025-03-11 23:55:00,2915.148,SHORT,2916.4365714285714,2913.215142857143,1.288571428571426,31548
2025-03-12 02:35:00,2916.385,SHORT,2917.9055000000003,2914.1042500000003,1.5204999999999862,31580
2025-03-12 05:05:00,2912.988,SHORT,2914.2704285714285,2911.064357142857,1.2824285714286492,31610
2025-03-12 07:45:00,2912.435,SHORT,2914.421214285714,2909.4556785714285,1.9862142857142706,31642
2025-03-12 09:15:00,2920.145,LONG,2917.9152142857142,2923.4896785714286,2.229785714285689,31660
2025-03-12 10:25:00,2913.275,SHORT,2915.058,2910.6005,1.7829999999999668,31674
2025-03-12 11:10:00,2914.525,SHORT,2916.099142857143,2912.163785714286,1.5741428571428904,31683
2025-03-12 11:35:00,2914.625,SHORT,2916.157357142857,2912.3264642857143,1.532357142857206,31688
2025-03-12 11:55:00,2915.115,SHORT,2916.6099999999997,2912.8725,1.4950000000000208,31692
2025-03-12 18:20:00,2935.265,LONG,2933.353857142857,2938.131714285714,1.9111428571428795,31769
2025-03-12 19:15:00,2934.748,LONG,2933.3564285714288,2936.835357142857,1.391571428571394,31780
2025-03-12 19:25:00,2934.448,LONG,2932.968142857143,2936.6677857142854,1.4798571428570995,31782
2025-03-12 20:15:00,2932.155,LONG,2930.702071428572,2934.334392857143,1.4529285714286289,31792
2025-03-12 20:50:00,2933.055,LONG,2931.7717857142857,2934.9798214285715,1.2832142857143611,31799
2025-03-12 22:05:00,2934.955,LONG,2933.7447857142856,2936.7703214285716,1.2102142857143332,31802
2025-03-13 00:55:00,2938.425,LONG,2937.635357142857,2939.6094642857147,0.7896428571429104,31836
2025-03-13 01:50:00,2938.405,LONG,2936.8680000000004,2940.7105,1.5369999999999695,31847
2025-03-13 05:35:00,2941.038,LONG,2939.7302142857143,2942.999678571429,1.3077857142857607,31892
2025-03-13 08:20:00,2941.085,SHORT,2942.989857142857,2938.2277142857142,1.9048571428571515,31925
2025-03-13 10:55:00,2943.925,LONG,2942.2804285714287,2946.3918571428576,1.644571428571453,31956
2025-03-13 12:00:00,2948.295,LONG,2946.6107142857145,2950.821428571429,1.6842857142857415,31969
2025-03-13 13:00:00,2942.248,LONG,2939.182357142857,2946.8464642857143,3.0656428571429126,31981
2025-03-13 17:25:00,2979.835,LONG,2976.865714285714,2984.2889285714286,2.9692857142857583,32034
2025-03-13 20:25:00,2984.175,LONG,2982.366928571429,2986.887107142857,1.808071428571306,32070
2025-03-13 22:35:00,2989.405,LONG,2987.483785714286,2992.286821428572,1.9212142857142485,32084
2025-03-13 23:15:00,2986.395,LONG,2984.8125714285716,2988.768642857143,1.582428571428571,32092
2025-03-14 00:10:00,2986.348,LONG,2984.881785714286,2988.547321428571,1.4662142857142888,32103
2025-03-14 00:45:00,2986.505,LONG,2985.013,2988.743,1.4919999999999618,32110
2025-03-14 01:35:00,2985.935,LONG,2983.2267857142856,2989.9973214285715,2.7082142857142832,32120
2025-03-14 07:40:00,2983.945,SHORT,2985.9812142857145,2980.890678571429,2.0362142857143226,32193
2025-03-14 08:10:00,2989.675,LONG,2987.6380714285715,2992.730392857143,2.036928571428624,32199
2025-03-14 11:35:00,2997.005,LONG,2992.9254285714287,3003.124357142857,4.079571428571431,32240
2025-03-14 14:15:00,2989.925,SHORT,2993.986142857143,2983.833285714286,4.061142857142905,32272
2025-03-14 14:30:00,2982.885,SHORT,2987.367785714286,2976.1608214285716,4.4827857142857805,32275
2025-03-14 16:30:00,2986.525,SHORT,2988.9068571428575,2982.952214285714,2.3818571428572732,32299
2025-03-14 16:40:00,2987.588,SHORT,2989.7925000000005,2984.28125,2.204500000000085,32301
2025-03-14 17:40:00,2988.515,LONG,2986.9652142857144,2990.8396785714285,1.5497857142856577,32313
2025-03-14 17:55:00,2986.355,SHORT,2987.915,2984.015,1.5599999999999778,32316
2025-03-14 20:00:00,2982.505,SHORT,2983.984785714286,2980.2853214285715,1.4797857142856563,32341
2025-03-16 22:15:00,2989.899,LONG,2987.8745714285715,2992.9356428571427,2.0244285714286434,32356
2025-03-17 00:50:00,2989.325,LONG,2987.7242857142855,2991.7260714285712,1.6007142857142103,32387
2025-03-17 01:05:00,2991.315,LONG,2989.4130714285716,2994.1678928571428,1.9019285714284706,32390
2025-03-17 01:20:00,2992.595,LONG,2990.5573571428567,2995.651464285714,2.037642857142828,32393
2025-03-17 03:40:00,2986.485,SHORT,2987.731928571429,2984.6146071428575,1.246928571428563,32421
2025-03-17 04:05:00,2986.495,SHORT,2987.6545,2984.75575,1.159500000000045,32426
2025-03-17 04:20:00,2984.605,SHORT,2985.676142857143,2982.9982857142854,1.0711428571429613,32429
2025-03-17 06:05:00,2985.745,SHORT,2986.972357142857,2983.903964285714,1.22735714285711,32450
2025-03-17 09:10:00,2990.625,LONG,2989.1407142857142,2992.8514285714286,1.484285714285761,32487
2025-03-17 13:55:00,2988.135,SHORT,2991.055428571429,2983.7543571428573,2.920428571428569,32544
2025-03-17 15:10:00,2995.535,LONG,2993.044,2999.2715,2.4909999999999854,32559
2025-03-17 18:05:00,2998.378,LONG,2997.097,3000.2995,1.2810000000000465,32594
2025-03-17 22:20:00,3000.415,LONG,2999.7347142857143,3001.4354285714285,0.6802857142857063,32633
2025-03-17 23:00:00,3000.568,LONG,2999.910428571429,3001.5543571428575,0.6575714285715029,32641
2025-03-18 00:20:00,3002.255,LONG,3001.0983571428574,3003.9899642857144,1.1566428571429372,32657
2025-03-18 00:55:00,3001.298,LONG,2999.8835,3003.41975,1.414500000000024,32664
2025-03-18 01:15:00,3001.725,LONG,3000.1044285714283,3004.1558571428573,1.6205714285714683,32668
2025-03-18 01:55:00,3005.535,LONG,3003.4430714285713,3008.672892857143,2.0919285714286224,32676
2025-03-18 02:05:00,3005.745,LONG,3003.471642857143,3009.1550357142855,2.273357142857224,32678
2025-03-18 06:25:00,3011.615,LONG,3008.9711428571427,3015.5807857142854,2.6438571428571516,32730
2025-03-18 07:55:00,3016.309,LONG,3014.4001428571432,3019.172285714286,1.9088571428570569,32748
2025-03-18 11:15:00,3024.259,LONG,3022.337357142857,3027.1414642857144,1.9216428571428747,32788
2025-03-18 12:05:00,3030.415,LONG,3028.199857142857,3033.7377142857144,2.2151428571428693,32798
2025-03-18 14:30:00,3029.509,LONG,3025.201357142857,3035.9704642857146,4.307642857143037,32827
2025-03-18 15:20:00,3031.115,LONG,3027.9247857142855,3035.9003214285713,3.1902142857142866,32837
2025-03-18 18:10:00,3033.185,LONG,3031.548357142857,3035.639964285714,1.636642857142793,32871
2025-03-18 18:40:00,3035.265,LONG,3034.047642857143,3037.0910357142857,1.2173571428570864,32877
2025-03-18 20:00:00,3035.565,LONG,3034.452285714286,3037.2340714285715,1.1127142857141865,32893
2025-03-18 22:00:00,3033.665,LONG,3032.599,3035.264,1.0659999999999985,32905
2025-03-18 23:25:00,3032.215,SHORT,3032.9917142857144,3031.0499285714286,0.7767142857142387,32922
2025-03-19 00:35:00,3032.585,SHORT,3033.6524285714286,3030.9838571428572,1.067428571428666,32936
2025-03-19 02:20:00,3030.215,SHORT,3031.6237142857144,3028.1019285714287,1.4087142857143005,32957
2025-03-19 06:35:00,3037.548,LONG,3034.872357142857,3041.561464285714,2.6756428571429103,33008
2025-03-19 07:25:00,3039.988,LONG,3037.4914285714285,3043.732857142857,2.496571428571412,33018
2025-03-19 13:00:00,3037.548,LONG,3035.694928571428,3040.327607142857,1.8530714285714762,33085
2025-03-19 13:15:00,3035.635,LONG,3033.591928571429,3038.6996071428575,2.0430714285714333,33088
2025-03-19 13:35:00,3028.328,SHORT,3030.7727142857143,3024.6609285714285,2.4447142857142614,33092
2025-03-19 15:50:00,3031.535,SHORT,3033.664142857143,3028.3412857142857,2.129142857142824,33119
2025-03-19 16:05:00,3034.295,SHORT,3036.362,3031.1945,2.066999999999975,33122
2025-03-19 18:10:00,3038.485,LONG,3036.026928571429,3042.1721071428574,2.458071428571397,33147
2025-03-19 19:30:00,3045.295,LONG,3041.4387857142856,3051.0793214285713,3.856214285714259,33163
2025-03-20 00:50:00,3052.765,LONG,3050.746214285714,3055.7931785714286,2.0187857142857735,33215
2025-03-20 01:15:00,3055.535,LONG,3053.0992857142855,3059.1885714285713,2.435714285714344,33220
2025-03-20 02:00:00,3050.208,LONG,3047.9522857142856,3053.5915714285716,2.2557142857142805,33229
2025-03-20 03:40:00,3048.045,SHORT,3049.8362142857145,3045.3581785714287,1.7912142857142694,33249
2025-03-20 05:25:00,3048.735,LONG,3046.7240714285717,3051.751392857143,2.0109285714285567,33270
2025-03-20 09:40:00,3044.428,SHORT,3046.291714285714,3041.6324285714286,1.8637142857142603,33321
2025-03-20 10:00:00,3039.138,SHORT,3041.0821428571426,3036.2217857142855,1.9441428571428463,33325
2025-03-20 13:40:00,3034.495,SHORT,3037.795714285714,3029.5439285714283,3.3007142857142884,33369
2025-03-20 15:40:00,3039.185,LONG,3036.734214285714,3042.861178571429,2.45078571428579,33393
2025-03-20 17:50:00,3039.595,LONG,3037.782857142857,3042.313214285714,1.8121428571427844,33419
2025-03-20 18:40:00,3042.258,LONG,3040.381785714286,3045.0723214285713,1.8762142857142083,33429
2025-03-20 20:55:00,3044.725,LONG,3043.8996428571427,3045.9630357142855,0.8253571428571311,33456
2025-03-20 22:20:00,3043.805,LONG,3043.0651428571427,3044.9147857142852,0.7398571428570578,33461
2025-03-20 23:00:00,3045.658,LONG,3044.9412857142856,3046.7330714285713,0.7167142857142282,33469
2025-03-21 00:55:00,3042.625,SHORT,3043.831,3040.8160000000003,1.205999999999936,33492
2025-03-21 01:05:00,3041.885,SHORT,3043.3131428571432,3039.742785714286,1.4281428571428023,33494
2025-03-21 01:20:00,3042.555,SHORT,3044.0750714285714,3040.2748928571427,1.5200714285713925,33497
2025-03-21 01:40:00,3038.618,SHORT,3040.3459285714284,3036.026107142857,1.7279285714285249,33501
2025-03-21 01:50:00,3036.808,SHORT,3038.592071428571,3034.1318928571427,1.7840714285714188,33503
2025-03-21 05:00:00,3029.365,SHORT,3030.6369999999997,3027.457,1.2719999999999996,33541
2025-03-21 07:45:00,3030.545,SHORT,3032.6329285714287,3027.4131071428574,2.0879285714285873,33574
2025-03-21 08:45:00,3033.705,LONG,3031.365142857143,3037.2147857142854,2.3398571428571295,33586
2025-03-21 09:30:00,3029.215,SHORT,3031.1862142857144,3026.2581785714287,1.971214285714268,33595
2025-03-21 10:20:00,3032.945,LONG,3031.3364285714288,3035.3578571428575,1.6085714285714598,33605
2025-03-21 11:30:00,3031.405,LONG,3029.777785714286,3033.8458214285715,1.627214285714347,33619
2025-03-21 13:00:00,3035.975,LONG,3033.6295,3039.49325,2.3454999999999666,33637
2025-03-21 15:50:00,3010.405,SHORT,3013.522142857143,3005.729285714286,3.1171428571428157,33671
2025-03-21 16:35:00,3013.155,SHORT,3015.7948571428574,3009.1952142857144,2.639857142857051,33680
2025-03-21 17:15:00,3016.245,SHORT,3018.153357142857,3013.3824642857144,1.90835714285715,33688
2025-03-21 17:50:00,3014.305,SHORT,3016.013857142857,3011.741714285714,1.7088571428571413,33695
2025-03-21 19:15:00,3020.955,LONG,3019.066142857143,3023.7882857142854,1.8888571428571075,33712
2025-03-23 22:05:00,3023.575,LONG,3022.1249285714284,3025.750107142857,1.4500714285713587,33734
2025-03-24 00:00:00,3025.045,LONG,3024.0381428571427,3026.5552857142857,1.0068571428571431,33757
2025-03-24 01:15:00,3021.845,SHORT,3023.5459285714282,3019.293607142857,1.7009285714285463,33772
2025-03-24 01:35:00,3024.795,LONG,3022.8514285714286,3027.710357142857,1.9435714285713988,33776
2025-03-24 02:05:00,3022.685,SHORT,3024.8295714285714,3019.468142857143,2.144571428571388,33782
2025-03-24 04:20:00,3017.495,SHORT,3019.0426428571427,3015.1735357142857,1.547642857142851,33809
2025-03-24 05:00:00,3018.815,SHORT,3019.9798571428573,3017.0677142857144,1.1648571428571424,33817
2025-03-24 08:00:00,3022.545,LONG,3020.8503571428573,3025.086964285714,1.6946428571428507,33853
2025-03-24 08:20:00,3024.295,LONG,3022.460142857143,3027.047285714286,1.8348571428571177,33857
2025-03-24 08:30:00,3025.365,LONG,3023.3562857142856,3028.3780714285713,2.008714285714242,33859
2025-03-24 10:20:00,3030.635,LONG,3028.454928571429,3033.9051071428576,2.1800714285714418,33881
2025-03-24 10:50:00,3029.605,LONG,3027.4594285714284,3032.8233571428573,2.1455714285714618,33887
2025-03-24 11:00:00,3028.695,LONG,3026.4970000000003,3031.992,2.198000000000028,33889
2025-03-24 11:20:00,3027.185,LONG,3025.187,3030.182,1.9980000000000473,33893
2025-03-24 13:15:00,3026.745,SHORT,3028.777714285714,3023.6959285714283,2.0327142857142917,33916
2025-03-24 13:30:00,3024.105,SHORT,3026.2234285714285,3020.927357142857,2.1184285714285642,33919
2025-03-24 14:05:00,3021.198,SHORT,3023.8587857142857,3017.2068214285714,2.660785714285729,33926
2025-03-24 18:55:00,3006.625,SHORT,3008.252142857143,3004.1842857142856,1.6271428571429039,33984
2025-03-24 22:45:00,3009.945,LONG,3008.8682142857147,3011.560178571429,1.0767857142857014,34018
2025-03-24 23:25:00,3011.725,LONG,3010.8301428571426,3013.0672857142854,0.8948571428570956,34026
2025-03-25 00:30:00,3011.665,LONG,3010.5927857142856,3013.2733214285713,1.0722142857143158,34039
2025-03-25 01:25:00,3012.048,LONG,3010.6605,3014.12925,1.387500000000013,34050
2025-03-25 01:40:00,3013.948,LONG,3012.4667142857143,3016.1699285714285,1.4812857142857345,34053
2025-03-25 02:05:00,3010.275,LONG,3008.6749285714286,3012.675107142857,1.600071428571482,34058
2025-03-25 05:05:00,3017.315,LONG,3016.265857142857,3018.8887142857143,1.0491428571429293,34094
2025-03-25 06:10:00,3016.368,LONG,3015.0062857142857,3018.4105714285715,1.3617142857143076,34107
2025-03-25 07:05:00,3016.755,LONG,3015.4120000000003,3018.7695000000003,1.3430000000000422,34118
2025-03-25 09:40:00,3020.965,LONG,3019.5623571428573,3023.068964285714,1.4026428571428045,34149
2025-03-25 10:45:00,3023.765,LONG,3022.284142857143,3025.9862857142857,1.4808571428571082,34162
2025-03-25 14:35:00,3029.905,LONG,3026.498857142857,3035.0142142857144,3.4061428571429,34208
2025-03-25 16:15:00,3022.035,SHORT,3024.3890714285712,3018.503892857143,2.3540714285713227,34228
2025-03-25 17:45:00,3021.055,SHORT,3022.682857142857,3018.613214285714,1.6278571428571726,34246
2025-03-25 18:30:00,3017.965,SHORT,3019.4135,3015.79225,1.4485000000000323,34255
2025-03-25 20:25:00,3019.655,SHORT,3020.5052142857144,3018.379678571429,0.8502142857142709,34278
2025-03-25 22:40:00,3020.675,SHORT,3021.5983571428574,3019.2899642857146,0.9233571428570225,34293
2025-03-26 00:10:00,3021.175,LONG,3020.504785714286,3022.180321428572,0.6702142857143372,34311
2025-03-26 00:35:00,3018.125,SHORT,3019.0333571428573,3016.762464285714,0.9083571428571824,34316
2025-03-26 01:20:00,3017.925,SHORT,3019.197642857143,3016.016035714286,1.2726428571428576,34325
2025-03-26 02:55:00,3024.015,LONG,3022.353357142857,3026.507464285714,1.661642857142819,34344
2025-03-26 08:30:00,3027.848,LONG,3026.2627142857145,3030.2259285714285,1.5852857142856465,34411
2025-03-26 10:40:00,3022.625,SHORT,3024.3475714285714,3020.041142857143,1.7225714285713951,34437
2025-03-26 10:55:00,3023.095,SHORT,3024.861857142857,3020.4447142857143,1.766857142857134,34440
2025-03-26 12:30:00,3027.245,LONG,3025.271142857143,3030.2057857142854,1.9738571428571114,34459
2025-03-26 13:10:00,3025.365,LONG,3023.171857142857,3028.654714285714,2.19314285714287,34467
2025-03-26 13:45:00,3018.978,SHORT,3021.5190714285714,3015.166392857143,2.5410714285714806,34474
2025-03-26 14:55:00,3017.265,SHORT,3019.7402857142856,3013.5520714285713,2.4752857142856493,34488
2025-03-26 15:50:00,3015.425,SHORT,3017.936,3011.6585000000005,2.5109999999999673,34499
2025-03-26 16:25:00,3018.955,SHORT,3020.8159285714282,3016.163607142857,1.8609285714285306,34506
2025-03-26 17:00:00,3015.235,SHORT,3016.8795714285716,3012.768142857143,1.644571428571388,34513
2025-03-26 17:25:00,3016.505,SHORT,3017.9952857142857,3014.269571428572,1.4902857142856192,34518
2025-03-26 22:00:00,3020.248,LONG,3018.964785714286,3022.1728214285713,1.2832142857142637,34561
2025-03-26 22:15:00,3020.535,LONG,3019.0265714285715,3022.797642857143,1.5084285714285346,34564
2025-03-26 23:05:00,3019.495,LONG,3018.160714285714,3021.4964285714286,1.3342857142858,34574
2025-03-26 23:20:00,3019.565,LONG,3018.3078571428573,3021.4507142857146,1.2571428571429482,34577
2025-03-26 23:55:00,3021.395,LONG,3020.1721428571427,3023.2292857142857,1.2228571428571675,34584
2025-03-27 05:10:00,3033.598,LONG,3031.7962857142857,3036.3005714285714,1.8017142857141997,34647
2025-03-27 06:00:00,3031.825,LONG,3029.696357142857,3035.0179642857142,2.1286428571428195,34657
2025-03-27 06:10:00,3030.005,LONG,3027.5942142857143,3033.6211785714286,2.4107857142856637,34659
2025-03-27 07:35:00,3032.348,LONG,3030.578,3035.0029999999997,1.7699999999999818,34676
2025-03-27 09:25:00,3035.665,LONG,3033.9792857142857,3038.1935714285714,1.6857142857142793,34698
2025-03-27 11:40:00,3052.395,LONG,3050.0020714285715,3055.9843928571427,2.3929285714285533,34725
2025-03-27 12:30:00,3050.815,LONG,3048.5582142857143,3054.2001785714288,2.2567857142856673,34735
2025-03-27 12:40:00,3049.508,LONG,3047.168857142857,3053.016714285714,2.339142857142828,34737
2025-03-27 13:00:00,3050.915,LONG,3048.2962857142857,3054.8430714285714,2.6187142857142396,34741
2025-03-27 16:05:00,3052.175,LONG,3049.257285714286,3056.5515714285716,2.91771428571438,34778
2025-03-27 16:50:00,3049.705,LONG,3047.2975,3053.31625,2.407499999999995,34787
2025-03-27 20:35:00,3056.415,LONG,3055.5385714285712,3057.729642857143,0.8764285714286351,34832
2025-03-27 22:45:00,3055.648,LONG,3054.5811428571433,3057.248285714286,1.0668571428570885,34846
2025-03-28 00:00:00,3056.825,LONG,3055.956714285714,3058.1274285714285,0.8682857142856781,34861
2025-03-28 00:15:00,3060.025,LONG,3058.704285714286,3062.0060714285714,1.3207142857142375,34864
2025-03-28 02:55:00,3071.695,LONG,3069.452285714286,3075.0590714285713,2.242714285714231,34896
2025-03-28 03:50:00,3074.045,LONG,3072.188285714286,3076.8300714285715,1.8567142857142958,34907
2025-03-28 07:40:00,3081.905,LONG,3079.884285714286,3084.9360714285717,2.0207142857143157,34953
2025-03-28 07:50:00,3080.115,LONG,3077.872857142857,3083.478214285714,2.2421428571428805,34955
2025-03-28 10:15:00,3069.565,SHORT,3071.542,3066.5995,1.9770000000000567,34984
2025-03-28 10:45:00,3073.385,SHORT,3075.4262857142858,3070.3230714285714,2.0412857142857774,34990
2025-03-28 12:20:00,3075.648,LONG,3073.903714285714,3078.2644285714287,1.744285714285752,35009
2025-03-28 12:30:00,3077.885,LONG,3075.890428571429,3080.8768571428577,1.9945714285715244,35011
2025-03-28 13:15:00,3074.155,LONG,3070.8245,3079.1507500000002,3.3305000000001264,35020
2025-03-28 13:40:00,3075.478,LONG,3071.2675,3081.7937500000003,4.210500000000073,35025
2025-03-28 16:45:00,3083.498,LONG,3081.019928571429,3087.215107142857,2.4780714285713787,35062
2025-03-28 19:05:00,3080.535,SHORT,3082.3385714285714,3077.8296428571425,1.8035714285714934,35090
2025-03-30 23:40:00,3088.605,LONG,3087.222714285714,3090.6784285714284,1.382285714285737,35133
2025-03-31 00:05:00,3085.935,LONG,3084.392214285714,3088.2491785714283,1.5427857142856933,35138
2025-03-31 05:10:00,3109.398,LONG,3106.9449285714286,3113.0776071428572,2.453071428571385,35199
2025-03-31 06:00:00,3117.295,LONG,3114.046642857143,3122.167535714286,3.248357142857198,35209
2025-03-31 08:30:00,3122.955,LONG,3120.6566428571427,3126.4025357142855,2.29835714285712,35239
2025-03-31 11:50:00,3117.085,SHORT,3119.514357142857,3113.4409642857145,2.429357142857173,35279
2025-03-31 12:00:00,3120.745,LONG,3118.4094285714286,3124.248357142857,2.335571428571419,35281
2025-03-31 17:50:00,3118.315,LONG,3116.493214285714,3121.0476785714286,1.8217857142857221,35351
2025-03-31 19:45:00,3122.535,LONG,3120.771214285714,3125.1806785714284,1.7637857142857294,35374
2025-03-31 22:00:00,3124.598,LONG,3123.452357142857,3126.316464285714,1.1456428571428725,35389
2025-03-31 22:40:00,3122.948,LONG,3121.7275,3124.77875,1.2205000000000317,35397
2025-04-01 00:30:00,3124.335,LONG,3122.355785714286,3127.3038214285716,1.9792142857142412,35419
2025-04-01 08:15:00,3132.485,SHORT,3135.685,3127.685,3.1999999999999806,35512
2025-04-01 10:45:00,3133.179,SHORT,3135.695642857143,3129.404035714286,2.516642857142837,35542
2025-04-01 11:20:00,3130.648,SHORT,3133.293,3126.6805000000004,2.644999999999982,35549
2025-04-01 12:30:00,3131.665,SHORT,3134.252785714286,3127.7833214285715,2.587785714285701,35563
2025-04-01 14:05:00,3132.055,SHORT,3135.6175714285714,3126.711142857143,3.5625714285714105,35582
2025-04-01 14:25:00,3126.615,SHORT,3130.7861428571427,3120.3582857142856,4.17114285714287,35586
2025-04-01 15:05:00,3130.315,SHORT,3134.407357142857,3124.1764642857142,4.092357142857184,35594
2025-04-01 18:20:00,3114.935,SHORT,3116.8757142857144,3112.0239285714283,1.9407142857143234,35633
2025-04-01 19:00:00,3113.565,SHORT,3115.4195714285715,3110.783142857143,1.854571428571457,35641
2025-04-01 19:30:00,3116.665,SHORT,3118.2935714285713,3114.222142857143,1.628571428571474,35647
2025-04-01 22:05:00,3113.665,SHORT,3114.9734285714285,3111.7023571428567,1.3084285714287165,35666
2025-04-02 00:10:00,3113.445,SHORT,3114.8607142857145,3111.3214285714284,1.4157142857143623,35691
2025-04-02 03:10:00,3131.398,LONG,3129.130857142857,3134.798714285714,2.267142857142809,35727
2025-04-02 03:40:00,3127.618,LONG,3125.5244285714284,3130.7583571428568,2.0935714285713596,35733
2025-04-02 06:50:00,3117.265,SHORT,3119.651571428571,3113.6851428571426,2.38657142857135,35771
2025-04-02 07:25:00,3116.545,SHORT,3119.0454285714286,3112.7943571428573,2.500428571428626,35778
2025-04-02 09:40:00,3128.885,LONG,3126.5305000000003,3132.4167500000003,2.354499999999981,35805
2025-04-02 11:35:00,3119.635,SHORT,3123.1967142857143,3114.292428571429,3.5617142857142556,35828
2025-04-02 12:10:00,3118.875,SHORT,3121.4752857142857,3114.9745714285714,2.6002857142856817,35835
2025-04-02 12:30:00,3124.495,SHORT,3127.315071428571,3120.264892857143,2.8200714285713793,35839
2025-04-02 14:40:00,3125.595,LONG,3121.7602857142856,3131.3470714285713,3.834714285714296,35865
2025-04-02 15:40:00,3127.148,LONG,3123.952285714286,3131.9415714285715,3.1957142857142378,35877
2025-04-02 18:05:00,3122.875,SHORT,3125.2869285714287,3119.257107142857,2.4119285714285588,35906
2025-04-02 18:55:00,3121.448,SHORT,3123.554214285714,3118.2886785714286,2.1062142857142265,35916
2025-04-02 19:55:00,3123.915,SHORT,3125.5767142857144,3121.4224285714286,1.6617142857142622,35928
2025-04-02 20:50:00,3131.368,LONG,3122.1330714285714,3145.2203928571425,9.234928571428554,35939
2025-04-03 00:20:00,3143.515,LONG,3138.6685714285713,3150.7846428571424,4.8464285714285,35969
2025-04-03 00:50:00,3150.055,LONG,3144.098857142857,3158.9892142857143,5.956142857142822,35975
2025-04-03 01:55:00,3153.255,LONG,3148.0324285714287,3161.0888571428573,5.22257142857133,35988
2025-04-03 02:35:00,3147.575,LONG,3143.496857142857,3153.692214285714,4.078142857142796,35996
2025-04-03 03:25:00,3148.035,LONG,3144.0797857142857,3153.9678214285714,3.955214285714224,36006
2025-04-03 06:55:00,3127.645,SHORT,3132.2574285714286,3120.726357142857,4.612428571428544,36048
2025-04-03 08:00:00,3128.335,SHORT,3131.632357142857,3123.3889642857143,3.2973571428571113,36061
2025-04-03 08:40:00,3128.415,SHORT,3131.3824285714286,3123.9638571428573,2.967428571428497,36069
2025-04-03 13:50:00,3087.195,SHORT,3095.755571428572,3074.354142857143,8.560571428571393,36131
2025-04-03 15:40:00,3112.775,LONG,3105.938857142857,3123.0292142857143,6.836142857142834,36153
2025-04-03 16:40:00,3109.098,LONG,3104.1945,3116.45325,4.903500000000024,36165
2025-04-03 17:10:00,3103.648,LONG,3099.8162142857145,3109.3956785714286,3.831785714285713,36171
2025-04-03 18:50:00,3109.525,LONG,3107.0837142857144,3113.186928571429,2.4412857142856734,36191
2025-04-03 22:50:00,3113.018,LONG,3110.881785714286,3116.2223214285714,2.1362142857142965,36227
2025-04-03 23:10:00,3110.928,LONG,3108.9861428571426,3113.8407857142856,1.941857142857186,36231
2025-04-03 23:40:00,3114.275,LONG,3112.3490714285717,3117.163892857143,1.9259285714285528,36237
2025-04-04 04:05:00,3097.898,SHORT,3101.6138571428573,3092.3242142857143,3.7158571428571707,36290
2025-04-04 04:20:00,3098.278,SHORT,3101.3887857142854,3093.611821428571,3.110785714285742,36293
2025-04-04 05:10:00,3101.735,SHORT,3104.6405714285715,3097.376642857143,2.9055714285714203,36303
2025-04-04 06:20:00,3104.485,LONG,3101.7222142857145,3108.629178571429,2.7627857142857857,36317
2025-04-04 06:55:00,3100.805,SHORT,3103.3799285714285,3096.942607142857,2.5749285714285697,36324
2025-04-04 07:40:00,3093.588,SHORT,3097.3713571428575,3087.9129642857147,3.7833571428571497,36333
2025-04-04 09:25:00,3093.435,SHORT,3097.114642857143,3087.9155357142854,3.679642857142913,36354
2025-04-04 09:55:00,3090.525,SHORT,3094.0843571428572,3085.1859642857144,3.559357142857217,36360
2025-04-04 11:45:00,3109.845,LONG,3101.165071428571,3122.8648928571424,8.679928571428556,36382
2025-04-04 16:40:00,3032.385,SHORT,3039.2837142857143,3022.0369285714287,6.898714285714277,36441
2025-04-04 17:40:00,3023.648,SHORT,3028.5735,3016.25975,4.925499999999959,36453
2025-04-04 19:25:00,3028.385,SHORT,3032.5862142857145,3022.083178571429,4.201214285714253,36474
2025-04-07 00:20:00,2983.225,SHORT,2995.0111428571427,2965.5457857142856,11.78614285714288,36521
2025-04-07 02:50:00,3034.955,LONG,3026.199857142857,3048.087714285714,8.755142857142735,36551
2025-04-07 03:00:00,3027.425,LONG,3018.8048571428576,3040.3552142857143,8.620142857142744,36553
2025-04-07 04:05:00,3026.945,LONG,3021.389857142857,3035.2777142857144,5.55514285714282,36566
2025-04-07 05:15:00,3037.845,LONG,3032.8074285714283,3045.401357142857,5.037571428571417,36580
2025-04-07 06:50:00,3025.675,LONG,3019.969785714286,3034.2328214285717,5.705214285714289,36599
2025-04-07 07:35:00,3018.845,SHORT,3025.944857142857,3008.1952142857144,7.099857142857023,36608
2025-04-07 07:50:00,3022.195,SHORT,3029.376,3011.4235000000003,7.18099999999991,36611
2025-04-07 10:05:00,3029.348,LONG,3023.67,3037.865,5.677999999999981,36638
2025-04-07 12:05:00,3028.798,LONG,3023.518928571428,3036.716607142857,5.27907142857144,36662
2025-04-07 13:25:00,3024.365,SHORT,3030.4859285714283,3015.183607142857,6.120928571428586,36678
2025-04-07 14:20:00,3018.035,SHORT,3027.233,3004.238,9.198000000000093,36689
2025-04-07 14:30:00,3005.875,SHORT,3016.011785714286,2990.669821428571,10.136785714285809,36691
2025-04-07 18:05:00,2970.095,SHORT,2976.389428571428,2960.6533571428567,6.294428571428592,36734
2025-04-07 18:40:00,2971.475,SHORT,2975.635714285714,2965.2339285714284,4.1607142857143185,36741
2025-04-07 19:50:00,2975.625,SHORT,2979.407142857143,2969.9517857142855,3.7821428571428766,36755
2025-04-07 22:10:00,2983.555,LONG,2980.6539999999995,2987.9065,2.9010000000000673,36771
2025-04-08 00:10:00,2984.975,LONG,2982.292857142857,2988.9982142857143,2.682142857142805,36795
2025-04-08 01:00:00,2990.375,LONG,2986.847714285714,2995.6659285714286,3.527285714285751,36805
2025-04-08 03:15:00,2999.165,LONG,2996.0547857142856,3003.8303214285716,3.110214285714327,36832
2025-04-08 03:35:00,2996.435,LONG,2993.2726428571427,3001.1785357142858,3.1623571428572177,36836
2025-04-08 04:00:00,2998.265,LONG,2995.0635714285713,3003.0671428571427,3.2014285714286808,36841
2025-04-08 04:35:00,2994.545,LONG,2991.8764285714287,2998.5478571428575,2.6685714285715028,36848
2025-04-08 05:55:00,3005.455,LONG,3001.880714285714,3010.8164285714283,3.574285714285744,36864
2025-04-08 07:10:00,3011.925,LONG,3008.4745000000003,3017.10075,3.450499999999985,36879
2025-04-08 07:25:00,3009.805,LONG,3006.202142857143,3015.2092857142857,3.6028571428571143,36882
2025-04-08 07:50:00,3004.985,LONG,3001.267142857143,3010.561785714286,3.717857142857156,36887
2025-04-08 08:05:00,3005.695,LONG,3001.7069285714288,3011.6771071428575,3.9880714285714345,36890
2025-04-08 10:35:00,3007.485,LONG,3004.1207142857143,3012.531428571429,3.36428571428574,36920
2025-04-08 11:45:00,3010.735,LONG,3007.931,3014.9410000000003,2.8040000000000225,36934
2025-04-08 12:05:00,3018.255,LONG,3014.6693571428573,3023.6334642857146,3.585642857142862,36938
2025-04-08 12:30:00,3012.145,LONG,3007.397214285714,3019.2666785714287,4.747785714285653,36943
2025-04-08 14:25:00,3012.355,LONG,3007.2855,3019.95925,5.069499999999964,36966
2025-04-08 15:40:00,3004.925,SHORT,3008.9237857142857,2998.9268214285717,3.9987857142856944,36981
2025-04-08 18:05:00,2982.345,SHORT,2986.558571428571,2976.0246428571427,4.213571428571478,37010
2025-04-08 18:40:00,2986.675,SHORT,2990.5550000000003,2980.8550000000005,3.8799999999999466,37017
2025-04-08 20:00:00,2983.795,SHORT,2987.192857142857,2978.6982142857146,3.3978571428570894,37033
2025-04-08 22:30:00,2982.695,SHORT,2984.7135714285714,2979.667142857143,2.018571428571412,37051
2025-04-09 00:10:00,2977.715,SHORT,2982.46,2970.5975000000003,4.7450000000000205,37071
2025-04-09 04:00:00,3005.495,LONG,3002.3247857142856,3010.250321428571,3.1702142857142723,37117
2025-04-09 08:20:00,3050.185,LONG,3045.498642857143,3057.214535714286,4.68635714285717,37169
2025-04-09 09:00:00,3045.125,LONG,3040.5655,3051.96425,4.559500000000006,37177
2025-04-09 09:30:00,3047.555,LONG,3043.13,3054.1924999999997,4.4249999999999545,37183
2025-04-09 10:30:00,3042.605,LONG,3039.1676428571427,3047.7610357142858,3.437357142857146,37195
2025-04-09 11:00:00,3043.445,LONG,3039.8250000000003,3048.875,3.6199999999999557,37201
2025-04-09 12:25:00,3053.565,LONG,3046.4027142857144,3064.3084285714285,7.1622857142857095,37218
2025-04-09 15:05:00,3071.605,LONG,3066.119142857143,3079.8337857142856,5.485857142857152,37250
2025-04-09 17:10:00,3089.045,LONG,3085.021,3095.081,4.024000000000082,37275
2025-04-09 18:55:00,3066.785,SHORT,3075.1852857142853,3054.1845714285714,8.400285714285669,37296
2025-04-09 19:10:00,3085.865,SHORT,3093.9614285714283,3073.720357142857,8.0964285714285,37299
2025-04-09 20:40:00,3082.525,LONG,3076.2282142857143,3091.9701785714287,6.296785714285696,37317
2025-04-09 22:30:00,3087.295,LONG,3081.889285714286,3095.4035714285715,5.405714285714306,37327
2025-04-09 23:05:00,3081.315,LONG,3076.38,3088.7175,4.93500000000001,37334
2025-04-10 01:40:00,3087.935,LONG,3082.4346428571425,3096.185535714286,5.500357142857248,37365
2025-04-10 04:50:00,3126.645,LONG,3123.4189285714283,3131.4841071428573,3.2260714285715233,37403
2025-04-10 06:10:00,3125.115,LONG,3121.137857142857,3131.0807142857143,3.9771428571429106,37419
2025-04-10 07:15:00,3118.625,LONG,3115.3160714285714,3123.588392857143,3.308928571428591,37432
2025-04-10 08:50:00,3107.867,SHORT,3112.5825714285716,3100.793642857143,4.715571428571463,37451
2025-04-10 11:10:00,3115.815,LONG,3112.29,3121.1025,3.5249999999999937,37479
2025-04-10 12:00:00,3125.205,LONG,3121.6964285714284,3130.467857142857,3.5085714285713885,37489
2025-04-10 13:45:00,3124.505,LONG,3118.2485714285717,3133.889642857143,6.2564285714285495,37510
2025-04-10 16:00:00,3159.993,LONG,3153.6141428571427,3169.5612857142855,6.378857142857116,37537
2025-04-10 18:15:00,3160.305,LONG,3156.3669999999997,3166.212,3.9380000000000046,37564
2025-04-11 00:10:00,3189.805,LONG,3186.6364285714285,3194.557857142857,3.168571428571405,37623
2025-04-11 01:20:00,3208.095,LONG,3199.9135714285712,3220.3671428571424,8.181428571428537,37637
2025-04-11 06:30:00,3200.485,SHORT,3207.7535714285714,3189.582142857143,7.268571428571347,37699
2025-04-11 07:25:00,3205.455,SHORT,3211.8542857142857,3195.8560714285713,6.399285714285627,37710
2025-04-11 09:20:00,3216.875,LONG,3211.7054285714285,3224.629357142857,5.169571428571349,37733
2025-04-11 09:30:00,3216.125,LONG,3211.127142857143,3223.6217857142856,4.997857142857031,37735
2025-04-11 10:45:00,3215.625,LONG,3210.59,3223.1775,5.034999999999952,37750
2025-04-11 11:15:00,3221.855,LONG,3216.2628571428572,3230.243214285714,5.59214285714279,37756
2025-04-11 12:10:00,3218.595,LONG,3213.577142857143,3226.1217857142856,5.0178571428570775,37767
2025-04-11 14:40:00,3230.205,LONG,3222.3677857142857,3241.9608214285713,7.837214285714221,37797
2025-04-11 16:40:00,3230.99,LONG,3227.2701428571427,3236.5697857142854,3.719857142857076,37821
2025-04-11 17:35:00,3234.445,LONG,3229.679642857143,3241.593035714286,4.7653571428571855,37832
2025-04-11 20:50:00,3237.015,LONG,3234.4821428571427,3240.8142857142857,2.5328571428571456,37871
2025-04-14 00:20:00,3224.275,SHORT,3227.4914285714285,3219.4503571428572,3.216428571428488,37901
2025-04-14 00:55:00,3220.575,SHORT,3223.677428571428,3215.9213571428572,3.1024285714285207,37908
2025-04-14 02:35:00,3235.195,LONG,3230.482142857143,3242.264285714286,4.712857142857176,37928
2025-04-14 03:35:00,3233.025,LONG,3229.2735714285714,3238.6521428571427,3.75142857142857,37940
2025-04-14 04:25:00,3232.305,LONG,3230.0421428571426,3235.6992857142855,2.2628571428571314,37950
2025-04-14 05:40:00,3227.735,SHORT,3230.8585714285714,3223.049642857143,3.1235714285713647,37965
2025-04-14 06:55:00,3230.745,LONG,3227.237857142857,3236.0057142857145,3.507142857142948,37980
2025-04-14 07:45:00,3228.715,LONG,3225.9178571428574,3232.9107142857147,2.797142857142944,37990
2025-04-14 08:00:00,3222.165,SHORT,3225.5164285714286,3217.1378571428572,3.351428571428609,37993
2025-04-14 08:40:00,3221.965,SHORT,3226.3650000000002,3215.3650000000002,4.400000000000058,38001
2025-04-14 10:05:00,3221.775,SHORT,3224.9207142857144,3217.0564285714286,3.1457142857142832,38018
2025-04-14 11:20:00,3221.185,SHORT,3225.92,3214.0824999999995,4.735000000000127,38033
2025-04-14 12:30:00,3211.025,SHORT,3214.7685714285717,3205.409642857143,3.7435714285715482,38047
2025-04-14 13:50:00,3204.595,SHORT,3211.126857142857,3194.7972142857143,6.531857142857136,38063
2025-04-14 15:35:00,3200.625,SHORT,3204.264285714286,3195.1660714285713,3.639285714285766,38084
2025-04-14 19:45:00,3211.665,LONG,3209.1135714285715,3215.492142857143,2.551428571428557,38134
2025-04-14 23:10:00,3211.395,LONG,3210.1885714285713,3213.204642857143,1.2064285714286274,38163
2025-04-15 00:15:00,3214.045,LONG,3212.487857142857,3216.3807142857145,1.5571428571428376,38176
2025-04-15 00:40:00,3211.815,LONG,3209.8764285714287,3214.7228571428573,1.9385714285714195,38181
2025-04-15 01:00:00,3212.555,LONG,3210.545,3215.5699999999997,2.009999999999991,38185
2025-04-15 05:45:00,3223.115,LONG,3220.650714285714,3226.811428571428,2.464285714285649,38242
2025-04-15 06:05:00,3226.035,LONG,3223.3878571428572,3230.005714285714,2.647142857142756,38246
2025-04-15 08:45:00,3228.335,LONG,3225.151428571429,3233.110357142857,3.183571428571408,38278
2025-04-15 10:30:00,3222.735,SHORT,3224.8035714285716,3219.6321428571428,2.068571428571496,38299
2025-04-15 11:10:00,3221.725,SHORT,3224.1407142857142,3218.101428571428,2.41571428571433,38307
2025-04-15 12:15:00,3222.405,SHORT,3224.801428571429,3218.8103571428574,2.3964285714285194,38320
2025-04-15 12:50:00,3221.555,SHORT,3225.175714285714,3216.123928571428,3.6207142857142895,38327
2025-04-15 13:10:00,3222.375,SHORT,3226.284285714286,3216.5110714285715,3.909285714285748,38331
2025-04-15 13:40:00,3214.695,SHORT,3218.457142857143,3209.051785714286,3.7621428571428623,38337
2025-04-15 16:45:00,3221.995,LONG,3219.937857142857,3225.0807142857143,2.057142857142838,38374
2025-04-15 19:35:00,3227.265,LONG,3225.5814285714287,3229.790357142857,1.6835714285713752,38408
2025-04-15 20:20:00,3227.845,LONG,3225.702857142857,3231.058214285714,2.1421428571427765,38417
2025-04-16 03:20:00,3272.135,LONG,3268.799285714286,3277.1385714285716,3.3357142857143054,38489
2025-04-16 06:45:00,3289.265,LONG,3286.2114285714283,3293.8453571428568,3.0535714285713635,38530
2025-04-16 08:45:00,3302.115,LONG,3295.098714285714,3312.6394285714287,7.016285714285784,38554
2025-04-16 11:50:00,3310.425,LONG,3306.0707142857145,3316.9564285714287,4.354285714285717,38591
2025-04-16 12:40:00,3312.415,LONG,3307.722142857143,3319.4542857142856,4.692857142857195,38601
2025-04-16 13:05:00,3309.885,LONG,3305.665,3316.215,4.22000000000006,38606
2025-04-16 13:25:00,3304.725,LONG,3299.667857142857,3312.3107142857143,5.057142857142968,38610
2025-04-16 15:10:00,3308.965,LONG,3304.167142857143,3316.1617857142855,4.797857142857083,38631
2025-04-16 18:00:00,3332.155,LONG,3328.954,3336.9565000000002,3.2009999999999894,38665
2025-04-16 20:30:00,3338.585,LONG,3336.1092857142858,3342.2985714285714,2.4757142857142753,38695
2025-04-16 23:45:00,3351.675,LONG,3349.7114285714288,3354.6203571428573,1.9635714285714454,38722
2025-04-16 23:55:00,3349.885,LONG,3347.6000000000004,3353.3125000000005,2.285000000000017,38724
2025-04-17 00:20:00,3345.385,LONG,3342.7007142857146,3349.411428571429,2.684285714285774,38729
2025-04-17 01:00:00,3346.555,LONG,3342.4154285714285,3352.764357142857,4.139571428571442,38737
2025-04-17 01:10:00,3352.695,LONG,3348.436857142857,3359.0822142857146,4.258142857142859,38739
2025-04-17 03:05:00,3338.865,SHORT,3343.25,3332.2875,4.384999999999991,38762
2025-04-17 04:25:00,3341.665,LONG,3338.9514285714286,3345.735357142857,2.713571428571413,38778
2025-04-17 04:35:00,3339.835,LONG,3337.0642857142857,3343.9910714285716,2.770714285714251,38780
2025-04-17 05:10:00,3336.605,SHORT,3339.235,3332.66,2.629999999999979,38787
2025-04-17 07:05:00,3324.065,SHORT,3328.014285714286,3318.1410714285716,3.949285714285744,38810
2025-04-17 08:10:00,3322.045,SHORT,3326.494857142857,3315.3702142857146,4.449857142857094,38823
2025-04-17 09:00:00,3321.325,SHORT,3324.7564285714284,3316.1778571428567,3.4314285714286012,38833
2025-04-17 13:05:00,3329.665,LONG,3324.041714285714,3338.099928571429,5.623285714285755,38882
2025-04-17 13:25:00,3322.705,SHORT,3327.7292857142857,3315.1685714285713,5.024285714285725,38886
2025-04-17 18:40:00,3316.535,LONG,3314.3242857142855,3319.8510714285712,2.2107142857142725,38949
2025-04-21 03:20:00,3381.005,LONG,3377.989285714286,3385.5285714285715,3.0157142857142065,39041
2025-04-21 04:05:00,3377.845,LONG,3375.206428571428,3381.8028571428567,2.6385714285714,39050
2025-04-21 04:30:00,3374.485,LONG,3371.7085714285713,3378.649642857143,2.776428571428596,39055
2025-04-21 05:10:00,3382.525,LONG,3378.995,3387.82,3.530000000000005,39063
2025-04-21 08:00:00,3386.955,LONG,3384.0421428571426,3391.3242857142855,2.9128571428571246,39097
2025-04-21 08:10:00,3385.105,LONG,3382.2214285714285,3389.4303571428572,2.8835714285713885,39099
2025-04-21 08:40:00,3389.855,LONG,3386.905,3394.28,2.950000000000013,39105
2025-04-21 09:50:00,3394.175,LONG,3391.7092857142857,3397.8735714285717,2.465714285714317,39119
2025-04-21 11:15:00,3389.885,LONG,3387.2235714285716,3393.877142857143,2.661428571428587,39136
2025-04-21 12:30:00,3403.385,LONG,3399.0414285714287,3409.900357142857,4.34357142857136,39151
2025-04-21 14:50:00,3413.295,LONG,3406.9735714285716,3422.7771428571427,6.321428571428539,39179
2025-04-21 15:55:00,3422.695,LONG,3417.617142857143,3430.3117857142856,5.077857142857089,39192
2025-04-21 17:05:00,3410.285,LONG,3406.720714285714,3415.6314285714284,3.564285714285753,39206
2025-04-21 18:25:00,3424.625,LONG,3421.28,3429.6425,3.344999999999897,39222
2025-04-21 20:10:00,3420.795,LONG,3417.716428571429,3425.4128571428573,3.0785714285713572,39243
2025-04-21 22:15:00,3432.975,LONG,3430.55,3436.6124999999997,2.4249999999999545,39256
2025-04-21 23:10:00,3433.575,LONG,3430.5042857142857,3438.181071428571,3.0707142857142378,39267
2025-04-22 01:10:00,3433.545,LONG,3427.296428571429,3442.917857142857,6.248571428571397,39291
2025-04-22 04:50:00,3481.935,LONG,3478.009285714286,3487.8235714285715,3.925714285714256,39335
2025-04-22 05:35:00,3482.045,LONG,3478.209285714286,3487.7985714285714,3.835714285714143,39344
2025-04-22 06:25:00,3488.335,LONG,3482.232857142857,3497.488214285714,6.102142857142845,39354
2025-04-22 07:50:00,3470.165,SHORT,3477.215,3459.59,7.050000000000019,39371
2025-04-22 10:35:00,3457.835,SHORT,3462.6231428571427,3450.6527857142855,4.788142857142865,39404
2025-04-22 11:20:00,3452.225,SHORT,3457.340714285714,3444.5514285714285,5.1157142857143425,39413
2025-04-22 12:05:00,3455.105,SHORT,3459.869285714286,3447.9585714285713,4.7642857142858315,39422
2025-04-22 12:20:00,3452.945,SHORT,3458.297142857143,3444.9167857142857,5.352142857142975,39425
2025-04-22 13:25:00,3443.395,SHORT,3452.755714285714,3429.3539285714287,9.360714285714266,39438
2025-04-22 14:15:00,3424.495,SHORT,3435.3864285714285,3408.157857142857,10.891428571428476,39448
2025-04-22 17:40:00,3396.035,SHORT,3404.2392857142854,3383.7285714285713,8.204285714285659,39489
2025-04-22 20:20:00,3381.025,SHORT,3386.092142857143,3373.424285714286,5.067142857142926,39521
2025-04-22 23:20:00,3341.575,SHORT,3350.087714285714,3328.8059285714285,8.512714285714278,39545
2025-04-23 02:25:00,3372.955,LONG,3365.8714285714286,3383.580357142857,7.0835714285714335,39582
2025-04-23 04:45:00,3343.785,SHORT,3347.93,3337.5674999999997,4.145000000000047,39610
2025-04-23 05:35:00,3327.315,SHORT,3332.437857142857,3319.6307142857145,5.122857142857129,39620
2025-04-23 08:30:00,3314.395,SHORT,3319.56,3306.6475,5.1650000000000285,39655
2025-04-23 10:20:00,3328.955,LONG,3323.765,3336.74,5.190000000000055,39677
2025-04-23 11:20:00,3337.125,LONG,3331.7664285714286,3345.1628571428573,5.358571428571395,39689
2025-04-23 12:40:00,3319.695,SHORT,3325.8264285714286,3310.4978571428574,6.131428571428581,39705
2025-04-23 15:00:00,3285.035,SHORT,3294.9410714285714,3270.175892857143,9.906071428571327,39733
2025-04-23 18:30:00,3279.695,SHORT,3283.6242142857145,3273.801178571429,3.9292142857143193,39775
2025-04-24 02:45:00,3343.815,LONG,3336.9873571428575,3354.0564642857144,6.827642857142727,39862
2025-04-24 08:20:00,3331.035,LONG,3326.145,3338.37,4.8899999999999375,39929
2025-04-24 09:35:00,3330.445,LONG,3326.676428571429,3336.0978571428573,3.768571428571412,39944
2025-04-24 10:20:00,3330.265,LONG,3326.4542857142856,3335.9810714285713,3.8107142857142144,39953
2025-04-24 12:00:00,3338.735,LONG,3334.6235714285717,3344.902142857143,4.111428571428568,39973
2025-04-24 15:15:00,3320.685,SHORT,3326.4614285714288,3312.020357142857,5.776428571428661,40012
2025-04-24 16:40:00,3327.265,LONG,3323.4331428571427,3333.0127857142857,3.8318571428570585,40029
2025-04-24 18:40:00,3334.915,LONG,3332.8607142857145,3337.9964285714286,2.0542857142856974,40053
2025-04-24 20:20:00,3339.645,LONG,3337.1268571428573,3343.4222142857143,2.518142857142753,40073
2025-04-24 20:40:00,3345.099,LONG,3342.2604285714287,3349.3568571428573,2.8385714285713806,40077
2025-04-24 22:25:00,3362.985,LONG,3357.759857142857,3370.8227142857145,5.225142857142828,40085
2025-04-24 23:35:00,3351.395,LONG,3346.449285714286,3358.8135714285713,4.945714285714238,40099
2025-04-25 00:45:00,3353.545,LONG,3348.87,3360.5575,4.674999999999987,40113
2025-04-25 01:25:00,3352.575,LONG,3347.7371428571428,3359.8317857142856,4.837857142857047,40121
2025-04-25 03:25:00,3348.585,SHORT,3351.7542857142857,3343.8310714285712,3.169285714285739,40145
2025-04-25 03:40:00,3341.965,SHORT,3345.5185714285717,3336.634642857143,3.5535714285714612,40148
2025-04-25 06:45:00,3301.555,SHORT,3309.3171428571427,3289.9117857142855,7.7621428571428295,40185
2025-04-25 09:15:00,3304.255,SHORT,3308.4792857142857,3297.9185714285713,4.224285714285705,40215
2025-04-25 10:20:00,3299.285,SHORT,3302.910714285714,3293.8464285714285,3.625714285714269,40228
2025-04-25 11:10:00,3298.215,SHORT,3301.8107142857143,3292.821428571429,3.5957142857142634,40238
2025-04-25 13:05:00,3283.185,SHORT,3289.142857142857,3274.2482142857143,5.957857142857132,40261
2025-04-25 13:50:00,3281.015,SHORT,3288.882857142857,3269.213214285714,7.867857142857149,40270
2025-04-25 19:30:00,3298.555,LONG,3296.2785714285715,3301.969642857143,2.2764285714285313,40338
2025-04-27 23:00:00,3311.405,LONG,3305.4499285714287,3320.337607142857,5.955071428571338,40368
2025-04-27 23:20:00,3305.005,LONG,3299.5963571428574,3313.117964285714,5.408642857142793,40372
2025-04-27 23:50:00,3302.145,LONG,3297.470357142857,3309.1569642857144,4.674642857142804,40378
2025-04-28 02:50:00,3282.985,SHORT,3289.0132857142858,3273.9425714285717,6.028285714285695,40414
2025-04-28 04:05:00,3289.095,SHORT,3292.785714285714,3283.558928571428,3.6907142857143236,40429
2025-04-28 06:15:00,3294.545,LONG,3290.1914285714283,3301.0753571428572,4.353571428571513,40455
2025-04-28 07:50:00,3288.715,SHORT,3293.722142857143,3281.204285714286,5.007142857142851,40474
2025-04-28 11:30:00,3291.065,LONG,3287.842142857143,3295.8992857142857,3.2228571428572,40518
2025-04-28 13:05:00,3295.215,LONG,3291.4357142857143,3300.883928571429,3.779285714285769,40537
2025-04-28 14:10:00,3298.835,LONG,3294.4295714285713,3305.443142857143,4.405428571428631,40550
2025-04-28 18:05:00,3337.005,LONG,3334.236428571429,3341.157857142857,2.7685714285713794,40597
2025-04-28 18:20:00,3345.325,LONG,3342.1735714285714,3350.052142857143,3.1514285714285637,40600
2025-04-28 23:15:00,3336.815,SHORT,3340.5842857142857,3331.161071428571,3.769285714285778,40647
2025-04-29 01:35:00,3333.605,SHORT,3337.8014285714285,3327.3103571428574,4.196428571428571,40675
2025-04-29 02:35:00,3328.705,SHORT,3333.867142857143,3320.9617857142857,5.162142857142856,40687
2025-04-29 06:10:00,3312.585,SHORT,3315.8478571428573,3307.6907142857144,3.2628571428570985,40730
2025-04-29 06:35:00,3318.855,SHORT,3322.715714285714,3313.0639285714287,3.8607142857142662,40735
2025-04-29 07:25:00,3316.875,SHORT,3320.9097142857145,3310.8229285714287,4.034714285714277,40745
2025-04-29 07:55:00,3322.745,LONG,3319.585,3327.4849999999997,3.1599999999999517,40751
2025-04-29 10:10:00,3311.895,SHORT,3314.9528571428573,3307.3082142857143,3.0578571428571064,40778
2025-04-29 10:50:00,3312.935,SHORT,3316.2242857142855,3308.0010714285713,3.2892857142856946,40786
2025-04-29 13:35:00,3319.495,LONG,3314.5614285714287,3326.895357142857,4.933571428571375,40819
2025-04-29 14:15:00,3308.005,SHORT,3314.1800000000003,3298.7425000000003,6.174999999999987,40827
2025-04-29 18:30:00,3319.025,LONG,3316.057142857143,3323.476785714286,2.9678571428571883,40878
2025-04-29 19:30:00,3323.365,LONG,3320.9264285714285,3327.022857142857,2.438571428571387,40890
2025-04-29 20:05:00,3322.675,LONG,3319.9764285714286,3326.7228571428573,2.698571428571443,40897
2025-04-29 20:35:00,3320.075,LONG,3317.911428571428,3323.320357142857,2.163571428571491,40903
2025-04-29 22:35:00,3316.405,SHORT,3318.67,3313.0075,2.26499999999997,40914
2025-04-29 23:00:00,3315.455,SHORT,3317.8892857142855,3311.8035714285716,2.434285714285644,40919
2025-04-30 01:25:00,3318.565,SHORT,3322.112857142857,3313.243214285714,3.5478571428571155,40948
2025-04-30 02:05:00,3307.095,SHORT,3311.560285714286,3300.397071428571,4.465285714285756,40956
2025-04-30 03:30:00,3306.945,SHORT,3310.066428571429,3302.2628571428572,3.121428571428526,40973
2025-04-30 05:15:00,3311.605,SHORT,3314.0814285714287,3307.8903571428573,2.4764285714284466,40994
2025-04-30 05:40:00,3308.625,SHORT,3311.0807142857143,3304.941428571429,2.4557142857141963,40999
2025-04-30 10:45:00,3276.115,SHORT,3279.595,3270.8949999999995,3.4800000000000506,41060
2025-04-30 11:15:00,3275.185,SHORT,3278.671428571429,3269.955357142857,3.486428571428665,41066
2025-04-30 11:35:00,3279.665,SHORT,3283.037142857143,3274.6067857142857,3.3721428571428924,41070
2025-04-30 12:10:00,3273.695,SHORT,3278.05,3267.1625000000004,4.354999999999985,41077
2025-04-30 14:05:00,3307.325,LONG,3300.0892857142853,3318.1785714285716,7.235714285714364,41100
2025-04-30 15:35:00,3306.125,LONG,3300.032714285714,3315.2634285714284,6.092285714285708,41118
2025-04-30 17:20:00,3306.995,LONG,3303.557857142857,3312.150714285714,3.4371428571428817,41139
2025-04-30 18:00:00,3305.885,LONG,3302.9178571428574,3310.3357142857144,2.967142857142887,41147
2025-04-30 18:10:00,3306.595,LONG,3303.3849999999998,3311.41,3.210000000000004,41149
2025-04-30 19:05:00,3303.315,SHORT,3306.0907142857145,3299.1514285714284,2.7757142857143924,41160
2025-04-30 19:30:00,3298.115,SHORT,3300.5792857142856,3294.4185714285713,2.4642857142857792,41165
2025-05-01 02:55:00,3240.955,SHORT,3246.405714285714,3232.7789285714284,5.450714285714347,41242
2025-05-01 04:50:00,3227.265,SHORT,3231.7314285714283,3220.565357142857,4.466428571428553,41265
2025-05-01 05:40:00,3233.185,SHORT,3237.582857142857,3226.588214285714,4.397857142857155,41275
2025-05-01 05:55:00,3236.205,SHORT,3240.095,3230.37,3.890000000000003,41278
2025-05-01 06:40:00,3237.065,SHORT,3241.062142857143,3231.069285714286,3.997142857142827,41287
2025-05-01 07:05:00,3229.855,SHORT,3233.9835714285714,3223.662142857143,4.128571428571441,41292
2025-05-01 07:45:00,3231.355,SHORT,3235.3725714285715,3225.3286428571428,4.017571428571403,41300
2025-05-01 09:00:00,3234.325,SHORT,3236.5499999999997,3230.9874999999997,2.224999999999974,41315
2025-05-01 09:20:00,3227.885,SHORT,3230.4228571428575,3224.0782142857147,2.537857142857092,41319
2025-05-01 11:25:00,3222.945,SHORT,3225.887142857143,3218.531785714286,2.942142857142861,41344
2025-05-01 13:35:00,3228.515,LONG,3221.827142857143,3238.5467857142853,6.687857142857085,41370
2025-05-01 13:55:00,3223.735,LONG,3217.1985714285715,3233.539642857143,6.536428571428522,41374
2025-05-01 16:00:00,3212.485,SHORT,3217.222142857143,3205.3792857142857,4.737142857142869,41399
2025-05-01 18:40:00,3225.335,LONG,3222.3635714285715,3229.792142857143,2.9714285714286297,41431
2025-05-01 23:40:00,3238.475,LONG,3236.1442857142856,3241.971071428571,2.330714285714261,41479
2025-05-01 23:50:00,3237.095,LONG,3234.687857142857,3240.7057142857143,2.407142857142909,41481
2025-05-02 00:25:00,3243.025,LONG,3240.4035714285715,3246.957142857143,2.6214285714286234,41488
2025-05-02 05:00:00,3252.355,LONG,3249.6364285714285,3256.4328571428573,2.7185714285714897,41543
2025-05-02 06:00:00,3252.625,LONG,3249.9614285714288,3256.6203571428573,2.663571428571426,41555
2025-05-02 06:50:00,3249.785,LONG,3246.2374285714286,3255.106357142857,3.5475714285714406,41565
2025-05-02 07:05:00,3254.005,LONG,3250.311,3259.5460000000003,3.694000000000025,41568
2025-05-02 10:25:00,3262.655,LONG,3259.6935714285714,3267.0971428571434,2.961428571428639,41608
2025-05-02 10:45:00,3258.715,LONG,3255.8264285714286,3263.0478571428575,2.8885714285714648,41612
2025-05-02 11:30:00,3266.515,LONG,3263.957571428571,3270.351142857143,2.557428571428545,41621
2025-05-02 12:10:00,3262.315,LONG,3259.1925714285717,3266.998642857143,3.1224285714285025,41629
2025-05-02 13:30:00,3251.155,SHORT,3258.261428571429,3240.4953571428573,7.106428571428556,41645
2025-05-02 13:50:00,3246.845,SHORT,3254.2864285714286,3235.682857142857,7.44142857142856,41649
2025-05-02 14:25:00,3252.935,SHORT,3260.3942857142856,3241.746071428571,7.4592857142858,41656
2025-05-02 17:55:00,3231.025,SHORT,3235.289285714286,3224.6285714285714,4.264285714285734,41698
2025-05-02 19:05:00,3228.855,SHORT,3232.2481428571427,3223.7652857142857,3.3931428571428506,41712
2025-05-02 19:45:00,3232.795,SHORT,3235.9552857142858,3228.0545714285718,3.160285714285692,41720
2025-05-04 23:05:00,3241.485,LONG,3238.592857142857,3245.8232142857146,2.8921428571428742,41748
2025-05-05 00:10:00,3245.735,LONG,3242.8057142857147,3250.128928571429,2.929285714285665,41761
2025-05-05 02:25:00,3265.655,LONG,3261.3528571428574,3272.1082142857144,4.302142857142728,41788
2025-05-05 03:20:00,3260.625,LONG,3256.8335714285713,3266.312142857143,3.791428571428566,41799
2025-05-05 04:20:00,3258.595,LONG,3255.6621428571425,3262.9942857142855,2.932857142857139,41811
2025-05-05 05:30:00,3258.915,LONG,3256.312857142857,3262.818214285714,2.6021428571427805,41825
2025-05-05 05:50:00,3258.545,LONG,3255.6685714285713,3262.8596428571427,2.876428571428505,41829
2025-05-05 06:40:00,3262.375,LONG,3259.005,3267.43,3.369999999999988,41839
2025-05-05 07:05:00,3261.095,LONG,3257.9435714285714,3265.822142857143,3.1514285714285637,41844
2025-05-05 12:00:00,3316.395,LONG,3313.4407142857144,3320.8264285714286,2.9542857142857883,41903
2025-05-05 13:10:00,3317.825,LONG,3314.2582857142856,3323.1750714285713,3.5667142857142022,41917
2025-05-05 14:00:00,3318.055,LONG,3314.046142857143,3324.0682857142856,4.008857142857063,41927
2025-05-05 14:20:00,3319.265,LONG,3313.9914285714285,3327.175357142857,5.273571428571456,41931
2025-05-05 14:45:00,3315.945,LONG,3310.7535714285714,3323.732142857143,5.191428571428625,41936
2025-05-05 16:45:00,3311.475,SHORT,3314.610714285714,3306.7714285714287,3.13571428571426,41960
2025-05-05 17:25:00,3312.965,SHORT,3315.6485714285714,3308.939642857143,2.6835714285713754,41968
2025-05-05 17:30:00,3314.335,LONG,3311.5335714285716,3318.537142857143,2.801428571428492,41969
2025-05-05 17:50:00,3315.175,LONG,3312.7557142857145,3318.8039285714285,2.4192857142857065,41973
2025-05-05 22:45:00,3331.815,LONG,3329.4514285714286,3335.360357142857,2.363571428571439,42020
2025-05-05 23:00:00,3332.215,LONG,3329.4885714285715,3336.304642857143,2.7264285714285443,42023
2025-05-05 23:20:00,3333.105,LONG,3330.337857142857,3337.2557142857145,2.7671428571428414,42027
2025-05-06 03:45:00,3361.285,LONG,3355.1967857142854,3370.417321428571,6.088214285714263,42080
2025-05-06 08:20:00,3381.745,LONG,3376.742142857143,3389.2492857142856,5.002857142857173,42135
2025-05-06 09:05:00,3379.735,LONG,3375.7128571428575,3385.7682142857143,4.022142857142853,42144
2025-05-06 09:35:00,3376.295,LONG,3372.8764285714287,3381.4228571428575,3.4185714285715028,42150
2025-05-06 11:45:00,3376.975,LONG,3374.072857142857,3381.3282142857142,2.9021428571428975,42176
2025-05-06 12:10:00,3377.395,LONG,3374.0242857142857,3382.451071428571,3.3707142857142247,42181
2025-05-06 14:50:00,3382.565,LONG,3377.5128571428572,3390.1432142857143,5.052142857142891,42213
2025-05-06 18:05:00,3412.415,LONG,3409.055714285714,3417.4539285714286,3.359285714285631,42252
2025-05-07 00:00:00,3397.185,SHORT,3404.0157142857142,3386.9389285714287,6.830714285714261,42311
2025-05-07 01:15:00,3371.275,SHORT,3380.4435714285714,3357.5221428571426,9.168571428571536,42326
2025-05-07 02:25:00,3385.195,SHORT,3391.569285714286,3375.6335714285715,6.374285714285731,42340
2025-05-07 03:20:00,3383.785,SHORT,3389.1749999999997,3375.7,5.38999999999997,42351
2025-05-07 03:40:00,3374.205,SHORT,3378.970357142857,3367.056964285714,4.7653571428571535,42355
2025-05-07 04:35:00,3381.985,SHORT,3386.177142857143,3375.696785714286,4.192142857142861,42366
2025-05-07 06:35:00,3391.245,LONG,3387.4849999999997,3396.8849999999998,3.759999999999991,42390
2025-05-07 06:45:00,3390.195,LONG,3386.709285714286,3395.4235714285714,3.4857142857142662,42392
2025-05-07 08:10:00,3386.445,LONG,3382.4614285714288,3392.4203571428575,3.983571428571427,42409
2025-05-07 11:20:00,3386.585,LONG,3382.802142857143,3392.259285714286,3.7828571428571456,42447
2025-05-07 12:55:00,3390.645,LONG,3386.9142857142856,3396.241071428571,3.7307142857141895,42466
2025-05-07 13:05:00,3391.135,LONG,3387.0707142857145,3397.2314285714288,4.064285714285655,42468
2025-05-07 13:25:00,3385.965,LONG,3381.76,3392.2725,4.204999999999927,42472
2025-05-07 13:40:00,3392.875,LONG,3388.5035714285714,3399.432142857143,4.371428571428526,42475
2025-05-07 14:40:00,3382.965,SHORT,3388.1657142857143,3375.1639285714286,5.200714285714249,42487
2025-05-07 15:15:00,3385.245,SHORT,3389.9664285714284,3378.162857142857,4.721428571428565,42494
2025-05-07 18:20:00,3388.825,LONG,3383.8921428571425,3396.2242857142855,4.932857142857172,42531
2025-05-07 19:10:00,3372.295,SHORT,3379.574285714286,3361.376071428572,7.279285714285671,42541
2025-05-08 03:05:00,3404.025,LONG,3399.2777142857144,3411.1459285714286,4.747285714285714,42624
2025-05-08 03:40:00,3396.565,LONG,3392.461714285714,3402.7199285714287,4.10328571428574,42631
2025-05-08 04:20:00,3392.095,LONG,3388.372857142857,3397.678214285714,3.7221428571428987,42639
2025-05-08 07:45:00,3344.775,SHORT,3351.1114285714284,3335.2703571428574,6.3364285714285415,42680
2025-05-08 10:55:00,3342.025,SHORT,3345.8635714285715,3336.267142857143,3.838571428571413,42718
2025-05-08 13:05:00,3360.345,LONG,3355.7721428571426,3367.2042857142856,4.572857142857207,42744
2025-05-08 14:00:00,3355.725,LONG,3350.3084285714285,3363.849857142857,5.41657142857142,42755
2025-05-08 18:10:00,3308.355,SHORT,3312.699285714286,3301.8385714285714,4.344285714285694,42805
2025-05-08 23:20:00,3317.085,LONG,3313.6514285714284,3322.235357142857,3.4335714285714403,42855
2025-05-08 23:55:00,3316.025,LONG,3312.8757142857144,3320.7489285714287,3.149285714285757,42862
2025-05-09 00:40:00,3316.375,LONG,3313.14,3321.2275,3.23500000000003,42871
2025-05-09 06:25:00,3320.715,LONG,3316.134285714286,3327.586071428572,4.5807142857142935,42940
2025-05-09 07:40:00,3329.775,LONG,3325.7885714285717,3335.7546428571427,3.9864285714285352,42955
2025-05-09 08:20:00,3324.285,LONG,3320.7828571428568,3329.5382142857143,3.502142857142904,42963
2025-05-09 10:35:00,3323.955,LONG,3321.5714285714284,3327.5303571428567,2.383571428571323,42990
2025-05-09 11:00:00,3328.795,LONG,3326.1535714285715,3332.7571428571428,2.641428571428508,42995
2025-05-09 13:05:00,3331.965,LONG,3328.779285714286,3336.7435714285716,3.185714285714247,43020
2025-05-09 13:45:00,3336.135,LONG,3332.411428571429,3341.720357142857,3.723571428571339,43028
2025-05-09 14:40:00,3337.445,LONG,3332.315,3345.1400000000003,5.130000000000011,43039
2025-05-09 16:45:00,3340.845,LONG,3337.6685714285713,3345.6096428571427,3.1764285714285245,43064
2025-05-09 17:15:00,3337.915,LONG,3334.7735714285714,3342.6271428571426,3.141428571428508,43070
2025-05-09 18:15:00,3338.925,LONG,3336.57,3342.4575000000004,2.3550000000000506,43082
2025-05-11 23:40:00,3279.915,SHORT,3286.012142857143,3270.7692857142856,6.097142857142834,43135
2025-05-12 00:15:00,3282.665,SHORT,3288.2878571428573,3274.230714285714,5.622857142857226,43142
2025-05-12 01:05:00,3269.655,SHORT,3275.4978571428574,3260.8907142857142,5.8428571428572855,43152
2025-05-12 02:50:00,3272.085,SHORT,3277.1825714285715,3264.438642857143,5.097571428571492,43173
2025-05-12 06:35:00,3276.545,SHORT,3280.545,3270.545,4.000000000000065,43218
2025-05-12 07:10:00,3246.055,SHORT,3252.115,3236.9649999999997,6.060000000000043,43225
2025-05-12 09:05:00,3227.045,SHORT,3232.0607142857143,3219.5214285714287,5.015714285714337,43248
2025-05-12 11:55:00,3224.625,SHORT,3229.6828571428573,3217.0382142857143,5.057857142857204,43282
2025-05-12 13:35:00,3236.455,LONG,3231.074285714286,3244.5260714285714,5.380714285714215,43302
2025-05-12 14:15:00,3241.265,LONG,3234.754,3251.0315,6.511000000000032,43310
2025-05-12 15:20:00,3237.795,LONG,3232.477142857143,3245.7717857142857,5.317857142857163,43323
2025-05-12 19:00:00,3229.265,SHORT,3231.5114285714285,3225.8953571428574,2.246428571428461,43367
2025-05-12 22:10:00,3235.745,LONG,3233.3842857142854,3239.286071428571,2.360714285714331,43393
2025-05-12 22:50:00,3231.765,LONG,3228.9685714285715,3235.9596428571426,2.796428571428578,43401
2025-05-12 23:20:00,3235.085,LONG,3232.665,3238.715,2.4199999999999755,43407
2025-05-12 23:55:00,3236.585,LONG,3234.3485714285716,3239.9396428571426,2.2364285714285024,43414
2025-05-13 03:00:00,3228.295,SHORT,3232.216428571429,3222.4128571428573,3.921428571428578,43451
2025-05-13 06:25:00,3253.835,LONG,3249.8385714285714,3259.8296428571425,3.9964285714284284,43492
2025-05-13 07:55:00,3258.905,LONG,3255.881428571429,3263.4403571428575,3.0235714285714557,43510
2025-05-13 08:35:00,3253.875,LONG,3251.2942857142857,3257.7460714285717,2.5807142857142935,43518
2025-05-13 08:55:00,3255.375,LONG,3252.7435714285716,3259.322142857143,2.631428571428582,43522
2025-05-13 09:30:00,3253.345,LONG,3250.6885714285713,3257.3296428571425,2.656428571428608,43529
2025-05-13 10:15:00,3254.815,LONG,3252.2942857142857,3258.5960714285716,2.520714285714251,43538
2025-05-13 11:05:00,3253.705,LONG,3251.589285714286,3256.8785714285714,2.115714285714343,43548
2025-05-13 11:15:00,3254.215,LONG,3251.977142857143,3257.571785714286,2.237857142857235,43550
2025-05-13 13:10:00,3243.175,SHORT,3247.87,3236.1325,4.694999999999936,43573
2025-05-13 13:30:00,3240.615,SHORT,3245.840714285714,3232.7764285714284,5.225714285714275,43577
2025-05-13 13:45:00,3233.895,SHORT,3239.107857142857,3226.075714285714,5.2128571428571115,43580
2025-05-13 14:20:00,3237.655,SHORT,3242.875,3229.8250000000003,5.219999999999994,43587
2025-05-13 15:05:00,3242.455,SHORT,3247.0271428571427,3235.5967857142855,4.572142857142873,43596
2025-05-13 18:10:00,3246.165,SHORT,3248.59,3242.5275,2.4249999999999545,43633
2025-05-13 19:50:00,3249.885,LONG,3248.0967142857144,3252.567428571429,1.7882857142857833,43653
2025-05-13 20:05:00,3249.035,LONG,3247.206714285714,3251.7774285714286,1.8282857142857796,43656
2025-05-13 22:20:00,3251.385,LONG,3249.445,3254.295,1.9400000000000222,43671
2025-05-13 22:35:00,3252.205,LONG,3250.203571428571,3255.207142857143,2.0014285714286353,43674
2025-05-14 01:55:00,3238.545,SHORT,3243.4,3231.2625,4.855000000000018,43714
2025-05-14 05:15:00,3224.165,SHORT,3227.125357142857,3219.724464285714,2.960357142857187,43754
2025-05-14 06:30:00,3229.275,SHORT,3232.4088571428574,3224.5742142857143,3.133857142857096,43769
2025-05-14 06:45:00,3231.025,SHORT,3234.1142142857143,3226.3911785714286,3.089214285714271,43772
2025-05-14 07:05:00,3225.435,SHORT,3228.6407142857142,3220.6264285714287,3.2057142857142935,43776
2025-05-14 11:50:00,3225.585,SHORT,3228.3564285714288,3221.427857142857,2.7714285714285842,43833
2025-05-14 14:05:00,3185.955,SHORT,3193.0685714285714,3175.284642857143,7.113571428571374,43860
2025-05-14 16:40:00,3179.105,SHORT,3182.6828571428573,3173.7382142857145,3.5778571428570882,43891
2025-05-14 16:55:00,3188.215,SHORT,3192.1307142857145,3182.341428571429,3.9157142857141998,43894
2025-05-14 17:40:00,3181.585,SHORT,3185.433571428571,3175.812142857143,3.848571428571339,43903
2025-05-14 20:40:00,3180.545,SHORT,3182.560285714286,3177.5220714285715,2.01528571428571,43939
2025-05-14 22:10:00,3180.155,SHORT,3182.372142857143,3176.829285714286,2.217142857142822,43945
2025-05-15 00:15:00,3185.655,LONG,3183.383928571429,3189.0616071428576,2.2710714285714664,43970
2025-05-15 01:35:00,3185.415,LONG,3181.64,3191.0775,3.775000000000026,43986
2025-05-15 01:55:00,3172.115,SHORT,3177.062857142857,3164.693214285714,4.947857142857207,43990
2025-05-15 07:30:00,3143.875,SHORT,3149.0352857142857,3136.1345714285717,5.160285714285659,44057
2025-05-15 11:50:00,3177.695,LONG,3174.565,3182.39,3.1299999999999466,44109
2025-05-15 12:55:00,3188.375,LONG,3184.0564285714286,3194.852857142857,4.318571428571431,44122
2025-05-15 18:00:00,3222.075,LONG,3218.9992857142856,3226.6885714285713,3.0757142857142816,44183
2025-05-15 23:10:00,3247.635,LONG,3244.080428571429,3252.9668571428574,3.5545714285714376,44233
2025-05-15 23:50:00,3237.965,LONG,3233.997142857143,3243.9167857142857,3.9678571428571234,44241
2025-05-16 00:15:00,3238.945,LONG,3235.139285714286,3244.6535714285715,3.8057142857142674,44246
2025-05-16 00:55:00,3242.845,LONG,3239.012142857143,3248.5942857142854,3.8328571428571325,44254
2025-05-16 04:55:00,3219.445,SHORT,3222.1757142857145,3215.3489285714286,2.730714285714287,44302
2025-05-16 05:35:00,3215.835,SHORT,3218.9685714285715,3211.134642857143,3.1335714285714857,44310
2025-05-16 09:00:00,3204.135,SHORT,3207.8185714285714,3198.609642857143,3.6835714285713754,44351
2025-05-16 09:55:00,3208.895,SHORT,3211.8335714285713,3204.4871428571428,2.938571428571387,44362
2025-05-16 10:15:00,3201.675,SHORT,3205.0657142857144,3196.588928571429,3.390714285714239,44366
2025-05-16 12:50:00,3176.795,SHORT,3184.082142857143,3165.8642857142854,7.287142857142986,44397
2025-05-16 13:25:00,3174.185,SHORT,3179.837857142857,3165.705714285714,5.652857142857264,44404
2025-05-16 13:35:00,3181.005,SHORT,3187.009285714286,3171.9985714285713,6.004285714285841,44406
2025-05-16 14:30:00,3173.965,SHORT,3180.3145714285715,3164.4406428571433,6.349571428571347,44417
2025-05-16 17:40:00,3187.205,LONG,3184.6792857142855,3190.9935714285716,2.525714285714327,44455
2025-05-16 18:45:00,3187.785,LONG,3185.183571428571,3191.6871428571426,2.6014285714285443,44468
2025-05-16 19:10:00,3191.535,LONG,3188.845,3195.5699999999997,2.6899999999999573,44473
2025-05-16 20:00:00,3197.605,LONG,3195.0,3201.5125,2.605000000000018,44483
2025-05-18 23:50:00,3234.255,LONG,3229.652142857143,3241.159285714286,4.602857142857147,44517
2025-05-19 04:35:00,3215.775,SHORT,3219.8742857142856,3209.6260714285713,4.099285714285737,44574
2025-05-19 10:25:00,3240.735,LONG,3237.297142857143,3245.8917857142856,3.437857142857086,44644
2025-05-19 14:40:00,3229.595,SHORT,3235.045357142857,3221.4194642857137,5.450357142857229,44695
2025-05-19 14:55:00,3233.755,SHORT,3238.677857142857,3226.3707142857143,4.922857142857181,44698
2025-05-19 15:50:00,3234.205,SHORT,3237.5221428571426,3229.2292857142857,3.317142857142796,44709
2025-05-19 16:40:00,3231.685,SHORT,3234.492142857143,3227.4742857142855,2.807142857142805,44719
2025-05-19 17:30:00,3229.325,SHORT,3231.6071428571427,3225.9017857142853,2.2821428571428766,44729
2025-05-19 17:40:00,3225.415,SHORT,3227.9185714285713,3221.659642857143,2.503571428571474,44731
2025-05-20 02:05:00,3215.485,SHORT,3220.0262857142857,3208.6730714285713,4.541285714285713,44820
2025-05-20 03:25:00,3212.415,SHORT,3216.057857142857,3206.950714285714,3.642857142857078,44836
2025-05-20 04:25:00,3212.765,SHORT,3215.142857142857,3209.198214285714,2.3778571428571404,44848
2025-05-20 05:20:00,3214.645,SHORT,3217.2385714285715,3210.7546428571427,2.593571428571425,44859
2025-05-20 05:30:00,3215.015,SHORT,3217.777857142857,3210.8707142857143,2.7628571428571638,44861
2025-05-20 05:50:00,3210.955,SHORT,3213.972142857143,3206.4292857142855,3.0171428571429066,44865
2025-05-20 10:40:00,3235.815,LONG,3233.7757142857145,3238.8739285714287,2.0392857142857275,44923
2025-05-20 13:30:00,3241.015,LONG,3236.3957142857143,3247.9439285714284,4.619285714285752,44957
2025-05-20 16:50:00,3279.665,LONG,3276.7885714285712,3283.9796428571426,2.87642857142857,44997
2025-05-20 22:15:00,3300.535,LONG,3297.9621428571427,3304.3942857142856,2.572857142857174,45050
2025-05-20 23:10:00,3292.275,LONG,3288.1042857142857,3298.5310714285715,4.170714285714309,45061
2025-05-21 01:50:00,3296.695,LONG,3291.1464285714287,3305.0178571428573,5.548571428571482,45093
2025-05-21 02:25:00,3294.095,LONG,3289.5221428571426,3300.9542857142856,4.572857142857174,45100
2025-05-21 02:50:00,3302.705,LONG,3298.4892857142854,3309.0285714285715,4.215714285714317,45105
2025-05-21 07:20:00,3312.425,LONG,3308.759285714286,3317.9235714285714,3.6657142857142975,45159
2025-05-21 07:55:00,3309.585,LONG,3306.04,3314.9025,3.5450000000000403,45166
2025-05-21 09:45:00,3309.775,LONG,3307.2440714285713,3313.571392857143,2.5309285714286034,45188
2025-05-21 11:25:00,3312.405,LONG,3309.3555714285717,3316.979142857143,3.049428571428637,45208
2025-05-21 11:55:00,3310.995,LONG,3307.9036428571426,3315.632035714286,3.091357142857175,45214
2025-05-21 12:15:00,3308.478,SHORT,3311.734857142857,3303.5927142857145,3.2568571428571107,45218
2025-05-21 13:20:00,3303.725,SHORT,3309.089071428571,3295.6788928571427,5.364071428571314,45231
2025-05-21 14:05:00,3297.825,SHORT,3303.3081428571427,3289.6002857142857,5.483142857142736,45240
2025-05-21 17:15:00,3311.915,LONG,3308.717857142857,3316.7107142857144,3.19714285714284,45278
2025-05-21 17:35:00,3311.215,LONG,3307.470928571429,3316.831107142857,3.7440714285713574,45282
2025-05-21 20:15:00,3316.325,LONG,3313.775071428571,3320.1498928571427,2.5499285714284787,45314
2025-05-21 22:40:00,3317.848,LONG,3315.1035714285713,3321.9646428571427,2.744428571428508,45331
2025-05-22 00:30:00,3322.485,LONG,3319.8159285714287,3326.4886071428573,2.669071428571507,45353
2025-05-22 03:35:00,3340.168,LONG,3337.388,3344.338,2.780000000000005,45390
2025-05-22 04:20:00,3336.248,LONG,3334.0897142857143,3339.4854285714287,2.1582857142856744,45399
2025-05-22 06:15:00,3331.375,SHORT,3334.2887142857144,3327.0044285714284,2.9137142857143448,45422
2025-05-22 07:55:00,3327.395,SHORT,3330.243,3323.123,2.8480000000000865,45442
2025-05-22 12:45:00,3303.548,SHORT,3308.477,3296.1544999999996,4.92900000000012,45500
2025-05-22 14:45:00,3300.685,SHORT,3307.315,3290.74,6.6299999999999795,45524
2025-05-22 16:05:00,3292.445,SHORT,3297.1403571428573,3285.4019642857143,4.695357142857184,45540
2025-05-22 17:10:00,3298.145,SHORT,3301.180714285714,3293.5914285714284,3.0357142857142856,45553
2025-05-22 18:05:00,3296.398,SHORT,3299.5695714285716,3291.640642857143,3.171571428571432,45564
2025-05-22 20:35:00,3293.575,SHORT,3295.4055,3290.82925,1.8305000000000942,45594
2025-05-23 01:25:00,3303.705,LONG,3298.6827857142857,3311.2383214285715,5.022214285714393,45640
2025-05-23 01:35:00,3300.148,LONG,3294.6141428571427,3308.448785714286,5.53385714285722,45642
2025-05-23 08:10:00,3328.848,LONG,3326.2360714285714,3332.7658928571427,2.6119285714286042,45721
2025-05-23 08:30:00,3326.585,LONG,3323.7097857142858,3330.8978214285717,2.8752142857143292,45725
2025-05-23 10:10:00,3326.315,LONG,3323.4798571428573,3330.5677142857144,2.835142857142858,45745
2025-05-23 11:25:00,3331.098,LONG,3328.324,3335.259,2.7739999999999845,45760
2025-05-23 11:40:00,3334.195,LONG,3330.4712142857143,3339.780678571429,3.7237857142856683,45763
2025-05-23 13:35:00,3343.108,LONG,3335.783642857143,3354.094535714286,7.324357142857123,45786
2025-05-23 14:35:00,3353.398,LONG,3346.8672142857145,3363.194178571429,6.530785714285685,45798
2025-05-23 17:00:00,3359.425,LONG,3357.0722142857144,3362.9541785714287,2.352785714285704,45827
2025-05-23 19:15:00,3365.025,LONG,3363.1967142857143,3367.767428571429,1.828285714285682,45854
2025-05-23 19:25:00,3364.245,LONG,3362.380714285714,3367.0414285714282,1.8642857142857079,45856
2025-05-23 19:35:00,3361.915,LONG,3359.8595,3364.99825,2.0555000000000354,45858
2025-05-23 19:55:00,3360.548,LONG,3358.339714285714,3363.860428571428,2.2082857142856938,45862
2025-05-26 01:00:00,3337.735,SHORT,3342.133357142857,3331.1374642857145,4.398357142857127,45911
2025-05-26 01:20:00,3336.598,SHORT,3341.096357142857,3329.850464285714,4.498357142857133,45915
2025-05-26 01:35:00,3343.358,SHORT,3347.748785714286,3336.7718214285715,4.390785714285682,45918
2025-05-26 02:05:00,3346.998,SHORT,3351.3035,3340.53975,4.305499999999971,45924
2025-05-26 03:10:00,3347.798,LONG,3344.263,3353.1004999999996,3.5349999999999846,45937
2025-05-26 03:35:00,3347.735,LONG,3344.2492857142856,3352.9635714285714,3.485714285714331,45942
2025-05-26 08:05:00,3335.805,SHORT,3338.5575,3331.67625,2.752500000000022,45996
2025-05-26 08:50:00,3333.398,SHORT,3336.392642857143,3328.9060357142857,2.9946428571429027,46005
2025-05-26 10:25:00,3330.915,SHORT,3333.790142857143,3326.6022857142857,2.8751428571429187,46024
2025-05-26 13:00:00,3334.148,SHORT,3336.6205714285716,3330.439142857143,2.47257142857146,46055
2025-05-26 14:30:00,3336.965,LONG,3334.313785714286,3340.9418214285715,2.651214285714267,46073
2025-05-26 17:30:00,3340.875,LONG,3339.6357857142857,3342.7338214285714,1.239214285714232,46109
2025-05-26 23:55:00,3345.945,LONG,3344.7395714285717,3347.753142857143,1.2054285714285211,46144
2025-05-27 00:05:00,3347.048,LONG,3345.6585,3349.1322499999997,1.3894999999999007,46146
2025-05-27 00:55:00,3344.895,LONG,3342.5843571428572,3348.360964285714,2.3106428571428688,46156
2025-05-27 01:10:00,3343.288,LONG,3340.541357142857,3347.407964285714,2.746642857142888,46159
2025-05-27 06:20:00,3322.798,SHORT,3326.838857142857,3316.7367142857142,4.040857142857119,46221
2025-05-27 12:25:00,3294.645,SHORT,3297.7814285714285,3289.940357142857,3.136428571428561,46294
2025-05-27 15:25:00,3295.935,LONG,3293.118571428571,3300.159642857143,2.816428571428657,46330
2025-05-27 15:30:00,3293.798,SHORT,3296.599214285714,3289.596178571428,2.8012142857143902,46331
2025-05-27 17:00:00,3296.828,SHORT,3298.7462857142855,3293.9505714285715,1.918285714285665,46349
2025-05-27 18:25:00,3300.935,LONG,3299.1689285714288,3303.5841071428567,1.7660714285713246,46366
2025-05-27 20:10:00,3303.398,LONG,3302.1265000000003,3305.3052500000003,1.2715000000000276,46387
2025-05-27 20:55:00,3300.455,LONG,3299.1006428571427,3302.4865357142858,1.354357142857225,46396
2025-05-27 22:15:00,3303.595,LONG,3302.0595,3305.8982499999997,1.5355000000000538,46400
2025-05-27 23:10:00,3306.665,LONG,3304.4219285714285,3310.029607142857,2.243071428571414,46411
2025-05-28 01:45:00,3302.055,LONG,3299.066214285714,3306.5381785714285,2.988785714285671,46442
2025-05-28 02:55:00,3302.185,SHORT,3305.7472857142857,3296.8415714285716,3.5622857142856708,46456
2025-05-28 04:45:00,3295.595,SHORT,3297.823214285714,3292.2526785714285,2.228214285714265,46478
2025-05-28 06:35:00,3304.475,LONG,3301.265,3309.29,3.2099999999999715,46500
2025-05-28 10:20:00,3320.298,LONG,3318.2397857142855,3323.3853214285714,2.0582142857143544,46545
2025-05-28 12:20:00,3308.348,SHORT,3311.3770714285715,3303.804392857143,3.0290714285713745,46569
2025-05-28 12:40:00,3311.048,SHORT,3314.3717857142856,3306.062321428571,3.3237857142856746,46573
2025-05-28 14:30:00,3306.498,SHORT,3310.656285714286,3300.2605714285714,4.158285714285739,46595
2025-05-28 17:25:00,3296.548,SHORT,3299.0157142857142,3292.846428571428,2.4677142857143672,46630
2025-05-28 19:55:00,3296.765,SHORT,3299.349357142857,3292.8884642857142,2.5843571428570806,46660
2025-05-28 20:35:00,3295.235,SHORT,3297.2757142857145,3292.1739285714284,2.04071428571433,46668
2025-05-28 22:10:00,3289.975,SHORT,3293.817285714286,3284.2115714285715,3.8422857142857407,46675
2025-05-29 02:00:00,3262.215,SHORT,3268.7832857142857,3252.3625714285713,6.568285714285756,46721
2025-05-29 04:35:00,3273.188,LONG,3270.720714285714,3276.8889285714286,2.4672857142857083,46752
2025-05-29 06:20:00,3273.955,LONG,3270.6125714285713,3278.968642857143,3.3424285714286595,46773
2025-05-29 08:40:00,3280.245,LONG,3277.323785714286,3284.6268214285715,2.9212142857142487,46801
2025-05-29 09:55:00,3281.855,LONG,3279.677857142857,3285.1207142857143,2.1771428571428584,46816
2025-05-29 14:30:00,3312.275,LONG,3307.3669285714286,3319.637107142857,4.908071428571442,46871
2025-05-29 17:10:00,3321.665,LONG,3318.985,3325.685,2.6799999999999664,46903
2025-05-29 17:40:00,3322.798,LONG,3320.406071428571,3326.3858928571426,2.39192857142861,46909
2025-05-29 18:55:00,3321.098,LONG,3318.9410714285714,3324.333392857143,2.1569285714285473,46924
2025-05-29 22:45:00,3316.145,SHORT,3317.666,3313.8635,1.5210000000000232,46958
2025-05-30 00:20:00,3313.155,SHORT,3315.0645000000004,3310.29075,1.90949999999998,46977
2025-05-30 07:00:00,3296.148,SHORT,3300.1002857142857,3290.2195714285717,3.9522857142857384,47057
2025-05-30 07:30:00,3294.855,SHORT,3298.862357142857,3288.8439642857143,4.007357142857147,47063
2025-05-30 08:05:00,3293.615,SHORT,3297.3616428571427,3287.9950357142857,3.7466428571427253,47070
2025-05-30 08:35:00,3296.348,SHORT,3299.1584285714284,3292.1323571428575,2.8104285714284742,47076
2025-05-30 10:10:00,3299.428,LONG,3297.2301428571427,3302.7247857142856,2.1978571428571416,47095
2025-05-30 10:40:00,3294.148,SHORT,3296.196785714286,3291.0748214285713,2.0487857142857138,47101
2025-05-30 11:15:00,3292.025,SHORT,3294.2816428571427,3288.6400357142857,2.2566428571428463,47108
2025-05-30 12:00:00,3289.515,SHORT,3292.3837857142858,3285.2118214285715,2.868785714285715,47117
2025-05-30 12:05:00,3288.798,SHORT,3292.075857142857,3283.881214285714,3.277857142857166,47118
2025-05-30 12:20:00,3300.598,SHORT,3305.7740714285715,3292.833892857143,5.176071428571439,47121
2025-05-30 13:35:00,3296.155,LONG,3291.252785714286,3303.5083214285714,4.902214285714243,47136
2025-05-30 16:05:00,3288.035,SHORT,3291.831642857143,3282.3400357142855,3.7966428571428747,47166
2025-05-30 17:30:00,3291.648,LONG,3288.247142857143,3296.7492857142856,3.4008571428570513,47183
2025-06-02 00:40:00,3307.198,LONG,3304.4312142857143,3311.3481785714284,2.7667857142857235,47257
2025-06-02 01:35:00,3308.298,LONG,3304.811357142857,3313.527964285714,3.4866428571428645,47268
2025-06-02 02:55:00,3307.105,LONG,3304.574285714286,3310.9010714285714,2.5307142857142417,47284
2025-06-02 03:55:00,3308.448,LONG,3306.3120714285715,3311.6518928571427,2.1359285714286216,47296
2025-06-02 04:10:00,3311.198,LONG,3309.089071428571,3314.3613928571426,2.1089285714286103,47299
2025-06-02 09:15:00,3350.455,LONG,3347.6509285714283,3354.661107142857,2.804071428571433,47360
2025-06-02 09:55:00,3348.125,LONG,3345.6740714285716,3351.8013928571427,2.450928571428579,47368
2025-06-02 11:05:00,3348.598,LONG,3345.7742857142857,3352.8335714285713,2.8237142857142317,47382
2025-06-02 11:20:00,3351.978,LONG,3349.1092857142858,3356.2810714285715,2.868714285714207,47385
2025-06-02 13:30:00,3356.055,LONG,3352.5069285714285,3361.377107142857,3.5480714285714776,47411
2025-06-02 15:35:00,3373.265,LONG,3369.911714285714,3378.2949285714285,3.3532857142856756,47436
2025-06-02 16:55:00,3371.525,LONG,3368.586714285714,3375.9324285714288,2.9382857142857444,47452
2025-06-02 20:15:00,3381.195,LONG,3379.7303571428574,3383.3919642857145,1.464642857142865,47492
2025-06-02 20:35:00,3380.265,LONG,3378.7220714285713,3382.579392857143,1.5429285714285794,47496
2025-06-02 20:50:00,3382.315,LONG,3380.6995,3384.73825,1.6155000000000135,47499
2025-06-02 23:40:00,3386.565,LONG,3384.3067142857144,3389.9524285714288,2.2582857142856807,47521
2025-06-03 01:50:00,3372.698,SHORT,3376.8414285714284,3366.482857142857,4.143428571428591,47547
2025-06-03 02:20:00,3372.498,SHORT,3376.4029285714287,3366.6406071428573,3.9049285714285946,47553
2025-06-03 06:05:00,3362.365,SHORT,3365.1817857142855,3358.1398214285714,2.8167857142856456,47598
2025-06-03 08:05:00,3361.548,SHORT,3364.6352857142856,3356.917071428571,3.0872857142857293,47622
2025-06-03 10:35:00,3357.015,SHORT,3359.0024285714285,3354.033857142857,1.9874285714285764,47652
2025-06-03 11:25:00,3356.705,SHORT,3358.4672857142855,3354.0615714285714,1.7622857142856188,47662
2025-06-03 11:40:00,3357.715,SHORT,3359.473142857143,3355.077785714286,1.7581428571427946,47665
2025-06-03 12:45:00,3359.998,SHORT,3363.4600714285716,3354.804892857143,3.462071428571432,47678
2025-06-03 15:05:00,3344.405,SHORT,3348.8085,3337.79975,4.403499999999959,47706
2025-06-03 15:45:00,3346.798,SHORT,3349.919857142857,3342.115214285714,3.12185714285712,47714
2025-06-03 16:00:00,3348.648,SHORT,3351.499142857143,3344.371285714286,2.851142857142804,47717
2025-06-03 16:10:00,3350.298,SHORT,3353.232714285714,3345.895928571428,2.9347142857142705,47719
2025-06-03 18:20:00,3352.098,LONG,3350.5545,3354.41325,1.5434999999999621,47745
2025-06-03 20:15:00,3353.255,LONG,3352.012642857143,3355.118535714286,1.2423571428571125,47768
2025-06-03 22:10:00,3356.148,LONG,3355.0185,3357.84225,1.1294999999999749,47779
2025-06-03 23:40:00,3359.075,LONG,3357.5952857142856,3361.294571428571,1.4797142857142458,47797
2025-06-04 00:10:00,3353.655,LONG,3351.508285714286,3356.8750714285716,2.1467142857142596,47803
2025-06-04 00:40:00,3353.185,LONG,3350.304142857143,3357.5062857142857,2.8808571428571343,47809
2025-06-04 01:25:00,3363.725,LONG,3360.2946428571427,3368.870535714286,3.4303571428571495,47818
2025-06-04 02:40:00,3366.048,LONG,3363.3246428571424,3370.1330357142856,2.723357142857172,47833
2025-06-04 03:15:00,3364.935,LONG,3362.5705,3368.48175,2.3644999999999072,47840
2025-06-04 08:00:00,3354.745,LONG,3351.8929285714285,3359.023107142857,2.852071428571435,47897
2025-06-04 09:50:00,3361.765,LONG,3359.529,3365.1189999999997,2.2359999999999736,47919
2025-06-04 12:50:00,3357.448,SHORT,3361.837642857143,3350.8635357142857,4.389642857142819,47955
2025-06-04 13:25:00,3357.948,LONG,3353.451357142857,3364.6929642857144,4.496642857142921,47962
2025-06-04 13:35:00,3355.265,LONG,3351.024571428571,3361.625642857143,4.240428571428636,47964
2025-06-04 15:25:00,3373.988,LONG,3369.681357142857,3380.447964285714,4.3066428571428,47986
2025-06-04 18:55:00,3375.898,LONG,3374.3555714285717,3378.211642857143,1.542428571428575,48028
2025-06-04 22:30:00,3372.748,SHORT,3374.419142857143,3370.241285714286,1.6711428571427729,48059
2025-06-05 00:45:00,3377.048,LONG,3374.2859999999996,3381.191,2.762000000000041,48086
2025-06-05 01:25:00,3377.598,LONG,3374.5719285714285,3382.137107142857,3.0260714285714454,48094
2025-06-05 03:35:00,3374.298,SHORT,3376.3954285714285,3371.151857142857,2.097428571428606,48120
2025-06-05 04:20:00,3367.355,SHORT,3369.9325714285715,3363.4886428571426,2.5775714285714457,48129
2025-06-05 06:55:00,3365.845,SHORT,3368.191214285714,3362.3256785714284,2.3462142857142356,48160
2025-06-05 07:10:00,3370.915,SHORT,3373.3064285714286,3367.3278571428573,2.391428571428508,48163
2025-06-05 07:50:00,3371.005,LONG,3368.9750000000004,3374.05,2.029999999999908,48171
2025-06-05 12:10:00,3395.815,LONG,3392.5395714285714,3400.7281428571428,3.2754285714285225,48223
2025-06-05 12:55:00,3382.848,LONG,3377.6505714285713,3390.644142857143,5.1974285714285156,48232
2025-06-05 13:55:00,3377.905,SHORT,3384.3640714285716,3368.216392857143,6.459071428571406,48244
2025-06-05 14:40:00,3373.975,SHORT,3380.550357142857,3364.1119642857143,6.575357142857164,48253
2025-06-05 18:15:00,3351.098,SHORT,3353.467357142857,3347.543964285714,2.36935714285713,48296
2025-06-05 18:40:00,3353.748,SHORT,3355.8174285714285,3350.643857142857,2.0694285714285536,48301
2025-06-05 18:55:00,3353.248,SHORT,3355.3935714285717,3350.029642857143,2.1455714285714294,48304
2025-06-05 19:45:00,3355.025,SHORT,3357.6299285714285,3351.117607142857,2.6049285714285424,48314
2025-06-05 20:00:00,3355.885,SHORT,3358.7827857142856,3351.5383214285716,2.8977857142856465,48317
2025-06-05 23:45:00,3361.348,LONG,3359.695142857143,3363.8272857142856,1.6528571428570689,48350
2025-06-06 01:15:00,3362.695,LONG,3360.3090714285718,3366.273892857143,2.3859285714285243,48368
2025-06-06 01:45:00,3362.145,LONG,3359.0024285714285,3366.8588571428572,3.1425714285714355,48374
2025-06-06 06:30:00,3363.015,SHORT,3365.944285714286,3358.621071428571,2.9292857142857622,48431
2025-06-06 08:10:00,3358.398,SHORT,3361.377285714286,3353.9290714285717,2.979285714285749,48451
2025-06-06 08:30:00,3363.249,SHORT,3366.3029285714283,3358.668107142857,3.0539285714285467,48455
2025-06-06 10:05:00,3357.125,SHORT,3359.9204285714286,3352.931857142857,2.795428571428569,48474
2025-06-06 11:40:00,3362.485,LONG,3360.303142857143,3365.757785714286,2.1818571428571625,48493
2025-06-06 11:55:00,3358.095,SHORT,3360.4925714285714,3354.498642857143,2.397571428571447,48496
2025-06-06 13:15:00,3354.155,SHORT,3360.8139285714287,3344.166607142857,6.658928571428597,48512
2025-06-06 15:55:00,3331.898,SHORT,3336.051214285714,3325.6681785714286,4.1532142857142516,48544
2025-06-08 22:20:00,3317.495,SHORT,3320.126142857143,3313.5482857142856,2.6311428571428093,48609
2025-06-08 23:15:00,3316.548,SHORT,3319.1539285714284,3312.639107142857,2.6059285714286164,48620
2025-06-09 01:30:00,3304.448,SHORT,3308.9629999999997,3297.6755,4.51499999999997,48647
2025-06-09 02:40:00,3302.295,SHORT,3306.2779285714287,3296.320607142857,3.9829285714285043,48661
2025-06-09 02:55:00,3305.245,SHORT,3309.1484285714287,3299.389857142857,3.903428571428549,48664
2025-06-09 05:05:00,3310.175,LONG,3308.3580714285717,3312.900392857143,1.8169285714284666,48690
2025-06-09 05:35:00,3313.345,LONG,3311.417857142857,3316.235714285714,1.9271428571428584,48696
2025-06-09 10:00:00,3319.105,LONG,3316.778357142857,3322.5949642857145,2.32664285714288,48749
2025-06-09 11:45:00,3319.445,SHORT,3321.6095000000005,3316.19825,2.164500000000089,48770
2025-06-09 12:00:00,3316.985,SHORT,3319.5209285714286,3313.181107142857,2.5359285714286477,48773
2025-06-09 13:00:00,3316.835,SHORT,3320.041928571429,3312.0246071428573,3.2069285714285343,48785
2025-06-09 17:35:00,3334.598,LONG,3332.5632142857144,3337.6501785714286,2.0347857142856225,48840
2025-06-09 23:30:00,3325.655,SHORT,3327.1938571428573,3323.3467142857144,1.5388571428571336,48899
2025-06-10 00:30:00,3319.515,SHORT,3321.767714285714,3316.1359285714284,2.2527142857142866,48911
2025-06-10 03:10:00,3305.498,SHORT,3308.4927857142857,3301.0058214285714,2.994785714285789,48943
2025-06-10 03:40:00,3308.048,SHORT,3310.5582857142854,3304.282571428571,2.510285714285796,48949
2025-06-10 04:25:00,3303.135,SHORT,3305.0557142857147,3300.253928571429,1.9207142857143091,48958
2025-06-10 04:55:00,3307.048,SHORT,3309.022714285714,3304.085928571428,1.974714285714299,48964
2025-06-10 05:10:00,3310.248,SHORT,3312.2453571428573,3307.2519642857146,1.9973571428570591,48967
2025-06-10 05:45:00,3315.985,LONG,3313.1813571428575,3320.1904642857144,2.803642857142807,48974
2025-06-10 08:10:00,3331.855,LONG,3328.7409285714284,3336.526107142857,3.1140714285714433,49003
2025-06-10 08:50:00,3329.455,LONG,3326.851142857143,3333.3607857142856,2.6038571428571555,49011
2025-06-10 17:10:00,3322.325,SHORT,3324.6187857142854,3318.884321428571,2.293785714285702,49111
2025-06-10 17:55:00,3324.575,SHORT,3326.5159285714285,3321.663607142857,1.9409285714285878,49120
2025-06-10 18:30:00,3321.605,SHORT,3323.3152142857143,3319.039678571429,1.7102142857142684,49127
2025-06-10 18:45:00,3322.175,SHORT,3323.7714285714287,3319.7803571428576,1.5964285714285,49130
2025-06-10 20:05:00,3327.418,LONG,3325.132857142857,3330.8457142857146,2.2851428571428705,49146
2025-06-11 02:45:00,3337.865,LONG,3335.1521428571427,3341.9342857142856,2.712857142857079,49214
2025-06-11 05:20:00,3340.855,LONG,3339.1577857142856,3343.4008214285714,1.6972142857141859,49245
2025-06-11 07:00:00,3337.655,LONG,3335.137642857143,3341.431035714286,2.517357142857171,49265
2025-06-11 07:30:00,3338.915,LONG,3336.497214285714,3342.5416785714283,2.4177857142856607,49271
2025-06-11 07:40:00,3340.035,LONG,3337.6247857142857,3343.6503214285713,2.4102142857141837,49273
2025-06-11 11:45:00,3333.085,SHORT,3335.697857142857,3329.1657142857143,2.61285714285717,49322
2025-06-11 12:00:00,3328.948,SHORT,3331.922,3324.487,2.973999999999965,49325
2025-06-11 12:25:00,3339.345,SHORT,3342.848071428571,3334.090392857143,3.5030714285713396,49330
2025-06-11 12:30:00,3355.398,LONG,3350.6797142857145,3362.4754285714284,4.71828571428562,49331
2025-06-11 13:10:00,3341.345,LONG,3334.0105,3352.3467499999997,7.334499999999967,49339
2025-06-11 13:35:00,3338.015,LONG,3330.7231428571426,3348.9527857142857,7.291857142857095,49344
2025-06-11 13:55:00,3329.598,SHORT,3336.031571428571,3319.947642857143,6.433571428571343,49348
2025-06-11 15:10:00,3340.825,LONG,3337.4707857142857,3345.8563214285714,3.354214285714274,49363
2025-06-12 00:05:00,3364.308,LONG,3360.419214285714,3370.1411785714286,3.8887857142856967,49458
2025-06-12 00:45:00,3370.548,LONG,3366.420857142857,3376.738714285714,4.127142857142839,49466
2025-06-12 01:00:00,3366.285,LONG,3362.113571428571,3372.5421428571426,4.171428571428611,49469
2025-06-12 01:55:00,3370.755,LONG,3366.7027857142857,3376.8333214285717,4.052214285714334,49480
2025-06-12 05:05:00,3371.185,LONG,3369.2656428571427,3374.0640357142856,1.9193571428570846,49518
2025-06-12 05:25:00,3374.365,LONG,3372.530714285714,3377.1164285714285,1.8342857142857025,49522
2025-06-12 08:35:00,3358.245,SHORT,3364.2175714285713,3349.2861428571427,5.972571428571395,49560
2025-06-12 11:45:00,3377.798,LONG,3373.8007857142857,3383.7938214285714,3.997214285714303,49598
2025-06-12 12:05:00,3383.349,LONG,3379.0167142857144,3389.8474285714287,4.332285714285717,49602
2025-06-12 12:20:00,3381.769,LONG,3377.451357142857,3388.245464285714,4.317642857142898,49605
2025-06-12 13:25:00,3382.645,LONG,3377.774357142857,3389.9509642857142,4.870642857142944,49618
2025-06-12 13:55:00,3391.848,LONG,3386.028357142857,3400.577464285714,5.819642857142818,49624
2025-06-12 14:20:00,3391.095,LONG,3385.2717857142857,3399.829821428571,5.82321428571413,49629
2025-06-12 15:15:00,3383.398,LONG,3378.765928571429,3390.3461071428574,4.632071428571375,49640
2025-06-12 16:40:00,3388.248,LONG,3385.261,3392.7284999999997,2.9869999999999175,49657
2025-06-12 18:20:00,3382.698,SHORT,3384.7362857142857,3379.640571428571,2.0382857142857183,49677
2025-06-12 18:35:00,3383.648,SHORT,3385.422285714286,3380.9865714285716,1.7742857142856923,49680
2025-06-12 19:05:00,3385.765,LONG,3384.1822857142856,3388.1390714285712,1.5827142857142786,49686
2025-06-12 20:40:00,3385.898,LONG,3384.682928571429,3387.7206071428573,1.2150714285713613,49705
2025-06-12 22:05:00,3384.065,LONG,3382.668,3386.1605,1.3969999999999345,49710
2025-06-12 22:55:00,3383.198,SHORT,3385.1739285714284,3380.2341071428573,1.9759285714285397,49720
2025-06-13 03:25:00,3430.005,LONG,3424.465642857143,3438.314035714286,5.539357142857203,49774
2025-06-13 04:05:00,3427.685,LONG,3422.512142857143,3435.444285714286,5.172857142857181,49782
2025-06-13 05:15:00,3427.205,LONG,3424.2287857142856,3431.6693214285715,2.9762142857143123,49796
2025-06-13 06:20:00,3422.915,LONG,3419.4066428571427,3428.1775357142856,3.5083571428571565,49809
2025-06-13 09:10:00,3424.648,LONG,3421.330785714286,3429.623821428572,3.3172142857143365,49843
2025-06-13 09:20:00,3422.575,LONG,3419.4458571428568,3427.268714285714,3.129142857142889,49845
2025-06-13 10:40:00,3414.485,SHORT,3418.291928571429,3408.7746071428573,3.8069285714285734,49861
2025-06-13 14:45:00,3439.319,LONG,3434.0945,3447.15575,5.22449999999997,49910
2025-06-13 16:05:00,3420.965,SHORT,3424.9428571428575,3414.9982142857143,3.977857142857179,49926
2025-06-13 17:00:00,3429.115,SHORT,3432.152928571428,3424.558107142857,3.037928571428535,49937
2025-06-13 17:15:00,3432.448,LONG,3429.7004285714283,3436.569357142857,2.7475714285713884,49940
2025-06-13 19:40:00,3434.595,LONG,3432.0384999999997,3438.42975,2.5564999999999793,49969
2025-06-13 20:20:00,3432.595,LONG,3430.1624285714283,3436.243857142857,2.432571428571464,49977
2025-06-15 22:15:00,3450.048,LONG,3445.85,3456.345,4.198000000000028,49988
2025-06-15 23:20:00,3447.925,LONG,3443.9759285714285,3453.8486071428574,3.949071428571447,50001
2025-06-15 23:55:00,3444.015,LONG,3440.674285714286,3449.0260714285714,3.340714285714252,50008
2025-06-16 00:05:00,3444.048,LONG,3439.9917857142855,3450.1323214285712,4.05621428571424,50010
2025-06-16 02:50:00,3440.935,LONG,3438.062214285714,3445.2441785714286,2.8727857142857505,50043
2025-06-16 07:15:00,3410.875,SHORT,3414.719357142857,3405.108464285714,3.8443571428572016,50096
2025-06-16 08:20:00,3413.845,SHORT,3417.119714285714,3408.9329285714284,3.274714285714286,50109
2025-06-16 08:45:00,3416.005,SHORT,3418.9935,3411.52225,2.9884999999999633,50114
2025-06-16 09:30:00,3416.665,SHORT,3419.3129999999996,3412.693,2.647999999999846,50123
2025-06-16 12:45:00,3413.075,SHORT,3416.1775714285714,3408.4211428571425,3.1025714285715367,50162
2025-06-16 13:05:00,3414.985,SHORT,3418.0635,3410.3672500000002,3.0785000000000764,50166
2025-06-16 13:20:00,3413.945,SHORT,3417.6762142857147,3408.348178571429,3.731214285714324,50169
2025-06-16 13:50:00,3389.748,SHORT,3395.441642857143,3381.2075357142858,5.6936428571428745,50175
2025-06-16 15:15:00,3400.045,SHORT,3404.1515714285715,3393.885142857143,4.10657142857154,50192
2025-06-16 15:45:00,3402.748,SHORT,3405.6980000000003,3398.323,2.9500000000001103,50198
2025-06-16 16:20:00,3398.665,SHORT,3401.321142857143,3394.680785714286,2.6561428571429,50205
2025-06-16 22:25:00,3387.498,SHORT,3389.0779285714284,3385.128107142857,1.5799285714285491,50266
2025-06-17 02:25:00,3397.055,LONG,3394.3445714285713,3401.1206428571427,2.7104285714285004,50314
2025-06-17 03:00:00,3388.148,SHORT,3391.297785714286,3383.4233214285714,3.1497857142857293,50321
2025-06-17 04:15:00,3388.395,SHORT,3392.0564285714286,3382.902857142857,3.661428571428652,50336
2025-06-17 05:50:00,3394.045,LONG,3391.756714285714,3397.477428571429,2.2882857142857835,50355
2025-06-17 07:35:00,3384.425,SHORT,3387.6425000000004,3379.59875,3.217500000000005,50376
2025-06-17 08:00:00,3386.905,SHORT,3390.2196428571433,3381.933035714286,3.314642857142904,50381
2025-06-17 09:25:00,3379.848,SHORT,3383.1105714285713,3374.954142857143,3.262571428571456,50398
2025-06-17 12:05:00,3386.265,LONG,3383.0805,3391.04175,3.184500000000006,50430
2025-06-17 12:45:00,3385.055,SHORT,3389.083071428571,3379.0128928571426,4.0280714285714305,50438
2025-06-17 13:20:00,3394.905,LONG,3390.9500000000003,3400.8375,3.9550000000000574,50445
2025-06-17 14:05:00,3388.665,LONG,3384.4547857142857,3394.9803214285716,4.210214285714366,50454
2025-06-17 16:50:00,3382.635,SHORT,3385.9181428571433,3377.710285714286,3.283142857142853,50487
2025-06-17 20:00:00,3384.455,SHORT,3386.4891428571427,3381.4037857142857,2.0341428571428617,50525
2025-06-17 22:40:00,3390.798,LONG,3388.337857142857,3394.488214285714,2.460142857142858,50545
2025-06-18 01:00:00,3385.198,SHORT,3387.5484285714283,3381.672357142857,2.350428571428568,50573
2025-06-18 01:30:00,3386.698,SHORT,3388.998642857143,3383.2470357142856,2.300642857142878,50579
2025-06-18 05:40:00,3387.425,LONG,3384.3478571428573,3392.0407142857143,3.077142857142852,50629
2025-06-18 07:10:00,3381.365,SHORT,3383.955571428571,3377.4791428571425,2.5905714285713657,50647
2025-06-18 07:45:00,3383.295,SHORT,3386.112642857143,3379.0685357142856,2.817642857142833,50654
2025-06-18 08:35:00,3384.148,SHORT,3386.3945000000003,3380.77825,2.246500000000099,50664
2025-06-18 11:10:00,3381.448,SHORT,3383.8705714285716,3377.8141428571425,2.422571428571473,50695
2025-06-18 11:55:00,3381.915,SHORT,3384.6588571428574,3377.7992142857142,2.743857142857288,50704
2025-06-18 12:05:00,3384.915,LONG,3382.1549285714286,3389.055107142857,2.7600714285715315,50706
2025-06-18 14:40:00,3387.355,LONG,3382.764142857143,3394.241285714286,4.590857142857138,50737
2025-06-18 15:45:00,3390.298,LONG,3387.3682857142853,3394.6925714285712,2.9297142857143563,50750
2025-06-18 18:25:00,3390.798,LONG,3387.247071428571,3396.1243928571425,3.5509285714286176,50782
2025-06-18 22:20:00,3374.898,SHORT,3377.514642857143,3370.9730357142857,2.6166428571428435,50817
2025-06-18 22:35:00,3375.148,SHORT,3377.955142857143,3370.9372857142857,2.807142857142838,50820
2025-06-19 01:45:00,3380.148,LONG,3376.875,3385.0575,3.2729999999999757,50858
2025-06-19 02:05:00,3377.165,LONG,3373.5660714285714,3382.563392857143,3.5989285714285546,50862
2025-06-19 05:00:00,3374.145,SHORT,3375.391,3372.276,1.2460000000000946,50897
2025-06-19 05:40:00,3368.945,SHORT,3370.9640000000004,3365.9165000000003,2.019000000000038,50905
2025-06-19 07:15:00,3354.135,SHORT,3358.340571428572,3347.8266428571433,4.20557142857144,50924
2025-06-19 10:15:00,3373.865,LONG,3371.7714285714283,3377.005357142857,2.093571428571425,50960
2025-06-19 11:20:00,3373.428,LONG,3371.147857142857,3376.848214285714,2.280142857142859,50973
2025-06-19 15:25:00,3367.235,SHORT,3370.2949285714285,3362.6451071428573,3.059928571428535,51022
2025-06-19 15:55:00,3369.015,SHORT,3371.784214285714,3364.8611785714284,2.7692142857142374,51028
2025-06-19 18:05:00,3368.995,LONG,3366.7309999999998,3372.391,2.2639999999999936,51054
2025-06-19 23:25:00,3368.195,SHORT,3370.1375000000003,3365.28125,1.9424999999999792,51076
2025-06-20 00:30:00,3364.898,SHORT,3366.936,3361.8410000000003,2.0379999999999137,51089
2025-06-20 01:50:00,3358.598,SHORT,3361.6946428571428,3353.9530357142858,3.0966428571428617,51105
2025-06-20 04:00:00,3354.075,SHORT,3357.0027857142854,3349.683321428571,2.927785714285684,51131
2025-06-20 04:45:00,3355.305,SHORT,3356.9249999999997,3352.875,1.6200000000000208,51140
2025-06-20 07:15:00,3351.935,SHORT,3355.191714285714,3347.0499285714286,3.256714285714192,51170
2025-06-20 07:55:00,3347.465,SHORT,3350.175928571429,3343.398607142857,2.71092857142857,51178
2025-06-20 09:10:00,3353.765,LONG,3351.646714285714,3356.9424285714285,2.1182857142857756,51193
2025-06-20 15:20:00,3368.055,LONG,3365.2077142857142,3372.3259285714284,2.84728571428572,51267
2025-06-20 17:40:00,3369.398,LONG,3367.928785714286,3371.6018214285714,1.469214285714283,51295
2025-06-20 19:10:00,3370.055,LONG,3368.646714285714,3372.1674285714284,1.4082857142857392,51313
2025-06-22 22:35:00,3376.348,LONG,3371.1699285714285,3384.115107142857,5.178071428571457,51342
2025-06-22 23:05:00,3375.148,LONG,3368.325428571429,3385.3818571428574,6.822571428571466,51348
2025-06-23 01:15:00,3361.548,SHORT,3365.4562857142855,3355.685571428571,3.9082857142857717,51374
2025-06-23 02:35:00,3362.698,SHORT,3365.2982857142856,3358.7975714285712,2.6002857142856817,51390
2025-06-23 03:20:00,3363.748,SHORT,3365.9265714285716,3360.4801428571427,2.1785714285714284,51399
2025-06-23 04:20:00,3358.985,SHORT,3360.903642857143,3356.1070357142858,1.9186428571428482,51411
2025-06-23 05:10:00,3358.465,SHORT,3360.2889285714286,3355.729107142857,1.8239285714285285,51421
2025-06-23 06:35:00,3354.215,SHORT,3357.3604285714287,3349.496857142857,3.1454285714285106,51438
2025-06-23 07:30:00,3355.398,SHORT,3358.2275,3351.15375,2.829499999999988,51449
2025-06-23 09:55:00,3366.348,LONG,3363.707857142857,3370.3082142857143,2.6401428571429215,51478
2025-06-23 12:25:00,3362.155,LONG,3358.3105,3367.9217500000004,3.8445000000000227,51508
2025-06-23 17:05:00,3388.505,LONG,3384.799785714286,3394.0628214285716,3.7052142857143218,51564
2025-06-24 01:20:00,3350.598,SHORT,3354.1941428571427,3345.2037857142855,3.5961428571429224,51651
2025-06-24 02:10:00,3350.565,SHORT,3354.0542857142855,3345.3310714285717,3.489285714285643,51661
2025-06-24 03:10:00,3353.075,SHORT,3355.2149285714286,3349.865107142857,2.139928571428527,51673
2025-06-24 04:05:00,3350.785,SHORT,3353.0112857142853,3347.4455714285714,2.2262857142856904,51684
2025-06-24 04:20:00,3348.735,SHORT,3351.1710714285714,3345.0808928571428,2.43607142857143,51687
2025-06-24 08:00:00,3328.045,SHORT,3332.182357142857,3321.838964285714,4.137357142857192,51731
2025-06-24 08:15:00,3330.145,SHORT,3334.305714285714,3323.9039285714284,4.1607142857143185,51734
2025-06-24 11:05:00,3324.035,SHORT,3326.0226428571427,3321.0535357142853,1.9876428571429383,51768
2025-06-24 11:20:00,3326.405,SHORT,3328.443357142857,3323.3474642857145,2.038357142857194,51771
2025-06-24 13:00:00,3313.565,SHORT,3318.5727142857145,3306.0534285714284,5.007714285714363,51791
2025-06-24 15:30:00,3311.955,SHORT,3315.933285714286,3305.9875714285713,3.9782857142858057,51821
2025-06-24 18:35:00,3317.098,LONG,3315.3444285714286,3319.728357142857,1.753571428571409,51858
2025-06-24 20:45:00,3322.958,LONG,3321.408428571429,3325.282357142857,1.5495714285713933,51884
2025-06-24 22:20:00,3322.165,LONG,3320.7292857142857,3324.3185714285714,1.4357142857142142,51891
2025-06-24 23:00:00,3322.148,LONG,3320.8665714285717,3324.070142857143,1.281428571428543,51899
2025-06-25 02:55:00,3329.225,LONG,3327.4661428571426,3331.8632857142857,1.7588571428571282,51946
2025-06-25 04:40:00,3326.725,SHORT,3328.0037857142856,3324.8068214285713,1.2787857142857644,51967
2025-06-25 06:15:00,3330.198,LONG,3328.531285714286,3332.6980714285714,1.6667142857142738,51986
2025-06-25 06:45:00,3332.498,LONG,3330.603,3335.3405000000002,1.8950000000000142,51992
2025-06-25 07:20:00,3329.748,LONG,3327.6318571428574,3332.9222142857143,2.1161428571428718,51999
2025-06-25 10:15:00,3326.985,SHORT,3328.976,3323.9985,1.9910000000000505,52034
2025-06-25 10:50:00,3324.885,SHORT,3326.824428571429,3321.9758571428574,1.9394285714286394,52041
2025-06-25 11:35:00,3325.585,SHORT,3327.7162857142857,3322.3880714285715,2.131285714285728,52050
2025-06-25 14:15:00,3319.565,SHORT,3322.9299285714287,3314.5176071428573,3.364928571428566,52082
2025-06-25 14:35:00,3320.795,SHORT,3323.9789285714287,3316.019107142857,3.183928571428526,52086
2025-06-25 17:40:00,3327.298,LONG,3324.9544285714283,3330.813357142857,2.3435714285714573,52123
2025-06-25 22:25:00,3332.048,LONG,3330.6661428571424,3334.1207857142854,1.3818571428572082,52168
2025-06-25 23:00:00,3334.348,LONG,3332.5702857142855,3337.0145714285713,1.77771428571428,52175
2025-06-25 23:15:00,3336.925,LONG,3335.2398571428575,3339.4527142857146,1.6851428571428642,52178
2025-06-26 00:35:00,3334.575,LONG,3332.4524285714283,3337.758857142857,2.122571428571486,52194
2025-06-26 00:55:00,3333.748,LONG,3331.4220714285716,3337.2368928571427,2.325928571428579,52198
2025-06-26 01:30:00,3330.795,SHORT,3333.3925714285715,3326.898642857143,2.59757142857146,52205
2025-06-26 01:50:00,3330.998,SHORT,3333.5465714285715,3327.175142857143,2.548571428571417,52209
2025-06-26 03:40:00,3337.885,LONG,3336.0507142857145,3340.636428571429,1.8342857142857352,52231
2025-06-26 05:25:00,3333.965,SHORT,3335.3243571428575,3331.925964285714,1.3593571428572042,52252
2025-06-26 05:40:00,3335.365,SHORT,3337.0886428571425,3332.7795357142854,1.7236428571428795,52255
2025-06-26 10:15:00,3338.925,SHORT,3340.9955,3335.81925,2.070500000000006,52310
2025-06-26 11:25:00,3338.949,SHORT,3340.644714285714,3336.4054285714287,1.6957142857142702,52324
2025-06-26 12:30:00,3333.815,SHORT,3337.225642857143,3328.699035714286,3.4106428571429075,52337
2025-06-26 13:55:00,3319.478,SHORT,3325.852785714286,3309.9158214285717,6.374785714285703,52354
2025-06-26 18:35:00,3333.448,LONG,3331.8744285714283,3335.808357142857,1.5735714285714104,52410
2025-06-26 19:50:00,3329.855,LONG,3328.433142857143,3331.9877857142856,1.4218571428571067,52425
2025-06-27 01:15:00,3315.815,SHORT,3318.116,3312.3635,2.301000000000061,52478
2025-06-27 02:10:00,3317.598,SHORT,3320.404,3313.389,2.8060000000000076,52489
2025-06-27 05:45:00,3296.785,SHORT,3299.860428571428,3292.171857142857,3.0754285714285743,52532
2025-06-27 06:05:00,3292.705,SHORT,3296.455,3287.08,3.75,52536
2025-06-27 06:25:00,3294.398,SHORT,3297.909642857143,3289.130535714286,3.5116428571428906,52540
2025-06-27 09:10:00,3285.285,SHORT,3288.1857142857143,3280.9339285714286,2.9007142857142623,52573
2025-06-27 09:40:00,3286.975,SHORT,3289.6664285714287,3282.937857142857,2.6914285714285597,52579
2025-06-27 10:40:00,3284.825,SHORT,3287.556928571428,3280.7271071428568,2.731928571428593,52591
2025-06-27 11:20:00,3282.835,SHORT,3285.6040714285714,3278.681392857143,2.769071428571546,52599
2025-06-27 12:30:00,3276.448,SHORT,3280.694214285714,3270.0786785714286,4.246214285714229,52613
2025-06-27 14:10:00,3270.295,SHORT,3275.481142857143,3262.515785714286,5.186142857142808,52633
2025-06-27 14:30:00,3272.835,SHORT,3277.9021428571427,3265.2342857142858,5.067142857142861,52637
2025-06-27 14:50:00,3264.515,SHORT,3269.537857142857,3256.9807142857144,5.022857142857122,52641
2025-06-27 15:10:00,3272.555,SHORT,3277.5551428571425,3265.0547857142856,5.000142857142789,52645
2025-06-27 16:45:00,3275.385,LONG,3273.282857142857,3278.5382142857147,2.1021428571429106,52664
2025-06-27 18:30:00,3271.048,SHORT,3273.9939999999997,3266.629,2.9459999999999775,52685
2025-06-27 20:20:00,3272.948,SHORT,3274.7944285714284,3270.178357142857,1.8464285714285975,52707
2025-06-29 22:05:00,3270.745,SHORT,3272.9354285714285,3267.4593571428572,2.190428571428551,52716
2025-06-29 23:20:00,3268.365,SHORT,3273.276,3260.9984999999997,4.9109999999999285,52731
2025-06-30 08:00:00,3295.875,LONG,3293.4989285714287,3299.439107142857,2.3760714285714846,52835
2025-06-30 12:10:00,3280.925,SHORT,3283.432642857143,3277.163535714286,2.5076428571428226,52885
2025-06-30 13:10:00,3280.358,SHORT,3283.2514285714287,3276.0178571428573,2.8934285714285255,52897
2025-06-30 13:55:00,3284.558,SHORT,3287.7878571428573,3279.7132142857145,3.2298571428570995,52906
2025-06-30 14:55:00,3287.548,LONG,3284.406071428571,3292.2608928571426,3.1419285714285445,52918
2025-06-30 15:30:00,3287.525,LONG,3284.7070000000003,3291.752,2.817999999999919,52925
2025-06-30 17:55:00,3293.965,LONG,3292.047142857143,3296.841785714286,1.9178571428570714,52954
2025-06-30 22:00:00,3303.795,LONG,3302.1574285714287,3306.251357142857,1.6375714285714562,52991
2025-06-30 22:10:00,3304.035,LONG,3302.319357142857,3306.608464285714,1.7156428571429063,52993
2025-07-01 00:10:00,3312.085,LONG,3310.3672142857145,3314.6616785714286,1.7177857142857127,53017
2025-07-01 02:25:00,3315.798,LONG,3313.4765714285713,3319.2801428571424,2.3214285714285063,53044
2025-07-01 12:10:00,3350.305,LONG,3348.108142857143,3353.6002857142853,2.1968571428570676,53161
2025-07-01 12:40:00,3355.705,LONG,3353.0406428571428,3359.7015357142855,2.6643571428570403,53167
2025-07-01 13:15:00,3348.225,LONG,3344.8441428571427,3353.2962857142857,3.380857142857102,53174
2025-07-01 13:50:00,3349.495,LONG,3345.9059285714284,3354.878607142857,3.5890714285714176,53181
2025-07-01 17:20:00,3337.235,SHORT,3339.4167857142857,3333.9623214285716,2.181785714285622,53223
2025-07-01 18:15:00,3337.735,SHORT,3339.193357142857,3335.5474642857143,1.458357142857137,53234
2025-07-01 19:20:00,3338.635,SHORT,3339.8750714285716,3336.774892857143,1.2400714285714847,53247
2025-07-01 22:05:00,3337.698,SHORT,3339.1325714285713,3335.5461428571425,1.434571428571449,53268
2025-07-01 23:40:00,3338.515,SHORT,3340.237071428571,3335.931892857143,1.7220714285714556,53287
2025-07-02 01:20:00,3334.048,SHORT,3336.8636428571426,3329.8245357142855,2.815642857142783,53307
2025-07-02 02:55:00,3336.445,SHORT,3338.8242142857143,3332.8761785714287,2.379214285714267,53326
2025-07-02 05:10:00,3339.955,LONG,3338.727142857143,3341.7967857142858,1.2278571428571143,53353
2025-07-02 05:25:00,3342.648,LONG,3341.2725,3344.71125,1.3754999999999395,53356
2025-07-02 09:25:00,3338.885,LONG,3336.9783571428575,3341.7449642857146,1.9066428571429046,53404
2025-07-02 11:55:00,3342.085,LONG,3340.046642857143,3345.1425357142857,2.0383571428571616,53434
2025-07-02 12:15:00,3346.515,LONG,3343.683357142857,3350.762464285714,2.8316428571428593,53438
2025-07-02 12:35:00,3346.525,LONG,3343.281214285714,3351.390678571429,3.2437857142857474,53442
2025-07-02 13:25:00,3344.805,LONG,3341.2355,3350.1592499999997,3.5694999999999646,53452
2025-07-02 13:55:00,3337.185,LONG,3333.2950714285716,3343.0198928571426,3.889928571428462,53458
2025-07-02 15:00:00,3342.625,SHORT,3345.222357142857,3338.7289642857145,2.5973571428570983,53471
2025-07-02 22:05:00,3359.415,LONG,3358.059714285714,3361.4479285714283,1.3552857142856607,53544
2025-07-03 02:15:00,3347.448,SHORT,3349.7284285714286,3344.027357142857,2.2804285714285015,53594
2025-07-03 07:20:00,3357.635,LONG,3355.570857142857,3360.7312142857145,2.064142857142997,53655
2025-07-03 07:30:00,3358.045,LONG,3355.7637142857143,3361.466928571429,2.281285714285819,53657
2025-07-03 08:30:00,3355.355,LONG,3353.2775,3358.47125,2.07749999999997,53669
2025-07-03 10:50:00,3354.105,SHORT,3355.9109285714285,3351.396107142857,1.8059285714285969,53697
2025-07-03 11:10:00,3347.698,SHORT,3349.626642857143,3344.8050357142856,1.9286428571429366,53701
2025-07-03 14:10:00,3331.098,SHORT,3335.5144285714287,3324.4733571428574,4.416428571428502,53737
2025-07-03 15:30:00,3328.598,SHORT,3331.7524285714285,3323.866357142857,3.1544285714286224,53753
2025-07-03 19:40:00,3328.698,SHORT,3329.5565714285713,3327.410142857143,0.8585714285713623,53803
2025-07-04 01:10:00,3329.345,LONG,3327.8146428571426,3331.6405357142853,1.5303571428571234,53857
2025-07-04 02:10:00,3330.165,LONG,3328.1673571428573,3333.161464285714,1.9976428571427667,53869
2025-07-04 02:50:00,3328.085,LONG,3326.5173571428572,3330.4364642857145,1.5676428571428005,53877
2025-07-04 06:10:00,3341.505,LONG,3340.0359285714285,3343.708607142857,1.4690714285713966,53917
2025-07-04 07:55:00,3342.775,LONG,3340.739285714286,3345.8285714285716,2.0357142857142856,53938
2025-07-04 08:30:00,3343.345,LONG,3341.443571428571,3346.197142857143,1.9014285714286285,53945
2025-07-04 09:15:00,3341.625,LONG,3340.017142857143,3344.0367857142855,1.6078571428571584,53954
2025-07-04 11:10:00,3335.438,SHORT,3337.3127142857147,3332.6259285714286,1.87471428571439,53977
2025-07-04 11:40:00,3336.348,SHORT,3338.067857142857,3333.7682142857143,1.7198571428571736,53983
2025-07-04 12:10:00,3336.295,SHORT,3337.9334285714285,3333.8373571428574,1.6384285714285787,53989
2025-07-04 12:35:00,3333.069,SHORT,3334.8350714285716,3330.4198928571427,1.7660714285714545,53994
2025-07-04 12:55:00,3333.648,SHORT,3335.5125000000003,3330.85125,1.8645000000000371,53998
2025-07-04 13:55:00,3333.585,SHORT,3335.4928571428572,3330.723214285714,1.9078571428572428,54010
2025-07-04 15:05:00,3331.848,SHORT,3333.305785714286,3329.6613214285712,1.4577857142857868,54024
2025-07-04 16:05:00,3332.448,SHORT,3333.5094285714285,3330.855857142857,1.0614285714285805,54036
2025-07-06 22:10:00,3338.048,LONG,3335.8189999999995,3341.3914999999997,2.2290000000001067,54049
2025-07-06 22:30:00,3335.685,LONG,3333.0702857142855,3339.6070714285715,2.6147142857143666,54053
2025-07-07 01:00:00,3323.155,SHORT,3325.7297142857146,3319.292928571429,2.5747142857142404,54083
2025-07-07 03:25:00,3312.848,SHORT,3315.5015714285714,3308.867642857143,2.6535714285714027,54112
2025-07-07 05:40:00,3310.545,SHORT,3312.890142857143,3307.027285714286,2.3451428571428488,54139
2025-07-07 05:55:00,3313.175,SHORT,3315.5575000000003,3309.60125,2.3824999999999688,54142
2025-07-07 06:30:00,3310.045,SHORT,3312.6185,3306.18475,2.573500000000032,54149
2025-07-07 07:20:00,3309.705,SHORT,3312.410714285714,3305.6464285714283,2.7057142857142935,54159
2025-07-07 09:25:00,3307.375,SHORT,3309.4530714285715,3304.257892857143,2.0780714285714503,54184
2025-07-07 10:00:00,3308.305,SHORT,3310.2819285714286,3305.339607142857,1.9769285714285485,54191
2025-07-07 11:55:00,3301.715,SHORT,3305.1180714285715,3296.610392857143,3.403071428571398,54214
2025-07-07 12:25:00,3302.665,SHORT,3305.873,3297.853,3.207999999999921,54220
2025-07-07 13:15:00,3309.495,LONG,3305.9900714285714,3314.7523928571427,3.5049285714284713,54230
2025-07-07 18:25:00,3329.998,LONG,3328.2982142857145,3332.5476785714286,1.6997857142857487,54292
2025-07-07 20:30:00,3336.465,LONG,3335.102785714286,3338.5083214285714,1.3622142857142794,54317
2025-07-07 23:05:00,3337.048,LONG,3334.655714285714,3340.636428571428,2.392285714285598,54336
2025-07-08 00:30:00,3331.998,SHORT,3334.133714285714,3328.7944285714284,2.1357142857143248,54353
2025-07-08 01:40:00,3334.398,SHORT,3336.872642857143,3330.686035714286,2.4746428571428885,54367
2025-07-08 03:10:00,3331.898,SHORT,3333.8742142857145,3328.9336785714286,1.9762142857143448,54385
2025-07-08 06:25:00,3334.395,LONG,3332.4295,3337.34325,1.9654999999999876,54424
2025-07-08 06:50:00,3334.465,LONG,3332.5104285714287,3337.3968571428572,1.9545714285714308,54429
2025-07-08 07:05:00,3338.585,LONG,3336.5254285714286,3341.674357142857,2.059571428571352,54432
2025-07-08 08:10:00,3327.695,SHORT,3330.1135,3324.06725,2.418499999999962,54445
2025-07-08 10:50:00,3325.225,SHORT,3327.0344999999998,3322.51075,1.8095000000000385,54477
2025-07-08 11:50:00,3321.705,SHORT,3323.9419285714284,3318.349607142857,2.236928571428572,54489
2025-07-08 13:40:00,3321.349,SHORT,3324.2498571428573,3316.997714285714,2.9008571428571486,54511
2025-07-08 13:55:00,3314.965,SHORT,3318.3427142857145,3309.8984285714287,3.377714285714189,54514
2025-07-08 15:55:00,3298.035,SHORT,3301.3402857142855,3293.0770714285713,3.305285714285609,54538
2025-07-08 17:10:00,3303.905,SHORT,3306.8925000000004,3299.4237500000004,2.9875000000000194,54553
2025-07-08 18:20:00,3304.115,SHORT,3306.530214285714,3300.4921785714287,2.4152142857141956,54567
2025-07-08 19:15:00,3303.248,SHORT,3305.1495,3300.39575,1.9014999999999742,54578
2025-07-08 19:50:00,3304.348,SHORT,3305.6555714285714,3302.3866428571428,1.3075714285713989,54585
2025-07-08 22:15:00,3300.665,SHORT,3302.122142857143,3298.4792857142857,1.457142857142831,54602
2025-07-08 22:30:00,3301.055,SHORT,3302.590714285714,3298.7514285714287,1.5357142857142208,54605
2025-07-08 23:40:00,3298.005,SHORT,3299.5344285714286,3295.710857142857,1.5294285714285902,54619
2025-07-09 00:05:00,3305.745,SHORT,3308.0486428571426,3302.2895357142856,2.3036428571428393,54624
2025-07-09 01:30:00,3306.898,LONG,3304.8592857142858,3309.9560714285712,2.0387142857141822,54641
2025-07-09 04:35:00,3295.398,SHORT,3296.8444285714286,3293.2283571428575,1.4464285714285714,54678
2025-07-09 05:35:00,3290.905,SHORT,3293.0082857142856,3287.7500714285716,2.103285714285643,54690
2025-07-09 07:25:00,3290.525,SHORT,3293.0735714285715,3286.702142857143,2.5485714285713845,54712
2025-07-09 07:55:00,3291.665,SHORT,3294.4192857142857,3287.533571428571,2.754285714285743,54718
2025-07-09 08:50:00,3285.248,SHORT,3288.1842142857145,3280.8436785714284,2.9362142857142834,54729
2025-07-09 09:25:00,3287.965,SHORT,3290.3224285714286,3284.4288571428574,2.357428571428532,54736
2025-07-09 13:45:00,3297.898,LONG,3294.561928571429,3302.902107142857,3.336071428571326,54788
2025-07-09 15:40:00,3308.905,LONG,3306.564785714286,3312.4153214285716,2.340214285714215,54811
2025-07-09 17:45:00,3310.748,LONG,3308.9934285714285,3313.3798571428574,1.7545714285714828,54836
2025-07-09 18:05:00,3310.098,LONG,3308.205857142857,3312.9362142857144,1.8921428571429064,54840
2025-07-09 18:45:00,3310.955,LONG,3309.427857142857,3313.2457142857143,1.5271428571428973,54848
2025-07-09 19:00:00,3314.898,LONG,3313.0639285714287,3317.6491071428572,1.8340714285714381,54851
2025-07-09 20:25:00,3312.585,LONG,3311.2712857142856,3314.5555714285715,1.3137142857142732,54868
2025-07-09 22:00:00,3315.548,LONG,3314.1969285714285,3317.574607142857,1.3510714285713934,54875
2025-07-09 23:15:00,3318.145,LONG,3316.7079285714285,3320.300607142857,1.4370714285714712,54890
2025-07-09 23:55:00,3317.425,LONG,3316.098642857143,3319.4145357142856,1.3263571428571075,54898
2025-07-10 01:05:00,3319.435,LONG,3317.4617857142857,3322.3948214285715,1.9732142857143182,54912
2025-07-10 02:50:00,3319.565,LONG,3318.1332142857145,3321.7126785714286,1.431785714285752,54933
2025-07-10 05:40:00,3322.875,LONG,3321.200428571429,3325.386857142857,1.6745714285713933,54967
2025-07-10 09:50:00,3325.645,LONG,3323.6935714285714,3328.572142857143,1.9514285714284856,55017
2025-07-10 10:15:00,3323.785,LONG,3322.0216428571425,3326.4300357142856,1.7633571428571355,55022
2025-07-10 10:40:00,3326.398,LONG,3324.469857142857,3329.2902142857142,1.9281428571428347,55027
2025-07-10 12:55:00,3323.475,SHORT,3326.161714285714,3319.4449285714286,2.6867142857142556,55054
2025-07-10 13:30:00,3324.595,LONG,3321.5376428571426,3329.1810357142854,3.0573571428571023,55061
2025-07-10 13:40:00,3320.848,SHORT,3324.284142857143,3315.6937857142857,3.436142857142808,55063
2025-07-10 16:05:00,3318.365,SHORT,3320.0416428571425,3315.8500357142857,1.6766428571427892,55092
2025-07-10 17:10:00,3316.465,SHORT,3318.077142857143,3314.0467857142858,1.6121428571429663,55105
2025-07-10 17:20:00,3317.485,SHORT,3319.106928571429,3315.052107142857,1.6219285714286928,55107
2025-07-10 22:00:00,3325.498,LONG,3324.3899285714288,3327.160107142857,1.1080714285714552,55151
2025-07-10 23:20:00,3323.865,LONG,3322.419214285714,3326.0336785714285,1.4457857142857458,55167
2025-07-11 00:00:00,3326.245,LONG,3324.782642857143,3328.4385357142855,1.4623571428571398,55175
2025-07-11 01:25:00,3328.148,LONG,3324.9547142857145,3332.9379285714285,3.193285714285626,55192
2025-07-11 03:40:00,3335.085,LONG,3333.4592142857146,3337.5236785714287,1.625785714285712,55219
2025-07-11 04:00:00,3334.345,LONG,3332.9201428571428,3336.4822857142854,1.4248571428571657,55223
2025-07-11 04:55:00,3331.755,LONG,3330.4635000000003,3333.69225,1.2915000000000094,55234
2025-07-11 05:15:00,3334.265,LONG,3332.979214285714,3336.1936785714283,1.285785714285664,55238
2025-07-11 05:55:00,3333.885,LONG,3331.772142857143,3337.054285714286,2.1128571428571052,55246
2025-07-11 06:20:00,3342.755,LONG,3340.009,3346.8740000000003,2.7460000000000298,55251
2025-07-11 07:00:00,3332.595,LONG,3330.094642857143,3336.3455357142852,2.500357142857086,55259
2025-07-11 08:35:00,3337.965,LONG,3335.807714285714,3341.200928571429,2.1572857142857953,55278
2025-07-11 09:40:00,3335.448,SHORT,3337.7791428571427,3331.9512857142854,2.3311428571428223,55291
2025-07-11 11:25:00,3344.655,LONG,3342.212142857143,3348.319285714286,2.442857142857065,55312
2025-07-11 12:40:00,3352.155,LONG,3349.155357142857,3356.6544642857148,2.999642857142914,55327
2025-07-11 13:35:00,3358.079,LONG,3353.8097142857146,3364.4829285714286,4.269285714285745,55338
2025-07-11 14:20:00,3353.455,LONG,3348.858142857143,3360.3502857142857,4.596857142857094,55347
2025-07-11 16:20:00,3355.119,LONG,3352.195642857143,3359.5040357142857,2.9233571428571525,55371
2025-07-11 18:10:00,3354.785,SHORT,3356.393357142857,3352.372464285714,1.6083571428571304,55393
2025-07-11 19:10:00,3357.445,LONG,3355.816428571429,3359.8878571428572,1.6285714285714417,55405
2025-07-11 20:05:00,3355.905,LONG,3354.322142857143,3358.279285714286,1.5828571428571974,55416
2025-07-13 23:35:00,3367.875,LONG,3364.997142857143,3372.1917857142857,2.8778571428572053,55446
2025-07-14 03:15:00,3355.685,SHORT,3357.7097857142858,3352.647821428571,2.024785714285794,55490
2025-07-14 03:30:00,3356.565,SHORT,3358.419785714286,3353.7828214285714,1.8547857142857538,55493
2025-07-14 05:20:00,3355.965,SHORT,3358.1062142857145,3352.7531785714286,2.141214285714276,55515
2025-07-14 05:50:00,3356.475,SHORT,3358.465,3353.49,1.990000000000009,55521
2025-07-14 06:20:00,3358.895,SHORT,3361.098785714286,3355.589321428571,2.2037857142857837,55527
2025-07-14 09:15:00,3368.055,LONG,3366.1007142857143,3370.9864285714284,1.9542857142857233,55562
2025-07-14 11:15:00,3371.845,LONG,3370.3474285714283,3374.091357142857,1.4975714285714534,55586
2025-07-14 11:30:00,3370.775,LONG,3369.0860000000002,3373.3085,1.6889999999999807,55589
2025-07-14 13:50:00,3356.835,SHORT,3360.1104285714287,3351.9218571428573,3.2754285714285225,55617
2025-07-14 14:10:00,3351.555,SHORT,3354.644,3346.9215,3.088999999999974,55621
2025-07-14 15:15:00,3346.075,SHORT,3349.620214285714,3340.7571785714285,3.5452142857142723,55634
2025-07-14 17:30:00,3350.139,SHORT,3351.5530714285715,3348.017892857143,1.4140714285714628,55661
2025-07-14 19:05:00,3349.325,SHORT,3350.5556428571426,3347.4790357142856,1.2306428571428438,55680
2025-07-15 02:05:00,3348.615,LONG,3346.697428571428,3351.491357142857,1.9175714285714613,55752
2025-07-15 02:50:00,3348.725,LONG,3346.9702857142856,3351.3570714285715,1.754714285714304,55761
2025-07-15 06:05:00,3361.985,LONG,3360.2678571428573,3364.5607142857143,1.7171428571427896,55800
2025-07-15 06:45:00,3361.635,LONG,3359.554,3364.7565000000004,2.081000000000066,55808
2025-07-15 07:10:00,3360.305,LONG,3358.0399285714284,3363.7026071428572,2.265071428571543,55813
2025-07-15 08:50:00,3363.248,LONG,3360.967285714286,3366.6690714285714,2.280714285714339,55833
2025-07-15 09:35:00,3362.475,LONG,3359.714,3366.6165,2.7609999999999997,55842
2025-07-15 13:05:00,3348.355,SHORT,3352.6892857142857,3341.8535714285717,4.33428571428567,55884
2025-07-15 14:00:00,3343.135,SHORT,3347.4408571428576,3336.6762142857147,4.305857142857154,55895
2025-07-15 15:00:00,3347.149,SHORT,3350.5598571428573,3342.032714285714,3.4108571428571395,55907
2025-07-15 17:20:00,3330.198,SHORT,3332.111214285714,3327.3281785714285,1.9132142857143728,55935
2025-07-15 17:45:00,3327.229,SHORT,3328.9287857142854,3324.6793214285713,1.699785714285781,55940
2025-07-15 18:50:00,3329.669,SHORT,3331.192714285714,3327.383428571429,1.5237142857141797,55953
2025-07-15 20:00:00,3329.965,SHORT,3331.2157142857145,3328.088928571429,1.2507142857143012,55967
2025-07-15 23:15:00,3328.355,SHORT,3329.352142857143,3326.8592857142858,0.9971428571428272,55994
2025-07-16 01:50:00,3332.055,LONG,3329.8745,3335.32575,2.180500000000003,56025
2025-07-16 02:40:00,3328.035,SHORT,3329.7309999999998,3325.491,1.695999999999945,56035
2025-07-16 05:50:00,3338.515,LONG,3337.2090714285714,3340.473892857143,1.3059285714286293,56073
2025-07-16 07:55:00,3337.705,LONG,3336.0645,3340.16575,1.6405000000000396,56098
2025-07-16 09:20:00,3340.775,LONG,3339.5259285714287,3342.648607142857,1.2490714285714017,56115
2025-07-16 10:55:00,3334.695,SHORT,3336.1912142857145,3332.450678571429,1.496214285714294,56134
2025-07-16 12:25:00,3333.738,SHORT,3335.956214285714,3330.4106785714284,2.2182142857141764,56152
2025-07-16 12:40:00,3333.895,SHORT,3336.7746428571427,3329.5755357142857,2.879642857142796,56155
2025-07-16 13:40:00,3326.889,SHORT,3330.4807142857144,3321.5014285714287,3.5917142857143256,56167
2025-07-16 16:05:00,3348.735,LONG,3337.8257857142858,3365.0988214285717,10.909214285714338,56196
2025-07-17 02:15:00,3339.848,SHORT,3342.1262857142856,3336.430571428571,2.2782857142857926,56306
2025-07-17 03:50:00,3341.475,SHORT,3342.9707857142857,3339.2313214285714,1.4957857142857003,56325
2025-07-17 05:05:00,3341.005,SHORT,3342.4114285714286,3338.8953571428574,1.4064285714286078,56340
2025-07-17 06:00:00,3337.255,SHORT,3338.947857142857,3334.7157142857145,1.6928571428570973,56351
2025-07-17 09:25:00,3329.855,SHORT,3331.619357142857,3327.2084642857144,1.7643571428571445,56392
2025-07-17 13:55:00,3318.898,SHORT,3322.9055,3312.88675,4.0074999999999035,56446
2025-07-17 17:45:00,3337.948,LONG,3336.4505,3340.19425,1.4975000000001077,56492
2025-07-17 18:20:00,3336.979,LONG,3335.627571428571,3339.0061428571425,1.3514285714286416,56499
2025-07-17 20:50:00,3337.865,LONG,3337.0732857142857,3339.0525714285714,0.7917142857142413,56529
2025-07-17 22:00:00,3341.358,LONG,3340.3332142857143,3342.895178571429,1.0247857142856966,56531
2025-07-17 22:25:00,3339.195,LONG,3337.997928571429,3340.9906071428572,1.1970714285714297,56536
2025-07-17 22:40:00,3342.798,LONG,3341.1631428571427,3345.2502857142854,1.6348571428571697,56539
2025-07-18 01:15:00,3337.698,SHORT,3339.3292142857144,3335.251178571428,1.63121428571435,56570
2025-07-18 01:55:00,3337.525,SHORT,3339.667642857143,3334.311035714286,2.142642857142911,56578
2025-07-18 05:40:00,3334.315,SHORT,3336.006428571429,3331.777857142857,1.6914285714285597,56623
2025-07-18 10:05:00,3349.905,LONG,3347.8452142857145,3352.9946785714287,2.0597857142857134,56676
2025-07-18 11:10:00,3352.695,LONG,3350.9083571428573,3355.3749642857147,1.7866428571429165,56689
2025-07-18 14:20:00,3355.425,LONG,3352.348142857143,3360.040285714286,3.0768571428571443,56727
2025-07-18 16:05:00,3353.005,SHORT,3354.7723571428573,3350.3539642857145,1.7673571428571384,56748
2025-07-18 17:00:00,3352.515,SHORT,3354.486214285714,3349.5581785714285,1.971214285714333,56759
2025-07-18 20:15:00,3349.745,SHORT,3350.7721428571426,3348.2042857142856,1.027142857142865,56798
2025-07-20 22:15:00,3345.198,SHORT,3346.712071428571,3342.926892857143,1.5140714285713395,56810
2025-07-21 02:20:00,3355.955,LONG,3354.467142857143,3358.1867857142856,1.4878571428571377,56859
2025-07-21 02:50:00,3353.175,LONG,3351.582785714286,3355.5633214285717,1.5922142857143302,56865
2025-07-21 04:35:00,3355.635,LONG,3354.398,3357.4905000000003,1.237000000000015,56886
2025-07-21 08:15:00,3364.075,LONG,3362.580214285714,3366.3171785714285,1.4947857142857888,56930
2025-07-21 08:45:00,3366.035,LONG,3364.4565,3368.4027499999997,1.5785000000000113,56936
2025-07-21 09:40:00,3363.748,LONG,3362.4201428571428,3365.7397857142855,1.3278571428571209,56947
2025-07-21 10:25:00,3365.305,LONG,3364.046714285714,3367.1924285714285,1.2582857142857458,56956
2025-07-21 11:00:00,3366.865,LONG,3365.4833571428567,3368.937464285714,1.3816428571429111,56963
2025-07-21 13:35:00,3388.225,LONG,3385.488714285714,3392.3294285714287,2.7362857142857786,56994
2025-07-21 15:30:00,3400.245,LONG,3397.925714285714,3403.7239285714286,2.3192857142857,57017
2025-07-21 16:15:00,3397.985,LONG,3395.6923571428574,3401.423964285714,2.292642857142807,57026
2025-07-21 18:15:00,3394.655,LONG,3393.454357142857,3396.455964285715,1.2006428571429686,57050
2025-07-21 18:45:00,3394.205,LONG,3393.076857142857,3395.897214285714,1.1281428571429453,57056
2025-07-21 19:05:00,3396.145,LONG,3394.935214285714,3397.9596785714284,1.209785714285772,57060
2025-07-21 20:35:00,3397.748,LONG,3396.699285714286,3399.3210714285715,1.0487142857142382,57078
2025-07-21 20:50:00,3397.225,LONG,3396.2639285714286,3398.666607142857,0.9610714285713584,57081
2025-07-21 22:10:00,3399.185,LONG,3398.1797142857145,3400.6929285714286,1.0052857142856542,57085
2025-07-21 23:05:00,3400.345,LONG,3399.346714285714,3401.842428571428,0.9982857142856899,57096
2025-07-21 23:45:00,3395.615,LONG,3393.7895,3398.3532499999997,1.825499999999985,57104
2025-07-22 00:35:00,3394.435,SHORT,3397.4156428571428,3389.9640357142857,2.9806428571428762,57114
2025-07-22 02:50:00,3390.545,SHORT,3392.5672142857143,3387.511678571429,2.022214285714199,57141
2025-07-22 03:45:00,3392.495,SHORT,3394.0014285714283,3390.235357142857,1.5064285714285819,57152
2025-07-22 04:25:00,3389.598,SHORT,3391.0930714285714,3387.3553928571428,1.495071428571464,57160
2025-07-22 05:50:00,3385.105,SHORT,3386.8951428571427,3382.419785714286,1.79014285714272,57177
2025-07-22 06:25:00,3384.555,SHORT,3386.315428571428,3381.914357142857,1.7604285714284873,57184
2025-07-22 06:40:00,3384.395,SHORT,3386.272357142857,3381.5789642857144,1.8773571428570708,57187
2025-07-22 07:45:00,3385.585,SHORT,3386.826,3383.7235,1.2410000000000505,57200
2025-07-22 09:30:00,3385.335,SHORT,3386.929285714286,3382.9435714285714,1.594285714285726,57221
2025-07-22 10:25:00,3387.395,SHORT,3388.686642857143,3385.4575357142858,1.2916428571427656,57232
2025-07-22 19:20:00,3431.539,LONG,3430.3510714285717,3433.320892857143,1.1879285714285939,57339
2025-07-22 20:15:00,3430.448,LONG,3429.241357142857,3432.257964285714,1.2066428571428267,57350
2025-07-22 20:40:00,3428.448,LONG,3427.159714285714,3430.3804285714286,1.288285714285751,57355
2025-07-23 00:05:00,3431.755,LONG,3429.426428571429,3435.2478571428574,2.3285714285713897,57384
2025-07-23 03:10:00,3424.355,SHORT,3426.1845,3421.6107500000003,1.8294999999999229,57421
2025-07-23 03:30:00,3425.085,SHORT,3427.055,3422.13,1.969999999999865,57425
2025-07-23 04:05:00,3423.885,SHORT,3425.8196428571428,3420.983035714286,1.9346428571427623,57432
2025-07-23 08:40:00,3426.715,LONG,3424.4652142857144,3430.0896785714285,2.249785714285703,57487
2025-07-23 12:55:00,3419.775,SHORT,3422.4060714285715,3415.828392857143,2.6310714285713988,57538
2025-07-23 14:10:00,3416.475,SHORT,3420.5685,3410.33475,4.093500000000014,57553
2025-07-23 15:15:00,3412.705,SHORT,3415.7692857142856,3408.1085714285714,3.064285714285753,57566
2025-07-23 18:25:00,3394.065,SHORT,3396.3320714285715,3390.664392857143,2.2670714285713984,57604
2025-07-23 19:35:00,3389.845,SHORT,3391.509,3387.3489999999997,1.6639999999999873,57618
2025-07-23 22:15:00,3388.695,SHORT,3390.390642857143,3386.1515357142857,1.695642857142827,57638
2025-07-23 23:35:00,3390.075,SHORT,3391.194571428571,3388.395642857143,1.1195714285713945,57654
2025-07-23 23:55:00,3389.885,SHORT,3391.1867142857145,3387.9324285714288,1.3017142857141997,57658
2025-07-24 00:20:00,3389.448,SHORT,3391.0770714285713,3387.0043928571426,1.6290714285713486,57663
2025-07-24 01:40:00,3388.895,SHORT,3391.653357142857,3384.7574642857144,2.758357142857124,57679
2025-07-24 02:25:00,3387.315,SHORT,3390.2755714285713,3382.874142857143,2.9605714285713867,57688
2025-07-24 04:05:00,3383.085,SHORT,3385.7690714285714,3379.058892857143,2.684071428571412,57708
2025-07-24 07:05:00,3373.315,SHORT,3376.402357142857,3368.6839642857144,3.08735714285714,57744
2025-07-24 07:45:00,3371.615,SHORT,3374.475,3367.325,2.859999999999965,57752
2025-07-24 10:30:00,3363.245,SHORT,3364.9509285714284,3360.686107142857,1.705928571428623,57785
2025-07-24 10:50:00,3364.148,SHORT,3365.9153571428574,3361.4969642857145,1.7673571428572035,57789
2025-07-24 11:15:00,3364.649,SHORT,3366.5299285714286,3361.8276071428572,1.8809285714285775,57794
2025-07-24 11:55:00,3361.975,SHORT,3364.0194285714283,3358.908357142857,2.0444285714285604,57802
2025-07-24 12:10:00,3361.495,SHORT,3363.656857142857,3358.252214285714,2.161857142857116,57805
2025-07-24 12:25:00,3361.598,SHORT,3363.915285714286,3358.1220714285714,2.3172857142857146,57808
2025-07-24 12:35:00,3361.565,SHORT,3364.2357142857145,3357.5589285714286,2.6707142857142765,57810
2025-07-24 15:20:00,3373.915,LONG,3371.1803571428572,3378.016964285714,2.734642857142847,57843
2025-07-24 16:20:00,3372.275,LONG,3370.4020714285716,3375.084392857143,1.8729285714286041,57855
2025-07-24 16:35:00,3370.598,LONG,3368.8052857142857,3373.2870714285714,1.79271428571438,57858
2025-07-24 18:15:00,3367.748,SHORT,3369.1827857142857,3365.5958214285715,1.4347857142857134,57878
2025-07-24 22:05:00,3367.215,SHORT,3368.412642857143,3365.4185357142856,1.197642857142942,57912
2025-07-24 23:00:00,3368.448,SHORT,3369.8422857142855,3366.356571428571,1.3942857142858105,57923
2025-07-24 23:40:00,3369.245,SHORT,3370.5932857142857,3367.2225714285714,1.3482857142857938,57931
2025-07-25 01:25:00,3367.645,LONG,3366.1133571428572,3369.9424642857143,1.5316428571428722,57952
2025-07-25 05:05:00,3360.385,SHORT,3362.0578571428573,3357.8757142857144,1.6728571428571481,57996
2025-07-25 06:05:00,3355.755,SHORT,3357.553142857143,3353.0577857142857,1.798142857142953,58008
2025-07-25 09:45:00,3346.775,SHORT,3348.5364285714286,3344.132857142857,1.761428571428626,58052
2025-07-25 12:00:00,3340.085,SHORT,3342.163785714286,3336.9668214285716,2.078785714285719,58079
2025-07-25 12:35:00,3338.235,SHORT,3340.5327142857145,3334.7884285714285,2.2977142857142945,58086
2025-07-25 13:10:00,3338.745,SHORT,3341.785142857143,3334.1847857142857,3.0401428571428823,58093
2025-07-25 13:35:00,3343.798,SHORT,3347.290571428571,3338.5591428571424,3.492571428571474,58098
2025-07-25 17:15:00,3332.848,SHORT,3334.784357142857,3329.943464285714,1.9363571428571373,58142
2025-07-25 17:25:00,3334.069,SHORT,3335.9817857142857,3331.1998214285713,1.912785714285779,58144
2025-07-25 19:50:00,3338.665,LONG,3337.704357142857,3340.1059642857144,0.9606428571429271,58173
2025-07-25 20:05:00,3337.645,LONG,3336.5510714285715,3339.2858928571427,1.0939285714286078,58176
2025-07-25 20:15:00,3337.385,LONG,3336.2877857142857,3339.0308214285715,1.0972142857143095,58178
2025-07-28 00:15:00,3332.495,SHORT,3334.6749999999997,3329.225,2.179999999999999,58214
2025-07-28 01:10:00,3334.865,SHORT,3337.623071428571,3330.7278928571427,2.758071428571384,58225
2025-07-28 03:00:00,3336.085,LONG,3334.198428571429,3338.9148571428573,1.8865714285713497,58247
2025-07-28 05:45:00,3342.545,LONG,3341.034357142857,3344.8109642857144,1.5106428571428816,58280
2025-07-28 06:35:00,3337.595,LONG,3335.364071428571,3340.9413928571425,2.2309285714285516,58290
2025-07-28 07:15:00,3340.615,LONG,3338.6781428571426,3343.5202857142854,1.9368571428570769,58298
2025-07-28 08:35:00,3335.535,SHORT,3337.83,3332.0924999999997,2.2950000000000403,58314
2025-07-28 09:20:00,3339.048,SHORT,3340.8684999999996,3336.3172499999996,1.8205000000000058,58323
2025-07-28 09:45:00,3336.825,SHORT,3338.7484999999997,3333.93975,1.9234999999999414,58328
2025-07-28 10:00:00,3336.815,SHORT,3338.6735,3334.02725,1.8584999999999516,58331
2025-07-28 11:50:00,3336.165,SHORT,3337.6402857142857,3333.9520714285713,1.4752857142856814,58353
2025-07-28 12:05:00,3335.445,SHORT,3337.023857142857,3333.0767142857144,1.5788571428570972,58356
2025-07-28 15:50:00,3314.325,SHORT,3316.8785714285714,3310.494642857143,2.553571428571396,58401
2025-07-28 17:00:00,3310.475,SHORT,3312.174,3307.9265,1.6990000000000367,58415
2025-07-28 17:25:00,3310.309,SHORT,3312.133285714286,3307.572571428572,1.8242857142857116,58420
2025-07-28 18:35:00,3313.779,SHORT,3314.9955,3311.95425,1.2165000000000614,58434
2025-07-28 18:50:00,3313.095,SHORT,3314.2337857142857,3311.3868214285712,1.1387857142857942,58437
2025-07-28 19:10:00,3314.985,SHORT,3316.183785714286,3313.1868214285714,1.1987857142858047,58441
2025-07-28 23:10:00,3313.448,SHORT,3315.1649285714284,3310.872607142857,1.7169285714285902,58477
2025-07-29 00:15:00,3309.765,SHORT,3311.7926428571427,3306.7235357142854,2.027642857142837,58490
2025-07-29 05:30:00,3318.055,LONG,3316.3190714285715,3320.6588928571427,1.7359285714284982,58553
2025-07-29 06:15:00,3320.298,LONG,3318.3461428571427,3323.2257857142854,1.9518571428570795,58562
2025-07-29 07:15:00,3314.255,LONG,3311.443285714286,3318.4725714285714,2.811714285714191,58574
2025-07-29 09:20:00,3322.748,LONG,3320.261857142857,3326.4772142857146,2.486142857142925,58599
2025-07-29 09:40:00,3325.225,LONG,3322.7324285714285,3328.9638571428573,2.492571428571474,58603
2025-07-29 12:15:00,3318.595,SHORT,3320.844928571428,3315.220107142857,2.249928571428557,58634
2025-07-29 13:45:00,3315.808,SHORT,3319.3774285714285,3310.453857142857,3.569428571428521,58652
2025-07-29 15:35:00,3324.485,LONG,3321.6535000000003,3328.73225,2.8315000000000055,58674
2025-07-29 17:15:00,3325.765,LONG,3324.0834285714286,3328.287357142857,1.6815714285714225,58694
2025-07-29 19:15:00,3326.438,LONG,3325.0839285714287,3328.469107142857,1.354071428571355,58718
2025-07-29 23:00:00,3328.048,LONG,3326.8654285714283,3329.821857142857,1.1825714285714963,58751
2025-07-29 23:55:00,3327.198,LONG,3326.3687857142854,3328.441821428571,0.8292142857142478,58762
2025-07-30 01:05:00,3330.698,LONG,3328.5641428571425,3333.8987857142856,2.1338571428571607,58776
2025-07-30 02:20:00,3331.625,LONG,3329.1635714285712,3335.3171428571427,2.4614285714285415,58791
2025-07-30 03:35:00,3327.775,LONG,3325.742642857143,3330.8235357142858,2.032357142857141,58806
2025-07-30 05:35:00,3326.115,SHORT,3327.9511428571427,3323.360785714285,1.8361428571429315,58830
2025-07-30 07:35:00,3327.915,LONG,3325.6815714285713,3331.265142857143,2.233428571428606,58854
2025-07-30 09:00:00,3332.105,LONG,3330.026428571429,3335.2228571428573,2.0785714285713897,58871
2025-07-30 10:00:00,3331.605,LONG,3329.8312142857144,3334.265678571429,1.7737857142857851,58883
2025-07-30 10:10:00,3330.525,LONG,3328.483357142857,3333.5874642857143,2.0416428571428957,58885
2025-07-30 10:25:00,3328.898,LONG,3326.6270714285715,3332.304392857143,2.27092857142858,58888
2025-07-30 11:40:00,3325.845,SHORT,3327.667928571428,3323.110607142857,1.8229285714284873,58903
2025-07-30 12:40:00,3323.598,SHORT,3326.3706428571427,3319.4390357142856,2.772642857142825,58915
2025-07-30 16:30:00,3294.198,SHORT,3296.9075714285714,3290.1336428571426,2.7095714285715076,58961
2025-07-30 17:00:00,3297.835,SHORT,3299.889642857143,3294.7530357142855,2.0546428571429454,58967
2025-07-30 17:30:00,3298.785,SHORT,3300.244714285714,3296.5954285714283,1.4597142857143288,58973
2025-07-30 18:20:00,3297.465,SHORT,3300.179785714286,3293.3928214285716,2.7147857142857186,58983
2025-07-30 18:40:00,3288.775,SHORT,3292.7742857142857,3282.7760714285714,3.9992857142857963,58987
2025-07-30 22:50:00,3278.735,SHORT,3280.7763571428573,3275.6729642857144,2.0413571428571555,59025
2025-07-31 01:40:00,3289.398,LONG,3286.8257142857146,3293.256428571429,2.572285714285694,59059
2025-07-31 02:50:00,3294.805,LONG,3292.5869285714284,3298.132107142857,2.218071428571388,59073
2025-07-31 04:05:00,3294.798,LONG,3292.868714285714,3297.6919285714284,1.9292857142857298,59088
2025-07-31 05:20:00,3296.298,LONG,3294.874857142857,3298.432714285714,1.4231428571428555,59103
2025-07-31 05:40:00,3295.845,LONG,3294.4632857142856,3297.917571428571,1.3817142857142244,59107
2025-07-31 07:15:00,3300.765,LONG,3298.4089999999997,3304.299,2.356000000000027,59126
2025-07-31 09:45:00,3308.305,LONG,3305.7936428571425,3312.0720357142854,2.511357142857183,59156
2025-07-31 11:25:00,3301.945,SHORT,3304.4283571428573,3298.2199642857145,2.483357142857195,59176
2025-07-31 11:40:00,3305.048,SHORT,3307.6420714285714,3301.156892857143,2.5940714285714614,59179
2025-07-31 12:30:00,3309.048,LONG,3306.4071428571424,3313.0092857142854,2.6408571428571577,59189
2025-07-31 13:20:00,3308.785,LONG,3305.7781428571425,3313.295285714286,3.0068571428572404,59199
2025-07-31 15:20:00,3296.025,SHORT,3299.5927142857145,3290.6734285714288,3.5677142857143087,59223
2025-07-31 16:45:00,3295.648,SHORT,3298.023857142857,3292.084214285714,2.3758571428572526,59240
2025-07-31 17:15:00,3296.875,SHORT,3298.775,3294.0249999999996,1.9000000000001234,59246
2025-07-31 18:45:00,3294.958,SHORT,3296.413,3292.7755,1.4550000000000571,59264
2025-07-31 23:45:00,3290.298,SHORT,3291.937214285714,3287.8391785714284,1.6392142857142906,59312
2025-08-01 01:15:00,3290.815,SHORT,3292.9675,3287.58625,2.1525000000000483,59330
2025-08-01 02:20:00,3289.198,SHORT,3291.8971428571426,3285.1492857142857,2.6991428571428577,59343
2025-08-01 04:00:00,3292.225,LONG,3290.416214285714,3294.9381785714286,1.808785714285737,59363
2025-08-01 04:25:00,3292.555,LONG,3290.9209285714282,3295.0061071428568,1.6340714285714253,59368
2025-08-01 04:50:00,3290.848,LONG,3289.003714285714,3293.6144285714286,1.844285714285726,59373
2025-08-01 05:05:00,3293.898,LONG,3291.979428571429,3296.775857142857,1.9185714285714053,59376
2025-08-01 05:15:00,3292.548,LONG,3290.754214285714,3295.2386785714284,1.793785714285702,59378
2025-08-01 07:15:00,3290.285,SHORT,3292.4409285714282,3287.051107142857,2.155928571428571,59402
2025-08-01 08:30:00,3286.665,SHORT,3288.8552142857143,3283.3796785714285,2.190214285714319,59417
2025-08-01 10:05:00,3294.985,LONG,3293.248785714286,3297.5893214285716,1.7362142857142382,59436
2025-08-01 11:50:00,3298.245,LONG,3295.93,3301.7174999999997,2.315000000000022,59457
2025-08-01 12:20:00,3303.048,LONG,3300.8462857142854,3306.350571428571,2.201714285714291,59463
2025-08-01 14:40:00,3344.665,LONG,3339.0247142857143,3353.1254285714285,5.640285714285743,59491
2025-08-03 22:20:00,3361.095,LONG,3359.0485714285714,3364.1646428571426,2.046428571428513,59571
2025-08-03 23:45:00,3360.048,LONG,3358.3386428571425,3362.6120357142854,1.7093571428570808,59588
2025-08-04 01:55:00,3352.048,SHORT,3354.361071428571,3348.5783928571427,2.313071428571415,59614
2025-08-04 05:40:00,3356.598,LONG,3355.1521428571427,3358.7667857142856,1.445857142857059,59659
2025-08-04 08:25:00,3358.648,SHORT,3360.8930714285716,3355.280392857143,2.245071428571399,59692
2025-08-04 12:55:00,3367.615,LONG,3364.8474285714283,3371.766357142857,2.7675714285714355,59746
2025-08-04 14:55:00,3373.759,LONG,3370.687785714286,3378.3658214285715,3.071214285714307,59770
2025-08-04 15:30:00,3372.745,LONG,3370.063142857143,3376.7677857142853,2.6818571428570652,59777
2025-08-04 17:30:00,3372.995,LONG,3371.243214285714,3375.6226785714284,1.7517857142857207,59801
2025-08-04 19:25:00,3376.468,LONG,3375.493571428571,3377.929642857143,0.9744285714285914,59824
2025-08-04 22:30:00,3375.098,LONG,3374.0697142857143,3376.6404285714284,1.0282857142857276,59849
2025-08-04 23:00:00,3376.648,LONG,3375.4505714285715,3378.444142857143,1.1974285714285477,59855
2025-08-05 00:00:00,3378.598,LONG,3377.2057142857143,3380.686428571428,1.3922857142856628,59867
2025-08-05 00:10:00,3376.865,LONG,3375.4830714285713,3378.9378928571427,1.3819285714285539,59869
2025-08-05 01:25:00,3379.748,LONG,3378.0217142857146,3382.3374285714285,1.7262857142856904,59884
2025-08-05 02:30:00,3376.765,LONG,3374.881714285714,3379.5899285714286,1.8832857142857458,59897
2025-08-05 04:05:00,3371.245,SHORT,3372.676857142857,3369.097214285714,1.43185714285713,59916
2025-08-05 06:00:00,3371.675,SHORT,3373.414285714286,3369.0660714285714,1.7392857142857403,59939
2025-08-05 08:30:00,3373.095,LONG,3371.274357142857,3375.8259642857142,1.8206428571428594,59969
2025-08-05 17:30:00,3380.798,LONG,3378.6029285714285,3384.090607142857,2.195071428571477,60077
2025-08-05 18:30:00,3379.515,LONG,3377.9275714285714,3381.896142857143,1.5874285714285503,60089
2025-08-06 00:55:00,3383.225,LONG,3381.725857142857,3385.473714285714,1.49914285714278,60154
2025-08-06 03:25:00,3376.665,SHORT,3378.089214285714,3374.5286785714284,1.4242142857143076,60184
2025-08-06 04:40:00,3374.598,SHORT,3375.747214285714,3372.8741785714287,1.149214285714249,60199
2025-08-06 04:55:00,3372.255,SHORT,3373.3342142857146,3370.636178571429,1.0792142857142477,60202
2025-08-06 07:00:00,3373.635,SHORT,3375.492357142857,3370.8489642857144,1.8573571428571216,60227
2025-08-06 08:00:00,3372.215,SHORT,3374.3016428571427,3369.085035714286,2.086642857142806,60239
2025-08-06 08:10:00,3368.998,SHORT,3371.2489285714287,3365.621607142857,2.250928571428566,60241
2025-08-06 09:25:00,3364.355,SHORT,3366.1905714285713,3361.601642857143,1.835571428571484,60256
2025-08-06 11:35:00,3365.128,SHORT,3366.962285714286,3362.3765714285714,1.8342857142857352,60282
2025-08-06 12:30:00,3363.315,SHORT,3365.174785714286,3360.5253214285717,1.859785714285668,60293
2025-08-06 14:00:00,3373.395,LONG,3370.342357142857,3377.9739642857144,3.052642857142863,60311
2025-08-06 15:40:00,3375.285,LONG,3372.9907857142857,3378.7263214285713,2.2942142857142636,60331
2025-08-06 16:20:00,3375.658,LONG,3373.050642857143,3379.5690357142857,2.6073571428571216,60339
2025-08-06 18:50:00,3372.395,SHORT,3374.0264285714284,3369.947857142857,1.6314285714286143,60369
2025-08-06 20:10:00,3369.968,SHORT,3371.1769285714286,3368.154607142857,1.2089285714285845,60385
2025-08-06 22:45:00,3370.488,SHORT,3372.196071428571,3367.9258928571426,1.708071428571397,60404
2025-08-07 00:00:00,3367.048,SHORT,3368.9701428571425,3364.1647857142857,1.9221428571427819,60419
2025-08-07 01:05:00,3373.695,LONG,3371.205642857143,3377.429035714286,2.4893571428571186,60432
2025-08-07 03:25:00,3377.805,LONG,3376.0795,3380.3932499999996,1.7254999999999785,60460
2025-08-07 04:50:00,3378.535,LONG,3377.0154285714284,3380.814357142857,1.5195714285714206,60477
2025-08-07 05:25:00,3379.575,LONG,3377.891642857143,3382.1000357142852,1.6833571428570784,60484
2025-08-07 05:45:00,3371.615,SHORT,3373.4954999999995,3368.79425,1.8804999999999512,60488
2025-08-07 09:50:00,3377.455,SHORT,3380.487642857143,3372.9060357142857,3.032642857142816,60537
2025-08-07 12:05:00,3376.015,SHORT,3379.1935714285714,3371.247142857143,3.178571428571396,60564
2025-08-07 13:10:00,3384.525,LONG,3380.898642857143,3389.964535714286,3.6263571428570947,60577
2025-08-07 14:10:00,3390.048,LONG,3384.5717142857143,3398.2624285714282,5.476285714285625,60589
2025-08-07 14:35:00,3387.365,LONG,3380.9494999999997,3396.9882499999994,6.415499999999903,60594
2025-08-07 20:50:00,3395.185,LONG,3392.300714285714,3399.5114285714285,2.8842857142856895,60669
2025-08-07 22:00:00,3407.285,LONG,3403.682857142857,3412.688214285714,3.602142857142813,60671
2025-08-07 22:20:00,3390.925,LONG,3385.5415000000003,3399.00025,5.3834999999999775,60675
2025-08-07 23:30:00,3398.089,LONG,3392.2456428571427,3406.8540357142856,5.843357142857063,60688
2025-08-08 02:25:00,3386.549,SHORT,3389.556,3382.0385,3.0069999999999646,60723
2025-08-08 05:00:00,3394.369,LONG,3392.280142857143,3397.502285714286,2.088857142857153,60754
2025-08-08 05:35:00,3392.819,LONG,3390.3877857142857,3396.4658214285714,2.4312142857143044,60761
2025-08-08 07:15:00,3396.815,LONG,3393.930142857143,3401.1422857142857,2.8848571428571046,60781
2025-08-08 07:30:00,3396.955,LONG,3393.7744285714284,3401.725857142857,3.180571428571414,60784
2025-08-08 07:40:00,3398.065,LONG,3394.2008571428573,3403.861214285714,3.864142857142854,60786
2025-08-08 12:00:00,3385.785,SHORT,3389.2457142857143,3380.5939285714285,3.460714285714338,60838
2025-08-08 12:10:00,3387.105,SHORT,3390.2907142857143,3382.3264285714286,3.185714285714344,60840
2025-08-08 13:30:00,3390.579,SHORT,3396.083,3382.3230000000003,5.504000000000003,60856
2025-08-08 14:15:00,3388.649,LONG,3383.314,3396.6515,5.335000000000069,60865
2025-08-08 15:05:00,3389.665,SHORT,3394.4312142857143,3382.5156785714285,4.766214285714341,60875
2025-08-08 15:45:00,3393.629,LONG,3390.807857142857,3397.860714285714,2.8211428571428963,60883
2025-08-08 17:05:00,3397.449,LONG,3395.1297142857143,3400.9279285714288,2.3192857142857326,60899
2025-08-08 18:05:00,3400.361,LONG,3394.392857142857,3409.313214285714,5.968142857142831,60911
2025-08-08 18:50:00,3398.239,LONG,3389.4365714285714,3411.4426428571433,8.802428571428663,60920
2025-08-10 23:10:00,3393.348,SHORT,3396.6465,3388.40025,3.2985000000000064,60960
2025-08-11 03:40:00,3374.739,SHORT,3376.705142857143,3371.7897857142857,1.9661428571428132,61014
2025-08-11 04:15:00,3377.319,SHORT,3379.2722857142858,3374.3890714285717,1.9532857142856497,61021
2025-08-11 05:00:00,3374.495,SHORT,3376.162571428571,3371.9936428571427,1.6675714285713639,61030
2025-08-11 05:25:00,3377.005,SHORT,3379.008142857143,3374.000285714286,2.003142857142848,61035
2025-08-11 06:15:00,3372.665,SHORT,3375.0535714285716,3369.0821428571426,2.3885714285714648,61045
2025-08-11 08:35:00,3362.405,SHORT,3365.9535714285716,3357.082142857143,3.548571428571482,61073
2025-08-11 10:25:00,3360.865,SHORT,3364.275142857143,3355.7497857142853,3.4101428571429033,61095
2025-08-11 12:10:00,3353.515,SHORT,3356.469357142857,3349.0834642857144,2.9543571428571016,61116
2025-08-11 14:20:00,3355.275,SHORT,3359.0217142857146,3349.6549285714286,3.746714285714266,61142
2025-08-11 15:50:00,3349.025,SHORT,3351.4037857142857,3345.4568214285714,2.3787857142856734,61160
2025-08-11 19:25:00,3352.725,LONG,3351.162714285714,3355.0684285714283,1.5622857142857032,61203
2025-08-11 23:15:00,3346.998,SHORT,3348.6077142857143,3344.5834285714286,1.6097142857142899,61237
2025-08-12 01:35:00,3349.798,LONG,3347.412857142857,3353.375714285714,2.385142857142747,61265
2025-08-12 03:00:00,3353.798,LONG,3351.863214285714,3356.7001785714283,1.9347857142857134,61282
2025-08-12 04:30:00,3351.985,LONG,3350.3640714285716,3354.416392857143,1.620928571428554,61300
2025-08-12 05:20:00,3354.375,LONG,3352.6969285714285,3356.892107142857,1.678071428571489,61310
2025-08-12 05:30:00,3353.585,LONG,3351.8654285714288,3356.164357142857,1.719571428571466,61312
2025-08-12 10:20:00,3346.975,SHORT,3348.8571428571427,3344.1517857142853,1.8821428571429482,61370
2025-08-12 12:25:00,3338.638,SHORT,3341.6267857142857,3334.1548214285713,2.988785714285833,61395
2025-08-12 14:10:00,3335.735,SHORT,3342.180714285714,3326.066428571429,6.445714285714238,61416
2025-08-12 16:20:00,3347.505,LONG,3343.619142857143,3353.3337857142856,3.8858571428570485,61442
2025-08-12 23:10:00,3351.075,LONG,3349.8405,3352.9267499999996,1.2344999999999604,61512
2025-08-13 00:10:00,3347.585,LONG,3346.2734285714287,3349.552357142857,1.3115714285713693,61524
2025-08-13 02:10:00,3346.635,SHORT,3349.1088571428572,3342.9242142857142,2.473857142857209,61548
2025-08-13 03:20:00,3351.715,LONG,3349.5693571428574,3354.9334642857143,2.1456428571427426,61562
2025-08-13 03:50:00,3350.025,LONG,3348.3535,3352.53225,1.6714999999999236,61568
2025-08-13 04:00:00,3350.298,LONG,3348.603714285714,3352.839428571428,1.6942857142856351,61570
2025-08-13 08:20:00,3354.035,LONG,3351.655857142857,3357.603714285714,2.379142857142889,61622
2025-08-13 13:05:00,3354.398,SHORT,3357.3812142857146,3349.9231785714287,2.9832142857143418,61679
2025-08-13 16:35:00,3357.765,SHORT,3359.3817857142853,3355.339821428571,1.6167857142856323,61721
2025-08-13 16:50:00,3358.359,SHORT,3359.9106428571426,3356.031535714286,1.5516428571427892,61724
2025-08-13 19:30:00,3355.245,SHORT,3356.4757142857143,3353.3989285714283,1.2307142857142546,61756
2025-08-13 22:05:00,3357.348,LONG,3356.3135714285713,3358.8996428571427,1.0344285714285044,61775
2025-08-14 01:15:00,3369.275,LONG,3366.887357142857,3372.8564642857145,2.387642857142834,61813
2025-08-14 02:05:00,3368.105,LONG,3365.776,3371.5985,2.329000000000048,61823
2025-08-14 02:35:00,3367.425,LONG,3365.3588571428572,3370.5242142857146,2.066142857142885,61829
2025-08-14 04:15:00,3359.975,SHORT,3361.763,3357.293,1.7879999999999785,61849
2025-08-14 06:10:00,3359.109,SHORT,3360.9249285714286,3356.385107142857,1.8159285714286202,61872
2025-08-14 06:35:00,3358.545,SHORT,3360.493285714286,3355.6225714285715,1.9482857142857353,61877
2025-08-14 11:35:00,3354.815,SHORT,3356.9699285714287,3351.5826071428573,2.154928571428562,61937
2025-08-14 12:25:00,3352.198,SHORT,3354.3005,3349.04425,2.102499999999996,61947
2025-08-14 12:50:00,3350.585,SHORT,3354.2072857142857,3345.1515714285715,3.6222857142857134,61952
2025-08-14 13:10:00,3352.795,SHORT,3357.011142857143,3346.4707857142857,4.216142857142878,61956
2025-08-14 13:25:00,3345.098,SHORT,3349.7860714285716,3338.065892857143,4.6880714285714475,61959
2025-08-14 18:20:00,3336.729,SHORT,3338.1555,3334.58925,1.4265000000000003,62018
2025-08-14 23:30:00,3334.135,SHORT,3335.217571428572,3332.511142857143,1.08257142857136,62068
2025-08-15 00:30:00,3335.165,SHORT,3336.8424999999997,3332.6487500000003,1.6774999999999116,62080
2025-08-15 01:25:00,3336.405,LONG,3334.572571428572,3339.153642857143,1.8324285714285387,62091
2025-08-15 02:25:00,3337.798,LONG,3336.285214285714,3340.0671785714285,1.5127857142856556,62103
2025-08-15 04:55:00,3345.265,LONG,3344.070714285714,3347.0564285714286,1.1942857142857,62133
2025-08-15 05:50:00,3344.795,LONG,3343.029642857143,3347.4430357142855,1.7653571428570882,62144
2025-08-15 06:45:00,3343.125,LONG,3341.1092857142858,3346.1485714285714,2.0157142857142714,62155
2025-08-15 07:40:00,3343.148,LONG,3341.0542142857144,3346.2886785714286,2.0937857142856564,62166
2025-08-15 08:25:00,3339.305,SHORT,3341.5677857142855,3335.910821428571,2.262785714285688,62175
2025-08-15 09:05:00,3339.055,SHORT,3341.476642857143,3335.4225357142855,2.4216428571428423,62183
2025-08-15 09:45:00,3341.255,SHORT,3343.6782857142857,3337.6200714285715,2.4232857142857744,62191
2025-08-15 11:15:00,3339.125,SHORT,3341.2975714285712,3335.8661428571427,2.1725714285714406,62209
2025-08-15 12:10:00,3338.725,SHORT,3340.6566428571427,3335.8275357142857,1.9316428571428657,62220
2025-08-15 13:00:00,3341.645,SHORT,3344.7149285714286,3337.040107142857,3.0699285714285907,62230
2025-08-15 13:30:00,3336.285,SHORT,3339.937357142857,3330.8064642857144,3.6523571428571295,62236
2025-08-15 14:20:00,3340.775,SHORT,3344.115142857143,3335.7647857142856,3.3401428571428693,62246
2025-08-15 19:35:00,3337.398,SHORT,3338.393,3335.9055000000003,0.9949999999999234,62309
2025-08-15 20:30:00,3336.595,SHORT,3337.674357142857,3334.9759642857143,1.079357142857069,62320
2025-08-17 22:10:00,3333.198,SHORT,3334.718785714286,3330.9168214285714,1.5207857142857262,62328
2025-08-18 02:40:00,3343.798,LONG,3342.0089285714284,3346.481607142857,1.7890714285714304,62382
2025-08-18 05:45:00,3348.655,LONG,3346.6264285714287,3351.697857142857,2.0285714285713703,62419
2025-08-18 06:55:00,3349.335,LONG,3347.5034285714287,3352.0823571428573,1.831571428571546,62433
2025-08-18 07:40:00,3350.349,LONG,3348.2922857142858,3353.4340714285718,2.0567142857143415,62442
2025-08-18 07:55:00,3348.798,LONG,3346.6069285714284,3352.084607142857,2.1910714285714414,62445
2025-08-18 08:45:00,3348.385,SHORT,3350.2869285714287,3345.532107142857,1.9019285714286656,62455
2025-08-18 09:30:00,3349.648,LONG,3348.038857142857,3352.0617142857145,1.6091428571429398,62464
2025-08-18 09:55:00,3347.948,SHORT,3349.752857142857,3345.240714285714,1.80485714285721,62469
2025-08-18 10:10:00,3349.905,LONG,3348.041142857143,3352.700785714286,1.8638571428572115,62472
2025-08-18 10:30:00,3348.875,LONG,3347.045857142857,3351.6187142857143,1.8291428571428372,62476
2025-08-18 11:30:00,3347.345,SHORT,3348.6311428571425,3345.4157857142854,1.2861428571428146,62488
2025-08-18 12:15:00,3345.185,SHORT,3346.522071428571,3343.179392857143,1.3370714285713023,62497
2025-08-18 12:40:00,3347.548,SHORT,3349.1767857142854,3345.1048214285715,1.6287857142855435,62502
2025-08-18 15:50:00,3334.348,SHORT,3336.376142857143,3331.305785714286,2.0281428571428086,62540
2025-08-18 19:35:00,3332.105,SHORT,3333.071214285714,3330.655678571429,0.9662142857142888,62585
2025-08-18 20:05:00,3333.265,SHORT,3334.3732857142854,3331.602571428571,1.1082857142857523,62591
2025-08-18 22:25:00,3333.715,SHORT,3334.568642857143,3332.434535714286,0.8536428571427288,62607
2025-08-18 23:45:00,3331.505,SHORT,3332.4747857142856,3330.0503214285714,0.9697857142856979,62623
2025-08-19 01:45:00,3332.825,SHORT,3335.310857142857,3329.0962142857143,2.4858571428571525,62647
2025-08-19 04:05:00,3337.148,LONG,3335.7509285714286,3339.2436071428574,1.39707142857141,62675
2025-08-19 04:30:00,3338.098,LONG,3336.7502142857143,3340.1196785714283,1.347785714285692,62680
2025-08-19 04:55:00,3337.525,LONG,3335.967,3339.862,1.5580000000000578,62685
2025-08-19 06:05:00,3337.595,LONG,3336.0216428571425,3339.9550357142853,1.573357142857081,62699
2025-08-19 06:30:00,3337.145,LONG,3335.5245,3339.57575,1.6204999999999927,62704
2025-08-19 07:50:00,3339.665,LONG,3337.5582142857143,3342.8251785714283,2.1067857142857065,62720
2025-08-19 08:25:00,3338.405,LONG,3336.7542857142857,3340.881071428572,1.6507142857143273,62727
2025-08-19 11:40:00,3341.095,LONG,3339.837071428571,3342.9818928571426,1.2579285714284976,62766
2025-08-19 14:10:00,3334.565,SHORT,3337.9859285714283,3329.4336071428575,3.420928571428476,62796
2025-08-19 17:50:00,3317.955,SHORT,3319.8830714285714,3315.0628928571427,1.9280714285714566,62840
2025-08-19 20:35:00,3316.175,SHORT,3317.06,3314.8475000000003,0.8849999999999584,62873
2025-08-19 22:05:00,3316.225,SHORT,3317.1716428571426,3314.8050357142856,0.9466428571428034,62879
2025-08-19 22:55:00,3316.548,SHORT,3317.4672142857144,3315.1691785714283,0.9192142857143933,62889
2025-08-19 23:40:00,3315.345,SHORT,3316.2412142857142,3314.000678571428,0.89621428571432,62898
2025-08-20 00:15:00,3313.295,SHORT,3314.6000714285715,3311.3373928571427,1.3050714285714418,62905
2025-08-20 00:25:00,3313.485,SHORT,3314.927642857143,3311.3210357142857,1.442642857142898,62907
2025-08-20 00:50:00,3315.205,SHORT,3316.8987857142856,3312.6643214285714,1.6937857142858255,62912
2025-08-20 01:45:00,3316.685,SHORT,3319.0173571428572,3313.186464285714,2.3323571428572256,62923
2025-08-20 02:20:00,3314.565,SHORT,3316.7205,3311.33175,2.1555000000000097,62930
2025-08-20 05:30:00,3319.775,LONG,3318.648142857143,3321.465285714286,1.1268571428571315,62968
2025-08-20 06:50:00,3323.109,LONG,3321.5564285714286,3325.437857142857,1.5525714285714523,62984
2025-08-20 07:35:00,3324.905,LONG,3323.347642857143,3327.2410357142858,1.557357142857167,62993
2025-08-20 08:50:00,3324.505,LONG,3322.9623571428574,3326.818964285714,1.542642857142807,63008
2025-08-20 10:25:00,3326.619,LONG,3325.2375714285718,3328.691142857143,1.3814285714284844,63027
2025-08-20 11:10:00,3328.765,LONG,3327.346857142857,3330.892214285714,1.4181428571428438,63036
2025-08-20 14:15:00,3342.745,LONG,3339.516,3347.5885,3.2290000000000094,63073
2025-08-20 15:25:00,3340.935,LONG,3338.6584285714284,3344.3498571428568,2.2765714285713523,63087
2025-08-20 18:10:00,3344.698,LONG,3343.37,3346.69,1.3280000000000396,63120
2025-08-20 20:15:00,3347.735,LONG,3346.7492142857145,3349.2136785714288,0.9857857142856769,63145
2025-08-20 22:30:00,3350.665,LONG,3349.348214285714,3352.640178571429,1.3167857142857753,63160
2025-08-21 01:40:00,3344.495,SHORT,3346.2324285714285,3341.888857142857,1.7374285714286088,63198
2025-08-21 02:10:00,3342.748,SHORT,3344.4355714285716,3340.2166428571427,1.687571428571508,63204
2025-08-21 03:00:00,3344.115,SHORT,3345.3576428571428,3342.2510357142855,1.242642857142885,63214
2025-08-21 06:10:00,3338.245,SHORT,3339.7002857142857,3336.0620714285715,1.4552857142856672,63252
2025-08-21 09:05:00,3340.148,LONG,3338.7875000000004,3342.18875,1.3604999999999043,63287
2025-08-21 09:25:00,3339.215,LONG,3337.8129285714285,3341.318107142857,1.4020714285714218,63291
2025-08-21 09:55:00,3340.495,LONG,3338.9979285714285,3342.7406071428572,1.4970714285714817,63297
2025-08-21 10:10:00,3340.215,LONG,3338.8072142857145,3342.3266785714286,1.4077857142857673,63300
2025-08-21 10:25:00,3339.355,LONG,3338.0592857142856,3341.2985714285714,1.2957142857142767,63303
2025-08-21 14:20:00,3344.445,LONG,3341.2258571428574,3349.2737142857145,3.2191428571429372,63350
2025-08-21 15:15:00,3339.295,LONG,3336.7289285714287,3343.144107142857,2.5660714285714414,63361
2025-08-21 15:30:00,3343.075,LONG,3340.315357142857,3347.2144642857143,2.7596428571428726,63364
2025-08-21 17:25:00,3338.248,SHORT,3339.7912857142856,3335.9330714285716,1.5432857142856327,63387
2025-08-21 18:35:00,3338.375,SHORT,3339.3944285714288,3336.8458571428573,1.0194285714285993,63401
2025-08-21 20:00:00,3338.125,SHORT,3339.199285714286,3336.5135714285716,1.0742857142857116,63418
2025-08-21 23:00:00,3338.448,SHORT,3339.4375,3336.96375,0.9895000000000047,63442
2025-08-22 00:25:00,3337.465,SHORT,3338.6207142857143,3335.7314285714288,1.1557142857143066,63459
2025-08-22 01:00:00,3338.815,SHORT,3340.2107142857144,3336.7214285714285,1.395714285714348,63466
2025-08-22 01:45:00,3336.865,SHORT,3338.1576428571425,3334.9260357142853,1.2926428571428719,63475
2025-08-22 02:00:00,3333.548,SHORT,3334.9966428571424,3331.3750357142853,1.4486428571428536,63478
2025-08-22 05:50:00,3330.325,SHORT,3331.6057857142855,3328.403821428571,1.280785714285717,63524
2025-08-22 08:35:00,3328.755,SHORT,3330.8818571428574,3325.5647142857147,2.1268571428570664,63557
2025-08-22 09:40:00,3330.365,SHORT,3331.9582857142855,3327.975071428571,1.5932857142856847,63570
2025-08-22 11:20:00,3328.948,LONG,3327.7420714285713,3330.7568928571427,1.2059285714285903,63590
2025-08-22 11:45:00,3328.365,SHORT,3329.6092857142853,3326.4985714285713,1.244285714285687,63595
2025-08-22 13:10:00,3324.655,SHORT,3327.712785714286,3320.0683214285714,3.0577857142858256,63612
2025-08-22 16:00:00,3370.898,LONG,3367.501142857143,3375.993285714286,3.3968571428570806,63646
2025-08-24 23:20:00,3367.625,SHORT,3368.5561428571427,3366.2282857142854,0.9311428571428938,63722
2025-08-25 00:15:00,3364.715,SHORT,3366.122785714286,3362.6033214285717,1.4077857142857024,63733
2025-08-25 01:10:00,3364.245,SHORT,3365.7899285714284,3361.927607142857,1.5449285714286296,63744
2025-08-25 01:25:00,3364.555,SHORT,3366.1087857142857,3362.2243214285713,1.5537857142857578,63747
2025-08-25 01:40:00,3362.015,SHORT,3363.6895,3359.5032499999998,1.6745000000000476,63750
2025-08-25 02:40:00,3363.665,SHORT,3365.3526428571427,3361.1335357142857,1.6876428571427888,63762
2025-08-25 04:10:00,3365.625,LONG,3364.34,3367.5525,1.284999999999887,63780
2025-08-25 05:05:00,3365.348,LONG,3364.088714285714,3367.2369285714285,1.259285714285657,63791
2025-08-25 06:10:00,3367.515,LONG,3366.3145,3369.3157499999998,1.200499999999985,63804
2025-08-25 11:15:00,3367.598,LONG,3366.1660714285713,3369.745892857143,1.4319285714286707,63865
2025-08-25 12:15:00,3369.498,LONG,3368.1185714285716,3371.5671428571427,1.3794285714284993,63877
2025-08-25 13:55:00,3370.505,LONG,3368.5285714285715,3373.469642857143,1.9764285714285765,63897
2025-08-25 15:50:00,3373.945,LONG,3372.412142857143,3376.244285714286,1.5328571428572104,63920
2025-08-25 17:40:00,3372.445,LONG,3371.2933571428575,3374.1724642857143,1.1516428571428605,63942
2025-08-25 18:25:00,3372.285,LONG,3371.188357142857,3373.9299642857145,1.0966428571429592,63951
2025-08-26 01:50:00,3375.735,LONG,3372.289,3380.9040000000005,3.4460000000000752,64028
2025-08-26 04:00:00,3373.068,LONG,3371.5303571428576,3375.3744642857146,1.5376428571427627,64054
2025-08-26 06:05:00,3375.655,LONG,3373.886642857143,3378.307535714286,1.7683571428571472,64079
2025-08-26 08:25:00,3378.735,LONG,3376.3004285714287,3382.386857142857,2.4345714285713194,64107
2025-08-26 09:15:00,3377.985,LONG,3376.222142857143,3380.6292857142857,1.7628571428570663,64117
2025-08-26 12:15:00,3378.755,LONG,3376.8957142857143,3381.5439285714288,1.859285714285761,64153
2025-08-26 12:30:00,3377.375,LONG,3375.3807142857145,3380.3664285714285,1.9942857142857195,64156
2025-08-26 14:25:00,3374.105,SHORT,3377.2990714285716,3369.313892857143,3.194071428571468,64179
2025-08-26 14:50:00,3378.495,LONG,3375.4064285714285,3383.127857142857,3.088571428571413,64184
2025-08-26 16:45:00,3383.248,LONG,3381.346857142857,3386.0997142857145,1.9011428571428561,64207
2025-08-26 18:05:00,3380.645,LONG,3379.393357142857,3382.5224642857142,1.251642857142867,64223
2025-08-26 18:20:00,3382.695,LONG,3381.3562142857145,3384.703178571429,1.3387857142857424,64226
2025-08-26 23:05:00,3390.748,LONG,3389.3658571428573,3392.8212142857146,1.3821428571429482,64271
2025-08-27 00:15:00,3392.875,LONG,3391.564,3394.8415,1.3110000000000517,64285
2025-08-27 00:35:00,3389.745,LONG,3388.2135714285714,3392.042142857143,1.5314285714286728,64289
2025-08-27 02:30:00,3384.725,SHORT,3386.4925714285714,3382.073642857143,1.7675714285713053,64312
2025-08-27 05:40:00,3377.565,SHORT,3379.2045714285714,3375.105642857143,1.639571428571409,64350
2025-08-27 09:30:00,3382.895,LONG,3381.506714285714,3384.9774285714284,1.388285714285725,64396
2025-08-27 11:55:00,3376.625,SHORT,3378.185214285714,3374.2846785714287,1.5602142857143073,64425
2025-08-27 18:25:00,3395.125,LONG,3393.9419285714284,3396.8996071428573,1.1830714285714359,64503
2025-08-27 19:00:00,3395.148,LONG,3393.8675714285714,3397.068642857143,1.2804285714286314,64510
2025-08-27 20:20:00,3394.995,LONG,3394.018071428571,3396.460392857143,0.9769285714286136,64526
2025-08-27 20:35:00,3396.325,LONG,3395.3752857142854,3397.7495714285715,0.9497142857144029,64529
2025-08-27 23:00:00,3397.648,LONG,3395.998,3400.1230000000005,1.650000000000091,64546
2025-08-28 00:15:00,3395.965,LONG,3394.6405,3397.95175,1.324499999999976,64561
2025-08-28 05:30:00,3389.795,SHORT,3390.744285714286,3388.371071428571,0.9492857142857767,64624
2025-08-28 07:40:00,3394.755,LONG,3392.9109285714285,3397.521107142857,1.8440714285714617,64650
2025-08-28 09:45:00,3399.245,LONG,3397.922357142857,3401.228964285714,1.3226428571428446,64675
2025-08-28 10:40:00,3396.985,LONG,3395.306142857143,3399.5032857142855,1.6788571428570387,64686
2025-08-28 15:30:00,3407.248,LONG,3404.9530714285715,3410.690392857143,2.2949285714285645,64744
2025-08-28 16:05:00,3411.615,LONG,3409.4512857142854,3414.8605714285713,2.16371428571428,64751
2025-08-28 20:30:00,3417.178,LONG,3415.664357142857,3419.448464285714,1.513642857142843,64804
2025-08-28 22:05:00,3416.065,LONG,3414.864642857143,3417.8655357142857,1.2003571428571962,64811
2025-08-28 22:35:00,3415.995,LONG,3414.9864285714284,3417.507857142857,1.0085714285714857,64817
2025-08-29 00:55:00,3413.245,SHORT,3414.8085,3410.89975,1.5635000000000088,64845
2025-08-29 01:10:00,3411.445,SHORT,3413.0620714285715,3409.019392857143,1.6170714285714374,64848
2025-08-29 02:25:00,3411.845,SHORT,3413.4667142857143,3409.4124285714283,1.621714285714266,64863
2025-08-29 02:45:00,3412.375,SHORT,3414.003357142857,3409.932464285714,1.6283571428571446,64867
2025-08-29 03:45:00,3412.185,SHORT,3413.5614285714287,3410.120357142857,1.3764285714286026,64879
2025-08-29 05:10:00,3407.505,SHORT,3408.631714285714,3405.8149285714285,1.1267142857142776,64896
2025-08-29 05:35:00,3409.035,SHORT,3410.074071428571,3407.476392857143,1.0390714285714304,64901
2025-08-29 10:20:00,3406.375,SHORT,3407.816428571429,3404.212857142857,1.4414285714285922,64958
2025-08-29 12:30:00,3411.445,LONG,3409.4313571428575,3414.4654642857145,2.013642857142908,64984
2025-08-29 12:45:00,3415.185,LONG,3412.962071428571,3418.519392857143,2.222928571428643,64987
2025-08-29 18:05:00,3442.605,LONG,3440.29,3446.0775,2.3149999999999573,65051
2025-08-29 20:15:00,3447.255,LONG,3444.7730714285717,3450.977892857143,2.481928571428593,65077
2025-08-31 22:10:00,3445.865,LONG,3443.5305714285714,3449.366642857143,2.334428571428589,65088
2025-09-01 00:40:00,3443.385,SHORT,3445.3877142857145,3440.3809285714287,2.0027142857142866,65118
2025-09-01 08:15:00,3478.465,LONG,3475.1085714285714,3483.499642857143,3.3564285714285558,65209
2025-09-01 10:35:00,3470.525,SHORT,3473.247142857143,3466.4417857142857,2.7221428571428015,65237
2025-09-01 11:40:00,3470.715,SHORT,3472.418571428572,3468.159642857143,1.7035714285714545,65250
2025-09-01 12:40:00,3469.265,SHORT,3471.7292857142857,3465.5685714285714,2.4642857142857144,65262
2025-09-01 14:10:00,3477.785,LONG,3475.114071428571,3481.7913928571425,2.6709285714285085,65280
2025-09-01 15:50:00,3474.415,LONG,3472.5522857142855,3477.2090714285714,1.862714285714284,65300
2025-09-01 18:05:00,3477.165,LONG,3476.3087857142855,3478.4493214285712,0.8562142857142915,65327
2025-09-01 22:10:00,3476.805,LONG,3475.537571428571,3478.706142857143,1.2674285714286466,65334
2025-09-01 22:30:00,3478.805,LONG,3477.2521428571426,3481.1342857142854,1.5528571428571922,65338
2025-09-01 23:15:00,3476.925,LONG,3475.2633571428573,3479.4174642857142,1.6616428571428514,65347
2025-09-02 01:55:00,3497.195,LONG,3492.022142857143,3504.954285714286,5.172857142857148,65379
2025-09-02 02:25:00,3492.555,LONG,3487.7404285714283,3499.776857142857,4.814571428571461,65385
2025-09-02 08:45:00,3479.065,SHORT,3482.6423571428572,3473.6989642857143,3.577357142857084,65461
2025-09-02 13:00:00,3480.955,SHORT,3486.059857142857,3473.2977142857144,5.104857142857067,65512
2025-09-02 13:35:00,3485.365,LONG,3479.885714285714,3493.5839285714283,5.479285714285652,65519
2025-09-02 22:05:00,3533.425,LONG,3531.454642857143,3536.3805357142855,1.970357142857048,65609
2025-09-03 01:10:00,3537.675,LONG,3532.8075714285715,3544.9761428571433,4.86742857142862,65646
2025-09-03 01:50:00,3538.525,LONG,3534.5915714285716,3544.425142857143,3.9334285714286517,65654
2025-09-03 02:40:00,3537.985,LONG,3534.826142857143,3542.723285714286,3.1588571428571544,65664
2025-09-03 05:35:00,3534.415,LONG,3532.304285714286,3537.5810714285712,2.110714285714169,65699
2025-09-03 06:15:00,3531.325,SHORT,3534.0902857142855,3527.1770714285713,2.7652857142856453,65707
2025-09-03 07:15:00,3530.345,SHORT,3532.9575,3526.42625,2.612499999999987,65719
2025-09-03 08:00:00,3537.365,LONG,3534.859214285714,3541.1236785714286,2.5057857142857887,65728
2025-09-03 08:45:00,3540.345,LONG,3537.5109999999995,3544.596,2.83400000000006,65737
2025-09-03 09:40:00,3537.045,LONG,3534.926142857143,3540.223285714286,2.1188571428571583,65748
2025-09-03 10:00:00,3534.175,LONG,3532.228285714286,3537.095071428572,1.946714285714279,65752
2025-09-03 12:30:00,3548.295,LONG,3544.8535,3553.45725,3.4415000000000027,65782
2025-09-03 14:15:00,3558.415,LONG,3553.3187857142857,3566.0593214285714,5.096214285714301,65803
2025-09-03 18:50:00,3570.595,LONG,3567.991,3574.5009999999997,2.603999999999977,65858
2025-09-03 19:05:00,3571.145,LONG,3568.345,3575.345,2.8000000000000194,65861
2025-09-03 22:45:00,3561.905,SHORT,3563.6164285714285,3559.3378571428575,1.7114285714285415,65893
2025-09-04 01:00:00,3559.348,SHORT,3562.4574285714284,3554.683857142857,3.1094285714285825,65920
2025-09-04 04:10:00,3530.755,SHORT,3535.782642857143,3523.2135357142856,5.02764285714287,65958
2025-09-04 07:40:00,3539.495,LONG,3536.465214285714,3544.0396785714283,3.0297857142857083,66000
2025-09-04 08:55:00,3541.105,LONG,3538.1557142857146,3545.5289285714284,2.949285714285679,66015
2025-09-04 09:40:00,3540.035,LONG,3537.2521428571426,3544.2092857142857,2.7828571428570803,66024
2025-09-04 09:55:00,3538.555,LONG,3535.873857142857,3542.576714285714,2.681142857142796,66027
2025-09-04 10:25:00,3540.575,LONG,3537.572857142857,3545.0782142857142,3.0021428571428066,66033
2025-09-04 11:10:00,3539.805,LONG,3536.831142857143,3544.265785714286,2.973857142857209,66042
2025-09-04 11:20:00,3539.345,LONG,3536.7654285714284,3543.214357142857,2.5795714285714633,66044
2025-09-04 11:45:00,3546.795,LONG,3544.0470714285716,3550.916892857143,2.747928571428637,66049
2025-09-04 12:35:00,3545.425,LONG,3541.946785714286,3550.6423214285714,3.4782142857142975,66059
2025-09-04 12:45:00,3546.045,LONG,3542.3944285714288,3551.520857142857,3.6505714285714412,66061
2025-09-04 13:05:00,3543.885,LONG,3539.915142857143,3549.839785714286,3.9698571428571086,66065
2025-09-04 14:45:00,3540.935,SHORT,3546.810285714286,3532.1220714285714,5.875285714285708,66085
2025-09-04 15:35:00,3548.055,LONG,3544.726642857143,3553.0475357142855,3.328357142857093,66095
2025-09-04 16:50:00,3552.275,LONG,3549.94,3555.7775,2.335000000000069,66110
2025-09-04 17:40:00,3546.375,LONG,3543.9871428571428,3549.9567857142856,2.3878571428571314,66120
2025-09-04 18:50:00,3546.915,SHORT,3548.6592857142855,3544.2985714285714,1.7442857142855897,66134
2025-09-04 20:25:00,3549.368,LONG,3548.153142857143,3551.1902857142854,1.2148571428570645,66153
2025-09-05 00:55:00,3551.995,LONG,3549.2192857142854,3556.1585714285716,2.77571428571436,66195
2025-09-05 01:15:00,3554.145,LONG,3551.436428571428,3558.2078571428574,2.7085714285715636,66199
2025-09-05 02:00:00,3552.815,LONG,3550.3475,3556.51625,2.4675000000000376,66208
2025-09-05 03:05:00,3554.005,LONG,3551.2452857142857,3558.1445714285715,2.7597142857142507,66221
2025-09-05 04:35:00,3558.165,LONG,3556.671142857143,3560.4057857142857,1.493857142857158,66239
2025-09-05 05:45:00,3558.115,LONG,3556.305714285714,3560.828928571428,1.809285714285709,66253
2025-09-05 07:25:00,3548.738,SHORT,3551.1451428571427,3545.1272857142853,2.4071428571428766,66273
2025-09-05 08:30:00,3548.455,SHORT,3550.5642857142857,3545.2910714285713,2.1092857142856962,66286
2025-09-05 09:05:00,3548.605,SHORT,3550.7492857142856,3545.3885714285716,2.1442857142856804,66293
2025-09-05 10:50:00,3552.345,LONG,3550.707857142857,3554.800714285714,1.6371428571429598,66314
2025-09-05 12:20:00,3552.525,LONG,3549.961642857143,3556.3700357142857,2.56335714285709,66332
2025-09-05 14:55:00,3590.005,LONG,3583.764571428572,3599.365642857143,6.240428571428473,66363
2025-09-05 15:15:00,3585.215,LONG,3578.901428571429,3594.6853571428574,6.313571428571355,66367
2025-09-05 17:10:00,3592.715,LONG,3589.904785714286,3596.9303214285715,2.8102142857142423,66390
2025-09-05 17:40:00,3594.865,LONG,3592.0238571428567,3599.126714285714,2.841142857142878,66396
2025-09-07 22:20:00,3592.578,SHORT,3596.3405714285714,3586.934142857143,3.762571428571391,66440
2025-09-08 00:25:00,3589.448,SHORT,3592.042,3585.557,2.593999999999986,66465
2025-09-08 01:45:00,3586.378,SHORT,3590.4291428571432,3580.3012857142858,4.05114285714285,66481
2025-09-08 02:05:00,3590.155,SHORT,3594.528285714286,3583.5950714285714,4.373285714285755,66485
2025-09-08 05:25:00,3582.705,SHORT,3584.274571428571,3580.3506428571427,1.569571428571375,66525
2025-09-08 11:05:00,3615.765,LONG,3612.9282857142857,3620.020071428571,2.836714285714249,66593
2025-09-08 11:45:00,3615.315,LONG,3613.039285714286,3618.7285714285713,2.2757142857141974,66601
2025-09-08 12:10:00,3617.545,LONG,3615.093785714286,3621.2218214285713,2.4512142857142214,66606
2025-09-08 12:25:00,3617.765,LONG,3614.904071428571,3622.056392857143,2.8609285714285306,66609
2025-09-08 13:40:00,3631.325,LONG,3627.172928571428,3637.5531071428572,4.152071428571519,66624
2025-09-08 16:55:00,3640.395,LONG,3638.032357142857,3643.938964285714,2.3626428571428733,66663
2025-09-08 17:25:00,3636.195,LONG,3633.7299285714284,3639.8926071428573,2.465071428571556,66669
2025-09-08 17:45:00,3634.655,LONG,3632.442285714286,3637.9740714285717,2.2127142857143878,66673
2025-09-08 20:30:00,3635.525,LONG,3634.1810714285716,3637.540892857143,1.343928571428543,66706
2025-09-08 23:35:00,3630.095,SHORT,3631.901,3627.386,1.8059999999999425,66731
2025-09-08 23:55:00,3634.735,SHORT,3636.461642857143,3632.1450357142858,1.726642857142841,66735
2025-09-09 00:00:00,3634.615,SHORT,3636.4709285714284,3631.831107142857,1.8559285714285514,66736
2025-09-09 01:25:00,3644.315,LONG,3641.2217142857144,3648.954928571429,3.093285714285717,66753
2025-09-09 03:10:00,3648.075,LONG,3644.418357142857,3653.559964285714,3.656642857142905,66774
2025-09-09 07:15:00,3646.285,SHORT,3650.127357142857,3640.521464285714,3.842357142857184,66823
2025-09-09 10:50:00,3651.115,LONG,3649.0377857142857,3654.2308214285713,2.0772142857142626,66866
2025-09-09 14:10:00,3651.435,LONG,3644.5516428571427,3661.7600357142856,6.8833571428571565,66906
2025-09-09 16:00:00,3644.765,SHORT,3649.3904285714284,3637.826857142857,4.6254285714286585,66928
2025-09-10 00:10:00,3630.298,SHORT,3633.0106428571426,3626.2290357142856,2.712642857142847,67014
2025-09-10 01:40:00,3627.445,SHORT,3631.4150000000004,3621.4900000000002,3.9700000000000597,67032
2025-09-10 03:50:00,3636.055,LONG,3634.3014285714285,3638.685357142857,1.753571428571409,67058
2025-09-10 05:45:00,3642.115,LONG,3640.4592857142857,3644.598571428571,1.6557142857141767,67081
2025-09-10 06:35:00,3642.298,LONG,3640.0106428571426,3645.7290357142856,2.2873571428570876,67091
2025-09-10 06:45:00,3645.075,LONG,3642.49,3648.9525,2.584999999999939,67093
2025-09-10 07:10:00,3646.885,LONG,3643.9028571428576,3651.3582142857144,2.982142857142727,67098
2025-09-10 07:45:00,3646.515,LONG,3643.42,3651.1575,3.0949999999998647,67105
2025-09-10 08:25:00,3644.595,LONG,3642.0528571428567,3648.408214285714,2.542142857142835,67113
2025-09-10 11:20:00,3656.105,LONG,3653.6032142857143,3659.8576785714286,2.5017857142856883,67148
2025-09-10 12:40:00,3650.565,LONG,3646.9842857142858,3655.9360714285717,3.580714285714326,67164
2025-09-10 14:00:00,3652.645,LONG,3649.037714285714,3658.0559285714285,3.607285714285646,67180
2025-09-10 16:00:00,3643.355,SHORT,3646.677357142857,3638.3714642857144,3.3223571428570398,67204
2025-09-10 17:45:00,3645.405,SHORT,3646.9217142857146,3643.1299285714285,1.5167142857143776,67225
2025-09-10 19:00:00,3644.885,SHORT,3646.2492142857145,3642.8386785714288,1.3642142857143296,67240
2025-09-10 22:55:00,3639.448,SHORT,3641.425357142857,3636.481964285714,1.9773571428571748,67275
2025-09-10 23:20:00,3641.555,SHORT,3643.1321428571428,3639.1892857142857,1.5771428571428519,67280
2025-09-10 23:50:00,3645.125,LONG,3643.5069285714285,3647.552107142857,1.6180714285714461,67286
2025-09-11 01:20:00,3647.048,LONG,3644.9137857142855,3650.2493214285714,2.1342142857143114,67304
2025-09-11 05:40:00,3629.248,SHORT,3631.3887142857143,3626.0369285714287,2.1407142857143038,67356
2025-09-11 06:20:00,3631.765,SHORT,3635.0562142857143,3626.8281785714285,3.2912142857143016,67364
2025-09-11 07:15:00,3625.145,SHORT,3628.2431428571426,3620.497785714286,3.0981428571428102,67375
2025-09-11 07:40:00,3627.775,SHORT,3631.1276428571427,3622.746035714286,3.35264285714285,67380
2025-09-11 08:25:00,3629.175,SHORT,3631.575928571429,3625.5736071428573,2.4009285714286244,67389
2025-09-11 10:25:00,3620.955,SHORT,3623.0797857142857,3617.7678214285716,2.1247857142857356,67413
2025-09-11 10:50:00,3622.735,SHORT,3624.8114285714287,3619.6203571428573,2.076428571428648,67418
2025-09-11 13:35:00,3624.195,LONG,3615.5025,3637.23375,8.692499999999947,67451
2025-09-11 14:20:00,3636.555,LONG,3630.4604999999997,3645.6967499999996,6.09449999999999,67460
2025-09-11 14:55:00,3629.305,LONG,3625.518642857143,3634.9845357142854,3.786357142857144,67467
2025-09-11 15:55:00,3632.935,LONG,3630.4424285714285,3636.6738571428573,2.4925714285715066,67479
2025-09-11 16:45:00,3636.085,LONG,3633.3220714285712,3640.229392857143,2.762928571428639,67489
2025-09-11 17:15:00,3634.548,LONG,3631.9302857142857,3638.474571428571,2.617714285714231,67495
2025-09-11 19:15:00,3635.385,LONG,3633.5985714285716,3638.064642857143,1.7864285714286845,67519
2025-09-11 22:50:00,3634.375,LONG,3632.980285714286,3636.467071428571,1.3947142857142094,67550
2025-09-11 23:55:00,3631.595,SHORT,3632.8492857142855,3629.7135714285714,1.2542857142856778,67563
2025-09-12 00:55:00,3636.348,SHORT,3638.3872857142856,3633.2890714285713,2.0392857142856946,67575
2025-09-12 01:00:00,3639.748,LONG,3637.442285714286,3643.2065714285714,2.3057142857143,67576
2025-09-12 03:05:00,3648.845,LONG,3646.5842857142857,3652.2360714285714,2.2607142857142923,67601
2025-09-12 06:00:00,3653.305,LONG,3651.425714285714,3656.123928571428,1.8792857142857429,67636
2025-09-12 06:10:00,3653.175,LONG,3651.17,3656.1825000000003,2.005000000000012,67638
2025-09-12 06:25:00,3650.675,LONG,3648.4395000000004,3654.0282500000003,2.235500000000002,67641
2025-09-12 07:25:00,3652.435,LONG,3650.4530714285715,3655.407892857143,1.9819285714285928,67653
2025-09-12 10:05:00,3646.798,SHORT,3649.6339285714284,3642.544107142857,2.83592857142857,67685
2025-09-12 17:40:00,3649.295,LONG,3648.0164285714286,3651.212857142857,1.27857142857137,67776
2025-09-12 18:30:00,3648.075,LONG,3646.812857142857,3649.968214285714,1.2621428571428948,67786
2025-09-14 22:10:00,3643.498,SHORT,3644.898857142857,3641.3967142857146,1.4008571428571162,67818
2025-09-15 04:55:00,3645.445,LONG,3644.422857142857,3646.978214285715,1.0221428571429507,67899
2025-09-15 05:15:00,3644.175,LONG,3642.949785714286,3646.0128214285714,1.225214285714271,67903
2025-09-15 05:50:00,3644.295,LONG,3642.789285714286,3646.5535714285716,1.505714285714183,67910
2025-09-15 06:45:00,3638.455,SHORT,3640.3629285714287,3635.593107142857,1.907928571428556,67921
2025-09-15 08:50:00,3641.985,LONG,3639.9607142857144,3645.0214285714287,2.0242857142856274,67946
2025-09-15 11:20:00,3645.015,LONG,3643.0969285714286,3647.892107142857,1.9180714285714333,67976
2025-09-15 18:15:00,3678.615,LONG,3676.931214285714,3681.1406785714285,1.6837857142857697,68059
2025-09-15 18:40:00,3678.225,LONG,3676.492142857143,3680.8242857142855,1.732857142857126,68064
2025-09-15 19:05:00,3678.475,LONG,3676.737357142857,3681.081464285714,1.7376428571428733,68069
2025-09-15 19:40:00,3681.805,LONG,3680.071857142857,3684.404714285714,1.7331428571428336,68076
2025-09-15 22:50:00,3678.415,LONG,3676.8040714285717,3680.831392857143,1.6109285714284982,68102
2025-09-16 01:20:00,3678.705,LONG,3675.8220714285712,3683.0293928571427,2.88292857142853,68132
2025-09-16 02:55:00,3677.525,SHORT,3679.995,3673.82,2.4699999999999624,68151
2025-09-16 04:00:00,3681.175,LONG,3679.6099285714286,3683.5226071428574,1.5650714285715626,68164
2025-09-16 04:50:00,3684.785,LONG,3683.412571428571,3686.8436428571426,1.3724285714285998,68174
2025-09-16 06:30:00,3686.155,LONG,3684.2560714285714,3689.0033928571434,1.898928571428639,68194
2025-09-16 07:50:00,3688.145,LONG,3685.692142857143,3691.8242857142855,2.452857142857056,68210
2025-09-16 10:45:00,3694.958,LONG,3693.3732142857143,3697.3351785714285,1.584785714285707,68245
2025-09-16 11:05:00,3693.205,LONG,3691.4306428571426,3695.866535714286,1.7743571428572003,68249
2025-09-16 12:15:00,3695.058,LONG,3692.9477857142856,3698.2233214285716,2.110214285714327,68263
2025-09-16 12:30:00,3691.278,LONG,3688.7049285714284,3695.137607142857,2.573071428571471,68266
2025-09-16 16:20:00,3688.305,SHORT,3691.1894285714284,3683.978357142857,2.884428571428576,68312
2025-09-16 22:15:00,3691.298,LONG,3690.185857142857,3692.966214285714,1.1121428571427714,68371
2025-09-16 23:50:00,3694.565,LONG,3693.4099285714287,3696.2976071428575,1.1550714285714807,68390
2025-09-17 00:05:00,3694.655,LONG,3693.2935,3696.69725,1.3615000000000106,68393
2025-09-17 00:25:00,3693.515,LONG,3692.2182857142857,3695.460071428571,1.2967142857142204,68397
2025-09-17 03:00:00,3681.335,SHORT,3683.898357142857,3677.4899642857144,2.563357142857025,68428
2025-09-17 05:30:00,3678.798,SHORT,3680.5546428571424,3676.1630357142853,1.7566428571428463,68458
2025-09-17 05:45:00,3677.655,SHORT,3679.687142857143,3674.606785714286,2.0321428571428117,68461
2025-09-17 09:30:00,3667.595,SHORT,3670.097857142857,3663.840714285714,2.5028571428571076,68506
2025-09-17 10:05:00,3663.815,SHORT,3666.0164285714286,3660.5128571428572,2.201428571428583,68513
2025-09-17 12:10:00,3669.285,SHORT,3672.0024285714285,3665.208857142857,2.717428571428562,68538
2025-09-17 18:40:00,3663.055,SHORT,3674.154571428571,3646.4056428571425,11.099571428571412,68616
2025-09-17 19:35:00,3659.705,SHORT,3670.238214285714,3643.9051785714287,10.533214285714264,68627
2025-09-18 00:15:00,3663.195,SHORT,3665.7568571428574,3659.3522142857146,2.5618571428571095,68671
2025-09-18 01:00:00,3660.985,SHORT,3664.4047142857144,3655.8554285714285,3.4197142857142677,68680
2025-09-18 05:30:00,3656.755,SHORT,3658.692857142857,3653.848214285714,1.9378571428571831,68734
2025-09-18 10:25:00,3668.985,LONG,3666.5177857142858,3672.6858214285717,2.4672142857142325,68793
2025-09-18 11:10:00,3667.595,LONG,3665.0944999999997,3671.3457499999995,2.500499999999907,68802
2025-09-18 14:50:00,3641.335,SHORT,3647.070714285714,3632.7314285714288,5.735714285714233,68846
2025-09-19 02:50:00,3646.435,LONG,3642.8999285714285,3651.737607142857,3.5350714285714275,68978
2025-09-19 03:25:00,3653.765,LONG,3651.154,3657.6814999999997,2.610999999999941,68985
2025-09-19 05:25:00,3658.375,LONG,3656.4387857142856,3661.2793214285716,1.9362142857142837,69009
2025-09-19 12:20:00,3648.045,SHORT,3650.590928571429,3644.226107142857,2.5459285714286386,69092
2025-09-19 14:35:00,3665.215,LONG,3661.6967142857143,3670.4924285714287,3.5182857142856716,69119
2025-09-19 16:25:00,3668.025,LONG,3665.401642857143,3671.960035714286,2.623357142857133,69141
2025-09-19 20:20:00,3682.725,LONG,3681.4225714285712,3684.6786428571427,1.302428571428566,69188
2025-09-21 22:10:00,3687.698,LONG,3686.086214285714,3690.1156785714284,1.6117857142856857,69198
2025-09-21 22:20:00,3690.785,LONG,3688.8122857142857,3693.7440714285713,1.9727142857142488,69200
2025-09-22 00:55:00,3690.645,LONG,3688.5657142857144,3693.7639285714286,2.0792857142856582,69231
2025-09-22 01:05:00,3692.255,LONG,3689.6305,3696.19175,2.624499999999963,69233
2025-09-22 02:00:00,3689.985,LONG,3686.355,3695.43,3.6299999999999466,69244
2025-09-22 02:45:00,3687.435,LONG,3684.702142857143,3691.5342857142855,2.7328571428570934,69253
2025-09-22 03:20:00,3691.245,LONG,3689.0157142857142,3694.5889285714284,2.2292857142857168,69260
2025-09-22 10:15:00,3724.115,LONG,3721.8444999999997,3727.5207499999997,2.270500000000019,69343
2025-09-22 13:15:00,3723.505,LONG,3719.5406428571428,3729.451535714286,3.964357142857222,69379
2025-09-22 14:00:00,3717.855,SHORT,3722.451357142857,3710.9604642857144,4.596357142857089,69388
2025-09-22 14:30:00,3719.365,SHORT,3724.192357142857,3712.123964285714,4.8273571428571165,69394
2025-09-22 14:55:00,3725.665,LONG,3721.685285714286,3731.6345714285712,3.979714285714278,69399
2025-09-22 19:45:00,3746.935,LONG,3745.3314285714287,3749.340357142857,1.6035714285714155,69457
2025-09-22 20:15:00,3745.985,LONG,3744.317785714286,3748.485821428572,1.667214285714343,69463
2025-09-23 00:20:00,3746.305,LONG,3744.194571428571,3749.4706428571426,2.110428571428656,69500
2025-09-23 01:30:00,3751.575,LONG,3748.231214285714,3756.5906785714283,3.343785714285624,69514
2025-09-23 04:15:00,3744.275,SHORT,3746.3640714285716,3741.141392857143,2.08907142857145,69547
2025-09-23 05:20:00,3747.495,LONG,3745.759642857143,3750.0980357142857,1.7353571428571481,69560
2025-09-23 06:45:00,3755.785,LONG,3752.976357142857,3759.9979642857143,2.808642857142851,69577
2025-09-23 08:00:00,3755.495,LONG,3752.9425,3759.32375,2.5524999999999767,69592
2025-09-23 11:50:00,3783.548,LONG,3780.5575714285715,3788.0336428571427,2.990428571428538,69638
2025-09-23 12:30:00,3782.885,LONG,3779.345785714286,3788.1938214285715,3.5392142857142193,69646
2025-09-23 15:30:00,3778.655,SHORT,3781.710285714286,3774.0720714285717,3.055285714285706,69682
2025-09-23 17:55:00,3777.195,LONG,3773.9665000000005,3782.03775,3.22849999999994,69711
2025-09-23 20:05:00,3764.455,SHORT,3768.606214285714,3758.2281785714285,4.151214285714299,69737
2025-09-24 00:05:00,3759.725,SHORT,3762.1670714285715,3756.0618928571425,2.44207142857145,69773
2025-09-24 00:30:00,3762.548,SHORT,3765.318714285714,3758.3919285714283,2.7707142857143157,69778
2025-09-24 01:10:00,3762.955,SHORT,3766.204357142857,3758.0809642857143,3.2493571428571095,69786
2025-09-24 01:25:00,3758.565,SHORT,3762.0967142857144,3753.267428571429,3.531714285714283,69789
2025-09-24 07:00:00,3774.925,LONG,3772.2402142857145,3778.9521785714287,2.6847857142857134,69856
2025-09-24 07:30:00,3775.785,LONG,3773.2275,3779.6212499999997,2.557500000000021,69862
2025-09-24 11:45:00,3768.095,SHORT,3770.3541428571425,3764.7062857142855,2.2591428571428684,69913
2025-09-24 12:30:00,3765.575,SHORT,3768.1316428571427,3761.7400357142856,2.5566428571428657,69922
2025-09-24 13:10:00,3771.498,LONG,3768.1197142857145,3776.5654285714286,3.3782857142856364,69930
2025-09-24 13:40:00,3762.425,SHORT,3765.9899285714287,3757.0776071428572,3.5649285714285464,69936
2025-09-25 03:10:00,3734.865,SHORT,3737.5925714285713,3730.7736428571425,2.7275714285715043,70086
2025-09-25 04:00:00,3734.095,SHORT,3736.7490714285714,3730.1138928571427,2.6540714285713745,70096
2025-09-25 07:20:00,3743.865,LONG,3741.5040714285715,3747.4063928571427,2.3609285714285306,70136
2025-09-25 08:40:00,3753.715,LONG,3749.9907857142857,3759.3013214285716,3.7242142857143596,70152
2025-09-25 12:05:00,3753.315,LONG,3749.4122857142856,3759.1690714285714,3.9027142857143775,70193
2025-09-25 15:20:00,3732.985,SHORT,3737.8250000000003,3725.7250000000004,4.839999999999951,70232
2025-09-25 16:30:00,3735.085,SHORT,3738.570357142857,3729.8569642857146,3.485357142857083,70246
2025-09-25 17:15:00,3739.455,SHORT,3742.7326428571428,3734.538535714286,3.277642857142837,70255
2025-09-25 18:15:00,3741.145,LONG,3737.7245714285714,3746.275642857143,3.420428571428569,70267
2025-09-25 18:30:00,3750.408,LONG,3747.184214285714,3755.2436785714285,3.2237857142857007,70270
2025-09-25 19:40:00,3747.195,LONG,3743.9985714285717,3751.9896428571433,3.196428571428604,70284
2025-09-25 22:25:00,3749.255,LONG,3747.6025714285715,3751.733642857143,1.6524285714286049,70305
2025-09-26 00:20:00,3744.515,SHORT,3747.717857142857,3739.710714285714,3.202857142857153,70328
2025-09-26 02:55:00,3738.195,SHORT,3740.6135714285715,3734.567142857143,2.4185714285713726,70359
2025-09-26 05:20:00,3746.125,LONG,3744.509285714286,3748.5485714285714,1.6157142857143103,70388
2025-09-26 07:40:00,3747.955,LONG,3744.7095,3752.82325,3.2454999999999603,70416
2025-09-26 09:20:00,3749.885,LONG,3747.8195,3752.98325,2.0655000000000263,70436
2025-09-26 09:35:00,3748.825,LONG,3746.817071428571,3751.8368928571426,2.0079285714285953,70439
2025-09-26 13:40:00,3757.975,LONG,3752.863,3765.643,5.111999999999982,70488
2025-09-26 16:40:00,3777.365,LONG,3774.0019285714284,3782.409607142857,3.3630714285714345,70524
2025-09-26 18:15:00,3777.535,LONG,3774.9340714285713,3781.436392857143,2.6009285714285397,70543
2025-09-26 19:10:00,3775.735,LONG,3773.3807142857145,3779.2664285714286,2.354285714285652,70554
2025-09-28 22:40:00,3768.185,SHORT,3771.578571428571,3763.094642857143,3.3935714285714766,70584
2025-09-29 01:15:00,3778.525,LONG,3774.5378571428573,3784.5057142857145,3.9871428571428686,70615
2025-09-29 02:05:00,3783.845,LONG,3777.645,3793.145,6.199999999999981,70625
2025-09-29 04:10:00,3795.448,LONG,3792.8685,3799.31725,2.579499999999988,70650
2025-09-29 04:20:00,3798.575,LONG,3795.9895714285713,3802.4531428571427,2.5854285714285328,70652
2025-09-29 05:45:00,3805.695,LONG,3801.591428571429,3811.8503571428573,4.103571428571415,70669
2025-09-29 07:40:00,3810.445,LONG,3806.563285714286,3816.2675714285715,3.881714285714257,70692
2025-09-29 12:35:00,3818.615,LONG,3814.4022857142854,3824.9340714285713,4.212714285714258,70751
2025-09-29 12:55:00,3813.505,LONG,3809.2235,3819.92725,4.281499999999986,70755
2025-09-29 13:25:00,3821.625,LONG,3817.09,3828.4275,4.534999999999952,70761
2025-09-29 14:50:00,3826.778,LONG,3821.7809285714284,3834.2736071428567,4.997071428571319,70778
2025-09-29 16:20:00,3830.698,LONG,3827.448214285714,3835.5726785714282,3.2497857142856708,70796
2025-09-29 17:20:00,3827.625,LONG,3825.4221428571427,3830.9292857142855,2.2028571428571206,70808
2025-09-29 19:50:00,3828.855,LONG,3826.5772142857145,3832.2716785714288,2.2777857142856908,70838
2025-09-29 23:20:00,3829.875,LONG,3828.0465714285715,3832.6176428571425,1.8284285714285033,70868
2025-09-30 00:55:00,3838.795,LONG,3835.148571428572,3844.264642857143,3.646428571428487,70887
2025-09-30 02:45:00,3848.505,LONG,3845.5069285714285,3853.0021071428573,2.998071428571458,70909
2025-09-30 05:40:00,3868.565,LONG,3865.444785714286,3873.2453214285715,3.12021428571422,70944
2025-09-30 05:50:00,3868.825,LONG,3865.523357142857,3873.777464285714,3.3016428571428214,70946
2025-09-30 06:25:00,3866.325,LONG,3862.9904285714283,3871.326857142857,3.3345714285714103,70953
2025-09-30 11:40:00,3814.725,SHORT,3818.272857142857,3809.403214285714,3.547857142857148,71016
2025-09-30 15:15:00,3835.985,LONG,3828.936642857143,3846.5575357142857,7.04835714285712,71059
2025-09-30 18:10:00,3840.765,LONG,3838.21,3844.5975,2.5549999999999664,71094
2025-09-30 18:45:00,3847.348,LONG,3844.8070714285714,3851.159392857143,2.540928571428562,71101
2025-09-30 20:25:00,3855.105,LONG,3852.426214285714,3859.1231785714285,2.678785714285693,71121
