entry_time,entry,side,sl,tp,atr,entry_i,exit_time,exit,exit_reason,result_r,pnl_price,duration_bars
2025-10-30 18:05:00,4005.295,LONG,4000.4305,4012.59175,4.864500000000005,289680,2025-10-30 18:25:00,4012.59175,TP,1.5,7.2967499999999745,4
2025-10-30 22:05:00,4020.645,LONG,4017.073857142857,4026.001714285714,3.5711428571428963,289716,2025-10-30 22:20:00,4017.073857142857,SL,-1.0,-3.571142857143059,3
2025-10-30 22:25:00,4020.455,LONG,4016.8485714285716,4025.864642857143,3.6064285714285234,289720,2025-10-30 22:30:00,4025.864642857143,TP,1.5,5.409642857142899,1
2025-10-30 22:40:00,4023.898,LONG,4020.001142857143,4029.743285714286,3.8968571428570806,289723,2025-10-30 22:50:00,4029.743285714286,TP,1.5,5.845285714285637,2
2025-10-31 01:00:00,4025.755,LONG,4020.9995,4032.8882500000004,4.755500000000081,289751,2025-10-31 01:05:00,4032.8882500000004,TP,1.5,7.1332500000003165,1
2025-10-31 01:15:00,4033.025,LONG,4027.7980714285713,4040.865392857143,5.226928571428646,289754,2025-10-31 01:25:00,4027.7980714285713,SL,-1.0,-5.2269285714287435,2
2025-10-31 04:30:00,4000.305,SHORT,4004.6095,3993.84825,4.304499999999995,289793,2025-10-31 04:45:00,4004.6095,SL,-1.0,-4.304500000000189,3
2025-10-31 05:30:00,4001.185,SHORT,4005.9085714285716,3994.099642857143,4.723571428571437,289805,2025-10-31 05:40:00,4005.9085714285716,SL,-1.0,-4.723571428571631,2
2025-10-31 06:05:00,4008.545,SHORT,4013.6857142857143,4000.8339285714287,5.140714285714304,289812,2025-10-31 06:15:00,4013.6857142857143,SL,-1.0,-5.140714285714239,2
2025-10-31 06:50:00,4007.995,LONG,4003.2239999999997,4015.1515,4.771000000000056,289821,2025-10-31 07:00:00,4015.1515,TP,1.5,7.156500000000051,2
2025-10-31 07:00:00,4015.195,LONG,4009.853285714286,4023.2075714285716,5.341714285714326,289823,2025-10-31 07:05:00,4009.853285714286,SL,-1.0,-5.341714285714261,1
2025-10-31 07:10:00,4015.515,LONG,4009.866642857143,4023.9875357142855,5.648357142857159,289825,2025-10-31 07:30:00,4023.9875357142855,TP,1.5,8.472535714285641,4
2025-10-31 07:45:00,4017.915,LONG,4011.9469285714285,4026.867107142857,5.968071428571387,289832,2025-10-31 08:50:00,4011.9469285714285,SL,-1.0,-5.96807142857142,13
2025-10-31 11:15:00,4003.765,SHORT,4007.7585714285715,3997.7746428571427,3.9935714285713857,289874,2025-10-31 11:25:00,4007.7585714285715,SL,-1.0,-3.993571428571613,2
2025-10-31 11:30:00,4003.198,SHORT,4007.105642857143,3997.3365357142857,3.907642857142816,289877,2025-10-31 11:40:00,4007.105642857143,SL,-1.0,-3.907642857142946,2
2025-10-31 14:15:00,4025.025,LONG,4017.8630714285714,4035.767892857143,7.161928571428624,289910,2025-10-31 14:25:00,4017.8630714285714,SL,-1.0,-7.161928571428689,2
2025-10-31 14:40:00,4016.735,LONG,4009.1564285714285,4028.1028571428574,7.57857142857152,289915,2025-10-31 16:00:00,4009.1564285714285,SL,-1.0,-7.5785714285716494,16
2025-10-31 17:55:00,3997.345,SHORT,4003.1987857142853,3988.564321428571,5.853785714285745,289954,2025-10-31 18:10:00,4003.1987857142853,SL,-1.0,-5.85378571428555,3
2025-10-31 18:55:00,3999.748,SHORT,4003.440357142857,3994.209464285714,3.692357142857158,289966,2025-10-31 19:00:00,4003.440357142857,SL,-1.0,-3.692357142856963,1
2025-10-31 19:10:00,4000.025,SHORT,4004.0192142857145,3994.0336785714285,3.994214285714276,289969,2025-10-31 19:15:00,3994.0336785714285,TP,1.5,5.991321428571609,1
2025-10-31 19:45:00,3998.015,SHORT,4002.4949285714283,3991.295107142857,4.479928571428575,289976,2025-10-31 20:30:00,4002.4949285714283,SL,-1.0,-4.479928571428445,9
2025-11-03 04:25:00,4005.235,LONG,4001.0009285714286,4011.586107142857,4.234071428571464,290056,2025-11-03 05:00:00,4001.0009285714286,SL,-1.0,-4.234071428571497,7
2025-11-03 05:05:00,4007.775,LONG,4003.103642857143,4014.782035714286,4.671357142857232,290064,2025-11-03 05:30:00,4014.782035714286,TP,1.5,7.007035714285848,5
2025-11-03 06:15:00,4016.885,LONG,4013.071928571429,4022.6046071428573,3.8130714285713827,290078,2025-11-03 06:30:00,4013.071928571429,SL,-1.0,-3.81307142857122,3
2025-11-03 06:55:00,4017.205,LONG,4013.415285714286,4022.8895714285713,3.7897142857142563,290086,2025-11-03 07:00:00,4022.8895714285713,TP,1.5,5.684571428571417,1
2025-11-03 07:45:00,4022.185,LONG,4018.176571428571,4028.197642857143,4.008428571428632,290096,2025-11-03 08:20:00,4018.176571428571,SL,-1.0,-4.008428571428794,7
2025-11-03 08:35:00,4014.255,LONG,4010.1962857142858,4020.3430714285714,4.058714285714294,290106,2025-11-03 08:55:00,4020.3430714285714,TP,1.5,6.088071428571311,4
2025-11-03 09:05:00,4025.255,LONG,4020.687142857143,4032.1067857142857,4.567857142857098,290112,2025-11-03 09:15:00,4020.687142857143,SL,-1.0,-4.567857142857065,2
2025-11-03 11:30:00,4003.495,SHORT,4007.3037857142854,3997.781821428571,3.8087857142857047,290141,2025-11-03 11:45:00,4007.3037857142854,SL,-1.0,-3.8087857142854773,3
2025-11-03 11:50:00,4006.365,SHORT,4010.101714285714,4000.759928571428,3.7367142857143074,290145,2025-11-03 12:30:00,4010.101714285714,SL,-1.0,-3.7367142857142426,8
2025-11-03 12:40:00,4007.965,SHORT,4011.1971428571433,4003.116785714286,3.2321428571428896,290155,2025-11-03 12:45:00,4011.1971428571433,SL,-1.0,-3.232142857143117,1
2025-11-03 14:20:00,4016.018,LONG,4011.9037857142857,4022.1893214285715,4.114214285714264,290175,2025-11-03 14:25:00,4011.9037857142857,SL,-1.0,-4.114214285714297,1
2025-11-03 15:35:00,4017.149,LONG,4009.5392857142856,4028.5635714285713,7.609714285714257,290190,2025-11-03 15:50:00,4009.5392857142856,SL,-1.0,-7.60971428571429,3
2025-11-03 16:00:00,4011.498,LONG,4003.8729285714285,4022.935607142857,7.6250714285714105,290195,2025-11-03 16:05:00,4003.8729285714285,SL,-1.0,-7.625071428571573,1
2025-11-03 17:05:00,4004.445,SHORT,4010.0565714285717,3996.0276428571433,5.611571428571357,290208,2025-11-03 17:20:00,4010.0565714285717,SL,-1.0,-5.611571428571551,3
2025-11-03 17:35:00,4005.385,SHORT,4009.348285714286,3999.4400714285716,3.9632857142857056,290214,2025-11-03 18:20:00,3999.4400714285716,TP,1.5,5.944928571428591,9
2025-11-03 18:45:00,4004.909,SHORT,4008.0297142857144,4000.227928571429,3.1207142857142247,290228,2025-11-03 19:00:00,4000.227928571429,TP,1.5,4.681071428571158,3
2025-11-03 19:15:00,4002.425,SHORT,4006.8860000000004,3995.7335000000003,4.461000000000078,290234,2025-11-03 19:50:00,4006.8860000000004,SL,-1.0,-4.46100000000024,7
2025-11-03 20:05:00,4008.215,SHORT,4012.742357142857,4001.423964285714,4.527357142857227,290244,2025-11-03 20:20:00,4012.742357142857,SL,-1.0,-4.527357142856999,3
2025-11-03 23:05:00,3997.785,SHORT,4000.8726428571426,3993.1535357142857,3.087642857142847,290268,2025-11-03 23:10:00,3993.1535357142857,TP,1.5,4.6314642857141735,1
2025-11-03 23:55:00,3996.925,SHORT,4002.3167142857146,3988.8374285714285,5.391714285714345,290278,2025-11-04 00:35:00,3988.8374285714285,TP,1.5,8.087571428571664,8
2025-11-04 02:05:00,3976.895,SHORT,3982.563071428571,3968.3928928571427,5.668071428571433,290304,2025-11-04 02:25:00,3982.563071428571,SL,-1.0,-5.668071428571238,4
2025-11-04 04:25:00,3991.715,LONG,3987.814142857143,3997.566285714286,3.900857142857181,290332,2025-11-04 04:45:00,3987.814142857143,SL,-1.0,-3.9008571428571486,4
2025-11-04 05:40:00,3976.105,SHORT,3980.3085714285717,3969.7996428571428,4.203571428571422,290347,2025-11-04 05:45:00,3980.3085714285717,SL,-1.0,-4.2035714285716494,1
2025-11-04 09:30:00,3998.445,LONG,3994.5595000000003,4004.27325,3.8854999999999955,290393,2025-11-04 09:45:00,3994.5595000000003,SL,-1.0,-3.8854999999998654,3
2025-11-04 10:05:00,3989.885,LONG,3985.8480714285715,3995.9403928571433,4.036928571428591,290400,2025-11-04 10:15:00,3995.9403928571433,TP,1.5,6.055392857143033,2
2025-11-04 11:20:00,3993.145,LONG,3990.175714285714,3997.5989285714286,2.9692857142856934,290415,2025-11-04 11:50:00,3997.5989285714286,TP,1.5,4.453928571428605,6
2025-11-04 12:10:00,3996.445,LONG,3993.656142857143,4000.628285714286,2.7888571428570685,290425,2025-11-04 12:20:00,3993.656142857143,SL,-1.0,-2.7888571428570685,2
2025-11-04 12:55:00,3984.455,SHORT,3988.2145,3978.81575,3.7594999999999215,290434,2025-11-04 13:00:00,3988.2145,SL,-1.0,-3.7595000000001164,1
2025-11-04 13:15:00,3992.775,SHORT,3996.9385714285713,3986.529642857143,4.163571428571394,290438,2025-11-04 13:20:00,3986.529642857143,TP,1.5,6.245357142857301,1
2025-11-04 13:30:00,3979.685,SHORT,3984.825,3971.975,5.13999999999997,290441,2025-11-04 13:50:00,3971.975,TP,1.5,7.710000000000036,4
2025-11-04 17:15:00,3961.555,SHORT,3966.4524285714283,3954.208857142857,4.897428571428561,290486,2025-11-04 17:55:00,3954.208857142857,TP,1.5,7.346142857142695,8
2025-11-04 20:45:00,3937.245,SHORT,3941.41,3930.9975,4.164999999999964,290528,2025-11-04 21:25:00,3930.9975,TP,1.5,6.247499999999945,8
2025-11-05 00:20:00,3938.105,SHORT,3942.6185714285716,3931.334642857143,4.513571428571432,290559,2025-11-05 00:40:00,3931.334642857143,TP,1.5,6.770357142856938,4
2025-11-05 02:10:00,3941.915,LONG,3936.5135714285716,3950.017142857143,5.401428571428596,290581,2025-11-05 02:20:00,3936.5135714285716,SL,-1.0,-5.401428571428369,2
2025-11-05 05:50:00,3965.095,LONG,3961.590214285714,3970.3521785714283,3.5047857142857475,290625,2025-11-05 06:30:00,3970.3521785714283,TP,1.5,5.25717857142854,8
2025-11-05 07:10:00,3966.125,LONG,3962.0409285714286,3972.251107142857,4.084071428571373,290641,2025-11-05 07:55:00,3972.251107142857,TP,1.5,6.126107142857109,9
2025-11-05 10:05:00,3965.425,LONG,3960.8578571428575,3972.2757142857145,4.567142857142893,290676,2025-11-05 10:15:00,3960.8578571428575,SL,-1.0,-4.567142857142699,2
2025-11-05 10:50:00,3961.995,SHORT,3966.1314285714284,3955.790357142857,4.136428571428529,290685,2025-11-05 11:00:00,3966.1314285714284,SL,-1.0,-4.136428571428496,2
2025-11-05 11:05:00,3962.385,SHORT,3967.1078571428575,3955.3007142857145,4.7228571428571025,290688,2025-11-05 11:50:00,3967.1078571428575,SL,-1.0,-4.722857142857265,9
2025-11-05 11:50:00,3965.235,SHORT,3968.9897142857144,3959.602928571429,3.754714285714207,290697,2025-11-05 12:20:00,3968.9897142857144,SL,-1.0,-3.7547142857142717,6
2025-11-05 12:20:00,3967.285,SHORT,3970.3969285714284,3962.617107142857,3.111928571428507,290703,2025-11-05 13:00:00,3970.3969285714284,SL,-1.0,-3.111928571428507,8
2025-11-05 15:05:00,3973.605,LONG,3967.9762142857144,3982.0481785714287,5.628785714285739,290736,2025-11-05 15:10:00,3967.9762142857144,SL,-1.0,-5.628785714285641,1
2025-11-05 15:20:00,3971.285,LONG,3965.2969285714285,3980.267107142857,5.988071428571435,290739,2025-11-05 15:30:00,3980.267107142857,TP,1.5,8.98210714285733,2
2025-11-05 15:40:00,3982.855,LONG,3976.335285714286,3992.6345714285712,6.519714285714242,290743,2025-11-05 16:10:00,3976.335285714286,SL,-1.0,-6.519714285714144,6
2025-11-05 17:25:00,3982.145,LONG,3978.214285714286,3988.0410714285713,3.9307142857143327,290764,2025-11-05 19:40:00,3988.0410714285713,TP,1.5,5.896071428571304,27
2025-11-05 21:15:00,3983.605,LONG,3981.2526428571427,3987.1335357142857,2.3523571428570773,290810,2025-11-05 21:50:00,3981.2526428571427,SL,-1.0,-2.3523571428572723,7
2025-11-05 23:55:00,3973.515,SHORT,3977.263857142857,3967.891714285714,3.748857142857235,290830,2025-11-06 01:05:00,3967.891714285714,TP,1.5,5.623285714285885,14
2025-11-06 04:55:00,3988.595,LONG,3986.5654285714286,3991.639357142857,2.0295714285714115,290890,2025-11-06 05:05:00,3986.5654285714286,SL,-1.0,-2.0295714285712165,2
2025-11-06 06:00:00,3988.295,LONG,3985.579,3992.369,2.716000000000057,290903,2025-11-06 06:05:00,3985.579,SL,-1.0,-2.7159999999998945,1
2025-11-06 06:20:00,3987.315,LONG,3984.609,3991.3740000000003,2.7060000000000337,290907,2025-11-06 06:40:00,3984.609,SL,-1.0,-2.706000000000131,4
2025-11-06 06:45:00,3985.675,LONG,3982.9575714285716,3989.7511428571433,2.717428571428627,290912,2025-11-06 06:55:00,3989.7511428571433,TP,1.5,4.076142857143168,2
2025-11-06 09:55:00,4010.695,LONG,4008.174785714286,4014.4753214285715,2.520214285714214,290950,2025-11-06 10:00:00,4008.174785714286,SL,-1.0,-2.520214285714246,1
2025-11-06 10:50:00,4008.205,LONG,4005.8016428571427,4011.8100357142857,2.4033571428571707,290961,2025-11-06 11:30:00,4011.8100357142857,TP,1.5,3.6050357142858047,8
2025-11-06 12:15:00,4013.598,LONG,4010.5632142857144,4018.1501785714286,3.03478571428572,290978,2025-11-06 12:35:00,4010.5632142857144,SL,-1.0,-3.03478571428559,4
2025-11-06 13:15:00,4012.605,LONG,4009.1864285714287,4017.732857142857,3.4185714285713726,290990,2025-11-06 14:00:00,4009.1864285714287,SL,-1.0,-3.41857142857134,9
2025-11-06 18:00:00,3982.295,SHORT,3987.322142857143,3974.754285714286,5.027142857142702,291047,2025-11-06 18:20:00,3987.322142857143,SL,-1.0,-5.027142857142735,4
2025-11-06 20:45:00,3981.118,SHORT,3984.1932857142856,3976.5050714285717,3.0752857142856556,291080,2025-11-06 21:50:00,3976.5050714285717,TP,1.5,4.612928571428256,13
2025-11-07 00:25:00,3991.248,LONG,3988.7435,3995.00475,2.5045000000000073,291112,2025-11-07 00:50:00,3988.7435,SL,-1.0,-2.5045000000000073,5
2025-11-07 01:00:00,3993.298,LONG,3990.5077857142855,3997.483321428571,2.790214285714228,291119,2025-11-07 01:10:00,3997.483321428571,TP,1.5,4.185321428571115,2
2025-11-07 04:00:00,3990.175,LONG,3987.0025714285716,3994.933642857143,3.172428571428522,291155,2025-11-07 04:20:00,3994.933642857143,TP,1.5,4.758642857142604,4
2025-11-07 04:25:00,3996.125,LONG,3993.256142857143,4000.4282857142857,2.8688571428570606,291160,2025-11-07 05:20:00,3993.256142857143,SL,-1.0,-2.868857142856996,11
2025-11-07 05:55:00,3994.748,LONG,3991.9815714285714,3998.8976428571427,2.766428571428573,291178,2025-11-07 06:20:00,3998.8976428571427,TP,1.5,4.14964285714268,5
2025-11-07 06:30:00,4001.995,LONG,3998.615,4007.065,3.379999999999979,291185,2025-11-07 06:50:00,4007.065,TP,1.5,5.070000000000164,4
2025-11-07 07:50:00,4005.405,LONG,4002.4180714285717,4009.885392857143,2.986928571428572,291201,2025-11-07 08:10:00,4009.885392857143,TP,1.5,4.4803928571427605,4
2025-11-07 08:35:00,4008.045,LONG,4005.082785714286,4012.4883214285715,2.962214285714286,291210,2025-11-07 08:45:00,4005.082785714286,SL,-1.0,-2.9622142857142535,2
2025-11-07 09:10:00,4010.575,LONG,4007.7189285714285,4014.859107142857,2.856071428571405,291217,2025-11-07 09:30:00,4007.7189285714285,SL,-1.0,-2.85607142857134,4
2025-11-07 09:40:00,4006.075,LONG,4003.1072857142854,4010.526571428571,2.967714285714237,291223,2025-11-07 10:15:00,4003.1072857142854,SL,-1.0,-2.9677142857144645,7
2025-11-07 11:00:00,4011.425,LONG,4008.6028571428574,4015.6582142857146,2.82214285714284,291239,2025-11-07 11:05:00,4008.6028571428574,SL,-1.0,-2.8221428571428078,1
2025-11-07 11:15:00,4005.235,LONG,4001.7064285714287,4010.527857142857,3.528571428571435,291242,2025-11-07 11:20:00,4001.7064285714287,SL,-1.0,-3.5285714285714675,1
2025-11-07 12:10:00,4005.565,SHORT,4010.022857142857,3998.8782142857144,4.457857142857132,291253,2025-11-07 12:25:00,3998.8782142857144,TP,1.5,6.686785714285634,3
2025-11-07 13:20:00,3998.325,SHORT,4002.5942857142854,3991.921071428571,4.269285714285778,291267,2025-11-07 13:30:00,3991.921071428571,TP,1.5,6.403928571428878,2
2025-11-07 13:35:00,3994.755,SHORT,3999.0828571428574,3988.263214285714,4.3278571428571535,291270,2025-11-07 13:50:00,3999.0828571428574,SL,-1.0,-4.327857142857283,3
2025-11-07 14:00:00,3997.145,SHORT,4001.1292857142857,3991.1685714285713,3.9842857142857286,291275,2025-11-07 14:10:00,4001.1292857142857,SL,-1.0,-3.984285714285761,2
2025-11-07 14:45:00,3989.955,SHORT,3995.0442857142857,3982.3210714285715,5.089285714285746,291284,2025-11-07 14:55:00,3995.0442857142857,SL,-1.0,-5.089285714285779,2
2025-11-07 15:55:00,3990.775,SHORT,3995.8759285714286,3983.123607142857,5.100928571428605,291298,2025-11-07 16:05:00,3995.8759285714286,SL,-1.0,-5.10092857142854,2
2025-11-07 16:15:00,3996.075,SHORT,4000.552357142857,3989.358964285714,4.47735714285711,291302,2025-11-07 16:20:00,4000.552357142857,SL,-1.0,-4.477357142857272,1
2025-11-07 18:30:00,4004.165,LONG,4000.2076428571427,4010.101035714286,3.957357142857258,291329,2025-11-07 20:15:00,4000.2076428571427,SL,-1.0,-3.9573571428572905,21
2025-11-07 20:30:00,3997.435,SHORT,4001.0859285714287,3991.958607142857,3.6509285714286244,291353,2025-11-07 20:35:00,4001.0859285714287,SL,-1.0,-3.6509285714287216,1
2025-11-07 21:30:00,4000.315,SHORT,4002.964285714286,3996.3410714285715,2.649285714285757,291365,2025-11-09 23:00:00,4002.964285714286,SL,-1.0,-2.6492857142857247,6
2025-11-09 23:50:00,4008.295,LONG,4004.075428571429,4014.624357142857,4.219571428571369,291381,2025-11-10 00:00:00,4014.624357142857,TP,1.5,6.329357142857134,2
2025-11-10 09:05:00,4079.485,LONG,4075.3685714285716,4085.659642857143,4.116428571428547,291492,2025-11-10 09:10:00,4075.3685714285716,SL,-1.0,-4.116428571428514,1
2025-11-10 10:10:00,4081.085,LONG,4076.8174285714285,4087.4863571428573,4.2675714285714355,291505,2025-11-10 10:45:00,4076.8174285714285,SL,-1.0,-4.2675714285715,7
2025-11-10 10:50:00,4078.075,LONG,4074.8383571428567,4082.929964285714,3.2366428571429293,291513,2025-11-10 11:35:00,4082.929964285714,TP,1.5,4.854964285714232,9
2025-11-10 13:40:00,4097.715,LONG,4093.442857142857,4104.123214285714,4.272142857142951,291547,2025-11-10 13:45:00,4093.442857142857,SL,-1.0,-4.272142857143081,1
2025-11-10 15:15:00,4090.895,LONG,4085.1405,4099.52675,5.754500000000007,291566,2025-11-10 15:30:00,4085.1405,SL,-1.0,-5.754500000000007,3
2025-11-10 15:35:00,4085.915,LONG,4080.423357142857,4094.1524642857144,5.4916428571428435,291570,2025-11-10 15:45:00,4080.423357142857,SL,-1.0,-5.491642857142779,2
2025-11-10 17:50:00,4099.195,LONG,4096.277642857142,4103.571035714285,2.9173571428571643,291597,2025-11-10 18:00:00,4103.571035714285,TP,1.5,4.3760357142855355,2
2025-11-10 21:00:00,4111.698,LONG,4108.8095,4116.03075,2.888499999999957,291635,2025-11-10 21:50:00,4116.03075,TP,1.5,4.332749999999578,10
2025-11-10 23:55:00,4119.705,LONG,4117.030714285714,4123.716428571429,2.6742857142858805,291658,2025-11-11 00:00:00,4117.030714285714,SL,-1.0,-2.6742857142862704,1
2025-11-11 00:05:00,4117.945,LONG,4115.0371428571425,4122.306785714286,2.9078571428572753,291660,2025-11-11 00:25:00,4122.306785714286,TP,1.5,4.36178571428627,4
2025-11-11 02:20:00,4136.665,LONG,4131.983285714286,4143.687571428572,4.681714285714212,291687,2025-11-11 02:30:00,4131.983285714286,SL,-1.0,-4.681714285714406,2
2025-11-11 02:55:00,4137.855,LONG,4133.464,4144.441499999999,4.390999999999882,291694,2025-11-11 03:15:00,4144.441499999999,TP,1.5,6.5864999999994325,4
2025-11-11 04:15:00,4143.695,LONG,4141.036142857142,4147.683285714285,2.6588571428570895,291710,2025-11-11 05:00:00,4141.036142857142,SL,-1.0,-2.658857142857414,9
2025-11-11 06:30:00,4130.498,SHORT,4134.951857142857,4123.817214285714,4.453857142857422,291737,2025-11-11 08:05:00,4134.951857142857,SL,-1.0,-4.453857142857487,19
2025-11-11 09:00:00,4141.365,LONG,4137.6804999999995,4146.89175,3.684500000000168,291767,2025-11-11 10:00:00,4137.6804999999995,SL,-1.0,-3.6845000000002983,12
2025-11-11 10:40:00,4139.255,LONG,4136.3378571428575,4143.630714285714,2.9171428571428026,291787,2025-11-11 10:55:00,4143.630714285714,TP,1.5,4.3757142857139115,3
2025-11-11 11:25:00,4140.909,LONG,4138.007571428571,4145.261142857143,2.901428571428499,291796,2025-11-11 12:10:00,4138.007571428571,SL,-1.0,-2.9014285714283687,9
2025-11-11 12:30:00,4139.345,LONG,4136.445142857143,4143.694785714286,2.8998571428572046,291809,2025-11-11 12:50:00,4136.445142857143,SL,-1.0,-2.8998571428573996,4
2025-11-11 13:30:00,4144.925,LONG,4141.605214285714,4149.904678571429,3.3197857142856395,291821,2025-11-11 13:40:00,4141.605214285714,SL,-1.0,-3.3197857142858993,2
2025-11-11 16:20:00,4111.045,SHORT,4117.1335714285715,4101.912142857143,6.088571428571413,291855,2025-11-11 17:10:00,4117.1335714285715,SL,-1.0,-6.088571428571413,10
2025-11-11 17:20:00,4114.115,SHORT,4117.439857142857,4109.127714285714,3.3248571428571267,291867,2025-11-11 18:10:00,4109.127714285714,TP,1.5,4.987285714285463,10
2025-11-11 23:10:00,4132.775,LONG,4130.3643571428565,4136.390964285713,2.410642857142778,291925,2025-11-11 23:20:00,4136.390964285713,TP,1.5,3.615964285713744,2
2025-11-12 01:05:00,4134.765,LONG,4130.969285714286,4140.458571428572,3.795714285714374,291948,2025-11-12 01:15:00,4130.969285714286,SL,-1.0,-3.7957142857139843,2
2025-11-12 02:15:00,4134.635,LONG,4130.726214285714,4140.498178571429,3.908785714285711,291962,2025-11-12 02:30:00,4130.726214285714,SL,-1.0,-3.908785714285841,3
2025-11-12 08:30:00,4128.555,LONG,4124.206142857143,4135.078285714286,4.348857142857079,292037,2025-11-12 09:35:00,4124.206142857143,SL,-1.0,-4.348857142857014,13
2025-11-12 09:55:00,4124.475,LONG,4121.114357142857,4129.515964285714,3.3606428571428557,292054,2025-11-12 10:25:00,4121.114357142857,SL,-1.0,-3.3606428571429205,6
2025-11-12 10:30:00,4122.515,LONG,4118.711571428572,4128.220142857143,3.803428571428672,292061,2025-11-12 10:55:00,4128.220142857143,TP,1.5,5.705142857143073,5
2025-11-12 11:30:00,4126.895,LONG,4123.3321428571435,4132.239285714286,3.562857142857086,292073,2025-11-12 12:15:00,4132.239285714286,TP,1.5,5.344285714285434,9
2025-11-12 13:00:00,4131.005,LONG,4127.720071428572,4135.932392857143,3.2849285714284764,292091,2025-11-12 13:05:00,4127.720071428572,SL,-1.0,-3.2849285714282814,1
2025-11-12 13:30:00,4131.465,LONG,4127.239642857143,4137.803035714285,4.22535714285693,292097,2025-11-12 13:50:00,4127.239642857143,SL,-1.0,-4.22535714285732,4
2025-11-12 14:05:00,4134.755,LONG,4129.900428571429,4142.036857142857,4.85457142857136,292104,2025-11-12 14:30:00,4129.900428571429,SL,-1.0,-4.854571428571035,5
2025-11-12 19:45:00,4197.598,LONG,4192.908285714286,4204.632571428571,4.689714285714282,292172,2025-11-12 20:05:00,4192.908285714286,SL,-1.0,-4.689714285714217,4
2025-11-12 20:10:00,4197.335,LONG,4192.109714285714,4205.172928571429,5.225285714285811,292177,2025-11-12 20:35:00,4192.109714285714,SL,-1.0,-5.2252857142857465,5
2025-11-12 20:50:00,4195.615,LONG,4191.646928571428,4201.567107142857,3.9680714285715504,292185,2025-11-12 21:15:00,4191.646928571428,SL,-1.0,-3.9680714285714203,5
2025-11-12 23:00:00,4202.248,LONG,4198.698571428571,4207.572142857142,3.549428571428637,292199,2025-11-12 23:10:00,4198.698571428571,SL,-1.0,-3.549428571428507,2
2025-11-13 02:30:00,4185.355,SHORT,4190.923357142857,4177.002464285714,5.568357142857102,292241,2025-11-13 02:35:00,4190.923357142857,SL,-1.0,-5.568357142857167,1
2025-11-13 02:45:00,4190.085,SHORT,4195.478357142857,4181.994964285715,5.39335714285705,292244,2025-11-13 03:00:00,4195.478357142857,SL,-1.0,-5.393357142856985,3
2025-11-13 04:55:00,4209.165,LONG,4204.766928571428,4215.7621071428575,4.398071428571451,292270,2025-11-13 05:05:00,4215.7621071428575,TP,1.5,6.597107142857567,2
2025-11-13 05:10:00,4217.235,LONG,4212.571214285714,4224.230678571428,4.663785714285756,292273,2025-11-13 05:25:00,4212.571214285714,SL,-1.0,-4.66378571428595,3
2025-11-13 05:35:00,4214.895,LONG,4210.570500000001,4221.3817500000005,4.324500000000041,292278,2025-11-13 05:50:00,4210.570500000001,SL,-1.0,-4.324499999999716,3
2025-11-13 06:15:00,4206.835,LONG,4202.221571428571,4213.755142857143,4.613428571428683,292286,2025-11-13 07:20:00,4213.755142857143,TP,1.5,6.920142857143219,13
2025-11-13 09:55:00,4232.925,LONG,4228.0015,4240.31025,4.923499999999941,292330,2025-11-13 10:35:00,4228.0015,SL,-1.0,-4.923499999999876,8
2025-11-13 10:40:00,4233.279,LONG,4229.530285714286,4238.902071428572,3.7487142857142834,292339,2025-11-13 10:50:00,4229.530285714286,SL,-1.0,-3.7487142857144136,2
2025-11-13 11:00:00,4227.775,LONG,4223.521,4234.156,4.254000000000035,292343,2025-11-13 11:15:00,4223.521,SL,-1.0,-4.253999999999905,3
2025-11-13 11:20:00,4224.995,LONG,4220.167428571429,4232.236357142857,4.827571428571446,292347,2025-11-13 12:05:00,4232.236357142857,TP,1.5,7.241357142856941,9
2025-11-13 13:55:00,4231.498,LONG,4224.237785714286,4242.388321428571,7.260214285714288,292378,2025-11-13 14:00:00,4224.237785714286,SL,-1.0,-7.260214285714028,1
2025-11-13 16:35:00,4199.915,SHORT,4206.4705,4190.081749999999,6.555500000000133,292410,2025-11-13 16:55:00,4206.4705,SL,-1.0,-6.555500000000393,4
2025-11-13 17:05:00,4200.435,SHORT,4205.814071428572,4192.366392857143,5.379071428571414,292416,2025-11-13 17:30:00,4205.814071428572,SL,-1.0,-5.3790714285714785,5
2025-11-13 18:05:00,4201.545,SHORT,4206.5878571428575,4193.980714285714,5.0428571428571685,292428,2025-11-13 18:25:00,4193.980714285714,TP,1.5,7.564285714285688,4
2025-11-13 19:45:00,4165.569,SHORT,4172.763857142858,4154.776714285715,7.194857142857018,292448,2025-11-13 21:05:00,4172.763857142858,SL,-1.0,-7.194857142857472,16
2025-11-13 21:35:00,4169.365,SHORT,4174.279785714285,4161.992821428571,4.914785714285634,292470,2025-11-13 23:00:00,4174.279785714285,SL,-1.0,-4.9147857142852445,5
2025-11-13 23:10:00,4176.215,SHORT,4180.802000000001,4169.3345,4.587000000000054,292477,2025-11-13 23:15:00,4180.802000000001,SL,-1.0,-4.587000000000444,1
2025-11-14 01:00:00,4187.155,LONG,4182.266428571428,4194.487857142857,4.888571428571335,292499,2025-11-14 01:10:00,4182.266428571428,SL,-1.0,-4.888571428571595,2
2025-11-14 01:45:00,4186.965,LONG,4180.280928571428,4196.991107142857,6.68407142857138,292508,2025-11-14 02:20:00,4196.991107142857,TP,1.5,10.026107142856745,7
2025-11-14 04:30:00,4202.925,LONG,4199.757142857143,4207.676785714286,3.167857142857104,292541,2025-11-14 04:55:00,4199.757142857143,SL,-1.0,-3.1678571428574287,5
2025-11-14 05:50:00,4191.885,SHORT,4196.780000000001,4184.5425000000005,4.894999999999982,292557,2025-11-14 06:15:00,4184.5425000000005,TP,1.5,7.342499999999745,5
2025-11-14 09:10:00,4174.405,SHORT,4181.2242857142855,4164.176071428571,6.819285714285537,292597,2025-11-14 10:05:00,4164.176071428571,TP,1.5,10.228928571428696,11
2025-11-14 14:45:00,4063.459,SHORT,4075.681642857143,4045.1250357142853,12.222642857142903,292664,2025-11-14 14:50:00,4075.681642857143,SL,-1.0,-12.222642857143,1
2025-11-14 15:20:00,4074.795,SHORT,4087.150857142857,4056.2612142857142,12.355857142857174,292671,2025-11-14 15:45:00,4087.150857142857,SL,-1.0,-12.355857142857076,5
2025-11-14 15:50:00,4088.675,SHORT,4099.448428571429,4072.514857142857,10.773428571428635,292677,2025-11-14 16:20:00,4099.448428571429,SL,-1.0,-10.773428571428667,6
2025-11-14 17:20:00,4100.905,LONG,4093.8166428571426,4111.537535714286,7.088357142857019,292695,2025-11-14 18:00:00,4093.8166428571426,SL,-1.0,-7.088357142857149,8
2025-11-16 23:15:00,4096.885,SHORT,4104.200857142858,4085.9112142857143,7.315857142857145,292754,2025-11-16 23:20:00,4104.200857142858,SL,-1.0,-7.315857142857567,1
2025-11-17 01:15:00,4088.355,SHORT,4094.487857142857,4079.155714285714,6.132857142857217,292778,2025-11-17 01:25:00,4094.487857142857,SL,-1.0,-6.1328571428571195,2
2025-11-17 04:25:00,4083.045,SHORT,4086.4454285714287,4077.9443571428574,3.4004285714286198,292816,2025-11-17 04:45:00,4077.9443571428574,TP,1.5,5.100642857142702,4
2025-11-17 09:20:00,4082.905,LONG,4078.134785714286,4090.0603214285716,4.770214285714246,292875,2025-11-17 10:30:00,4078.134785714286,SL,-1.0,-4.770214285714246,14
2025-11-17 11:00:00,4063.085,SHORT,4068.2445,4055.34575,5.15949999999998,292895,2025-11-17 11:05:00,4068.2445,SL,-1.0,-5.159499999999753,1
2025-11-17 14:15:00,4067.045,SHORT,4073.0907142857145,4057.9764285714286,6.0457142857142765,292934,2025-11-17 14:30:00,4073.0907142857145,SL,-1.0,-6.045714285714439,3
2025-11-17 14:35:00,4074.325,SHORT,4080.5764285714286,4064.947857142857,6.25142857142857,292938,2025-11-17 15:05:00,4064.947857142857,TP,1.5,9.377142857142644,6
2025-11-17 15:15:00,4062.305,SHORT,4069.5,4051.5125,7.195000000000001,292946,2025-11-17 15:20:00,4069.5,SL,-1.0,-7.195000000000164,1
2025-11-17 16:40:00,4068.545,SHORT,4073.9575714285716,4060.426142857143,5.412571428571384,292963,2025-11-17 17:00:00,4073.9575714285716,SL,-1.0,-5.412571428571482,4
2025-11-17 17:55:00,4073.098,LONG,4069.084,4079.119,4.014000000000124,292978,2025-11-17 18:25:00,4069.084,SL,-1.0,-4.014000000000124,6
2025-11-17 21:15:00,4042.805,SHORT,4048.499,4034.2639999999997,5.694000000000058,293018,2025-11-17 23:00:00,4048.499,SL,-1.0,-5.69399999999996,9
2025-11-17 23:05:00,4047.648,SHORT,4051.1675,4042.36875,3.519499999999945,293028,2025-11-17 23:15:00,4051.1675,SL,-1.0,-3.51949999999988,2
2025-11-17 23:55:00,4036.345,SHORT,4042.2916428571425,4027.4250357142855,5.946642857142868,293038,2025-11-18 00:20:00,4027.4250357142855,TP,1.5,8.919964285714286,5
2025-11-18 00:50:00,4032.235,SHORT,4038.7183571428573,4022.5099642857144,6.483357142857163,293049,2025-11-18 00:55:00,4038.7183571428573,SL,-1.0,-6.48335714285713,1
2025-11-18 01:15:00,4040.085,SHORT,4046.403357142857,4030.6074642857143,6.318357142857167,293054,2025-11-18 01:40:00,4030.6074642857143,TP,1.5,9.47753571428575,5
2025-11-18 01:40:00,4032.655,SHORT,4039.094785714286,4022.9953214285715,6.439785714285757,293059,2025-11-18 01:50:00,4022.9953214285715,TP,1.5,9.659678571428685,2
2025-11-18 04:45:00,4009.235,SHORT,4014.430928571429,4001.441107142857,5.1959285714286,293096,2025-11-18 05:15:00,4014.430928571429,SL,-1.0,-5.195928571428794,6
2025-11-18 06:10:00,4012.465,SHORT,4017.5835714285713,4004.787142857143,5.118571428571353,293113,2025-11-18 07:10:00,4004.787142857143,TP,1.5,7.677857142857192,12
2025-11-18 09:40:00,4037.325,LONG,4032.0042857142853,4045.306071428571,5.320714285714303,293155,2025-11-18 09:55:00,4045.306071428571,TP,1.5,7.98107142857134,3
2025-11-18 12:15:00,4042.015,LONG,4037.836142857143,4048.2832857142857,4.178857142857104,293186,2025-11-18 12:20:00,4037.836142857143,SL,-1.0,-4.178857142856941,1
2025-11-18 12:50:00,4033.805,LONG,4028.8395,4041.2532499999998,4.96550000000002,293193,2025-11-18 13:00:00,4041.2532499999998,TP,1.5,7.448249999999916,2
2025-11-18 13:20:00,4048.568,LONG,4042.550928571429,4057.5936071428573,6.017071428571431,293199,2025-11-18 13:35:00,4057.5936071428573,TP,1.5,9.025607142857098,3
2025-11-18 16:20:00,4059.165,LONG,4051.050714285714,4071.3364285714283,8.114285714285709,293235,2025-11-18 17:35:00,4071.3364285714283,TP,1.5,12.17142857142835,15
2025-11-18 18:25:00,4065.545,LONG,4061.003142857143,4072.357785714286,4.54185714285716,293260,2025-11-18 18:40:00,4072.357785714286,TP,1.5,6.8127857142858375,3
2025-11-18 20:25:00,4072.085,LONG,4067.7633571428573,4078.5674642857143,4.3216428571429,293284,2025-11-18 20:45:00,4067.7633571428573,SL,-1.0,-4.321642857142706,4
2025-11-19 00:05:00,4074.165,LONG,4070.2726428571427,4080.0035357142856,3.8923571428571386,293316,2025-11-19 00:50:00,4070.2726428571427,SL,-1.0,-3.892357142857236,9
2025-11-19 00:50:00,4072.065,LONG,4068.142428571429,4077.9488571428574,3.9225714285714406,293325,2025-11-19 00:55:00,4068.142428571429,SL,-1.0,-3.9225714285712456,1
2025-11-19 03:30:00,4072.045,LONG,4067.7307142857144,4078.5164285714286,4.314285714285786,293357,2025-11-19 03:55:00,4067.7307142857144,SL,-1.0,-4.314285714285688,5
2025-11-19 04:00:00,4068.285,LONG,4064.5492857142854,4073.888571428571,3.735714285714331,293363,2025-11-19 04:25:00,4073.888571428571,TP,1.5,5.603571428571286,5
2025-11-19 04:35:00,4075.275,LONG,4071.7864285714286,4080.507857142857,3.488571428571374,293370,2025-11-19 05:15:00,4080.507857142857,TP,1.5,5.2328571428570285,8
2025-11-19 07:10:00,4087.095,LONG,4083.2142857142853,4092.9160714285713,3.880714285714378,293401,2025-11-19 07:35:00,4092.9160714285713,TP,1.5,5.821071428571486,5
2025-11-19 09:25:00,4090.985,LONG,4087.0809285714286,4096.841107142857,3.9040714285713745,293428,2025-11-19 09:40:00,4096.841107142857,TP,1.5,5.856107142857127,3
2025-11-19 11:05:00,4108.715,LONG,4104.63,4114.842500000001,4.085000000000036,293448,2025-11-19 11:15:00,4114.842500000001,TP,1.5,6.127500000000509,2
2025-11-19 11:25:00,4114.205,LONG,4110.267642857143,4120.111035714286,3.9373571428571785,293452,2025-11-19 11:40:00,4110.267642857143,SL,-1.0,-3.937357142856854,3
2025-11-19 12:25:00,4116.965,LONG,4113.651428571428,4121.935357142857,3.313571428571452,293464,2025-11-19 12:50:00,4113.651428571428,SL,-1.0,-3.313571428571777,5
2025-11-19 13:15:00,4103.825,LONG,4099.405714285715,4110.453928571428,4.4192857142857065,293474,2025-11-19 13:30:00,4110.453928571428,TP,1.5,6.628928571428332,3
2025-11-19 14:10:00,4117.465,LONG,4111.540714285715,4126.351428571429,5.924285714285751,293485,2025-11-19 14:20:00,4111.540714285715,SL,-1.0,-5.924285714285361,2
2025-11-19 14:45:00,4113.385,LONG,4107.549285714286,4122.138571428572,5.835714285714208,293492,2025-11-19 14:55:00,4122.138571428572,TP,1.5,8.753571428571377,2
2025-11-19 17:50:00,4076.135,SHORT,4083.867142857143,4064.536785714286,7.732142857142857,293529,2025-11-19 18:10:00,4083.867142857143,SL,-1.0,-7.732142857142662,4
2025-11-19 19:10:00,4077.865,SHORT,4083.9192857142853,4068.783571428571,6.054285714285697,293545,2025-11-19 21:15:00,4068.783571428571,TP,1.5,9.08142857142866,25
2025-11-19 23:15:00,4090.135,LONG,4084.6507142857145,4098.361428571428,5.484285714285761,293582,2025-11-19 23:40:00,4098.361428571428,TP,1.5,8.226428571428187,5
2025-11-20 01:40:00,4091.455,LONG,4086.6020714285714,4098.734392857143,4.852928571428428,293611,2025-11-20 01:55:00,4086.6020714285714,SL,-1.0,-4.852928571428492,3
2025-11-20 03:30:00,4069.915,SHORT,4075.9921428571424,4060.799285714286,6.0771428571426895,293633,2025-11-20 04:10:00,4075.9921428571424,SL,-1.0,-6.077142857142462,8
2025-11-20 04:30:00,4075.965,SHORT,4080.656142857143,4068.928285714286,4.691142857142755,293645,2025-11-20 05:10:00,4068.928285714286,TP,1.5,7.03671428571397,8
2025-11-20 06:30:00,4062.015,SHORT,4067.59,4053.6524999999997,5.5750000000000455,293669,2025-11-20 06:35:00,4067.59,SL,-1.0,-5.575000000000273,1
2025-11-20 06:45:00,4067.115,SHORT,4072.530714285714,4058.9914285714285,5.415714285714297,293672,2025-11-20 07:05:00,4072.530714285714,SL,-1.0,-5.41571428571433,4
2025-11-20 09:40:00,4063.305,SHORT,4069.9740714285713,4053.3013928571427,6.669071428571409,293707,2025-11-20 11:15:00,4053.3013928571427,TP,1.5,10.003607142857163,19
2025-11-20 11:45:00,4058.605,SHORT,4063.3312142857144,4051.5156785714285,4.726214285714377,293732,2025-11-20 12:00:00,4063.3312142857144,SL,-1.0,-4.726214285714377,3
2025-11-20 15:20:00,4093.755,LONG,4084.32,4107.9075,9.435000000000043,293775,2025-11-20 15:30:00,4084.32,SL,-1.0,-9.434999999999945,2
2025-11-20 18:05:00,4066.115,SHORT,4074.0795714285714,4054.1681428571424,7.964571428571487,293808,2025-11-20 19:20:00,4074.0795714285714,SL,-1.0,-7.964571428571617,15
2025-11-20 20:15:00,4080.305,LONG,4074.7816428571427,4088.5900357142855,5.523357142857192,293834,2025-11-20 20:25:00,4074.7816428571427,SL,-1.0,-5.523357142857094,2
2025-11-20 20:25:00,4077.075,LONG,4071.845214285714,4084.9196785714284,5.229785714285721,293836,2025-11-20 23:15:00,4084.9196785714284,TP,1.5,7.844678571428631,22
2025-11-21 01:00:00,4065.395,SHORT,4070.4392857142857,4057.8285714285716,5.044285714285674,293879,2025-11-21 01:50:00,4070.4392857142857,SL,-1.0,-5.0442857142857065,10
2025-11-21 02:05:00,4070.855,SHORT,4075.8097857142857,4063.4228214285713,4.9547857142857605,293892,2025-11-21 02:30:00,4075.8097857142857,SL,-1.0,-4.954785714285663,5
2025-11-21 04:30:00,4053.175,SHORT,4057.7145714285716,4046.365642857143,4.53957142857137,293921,2025-11-21 05:45:00,4046.365642857143,TP,1.5,6.809357142857152,15
2025-11-21 07:35:00,4032.435,SHORT,4038.1228571428574,4023.903214285714,5.687857142857183,293958,2025-11-21 08:00:00,4023.903214285714,TP,1.5,8.531785714285888,5
2025-11-21 08:15:00,4033.865,SHORT,4040.055,4024.5799999999995,6.190000000000087,293966,2025-11-21 08:20:00,4040.055,SL,-1.0,-6.190000000000055,1
2025-11-21 09:05:00,4046.535,SHORT,4053.3392857142853,4036.328571428571,6.8042857142856645,293976,2025-11-21 09:10:00,4053.3392857142853,SL,-1.0,-6.80428571428547,1
2025-11-21 11:10:00,4040.065,SHORT,4046.3202142857144,4030.6821785714287,6.255214285714211,294001,2025-11-21 12:20:00,4046.3202142857144,SL,-1.0,-6.2552142857143735,14
2025-11-21 14:30:00,4066.735,LONG,4061.339285714286,4074.8285714285716,5.395714285714283,294041,2025-11-21 14:50:00,4074.8285714285716,TP,1.5,8.093571428571522,4
2025-11-21 15:20:00,4073.369,LONG,4066.719785714286,4083.3428214285714,6.649214285714281,294051,2025-11-21 15:30:00,4066.719785714286,SL,-1.0,-6.649214285714152,2
2025-11-21 15:40:00,4063.175,LONG,4056.0820000000003,4073.8145,7.092999999999945,294055,2025-11-21 16:30:00,4073.8145,TP,1.5,10.63949999999977,10
2025-11-21 16:35:00,4075.885,LONG,4070.0497142857143,4084.637928571429,5.835285714285679,294066,2025-11-21 16:50:00,4084.637928571429,TP,1.5,8.752928571428583,3
2025-11-21 17:35:00,4082.775,LONG,4076.0882857142856,4092.8050714285714,6.686714285714321,294078,2025-11-21 20:20:00,4076.0882857142856,SL,-1.0,-6.686714285714515,33
2025-11-23 23:15:00,4072.985,SHORT,4077.223214285714,4066.6276785714285,4.238214285714288,294134,2025-11-23 23:30:00,4066.6276785714285,TP,1.5,6.357321428571595,3
2025-11-24 01:00:00,4062.585,SHORT,4067.4727857142857,4055.2533214285713,4.887785714285753,294155,2025-11-24 01:05:00,4055.2533214285713,TP,1.5,7.331678571428711,1
2025-11-24 01:15:00,4053.405,SHORT,4058.2692142857145,4046.1086785714288,4.864214285714297,294158,2025-11-24 01:55:00,4046.1086785714288,TP,1.5,7.296321428571446,8
2025-11-24 03:10:00,4046.405,SHORT,4049.8083571428574,4041.2999642857144,3.403357142857203,294181,2025-11-24 03:30:00,4049.8083571428574,SL,-1.0,-3.403357142857203,4
2025-11-24 03:50:00,4048.965,SHORT,4053.1357142857146,4042.7089285714287,4.1707142857142765,294189,2025-11-24 04:05:00,4053.1357142857146,SL,-1.0,-4.170714285714439,3
2025-11-24 04:15:00,4054.015,SHORT,4058.430714285714,4047.3914285714286,4.4157142857142,294194,2025-11-24 04:30:00,4047.3914285714286,TP,1.5,6.6235714285712675,3
2025-11-24 05:30:00,4045.365,SHORT,4049.0892857142853,4039.778571428571,3.7242857142857377,294209,2025-11-24 05:40:00,4049.0892857142853,SL,-1.0,-3.724285714285543,2
2025-11-24 05:45:00,4041.655,SHORT,4045.502142857143,4035.884285714286,3.8471428571428987,294212,2025-11-24 05:55:00,4045.502142857143,SL,-1.0,-3.8471428571428987,2
2025-11-24 06:05:00,4051.185,SHORT,4055.534285714286,4044.661071428571,4.34928571428577,294216,2025-11-24 06:25:00,4055.534285714286,SL,-1.0,-4.3492857142859975,4
2025-11-24 06:25:00,4052.455,SHORT,4057.095714285714,4045.4939285714286,4.640714285714369,294220,2025-11-24 06:40:00,4057.095714285714,SL,-1.0,-4.640714285714239,3
2025-11-24 07:15:00,4055.305,LONG,4051.625714285714,4060.8239285714285,3.67928571428573,294230,2025-11-24 07:35:00,4060.8239285714285,TP,1.5,5.51892857142866,4
2025-11-24 09:55:00,4071.695,LONG,4067.717857142857,4077.660714285714,3.9771428571428453,294262,2025-11-24 10:30:00,4067.717857142857,SL,-1.0,-3.977142857143008,7
2025-11-24 10:40:00,4069.955,LONG,4065.6347857142855,4076.4353214285716,4.32021428571433,294271,2025-11-24 10:50:00,4065.6347857142855,SL,-1.0,-4.320214285714428,2
2025-11-24 12:10:00,4068.365,LONG,4065.3719285714283,4072.854607142857,2.993071428571479,294289,2025-11-24 12:30:00,4072.854607142857,TP,1.5,4.489607142857039,4
2025-11-24 13:50:00,4077.015,LONG,4072.2138571428573,4084.2167142857143,4.801142857142817,294309,2025-11-24 14:30:00,4072.2138571428573,SL,-1.0,-4.801142857142622,8
2025-11-24 14:30:00,4076.435,LONG,4071.7971428571427,4083.3917857142856,4.637857142857164,294317,2025-11-24 14:35:00,4071.7971428571427,SL,-1.0,-4.637857142857229,1
2025-11-24 18:15:00,4090.555,LONG,4087.4054285714283,4095.279357142857,3.149571428571465,294362,2025-11-24 18:25:00,4095.279357142857,TP,1.5,4.724357142857116,2
2025-11-24 23:30:00,4131.565,LONG,4127.813,4137.192999999999,3.7519999999998226,294413,2025-11-24 23:45:00,4137.192999999999,TP,1.5,5.627999999999702,3
2025-11-25 00:35:00,4134.298,LONG,4129.933285714285,4140.845071428572,4.364714285714464,294426,2025-11-25 00:55:00,4129.933285714285,SL,-1.0,-4.364714285714399,4
2025-11-25 01:00:00,4131.848,LONG,4127.296928571429,4138.674607142857,4.551071428571439,294431,2025-11-25 01:10:00,4127.296928571429,SL,-1.0,-4.551071428571049,2
2025-11-25 02:15:00,4145.005,LONG,4139.8745,4152.70075,5.130499999999951,294446,2025-11-25 02:45:00,4152.70075,TP,1.5,7.695749999999862,6
2025-11-25 03:45:00,4145.125,LONG,4140.846857142857,4151.542214285714,4.278142857142939,294464,2025-11-25 03:50:00,4140.846857142857,SL,-1.0,-4.2781428571433935,1
2025-11-25 04:25:00,4145.825,LONG,4142.150642857143,4151.336535714286,3.674357142857129,294472,2025-11-25 04:50:00,4142.150642857143,SL,-1.0,-3.674357142856934,5
2025-11-25 07:35:00,4135.205,SHORT,4139.024357142857,4129.475964285714,3.8193571428571107,294510,2025-11-25 08:15:00,4139.024357142857,SL,-1.0,-3.8193571428573705,8
2025-11-25 09:20:00,4126.705,SHORT,4132.749,4117.639,6.044000000000129,294531,2025-11-25 10:00:00,4132.749,SL,-1.0,-6.043999999999869,8
2025-11-25 10:50:00,4130.535,SHORT,4134.5215,4124.555249999999,3.986500000000043,294549,2025-11-25 11:10:00,4134.5215,SL,-1.0,-3.986499999999978,4
2025-11-25 11:15:00,4133.755,SHORT,4137.684071428572,4127.861392857143,3.9290714285715302,294554,2025-11-25 12:15:00,4137.684071428572,SL,-1.0,-3.9290714285716604,12
2025-11-25 13:15:00,4142.195,LONG,4136.5355,4150.684249999999,5.659499999999882,294578,2025-11-25 14:25:00,4136.5355,SL,-1.0,-5.659499999999753,14
2025-11-25 15:20:00,4127.465,SHORT,4135.768285714285,4115.010071428572,8.303285714285655,294603,2025-11-25 16:15:00,4135.768285714285,SL,-1.0,-8.303285714285266,11
2025-11-25 18:05:00,4149.575,LONG,4143.329571428571,4158.943142857142,6.2454285714284845,294636,2025-11-25 18:10:00,4143.329571428571,SL,-1.0,-6.24542857142842,1
2025-11-25 20:15:00,4135.575,SHORT,4139.2892142857145,4130.003678571428,3.714214285714271,294662,2025-11-25 21:00:00,4130.003678571428,TP,1.5,5.571321428571537,9
2025-11-25 21:00:00,4128.145,SHORT,4131.523071428572,4123.0778928571435,3.378071428571405,294671,2025-11-25 21:10:00,4131.523071428572,SL,-1.0,-3.3780714285712747,2
2025-11-25 21:45:00,4130.705,SHORT,4133.239214285714,4126.903678571429,2.53421428571437,294680,2025-11-25 23:00:00,4133.239214285714,SL,-1.0,-2.53421428571437,3
2025-11-25 23:05:00,4132.495,SHORT,4134.852142857143,4128.959285714285,2.357142857142987,294684,2025-11-25 23:15:00,4134.852142857143,SL,-1.0,-2.357142857143117,2
2025-11-26 00:50:00,4138.125,LONG,4135.066928571428,4142.712107142857,3.0580714285714357,294705,2025-11-26 00:55:00,4142.712107142857,TP,1.5,4.587107142857349,1
2025-11-26 01:05:00,4143.498,LONG,4139.724928571428,4149.157607142856,3.7730714285713867,294708,2025-11-26 01:10:00,4139.724928571428,SL,-1.0,-3.7730714285717113,1
2025-11-26 04:30:00,4160.325,LONG,4157.275428571428,4164.899357142856,3.0495714285713285,294749,2025-11-26 05:05:00,4164.899357142856,TP,1.5,4.57435714285657,7
2025-11-26 05:10:00,4166.055,LONG,4163.346642857143,4170.117535714286,2.7083571428570394,294757,2025-11-26 05:30:00,4163.346642857143,SL,-1.0,-2.708357142857494,4
2025-11-26 07:50:00,4157.325,SHORT,4160.609071428571,4152.3988928571425,3.284071428571354,294789,2025-11-26 08:05:00,4160.609071428571,SL,-1.0,-3.284071428571224,3
2025-11-26 09:25:00,4162.445,LONG,4158.156642857142,4168.877535714285,4.288357142857096,294808,2025-11-26 09:45:00,4158.156642857142,SL,-1.0,-4.288357142857421,4
2025-11-26 10:25:00,4163.005,LONG,4160.198071428572,4167.215392857143,2.806928571428606,294820,2025-11-26 10:30:00,4160.198071428572,SL,-1.0,-2.806928571428216,1
2025-11-26 11:00:00,4160.115,LONG,4156.929071428571,4164.893892857143,3.185928571428771,294827,2025-11-26 11:30:00,4164.893892857143,TP,1.5,4.778892857143546,6
2025-11-26 13:45:00,4151.175,SHORT,4156.551428571429,4143.1103571428575,5.3764285714287325,294860,2025-11-26 14:00:00,4156.551428571429,SL,-1.0,-5.3764285714287325,3
2025-11-26 14:40:00,4148.915,SHORT,4155.456071428572,4139.103392857143,6.5410714285713505,294871,2025-11-26 15:00:00,4139.103392857143,TP,1.5,9.811607142856701,4
2025-11-26 18:10:00,4170.885,LONG,4168.341214285714,4174.700678571428,2.5437857142856695,294913,2025-11-26 18:20:00,4168.341214285714,SL,-1.0,-2.5437857142860594,2
2025-11-26 19:15:00,4167.205,LONG,4163.630928571429,4172.566107142858,3.574071428571512,294926,2025-11-26 19:40:00,4163.630928571429,SL,-1.0,-3.5740714285711874,5
2025-11-27 00:05:00,4165.625,LONG,4163.056571428571,4169.477642857143,2.56842857142848,294972,2025-11-27 00:45:00,4163.056571428571,SL,-1.0,-2.56842857142874,8
2025-11-27 00:50:00,4163.055,LONG,4160.765642857144,4166.489035714286,2.2893571428570403,294981,2025-11-27 01:05:00,4160.765642857144,SL,-1.0,-2.2893571428567157,3
2025-11-27 01:10:00,4157.375,SHORT,4159.908857142857,4153.574214285714,2.5338571428570242,294985,2025-11-27 01:15:00,4153.574214285714,TP,1.5,3.8007857142856665,1
2025-11-27 05:25:00,4152.525,SHORT,4155.105,4148.655,2.5799999999997323,295036,2025-11-27 05:40:00,4148.655,TP,1.5,3.869999999999891,3
2025-11-27 11:00:00,4156.015,SHORT,4158.529714285714,4152.242928571429,2.51471428571423,295103,2025-11-27 11:10:00,4158.529714285714,SL,-1.0,-2.514714285714035,2
2025-11-27 11:10:00,4157.465,SHORT,4159.7695,4154.00825,2.3044999999999294,295105,2025-11-27 11:30:00,4159.7695,SL,-1.0,-2.304500000000189,4
2025-11-27 12:15:00,4157.715,LONG,4155.579,4160.919000000001,2.136000000000162,295118,2025-11-27 12:40:00,4155.579,SL,-1.0,-2.136000000000422,5
2025-11-27 13:55:00,4154.705,SHORT,4157.9045,4149.90575,3.199499999999911,295138,2025-11-27 14:05:00,4157.9045,SL,-1.0,-3.1994999999997162,2
2025-11-27 14:40:00,4157.205,LONG,4154.5530714285715,4161.182892857143,2.6519285714286007,295147,2025-11-27 14:50:00,4154.5530714285715,SL,-1.0,-2.6519285714284706,2
2025-11-27 14:55:00,4153.065,SHORT,4155.850714285714,4148.886428571428,2.7857142857142856,295150,2025-11-27 15:00:00,4155.850714285714,SL,-1.0,-2.7857142857146755,1
2025-11-27 15:10:00,4157.138,SHORT,4159.964642857143,4152.8980357142855,2.826642857142815,295153,2025-11-27 15:20:00,4159.964642857143,SL,-1.0,-2.82664285714327,2
2025-11-27 16:10:00,4155.125,LONG,4153.072428571429,4158.203857142857,2.0525714285713548,295165,2025-11-27 16:20:00,4153.072428571429,SL,-1.0,-2.0525714285713548,2
2025-11-27 17:00:00,4155.455,SHORT,4157.585,4152.26,2.129999999999979,295175,2025-11-27 17:35:00,4157.585,SL,-1.0,-2.130000000000109,7
2025-11-27 23:00:00,4159.198,LONG,4158.104428571429,4160.838357142858,1.0935714285712623,295205,2025-11-27 23:05:00,4160.838357142858,TP,1.5,1.6403571428572832,1
2025-11-28 02:45:00,4188.465,LONG,4186.0805,4192.04175,2.3845000000001813,295250,2025-11-28 03:05:00,4186.0805,SL,-1.0,-2.3845000000001164,4
2025-11-28 03:20:00,4186.715,LONG,4183.902642857143,4190.933535714285,2.8123571428571137,295257,2025-11-28 03:40:00,4183.902642857143,SL,-1.0,-2.812357142856854,4
2025-11-28 03:50:00,4184.125,LONG,4181.527928571429,4188.0206071428565,2.5970714285713257,295263,2025-11-28 04:25:00,4181.527928571429,SL,-1.0,-2.5970714285713257,7
2025-11-28 04:30:00,4182.565,LONG,4179.4031428571425,4187.307785714285,3.161857142857116,295271,2025-11-28 04:45:00,4187.307785714285,TP,1.5,4.742785714285674,3
2025-11-28 04:55:00,4188.435,LONG,4185.4052142857145,4192.979678571429,3.029785714285676,295276,2025-11-28 05:00:00,4185.4052142857145,SL,-1.0,-3.0297857142859357,1
2025-11-28 05:25:00,4184.115,LONG,4179.3425,4191.273749999999,4.772499999999842,295282,2025-11-28 07:25:00,4179.3425,SL,-1.0,-4.772500000000036,24
2025-11-28 10:20:00,4169.755,SHORT,4175.043928571428,4161.821607142857,5.288928571428512,295340,2025-11-28 10:30:00,4161.821607142857,TP,1.5,7.93339285714319,2
2025-11-28 10:45:00,4164.575,SHORT,4168.818214285714,4158.2101785714285,4.243214285714203,295345,2025-11-28 10:50:00,4168.818214285714,SL,-1.0,-4.243214285714203,1
2025-11-28 10:50:00,4162.795,SHORT,4167.316928571428,4156.0121071428575,4.521928571428491,295346,2025-11-28 11:00:00,4167.316928571428,SL,-1.0,-4.5219285714283615,2
2025-11-28 13:15:00,4172.855,LONG,4170.184857142856,4176.8602142857135,2.6701428571428942,295375,2025-11-28 13:20:00,4170.184857142856,SL,-1.0,-2.670142857143219,1
2025-11-28 13:25:00,4169.985,LONG,4167.650285714285,4173.487071428571,2.334714285714329,295377,2025-11-28 13:30:00,4173.487071428571,TP,1.5,3.502071428571071,1
2025-11-28 15:20:00,4189.305,LONG,4183.033214285714,4198.712678571429,6.271785714285735,295400,2025-11-28 15:45:00,4198.712678571429,TP,1.5,9.407678571428733,5
2025-11-28 17:15:00,4208.005,LONG,4203.4382857142855,4214.855071428571,4.5667142857142995,295423,2025-11-28 17:50:00,4214.855071428571,TP,1.5,6.850071428571027,7
2025-11-28 19:25:00,4217.425,LONG,4214.272285714286,4222.154071428572,3.15271428571428,295449,2025-11-30 23:00:00,4222.154071428572,TP,1.5,4.729071428571842,4
2025-11-30 23:15:00,4217.115,LONG,4212.0963571428565,4224.642964285715,5.018642857143017,295456,2025-11-30 23:40:00,4224.642964285715,TP,1.5,7.527964285714916,5
2025-12-01 00:10:00,4222.755,LONG,4217.289714285715,4230.952928571429,5.4652857142857885,295467,2025-12-01 00:25:00,4230.952928571429,TP,1.5,8.197928571428747,3
2025-12-01 01:10:00,4228.075,LONG,4221.883714285714,4237.3619285714285,6.191285714285771,295479,2025-12-01 01:25:00,4237.3619285714285,TP,1.5,9.286928571428689,3
2025-12-01 01:35:00,4241.315,LONG,4234.572071428571,4251.429392857142,6.74292857142869,295484,2025-12-01 01:55:00,4251.429392857142,TP,1.5,10.114392857142775,4
2025-12-01 02:40:00,4239.509,LONG,4233.430714285714,4248.626428571429,6.078285714285812,295497,2025-12-01 03:10:00,4233.430714285714,SL,-1.0,-6.078285714285812,6
2025-12-01 03:50:00,4237.525,LONG,4233.243357142857,4243.947464285714,4.2816428571426774,295511,2025-12-01 04:45:00,4243.947464285714,TP,1.5,6.422464285714341,11
2025-12-01 06:15:00,4229.295,SHORT,4235.356642857143,4220.202535714286,6.061642857142813,295540,2025-12-01 06:45:00,4235.356642857143,SL,-1.0,-6.061642857142942,6
2025-12-01 09:55:00,4249.755,LONG,4246.3595000000005,4254.84825,3.3955000000000837,295584,2025-12-01 10:00:00,4254.84825,TP,1.5,5.093249999999898,1
2025-12-01 11:20:00,4252.915,LONG,4249.289714285715,4258.3529285714285,3.6252857142858375,295601,2025-12-01 12:10:00,4249.289714285715,SL,-1.0,-3.6252857142853827,10
2025-12-01 12:15:00,4253.565,LONG,4249.957357142856,4258.9764642857135,3.607642857142829,295612,2025-12-01 12:20:00,4249.957357142856,SL,-1.0,-3.607642857143219,1
2025-12-01 12:30:00,4252.825,LONG,4248.885214285714,4258.734678571428,3.939785714285595,295615,2025-12-01 12:45:00,4248.885214285714,SL,-1.0,-3.93978571428579,3
2025-12-01 14:05:00,4247.705,LONG,4241.939714285714,4256.3529285714285,5.7652857142855805,295634,2025-12-01 14:30:00,4241.939714285714,SL,-1.0,-5.76528571428571,5
2025-12-01 16:30:00,4230.935,SHORT,4238.0895,4220.2032500000005,7.154499999999904,295663,2025-12-01 16:40:00,4238.0895,SL,-1.0,-7.1544999999996435,2
2025-12-01 17:30:00,4235.295,SHORT,4241.524714285714,4225.950428571428,6.229714285714246,295675,2025-12-01 18:25:00,4241.524714285714,SL,-1.0,-6.229714285714181,11
2025-12-01 19:00:00,4240.355,LONG,4236.297142857143,4246.441785714285,4.057857142857107,295693,2025-12-01 19:10:00,4236.297142857143,SL,-1.0,-4.057857142856847,2
2025-12-01 19:15:00,4237.605,LONG,4233.716428571428,4243.437857142857,3.888571428571335,295696,2025-12-01 19:35:00,4243.437857142857,TP,1.5,5.832857142857392,4
2025-12-01 19:50:00,4231.955,SHORT,4236.144214285714,4225.671178571429,4.189214285714245,295703,2025-12-01 19:55:00,4236.144214285714,SL,-1.0,-4.189214285714115,1
2025-12-01 20:35:00,4240.865,LONG,4236.544357142857,4247.345964285714,4.320642857142892,295712,2025-12-01 20:50:00,4236.544357142857,SL,-1.0,-4.320642857142957,3
2025-12-01 21:45:00,4232.245,SHORT,4234.886214285714,4228.283178571429,2.641214285714276,295726,2025-12-01 23:00:00,4228.283178571429,TP,1.5,3.9618214285710565,3
2025-12-02 02:20:00,4218.855,SHORT,4224.106142857142,4210.978285714285,5.251142857142635,295769,2025-12-02 02:50:00,4224.106142857142,SL,-1.0,-5.25114285714244,6
2025-12-02 03:55:00,4216.515,SHORT,4219.666428571429,4211.787857142857,3.151428571428499,295788,2025-12-02 04:00:00,4219.666428571429,SL,-1.0,-3.1514285714283687,1
2025-12-02 07:50:00,4211.305,SHORT,4214.334285714286,4206.761071428572,3.029285714285769,295835,2025-12-02 08:10:00,4214.334285714286,SL,-1.0,-3.029285714285834,4
2025-12-02 08:40:00,4212.255,SHORT,4215.911642857143,4206.770035714286,3.6566428571428724,295845,2025-12-02 09:05:00,4206.770035714286,TP,1.5,5.484964285714341,5
2025-12-02 13:20:00,4207.785,LONG,4203.693785714286,4213.921821428571,4.091214285714289,295901,2025-12-02 13:25:00,4203.693785714286,SL,-1.0,-4.091214285714159,1
2025-12-02 13:45:00,4205.748,LONG,4201.270142857143,4212.464785714285,4.477857142857114,295906,2025-12-02 13:55:00,4212.464785714285,TP,1.5,6.716785714285834,2
2025-12-02 14:45:00,4222.988,LONG,4217.2145,4231.64825,5.77349999999998,295918,2025-12-02 15:00:00,4217.2145,SL,-1.0,-5.77350000000024,3
2025-12-02 18:30:00,4187.375,SHORT,4190.8447857142855,4182.170321428572,3.4697857142857953,295963,2025-12-02 18:55:00,4190.8447857142855,SL,-1.0,-3.4697857142855355,5
2025-12-02 20:10:00,4197.948,LONG,4194.937571428572,4202.463642857143,3.0104285714284873,295983,2025-12-02 20:30:00,4202.463642857143,TP,1.5,4.515642857142666,4
2025-12-02 23:40:00,4208.605,LONG,4205.452499999999,4213.33375,3.1525000000000154,296013,2025-12-02 23:45:00,4213.33375,TP,1.5,4.728750000000218,1
2025-12-03 00:10:00,4209.665,LONG,4205.7485,4215.53975,3.9164999999999446,296019,2025-12-03 00:40:00,4205.7485,SL,-1.0,-3.916500000000269,6
2025-12-03 00:50:00,4207.975,LONG,4204.398571428572,4213.339642857143,3.5764285714286155,296027,2025-12-03 01:00:00,4213.339642857143,TP,1.5,5.364642857142826,2
2025-12-03 02:00:00,4220.905,LONG,4216.658071428571,4227.275392857143,4.246928571428531,296041,2025-12-03 02:30:00,4227.275392857143,TP,1.5,6.370392857143088,6
2025-12-03 03:10:00,4222.535,LONG,4219.1545,4227.60575,3.380500000000016,296055,2025-12-03 04:00:00,4219.1545,SL,-1.0,-3.380500000000211,10
2025-12-03 07:10:00,4205.855,SHORT,4209.190928571428,4200.851107142857,3.335928571428667,296103,2025-12-03 07:30:00,4200.851107142857,TP,1.5,5.003892857143001,4
2025-12-03 08:00:00,4205.715,SHORT,4208.8778571428575,4200.970714285714,3.1628571428571246,296113,2025-12-03 08:40:00,4208.8778571428575,SL,-1.0,-3.1628571428573196,8
2025-12-03 08:50:00,4207.045,SHORT,4209.907071428572,4202.751892857143,2.862071428571458,296123,2025-12-03 09:05:00,4202.751892857143,TP,1.5,4.29310714285748,3
2025-12-03 14:30:00,4239.105,LONG,4231.752142857142,4250.134285714285,7.352857142857374,296191,2025-12-03 14:35:00,4231.752142857142,SL,-1.0,-7.352857142857829,1
2025-12-03 16:20:00,4216.585,LONG,4210.850214285714,4225.187178571428,5.734785714285863,296213,2025-12-03 16:50:00,4210.850214285714,SL,-1.0,-5.734785714285863,6
2025-12-03 17:55:00,4210.795,SHORT,4216.112857142857,4202.818214285715,5.317857142857,296232,2025-12-03 18:10:00,4202.818214285715,TP,1.5,7.976785714285143,3
2025-12-03 19:50:00,4207.755,SHORT,4211.175714285714,4202.623928571428,3.420714285714309,296255,2025-12-03 20:05:00,4211.175714285714,SL,-1.0,-3.4207142857139843,3
2025-12-03 20:10:00,4210.985,SHORT,4213.595714285714,4207.068928571428,2.6107142857143635,296259,2025-12-03 20:45:00,4207.068928571428,TP,1.5,3.9160714285717404,7
2025-12-03 21:05:00,4207.785,SHORT,4210.417928571428,4203.835607142857,2.6329285714284327,296270,2025-12-03 21:50:00,4203.835607142857,TP,1.5,3.9493928571428114,9
2025-12-03 21:55:00,4202.415,SHORT,4204.7845,4198.86075,2.369499999999919,296280,2025-12-03 23:00:00,4204.7845,SL,-1.0,-2.369499999999789,1
2025-12-03 23:10:00,4206.195,SHORT,4208.564071428571,4202.641392857143,2.3690714285713903,296283,2025-12-03 23:20:00,4208.564071428571,SL,-1.0,-2.36907142857126,2
2025-12-03 23:25:00,4206.825,SHORT,4209.117928571428,4203.385607142857,2.292928571428547,296286,2025-12-03 23:50:00,4203.385607142857,TP,1.5,3.439392857142593,5
2025-12-04 00:30:00,4214.575,LONG,4211.920714285714,4218.556428571428,2.654285714285574,296299,2025-12-04 00:50:00,4211.920714285714,SL,-1.0,-2.654285714285834,4
2025-12-04 01:35:00,4214.225,LONG,4210.767428571429,4219.411357142857,3.45757142857136,296312,2025-12-04 01:50:00,4210.767428571429,SL,-1.0,-3.4575714285711,3
2025-12-04 02:05:00,4203.455,LONG,4199.057142857143,4210.051785714285,4.397857142856927,296318,2025-12-04 03:00:00,4199.057142857143,SL,-1.0,-4.397857142856992,11
2025-12-04 04:45:00,4196.705,SHORT,4199.016928571428,4193.237107142857,2.311928571428585,296350,2025-12-04 05:15:00,4193.237107142857,TP,1.5,3.4678928571429424,6
2025-12-04 08:20:00,4193.325,SHORT,4196.705,4188.254999999999,3.3800000000002393,296393,2025-12-04 08:55:00,4188.254999999999,TP,1.5,5.0700000000006185,7
2025-12-04 12:05:00,4197.305,LONG,4193.792428571429,4202.573857142857,3.512571428571586,296438,2025-12-04 12:25:00,4193.792428571429,SL,-1.0,-3.512571428571391,4
2025-12-04 14:45:00,4202.995,LONG,4197.284,4211.5615,5.71099999999985,296470,2025-12-04 15:00:00,4197.284,SL,-1.0,-5.71100000000024,3
2025-12-04 15:25:00,4205.735,LONG,4198.658571428571,4216.3496428571425,7.076428571428551,296478,2025-12-04 16:15:00,4216.3496428571425,TP,1.5,10.614642857142826,10
2025-12-04 16:40:00,4210.695,LONG,4206.108785714286,4217.574321428571,4.586214285714244,296493,2025-12-04 19:05:00,4206.108785714286,SL,-1.0,-4.58621428571405,29
2025-12-04 20:25:00,4207.395,SHORT,4209.9280714285715,4203.595392857143,2.533071428571215,296538,2025-12-04 20:55:00,4209.9280714285715,SL,-1.0,-2.53307142857102,6
2025-12-04 23:20:00,4207.675,SHORT,4209.237785714286,4205.330821428572,1.5627857142857076,296561,2025-12-04 23:25:00,4209.237785714286,SL,-1.0,-1.5627857142853827,1
2025-12-04 23:30:00,4207.345,SHORT,4209.036357142857,4204.807964285715,1.691357142857214,296563,2025-12-04 23:35:00,4204.807964285715,TP,1.5,2.5370357142855937,1
2025-12-05 00:15:00,4207.755,SHORT,4209.978857142857,4204.419214285715,2.2238571428572738,296572,2025-12-05 00:30:00,4204.419214285715,TP,1.5,3.335785714285521,3
2025-12-05 02:00:00,4201.835,SHORT,4205.655,4196.105,3.8200000000000336,296593,2025-12-05 02:45:00,4205.655,SL,-1.0,-3.819999999999709,9
2025-12-05 03:25:00,4203.075,SHORT,4205.940285714286,4198.777071428572,2.865285714285684,296610,2025-12-05 03:40:00,4205.940285714286,SL,-1.0,-2.865285714286074,3
2025-12-05 08:30:00,4224.125,LONG,4221.084714285715,4228.685428571429,3.040285714285801,296671,2025-12-05 08:50:00,4221.084714285715,SL,-1.0,-3.0402857142853463,4
2025-12-05 09:30:00,4221.265,LONG,4218.485214285714,4225.434678571429,2.779785714285611,296683,2025-12-05 10:00:00,4225.434678571429,TP,1.5,4.169678571428449,6
2025-12-05 11:10:00,4223.865,LONG,4221.688071428572,4227.130392857142,2.1769285714284967,296703,2025-12-05 11:25:00,4221.688071428572,SL,-1.0,-2.176928571428107,3
2025-12-05 11:55:00,4223.525,LONG,4221.339714285714,4226.802928571428,2.185285714285718,296712,2025-12-05 12:05:00,4226.802928571428,TP,1.5,3.2779285714286743,2
2025-12-05 12:15:00,4227.225,LONG,4224.643071428572,4231.097892857143,2.5819285714285667,296716,2025-12-05 12:20:00,4224.643071428572,SL,-1.0,-2.5819285714287616,1
2025-12-05 12:50:00,4226.495,LONG,4223.922642857143,4230.3535357142855,2.572357142857137,296723,2025-12-05 13:00:00,4230.3535357142855,TP,1.5,3.8585357142856083,2
2025-12-05 14:35:00,4232.565,LONG,4228.175428571429,4239.149357142856,4.389571428571344,296744,2025-12-05 14:45:00,4239.149357142856,TP,1.5,6.584357142856788,2
2025-12-05 15:10:00,4239.645,LONG,4234.926928571429,4246.722107142858,4.71807142857142,296751,2025-12-05 15:20:00,4246.722107142858,TP,1.5,7.07710714285713,2
2025-12-07 23:55:00,4200.665,SHORT,4204.082142857143,4195.539285714286,3.4171428571428026,296841,2025-12-08 00:05:00,4204.082142857143,SL,-1.0,-3.4171428571426077,2
2025-12-08 00:15:00,4204.275,SHORT,4208.102857142857,4198.533214285714,3.8278571428570882,296845,2025-12-08 00:35:00,4208.102857142857,SL,-1.0,-3.827857142857283,4
2025-12-08 02:00:00,4200.115,SHORT,4204.5232857142855,4193.502571428571,4.408285714285479,296866,2025-12-08 02:30:00,4204.5232857142855,SL,-1.0,-4.408285714285739,6
2025-12-08 03:55:00,4209.915,LONG,4207.272642857143,4213.878535714285,2.6423571428569113,296889,2025-12-08 04:55:00,4207.272642857143,SL,-1.0,-2.642357142856781,12
2025-12-08 05:40:00,4214.585,LONG,4211.912357142857,4218.593964285714,2.672642857142754,296910,2025-12-08 06:30:00,4218.593964285714,TP,1.5,4.008964285713773,10
2025-12-08 07:05:00,4215.725,LONG,4212.767142857143,4220.161785714286,2.9578571428573275,296927,2025-12-08 07:15:00,4212.767142857143,SL,-1.0,-2.9578571428573923,2
2025-12-08 07:15:00,4214.805,LONG,4212.0878571428575,4218.880714285715,2.7171428571429845,296929,2025-12-08 07:35:00,4212.0878571428575,SL,-1.0,-2.7171428571427896,4
2025-12-08 08:55:00,4209.595,SHORT,4213.160714285715,4204.246428571429,3.565714285714226,296949,2025-12-08 09:05:00,4204.246428571429,TP,1.5,5.348571428571631,2
2025-12-08 09:30:00,4209.115,SHORT,4212.427142857143,4204.146785714286,3.3121428571427196,296956,2025-12-08 09:50:00,4212.427142857143,SL,-1.0,-3.3121428571430442,4
2025-12-08 10:10:00,4209.155,SHORT,4212.1531428571425,4204.657785714286,2.9981428571428035,296964,2025-12-08 10:30:00,4204.657785714286,TP,1.5,4.497214285714108,4
2025-12-08 10:40:00,4206.205,SHORT,4209.2,4201.7125,2.995000000000021,296970,2025-12-08 11:00:00,4201.7125,TP,1.5,4.492500000000291,4
2025-12-08 13:25:00,4202.805,SHORT,4206.403071428572,4197.407892857143,3.5980714285713344,297003,2025-12-08 14:00:00,4197.407892857143,TP,1.5,5.397107142856839,7
2025-12-08 14:50:00,4201.565,SHORT,4206.741142857142,4193.800785714285,5.176142857142947,297020,2025-12-08 14:55:00,4206.741142857142,SL,-1.0,-5.176142857142622,1
2025-12-08 14:55:00,4196.305,SHORT,4202.308071428572,4187.300392857143,6.003071428571469,297021,2025-12-08 15:00:00,4187.300392857143,TP,1.5,9.004607142856912,1
2025-12-08 15:10:00,4178.015,SHORT,4184.763357142858,4167.892464285715,6.748357142857133,297024,2025-12-08 15:15:00,4184.763357142858,SL,-1.0,-6.748357142857458,1
2025-12-08 17:30:00,4191.265,SHORT,4194.987142857143,4185.681785714286,3.7221428571428987,297052,2025-12-08 17:55:00,4194.987142857143,SL,-1.0,-3.7221428571428987,5
2025-12-08 18:00:00,4192.035,SHORT,4195.465714285714,4186.888928571429,3.4307142857142674,297058,2025-12-08 18:30:00,4186.888928571429,TP,1.5,5.146071428571304,6
2025-12-08 18:50:00,4189.365,SHORT,4192.147857142857,4185.190714285714,2.7828571428572104,297068,2025-12-08 18:55:00,4185.190714285714,TP,1.5,4.174285714285361,1
2025-12-08 19:40:00,4186.905,SHORT,4189.754285714285,4182.631071428571,2.8492857142859327,297078,2025-12-08 20:05:00,4189.754285714285,SL,-1.0,-2.849285714285543,5
2025-12-08 20:10:00,4188.395,SHORT,4190.916928571429,4184.612107142857,2.5219285714287514,297084,2025-12-08 20:20:00,4190.916928571429,SL,-1.0,-2.5219285714283615,2
2025-12-08 20:20:00,4188.885,SHORT,4191.469785714286,4185.007821428571,2.584785714285837,297086,2025-12-08 20:30:00,4191.469785714286,SL,-1.0,-2.5847857142862267,2
2025-12-08 21:45:00,4188.775,SHORT,4190.298214285714,4186.490178571428,1.5232142857141429,297103,2025-12-08 21:55:00,4190.298214285714,SL,-1.0,-1.523214285713948,2
2025-12-09 01:00:00,4194.475,LONG,4192.243571428572,4197.822142857143,2.231428571428491,297130,2025-12-09 02:10:00,4192.243571428572,SL,-1.0,-2.231428571428296,14
2025-12-09 06:50:00,4181.475,SHORT,4184.788071428572,4176.505392857143,3.313071428571415,297200,2025-12-09 07:05:00,4184.788071428572,SL,-1.0,-3.313071428571675,3
2025-12-09 07:10:00,4182.595,SHORT,4185.817142857143,4177.761785714286,3.2221428571427686,297204,2025-12-09 07:20:00,4177.761785714286,TP,1.5,4.833214285714348,2
2025-12-09 07:45:00,4179.215,SHORT,4181.841214285714,4175.275678571429,2.6262142857142083,297211,2025-12-09 07:50:00,4181.841214285714,SL,-1.0,-2.6262142857140134,1
2025-12-09 10:40:00,4203.495,LONG,4200.483285714286,4208.012571428571,3.0117142857142687,297246,2025-12-09 12:15:00,4200.483285714286,SL,-1.0,-3.0117142857143335,19
2025-12-09 12:35:00,4202.625,LONG,4200.254,4206.1815,2.3709999999999645,297269,2025-12-09 12:50:00,4206.1815,TP,1.5,3.556499999999687,3
2025-12-09 12:50:00,4206.755,LONG,4204.218785714286,4210.559321428572,2.5362142857142578,297272,2025-12-09 12:55:00,4204.218785714286,SL,-1.0,-2.536214285713868,1
2025-12-09 13:15:00,4206.158,LONG,4202.849857142857,4211.120214285715,3.308142857142944,297277,2025-12-09 13:20:00,4202.849857142857,SL,-1.0,-3.308142857143139,1
2025-12-09 13:40:00,4200.515,LONG,4196.310642857143,4206.821535714286,4.204357142857264,297282,2025-12-09 14:05:00,4196.310642857143,SL,-1.0,-4.204357142857589,5
2025-12-09 16:10:00,4218.255,LONG,4211.952357142857,4227.7089642857145,6.302642857142668,297312,2025-12-09 16:15:00,4211.952357142857,SL,-1.0,-6.302642857142928,1
2025-12-09 17:00:00,4214.025,LONG,4208.219928571429,4222.732607142857,5.805071428571409,297322,2025-12-09 17:15:00,4208.219928571429,SL,-1.0,-5.805071428570955,3
2025-12-09 17:20:00,4210.105,LONG,4205.605642857143,4216.854035714286,4.499357142857077,297326,2025-12-09 17:25:00,4205.605642857143,SL,-1.0,-4.499357142856752,1
2025-12-09 19:05:00,4211.515,LONG,4208.7955,4215.59425,2.7195000000000227,297347,2025-12-09 19:20:00,4208.7955,SL,-1.0,-2.719500000000153,3
2025-12-09 19:30:00,4209.985,LONG,4207.409285714285,4213.848571428572,2.575714285714444,297352,2025-12-09 19:45:00,4207.409285714285,SL,-1.0,-2.575714285714639,3
2025-12-09 19:50:00,4213.135,LONG,4210.560214285714,4216.997178571429,2.5747857142858783,297356,2025-12-09 20:20:00,4210.560214285714,SL,-1.0,-2.5747857142860084,6
2025-12-09 20:25:00,4210.535,LONG,4207.968,4214.3855,2.5670000000001374,297363,2025-12-09 21:55:00,4207.968,SL,-1.0,-2.5670000000000073,18
2025-12-09 23:30:00,4210.465,LONG,4208.608285714286,4213.250071428572,1.8567142857141985,297388,2025-12-10 00:05:00,4208.608285714286,SL,-1.0,-1.8567142857145882,7
2025-12-10 02:00:00,4215.545,LONG,4212.310214285714,4220.397178571428,3.234785714285668,297418,2025-12-10 02:20:00,4212.310214285714,SL,-1.0,-3.234785714285863,4
2025-12-10 03:20:00,4209.948,LONG,4207.426571428572,4213.730142857143,2.5214285714285194,297434,2025-12-10 03:30:00,4207.426571428572,SL,-1.0,-2.5214285714282596,2
2025-12-10 06:20:00,4204.785,SHORT,4207.581714285714,4200.589928571429,2.796714285714448,297470,2025-12-10 07:00:00,4207.581714285714,SL,-1.0,-2.796714285714188,8
2025-12-10 07:05:00,4207.298,SHORT,4210.009,4203.2315,2.711000000000045,297479,2025-12-10 07:55:00,4203.2315,TP,1.5,4.066499999999905,10
2025-12-10 13:10:00,4195.845,SHORT,4198.427142857143,4191.971785714286,2.5821428571427663,297552,2025-12-10 13:15:00,4198.427142857143,SL,-1.0,-2.5821428571425713,1
2025-12-10 13:15:00,4194.195,SHORT,4196.94,4190.0775,2.744999999999826,297553,2025-12-10 13:20:00,4196.94,SL,-1.0,-2.744999999999891,1
2025-12-10 13:35:00,4197.525,SHORT,4200.597142857143,4192.916785714286,3.0721428571428078,297557,2025-12-10 13:40:00,4200.597142857143,SL,-1.0,-3.0721428571432625,1
2025-12-10 15:05:00,4197.215,SHORT,4202.334285714286,4189.536071428572,5.119285714285719,297575,2025-12-10 15:15:00,4189.536071428572,TP,1.5,7.678928571428514,2
2025-12-10 15:35:00,4195.529,SHORT,4200.770214285715,4187.667178571429,5.241214285714315,297581,2025-12-10 16:25:00,4200.770214285715,SL,-1.0,-5.241214285714705,10
2025-12-10 17:15:00,4201.765,LONG,4198.859928571429,4206.122607142857,2.9050714285713832,297601,2025-12-10 17:35:00,4198.859928571429,SL,-1.0,-2.9050714285713184,4
2025-12-10 17:35:00,4200.418,LONG,4197.7305,4204.44925,2.687499999999935,297605,2025-12-10 17:45:00,4197.7305,SL,-1.0,-2.6875,2
2025-12-10 17:50:00,4200.705,LONG,4197.999142857143,4204.763785714285,2.7058571428570497,297608,2025-12-10 18:15:00,4197.999142857143,SL,-1.0,-2.705857142856985,5
2025-12-10 21:10:00,4227.935,LONG,4221.326,4237.8485,6.609000000000053,297648,2025-12-11 00:10:00,4237.8485,TP,1.5,9.913499999999658,24
2025-12-11 01:00:00,4244.265,LONG,4240.2655,4250.26425,3.999500000000093,297682,2025-12-11 01:10:00,4240.2655,SL,-1.0,-3.999499999999898,2
2025-12-11 01:40:00,4237.895,LONG,4233.961928571429,4243.794607142858,3.9330714285715658,297690,2025-12-11 02:10:00,4233.961928571429,SL,-1.0,-3.9330714285715658,6
2025-12-11 05:15:00,4211.555,SHORT,4214.363571428572,4207.342142857143,2.808571428571408,297733,2025-12-11 05:35:00,4207.342142857143,TP,1.5,4.2128571428575015,4
2025-12-11 06:15:00,4208.275,SHORT,4211.713142857143,4203.117785714286,3.438142857142858,297745,2025-12-11 06:25:00,4211.713142857143,SL,-1.0,-3.438142857143248,2
2025-12-11 06:30:00,4213.305,SHORT,4217.013857142857,4207.741714285715,3.7088571428570765,297748,2025-12-11 07:40:00,4217.013857142857,SL,-1.0,-3.7088571428566866,14
2025-12-11 07:45:00,4216.905,SHORT,4219.629285714285,4212.818571428571,2.7242857142857377,297763,2025-12-11 08:00:00,4212.818571428571,TP,1.5,4.086428571428769,3
2025-12-11 10:40:00,4214.858,LONG,4211.595357142857,4219.751964285714,3.2626428571427044,297798,2025-12-11 11:35:00,4211.595357142857,SL,-1.0,-3.262642857142964,11
2025-12-11 13:15:00,4209.145,SHORT,4212.449785714286,4204.187821428572,3.304785714285767,297829,2025-12-11 13:25:00,4212.449785714286,SL,-1.0,-3.304785714285572,2
2025-12-11 19:00:00,4270.625,LONG,4265.938071428572,4277.655392857143,4.686928571428585,297898,2025-12-11 19:05:00,4265.938071428572,SL,-1.0,-4.686928571428325,1
2025-12-11 19:15:00,4272.785,LONG,4267.558571428572,4280.624642857143,5.226428571428512,297901,2025-12-11 20:05:00,4267.558571428572,SL,-1.0,-5.226428571428187,10
2025-12-11 20:10:00,4269.615,LONG,4265.496428571429,4275.7928571428565,4.118571428571419,297912,2025-12-11 20:20:00,4265.496428571429,SL,-1.0,-4.118571428571158,2
2025-12-11 21:15:00,4274.775,LONG,4271.764785714286,4279.290321428571,3.0102142857142877,297925,2025-12-11 21:25:00,4279.290321428571,TP,1.5,4.515321428571042,2
2025-12-11 23:50:00,4277.298,LONG,4274.226071428571,4281.905892857142,3.0719285714284785,297944,2025-12-11 23:55:00,4274.226071428571,SL,-1.0,-3.0719285714285434,1
2025-12-12 02:00:00,4270.465,SHORT,4274.92,4263.7825,4.455000000000057,297970,2025-12-12 02:10:00,4274.92,SL,-1.0,-4.454999999999927,2
2025-12-12 02:15:00,4274.785,SHORT,4278.896428571428,4268.617857142857,4.1114285714286,297973,2025-12-12 03:20:00,4268.617857142857,TP,1.5,6.167142857142608,13
2025-12-12 03:30:00,4269.525,SHORT,4272.621714285714,4264.8799285714285,3.09671428571424,297988,2025-12-12 03:45:00,4272.621714285714,SL,-1.0,-3.09671428571437,3
2025-12-12 03:55:00,4270.425,SHORT,4272.973642857143,4266.602035714286,2.5486428571428923,297993,2025-12-12 04:15:00,4266.602035714286,TP,1.5,3.822964285714079,4
2025-12-12 12:15:00,4333.705,LONG,4330.006857142857,4339.252214285714,3.6981428571428165,298093,2025-12-12 12:30:00,4330.006857142857,SL,-1.0,-3.6981428571425567,3
2025-12-12 13:50:00,4337.445,LONG,4332.147642857142,4345.391035714285,5.297357142857111,298112,2025-12-12 14:25:00,4345.391035714285,TP,1.5,7.9460357142852445,7
2025-12-12 14:35:00,4341.975,LONG,4335.873642857143,4351.127035714286,6.1013571428570685,298121,2025-12-12 14:55:00,4351.127035714286,TP,1.5,9.152035714285375,4
2025-12-12 17:25:00,4282.025,SHORT,4292.856928571428,4265.777107142857,10.831928571428632,298155,2025-12-12 17:40:00,4292.856928571428,SL,-1.0,-10.831928571428762,3
2025-12-12 17:55:00,4294.075,SHORT,4301.498357142857,4282.939964285714,7.423357142857185,298161,2025-12-12 18:10:00,4301.498357142857,SL,-1.0,-7.42335714285673,3
2025-12-12 18:45:00,4291.565,SHORT,4296.560214285714,4284.072178571428,4.99521428571435,298171,2025-12-12 18:55:00,4296.560214285714,SL,-1.0,-4.99521428571461,2
2025-12-12 19:05:00,4290.545,SHORT,4295.732142857143,4282.7642857142855,5.18714285714285,298175,2025-12-12 19:15:00,4295.732142857143,SL,-1.0,-5.187142857143044,2
2025-12-12 19:25:00,4295.975,SHORT,4301.149071428572,4288.213892857143,5.174071428571357,298179,2025-12-12 20:05:00,4301.149071428572,SL,-1.0,-5.174071428571551,8
2025-12-14 23:00:00,4302.705,LONG,4299.558642857143,4307.424535714285,3.1463571428570765,298210,2025-12-14 23:35:00,4307.424535714285,TP,1.5,4.719535714285485,7
2025-12-15 00:50:00,4305.415,LONG,4301.944571428571,4310.620642857143,3.4704285714286534,298232,2025-12-15 01:00:00,4310.620642857143,TP,1.5,5.205642857143175,2
2025-12-15 03:25:00,4323.645,LONG,4320.072142857143,4329.004285714286,3.572857142856979,298263,2025-12-15 04:05:00,4329.004285714286,TP,1.5,5.359285714285761,8
2025-12-15 04:35:00,4324.865,LONG,4322.3835714285715,4328.587142857143,2.4814285714285558,298277,2025-12-15 05:20:00,4328.587142857143,TP,1.5,3.7221428571428987,9
2025-12-15 07:10:00,4342.245,LONG,4339.6585,4346.12475,2.586500000000147,298308,2025-12-15 07:35:00,4339.6585,SL,-1.0,-2.586500000000342,5
2025-12-15 08:00:00,4340.485,LONG,4337.3735,4345.15225,3.111500000000043,298318,2025-12-15 08:25:00,4345.15225,TP,1.5,4.667250000000422,5
2025-12-15 09:10:00,4348.755,LONG,4345.942357142857,4352.973964285715,2.812642857143146,298332,2025-12-15 09:20:00,4345.942357142857,SL,-1.0,-2.812642857143146,2
2025-12-15 10:00:00,4343.385,LONG,4340.366357142857,4347.912964285714,3.0186428571428223,298342,2025-12-15 10:25:00,4347.912964285714,TP,1.5,4.527964285714006,5
2025-12-15 10:35:00,4340.225,LONG,4337.22,4344.7325,3.0049999999998493,298349,2025-12-15 11:00:00,4337.22,SL,-1.0,-3.005000000000109,5
2025-12-15 11:30:00,4340.555,SHORT,4343.562285714286,4336.044071428572,3.0072857142855747,298360,2025-12-15 12:00:00,4343.562285714286,SL,-1.0,-3.0072857142858993,6
2025-12-15 12:50:00,4345.905,LONG,4343.633285714285,4349.312571428571,2.271714285714162,298376,2025-12-15 12:55:00,4343.633285714285,SL,-1.0,-2.271714285714552,1
2025-12-15 14:05:00,4330.558,SHORT,4335.966857142857,4322.444714285714,5.4088571428572845,298391,2025-12-15 14:25:00,4322.444714285714,TP,1.5,8.113285714285666,4
2025-12-15 16:10:00,4303.185,SHORT,4311.412571428572,4290.843642857143,8.227571428571277,298416,2025-12-15 16:30:00,4290.843642857143,TP,1.5,12.341357142857305,4
2025-12-15 17:30:00,4300.695,SHORT,4306.304499999999,4292.28075,5.609499999999831,298432,2025-12-15 17:45:00,4306.304499999999,SL,-1.0,-5.609499999999571,3
2025-12-15 19:35:00,4309.985,SHORT,4313.378428571428,4304.894857142857,3.393428571428493,298457,2025-12-15 19:45:00,4313.378428571428,SL,-1.0,-3.393428571428558,2
2025-12-15 23:25:00,4307.195,SHORT,4309.261571428571,4304.0951428571425,2.0665714285713483,298491,2025-12-15 23:55:00,4304.0951428571425,TP,1.5,3.0998571428572177,6
2025-12-16 00:00:00,4302.985,SHORT,4305.381142857143,4299.390785714286,2.396142857142812,298498,2025-12-16 00:05:00,4305.381142857143,SL,-1.0,-2.396142857142877,1
2025-12-16 00:10:00,4307.185,SHORT,4309.594285714286,4303.571071428572,2.4092857142856183,298500,2025-12-16 00:25:00,4309.594285714286,SL,-1.0,-2.409285714285943,3
2025-12-16 01:05:00,4304.445,LONG,4301.033357142857,4309.562464285714,3.4116428571427866,298511,2025-12-16 01:25:00,4309.562464285714,TP,1.5,5.11746428571405,4
2025-12-16 02:00:00,4310.755,LONG,4306.283785714286,4317.461821428571,4.471214285714203,298522,2025-12-16 02:35:00,4306.283785714286,SL,-1.0,-4.471214285714268,7
2025-12-16 02:40:00,4309.165,LONG,4305.357857142857,4314.875714285714,3.807142857142805,298530,2025-12-16 02:45:00,4305.357857142857,SL,-1.0,-3.807142857142935,1
2025-12-16 04:45:00,4289.275,SHORT,4291.918357142857,4285.309964285714,2.64335714285718,298555,2025-12-16 05:05:00,4291.918357142857,SL,-1.0,-2.643357142856985,4
2025-12-16 07:00:00,4289.025,SHORT,4292.2078571428565,4284.250714285714,3.1828571428571064,298582,2025-12-16 07:15:00,4284.250714285714,TP,1.5,4.774285714285725,3
2025-12-16 07:40:00,4283.965,SHORT,4287.510714285714,4278.646428571429,3.5457142857141144,298590,2025-12-16 07:55:00,4287.510714285714,SL,-1.0,-3.5457142857139843,3
2025-12-16 08:50:00,4284.655,SHORT,4288.5783571428565,4278.769964285714,3.92335714285712,298604,2025-12-16 09:45:00,4278.769964285714,TP,1.5,5.88503571428555,11
2025-12-16 10:05:00,4277.985,SHORT,4281.278214285714,4273.045178571429,3.2932142857142543,298619,2025-12-16 10:20:00,4281.278214285714,SL,-1.0,-3.2932142857143845,3
2025-12-16 10:25:00,4277.545,SHORT,4280.800357142857,4272.661964285714,3.255357142857195,298623,2025-12-16 10:45:00,4280.800357142857,SL,-1.0,-3.255357142857065,4
2025-12-16 10:50:00,4275.905,SHORT,4279.5805,4270.39175,3.6755000000001536,298628,2025-12-16 12:00:00,4279.5805,SL,-1.0,-3.6755000000002838,14
2025-12-16 12:20:00,4291.525,LONG,4288.3557142857135,4296.278928571429,3.1692857142859014,298646,2025-12-16 12:35:00,4288.3557142857135,SL,-1.0,-3.1692857142861612,3
2025-12-16 15:45:00,4328.055,LONG,4320.068071428572,4340.035392857143,7.986928571428572,298687,2025-12-16 15:55:00,4320.068071428572,SL,-1.0,-7.986928571428507,2
2025-12-17 01:40:00,4322.905,LONG,4319.576714285714,4327.8974285714285,3.328285714285747,298794,2025-12-17 02:05:00,4319.576714285714,SL,-1.0,-3.328285714285812,5
2025-12-17 02:35:00,4319.435,LONG,4315.198071428572,4325.790392857143,4.236928571428637,298805,2025-12-17 02:45:00,4315.198071428572,SL,-1.0,-4.236928571428507,2
2025-12-17 02:55:00,4314.048,LONG,4309.949428571428,4320.195857142857,4.098571428571371,298809,2025-12-17 03:30:00,4320.195857142857,TP,1.5,6.147857142856992,7
2025-12-17 04:35:00,4326.665,LONG,4323.808142857143,4330.950285714286,2.8568571428571494,298829,2025-12-17 04:55:00,4330.950285714286,TP,1.5,4.285285714286147,4
2025-12-17 06:55:00,4328.515,LONG,4325.096714285714,4333.642428571428,3.418285714285633,298857,2025-12-17 07:00:00,4325.096714285714,SL,-1.0,-3.4182857142859575,1
2025-12-17 08:50:00,4317.665,SHORT,4321.8361428571425,4311.408285714286,4.171142857142838,298880,2025-12-17 09:00:00,4321.8361428571425,SL,-1.0,-4.171142857142513,2
2025-12-17 09:40:00,4318.825,SHORT,4322.102142857143,4313.909285714285,3.277142857142995,298890,2025-12-17 10:30:00,4313.909285714285,TP,1.5,4.915714285714785,10
2025-12-17 12:05:00,4315.765,SHORT,4318.1605,4312.17175,2.3954999999998887,298919,2025-12-17 12:15:00,4318.1605,SL,-1.0,-2.395499999999629,2
2025-12-17 12:20:00,4320.465,SHORT,4323.192357142857,4316.3739642857145,2.7273571428570125,298922,2025-12-17 12:35:00,4316.3739642857145,TP,1.5,4.091035714285681,3
2025-12-17 12:45:00,4316.705,SHORT,4319.174214285714,4313.001178571429,2.469214285714185,298927,2025-12-17 13:00:00,4319.174214285714,SL,-1.0,-2.4692142857138606,3
2025-12-17 13:15:00,4328.745,LONG,4325.1867142857145,4334.082428571429,3.5582857142857,298933,2025-12-17 13:30:00,4334.082428571429,TP,1.5,5.337428571428973,3
2025-12-17 14:20:00,4327.005,LONG,4320.738857142857,4336.404214285714,6.266142857142768,298946,2025-12-17 14:30:00,4336.404214285714,TP,1.5,9.399214285714152,2
2025-12-17 15:25:00,4343.395,LONG,4335.551071428572,4355.160892857143,7.8439285714286076,298959,2025-12-17 15:35:00,4335.551071428572,SL,-1.0,-7.843928571428478,2
2025-12-17 15:45:00,4335.165,LONG,4326.667714285714,4347.9109285714285,8.497285714285681,298963,2025-12-17 15:50:00,4326.667714285714,SL,-1.0,-8.497285714285681,1
2025-12-17 18:50:00,4332.935,LONG,4328.3985,4339.739750000001,4.536500000000095,299000,2025-12-17 19:25:00,4339.739750000001,TP,1.5,6.80475000000024,7
2025-12-17 19:35:00,4338.765,LONG,4334.814785714286,4344.690321428572,3.9502142857143423,299009,2025-12-17 19:40:00,4334.814785714286,SL,-1.0,-3.9502142857145373,1
2025-12-17 20:05:00,4336.575,LONG,4333.379142857143,4341.368785714286,3.195857142857091,299015,2025-12-17 20:15:00,4341.368785714286,TP,1.5,4.793785714286059,2
2025-12-18 02:05:00,4332.185,SHORT,4335.795,4326.77,3.6100000000000625,299075,2025-12-18 02:15:00,4335.795,SL,-1.0,-3.6099999999996726,2
2025-12-18 03:40:00,4332.035,SHORT,4334.719999999999,4328.0075,2.6849999999999454,299094,2025-12-18 05:00:00,4334.719999999999,SL,-1.0,-2.6849999999994907,16
2025-12-18 07:00:00,4334.505,LONG,4332.1849999999995,4337.985000000001,2.3200000000001637,299134,2025-12-18 07:05:00,4332.1849999999995,SL,-1.0,-2.3200000000006185,1
2025-12-18 07:20:00,4331.825,SHORT,4334.1728571428575,4328.303214285714,2.34785714285733,299138,2025-12-18 07:25:00,4334.1728571428575,SL,-1.0,-2.3478571428577197,1
2025-12-18 07:55:00,4331.205,SHORT,4333.661642857142,4327.520035714286,2.4566428571428593,299145,2025-12-18 08:00:00,4327.520035714286,TP,1.5,3.684964285714159,1
2025-12-18 11:35:00,4325.205,SHORT,4327.255,4322.13,2.049999999999987,299189,2025-12-18 12:05:00,4322.13,TP,1.5,3.074999999999818,6
2025-12-18 15:20:00,4331.995,LONG,4323.930928571429,4344.091107142857,8.064071428571294,299234,2025-12-18 16:00:00,4344.091107142857,TP,1.5,12.096107142857363,8
2025-12-18 18:25:00,4331.985,SHORT,4338.262142857143,4322.569285714286,6.2771428571428,299271,2025-12-18 18:35:00,4338.262142857143,SL,-1.0,-6.27714285714319,2
2025-12-18 18:50:00,4326.905,SHORT,4332.483571428571,4318.5371428571425,5.578571428571455,299276,2025-12-18 19:10:00,4332.483571428571,SL,-1.0,-5.578571428571195,4
2025-12-18 19:40:00,4329.335,SHORT,4334.153571428572,4322.107142857143,4.818571428571496,299286,2025-12-18 20:05:00,4334.153571428572,SL,-1.0,-4.818571428571886,5
2025-12-18 20:15:00,4330.105,SHORT,4334.707357142857,4323.201464285714,4.602357142857272,299293,2025-12-18 20:30:00,4334.707357142857,SL,-1.0,-4.602357142857727,3
2025-12-18 21:20:00,4332.015,SHORT,4334.866642857143,4327.737535714286,2.851642857142841,299306,2025-12-18 23:00:00,4334.866642857143,SL,-1.0,-2.851642857142906,8
2025-12-18 23:10:00,4334.298,SHORT,4336.252928571428,4331.365607142857,1.9549285714285491,299316,2025-12-18 23:50:00,4336.252928571428,SL,-1.0,-1.9549285714283542,8
2025-12-18 23:50:00,4336.455,LONG,4334.377214285714,4339.5716785714285,2.07778571428558,299324,2025-12-18 23:55:00,4334.377214285714,SL,-1.0,-2.07778571428571,1
2025-12-19 02:30:00,4323.525,SHORT,4327.715928571428,4317.238607142856,4.190928571428556,299356,2025-12-19 02:40:00,4317.238607142856,TP,1.5,6.286392857143255,2
2025-12-19 03:35:00,4318.605,SHORT,4322.521428571428,4312.730357142857,3.9164285714283715,299369,2025-12-19 04:55:00,4322.521428571428,SL,-1.0,-3.916428571428696,16
2025-12-19 05:40:00,4324.925,SHORT,4327.430214285714,4321.167178571429,2.5052142857142434,299394,2025-12-19 05:45:00,4327.430214285714,SL,-1.0,-2.505214285713919,1
2025-12-19 06:45:00,4324.235,LONG,4321.680428571428,4328.066857142857,2.5545714285713723,299407,2025-12-19 07:10:00,4328.066857142857,TP,1.5,3.8318571428571886,5
2025-12-19 07:20:00,4325.265,LONG,4322.577357142858,4329.296464285714,2.6876428571426914,299414,2025-12-19 07:30:00,4329.296464285714,TP,1.5,4.03146428571381,2
2025-12-19 09:20:00,4327.625,LONG,4325.253071428571,4331.182892857143,2.3719285714286604,299438,2025-12-19 09:45:00,4331.182892857143,TP,1.5,3.557892857143088,5
2025-12-19 10:05:00,4330.275,LONG,4327.9195,4333.80825,2.355500000000055,299447,2025-12-19 10:15:00,4327.9195,SL,-1.0,-2.3554999999996653,2
2025-12-19 10:20:00,4329.735,LONG,4327.2744999999995,4333.425749999999,2.460500000000008,299450,2025-12-19 10:25:00,4327.2744999999995,SL,-1.0,-2.4605000000001382,1
2025-12-19 10:40:00,4327.075,LONG,4324.141857142857,4331.474714285714,2.933142857142944,299454,2025-12-19 12:05:00,4324.141857142857,SL,-1.0,-2.933142857143139,17
2025-12-19 12:40:00,4325.655,SHORT,4328.377142857143,4321.571785714285,2.7221428571427038,299478,2025-12-19 13:00:00,4328.377142857143,SL,-1.0,-2.7221428571428987,4
2025-12-19 18:45:00,4345.815,LONG,4342.483785714286,4350.811821428571,3.3312142857142653,299551,2025-12-19 20:05:00,4342.483785714286,SL,-1.0,-3.3312142857139406,16
2025-12-22 06:05:00,4400.995,LONG,4396.527642857142,4407.696035714285,4.467357142857119,299675,2025-12-22 06:40:00,4407.696035714285,TP,1.5,6.701035714285354,7
2025-12-22 08:25:00,4413.105,LONG,4409.741714285714,4418.149928571428,3.3632857142856016,299703,2025-12-22 08:30:00,4409.741714285714,SL,-1.0,-3.3632857142856665,1
2025-12-22 10:15:00,4413.935,LONG,4411.81,4417.1225,2.124999999999935,299725,2025-12-22 10:20:00,4411.81,SL,-1.0,-2.125,1
2025-12-22 10:50:00,4410.975,LONG,4408.699071428572,4414.388892857143,2.275928571428657,299732,2025-12-22 10:55:00,4408.699071428572,SL,-1.0,-2.275928571428267,1
2025-12-22 11:05:00,4409.145,LONG,4406.763571428572,4412.717142857144,2.3814285714287116,299735,2025-12-22 12:00:00,4412.717142857144,TP,1.5,3.5721428571432625,11
2025-12-22 12:15:00,4409.605,LONG,4406.984785714285,4413.5353214285715,2.620214285714415,299749,2025-12-22 12:50:00,4413.5353214285715,TP,1.5,3.930321428571915,7
2025-12-22 14:40:00,4422.725,LONG,4417.620285714286,4430.382071428572,5.104714285714441,299778,2025-12-22 14:55:00,4417.620285714286,SL,-1.0,-5.104714285714181,3
2025-12-22 17:35:00,4436.645,LONG,4432.445500000001,4442.9442500000005,4.199500000000106,299813,2025-12-22 18:40:00,4432.445500000001,SL,-1.0,-4.199499999999716,13
2025-12-22 18:50:00,4434.265,LONG,4431.382214285714,4438.589178571428,2.8827857142856765,299828,2025-12-22 19:05:00,4431.382214285714,SL,-1.0,-2.882785714286001,3
2025-12-22 19:45:00,4432.615,LONG,4429.963857142857,4436.591714285714,2.651142857142921,299839,2025-12-22 20:05:00,4436.591714285714,TP,1.5,3.976714285714479,4
2025-12-22 20:30:00,4432.755,LONG,4430.602,4435.9845000000005,2.1529999999999876,299848,2025-12-22 20:50:00,4435.9845000000005,TP,1.5,3.229500000000371,4
2025-12-22 20:55:00,4438.455,LONG,4436.034785714286,4442.085321428572,2.420214285714337,299853,2025-12-22 21:00:00,4442.085321428572,TP,1.5,3.630321428571733,1
2025-12-23 03:25:00,4486.775,LONG,4482.185714285713,4493.658928571428,4.589285714285844,299919,2025-12-23 04:50:00,4482.185714285713,SL,-1.0,-4.589285714286234,17
2025-12-23 05:00:00,4482.685,LONG,4480.0195,4486.68325,2.6654999999998705,299938,2025-12-23 05:10:00,4480.0195,SL,-1.0,-2.6655000000000655,2
2025-12-23 09:15:00,4482.585,LONG,4479.203428571429,4487.657357142857,3.381571428571338,299989,2025-12-23 09:50:00,4479.203428571429,SL,-1.0,-3.3815714285710783,7
2025-12-23 10:10:00,4484.355,LONG,4481.181428571428,4489.115357142857,3.173571428571514,300000,2025-12-23 11:45:00,4489.115357142857,TP,1.5,4.760357142857174,19
2025-12-23 13:00:00,4492.825,LONG,4490.081357142857,4496.9404642857135,2.7436428571427314,300034,2025-12-23 13:05:00,4490.081357142857,SL,-1.0,-2.7436428571427314,1
2025-12-23 13:10:00,4494.158,LONG,4491.253928571429,4498.514107142857,2.904071428571245,300036,2025-12-23 13:20:00,4491.253928571429,SL,-1.0,-2.9040714285711147,2
2025-12-23 13:30:00,4491.625,LONG,4487.652142857143,4497.584285714285,3.97285714285707,300040,2025-12-23 13:35:00,4487.652142857143,SL,-1.0,-3.9728571428568102,1
2025-12-23 13:55:00,4478.915,LONG,4472.9305,4487.89175,5.984499999999896,300045,2025-12-23 14:00:00,4472.9305,SL,-1.0,-5.984499999999571,1
2025-12-23 14:00:00,4471.115,SHORT,4477.518071428571,4461.5103928571425,6.403071428571301,300046,2025-12-23 14:05:00,4461.5103928571425,TP,1.5,9.604607142857276,1
2025-12-23 16:00:00,4457.105,SHORT,4465.6804999999995,4444.24175,8.575499999999854,300070,2025-12-23 16:40:00,4465.6804999999995,SL,-1.0,-8.57549999999992,8
2025-12-23 20:40:00,4492.135,LONG,4489.270642857143,4496.431535714286,2.8643571428572483,300126,2025-12-23 20:55:00,4496.431535714286,TP,1.5,4.29653571428571,3
2025-12-23 21:15:00,4491.475,LONG,4488.442928571429,4496.023107142858,3.032071428571466,300133,2025-12-23 21:35:00,4488.442928571429,SL,-1.0,-3.032071428571726,4
2025-12-23 23:00:00,4487.878,LONG,4484.836571428571,4492.440142857143,3.041428571428566,300142,2025-12-23 23:05:00,4492.440142857143,TP,1.5,4.562142857143044,1
2025-12-24 02:30:00,4506.635,LONG,4501.671142857143,4514.080785714286,4.96385714285725,300184,2025-12-24 02:55:00,4501.671142857143,SL,-1.0,-4.963857142856796,5
2025-12-24 04:45:00,4499.255,SHORT,4501.907357142857,4495.276464285715,2.652357142857259,300211,2025-12-24 05:00:00,4495.276464285715,TP,1.5,3.978535714285499,3
2025-12-24 05:50:00,4492.208,SHORT,4496.370857142857,4485.963714285714,4.16285714285732,300224,2025-12-24 06:15:00,4485.963714285714,TP,1.5,6.244285714285979,5
2025-12-24 06:50:00,4494.148,SHORT,4498.331857142857,4487.872214285714,4.183857142857115,300236,2025-12-24 07:45:00,4487.872214285714,TP,1.5,6.27578571428603,11
2025-12-24 08:45:00,4485.908,SHORT,4490.407142857143,4479.159285714286,4.499142857142748,300259,2025-12-24 09:15:00,4490.407142857143,SL,-1.0,-4.499142857142942,6
2025-12-24 09:25:00,4489.115,SHORT,4493.456142857142,4482.603285714285,4.341142857142651,300267,2025-12-24 09:45:00,4493.456142857142,SL,-1.0,-4.341142857142586,4
2025-12-24 11:25:00,4486.905,SHORT,4490.253857142857,4481.881714285714,3.348857142857209,300291,2025-12-24 11:50:00,4490.253857142857,SL,-1.0,-3.348857142857014,5
2025-12-24 12:45:00,4490.548,LONG,4487.773714285714,4494.709428571428,2.77428571428566,300307,2025-12-24 13:00:00,4487.773714285714,SL,-1.0,-2.7742857142857247,3
2025-12-24 13:00:00,4492.355,LONG,4489.704714285714,4496.3304285714285,2.6502857142857335,300310,2025-12-24 13:05:00,4489.704714285714,SL,-1.0,-2.6502857142859284,1
2025-12-24 13:15:00,4479.635,SHORT,4483.658857142857,4473.599214285714,4.023857142857261,300313,2025-12-24 13:30:00,4483.658857142857,SL,-1.0,-4.023857142857196,3
2025-12-24 14:10:00,4485.015,SHORT,4490.155428571429,4477.304357142858,5.140428571428531,300324,2025-12-24 14:35:00,4477.304357142858,TP,1.5,7.710642857142375,5
2025-12-24 14:35:00,4472.205,SHORT,4477.579,4464.144,5.3740000000000565,300329,2025-12-24 14:40:00,4477.579,SL,-1.0,-5.373999999999796,1
2025-12-24 16:10:00,4465.898,SHORT,4473.696142857143,4454.200785714285,7.7981428571429205,300348,2025-12-24 16:35:00,4473.696142857143,SL,-1.0,-7.7981428571429205,5
2025-12-24 16:45:00,4472.275,SHORT,4477.883071428571,4463.8628928571425,5.608071428571423,300355,2025-12-24 17:00:00,4477.883071428571,SL,-1.0,-5.608071428571748,3
2025-12-25 23:10:00,4488.835,LONG,4484.966642857143,4494.637535714286,3.8683571428571537,300381,2025-12-25 23:20:00,4494.637535714286,TP,1.5,5.802535714286023,2
2025-12-26 01:50:00,4505.135,LONG,4497.095428571429,4517.194357142857,8.039571428571564,300413,2025-12-26 02:30:00,4497.095428571429,SL,-1.0,-8.039571428571435,8
2025-12-26 02:55:00,4508.408,LONG,4503.091285714286,4516.383071428572,5.316714285714364,300426,2025-12-26 03:05:00,4503.091285714286,SL,-1.0,-5.316714285714625,2
2025-12-26 03:05:00,4507.265,LONG,4501.9545,4515.230750000001,5.310500000000047,300428,2025-12-26 03:30:00,4501.9545,SL,-1.0,-5.310500000000502,5
2025-12-26 03:40:00,4502.745,LONG,4498.122785714286,4509.6783214285715,4.6222142857143025,300435,2025-12-26 04:25:00,4509.6783214285715,TP,1.5,6.933321428571617,9
2025-12-26 04:25:00,4509.135,LONG,4505.220285714286,4515.007071428572,3.914714285714386,300444,2025-12-26 04:35:00,4505.220285714286,SL,-1.0,-3.914714285714581,2
2025-12-26 05:00:00,4509.715,LONG,4506.2035,4514.98225,3.511500000000069,300451,2025-12-26 05:15:00,4506.2035,SL,-1.0,-3.511500000000524,3
2025-12-26 05:30:00,4510.215,LONG,4506.663071428571,4515.542892857143,3.5519285714285616,300457,2025-12-26 06:20:00,4515.542892857143,TP,1.5,5.327892857142615,10
2025-12-26 06:55:00,4511.275,LONG,4507.5752142857145,4516.824678571428,3.699785714285489,300474,2025-12-26 07:45:00,4507.5752142857145,SL,-1.0,-3.699785714285099,10
2025-12-26 08:10:00,4514.545,LONG,4511.499,4519.1140000000005,3.0460000000000167,300489,2025-12-26 08:55:00,4519.1140000000005,TP,1.5,4.569000000000415,9
2025-12-26 12:15:00,4508.885,SHORT,4513.057928571429,4502.625607142857,4.172928571428721,300538,2025-12-26 12:30:00,4513.057928571429,SL,-1.0,-4.172928571429111,3
2025-12-26 14:00:00,4526.345,LONG,4520.804571428572,4534.655642857143,5.540428571428687,300559,2025-12-26 14:40:00,4520.804571428572,SL,-1.0,-5.540428571428492,8
2025-12-26 14:55:00,4520.675,LONG,4514.199428571429,4530.388357142857,6.4755714285713895,300570,2025-12-26 15:20:00,4530.388357142857,TP,1.5,9.713357142856694,5
2025-12-26 16:25:00,4545.405,LONG,4539.108214285714,4554.850178571428,6.296785714285696,300588,2025-12-26 16:40:00,4539.108214285714,SL,-1.0,-6.296785714285761,3
2025-12-29 01:15:00,4509.745,SHORT,4522.274928571429,4490.950107142857,12.529928571428627,300682,2025-12-29 06:25:00,4490.950107142857,TP,1.5,18.794892857143168,62
2025-12-29 08:20:00,4483.348,SHORT,4490.831142857142,4472.123285714286,7.483142857142801,300767,2025-12-29 08:35:00,4472.123285714286,TP,1.5,11.224714285714072,3
2025-12-29 08:40:00,4469.808,SHORT,4476.8513571428575,4459.242964285714,7.043357142857141,300771,2025-12-29 08:50:00,4459.242964285714,TP,1.5,10.565035714285841,2
2025-12-29 10:10:00,4471.095,SHORT,4476.241071428572,4463.375892857143,5.146071428571498,300789,2025-12-29 10:25:00,4463.375892857143,TP,1.5,7.719107142856956,3
2025-12-29 11:20:00,4463.755,SHORT,4468.394285714286,4456.796071428571,4.6392857142858315,300803,2025-12-29 11:35:00,4456.796071428571,TP,1.5,6.958928571429169,3
2025-12-29 11:50:00,4447.825,SHORT,4454.1905,4438.27675,6.365499999999948,300809,2025-12-29 12:05:00,4454.1905,SL,-1.0,-6.365499999999884,3
2025-12-29 12:45:00,4461.725,SHORT,4467.622357142857,4452.878964285715,5.897357142857085,300820,2025-12-29 13:20:00,4452.878964285715,TP,1.5,8.84603571428579,7
2025-12-29 13:30:00,4450.065,SHORT,4455.484642857143,4441.935535714286,5.419642857142792,300829,2025-12-29 13:40:00,4441.935535714286,TP,1.5,8.129464285713766,2
2025-12-29 16:40:00,4334.535,SHORT,4344.443214285714,4319.672678571428,9.908214285714232,300867,2025-12-29 16:50:00,4344.443214285714,SL,-1.0,-9.908214285714166,2
2025-12-29 18:15:00,4328.905,SHORT,4335.395928571428,4319.168607142857,6.490928571428607,300886,2025-12-29 19:15:00,4335.395928571428,SL,-1.0,-6.490928571428412,12
2025-12-29 19:45:00,4331.335,SHORT,4335.435,4325.185,4.100000000000039,300904,2025-12-29 19:55:00,4335.435,SL,-1.0,-4.100000000000364,2
2025-12-29 20:30:00,4336.345,SHORT,4340.775000000001,4329.700000000001,4.429999999999966,300913,2025-12-29 20:35:00,4329.700000000001,TP,1.5,6.644999999999527,1
2025-12-29 20:50:00,4331.335,SHORT,4336.390928571429,4323.751107142857,5.055928571428532,300917,2025-12-29 21:05:00,4336.390928571429,SL,-1.0,-5.055928571428922,3
2025-12-29 21:20:00,4333.485,SHORT,4338.648785714286,4325.739321428571,5.163785714285625,300923,2025-12-29 23:00:00,4338.648785714286,SL,-1.0,-5.16378571428595,8
2025-12-30 00:55:00,4339.555,LONG,4334.420285714286,4347.257071428572,5.134714285714316,300954,2025-12-30 01:00:00,4334.420285714286,SL,-1.0,-5.134714285713926,1
2025-12-30 02:45:00,4358.639,LONG,4353.072214285715,4366.989178571429,5.566785714285613,300976,2025-12-30 03:25:00,4366.989178571429,TP,1.5,8.350178571428842,8
2025-12-30 04:20:00,4363.065,LONG,4359.483071428571,4368.437892857142,3.5819285714286315,300995,2025-12-30 04:40:00,4368.437892857142,TP,1.5,5.372892857142688,4
2025-12-30 05:30:00,4376.355,LONG,4372.2234285714285,4382.552357142857,4.131571428571403,301009,2025-12-30 06:10:00,4372.2234285714285,SL,-1.0,-4.131571428571078,8
2025-12-30 06:45:00,4364.918,LONG,4360.116285714285,4372.120571428572,4.801714285714427,301024,2025-12-30 06:50:00,4360.116285714285,SL,-1.0,-4.801714285714297,1
2025-12-30 09:45:00,4368.935,LONG,4364.831642857143,4375.090035714286,4.1033571428572815,301060,2025-12-30 10:10:00,4375.090035714286,TP,1.5,6.155035714285987,5
2025-12-30 11:55:00,4383.965,LONG,4380.741642857143,4388.800035714286,3.223357142857302,301086,2025-12-30 12:05:00,4388.800035714286,TP,1.5,4.835035714286278,2
2025-12-30 13:55:00,4388.035,LONG,4381.298857142857,4398.139214285714,6.736142857142893,301110,2025-12-30 14:15:00,4381.298857142857,SL,-1.0,-6.736142857143022,4
2025-12-30 15:55:00,4364.885,SHORT,4373.666928571429,4351.712107142857,8.781928571428514,301134,2025-12-30 16:55:00,4373.666928571429,SL,-1.0,-8.78192857142858,12
2025-12-30 17:00:00,4376.855,SHORT,4382.730785714285,4368.041321428571,5.875785714285614,301147,2025-12-30 17:40:00,4368.041321428571,TP,1.5,8.813678571428682,8
2025-12-30 18:05:00,4373.525,SHORT,4378.515714285714,4366.038928571428,4.990714285714278,301160,2025-12-30 18:20:00,4366.038928571428,TP,1.5,7.486071428571449,3
2025-12-30 23:15:00,4339.755,SHORT,4343.623642857143,4333.952035714286,3.868642857143056,301210,2025-12-30 23:25:00,4333.952035714286,TP,1.5,5.802964285714552,2
2025-12-30 23:25:00,4333.755,SHORT,4338.266500000001,4326.98775,4.511500000000199,301212,2025-12-30 23:30:00,4338.266500000001,SL,-1.0,-4.511500000000524,1
2025-12-30 23:30:00,4331.685,SHORT,4336.611928571429,4324.294607142857,4.926928571428756,301213,2025-12-30 23:35:00,4336.611928571429,SL,-1.0,-4.926928571429016,1
2025-12-30 23:40:00,4339.205,SHORT,4345.098142857143,4330.365285714285,5.893142857142915,301215,2025-12-31 00:40:00,4345.098142857143,SL,-1.0,-5.893142857143175,12
2025-12-31 00:40:00,4342.555,SHORT,4347.994285714286,4334.396071428572,5.439285714285559,301227,2025-12-31 01:00:00,4347.994285714286,SL,-1.0,-5.439285714285688,4
2025-12-31 03:00:00,4351.955,LONG,4345.018714285714,4362.359428571429,6.936285714285792,301255,2025-12-31 03:20:00,4345.018714285714,SL,-1.0,-6.936285714285987,4
2025-12-31 05:30:00,4332.845,SHORT,4337.868857142857,4325.309214285715,5.023857142857001,301285,2025-12-31 05:40:00,4325.309214285715,TP,1.5,7.535785714285339,2
2025-12-31 07:50:00,4326.965,SHORT,4332.182785714286,4319.1383214285715,5.217785714285648,301313,2025-12-31 08:00:00,4332.182785714286,SL,-1.0,-5.2177857142860375,2
2025-12-31 10:40:00,4306.948,SHORT,4313.082071428572,4297.746892857143,6.134071428571327,301347,2025-12-31 11:10:00,4313.082071428572,SL,-1.0,-6.134071428571588,6
2025-12-31 11:30:00,4310.585,SHORT,4316.338571428571,4301.954642857143,5.753571428571441,301357,2025-12-31 12:40:00,4316.338571428571,SL,-1.0,-5.753571428571377,14
2025-12-31 13:00:00,4312.965,SHORT,4317.539285714286,4306.103571428572,4.574285714285712,301375,2025-12-31 13:20:00,4317.539285714286,SL,-1.0,-4.574285714285907,4
2025-12-31 13:30:00,4329.148,LONG,4323.7892142857145,4337.186178571429,5.358785714285724,301381,2025-12-31 13:45:00,4337.186178571429,TP,1.5,8.038178571428944,3
2025-12-31 14:50:00,4346.255,LONG,4338.364142857143,4358.091285714286,7.8908571428571905,301397,2025-12-31 15:00:00,4338.364142857143,SL,-1.0,-7.890857142857385,2
2025-12-31 17:15:00,4322.245,SHORT,4327.324285714286,4314.626071428572,5.079285714285691,301426,2025-12-31 17:35:00,4327.324285714286,SL,-1.0,-5.079285714286016,4
2025-12-31 17:45:00,4324.145,SHORT,4328.469785714286,4317.657821428572,4.324785714285748,301432,2025-12-31 18:15:00,4328.469785714286,SL,-1.0,-4.324785714286008,6
2025-12-31 18:40:00,4321.698,SHORT,4326.696571428572,4314.200142857143,4.998571428571462,301443,2025-12-31 19:30:00,4314.200142857143,TP,1.5,7.497857142857356,10
2025-12-31 20:20:00,4314.595,SHORT,4319.235928571428,4307.633607142858,4.640928571428503,301463,2025-12-31 20:30:00,4319.235928571428,SL,-1.0,-4.640928571428049,2
2025-12-31 20:45:00,4315.685,SHORT,4321.1278571428575,4307.520714285714,5.442857142857065,301468,2025-12-31 20:50:00,4307.520714285714,TP,1.5,8.164285714286052,1
2025-12-31 21:40:00,4314.475,SHORT,4318.945642857143,4307.7690357142865,4.470642857142853,301479,2026-01-01 23:00:00,4318.945642857143,SL,-1.0,-4.470642857142593,4
2026-01-02 01:25:00,4348.975,LONG,4344.407571428572,4355.826142857143,4.567428571428601,301512,2026-01-02 02:50:00,4355.826142857143,TP,1.5,6.851142857142804,17
2026-01-02 07:10:00,4377.045,LONG,4373.831142857143,4381.865785714285,3.2138571428569906,301581,2026-01-02 07:20:00,4373.831142857143,SL,-1.0,-3.2138571428567957,2
2026-01-02 09:40:00,4388.355,LONG,4384.619428571428,4393.958357142857,3.7355714285713475,301611,2026-01-02 10:00:00,4384.619428571428,SL,-1.0,-3.7355714285713475,4
2026-01-02 10:20:00,4388.515,LONG,4385.5645,4392.94075,2.950499999999855,301619,2026-01-02 10:25:00,4385.5645,SL,-1.0,-2.95049999999992,1
2026-01-02 10:30:00,4388.495,LONG,4385.6035,4392.8322499999995,2.8914999999999185,301621,2026-01-02 10:35:00,4392.8322499999995,TP,1.5,4.337249999999585,1
2026-01-02 11:40:00,4394.598,LONG,4391.4275,4399.353749999999,3.17049999999985,301635,2026-01-02 11:50:00,4391.4275,SL,-1.0,-3.1705000000001746,2
2026-01-02 12:05:00,4395.685,LONG,4392.753357142858,4400.082464285714,2.9316428571427684,301640,2026-01-02 12:25:00,4392.753357142858,SL,-1.0,-2.9316428571428332,4
2026-01-02 12:30:00,4393.735,LONG,4390.464999999999,4398.639999999999,3.2700000000000466,301645,2026-01-02 12:40:00,4390.464999999999,SL,-1.0,-3.2700000000004366,2
2026-01-02 12:50:00,4389.585,LONG,4386.133285714286,4394.762571428571,3.451714285714388,301649,2026-01-02 13:00:00,4394.762571428571,TP,1.5,5.177571428571355,2
2026-01-02 13:10:00,4399.425,LONG,4395.469,4405.359,3.956000000000131,301653,2026-01-02 13:20:00,4395.469,SL,-1.0,-3.956000000000131,2
2026-01-02 17:15:00,4329.105,SHORT,4335.437785714285,4319.605821428571,6.33278571428569,301702,2026-01-02 18:05:00,4319.605821428571,TP,1.5,9.499178571428274,10
2026-01-02 19:40:00,4322.425,SHORT,4326.457642857144,4316.3760357142855,4.032642857143011,301731,2026-01-02 20:25:00,4326.457642857144,SL,-1.0,-4.032642857143401,9
2026-01-05 01:55:00,4401.655,LONG,4391.264999999999,4417.24,10.389999999999873,301794,2026-01-05 02:05:00,4391.264999999999,SL,-1.0,-10.390000000000327,2
2026-01-05 04:15:00,4402.675,LONG,4398.582785714286,4408.813321428572,4.0922142857144275,301822,2026-01-05 05:15:00,4408.813321428572,TP,1.5,6.138321428571544,12
2026-01-05 05:55:00,4412.185,LONG,4408.046,4418.3935,4.139000000000124,301842,2026-01-05 06:10:00,4418.3935,TP,1.5,6.208499999999731,3
2026-01-05 07:10:00,4419.795,LONG,4415.092142857143,4426.8492857142855,4.702857142857218,301857,2026-01-05 08:15:00,4426.8492857142855,TP,1.5,7.05428571428547,13
2026-01-05 08:20:00,4427.798,LONG,4424.253214285714,4433.115178571428,3.5447857142858084,301871,2026-01-05 08:30:00,4424.253214285714,SL,-1.0,-3.5447857142853536,2
2026-01-05 10:05:00,4432.535,LONG,4429.228571428572,4437.494642857143,3.306428571428504,301892,2026-01-05 10:35:00,4437.494642857143,TP,1.5,4.959642857143081,6
2026-01-05 11:10:00,4432.955,LONG,4429.796714285714,4437.6924285714285,3.1582857142857392,301905,2026-01-05 11:15:00,4429.796714285714,SL,-1.0,-3.1582857142857392,1
2026-01-05 13:20:00,4405.615,SHORT,4411.373071428571,4396.977892857143,5.758071428571384,301931,2026-01-05 13:25:00,4396.977892857143,TP,1.5,8.637107142856621,1
2026-01-05 14:40:00,4429.545,LONG,4423.784928571428,4438.185107142857,5.760071428571531,301947,2026-01-05 14:45:00,4438.185107142857,TP,1.5,8.640107142857232,1
2026-01-05 14:50:00,4439.625,LONG,4433.240428571428,4449.201857142857,6.38457142857156,301949,2026-01-05 15:00:00,4449.201857142857,TP,1.5,9.57685714285708,2
2026-01-05 15:50:00,4444.635,LONG,4436.5335000000005,4456.78725,8.101499999999955,301961,2026-01-05 17:00:00,4436.5335000000005,SL,-1.0,-8.10149999999976,14
2026-01-05 17:20:00,4446.565,LONG,4441.146928571428,4454.692107142857,5.418071428571628,301979,2026-01-05 17:40:00,4441.146928571428,SL,-1.0,-5.418071428571238,4
2026-01-05 17:50:00,4444.355,LONG,4438.439071428571,4453.2288928571425,5.9159285714285295,301985,2026-01-05 19:05:00,4438.439071428571,SL,-1.0,-5.915928571428594,15
2026-01-05 19:45:00,4443.245,LONG,4439.2855714285715,4449.184142857142,3.9594285714286213,302008,2026-01-05 19:55:00,4439.2855714285715,SL,-1.0,-3.9594285714283615,2
2026-01-05 20:00:00,4442.805,LONG,4438.6981428571435,4448.965285714286,4.10685714285715,302011,2026-01-05 20:40:00,4438.6981428571435,SL,-1.0,-4.106857142856825,8
2026-01-05 21:05:00,4447.148,LONG,4443.4664999999995,4452.67025,3.6815000000002067,302024,2026-01-05 21:15:00,4443.4664999999995,SL,-1.0,-3.6815000000005966,2
2026-01-06 00:45:00,4436.405,SHORT,4440.412642857143,4430.3935357142855,4.007642857142855,302056,2026-01-06 01:00:00,4430.3935357142855,TP,1.5,6.011464285714283,3
2026-01-06 01:15:00,4440.655,SHORT,4445.524071428571,4433.351392857143,4.869071428571325,302062,2026-01-06 01:30:00,4433.351392857143,TP,1.5,7.30360714285689,3
2026-01-06 01:40:00,4439.055,SHORT,4444.318857142857,4431.159214285714,5.263857142857172,302067,2026-01-06 01:50:00,4444.318857142857,SL,-1.0,-5.263857142856978,2
2026-01-06 02:55:00,4454.695,LONG,4449.816857142857,4462.012214285714,4.878142857142848,302082,2026-01-06 03:10:00,4462.012214285714,TP,1.5,7.317214285714726,3
2026-01-06 07:05:00,4468.815,LONG,4464.962571428571,4474.593642857142,3.8524285714284554,302132,2026-01-06 07:20:00,4464.962571428571,SL,-1.0,-3.8524285714283906,3
2026-01-06 07:25:00,4464.218,LONG,4460.489357142857,4469.810964285714,3.7286428571427286,302136,2026-01-06 07:50:00,4460.489357142857,SL,-1.0,-3.728642857142404,5
2026-01-06 08:00:00,4460.925,LONG,4457.255642857143,4466.429035714285,3.6693571428568896,302143,2026-01-06 08:20:00,4466.429035714285,TP,1.5,5.504035714285237,4
2026-01-06 11:10:00,4450.455,SHORT,4453.6065,4445.72775,3.151499999999877,302181,2026-01-06 11:25:00,4453.6065,SL,-1.0,-3.151499999999942,3
2026-01-06 11:35:00,4459.178,SHORT,4462.518071428572,4454.167892857143,3.340071428571394,302186,2026-01-06 11:50:00,4462.518071428572,SL,-1.0,-3.3400714285717186,3
2026-01-06 12:40:00,4461.639,LONG,4458.460642857143,4466.406535714286,3.1783571428572293,302199,2026-01-06 13:10:00,4466.406535714286,TP,1.5,4.7675357142861685,6
2026-01-06 13:50:00,4464.855,LONG,4459.6041428571425,4472.731285714285,5.250857142857187,302213,2026-01-06 14:15:00,4472.731285714285,TP,1.5,7.876285714285586,5
2026-01-06 15:35:00,4470.505,LONG,4462.429928571429,4482.617607142857,8.075071428571391,302234,2026-01-06 16:00:00,4482.617607142857,TP,1.5,12.112607142857087,5
2026-01-06 18:05:00,4489.055,LONG,4485.437642857143,4494.481035714286,3.617357142857275,302264,2026-01-06 18:25:00,4485.437642857143,SL,-1.0,-3.617357142857145,4
2026-01-06 19:20:00,4482.205,LONG,4478.432285714285,4487.864071428571,3.772714285714301,302279,2026-01-06 19:30:00,4478.432285714285,SL,-1.0,-3.7727142857147555,2
2026-01-06 20:10:00,4485.115,LONG,4481.733285714286,4490.187571428572,3.3817142857143545,302289,2026-01-06 20:45:00,4490.187571428572,TP,1.5,5.072571428571791,7
2026-01-06 20:50:00,4490.098,LONG,4487.381285714286,4494.173071428571,2.7167142857143256,302297,2026-01-06 20:55:00,4494.173071428571,TP,1.5,4.075071428571391,1
2026-01-07 00:10:00,4492.935,LONG,4490.272428571429,4496.928857142858,2.662571428571352,302325,2026-01-07 00:15:00,4490.272428571429,SL,-1.0,-2.6625714285710274,1
2026-01-07 02:15:00,4471.565,SHORT,4478.162285714286,4461.669071428571,6.597285714285655,302350,2026-01-07 02:50:00,4478.162285714286,SL,-1.0,-6.597285714286045,7
2026-01-07 03:10:00,4474.395,SHORT,4478.579285714286,4468.118571428572,4.184285714285644,302361,2026-01-07 03:15:00,4478.579285714286,SL,-1.0,-4.184285714285579,1
2026-01-07 05:35:00,4452.835,SHORT,4457.282571428572,4446.163642857143,4.447571428571337,302390,2026-01-07 05:45:00,4446.163642857143,TP,1.5,6.671357142857232,2
2026-01-07 07:55:00,4460.935,SHORT,4464.804428571429,4455.130857142857,3.8694285714285406,302418,2026-01-07 08:05:00,4464.804428571429,SL,-1.0,-3.869428571428216,2
2026-01-07 09:15:00,4466.425,LONG,4462.057357142857,4472.976464285714,4.367642857143047,302434,2026-01-07 09:25:00,4462.057357142857,SL,-1.0,-4.367642857143437,2
2026-01-07 09:45:00,4463.905,LONG,4459.690928571428,4470.226107142857,4.214071428571515,302440,2026-01-07 10:25:00,4459.690928571428,SL,-1.0,-4.214071428571515,8
2026-01-07 11:15:00,4462.545,LONG,4459.579214285714,4466.993678571429,2.965785714285825,302458,2026-01-07 11:20:00,4459.579214285714,SL,-1.0,-2.96578571428563,1
2026-01-07 12:35:00,4451.335,SHORT,4456.567642857143,4443.486035714285,5.232642857142959,302474,2026-01-07 13:00:00,4443.486035714285,TP,1.5,7.848964285714828,5
2026-01-07 13:05:00,4429.615,SHORT,4435.709357142857,4420.473464285714,6.094357142857201,302480,2026-01-07 13:10:00,4435.709357142857,SL,-1.0,-6.094357142857007,1
2026-01-07 14:10:00,4446.895,SHORT,4454.544428571429,4435.420857142858,7.649428571428546,302493,2026-01-07 15:10:00,4435.420857142858,TP,1.5,11.474142857142397,12
2026-01-07 20:00:00,4458.485,LONG,4454.876428571428,4463.897857142857,3.608571428571395,302563,2026-01-07 20:55:00,4454.876428571428,SL,-1.0,-3.6085714285718495,11
2026-01-08 01:40:00,4447.248,SHORT,4452.923928571428,4438.734107142857,5.6759285714284875,302619,2026-01-08 02:30:00,4438.734107142857,TP,1.5,8.51389285714231,10
2026-01-08 03:30:00,4443.235,SHORT,4448.012428571428,4436.068857142857,4.777428571428443,302641,2026-01-08 04:30:00,4436.068857142857,TP,1.5,7.166142857142404,12
2026-01-08 06:45:00,4433.255,SHORT,4439.854,4423.3565,6.599000000000225,302680,2026-01-08 08:30:00,4423.3565,TP,1.5,9.89850000000024,21
2026-01-08 09:00:00,4431.095,SHORT,4436.162428571429,4423.493857142857,5.067428571428601,302707,2026-01-08 10:20:00,4423.493857142857,TP,1.5,7.601142857142804,16
2026-01-08 10:25:00,4424.415,SHORT,4427.6957142857145,4419.493928571428,3.2807142857143066,302724,2026-01-08 10:30:00,4427.6957142857145,SL,-1.0,-3.2807142857145664,1
2026-01-08 11:10:00,4428.075,SHORT,4431.587071428571,4422.806892857143,3.5120714285714194,302733,2026-01-08 11:45:00,4422.806892857143,TP,1.5,5.268107142856934,7
2026-01-08 13:30:00,4426.825,SHORT,4432.55,4418.2375,5.724999999999974,302761,2026-01-08 13:40:00,4432.55,SL,-1.0,-5.725000000000364,2
2026-01-08 14:05:00,4423.515,SHORT,4429.838785714286,4414.029321428572,6.323785714285675,302768,2026-01-08 14:25:00,4429.838785714286,SL,-1.0,-6.323785714285805,4
2026-01-08 14:30:00,4430.368,LONG,4423.508000000001,4440.658,6.859999999999998,302773,2026-01-08 15:05:00,4440.658,TP,1.5,10.289999999999964,7
2026-01-08 18:20:00,4454.455,LONG,4451.0995,4459.48825,3.35549999999999,302819,2026-01-08 18:25:00,4451.0995,SL,-1.0,-3.3554999999996653,1
2026-01-08 19:40:00,4451.405,LONG,4448.504785714285,4455.755321428571,2.9002142857142905,302835,2026-01-08 20:00:00,4455.755321428571,TP,1.5,4.350321428571078,4
2026-01-09 05:05:00,4463.085,SHORT,4465.652,4459.2345,2.5670000000002022,302936,2026-01-09 05:20:00,4459.2345,TP,1.5,3.8505000000004657,3
2026-01-09 05:20:00,4458.705,SHORT,4461.500785714286,4454.511321428571,2.795785714286012,302939,2026-01-09 05:25:00,4461.500785714286,SL,-1.0,-2.795785714286467,1
2026-01-09 06:15:00,4468.085,LONG,4464.074571428571,4474.100642857143,4.010428571428617,302950,2026-01-09 06:30:00,4474.100642857143,TP,1.5,6.015642857142666,3
2026-01-09 06:35:00,4474.785,LONG,4471.114357142857,4480.290964285714,3.670642857142801,302954,2026-01-09 07:00:00,4471.114357142857,SL,-1.0,-3.6706428571424112,5
2026-01-09 09:15:00,4475.815,LONG,4472.923214285714,4480.152678571429,2.891785714285756,302986,2026-01-09 09:30:00,4472.923214285714,SL,-1.0,-2.8917857142860157,3
2026-01-09 10:05:00,4473.475,LONG,4470.826142857143,4477.448285714287,2.6488571428572607,302996,2026-01-09 10:25:00,4470.826142857143,SL,-1.0,-2.648857142857196,4
2026-01-09 10:55:00,4472.248,LONG,4469.628428571428,4476.177357142857,2.619571428571362,303006,2026-01-09 11:30:00,4469.628428571428,SL,-1.0,-2.619571428571362,7
2026-01-09 11:30:00,4470.485,LONG,4468.021642857143,4474.180035714286,2.4633571428570185,303013,2026-01-09 11:55:00,4474.180035714286,TP,1.5,3.6950357142859502,5
2026-01-09 13:35:00,4488.408,LONG,4481.0535,4499.4397500000005,7.354499999999981,303038,2026-01-09 13:50:00,4481.0535,SL,-1.0,-7.354500000000371,3
2026-01-09 14:35:00,4495.715,LONG,4486.099714285715,4510.137928571428,9.615285714285553,303050,2026-01-09 14:40:00,4486.099714285715,SL,-1.0,-9.615285714285164,1
2026-01-09 14:50:00,4490.535,LONG,4482.183071428572,4503.062892857142,8.351928571428484,303053,2026-01-09 15:20:00,4503.062892857142,TP,1.5,12.527892857142433,6
2026-01-09 16:35:00,4504.648,LONG,4498.750642857143,4513.494035714286,5.8973571428571505,303074,2026-01-09 17:45:00,4498.750642857143,SL,-1.0,-5.89735714285689,14
2026-01-09 19:35:00,4499.485,LONG,4495.413285714285,4505.592571428571,4.071714285714409,303110,2026-01-09 20:10:00,4505.592571428571,TP,1.5,6.107571428571646,7
2026-01-09 20:10:00,4506.478,LONG,4502.949928571428,4511.770107142857,3.5280714285714305,303117,2026-01-09 20:20:00,4502.949928571428,SL,-1.0,-3.5280714285718204,2
2026-01-09 21:45:00,4509.878,LONG,4507.380857142856,4513.623714285714,2.4971428571430545,303136,2026-01-11 23:00:00,4513.623714285714,TP,1.5,3.745714285714712,3
2026-01-12 02:05:00,4567.958,LONG,4559.283142857143,4580.970285714286,8.674857142857231,303176,2026-01-12 02:45:00,4580.970285714286,TP,1.5,13.012285714286008,8
2026-01-12 03:50:00,4573.035,LONG,4568.825714285714,4579.348928571429,4.2092857142858,303197,2026-01-12 04:00:00,4568.825714285714,SL,-1.0,-4.209285714286125,2
2026-01-12 04:05:00,4567.935,LONG,4563.824285714286,4574.101071428572,4.110714285714364,303200,2026-01-12 04:30:00,4563.824285714286,SL,-1.0,-4.110714285714494,5
2026-01-12 05:05:00,4570.115,LONG,4566.675928571429,4575.273607142857,3.439071428571424,303212,2026-01-12 05:30:00,4575.273607142857,TP,1.5,5.158607142857363,5
2026-01-12 05:30:00,4576.725,LONG,4572.950928571428,4582.386107142857,3.774071428571525,303217,2026-01-12 05:40:00,4582.386107142857,TP,1.5,5.661107142856963,2
2026-01-12 06:20:00,4574.405,LONG,4570.276642857143,4580.597535714285,4.128357142857112,303227,2026-01-12 07:05:00,4580.597535714285,TP,1.5,6.192535714285441,9
2026-01-12 08:25:00,4583.395,LONG,4579.326642857143,4589.497535714287,4.068357142857427,303252,2026-01-12 08:45:00,4589.497535714287,TP,1.5,6.102535714286205,4
2026-01-12 10:10:00,4591.865,LONG,4588.301357142857,4597.210464285714,3.5636428571428302,303273,2026-01-12 10:30:00,4588.301357142857,SL,-1.0,-3.5636428571424403,4
2026-01-12 14:15:00,4596.398,LONG,4589.4105,4606.87925,6.987500000000052,303322,2026-01-12 14:25:00,4589.4105,SL,-1.0,-6.987500000000182,2
2026-01-12 14:30:00,4597.985,LONG,4589.6525,4610.483749999999,8.332499999999982,303325,2026-01-12 14:35:00,4610.483749999999,TP,1.5,12.498749999999745,1
2026-01-12 14:50:00,4604.365,LONG,4594.4088571428565,4619.299214285714,9.956142857142822,303329,2026-01-12 15:25:00,4619.299214285714,TP,1.5,14.934214285714006,7
2026-01-12 16:45:00,4615.735,LONG,4610.200928571428,4624.036107142857,5.534071428571484,303352,2026-01-12 18:10:00,4610.200928571428,SL,-1.0,-5.534071428571224,17
2026-01-12 19:20:00,4614.645,LONG,4610.405000000001,4621.005000000001,4.240000000000107,303383,2026-01-12 19:50:00,4610.405000000001,SL,-1.0,-4.239999999999782,6
2026-01-12 23:00:00,4595.948,SHORT,4600.108214285715,4589.707678571429,4.160214285714184,303415,2026-01-12 23:10:00,4589.707678571429,TP,1.5,6.240321428571406,2
2026-01-13 00:30:00,4587.665,SHORT,4592.472357142857,4580.453964285714,4.807357142857135,303433,2026-01-13 01:05:00,4592.472357142857,SL,-1.0,-4.807357142856745,7
2026-01-13 01:15:00,4586.445,SHORT,4591.815,4578.39,5.369999999999826,303442,2026-01-13 01:30:00,4578.39,TP,1.5,8.054999999999382,3
2026-01-13 01:45:00,4581.315,SHORT,4587.573571428571,4571.927142857143,6.258571428571421,303448,2026-01-13 02:05:00,4587.573571428571,SL,-1.0,-6.258571428571486,4
2026-01-13 02:25:00,4583.575,SHORT,4588.909071428571,4575.573892857143,5.334071428571535,303456,2026-01-13 02:30:00,4588.909071428571,SL,-1.0,-5.334071428571406,1
2026-01-13 03:50:00,4593.525,LONG,4590.632642857143,4597.863535714286,2.892357142857171,303473,2026-01-13 04:15:00,4597.863535714286,TP,1.5,4.338535714286081,5
2026-01-13 04:40:00,4598.645,LONG,4596.169214285715,4602.358678571429,2.4757857142857183,303483,2026-01-13 04:50:00,4596.169214285715,SL,-1.0,-2.4757857142858484,2
2026-01-13 07:50:00,4577.395,SHORT,4581.0040714285715,4571.981392857143,3.609071428571432,303521,2026-01-13 07:55:00,4581.0040714285715,SL,-1.0,-3.609071428571042,1
2026-01-13 09:35:00,4590.045,LONG,4587.0145,4594.59075,3.0304999999999773,303542,2026-01-13 09:40:00,4587.0145,SL,-1.0,-3.030499999999847,1
2026-01-13 09:40:00,4590.445,LONG,4587.3345,4595.11075,3.1104999999999694,303543,2026-01-13 09:45:00,4587.3345,SL,-1.0,-3.1104999999997744,1
2026-01-13 10:00:00,4583.0,SHORT,4586.087071428571,4578.369392857143,3.0870714285714973,303547,2026-01-13 10:20:00,4586.087071428571,SL,-1.0,-3.0870714285711074,4
2026-01-13 11:00:00,4585.995,SHORT,4588.627357142857,4582.046464285714,2.6323571428570176,303559,2026-01-13 11:15:00,4582.046464285714,TP,1.5,3.948535714285754,3
2026-01-13 11:45:00,4588.315,SHORT,4590.950357142857,4584.361964285714,2.635357142857044,303568,2026-01-13 11:50:00,4590.950357142857,SL,-1.0,-2.635357142857174,1
2026-01-13 11:50:00,4586.455,SHORT,4589.239642857143,4582.278035714286,2.7846428571427686,303569,2026-01-13 12:20:00,4582.278035714286,TP,1.5,4.176964285714348,6
2026-01-13 15:40:00,4614.555,LONG,4604.4154285714285,4629.764357142858,10.13957142857154,303615,2026-01-13 16:20:00,4604.4154285714285,SL,-1.0,-10.139571428571799,8
2026-01-13 16:55:00,4613.045,LONG,4606.413357142857,4622.992464285714,6.631642857142846,303630,2026-01-13 17:10:00,4606.413357142857,SL,-1.0,-6.631642857142651,3
2026-01-13 17:15:00,4610.045,LONG,4604.272857142857,4618.703214285714,5.772142857142951,303634,2026-01-13 17:30:00,4604.272857142857,SL,-1.0,-5.772142857143081,3
2026-01-13 17:30:00,4609.685,LONG,4604.150500000001,4617.986750000001,5.534500000000078,303637,2026-01-13 17:40:00,4604.150500000001,SL,-1.0,-5.534499999999753,2
2026-01-13 18:45:00,4599.545,SHORT,4605.984785714286,4589.885321428571,6.439785714285855,303652,2026-01-13 19:00:00,4589.885321428571,TP,1.5,9.65967857142914,3
2026-01-13 20:00:00,4591.979,SHORT,4597.807142857143,4583.236785714285,5.828142857142991,303667,2026-01-13 20:30:00,4583.236785714285,TP,1.5,8.742214285714908,6
2026-01-14 06:20:00,4634.535,LONG,4628.669071428571,4643.333892857143,5.865928571428542,303779,2026-01-14 06:30:00,4628.669071428571,SL,-1.0,-5.865928571428412,2
2026-01-14 08:55:00,4634.775,LONG,4630.600214285714,4641.037178571428,4.174785714285723,303810,2026-01-14 09:35:00,4630.600214285714,SL,-1.0,-4.174785714285463,8
2026-01-14 10:25:00,4634.785,LONG,4631.3880714285715,4639.880392857142,3.3969285714284263,303828,2026-01-14 10:55:00,4631.3880714285715,SL,-1.0,-3.3969285714283615,6
2026-01-14 11:00:00,4635.065,LONG,4631.631428571428,4640.215357142857,3.4335714285714727,303835,2026-01-14 11:25:00,4631.631428571428,SL,-1.0,-3.4335714285716676,5
2026-01-14 12:15:00,4635.845,LONG,4631.979928571429,4641.642607142858,3.8650714285714196,303850,2026-01-14 13:05:00,4631.979928571429,SL,-1.0,-3.8650714285713548,10
2026-01-14 13:50:00,4635.365,LONG,4629.2895,4644.47825,6.0755000000001145,303869,2026-01-14 14:30:00,4629.2895,SL,-1.0,-6.07549999999992,8
2026-01-14 15:25:00,4615.325,SHORT,4624.898071428572,4600.965392857142,9.573071428571504,303888,2026-01-14 18:15:00,4624.898071428572,SL,-1.0,-9.573071428571893,34
2026-01-14 20:05:00,4636.935,LONG,4631.453928571429,4645.156607142858,5.481071428571405,303944,2026-01-14 20:15:00,4631.453928571429,SL,-1.0,-5.48107142857134,2
2026-01-14 20:15:00,4636.655,LONG,4631.074642857143,4645.025535714286,5.580357142857208,303946,2026-01-14 20:30:00,4631.074642857143,SL,-1.0,-5.580357142856883,3
2026-01-14 20:35:00,4633.625,LONG,4627.654428571429,4642.580857142857,5.97057142857141,303950,2026-01-14 20:40:00,4627.654428571429,SL,-1.0,-5.97057142857102,1
2026-01-14 20:55:00,4632.445,LONG,4625.9805,4642.14175,6.464500000000044,303954,2026-01-14 21:10:00,4625.9805,SL,-1.0,-6.464500000000044,3
2026-01-14 21:15:00,4625.685,LONG,4620.445500000001,4633.54425,5.23949999999994,303958,2026-01-14 21:30:00,4620.445500000001,SL,-1.0,-5.23949999999968,3
2026-01-15 00:35:00,4615.865,SHORT,4620.086714285714,4609.532428571429,4.221714285714305,303986,2026-01-15 01:00:00,4609.532428571429,TP,1.5,6.3325714285711,5
2026-01-15 01:10:00,4608.915,SHORT,4613.598142857143,4601.890285714286,4.683142857142944,303993,2026-01-15 01:20:00,4601.890285714286,TP,1.5,7.0247142857142535,2
2026-01-15 01:55:00,4599.665,SHORT,4607.906928571429,4587.302107142857,8.241928571428682,304002,2026-01-15 02:05:00,4607.906928571429,SL,-1.0,-8.241928571428616,2
2026-01-15 02:30:00,4609.765,SHORT,4616.925,4599.025000000001,7.160000000000115,304009,2026-01-15 02:50:00,4599.025000000001,TP,1.5,10.739999999999782,4
2026-01-15 04:40:00,4590.675,SHORT,4595.517357142858,4583.411464285715,4.842357142857184,304035,2026-01-15 05:15:00,4583.411464285715,TP,1.5,7.263535714285354,7
2026-01-15 05:30:00,4585.245,SHORT,4589.863357142857,4578.317464285714,4.618357142857088,304045,2026-01-15 05:45:00,4589.863357142857,SL,-1.0,-4.618357142857349,3
2026-01-15 08:30:00,4602.958,LONG,4598.9715,4608.93775,3.9865000000001083,304081,2026-01-15 09:35:00,4608.93775,TP,1.5,5.979750000000422,13
2026-01-15 12:20:00,4615.815,LONG,4613.013285714285,4620.0175714285715,2.8017142857144273,304127,2026-01-15 12:50:00,4613.013285714285,SL,-1.0,-2.801714285714297,6
2026-01-15 14:25:00,4602.405,SHORT,4609.590714285714,4591.626428571429,7.185714285714117,304152,2026-01-15 14:30:00,4609.590714285714,SL,-1.0,-7.185714285714312,1
2026-01-15 15:25:00,4616.198,LONG,4609.372928571429,4626.435607142857,6.825071428571456,304164,2026-01-15 15:40:00,4609.372928571429,SL,-1.0,-6.825071428571391,3
2026-01-15 15:45:00,4614.858,LONG,4608.476785714286,4624.429821428572,6.381214285714187,304168,2026-01-15 16:05:00,4608.476785714286,SL,-1.0,-6.3812142857141225,4
2026-01-15 16:40:00,4606.975,LONG,4601.457928571429,4615.250607142858,5.517071428571528,304179,2026-01-15 16:50:00,4601.457928571429,SL,-1.0,-5.517071428571398,2
2026-01-15 17:30:00,4613.678,LONG,4609.602071428571,4619.7918928571435,4.075928571428774,304189,2026-01-15 18:00:00,4619.7918928571435,TP,1.5,6.113892857143583,6
2026-01-15 23:30:00,4607.385,SHORT,4610.424571428572,4602.825642857143,3.0395714285714996,304249,2026-01-15 23:35:00,4610.424571428572,SL,-1.0,-3.039571428571435,1
2026-01-16 00:20:00,4606.298,SHORT,4609.7826428571425,4601.071035714285,3.484642857142847,304259,2026-01-16 00:40:00,4601.071035714285,TP,1.5,5.22696428571453,4
2026-01-16 01:40:00,4604.895,SHORT,4609.061428571429,4598.645357142857,4.166428571428696,304275,2026-01-16 02:00:00,4598.645357142857,TP,1.5,6.249642857143044,4
2026-01-16 04:10:00,4598.385,SHORT,4600.701428571429,4594.910357142858,2.316428571428592,304305,2026-01-16 04:20:00,4600.701428571429,SL,-1.0,-2.3164285714283324,2
2026-01-16 04:45:00,4599.565,SHORT,4601.423142857143,4596.7777857142855,1.858142857142931,304312,2026-01-16 04:55:00,4601.423142857143,SL,-1.0,-1.8581428571433207,2
2026-01-16 05:00:00,4599.659,SHORT,4601.493571428571,4596.907142857142,1.8345714285713777,304315,2026-01-16 05:10:00,4596.907142857142,TP,1.5,2.7518571428572614,2
2026-01-16 08:15:00,4607.115,LONG,4602.816428571428,4613.562857142857,4.298571428571514,304354,2026-01-16 08:40:00,4602.816428571428,SL,-1.0,-4.298571428571449,5
2026-01-16 08:45:00,4602.585,LONG,4598.653285714286,4608.482571428572,3.931714285714471,304360,2026-01-16 09:30:00,4598.653285714286,SL,-1.0,-3.9317142857144063,9
2026-01-16 11:20:00,4609.645,LONG,4606.4064285714285,4614.5028571428575,3.238571428571504,304391,2026-01-16 11:40:00,4614.5028571428575,TP,1.5,4.8578571428570285,4
2026-01-16 13:05:00,4596.905,SHORT,4601.1645,4590.51575,4.259500000000052,304412,2026-01-16 13:15:00,4590.51575,TP,1.5,6.389250000000175,2
2026-01-16 13:50:00,4598.245,SHORT,4606.1638571428575,4586.366714285714,7.918857142857307,304421,2026-01-16 14:05:00,4606.1638571428575,SL,-1.0,-7.918857142857632,3
2026-01-16 14:35:00,4604.575,SHORT,4611.3369999999995,4594.432,6.762000000000106,304430,2026-01-16 14:45:00,4611.3369999999995,SL,-1.0,-6.761999999999716,2
2026-01-16 16:30:00,4589.545,SHORT,4603.566714285715,4568.512428571429,14.021714285714227,304453,2026-01-18 23:00:00,4603.566714285715,SL,-1.0,-14.021714285714552,66
2026-01-19 01:15:00,4664.595,LONG,4656.988785714286,4676.0043214285715,7.606214285714226,304546,2026-01-19 01:25:00,4656.988785714286,SL,-1.0,-7.606214285714486,2
2026-01-19 01:45:00,4664.175,LONG,4656.849,4675.164000000001,7.326000000000022,304552,2026-01-19 01:55:00,4656.849,SL,-1.0,-7.326000000000022,2
2026-01-19 02:05:00,4662.145,LONG,4654.519214285715,4673.583678571429,7.62578571428581,304556,2026-01-19 05:30:00,4673.583678571429,TP,1.5,11.438678571428682,41
2026-01-19 06:15:00,4669.419,LONG,4666.064785714285,4674.450321428571,3.3542142857145336,304606,2026-01-19 06:30:00,4674.450321428571,TP,1.5,5.031321428571573,3
2026-01-19 07:45:00,4665.215,LONG,4661.627642857143,4670.596035714286,3.587357142857075,304624,2026-01-19 08:05:00,4670.596035714286,TP,1.5,5.381035714285645,4
2026-01-19 08:20:00,4669.645,LONG,4665.932857142858,4675.2132142857145,3.7121428571428106,304631,2026-01-19 08:45:00,4665.932857142858,SL,-1.0,-3.7121428571426804,5
2026-01-19 09:30:00,4668.895,LONG,4665.478000000001,4674.0205000000005,3.4169999999999163,304645,2026-01-19 10:25:00,4665.478000000001,SL,-1.0,-3.4169999999994616,11
2026-01-19 10:30:00,4666.365,LONG,4663.660642857143,4670.421535714286,2.704357142857134,304657,2026-01-19 10:40:00,4663.660642857143,SL,-1.0,-2.7043571428566793,2
2026-01-19 11:15:00,4662.205,SHORT,4665.369785714285,4657.457821428571,3.164785714285569,304666,2026-01-19 11:25:00,4665.369785714285,SL,-1.0,-3.1647857142852445,2
2026-01-19 11:45:00,4662.435,SHORT,4665.641928571429,4657.624607142858,3.2069285714283717,304672,2026-01-19 12:10:00,4665.641928571429,SL,-1.0,-3.2069285714287616,5
2026-01-19 13:25:00,4671.625,LONG,4668.674,4676.0515,2.950999999999957,304692,2026-01-19 13:35:00,4668.674,SL,-1.0,-2.951000000000022,2
2026-01-19 15:40:00,4670.135,LONG,4667.012571428571,4674.8186428571435,3.122428571428697,304719,2026-01-19 15:50:00,4674.8186428571435,TP,1.5,4.683642857143241,2
2026-01-19 17:25:00,4670.695,LONG,4668.905857142857,4673.3787142857145,1.789142857142906,304740,2026-01-19 17:40:00,4673.3787142857145,TP,1.5,2.6837142857148137,3
2026-01-19 18:55:00,4676.248,LONG,4674.001357142857,4679.617964285714,2.246642857142888,304758,2026-01-19 19:00:00,4674.001357142857,SL,-1.0,-2.246642857142433,1
2026-01-19 19:15:00,4671.898,LONG,4669.699714285714,4675.195428571429,2.198285714285833,304762,2026-01-19 19:20:00,4669.699714285714,SL,-1.0,-2.198285714285703,1
2026-01-20 00:45:00,4662.605,SHORT,4665.397857142856,4658.415714285714,2.792857142856974,304786,2026-01-20 01:00:00,4665.397857142856,SL,-1.0,-2.792857142856519,3
2026-01-20 02:10:00,4665.865,SHORT,4669.5542857142855,4660.331071428571,3.6892857142858184,304803,2026-01-20 02:25:00,4669.5542857142855,SL,-1.0,-3.6892857142856883,3
2026-01-20 02:30:00,4673.535,LONG,4670.214285714285,4678.516071428571,3.3207142857144,304807,2026-01-20 02:45:00,4670.214285714285,SL,-1.0,-3.32071428571453,3
2026-01-20 06:50:00,4714.455,LONG,4709.468142857143,4721.935285714286,4.9868571428571284,304859,2026-01-20 07:25:00,4721.935285714286,TP,1.5,7.480285714285856,7
2026-01-20 08:40:00,4722.725,LONG,4718.5185,4729.034750000001,4.206500000000103,304881,2026-01-20 08:55:00,4729.034750000001,TP,1.5,6.309750000000349,3
2026-01-20 09:20:00,4728.325,LONG,4723.783428571428,4735.137357142857,4.541571428571452,304889,2026-01-20 09:30:00,4735.137357142857,TP,1.5,6.812357142856854,2
2026-01-20 11:10:00,4726.115,LONG,4722.742142857142,4731.174285714285,3.372857142857161,304911,2026-01-20 11:35:00,4731.174285714285,TP,1.5,5.059285714285579,5
2026-01-20 11:35:00,4731.015,LONG,4727.747357142857,4735.916464285715,3.2676428571428784,304916,2026-01-20 12:25:00,4727.747357142857,SL,-1.0,-3.2676428571430733,10
2026-01-20 12:40:00,4726.555,LONG,4723.105214285714,4731.729678571429,3.4497857142858135,304929,2026-01-20 13:00:00,4723.105214285714,SL,-1.0,-3.4497857142860084,4
2026-01-20 13:45:00,4730.075,LONG,4724.701714285714,4738.134928571429,5.373285714285885,304942,2026-01-20 13:55:00,4738.134928571429,TP,1.5,8.059928571428827,2
2026-01-20 15:55:00,4737.215,LONG,4729.0685,4749.43475,8.146499999999833,304968,2026-01-20 16:05:00,4729.0685,SL,-1.0,-8.146499999999833,2
2026-01-20 16:25:00,4740.905,LONG,4732.832357142857,4753.013964285714,8.07264285714265,304974,2026-01-20 16:55:00,4753.013964285714,TP,1.5,12.108964285714137,6
2026-01-20 20:10:00,4759.915,LONG,4756.3042857142855,4765.331071428572,3.6107142857144288,305019,2026-01-20 20:15:00,4756.3042857142855,SL,-1.0,-3.6107142857144936,1
2026-01-20 21:10:00,4760.205,LONG,4755.641071428571,4767.050892857143,4.563928571428538,305031,2026-01-20 23:40:00,4767.050892857143,TP,1.5,6.845892857142644,18
2026-01-21 06:20:00,4879.315,LONG,4872.623214285714,4889.352678571428,6.691785714285678,305129,2026-01-21 06:35:00,4872.623214285714,SL,-1.0,-6.691785714285288,3
2026-01-21 06:45:00,4862.315,LONG,4854.921285714286,4873.4055714285705,7.393714285714201,305134,2026-01-21 06:55:00,4854.921285714286,SL,-1.0,-7.393714285713941,2
2026-01-21 10:00:00,4866.145,LONG,4860.340714285715,4874.851428571429,5.8042857142856645,305173,2026-01-21 10:10:00,4860.340714285715,SL,-1.0,-5.80428571428547,2
2026-01-21 16:10:00,4846.875,SHORT,4859.824071428571,4827.451392857143,12.949071428571383,305247,2026-01-21 16:50:00,4827.451392857143,TP,1.5,19.42360714285678,8
2026-01-21 18:10:00,4825.235,SHORT,4834.568142857142,4811.235285714285,9.33314285714284,305271,2026-01-21 18:25:00,4834.568142857142,SL,-1.0,-9.333142857142775,3
2026-01-21 23:15:00,4802.875,SHORT,4811.452428571429,4790.008857142857,8.577428571428625,305320,2026-01-21 23:25:00,4790.008857142857,TP,1.5,12.866142857143132,2
2026-01-22 01:25:00,4795.725,SHORT,4806.0095,4780.298250000001,10.284500000000012,305346,2026-01-22 02:30:00,4780.298250000001,TP,1.5,15.426749999999629,13
2026-01-22 03:00:00,4785.025,SHORT,4791.9265,4774.67275,6.901499999999942,305365,2026-01-22 03:25:00,4791.9265,SL,-1.0,-6.901499999999942,5
2026-01-22 04:40:00,4795.255,SHORT,4798.449071428571,4790.463892857143,3.1940714285712732,305385,2026-01-22 05:00:00,4798.449071428571,SL,-1.0,-3.1940714285710783,4
2026-01-22 05:00:00,4800.185,LONG,4796.863785714287,4805.166821428572,3.3212142857141123,305389,2026-01-22 05:10:00,4796.863785714287,SL,-1.0,-3.3212142857137223,2
2026-01-22 05:10:00,4800.345,LONG,4796.750714285715,4805.736428571428,3.5942857142855638,305391,2026-01-22 05:15:00,4796.750714285715,SL,-1.0,-3.5942857142854336,1
2026-01-22 05:30:00,4796.725,LONG,4793.102857142858,4802.158214285714,3.622142857142665,305395,2026-01-22 05:40:00,4802.158214285714,TP,1.5,5.433214285713802,2
2026-01-22 08:20:00,4828.535,LONG,4823.771571428571,4835.6801428571425,4.7634285714285785,305429,2026-01-22 08:30:00,4823.771571428571,SL,-1.0,-4.763428571428449,2
2026-01-22 08:35:00,4826.315,LONG,4821.915857142857,4832.913714285714,4.399142857142904,305432,2026-01-22 09:00:00,4832.913714285714,TP,1.5,6.598714285714777,5
2026-01-22 10:25:00,4826.675,LONG,4821.588071428571,4834.3053928571435,5.0869285714286105,305454,2026-01-22 11:45:00,4834.3053928571435,TP,1.5,7.630392857143306,16
2026-01-22 13:00:00,4821.735,LONG,4817.791857142856,4827.649714285714,3.9431428571430325,305485,2026-01-22 13:15:00,4827.649714285714,TP,1.5,5.914714285714581,3
2026-01-22 13:20:00,4833.995,LONG,4829.729,4840.394,4.266000000000012,305489,2026-01-22 13:25:00,4829.729,SL,-1.0,-4.265999999999622,1
2026-01-22 14:05:00,4820.995,SHORT,4827.794285714285,4810.796071428572,6.799285714285621,305498,2026-01-22 14:20:00,4827.794285714285,SL,-1.0,-6.799285714285361,3
2026-01-22 14:35:00,4844.075,LONG,4836.518357142857,4855.4099642857145,7.556642857142898,305504,2026-01-22 14:55:00,4836.518357142857,SL,-1.0,-7.556642857142833,4
2026-01-22 15:10:00,4838.965,LONG,4830.515714285714,4851.638928571429,8.449285714285647,305511,2026-01-22 15:25:00,4851.638928571429,TP,1.5,12.673928571428405,3
2026-01-22 17:15:00,4881.205,LONG,4874.345214285714,4891.494678571428,6.859785714285798,305536,2026-01-22 17:20:00,4891.494678571428,TP,1.5,10.28967857142834,1
2026-01-22 20:40:00,4922.675,LONG,4917.996642857143,4929.692535714286,4.678357142857229,305577,2026-01-22 20:55:00,4917.996642857143,SL,-1.0,-4.678357142856839,3
2026-01-22 21:05:00,4919.525,LONG,4914.466642857143,4927.1125357142855,5.058357142857209,305582,2026-01-22 21:30:00,4927.1125357142855,TP,1.5,7.5875357142858775,5
2026-01-23 00:45:00,4954.335,LONG,4947.195,4965.045,7.140000000000067,305614,2026-01-23 00:55:00,4965.045,TP,1.5,10.710000000000036,2
2026-01-23 01:10:00,4948.665,LONG,4940.173571428571,4961.402142857143,8.49142857142871,305619,2026-01-23 01:50:00,4961.402142857143,TP,1.5,12.737142857143226,8
2026-01-23 02:15:00,4950.615,LONG,4943.797857142857,4960.840714285714,6.817142857143024,305632,2026-01-23 02:45:00,4960.840714285714,TP,1.5,10.225714285714275,6
2026-01-23 03:25:00,4943.725,LONG,4938.048571428571,4952.239642857143,5.67642857142846,305646,2026-01-23 03:35:00,4952.239642857143,TP,1.5,8.514642857142462,2
2026-01-23 03:45:00,4953.405,LONG,4947.295,4962.57,6.109999999999933,305650,2026-01-23 05:45:00,4962.57,TP,1.5,9.164999999999964,24
2026-01-23 06:35:00,4954.345,LONG,4949.4400000000005,4961.7025,4.9050000000002,305684,2026-01-23 07:40:00,4949.4400000000005,SL,-1.0,-4.904999999999745,13
2026-01-23 07:45:00,4944.095,SHORT,4948.917642857144,4936.861035714286,4.8226428571429745,305698,2026-01-23 07:50:00,4948.917642857144,SL,-1.0,-4.822642857143364,1
2026-01-23 10:45:00,4926.665,SHORT,4931.095928571429,4920.018607142857,4.4309285714286615,305734,2026-01-23 11:00:00,4920.018607142857,TP,1.5,6.646392857142928,3
2026-01-23 11:00:00,4918.775,SHORT,4923.505928571428,4911.678607142857,4.730928571428519,305737,2026-01-23 11:15:00,4911.678607142857,TP,1.5,7.096392857142746,3
2026-01-23 11:40:00,4923.275,SHORT,4927.915714285714,4916.313928571428,4.640714285714239,305745,2026-01-23 12:00:00,4927.915714285714,SL,-1.0,-4.640714285714239,4
2026-01-23 14:00:00,4940.825,LONG,4933.158071428571,4952.325392857143,7.666928571428538,305773,2026-01-23 14:30:00,4933.158071428571,SL,-1.0,-7.666928571428798,6
2026-01-23 18:50:00,4968.425,LONG,4960.632285714286,4980.114071428571,7.792714285714218,305831,2026-01-23 19:30:00,4980.114071428571,TP,1.5,11.68907142857097,8
2026-01-23 19:40:00,4978.498,LONG,4972.647714285714,4987.273428571429,5.8502857142857465,305841,2026-01-23 19:50:00,4987.273428571429,TP,1.5,8.775428571429075,2
2026-01-23 20:20:00,4981.745,LONG,4976.292571428571,4989.923642857143,5.452428571428494,305849,2026-01-23 20:30:00,4976.292571428571,SL,-1.0,-5.452428571428754,2
2026-01-23 20:35:00,4982.565,LONG,4976.742071428571,4991.299392857142,5.822928571428422,305852,2026-01-25 23:00:00,4991.299392857142,TP,1.5,8.734392857142666,17
2026-01-26 03:10:00,5084.625,LONG,5076.624285714286,5096.626071428571,8.00071428571417,305919,2026-01-26 03:20:00,5076.624285714286,SL,-1.0,-8.000714285713912,2
2026-01-26 03:55:00,5076.525,LONG,5069.8557142857135,5086.528928571428,6.669285714285771,305928,2026-01-26 04:30:00,5069.8557142857135,SL,-1.0,-6.669285714286161,7
2026-01-26 04:40:00,5066.855,LONG,5061.722857142857,5074.553214285714,5.132142857142948,305937,2026-01-26 04:45:00,5061.722857142857,SL,-1.0,-5.132142857142753,1
2026-01-26 05:55:00,5074.185,LONG,5065.795,5086.77,8.389999999999873,305952,2026-01-26 06:15:00,5065.795,SL,-1.0,-8.390000000000327,4
2026-01-26 06:15:00,5070.975,LONG,5062.015714285715,5084.413928571429,8.95928571428554,305956,2026-01-26 06:35:00,5084.413928571429,TP,1.5,13.438928571428733,4
2026-01-26 07:45:00,5092.345,LONG,5083.715928571429,5105.2886071428575,8.629071428571478,305974,2026-01-26 08:50:00,5083.715928571429,SL,-1.0,-8.629071428571478,13
2026-01-26 09:25:00,5096.565,LONG,5091.8125,5103.693749999999,4.752500000000055,305994,2026-01-26 09:40:00,5091.8125,SL,-1.0,-4.7524999999996,3
2026-01-26 10:15:00,5089.475,LONG,5083.231357142858,5098.840464285715,6.243642857142796,306004,2026-01-26 11:15:00,5083.231357142858,SL,-1.0,-6.243642857142731,12
2026-01-26 11:45:00,5090.525,LONG,5086.155714285714,5097.078928571428,4.369285714285719,306022,2026-01-26 12:15:00,5086.155714285714,SL,-1.0,-4.369285714285979,6
2026-01-26 12:20:00,5096.495,LONG,5091.390714285714,5104.151428571428,5.104285714285522,306029,2026-01-26 12:25:00,5091.390714285714,SL,-1.0,-5.104285714285652,1
2026-01-26 17:30:00,5092.815,LONG,5081.811642857143,5109.320035714285,11.003357142857112,306091,2026-01-26 18:10:00,5081.811642857143,SL,-1.0,-11.003357142856657,8
2026-01-26 20:30:00,5054.979,SHORT,5069.218071428571,5033.620392857143,14.239071428571346,306127,2026-01-26 21:10:00,5033.620392857143,TP,1.5,21.35860714285718,8
2026-01-26 21:25:00,5020.149,SHORT,5032.024785714286,5002.335321428572,11.875785714285744,306138,2026-01-26 21:35:00,5002.335321428572,TP,1.5,17.81367857142868,2
2026-01-26 23:20:00,5045.265,SHORT,5058.6495,5025.18825,13.384499999999921,306149,2026-01-26 23:45:00,5058.6495,SL,-1.0,-13.384500000000116,5
2026-01-26 23:45:00,5056.148,SHORT,5066.192571428572,5041.081142857143,10.044571428571219,306154,2026-01-27 00:00:00,5041.081142857143,TP,1.5,15.066857142856861,3
2026-01-27 00:05:00,5047.395,SHORT,5056.639571428572,5033.528142857143,9.244571428571167,306158,2026-01-27 00:40:00,5033.528142857143,TP,1.5,13.866857142857043,7
2026-01-27 02:05:00,5065.165,LONG,5054.069785714286,5081.8078214285715,11.095214285714194,306182,2026-01-27 05:45:00,5081.8078214285715,TP,1.5,16.64282142857155,44
2026-01-27 08:10:00,5086.525,LONG,5079.4315,5097.16525,7.093500000000014,306255,2026-01-27 08:25:00,5079.4315,SL,-1.0,-7.093499999999949,3
2026-01-27 08:35:00,5078.835,LONG,5072.239785714286,5088.727821428572,6.5952142857143246,306260,2026-01-27 09:30:00,5088.727821428572,TP,1.5,9.892821428571551,11
2026-01-27 09:30:00,5089.435,LONG,5084.554,5096.7565,4.881000000000118,306271,2026-01-27 09:45:00,5084.554,SL,-1.0,-4.881000000000313,3
2026-01-27 10:35:00,5088.285,LONG,5082.664714285715,5096.715428571429,5.620285714285728,306284,2026-01-27 10:45:00,5082.664714285715,SL,-1.0,-5.620285714285274,2
2026-01-27 11:10:00,5090.025,LONG,5085.441142857143,5096.900785714285,4.5838571428570765,306291,2026-01-27 11:20:00,5085.441142857143,SL,-1.0,-4.5838571428566866,2
2026-01-27 11:35:00,5087.045,LONG,5082.973571428572,5093.152142857143,4.071428571428506,306296,2026-01-27 11:45:00,5082.973571428572,SL,-1.0,-4.0714285714284415,2
2026-01-27 12:00:00,5076.425,SHORT,5081.561928571428,5068.719607142857,5.136928571428533,306301,2026-01-27 12:05:00,5081.561928571428,SL,-1.0,-5.136928571428143,1
2026-01-27 13:10:00,5089.945,LONG,5083.789071428571,5099.178892857142,6.155928571428506,306315,2026-01-27 13:25:00,5083.789071428571,SL,-1.0,-6.155928571428376,3
2026-01-27 13:30:00,5076.395,SHORT,5083.550928571429,5065.661107142858,7.1559285714285705,306319,2026-01-27 14:05:00,5065.661107142858,TP,1.5,10.733892857142564,7
2026-01-27 15:25:00,5068.925,SHORT,5082.1981428571435,5049.015285714286,13.273142857143089,306342,2026-01-27 15:35:00,5082.1981428571435,SL,-1.0,-13.273142857143284,2
2026-01-27 17:05:00,5086.645,LONG,5079.635857142857,5097.158714285715,7.009142857142966,306362,2026-01-27 17:15:00,5079.635857142857,SL,-1.0,-7.009142857143161,2
2026-01-27 17:50:00,5081.925,LONG,5075.188785714286,5092.029321428571,6.73621428571427,306371,2026-01-27 18:45:00,5092.029321428571,TP,1.5,10.104321428570984,11
2026-01-27 19:10:00,5086.875,LONG,5080.985928571428,5095.7086071428575,5.8890714285714365,306387,2026-01-27 19:55:00,5095.7086071428575,TP,1.5,8.833607142857545,9
2026-01-27 23:45:00,5170.555,LONG,5161.252142857144,5184.509285714286,9.302857142857127,306430,2026-01-28 00:00:00,5161.252142857144,SL,-1.0,-9.302857142856737,3
2026-01-28 00:30:00,5166.135,LONG,5159.4785,5176.11975,6.656499999999921,306439,2026-01-28 00:50:00,5176.11975,TP,1.5,9.984749999999622,4
2026-01-28 04:50:00,5242.935,LONG,5237.4335,5251.18725,5.5014999999999805,306491,2026-01-28 05:05:00,5251.18725,TP,1.5,8.252249999999549,3
2026-01-28 06:45:00,5261.975,LONG,5255.414500000001,5271.815750000001,6.560500000000047,306514,2026-01-28 07:05:00,5271.815750000001,TP,1.5,9.840750000000298,4
2026-01-28 08:50:00,5292.965,LONG,5284.274071428572,5306.001392857143,8.690928571428556,306539,2026-01-28 09:10:00,5284.274071428572,SL,-1.0,-8.69092857142823,4
2026-01-28 09:30:00,5280.055,LONG,5270.060714285715,5295.046428571429,9.994285714285525,306547,2026-01-28 09:40:00,5270.060714285715,SL,-1.0,-9.99428571428507,2
2026-01-28 10:05:00,5281.605,LONG,5272.8202142857135,5294.782178571428,8.78478571428559,306554,2026-01-28 10:35:00,5272.8202142857135,SL,-1.0,-8.784785714286045,6
2026-01-28 10:40:00,5274.425,LONG,5268.160214285715,5283.822178571429,6.264785714285803,306561,2026-01-28 11:00:00,5268.160214285715,SL,-1.0,-6.264785714285608,4
2026-01-28 12:00:00,5255.755,SHORT,5265.6254285714285,5240.9493571428575,9.87042857142855,306577,2026-01-28 12:20:00,5265.6254285714285,SL,-1.0,-9.87042857142842,4
2026-01-28 12:25:00,5261.095,SHORT,5268.26,5250.3475,7.164999999999964,306582,2026-01-28 12:35:00,5268.26,SL,-1.0,-7.164999999999964,2
2026-01-28 14:25:00,5258.835,SHORT,5268.189071428571,5244.803892857143,9.354071428571388,306606,2026-01-28 14:35:00,5268.189071428571,SL,-1.0,-9.354071428570933,2
2026-01-28 16:00:00,5281.115,LONG,5264.345785714286,5306.268821428571,16.769214285714174,306625,2026-01-28 17:00:00,5306.268821428571,TP,1.5,25.153821428571064,12
2026-01-28 19:45:00,5315.825,LONG,5302.114,5336.3915,13.711000000000045,306670,2026-01-28 20:00:00,5336.3915,TP,1.5,20.566499999999905,3
2026-01-29 00:25:00,5496.865,LONG,5460.388857142857,5551.5792142857135,36.476142857142804,306714,2026-01-29 01:05:00,5460.388857142857,SL,-1.0,-36.476142857142804,8
2026-01-29 01:10:00,5479.105,LONG,5451.705,5520.205,27.40000000000009,306723,2026-01-29 01:30:00,5520.205,TP,1.5,41.100000000000364,4
2026-01-29 01:35:00,5524.335,LONG,5499.693285714286,5561.297571428571,24.64171428571431,306728,2026-01-29 04:30:00,5561.297571428571,TP,1.5,36.96257142857121,35
2026-01-29 05:45:00,5557.835,LONG,5545.033928571429,5577.036607142857,12.801071428571438,306778,2026-01-29 06:00:00,5577.036607142857,TP,1.5,19.20160714285703,3
2026-01-29 07:15:00,5564.415,LONG,5552.385714285714,5582.458928571428,12.029285714285834,306796,2026-01-29 07:20:00,5552.385714285714,SL,-1.0,-12.029285714285834,1
2026-01-29 08:15:00,5529.065,SHORT,5542.519357142857,5508.883464285714,13.454357142857264,306808,2026-01-29 08:40:00,5508.883464285714,TP,1.5,20.18153571428593,5
2026-01-29 11:55:00,5522.445,SHORT,5533.606928571428,5505.702107142857,11.161928571428493,306852,2026-01-29 12:10:00,5533.606928571428,SL,-1.0,-11.161928571428689,3
2026-01-29 13:55:00,5510.155,SHORT,5522.597785714285,5491.4908214285715,12.442785714285687,306876,2026-01-29 14:05:00,5522.597785714285,SL,-1.0,-12.442785714285492,2
2026-01-29 14:20:00,5525.855,LONG,5512.204785714285,5546.330321428571,13.65021428571429,306881,2026-01-29 14:25:00,5546.330321428571,TP,1.5,20.47532142857108,1
2026-01-29 14:35:00,5531.548,LONG,5514.305714285714,5557.411428571429,17.242285714285767,306884,2026-01-29 14:40:00,5514.305714285714,SL,-1.0,-17.242285714285572,1
2026-01-29 14:55:00,5496.045,SHORT,5516.379357142858,5465.543464285714,20.334357142857243,306888,2026-01-29 15:00:00,5465.543464285714,TP,1.5,30.501535714285637,1
2026-01-29 16:30:00,5281.348,SHORT,5351.208928571428,5176.556607142857,69.86092857142863,306907,2026-01-29 17:25:00,5351.208928571428,SL,-1.0,-69.8609285714283,11
2026-01-29 17:45:00,5358.705,SHORT,5387.383642857143,5315.687035714286,28.67864285714281,306922,2026-01-29 17:55:00,5315.687035714286,TP,1.5,43.01796428571379,2
2026-01-29 20:00:00,5294.205,SHORT,5316.068071428572,5261.410392857143,21.863071428571466,306949,2026-01-29 20:20:00,5316.068071428572,SL,-1.0,-21.863071428571857,4
2026-01-30 00:30:00,5428.835,LONG,5414.032142857143,5451.039285714286,14.802857142857127,306991,2026-01-30 00:40:00,5414.032142857143,SL,-1.0,-14.802857142856737,2
2026-01-30 04:05:00,5207.935,SHORT,5234.091428571429,5168.700357142858,26.156428571428478,307034,2026-01-30 05:15:00,5234.091428571429,SL,-1.0,-26.156428571428478,14
2026-01-30 05:20:00,5231.075,SHORT,5246.7720714285715,5207.529392857143,15.6970714285713,307049,2026-01-30 05:55:00,5207.529392857143,TP,1.5,23.54560714285708,7
2026-01-30 06:10:00,5190.295,SHORT,5209.046214285714,5162.168178571429,18.751214285714145,307059,2026-01-30 06:15:00,5162.168178571429,TP,1.5,28.12682142857102,1
2026-01-30 07:25:00,5174.175,SHORT,5196.815285714286,5140.214571428572,22.64028571428584,307074,2026-01-30 07:35:00,5140.214571428572,TP,1.5,33.960428571428565,2
2026-01-30 08:10:00,5145.165,SHORT,5167.996785714286,5110.917321428571,22.83178571428581,307083,2026-01-30 08:20:00,5167.996785714286,SL,-1.0,-22.831785714285616,2
2026-01-30 08:25:00,5151.755,SHORT,5174.014642857143,5118.365535714286,22.25964285714294,307086,2026-01-30 08:30:00,5118.365535714286,TP,1.5,33.389464285713984,1
2026-01-30 10:40:00,5077.025,SHORT,5112.1759999999995,5024.2985,35.15100000000003,307113,2026-01-30 10:55:00,5112.1759999999995,SL,-1.0,-35.15099999999984,3
2026-01-30 12:55:00,5063.545,SHORT,5087.962571428571,5026.918642857143,24.417571428571332,307140,2026-01-30 13:00:00,5087.962571428571,SL,-1.0,-24.417571428571136,1
2026-01-30 14:10:00,5051.875,SHORT,5080.782785714286,5008.5133214285715,28.907785714285897,307155,2026-01-30 14:20:00,5080.782785714286,SL,-1.0,-28.907785714285637,2
2026-01-30 15:50:00,5040.925,SHORT,5071.948071428572,4994.390392857143,31.02307142857158,307175,2026-01-30 16:20:00,4994.390392857143,TP,1.5,46.53460714285757,6
2026-01-30 19:10:00,4888.848,SHORT,4946.853428571429,4801.839857142857,58.005428571428574,307215,2026-01-30 19:55:00,4946.853428571429,SL,-1.0,-58.00542857142864,9
2026-01-30 20:20:00,4896.165,SHORT,4927.201428571429,4849.6103571428575,31.036428571428456,307229,2026-01-30 20:35:00,4849.6103571428575,TP,1.5,46.554642857142426,3
2026-01-30 21:35:00,4854.205,SHORT,4883.8378571428575,4809.755714285714,29.63285714285725,307244,2026-01-30 21:50:00,4883.8378571428575,SL,-1.0,-29.632857142857574,3
2026-02-02 00:20:00,4855.948,SHORT,4891.361571428572,4802.8276428571435,35.41357142857142,307264,2026-02-02 00:40:00,4802.8276428571435,TP,1.5,53.12035714285685,4
2026-02-02 02:20:00,4724.188,SHORT,4761.7505,4667.84425,37.562499999999936,307288,2026-02-02 02:30:00,4761.7505,SL,-1.0,-37.5625,2
2026-02-02 02:45:00,4728.635,SHORT,4757.946857142857,4684.667214285714,29.311857142857075,307293,2026-02-02 03:15:00,4684.667214285714,TP,1.5,43.96778571428604,6
2026-02-02 04:35:00,4666.195,SHORT,4700.296571428571,4615.042642857143,34.10157142857133,307315,2026-02-02 04:45:00,4700.296571428571,SL,-1.0,-34.10157142857133,2
2026-02-02 04:45:00,4685.815,SHORT,4719.803,4634.833,33.98799999999996,307317,2026-02-02 05:30:00,4634.833,TP,1.5,50.98199999999997,9
2026-02-02 07:15:00,4528.305,SHORT,4574.947285714286,4458.341571428572,46.64228571428579,307347,2026-02-02 07:40:00,4574.947285714286,SL,-1.0,-46.64228571428612,5
2026-02-02 07:55:00,4586.155,SHORT,4622.4007142857145,4531.786428571428,36.24571428571445,307355,2026-02-02 08:05:00,4622.4007142857145,SL,-1.0,-36.24571428571471,2
2026-02-02 08:10:00,4609.488,SHORT,4643.972785714286,4557.760821428572,34.48478571428586,307358,2026-02-02 08:20:00,4643.972785714286,SL,-1.0,-34.48478571428586,2
2026-02-02 09:05:00,4632.805,LONG,4604.2038571428575,4675.706714285715,28.601142857142868,307369,2026-02-02 09:25:00,4675.706714285715,TP,1.5,42.90171428571466,4
2026-02-02 10:35:00,4685.575,LONG,4661.792357142857,4721.2489642857145,23.782642857142815,307387,2026-02-02 10:45:00,4661.792357142857,SL,-1.0,-23.78264285714249,2
2026-02-02 10:45:00,4673.575,LONG,4649.790714285714,4709.251428571428,23.78428571428562,307389,2026-02-02 10:55:00,4709.251428571428,TP,1.5,35.676428571428005,2
2026-02-02 14:20:00,4700.775,LONG,4671.193714285714,4745.146928571428,29.581285714285645,307432,2026-02-02 14:30:00,4745.146928571428,TP,1.5,44.371928571428725,2
2026-02-02 15:00:00,4730.505,LONG,4696.4824285714285,4781.5388571428575,34.02257142857135,307440,2026-02-02 15:10:00,4696.4824285714285,SL,-1.0,-34.02257142857161,2
2026-02-02 15:25:00,4680.435,SHORT,4716.824857142858,4625.850214285715,36.38985714285712,307445,2026-02-02 15:55:00,4625.850214285715,TP,1.5,54.58478571428532,6
2026-02-02 16:25:00,4670.398,SHORT,4704.712214285714,4618.926678571429,34.314214285714115,307457,2026-02-02 17:05:00,4704.712214285714,SL,-1.0,-34.314214285714115,8
2026-02-02 17:50:00,4673.165,SHORT,4695.5400714285715,4639.602392857143,22.37507142857151,307474,2026-02-02 18:10:00,4639.602392857143,TP,1.5,33.562607142856905,4
2026-02-02 18:40:00,4656.335,SHORT,4676.697214285715,4625.791678571429,20.362214285714476,307484,2026-02-02 19:40:00,4676.697214285715,SL,-1.0,-20.3622142857148,12
2026-02-02 19:50:00,4690.688,SHORT,4711.046785714286,4660.149821428572,20.358785714285595,307498,2026-02-02 20:20:00,4660.149821428572,TP,1.5,30.538178571428034,6
2026-02-02 20:45:00,4666.415,SHORT,4687.997571428571,4634.041142857142,21.58257142857149,307509,2026-02-02 23:00:00,4687.997571428571,SL,-1.0,-21.5825714285711,15
2026-02-02 23:10:00,4717.435,LONG,4699.556642857143,4744.252535714286,17.878357142857176,307526,2026-02-02 23:20:00,4744.252535714286,TP,1.5,26.81753571428544,2
2026-02-03 01:10:00,4828.748,LONG,4805.956785714286,4862.934821428571,22.791214285714368,307550,2026-02-03 02:05:00,4805.956785714286,SL,-1.0,-22.791214285713977,11
2026-02-03 02:30:00,4773.355,LONG,4751.232571428571,4806.538642857142,22.122428571428436,307566,2026-02-03 02:45:00,4751.232571428571,SL,-1.0,-22.122428571428827,3
2026-02-03 02:45:00,4760.438,LONG,4737.511714285714,4794.827428571429,22.926285714285637,307569,2026-02-03 03:35:00,4794.827428571429,TP,1.5,34.38942857142865,10
2026-02-03 03:50:00,4798.305,LONG,4780.368857142857,4825.209214285715,17.936142857142904,307582,2026-02-03 05:20:00,4825.209214285715,TP,1.5,26.90421428571426,18
2026-02-03 06:20:00,4860.775,LONG,4845.798071428571,4883.240392857142,14.976928571428548,307612,2026-02-03 06:40:00,4883.240392857142,TP,1.5,22.465392857142433,4
2026-02-03 11:00:00,4902.675,LONG,4894.313285714286,4915.217571428571,8.361714285714243,307668,2026-02-03 11:20:00,4894.313285714286,SL,-1.0,-8.361714285713788,4
2026-02-03 11:25:00,4900.805,LONG,4890.691642857143,4915.975035714286,10.113357142856914,307673,2026-02-03 11:30:00,4915.975035714286,TP,1.5,15.170035714285405,1
2026-02-03 11:55:00,4916.475,LONG,4904.438357142858,4934.529964285714,12.036642857142722,307679,2026-02-03 12:00:00,4934.529964285714,TP,1.5,18.05496428571405,1
2026-02-03 12:55:00,4913.405,LONG,4901.273857142856,4931.6017142857145,12.131142857143004,307691,2026-02-03 13:25:00,4931.6017142857145,TP,1.5,18.196714285714734,6
2026-02-03 14:45:00,4923.008,LONG,4905.311071428571,4949.553392857143,17.696928571428607,307713,2026-02-03 15:00:00,4905.311071428571,SL,-1.0,-17.696928571428543,3
2026-02-03 15:00:00,4918.675,LONG,4901.0542857142855,4945.106071428571,17.62071428571432,307716,2026-02-03 15:10:00,4945.106071428571,TP,1.5,26.43107142857116,2
2026-02-03 15:35:00,4916.445,LONG,4898.829285714285,4942.868571428571,17.615714285714212,307723,2026-02-03 16:00:00,4942.868571428571,TP,1.5,26.42357142857145,5
2026-02-03 17:10:00,4943.418,LONG,4926.752071428571,4968.416892857143,16.66592857142853,307742,2026-02-03 17:20:00,4968.416892857143,TP,1.5,24.99889285714289,2
2026-02-03 17:45:00,4932.275,LONG,4912.049928571429,4962.612607142857,20.225071428571418,307749,2026-02-03 18:25:00,4912.049928571429,SL,-1.0,-20.225071428571027,8
2026-02-03 19:45:00,4934.845,SHORT,4951.417357142857,4909.986464285715,16.572357142857072,307773,2026-02-03 20:00:00,4909.986464285715,TP,1.5,24.85853571428561,3
2026-02-03 21:50:00,4943.315,LONG,4932.058714285714,4960.199428571428,11.256285714285891,307798,2026-02-03 23:00:00,4960.199428571428,TP,1.5,16.884428571428543,2
2026-02-04 03:00:00,5047.655,LONG,5034.4895,5067.403249999999,13.165499999999936,307848,2026-02-04 03:35:00,5067.403249999999,TP,1.5,19.748249999999643,7
2026-02-04 04:40:00,5071.525,LONG,5063.476285714285,5083.598071428571,8.04871428571414,307868,2026-02-04 05:15:00,5083.598071428571,TP,1.5,12.073071428570984,7
2026-02-04 06:15:00,5065.255,LONG,5056.167571428571,5078.886142857143,9.087428571428648,307887,2026-02-04 06:20:00,5056.167571428571,SL,-1.0,-9.087428571428973,1
2026-02-04 06:55:00,5076.275,LONG,5066.131642857143,5091.490035714285,10.143357142857244,307895,2026-02-04 07:00:00,5066.131642857143,SL,-1.0,-10.143357142856985,1
2026-02-04 08:05:00,5085.585,LONG,5075.234285714286,5101.111071428571,10.350714285714405,307909,2026-02-04 08:30:00,5075.234285714286,SL,-1.0,-10.350714285714275,5
2026-02-04 08:45:00,5080.605,LONG,5071.3124285714275,5094.543857142857,9.292571428571591,307917,2026-02-04 08:50:00,5071.3124285714275,SL,-1.0,-9.292571428572046,1
2026-02-04 08:55:00,5083.138,LONG,5073.636928571428,5097.389607142857,9.501071428571581,307919,2026-02-04 09:10:00,5073.636928571428,SL,-1.0,-9.501071428571777,3
2026-02-04 09:20:00,5064.099,LONG,5055.007,5077.737,9.092000000000098,307924,2026-02-04 09:30:00,5055.007,SL,-1.0,-9.092000000000553,2
2026-02-04 12:15:00,5042.995,SHORT,5053.483285714286,5027.262571428571,10.488285714285732,307959,2026-02-04 12:30:00,5053.483285714286,SL,-1.0,-10.488285714285666,3
2026-02-04 13:35:00,5046.835,SHORT,5058.678571428572,5029.069642857143,11.843571428571456,307975,2026-02-04 13:50:00,5058.678571428572,SL,-1.0,-11.843571428571522,3
2026-02-04 17:40:00,4907.118,SHORT,4930.743,4871.6805,23.624999999999805,308024,2026-02-04 18:25:00,4930.743,SL,-1.0,-23.625,9
2026-02-04 19:00:00,4914.665,SHORT,4931.777857142857,4888.995714285715,17.112857142857138,308040,2026-02-04 19:05:00,4931.777857142857,SL,-1.0,-17.112857142857138,1
2026-02-04 19:30:00,4930.995,SHORT,4946.694071428571,4907.446392857142,15.699071428571576,308046,2026-02-04 19:45:00,4946.694071428571,SL,-1.0,-15.699071428571187,3
2026-02-05 07:40:00,4909.965,LONG,4895.180928571429,4932.141107142857,14.784071428571549,308180,2026-02-05 08:10:00,4932.141107142857,TP,1.5,22.17610714285729,6
2026-02-05 11:15:00,4880.545,SHORT,4892.480857142857,4862.641214285714,11.935857142857003,308223,2026-02-05 11:20:00,4892.480857142857,SL,-1.0,-11.935857142856548,1
2026-02-05 11:30:00,4887.265,SHORT,4898.4015714285715,4870.560142857144,11.136571428571317,308226,2026-02-05 11:40:00,4870.560142857144,TP,1.5,16.70485714285678,2
2026-02-05 11:40:00,4871.325,SHORT,4881.912285714286,4855.444071428571,10.587285714285631,308228,2026-02-05 11:45:00,4881.912285714286,SL,-1.0,-10.587285714285827,1
2026-02-05 11:45:00,4871.079,SHORT,4881.8598571428565,4854.907714285714,10.780857142856998,308229,2026-02-05 12:05:00,4854.907714285714,TP,1.5,16.17128571428566,4
2026-02-05 13:25:00,4849.798,SHORT,4872.963928571428,4815.049107142857,23.1659285714284,308249,2026-02-05 14:00:00,4815.049107142857,TP,1.5,34.74889285714289,7
2026-02-05 14:10:00,4813.895,SHORT,4836.880428571429,4779.416857142857,22.985428571428656,308258,2026-02-05 14:25:00,4836.880428571429,SL,-1.0,-22.9854285714282,3
2026-02-05 14:45:00,4849.615,SHORT,4872.390428571429,4815.451857142857,22.77542857142862,308265,2026-02-05 15:25:00,4815.451857142857,TP,1.5,34.1631428571427,8
2026-02-05 15:30:00,4813.935,SHORT,4839.450357142858,4775.661964285715,25.51535714285715,308274,2026-02-05 16:10:00,4839.450357142858,SL,-1.0,-25.515357142857283,8
2026-02-05 16:10:00,4820.089,SHORT,4841.859714285714,4787.432928571428,21.770714285714284,308282,2026-02-05 16:20:00,4841.859714285714,SL,-1.0,-21.770714285714348,2
2026-02-05 17:40:00,4870.345,LONG,4853.085857142857,4896.233714285715,17.2591428571429,308300,2026-02-05 18:15:00,4853.085857142857,SL,-1.0,-17.25914285714316,7
2026-02-05 18:20:00,4864.645,LONG,4850.456571428572,4885.927642857143,14.188428571428435,308308,2026-02-05 19:05:00,4850.456571428572,SL,-1.0,-14.18842857142863,9
2026-02-05 19:15:00,4853.245,LONG,4839.585214285714,4873.734678571429,13.65978571428585,308319,2026-02-05 19:30:00,4839.585214285714,SL,-1.0,-13.659785714286045,3
2026-02-05 19:35:00,4832.475,SHORT,4845.530000000001,4812.8925,13.055000000000161,308323,2026-02-05 20:20:00,4812.8925,TP,1.5,19.582500000000437,9
2026-02-05 21:05:00,4808.345,SHORT,4823.5005,4785.61175,15.155499999999913,308341,2026-02-05 21:30:00,4785.61175,TP,1.5,22.733250000000226,5
2026-02-06 01:05:00,4736.548,SHORT,4764.964714285714,4693.922928571428,28.416714285714402,308377,2026-02-06 01:50:00,4764.964714285714,SL,-1.0,-28.41671428571408,9
2026-02-06 02:00:00,4769.365,SHORT,4797.682428571428,4726.888857142857,28.317428571428472,308388,2026-02-06 02:15:00,4797.682428571428,SL,-1.0,-28.317428571428536,3
2026-02-06 03:45:00,4820.525,LONG,4803.759642857142,4845.673035714286,16.765357142857347,308409,2026-02-06 05:25:00,4845.673035714286,TP,1.5,25.14803571428638,20
2026-02-06 05:30:00,4854.375,LONG,4843.776428571428,4870.272857142857,10.598571428571372,308430,2026-02-06 05:40:00,4870.272857142857,TP,1.5,15.897857142856992,2
2026-02-06 07:20:00,4851.065,LONG,4837.547428571428,4871.341357142856,13.51757142857137,308452,2026-02-06 08:00:00,4837.547428571428,SL,-1.0,-13.5175714285715,8
2026-02-06 08:05:00,4840.999,LONG,4830.4855,4856.769249999999,10.513499999999892,308461,2026-02-06 08:15:00,4856.769249999999,TP,1.5,15.770249999999578,2
2026-02-06 08:50:00,4860.599,LONG,4849.0285,4877.95475,11.570499999999877,308470,2026-02-06 09:00:00,4849.0285,SL,-1.0,-11.57049999999981,2
2026-02-06 09:15:00,4847.205,LONG,4834.096214285714,4866.868178571428,13.108785714285593,308475,2026-02-06 09:35:00,4866.868178571428,TP,1.5,19.663178571428034,4
2026-02-06 11:20:00,4888.725,LONG,4877.958928571429,4904.874107142858,10.766071428571324,308500,2026-02-06 12:20:00,4877.958928571429,SL,-1.0,-10.766071428571195,12
2026-02-06 14:25:00,4904.855,LONG,4891.186142857143,4925.358285714286,13.668857142857112,308537,2026-02-06 14:30:00,4925.358285714286,TP,1.5,20.503285714285994,1
2026-02-06 16:00:00,4949.625,LONG,4934.352357142857,4972.533964285714,15.272642857142857,308556,2026-02-06 16:15:00,4934.352357142857,SL,-1.0,-15.272642857143182,3
2026-02-06 16:15:00,4942.115,LONG,4928.5677857142855,4962.435821428571,13.54721428571429,308559,2026-02-06 16:25:00,4928.5677857142855,SL,-1.0,-13.54721428571429,2
2026-02-06 16:25:00,4938.255,LONG,4924.165142857143,4959.389785714286,14.089857142857129,308561,2026-02-06 17:05:00,4959.389785714286,TP,1.5,21.1347857142855,8
2026-02-06 18:30:00,4960.135,LONG,4951.372357142857,4973.278964285715,8.762642857143094,308586,2026-02-06 19:35:00,4951.372357142857,SL,-1.0,-8.762642857142964,13
2026-02-06 19:45:00,4961.455,LONG,4956.458071428571,4968.950392857143,4.99692857142866,308601,2026-02-06 19:55:00,4956.458071428571,SL,-1.0,-4.996928571428725,2
2026-02-06 20:25:00,4954.645,LONG,4949.2966428571435,4962.667535714286,5.348357142857042,308609,2026-02-06 20:30:00,4949.2966428571435,SL,-1.0,-5.348357142856912,1
2026-02-06 20:35:00,4942.975,LONG,4936.587142857144,4952.556785714286,6.387857142857034,308611,2026-02-06 20:50:00,4952.556785714286,TP,1.5,9.581785714285616,3
2026-02-06 20:55:00,4953.098,LONG,4946.3625,4963.20125,6.735499999999969,308615,2026-02-06 21:10:00,4946.3625,SL,-1.0,-6.7354999999997744,3
2026-02-06 21:15:00,4949.995,LONG,4942.943071428571,4960.572892857143,7.051928571428822,308619,2026-02-06 21:35:00,4960.572892857143,TP,1.5,10.577892857143524,4
2026-02-09 01:10:00,5018.535,LONG,5004.836571428571,5039.082642857143,13.69842857142846,308654,2026-02-09 01:30:00,5004.836571428571,SL,-1.0,-13.698428571428849,4
2026-02-09 02:30:00,5004.415,LONG,4988.953785714286,5027.6068214285715,15.461214285714245,308670,2026-02-09 02:40:00,4988.953785714286,SL,-1.0,-15.46121428571405,2
2026-02-09 03:00:00,5015.685,LONG,5003.3925714285715,5034.123642857143,12.29242857142851,308676,2026-02-09 05:35:00,5034.123642857143,TP,1.5,18.43864285714244,31
2026-02-09 05:50:00,5034.795,LONG,5027.392357142857,5045.898964285714,7.402642857142837,308710,2026-02-09 06:20:00,5027.392357142857,SL,-1.0,-7.402642857143292,6
2026-02-09 06:40:00,5035.045,LONG,5025.6609285714285,5049.121107142857,9.384071428571522,308720,2026-02-09 07:00:00,5025.6609285714285,SL,-1.0,-9.384071428571588,4
2026-02-09 07:15:00,5013.225,LONG,5003.263714285715,5028.166928571429,9.961285714285818,308727,2026-02-09 07:20:00,5003.263714285715,SL,-1.0,-9.961285714285623,1
2026-02-09 09:15:00,5025.985,LONG,5018.227357142857,5037.621464285714,7.757642857142725,308751,2026-02-09 09:25:00,5018.227357142857,SL,-1.0,-7.757642857142855,2
2026-02-09 10:20:00,5006.035,SHORT,5013.9469285714285,4994.167107142857,7.911928571428559,308764,2026-02-09 10:25:00,4994.167107142857,TP,1.5,11.867892857142579,1
2026-02-09 11:45:00,5008.005,SHORT,5016.260714285714,4995.621428571429,8.255714285714216,308781,2026-02-09 11:50:00,5016.260714285714,SL,-1.0,-8.25571428571402,1
2026-02-09 14:15:00,5015.285,SHORT,5024.962642857143,5000.7685357142855,9.677642857142928,308811,2026-02-09 14:30:00,5024.962642857143,SL,-1.0,-9.677642857142928,3
2026-02-09 15:20:00,5032.398,LONG,5022.826785714286,5046.754821428572,9.571214285714111,308824,2026-02-09 15:30:00,5046.754821428572,TP,1.5,14.356821428571493,2
2026-02-09 18:25:00,5053.955,LONG,5046.379285714285,5065.318571428571,7.575714285714314,308861,2026-02-09 19:00:00,5065.318571428571,TP,1.5,11.36357142857105,7
2026-02-09 19:05:00,5067.295,LONG,5060.968071428571,5076.785392857143,6.326928571428588,308869,2026-02-09 19:30:00,5076.785392857143,TP,1.5,9.490392857142979,5
2026-02-09 20:50:00,5081.205,LONG,5076.45,5088.3375,4.754999999999915,308890,2026-02-09 20:55:00,5076.45,SL,-1.0,-4.755000000000109,1
2026-02-09 21:15:00,5064.755,LONG,5058.647785714286,5073.915821428572,6.107214285714106,308895,2026-02-09 21:25:00,5058.647785714286,SL,-1.0,-6.1072142857137806,2
2026-02-09 23:05:00,5046.048,SHORT,5055.234714285714,5032.2679285714285,9.18671428571432,308905,2026-02-09 23:10:00,5032.2679285714285,TP,1.5,13.780071428571318,1
2026-02-09 23:15:00,5010.368,SHORT,5023.619214285714,4990.4911785714285,13.251214285714338,308907,2026-02-09 23:20:00,5023.619214285714,SL,-1.0,-13.251214285714013,1
2026-02-10 00:10:00,5034.445,SHORT,5051.616285714285,5008.688071428572,17.171285714285595,308918,2026-02-10 00:45:00,5008.688071428572,TP,1.5,25.756928571428034,7
2026-02-10 00:45:00,5016.785,SHORT,5028.468071428571,4999.2603928571425,11.683071428571436,308925,2026-02-10 01:05:00,5028.468071428571,SL,-1.0,-11.683071428571566,4
2026-02-10 02:15:00,5041.215,SHORT,5050.597714285715,5027.140928571429,9.382714285714169,308943,2026-02-10 02:20:00,5050.597714285715,SL,-1.0,-9.382714285714428,1
2026-02-10 05:00:00,5030.825,SHORT,5037.243285714286,5021.197571428571,6.418285714285697,308976,2026-02-10 05:20:00,5021.197571428571,TP,1.5,9.627428571428936,4
2026-02-10 06:30:00,5037.335,LONG,5030.360928571428,5047.796107142857,6.974071428571539,308994,2026-02-10 06:40:00,5030.360928571428,SL,-1.0,-6.974071428571733,2
2026-02-10 07:10:00,5028.505,SHORT,5035.5343571428575,5017.960964285714,7.029357142857342,309002,2026-02-10 07:50:00,5035.5343571428575,SL,-1.0,-7.029357142857407,8
2026-02-10 09:55:00,5046.535,LONG,5039.302714285714,5057.383428571428,7.232285714285808,309035,2026-02-10 10:15:00,5039.302714285714,SL,-1.0,-7.232285714286263,4
2026-02-10 10:15:00,5041.155,LONG,5035.176571428571,5050.122642857143,5.978428571428659,309039,2026-02-10 10:25:00,5050.122642857143,TP,1.5,8.967642857142891,2
2026-02-10 11:25:00,5047.585,LONG,5042.037285714286,5055.906571428572,5.547714285714327,309053,2026-02-10 11:50:00,5055.906571428572,TP,1.5,8.321571428571588,5
2026-02-10 11:55:00,5055.675,LONG,5050.320142857143,5063.707285714286,5.354857142857067,309059,2026-02-10 12:05:00,5050.320142857143,SL,-1.0,-5.354857142857327,2
2026-02-10 12:25:00,5046.235,LONG,5040.258285714285,5055.2000714285705,5.976714285714154,309065,2026-02-10 12:40:00,5040.258285714285,SL,-1.0,-5.976714285714479,3
2026-02-10 13:20:00,5038.625,SHORT,5047.086428571429,5025.932857142857,8.46142857142864,309076,2026-02-10 13:30:00,5047.086428571429,SL,-1.0,-8.461428571428769,2
2026-02-10 13:35:00,5048.825,SHORT,5058.578571428571,5034.194642857143,9.753571428571572,309079,2026-02-10 14:15:00,5058.578571428571,SL,-1.0,-9.753571428571377,8
2026-02-10 15:35:00,5007.615,SHORT,5021.531285714285,4986.7405714285715,13.91628571428542,309103,2026-02-10 15:45:00,5021.531285714285,SL,-1.0,-13.91628571428555,2
2026-02-10 17:05:00,5022.455,SHORT,5030.754285714286,5010.006071428571,8.299285714285945,309121,2026-02-10 17:15:00,5030.754285714286,SL,-1.0,-8.29928571428627,2
2026-02-10 17:55:00,5025.915,SHORT,5032.007785714286,5016.775821428571,6.092785714285843,309131,2026-02-10 18:05:00,5016.775821428571,TP,1.5,9.139178571428602,2
2026-02-10 21:25:00,5025.815,LONG,5020.539,5033.728999999999,5.27599999999997,309173,2026-02-10 21:45:00,5020.539,SL,-1.0,-5.27599999999984,4
2026-02-11 00:15:00,5038.795,LONG,5031.844071428572,5049.221392857143,6.9509285714285785,309195,2026-02-11 00:35:00,5049.221392857143,TP,1.5,10.426392857142673,4
2026-02-11 01:00:00,5044.285,LONG,5036.634928571429,5055.760107142857,7.6500714285714695,309204,2026-02-11 01:05:00,5036.634928571429,SL,-1.0,-7.650071428571209,1
2026-02-11 01:30:00,5040.015,LONG,5032.851142857143,5050.760785714286,7.163857142857133,309210,2026-02-11 01:55:00,5050.760785714286,TP,1.5,10.745785714285375,5
2026-02-11 02:15:00,5043.835,LONG,5036.033357142857,5055.537464285714,7.801642857142919,309219,2026-02-11 02:45:00,5055.537464285714,TP,1.5,11.702464285714086,6
2026-02-11 06:05:00,5055.375,LONG,5050.1050000000005,5063.28,5.269999999999852,309265,2026-02-11 06:55:00,5063.28,TP,1.5,7.904999999999745,10
2026-02-11 07:25:00,5059.645,LONG,5052.877571428572,5069.796142857143,6.767428571428679,309281,2026-02-11 07:40:00,5052.877571428572,SL,-1.0,-6.767428571428354,3
2026-02-11 08:15:00,5051.968,LONG,5045.792714285714,5061.230928571428,6.1752857142856294,309291,2026-02-11 08:30:00,5045.792714285714,SL,-1.0,-6.175285714285565,3
2026-02-11 09:00:00,5052.665,SHORT,5056.964285714285,5046.216071428572,4.299285714285555,309300,2026-02-11 09:30:00,5056.964285714285,SL,-1.0,-4.299285714285361,6
2026-02-11 12:20:00,5096.215,LONG,5087.5015,5109.28525,8.713500000000035,309340,2026-02-11 12:30:00,5087.5015,SL,-1.0,-8.71349999999984,2
2026-02-11 14:10:00,5073.685,SHORT,5089.414785714286,5050.090321428572,15.729785714285754,309362,2026-02-11 14:35:00,5050.090321428572,TP,1.5,23.59467857142863,5
2026-02-11 15:35:00,5046.015,SHORT,5061.304071428572,5023.081392857143,15.289071428571399,309379,2026-02-11 15:55:00,5061.304071428572,SL,-1.0,-15.289071428571333,4
2026-02-11 16:00:00,5056.635,SHORT,5069.635,5037.135,12.999999999999934,309384,2026-02-11 16:30:00,5069.635,SL,-1.0,-13.0,6
2026-02-11 16:40:00,5073.698,SHORT,5084.227214285715,5057.904178571429,10.529214285714131,309392,2026-02-11 17:10:00,5084.227214285715,SL,-1.0,-10.52921428571426,6
2026-02-11 18:45:00,5084.175,LONG,5075.900928571428,5096.586107142857,8.27407142857159,309417,2026-02-11 21:30:00,5075.900928571428,SL,-1.0,-8.274071428571915,33
2026-02-12 01:30:00,5056.395,SHORT,5064.239714285714,5044.627928571429,7.844714285714223,309486,2026-02-12 02:00:00,5064.239714285714,SL,-1.0,-7.8447142857139625,6
2026-02-12 02:05:00,5067.105,SHORT,5075.4076428571425,5054.651035714285,8.302642857142798,309493,2026-02-12 03:25:00,5054.651035714285,TP,1.5,12.453964285714392,16
2026-02-12 03:45:00,5058.459,SHORT,5064.730357142857,5049.051964285714,6.271357142857271,309513,2026-02-12 04:55:00,5064.730357142857,SL,-1.0,-6.271357142857596,14
2026-02-12 05:55:00,5075.315,LONG,5069.506142857143,5084.028285714286,5.808857142857245,309539,2026-02-12 06:00:00,5069.506142857143,SL,-1.0,-5.80885714285705,1
2026-02-12 08:45:00,5061.735,SHORT,5066.672857142857,5054.328214285714,4.937857142857021,309573,2026-02-12 08:50:00,5066.672857142857,SL,-1.0,-4.937857142856956,1
2026-02-12 11:10:00,5060.785,SHORT,5065.094,5054.3215,4.309000000000067,309602,2026-02-12 11:25:00,5065.094,SL,-1.0,-4.3090000000001965,3
2026-02-12 11:25:00,5062.385,SHORT,5066.306142857143,5056.503285714286,3.921142857142903,309605,2026-02-12 11:50:00,5066.306142857143,SL,-1.0,-3.921142857142513,5
2026-02-12 11:55:00,5063.505,SHORT,5067.005214285715,5058.2546785714285,3.5002142857142644,309611,2026-02-12 12:05:00,5058.2546785714285,TP,1.5,5.250321428571624,2
2026-02-12 12:35:00,5063.485,SHORT,5067.381214285714,5057.640678571428,3.896214285714255,309619,2026-02-12 12:40:00,5057.640678571428,TP,1.5,5.844321428571675,1
2026-02-12 13:35:00,5074.365,LONG,5067.400214285714,5084.812178571428,6.964785714285621,309631,2026-02-12 14:05:00,5067.400214285714,SL,-1.0,-6.964785714285426,6
2026-02-12 14:40:00,5055.955,SHORT,5064.956928571429,5042.452107142857,9.001928571428445,309644,2026-02-12 14:55:00,5042.452107142857,TP,1.5,13.502892857142797,3
2026-02-12 17:25:00,4965.428,SHORT,4990.3447857142855,4928.052821428571,24.916785714285783,309677,2026-02-12 18:05:00,4928.052821428571,TP,1.5,37.37517857142848,8
2026-02-12 18:55:00,4935.245,SHORT,4950.582142857143,4912.239285714286,15.33714285714268,309695,2026-02-12 19:45:00,4950.582142857143,SL,-1.0,-15.33714285714268,10
2026-02-12 23:25:00,4919.635,SHORT,4928.566428571429,4906.237857142857,8.931428571428635,309737,2026-02-12 23:40:00,4906.237857142857,TP,1.5,13.39714285714308,3
2026-02-13 00:15:00,4939.095,SHORT,4951.182428571428,4920.963857142858,12.087428571428452,309747,2026-02-13 01:00:00,4951.182428571428,SL,-1.0,-12.087428571428063,9
2026-02-13 03:35:00,4978.305,LONG,4970.837357142857,4989.506464285715,7.467642857142956,309787,2026-02-13 04:15:00,4989.506464285715,TP,1.5,11.201464285714792,8
2026-02-13 07:05:00,4958.115,SHORT,4967.2336428571425,4944.437035714285,9.118642857143056,309829,2026-02-13 07:15:00,4967.2336428571425,SL,-1.0,-9.118642857142731,2
2026-02-13 09:15:00,4978.655,LONG,4971.952428571429,4988.708857142857,6.702571428571251,309855,2026-02-13 09:25:00,4971.952428571429,SL,-1.0,-6.702571428570991,2
2026-02-13 10:00:00,4971.475,LONG,4964.695214285714,4981.644678571429,6.7797857142856754,309864,2026-02-13 10:45:00,4964.695214285714,SL,-1.0,-6.779785714285936,9
2026-02-13 12:05:00,4956.649,SHORT,4965.612571428572,4943.203642857144,8.963571428571347,309889,2026-02-13 12:15:00,4965.612571428572,SL,-1.0,-8.963571428571413,2
2026-02-13 13:30:00,4993.165,LONG,4984.323071428571,5006.427892857143,8.84192857142872,309906,2026-02-13 13:35:00,4984.323071428571,SL,-1.0,-8.84192857142898,1
2026-02-13 13:50:00,4985.865,LONG,4975.280142857142,5001.742285714286,10.584857142857345,309910,2026-02-13 14:15:00,5001.742285714286,TP,1.5,15.87728571428579,5
2026-02-13 14:40:00,4991.205,LONG,4977.8885,5011.17975,13.316500000000165,309920,2026-02-13 15:25:00,5011.17975,TP,1.5,19.974750000000313,9
2026-02-13 16:20:00,5009.665,LONG,4997.983571428572,5027.187142857143,11.681428571428503,309940,2026-02-13 16:25:00,5027.187142857143,TP,1.5,17.52214285714308,1
2026-02-13 17:10:00,5015.395,LONG,5006.243,5029.1230000000005,9.152000000000044,309950,2026-02-13 17:15:00,5006.243,SL,-1.0,-9.152000000000044,1
2026-02-13 20:15:00,5031.165,LONG,5025.633071428571,5039.462892857143,5.531928571428709,309987,2026-02-13 20:30:00,5025.633071428571,SL,-1.0,-5.53192857142858,3
2026-02-13 20:55:00,5032.315,LONG,5025.777642857142,5042.121035714285,6.537357142857218,309995,2026-02-13 21:45:00,5042.121035714285,TP,1.5,9.806035714285827,10
2026-02-15 23:30:00,5029.375,LONG,5020.032857142857,5043.388214285715,9.34214285714279,310014,2026-02-15 23:40:00,5020.032857142857,SL,-1.0,-9.34214285714279,2
2026-02-16 00:55:00,5015.265,SHORT,5022.119571428571,5004.983142857143,6.854571428571295,310031,2026-02-16 01:10:00,5022.119571428571,SL,-1.0,-6.854571428571035,3
2026-02-16 02:30:00,5018.865,SHORT,5022.51,5013.3975,3.644999999999982,310050,2026-02-16 02:35:00,5013.3975,TP,1.5,5.467499999999745,1
2026-02-16 05:30:00,4985.335,SHORT,4990.261642857143,4977.945035714286,4.926642857142724,310086,2026-02-16 05:55:00,4990.261642857143,SL,-1.0,-4.926642857142724,5
2026-02-16 06:00:00,4988.235,SHORT,4993.207642857143,4980.776035714285,4.97264285714274,310092,2026-02-16 06:25:00,4993.207642857143,SL,-1.0,-4.972642857143001,5
2026-02-16 10:20:00,5009.645,LONG,5005.389714285715,5016.02792857143,4.255285714285817,310144,2026-02-16 10:25:00,5005.389714285715,SL,-1.0,-4.255285714285492,1
2026-02-16 10:30:00,5005.945,LONG,5001.527571428571,5012.571142857143,4.41742857142864,310146,2026-02-16 11:05:00,5001.527571428571,SL,-1.0,-4.4174285714289,7
2026-02-16 13:35:00,4993.415,SHORT,4998.1993571428575,4986.238464285714,4.784357142857126,310183,2026-02-16 13:55:00,4998.1993571428575,SL,-1.0,-4.784357142857516,4
2026-02-16 14:15:00,4994.695,SHORT,4999.3265,4987.7477499999995,4.63150000000009,310191,2026-02-16 14:35:00,4987.7477499999995,TP,1.5,6.947250000000167,4
2026-02-16 16:05:00,4974.885,SHORT,4980.336714285715,4966.707428571429,5.451714285714388,310213,2026-02-16 16:15:00,4980.336714285715,SL,-1.0,-5.451714285714843,2
2026-02-16 16:35:00,4987.115,SHORT,4991.707642857143,4980.226035714285,4.592642857143086,310219,2026-02-16 17:00:00,4991.707642857143,SL,-1.0,-4.592642857142891,5
2026-02-16 18:40:00,4995.115,LONG,4992.365642857143,4999.239035714286,2.7493571428570767,310244,2026-02-16 19:10:00,4992.365642857143,SL,-1.0,-2.749357142856752,6
2026-02-16 23:00:00,4997.448,LONG,4994.302785714286,5002.165821428572,3.145214285714311,310254,2026-02-16 23:05:00,4994.302785714286,SL,-1.0,-3.145214285714246,1
2026-02-16 23:50:00,4993.395,LONG,4987.5400714285715,5002.177392857144,5.85492857142864,310264,2026-02-17 00:00:00,4987.5400714285715,SL,-1.0,-5.8549285714289,2
2026-02-17 02:20:00,4967.145,SHORT,4972.543857142858,4959.046714285715,5.398857142857131,310294,2026-02-17 03:10:00,4959.046714285715,TP,1.5,8.098285714285339,10
2026-02-17 03:10:00,4961.215,SHORT,4966.0455,4953.96925,4.830500000000029,310304,2026-02-17 03:25:00,4953.96925,TP,1.5,7.245750000000044,3
2026-02-17 03:55:00,4956.505,SHORT,4961.564785714286,4948.915321428572,5.059785714285551,310313,2026-02-17 04:05:00,4948.915321428572,TP,1.5,7.5896785714285215,2
2026-02-17 04:30:00,4953.505,SHORT,4958.463571428571,4946.067142857143,4.958571428571369,310320,2026-02-17 05:05:00,4946.067142857143,TP,1.5,7.437857142856956,7
2026-02-17 07:05:00,4908.175,SHORT,4915.592071428571,4897.049392857143,7.41707142857136,310351,2026-02-17 07:20:00,4915.592071428571,SL,-1.0,-7.417071428571035,3
2026-02-17 07:25:00,4907.805,SHORT,4914.593785714286,4897.621821428572,6.788785714285625,310355,2026-02-17 07:35:00,4914.593785714286,SL,-1.0,-6.78878571428595,2
2026-02-17 08:30:00,4919.365,SHORT,4926.260714285714,4909.021428571428,6.895714285714088,310368,2026-02-17 09:00:00,4926.260714285714,SL,-1.0,-6.895714285714348,6
2026-02-17 09:10:00,4921.475,SHORT,4927.8619285714285,4911.894607142858,6.386928571428338,310376,2026-02-17 09:50:00,4927.8619285714285,SL,-1.0,-6.386928571428143,8
2026-02-17 10:00:00,4927.115,LONG,4921.216642857143,4935.962535714285,5.898357142857094,310386,2026-02-17 10:10:00,4935.962535714285,TP,1.5,8.847535714285186,2
2026-02-17 10:35:00,4925.975,LONG,4919.733785714287,4935.336821428572,6.241214285714185,310393,2026-02-17 10:45:00,4919.733785714287,SL,-1.0,-6.241214285713795,2
2026-02-17 11:45:00,4929.055,LONG,4923.459071428571,4937.448892857143,5.59592857142856,310407,2026-02-17 11:55:00,4923.459071428571,SL,-1.0,-5.595928571428885,2
2026-02-17 14:40:00,4869.905,SHORT,4888.487214285714,4842.0316785714285,18.582214285714276,310442,2026-02-17 16:05:00,4888.487214285714,SL,-1.0,-18.582214285714144,17
2026-02-17 16:35:00,4878.105,SHORT,4888.416142857142,4862.638285714285,10.31114285714271,310465,2026-02-17 17:00:00,4862.638285714285,TP,1.5,15.46671428571426,5
2026-02-17 17:05:00,4865.165,SHORT,4874.688785714286,4850.8793214285715,9.523785714285493,310471,2026-02-17 17:10:00,4850.8793214285715,TP,1.5,14.285678571428434,1
2026-02-17 19:35:00,4885.175,LONG,4877.056642857143,4897.352535714286,8.118357142857219,310501,2026-02-17 20:00:00,4877.056642857143,SL,-1.0,-8.118357142857349,5
2026-02-17 21:35:00,4878.795,SHORT,4884.085571428572,4870.8591428571435,5.2905714285713135,310525,2026-02-17 23:00:00,4870.8591428571435,TP,1.5,7.935857142856548,5
2026-02-17 23:30:00,4869.025,SHORT,4876.832214285714,4857.314178571428,7.807214285714443,310536,2026-02-17 23:50:00,4857.314178571428,TP,1.5,11.710821428571762,4
2026-02-18 06:15:00,4927.315,LONG,4923.484285714286,4933.061071428571,3.8307142857142287,310617,2026-02-18 06:45:00,4933.061071428571,TP,1.5,5.746071428571668,6
2026-02-18 07:00:00,4934.665,LONG,4930.369857142857,4941.107714285714,4.295142857142829,310626,2026-02-18 07:10:00,4941.107714285714,TP,1.5,6.442714285713919,2
2026-02-18 08:20:00,4926.455,LONG,4922.458928571428,4932.449107142857,3.9960714285714727,310642,2026-02-18 08:25:00,4922.458928571428,SL,-1.0,-3.9960714285716676,1
2026-02-18 10:10:00,4919.885,SHORT,4924.54,4912.9025,4.655000000000135,310664,2026-02-18 10:35:00,4912.9025,TP,1.5,6.982500000000073,5
2026-02-18 11:40:00,4911.075,SHORT,4914.5455,4905.86925,3.4704999999999018,310682,2026-02-18 11:50:00,4914.5455,SL,-1.0,-3.4705000000003565,2
2026-02-18 11:55:00,4912.735,SHORT,4916.3664285714285,4907.287857142857,3.631428571428517,310685,2026-02-18 12:00:00,4916.3664285714285,SL,-1.0,-3.6314285714288417,1
2026-02-18 17:20:00,4999.385,LONG,4994.715214285715,5006.389678571429,4.669785714285679,310750,2026-02-18 17:30:00,4994.715214285715,SL,-1.0,-4.669785714285354,2
2026-02-18 18:00:00,5001.515,LONG,4997.718785714286,5007.2093214285715,3.796214285714281,310758,2026-02-18 18:10:00,4997.718785714286,SL,-1.0,-3.796214285714086,2
2026-02-18 18:30:00,4991.185,LONG,4986.5895,4998.0782500000005,4.595499999999902,310764,2026-02-18 18:35:00,4986.5895,SL,-1.0,-4.5955000000003565,1
2026-02-18 19:30:00,4982.775,LONG,4975.116214285714,4994.263178571428,7.658785714285647,310776,2026-02-18 23:00:00,4975.116214285714,SL,-1.0,-7.658785714285841,30
2026-02-18 23:30:00,4981.375,SHORT,4986.827214285714,4973.1966785714285,5.4522142857142954,310812,2026-02-18 23:55:00,4973.1966785714285,TP,1.5,8.178321428571508,5
2026-02-19 01:55:00,4972.755,SHORT,4976.719428571429,4966.808357142857,3.9644285714286007,310841,2026-02-19 02:00:00,4976.719428571429,SL,-1.0,-3.9644285714284706,1
2026-02-19 02:20:00,4968.575,SHORT,4972.804071428572,4962.231392857143,4.229071428571517,310846,2026-02-19 02:25:00,4972.804071428572,SL,-1.0,-4.229071428571842,1
2026-02-19 03:35:00,4975.155,SHORT,4978.859285714286,4969.598571428572,3.704285714285691,310861,2026-02-19 03:45:00,4978.859285714286,SL,-1.0,-3.7042857142860157,2
2026-02-19 04:50:00,4981.758,LONG,4978.124,4987.209,3.6340000000001447,310876,2026-02-19 05:00:00,4987.209,TP,1.5,5.451000000000022,2
2026-02-19 08:05:00,5010.175,LONG,5006.533571428572,5015.637142857143,3.641428571428605,310915,2026-02-19 08:40:00,5015.637142857143,TP,1.5,5.46214285714268,7
2026-02-19 08:55:00,5016.885,LONG,5012.645785714286,5023.243821428572,4.239214285714427,310925,2026-02-19 09:20:00,5012.645785714286,SL,-1.0,-4.239214285714297,5
2026-02-19 11:20:00,4985.965,SHORT,4991.817214285715,4977.186678571429,5.852214285714256,310954,2026-02-19 12:25:00,4991.817214285715,SL,-1.0,-5.852214285714581,13
2026-02-19 13:25:00,4982.488,SHORT,4987.791857142857,4974.532214285715,5.303857142856941,310979,2026-02-19 13:30:00,4987.791857142857,SL,-1.0,-5.303857142856941,1
2026-02-19 16:30:00,5002.915,LONG,4995.546642857143,5013.967535714286,7.368357142857219,311016,2026-02-19 16:55:00,4995.546642857143,SL,-1.0,-7.368357142857349,5
2026-02-19 17:05:00,4995.925,LONG,4988.521428571428,5007.030357142858,7.4035714285714675,311023,2026-02-19 17:35:00,4988.521428571428,SL,-1.0,-7.403571428571922,6
2026-02-19 17:35:00,4995.018,LONG,4988.098714285714,5005.396928571428,6.919285714285771,311029,2026-02-19 17:50:00,4988.098714285714,SL,-1.0,-6.919285714286161,3
2026-02-19 19:10:00,4986.735,SHORT,4992.161428571429,4978.595357142856,5.42642857142885,311048,2026-02-19 19:40:00,4978.595357142856,TP,1.5,8.139642857143372,6
2026-02-19 21:45:00,4998.995,LONG,4995.3823571428575,5004.413964285714,3.6126428571428084,311079,2026-02-19 21:50:00,4995.3823571428575,SL,-1.0,-3.6126428571424185,1
2026-02-19 23:15:00,5000.575,LONG,4995.274785714286,5008.525321428571,5.300214285714252,311085,2026-02-19 23:30:00,4995.274785714286,SL,-1.0,-5.300214285713992,3
2026-02-19 23:30:00,4997.995,LONG,4992.624785714285,5006.050321428571,5.37021428571422,311088,2026-02-19 23:50:00,4992.624785714285,SL,-1.0,-5.37021428571461,4
2026-02-20 00:30:00,4989.985,SHORT,4995.041928571428,4982.399607142856,5.056928571428606,311100,2026-02-20 00:40:00,4995.041928571428,SL,-1.0,-5.056928571428216,2
2026-02-20 03:40:00,4987.075,SHORT,4991.944285714286,4979.771071428571,4.869285714285719,311138,2026-02-20 03:45:00,4991.944285714286,SL,-1.0,-4.869285714285979,1
2026-02-20 05:45:00,5006.625,LONG,5002.466357142857,5012.862964285714,4.158642857142825,311163,2026-02-20 06:00:00,5012.862964285714,TP,1.5,6.2379642857140425,3
2026-02-20 10:05:00,5024.665,LONG,5019.968785714285,5031.7093214285715,4.696214285714242,311215,2026-02-20 10:10:00,5019.968785714285,SL,-1.0,-4.696214285714632,1
2026-02-20 10:10:00,5025.615,LONG,5020.920428571429,5032.656857142857,4.69457142857144,311216,2026-02-20 10:30:00,5032.656857142857,TP,1.5,7.041857142857225,4
2026-02-20 11:25:00,5028.575,LONG,5024.001785714286,5035.434821428571,4.57321428571439,311231,2026-02-20 11:40:00,5024.001785714286,SL,-1.0,-4.57321428571413,3
2026-02-20 11:40:00,5026.805,LONG,5022.027285714286,5033.971571428572,4.77771428571441,311234,2026-02-20 11:45:00,5022.027285714286,SL,-1.0,-4.777714285713955,1
2026-02-20 13:15:00,5029.155,LONG,5023.912642857143,5037.0185357142855,5.24235714285708,311253,2026-02-20 13:30:00,5023.912642857143,SL,-1.0,-5.242357142857145,3
2026-02-20 13:40:00,5030.775,LONG,5025.651714285714,5038.4599285714285,5.1232857142856245,311258,2026-02-20 13:45:00,5038.4599285714285,TP,1.5,7.684928571428827,1
2026-02-20 15:25:00,5025.225,LONG,5008.473142857143,5050.352785714286,16.751857142857197,311279,2026-02-20 15:45:00,5050.352785714286,TP,1.5,25.127785714285892,4
2026-02-20 16:20:00,5050.795,LONG,5037.820785714286,5070.256321428572,12.974214285714359,311290,2026-02-20 17:05:00,5070.256321428572,TP,1.5,19.461321428571864,9
2026-02-20 18:45:00,5072.148,LONG,5064.653285714286,5083.390071428572,7.494714285714314,311319,2026-02-20 20:15:00,5083.390071428572,TP,1.5,11.242071428571762,18
2026-02-23 00:20:00,5145.195,LONG,5133.794642857142,5162.2955357142855,11.400357142857176,311374,2026-02-23 01:40:00,5162.2955357142855,TP,1.5,17.100535714285797,16
2026-02-23 03:20:00,5161.585,LONG,5154.7825,5171.78875,6.802500000000042,311410,2026-02-23 05:00:00,5154.7825,SL,-1.0,-6.802499999999782,20
2026-02-23 05:05:00,5155.945,LONG,5151.057999999999,5163.2755,4.887000000000171,311431,2026-02-23 06:40:00,5151.057999999999,SL,-1.0,-4.887000000000626,19
2026-02-23 07:15:00,5144.618,SHORT,5150.711857142857,5135.477214285715,6.093857142857165,311457,2026-02-23 07:25:00,5135.477214285715,TP,1.5,9.140785714285812,2
2026-02-23 10:35:00,5152.398,LONG,5147.248214285714,5160.122678571429,5.149785714285762,311497,2026-02-23 10:50:00,5160.122678571429,TP,1.5,7.72467857142874,3
2026-02-23 12:00:00,5153.075,LONG,5148.721428571428,5159.6053571428565,4.3535714285713505,311514,2026-02-23 12:05:00,5148.721428571428,SL,-1.0,-4.35357142857174,1
2026-02-23 13:15:00,5155.465,LONG,5150.599071428572,5162.763892857143,4.865928571428542,311529,2026-02-23 13:20:00,5150.599071428572,SL,-1.0,-4.865928571428412,1
2026-02-23 13:25:00,5149.445,LONG,5143.915285714285,5157.739571428571,5.529714285714363,311531,2026-02-23 14:00:00,5143.915285714285,SL,-1.0,-5.529714285714363,7
2026-02-23 16:20:00,5215.855,LONG,5204.991214285714,5232.150678571428,10.863785714285768,311566,2026-02-23 17:10:00,5204.991214285714,SL,-1.0,-10.863785714285768,10
2026-02-23 17:20:00,5209.298,LONG,5202.254642857142,5219.863035714286,7.043357142857141,311578,2026-02-23 17:35:00,5202.254642857142,SL,-1.0,-7.043357142857531,3
2026-02-23 18:45:00,5208.775,LONG,5203.235357142857,5217.084464285714,5.539642857142943,311595,2026-02-23 19:40:00,5217.084464285714,TP,1.5,8.309464285714057,11
2026-02-23 19:40:00,5216.698,LONG,5212.2235,5223.409750000001,4.474500000000002,311606,2026-02-23 20:10:00,5223.409750000001,TP,1.5,6.711750000000393,6
2026-02-23 21:45:00,5231.205,LONG,5227.2285,5237.16975,3.97650000000015,311631,2026-02-23 21:55:00,5227.2285,SL,-1.0,-3.97649999999976,2
2026-02-23 23:00:00,5241.998,LONG,5236.683714285714,5249.969428571429,5.314285714285883,311634,2026-02-23 23:05:00,5236.683714285714,SL,-1.0,-5.314285714285688,1
2026-02-23 23:10:00,5244.275,LONG,5238.3112142857135,5253.220678571429,5.963785714285872,311636,2026-02-23 23:20:00,5238.3112142857135,SL,-1.0,-5.963785714286132,2
2026-02-23 23:40:00,5242.255,LONG,5233.926642857143,5254.747535714286,8.328357142857255,311642,2026-02-24 00:00:00,5233.926642857143,SL,-1.0,-8.328357142857385,4
2026-02-24 02:50:00,5184.465,SHORT,5193.028214285714,5171.620178571428,8.563214285714366,311680,2026-02-24 03:55:00,5171.620178571428,TP,1.5,12.844821428571777,13
2026-02-24 03:55:00,5171.765,SHORT,5177.193857142857,5163.621714285715,5.428857142857006,311693,2026-02-24 04:00:00,5163.621714285715,TP,1.5,8.143285714285412,1
2026-02-24 06:00:00,5180.055,SHORT,5185.747357142857,5171.516464285714,5.692357142857093,311718,2026-02-24 06:25:00,5171.516464285714,TP,1.5,8.5385357142859,5
2026-02-24 06:30:00,5166.005,SHORT,5172.545928571429,5156.193607142857,6.540928571428594,311724,2026-02-24 06:35:00,5172.545928571429,SL,-1.0,-6.540928571428594,1
2026-02-24 07:35:00,5177.875,SHORT,5185.745285714285,5166.069571428571,7.870285714285599,311737,2026-02-24 08:15:00,5166.069571428571,TP,1.5,11.80542857142882,8
2026-02-24 09:15:00,5171.938,SHORT,5178.099071428572,5162.696392857143,6.161071428571437,311757,2026-02-24 10:20:00,5178.099071428572,SL,-1.0,-6.161071428571631,13
2026-02-24 11:55:00,5172.545,SHORT,5176.188857142857,5167.079214285714,3.643857142857217,311789,2026-02-24 12:10:00,5167.079214285714,TP,1.5,5.46578571428563,3
2026-02-24 12:10:00,5167.355,SHORT,5171.3015,5161.4352499999995,3.9465000000000146,311792,2026-02-24 12:15:00,5161.4352499999995,TP,1.5,5.919750000000022,1
2026-02-24 13:15:00,5152.685,SHORT,5160.784285714286,5140.536071428572,8.099285714285738,311805,2026-02-24 13:35:00,5140.536071428572,TP,1.5,12.148928571428769,4
2026-02-24 14:45:00,5132.705,SHORT,5148.051214285714,5109.685678571428,15.346214285714268,311823,2026-02-24 15:40:00,5148.051214285714,SL,-1.0,-15.346214285714268,11
2026-02-24 16:20:00,5143.075,SHORT,5149.434285714286,5133.536071428571,6.359285714285826,311842,2026-02-24 16:40:00,5149.434285714286,SL,-1.0,-6.359285714285761,4
2026-02-24 18:35:00,5157.755,LONG,5153.420642857143,5164.256535714286,4.3343571428571135,311869,2026-02-24 19:05:00,5153.420642857143,SL,-1.0,-4.334357142856788,6
2026-02-24 19:10:00,5156.075,LONG,5151.248071428571,5163.315392857143,4.826928571428523,311876,2026-02-24 19:15:00,5151.248071428571,SL,-1.0,-4.8269285714286525,1
2026-02-24 20:30:00,5170.235,LONG,5165.145214285714,5177.869678571428,5.089785714285687,311892,2026-02-24 20:50:00,5165.145214285714,SL,-1.0,-5.089785714285426,4
2026-02-24 23:55:00,5146.365,SHORT,5153.080571428571,5136.2916428571425,6.715571428571366,311921,2026-02-25 00:35:00,5153.080571428571,SL,-1.0,-6.715571428570911,8
2026-02-25 03:25:00,5185.995,LONG,5179.421428571429,5195.855357142857,6.5735714285714755,311963,2026-02-25 03:40:00,5179.421428571429,SL,-1.0,-6.573571428571086,3
2026-02-25 03:40:00,5183.645,LONG,5176.7185714285715,5194.034642857143,6.926428571428589,311966,2026-02-25 04:05:00,5176.7185714285715,SL,-1.0,-6.926428571428914,5
2026-02-25 04:35:00,5182.385,LONG,5177.028071428572,5190.420392857143,5.356928571428592,311977,2026-02-25 05:05:00,5190.420392857143,TP,1.5,8.035392857143052,6
2026-02-25 06:30:00,5192.638,LONG,5185.9055,5202.73675,6.732500000000008,312000,2026-02-25 07:15:00,5185.9055,SL,-1.0,-6.732500000000073,9
2026-02-25 07:25:00,5189.245,LONG,5184.278785714286,5196.694321428571,4.966214285714289,312011,2026-02-25 07:50:00,5184.278785714286,SL,-1.0,-4.966214285714159,5
2026-02-25 08:25:00,5193.235,LONG,5188.7078571428565,5200.0257142857145,4.527142857142995,312023,2026-02-25 08:50:00,5188.7078571428565,SL,-1.0,-4.52714285714319,5
2026-02-25 09:25:00,5186.515,SHORT,5190.951,5179.861000000001,4.435999999999955,312035,2026-02-25 09:35:00,5190.951,SL,-1.0,-4.435999999999694,2
2026-02-25 12:45:00,5181.585,SHORT,5186.120714285715,5174.7814285714285,4.535714285714415,312075,2026-02-25 13:05:00,5186.120714285715,SL,-1.0,-4.5357142857146755,4
2026-02-25 14:00:00,5186.845,LONG,5182.260928571429,5193.721107142857,4.5840714285714705,312090,2026-02-25 14:15:00,5182.260928571429,SL,-1.0,-4.584071428571406,3
2026-02-25 15:30:00,5181.085,LONG,5171.3695,5195.65825,9.715500000000052,312108,2026-02-25 15:45:00,5195.65825,TP,1.5,14.573250000000371,3
2026-02-25 17:55:00,5206.585,LONG,5202.147642857143,5213.241035714286,4.437357142857244,312137,2026-02-25 18:45:00,5202.147642857143,SL,-1.0,-4.437357142856854,10
2026-02-25 19:40:00,5203.945,LONG,5198.412071428571,5212.244392857143,5.532928571428589,312158,2026-02-25 20:00:00,5198.412071428571,SL,-1.0,-5.5329285714287835,4
2026-02-25 20:25:00,5185.835,SHORT,5193.279642857143,5174.668035714286,7.444642857142948,312167,2026-02-25 20:45:00,5174.668035714286,TP,1.5,11.16696428571413,4
2026-02-25 23:20:00,5170.295,SHORT,5178.9228571428575,5157.353214285714,8.62785714285727,312190,2026-02-25 23:45:00,5178.9228571428575,SL,-1.0,-8.627857142857465,5
2026-02-25 23:45:00,5166.955,SHORT,5175.814357142857,5153.665964285714,8.859357142857268,312195,2026-02-26 00:20:00,5175.814357142857,SL,-1.0,-8.859357142857334,7
2026-02-26 00:30:00,5181.885,SHORT,5190.242285714286,5169.349071428572,8.357285714285679,312204,2026-02-26 00:50:00,5190.242285714286,SL,-1.0,-8.357285714285354,4
2026-02-26 02:15:00,5187.805,LONG,5180.321714285715,5199.029928571429,7.483285714285752,312225,2026-02-26 02:25:00,5180.321714285715,SL,-1.0,-7.483285714285557,2
2026-02-26 03:00:00,5187.225,LONG,5180.972142857143,5196.604285714286,6.25285714285714,312234,2026-02-26 04:10:00,5196.604285714286,TP,1.5,9.379285714285288,14
2026-02-26 06:20:00,5196.085,LONG,5191.152285714285,5203.484071428572,4.932714285714545,312274,2026-02-26 06:50:00,5191.152285714285,SL,-1.0,-4.93271428571461,6
2026-02-26 06:55:00,5192.935,LONG,5188.617071428572,5199.411892857143,4.317928571428768,312281,2026-02-26 07:00:00,5188.617071428572,SL,-1.0,-4.317928571428638,1
2026-02-26 09:15:00,5176.815,SHORT,5183.518571428571,5166.759642857142,6.70357142857152,312309,2026-02-26 09:30:00,5183.518571428571,SL,-1.0,-6.703571428571195,3
2026-02-26 09:55:00,5186.215,SHORT,5190.678357142857,5179.519964285714,4.463357142857149,312317,2026-02-26 10:25:00,5179.519964285714,TP,1.5,6.69503571428595,6
2026-02-26 10:25:00,5178.808,SHORT,5182.661857142857,5173.027214285715,3.8538571428570583,312323,2026-02-26 10:35:00,5173.027214285715,TP,1.5,5.78078571428523,2
2026-02-26 13:05:00,5172.215,SHORT,5178.5505,5162.71175,6.335500000000073,312355,2026-02-26 13:20:00,5178.5505,SL,-1.0,-6.335500000000138,3
2026-02-26 16:55:00,5179.395,LONG,5172.118285714287,5190.310071428572,7.276714285714206,312401,2026-02-26 17:30:00,5172.118285714287,SL,-1.0,-7.2767142857137515,7
2026-02-26 17:30:00,5176.325,LONG,5170.216928571428,5185.487107142857,6.108071428571293,312408,2026-02-26 17:45:00,5170.216928571428,SL,-1.0,-6.108071428571748,3
2026-02-26 23:45:00,5183.575,SHORT,5189.066642857143,5175.337535714286,5.4916428571428435,312471,2026-02-27 00:15:00,5189.066642857143,SL,-1.0,-5.491642857143233,6
2026-02-27 00:45:00,5173.595,SHORT,5179.501214285714,5164.735678571429,5.906214285714084,312483,2026-02-27 01:20:00,5179.501214285714,SL,-1.0,-5.906214285713759,7
2026-02-27 03:00:00,5182.335,SHORT,5187.865,5174.04,5.530000000000006,312510,2026-02-27 03:25:00,5187.865,SL,-1.0,-5.529999999999745,5
2026-02-27 04:10:00,5186.315,LONG,5183.110928571428,5191.121107142857,3.204071428571621,312524,2026-02-27 04:20:00,5183.110928571428,SL,-1.0,-3.2040714285712966,2
2026-02-27 04:20:00,5187.425,LONG,5183.9195,5192.68325,3.505500000000081,312526,2026-02-27 04:50:00,5183.9195,SL,-1.0,-3.505500000000211,6
2026-02-27 05:00:00,5184.065,LONG,5180.925928571428,5188.773607142857,3.139071428571502,312534,2026-02-27 05:20:00,5188.773607142857,TP,1.5,4.708607142857545,4
2026-02-27 05:20:00,5188.788,LONG,5185.945142857143,5193.052285714285,2.842857142857156,312538,2026-02-27 05:25:00,5193.052285714285,TP,1.5,4.264285714285506,1
2026-02-27 06:35:00,5193.725,LONG,5189.5195,5200.03325,4.205499999999899,312553,2026-02-27 06:50:00,5189.5195,SL,-1.0,-4.205500000000029,3
2026-02-27 08:45:00,5179.075,SHORT,5183.063142857143,5173.092785714285,3.98814285714304,312579,2026-02-27 09:45:00,5173.092785714285,TP,1.5,5.98221428571469,12
2026-02-27 09:45:00,5176.775,SHORT,5180.388857142857,5171.354214285714,3.6138571428572113,312591,2026-02-27 10:00:00,5171.354214285714,TP,1.5,5.420785714285557,3
2026-02-27 10:00:00,5172.235,SHORT,5176.2814285714285,5166.165357142857,4.046428571428611,312594,2026-02-27 10:15:00,5176.2814285714285,SL,-1.0,-4.046428571428805,3
2026-02-27 10:25:00,5173.225,SHORT,5178.1969285714285,5165.767107142858,4.9719285714285695,312599,2026-02-27 10:45:00,5178.1969285714285,SL,-1.0,-4.97192857142818,4
2026-02-27 11:00:00,5175.775,SHORT,5180.511928571428,5168.669607142857,4.736928571428507,312606,2026-02-27 11:45:00,5180.511928571428,SL,-1.0,-4.736928571428507,9
2026-02-27 12:50:00,5186.348,LONG,5183.079,5191.251499999999,3.268999999999908,312628,2026-02-27 13:00:00,5191.251499999999,TP,1.5,4.90349999999944,2
2026-02-27 15:25:00,5231.195,LONG,5219.6988571428565,5248.439214285714,11.496142857142852,312659,2026-02-27 16:10:00,5248.439214285714,TP,1.5,17.244214285714406,9
2026-02-27 16:35:00,5235.445,LONG,5225.299071428572,5250.663892857143,10.145928571428483,312673,2026-02-27 17:20:00,5225.299071428572,SL,-1.0,-10.145928571428158,9
2026-02-27 17:35:00,5228.465,LONG,5221.960714285714,5238.221428571429,6.504285714285808,312685,2026-02-27 18:00:00,5238.221428571429,TP,1.5,9.756428571428842,5
2026-02-27 18:00:00,5235.698,LONG,5230.020357142857,5244.214464285715,5.677642857142798,312690,2026-02-27 18:20:00,5230.020357142857,SL,-1.0,-5.677642857142928,4
2026-02-27 18:25:00,5230.145,LONG,5224.5575714285715,5238.526142857143,5.587428571428518,312695,2026-02-27 18:40:00,5238.526142857143,TP,1.5,8.38114285714255,3
2026-02-27 18:50:00,5245.065,LONG,5239.859928571428,5252.872607142856,5.205071428571371,312700,2026-02-27 19:10:00,5239.859928571428,SL,-1.0,-5.2050714285715,4
2026-03-02 00:25:00,5364.255,LONG,5349.805214285714,5385.929678571429,14.449785714285683,312755,2026-03-02 00:50:00,5349.805214285714,SL,-1.0,-14.449785714286008,5
2026-03-02 01:10:00,5339.675,LONG,5324.260214285715,5362.797178571429,15.41478571428557,312764,2026-03-02 01:20:00,5324.260214285715,SL,-1.0,-15.414785714285244,2
2026-03-02 01:50:00,5336.815,LONG,5319.806642857143,5362.327535714286,17.00835714285709,312772,2026-03-02 02:00:00,5319.806642857143,SL,-1.0,-17.008357142856767,2
2026-03-02 02:05:00,5327.185,LONG,5310.362357142858,5352.4189642857145,16.822642857142778,312775,2026-03-02 03:00:00,5352.4189642857145,TP,1.5,25.233964285714137,11
2026-03-02 09:05:00,5397.525,LONG,5388.799499999999,5410.613249999999,8.725500000000011,312859,2026-03-02 09:20:00,5388.799499999999,SL,-1.0,-8.725500000000466,3
2026-03-02 09:20:00,5396.035,LONG,5387.1299285714285,5409.392607142857,8.905071428571318,312862,2026-03-02 09:50:00,5387.1299285714285,SL,-1.0,-8.905071428571318,6
2026-03-02 10:05:00,5390.615,LONG,5382.912285714286,5402.1690714285705,7.702714285714137,312871,2026-03-02 10:50:00,5382.912285714286,SL,-1.0,-7.702714285714137,9
2026-03-02 10:55:00,5388.945,LONG,5381.243071428571,5400.497892857143,7.7019285714286525,312881,2026-03-02 11:45:00,5381.243071428571,SL,-1.0,-7.7019285714286525,10
2026-03-02 11:50:00,5378.165,SHORT,5385.9857142857145,5366.433928571429,7.8207142857144,312892,2026-03-02 12:00:00,5385.9857142857145,SL,-1.0,-7.82071428571453,2
2026-03-02 12:55:00,5396.845,LONG,5389.966642857144,5407.162535714286,6.878357142857047,312905,2026-03-02 13:00:00,5389.966642857144,SL,-1.0,-6.8783571428566574,1
2026-03-02 13:00:00,5401.055,LONG,5393.707357142857,5412.076464285715,7.34764285714274,312906,2026-03-02 13:10:00,5393.707357142857,SL,-1.0,-7.347642857143001,2
2026-03-02 14:05:00,5371.125,SHORT,5384.2197857142855,5351.482821428572,13.094785714285665,312919,2026-03-02 14:20:00,5351.482821428572,TP,1.5,19.642178571428303,3
2026-03-02 18:00:00,5299.415,SHORT,5309.557857142857,5284.200714285714,10.142857142857208,312966,2026-03-02 18:45:00,5309.557857142857,SL,-1.0,-10.142857142856883,9
2026-03-02 21:05:00,5339.095,LONG,5329.6050000000005,5353.33,9.490000000000041,313003,2026-03-02 21:30:00,5329.6050000000005,SL,-1.0,-9.489999999999782,5
2026-03-02 21:40:00,5331.125,LONG,5325.166785714286,5340.0623214285715,5.958214285714283,313010,2026-03-02 21:45:00,5325.166785714286,SL,-1.0,-5.958214285714348,1
2026-03-02 23:10:00,5338.415,LONG,5331.204428571428,5349.2308571428575,7.210571428571517,313016,2026-03-02 23:20:00,5331.204428571428,SL,-1.0,-7.210571428571711,2
2026-03-02 23:45:00,5336.485,LONG,5328.887857142857,5347.880714285714,7.597142857142769,313023,2026-03-03 00:10:00,5347.880714285714,TP,1.5,11.395714285714348,5
2026-03-03 01:15:00,5371.385,LONG,5363.044285714286,5383.896071428571,8.340714285714316,313041,2026-03-03 01:45:00,5363.044285714286,SL,-1.0,-8.340714285714057,6
2026-03-03 02:20:00,5353.745,LONG,5342.502142857143,5370.609285714286,11.242857142857181,313054,2026-03-03 03:00:00,5370.609285714286,TP,1.5,16.86428571428587,8
2026-03-03 07:20:00,5312.425,SHORT,5323.444285714286,5295.896071428571,11.019285714285745,313114,2026-03-03 07:35:00,5323.444285714286,SL,-1.0,-11.019285714285616,3
2026-03-03 07:45:00,5324.235,SHORT,5333.026,5311.048499999999,8.791000000000167,313119,2026-03-03 08:05:00,5333.026,SL,-1.0,-8.791000000000167,4
2026-03-03 08:05:00,5325.895,SHORT,5333.669357142858,5314.233464285715,7.774357142857298,313123,2026-03-03 08:20:00,5314.233464285715,TP,1.5,11.661535714285492,3
2026-03-03 08:20:00,5315.815,SHORT,5324.403857142856,5302.9317142857135,8.588857142857185,313126,2026-03-03 08:30:00,5302.9317142857135,TP,1.5,12.883285714286103,2
2026-03-03 08:35:00,5299.755,SHORT,5308.983785714286,5285.911821428572,9.228785714285745,313129,2026-03-03 08:45:00,5308.983785714286,SL,-1.0,-9.22878571428555,2
2026-03-03 10:10:00,5272.565,SHORT,5290.049499999999,5246.33825,17.484499999999894,313148,2026-03-03 10:50:00,5246.33825,TP,1.5,26.22674999999981,8
2026-03-03 12:40:00,5202.575,SHORT,5222.265571428571,5173.039142857143,19.690571428571534,313178,2026-03-03 12:55:00,5222.265571428571,SL,-1.0,-19.690571428571275,3
2026-03-03 13:35:00,5158.065,SHORT,5179.594071428572,5125.771392857142,21.52907142857157,313189,2026-03-03 14:20:00,5125.771392857142,TP,1.5,32.29360714285758,9
2026-03-03 16:10:00,5107.685,SHORT,5131.5830000000005,5071.838000000001,23.898000000000074,313220,2026-03-03 16:35:00,5131.5830000000005,SL,-1.0,-23.89800000000014,5
2026-03-03 16:55:00,5106.365,SHORT,5123.266857142857,5081.0122142857135,16.90185714285729,313229,2026-03-03 17:05:00,5081.0122142857135,TP,1.5,25.352785714286256,2
2026-03-03 17:20:00,5095.585,SHORT,5111.147142857143,5072.2417857142855,15.562142857142915,313234,2026-03-03 17:30:00,5072.2417857142855,TP,1.5,23.343214285714566,2
2026-03-03 19:35:00,5111.135,LONG,5098.327428571429,5130.346357142857,12.807571428571398,313261,2026-03-03 20:50:00,5098.327428571429,SL,-1.0,-12.807571428571464,15
2026-03-03 21:10:00,5098.505,SHORT,5109.779071428571,5081.593892857143,11.274071428571201,313280,2026-03-03 23:00:00,5109.779071428571,SL,-1.0,-11.274071428571006,10
2026-03-04 00:05:00,5116.195,LONG,5105.262357142857,5132.593964285714,10.932642857142842,313303,2026-03-04 00:40:00,5132.593964285714,TP,1.5,16.3989642857141,7
2026-03-04 03:35:00,5160.085,LONG,5149.336857142857,5176.207214285714,10.748142857142868,313345,2026-03-04 03:55:00,5176.207214285714,TP,1.5,16.122214285714108,4
2026-03-04 04:30:00,5170.245,LONG,5162.458142857143,5181.925285714286,7.786857142857116,313356,2026-03-04 04:35:00,5162.458142857143,SL,-1.0,-7.786857142857116,1
2026-03-04 05:45:00,5165.995,LONG,5157.318571428571,5179.009642857143,8.676428571428719,313371,2026-03-04 05:50:00,5157.318571428571,SL,-1.0,-8.676428571428914,1
2026-03-04 05:55:00,5159.438,LONG,5150.985142857143,5172.1172857142865,8.452857142857283,313373,2026-03-04 06:00:00,5150.985142857143,SL,-1.0,-8.452857142857283,1
2026-03-04 06:35:00,5148.095,SHORT,5160.719071428572,5129.158892857144,12.624071428571304,313381,2026-03-04 07:00:00,5160.719071428572,SL,-1.0,-12.62407142857137,5
2026-03-04 09:05:00,5165.375,LONG,5155.825642857143,5179.699035714286,9.54935714285713,313411,2026-03-04 09:35:00,5179.699035714286,TP,1.5,14.324035714285856,6
2026-03-04 10:45:00,5187.175,LONG,5180.312571428572,5197.468642857143,6.862428571428544,313431,2026-03-04 11:30:00,5197.468642857143,TP,1.5,10.293642857142913,9
2026-03-04 13:40:00,5188.145,LONG,5178.601642857143,5202.460035714286,9.543357142857205,313466,2026-03-04 13:55:00,5178.601642857143,SL,-1.0,-9.54335714285753,3
2026-03-04 16:05:00,5149.295,SHORT,5162.8535,5128.9572499999995,13.558500000000095,313495,2026-03-04 17:20:00,5128.9572499999995,TP,1.5,20.337750000000597,15
2026-03-04 17:55:00,5140.935,SHORT,5149.474285714286,5128.126071428572,8.539285714285857,313517,2026-03-04 18:10:00,5128.126071428572,TP,1.5,12.808928571428623,3
2026-03-04 18:50:00,5130.105,SHORT,5140.100714285714,5115.1114285714275,9.995714285714516,313528,2026-03-04 20:30:00,5140.100714285714,SL,-1.0,-9.995714285714712,20
2026-03-04 23:00:00,5151.998,LONG,5145.914928571428,5161.122607142856,6.0830714285713965,313566,2026-03-04 23:05:00,5145.914928571428,SL,-1.0,-6.083071428571202,1
2026-03-04 23:05:00,5151.848,LONG,5145.474714285714,5161.407928571429,6.37328571428569,313567,2026-03-04 23:10:00,5145.474714285714,SL,-1.0,-6.373285714285885,1
2026-03-05 01:45:00,5175.405,LONG,5167.832357142857,5186.763964285714,7.57264285714278,313599,2026-03-05 02:20:00,5186.763964285714,TP,1.5,11.358964285714137,7
2026-03-05 02:25:00,5183.855,LONG,5176.922857142857,5194.2532142857135,6.932142857142805,313607,2026-03-05 02:35:00,5176.922857142857,SL,-1.0,-6.932142857142935,2
2026-03-05 03:00:00,5192.405,LONG,5185.3395,5203.00325,7.065499999999831,313614,2026-03-05 03:10:00,5185.3395,SL,-1.0,-7.065499999999702,2
2026-03-05 04:00:00,5181.975,LONG,5176.734428571429,5189.835857142857,5.240571428571327,313626,2026-03-05 04:25:00,5176.734428571429,SL,-1.0,-5.240571428571457,5
2026-03-05 07:40:00,5159.885,SHORT,5167.346428571429,5148.692857142857,7.461428571428574,313670,2026-03-05 08:05:00,5148.692857142857,TP,1.5,11.192142857143153,5
2026-03-05 08:15:00,5139.438,SHORT,5145.686571428571,5130.065142857143,6.248571428571332,313677,2026-03-05 08:20:00,5145.686571428571,SL,-1.0,-6.2485714285712675,1
2026-03-05 09:45:00,5164.325,LONG,5155.771928571428,5177.154607142857,8.553071428571457,313695,2026-03-05 10:00:00,5155.771928571428,SL,-1.0,-8.553071428571457,3
2026-03-05 11:55:00,5163.655,LONG,5159.468785714285,5169.934321428571,4.1862142857140885,313721,2026-03-05 12:05:00,5169.934321428571,TP,1.5,6.279321428571166,2
2026-03-05 12:30:00,5166.035,LONG,5161.291357142857,5173.150464285714,4.743642857142731,313728,2026-03-05 12:45:00,5161.291357142857,SL,-1.0,-4.743642857142731,3
2026-03-05 13:05:00,5148.775,SHORT,5154.564071428571,5140.091392857143,5.789071428571463,313735,2026-03-05 13:10:00,5154.564071428571,SL,-1.0,-5.789071428571333,1
2026-03-05 16:00:00,5093.595,SHORT,5109.893071428572,5069.147892857143,16.29807142857148,313770,2026-03-05 16:20:00,5069.147892857143,TP,1.5,24.44710714285702,4
2026-03-05 18:15:00,5070.815,SHORT,5080.226285714285,5056.698071428571,9.411285714285766,313797,2026-03-05 18:35:00,5080.226285714285,SL,-1.0,-9.411285714285441,4
2026-03-05 18:45:00,5078.815,SHORT,5088.004999999999,5065.03,9.190000000000055,313803,2026-03-05 19:15:00,5065.03,TP,1.5,13.784999999999854,6
2026-03-05 20:55:00,5076.405,SHORT,5085.230285714286,5063.167071428571,8.825285714285721,313829,2026-03-05 23:00:00,5085.230285714286,SL,-1.0,-8.82528571428611,13
2026-03-05 23:00:00,5089.098,LONG,5083.493428571429,5097.504857142857,5.60457142857136,313842,2026-03-05 23:05:00,5083.493428571429,SL,-1.0,-5.604571428571035,1
2026-03-06 00:15:00,5090.225,LONG,5081.808785714286,5102.849321428572,8.416214285714302,313857,2026-03-06 00:40:00,5081.808785714286,SL,-1.0,-8.416214285713977,5
2026-03-06 00:40:00,5083.425,LONG,5075.454285714286,5095.381071428572,7.970714285714296,313862,2026-03-06 01:00:00,5075.454285714286,SL,-1.0,-7.970714285714166,4
2026-03-06 01:25:00,5085.545,LONG,5076.493785714286,5099.121821428572,9.051214285714325,313871,2026-03-06 01:30:00,5099.121821428572,TP,1.5,13.576821428571748,1
2026-03-06 04:35:00,5130.045,LONG,5126.2085,5135.79975,3.836500000000082,313909,2026-03-06 04:55:00,5126.2085,SL,-1.0,-3.836500000000342,4
2026-03-06 05:00:00,5128.435,LONG,5124.654,5134.1065,3.780999999999949,313914,2026-03-06 05:05:00,5124.654,SL,-1.0,-3.780999999999949,1
2026-03-06 05:25:00,5129.635,LONG,5125.289000000001,5136.154,4.345999999999874,313919,2026-03-06 05:30:00,5125.289000000001,SL,-1.0,-4.345999999999549,1
2026-03-06 06:55:00,5115.395,SHORT,5120.935071428572,5107.084892857143,5.540071428571276,313937,2026-03-06 07:05:00,5107.084892857143,TP,1.5,8.310107142857305,2
2026-03-06 07:25:00,5114.345,SHORT,5119.568857142857,5106.509214285715,5.223857142857144,313943,2026-03-06 07:55:00,5119.568857142857,SL,-1.0,-5.223857142857014,6
2026-03-06 08:05:00,5116.295,SHORT,5121.658571428571,5108.249642857143,5.363571428571374,313951,2026-03-06 08:20:00,5108.249642857143,TP,1.5,8.045357142857029,3
2026-03-06 09:05:00,5099.635,SHORT,5106.348285714286,5089.565071428572,6.713285714285705,313963,2026-03-06 09:35:00,5089.565071428572,TP,1.5,10.069928571428136,6
2026-03-06 10:30:00,5085.525,SHORT,5093.734357142856,5073.210964285714,8.209357142857113,313980,2026-03-06 11:20:00,5093.734357142856,SL,-1.0,-8.209357142856788,10
2026-03-06 11:25:00,5094.325,SHORT,5101.047142857143,5084.2417857142855,6.722142857142899,313991,2026-03-06 11:40:00,5084.2417857142855,TP,1.5,10.083214285714348,3
2026-03-06 11:50:00,5078.035,SHORT,5085.102642857142,5067.433535714285,7.0676428571428005,313996,2026-03-06 11:55:00,5067.433535714285,TP,1.5,10.601464285714428,1
2026-03-06 12:55:00,5082.735,SHORT,5090.964285714285,5070.391071428571,8.229285714285782,314009,2026-03-06 13:05:00,5070.391071428571,TP,1.5,12.343928571428478,2
2026-03-06 13:25:00,5082.138,SHORT,5090.2320714285715,5069.9968928571425,8.094071428571494,314015,2026-03-06 13:30:00,5090.2320714285715,SL,-1.0,-8.094071428571624,1
2026-03-06 14:15:00,5097.785,LONG,5082.4839999999995,5120.7365,15.30100000000006,314025,2026-03-06 14:55:00,5120.7365,TP,1.5,22.951500000000124,8
2026-03-06 16:00:00,5149.355,LONG,5134.0785,5172.2697499999995,15.276500000000008,314046,2026-03-06 16:30:00,5134.0785,SL,-1.0,-15.276499999999942,6
2026-03-06 17:05:00,5135.655,LONG,5125.556428571428,5150.802857142857,10.098571428571436,314059,2026-03-06 17:30:00,5150.802857142857,TP,1.5,15.147857142856992,5
2026-03-06 17:30:00,5150.325,LONG,5140.810714285714,5164.596428571428,9.514285714285636,314064,2026-03-06 17:40:00,5140.810714285714,SL,-1.0,-9.514285714285506,2
2026-03-06 19:45:00,5160.125,LONG,5153.602857142857,5169.908214285714,6.522142857142886,314091,2026-03-06 20:10:00,5153.602857142857,SL,-1.0,-6.522142857143081,5
2026-03-06 20:20:00,5158.065,LONG,5152.610928571428,5166.246107142857,5.454071428571491,314098,2026-03-06 20:30:00,5152.610928571428,SL,-1.0,-5.454071428571297,2
2026-03-06 20:35:00,5155.135,LONG,5149.5895,5163.4532500000005,5.54550000000011,314101,2026-03-06 21:05:00,5163.4532500000005,TP,1.5,8.318250000000262,6
2026-03-09 01:25:00,5071.475,SHORT,5088.4526428571435,5046.008535714286,16.977642857142914,314159,2026-03-09 02:10:00,5088.4526428571435,SL,-1.0,-16.97764285714311,9
2026-03-09 02:15:00,5078.465,SHORT,5093.218142857143,5056.335285714286,14.753142857142718,314169,2026-03-09 02:40:00,5093.218142857143,SL,-1.0,-14.753142857142848,5
2026-03-09 05:00:00,5094.445,LONG,5088.7307142857135,5103.016428571428,5.714285714285779,314202,2026-03-09 05:15:00,5088.7307142857135,SL,-1.0,-5.714285714286234,3
2026-03-09 05:40:00,5120.605,LONG,5111.472428571428,5134.303857142857,9.132571428571412,314210,2026-03-09 05:45:00,5134.303857142857,TP,1.5,13.698857142857378,1
2026-03-09 07:25:00,5106.465,LONG,5098.029500000001,5119.11825,8.435499999999982,314231,2026-03-09 07:45:00,5098.029500000001,SL,-1.0,-8.435499999999593,4
2026-03-09 09:55:00,5104.965,LONG,5095.42,5119.2825,9.544999999999943,314261,2026-03-09 10:30:00,5095.42,SL,-1.0,-9.545000000000073,7
2026-03-09 12:10:00,5096.165,SHORT,5103.3787142857145,5085.344428571429,7.213714285714494,314288,2026-03-09 12:20:00,5103.3787142857145,SL,-1.0,-7.213714285714559,2
2026-03-09 13:05:00,5091.358,SHORT,5098.169857142857,5081.140214285714,6.811857142857077,314299,2026-03-09 13:30:00,5098.169857142857,SL,-1.0,-6.811857142856752,5
2026-03-09 15:00:00,5086.655,SHORT,5100.221071428571,5066.305892857143,13.566071428571377,314322,2026-03-09 15:30:00,5100.221071428571,SL,-1.0,-13.566071428571377,6
2026-03-09 22:40:00,5135.985,LONG,5126.7826428571425,5149.788535714285,9.202357142857116,314402,2026-03-09 22:55:00,5149.788535714285,TP,1.5,13.803535714285317,3
2026-03-10 00:55:00,5130.805,LONG,5124.280857142858,5140.591214285714,6.524142857142773,314429,2026-03-10 01:00:00,5140.591214285714,TP,1.5,9.786214285713868,1
2026-03-10 01:15:00,5150.275,LONG,5141.893,5162.848,8.381999999999996,314433,2026-03-10 01:25:00,5162.848,TP,1.5,12.57300000000032,2
2026-03-10 03:50:00,5158.845,LONG,5152.4800000000005,5168.392500000001,6.365000000000172,314464,2026-03-10 05:00:00,5168.392500000001,TP,1.5,9.547500000000582,14
2026-03-10 05:10:00,5172.815,LONG,5168.715857142856,5178.963714285714,4.099142857142981,314480,2026-03-10 05:30:00,5168.715857142856,SL,-1.0,-4.099142857143306,4
2026-03-10 06:35:00,5178.215,LONG,5173.5257142857145,5185.248928571429,4.689285714285753,314497,2026-03-10 06:55:00,5173.5257142857145,SL,-1.0,-4.689285714285688,4
2026-03-10 07:00:00,5177.205,LONG,5172.7471428571425,5183.891785714286,4.457857142857198,314502,2026-03-10 07:05:00,5172.7471428571425,SL,-1.0,-4.457857142857392,1
2026-03-10 08:25:00,5183.995,LONG,5178.013214285714,5192.967678571428,5.981785714285771,314519,2026-03-10 08:40:00,5192.967678571428,TP,1.5,8.972678571428332,3
2026-03-10 09:40:00,5187.305,LONG,5181.677785714286,5195.745821428572,5.627214285714347,314534,2026-03-10 10:00:00,5181.677785714286,SL,-1.0,-5.627214285714217,4
2026-03-10 14:10:00,5195.035,LONG,5184.549928571429,5210.762607142858,10.485071428571635,314588,2026-03-10 14:15:00,5210.762607142858,TP,1.5,15.727607142857778,1
2026-03-10 15:05:00,5216.565,LONG,5207.472571428571,5230.203642857143,9.092428571428561,314599,2026-03-10 15:30:00,5230.203642857143,TP,1.5,13.638642857143168,5
2026-03-10 16:30:00,5233.155,LONG,5226.819285714286,5242.658571428571,6.335714285714338,314616,2026-03-10 16:50:00,5226.819285714286,SL,-1.0,-6.335714285713948,4
2026-03-10 17:00:00,5228.885,LONG,5224.166142857142,5235.963285714286,4.718857142857424,314622,2026-03-10 17:15:00,5224.166142857142,SL,-1.0,-4.718857142857814,3
2026-03-10 19:25:00,5200.665,SHORT,5210.9857142857145,5185.183928571429,10.320714285714141,314651,2026-03-10 19:30:00,5185.183928571429,TP,1.5,15.48107142857134,1
2026-03-10 20:00:00,5196.598,SHORT,5205.315142857143,5183.522285714285,8.717142857142855,314658,2026-03-10 22:00:00,5183.522285714285,TP,1.5,13.07571428571464,12
2026-03-10 22:45:00,5189.935,SHORT,5196.391571428572,5180.250142857143,6.456571428571546,314679,2026-03-10 23:20:00,5196.391571428572,SL,-1.0,-6.456571428571806,7
2026-03-10 23:35:00,5192.675,SHORT,5197.7267142857145,5185.097428571428,5.051714285714362,314689,2026-03-11 00:00:00,5197.7267142857145,SL,-1.0,-5.051714285714297,5
2026-03-11 00:00:00,5190.005,SHORT,5194.680714285714,5182.9914285714285,4.675714285714288,314694,2026-03-11 00:15:00,5194.680714285714,SL,-1.0,-4.675714285714093,3
2026-03-11 05:20:00,5202.485,SHORT,5205.793142857143,5197.522785714285,3.308142857142879,314758,2026-03-11 05:30:00,5197.522785714285,TP,1.5,4.9622142857142535,2
2026-03-11 05:45:00,5197.575,SHORT,5202.104785714286,5190.780321428571,4.5297857142856754,314763,2026-03-11 06:05:00,5202.104785714286,SL,-1.0,-4.529785714285936,4
2026-03-11 06:20:00,5203.455,SHORT,5208.724071428571,5195.551392857143,5.269071428571286,314770,2026-03-11 06:40:00,5195.551392857143,TP,1.5,7.903607142857254,4
2026-03-11 06:40:00,5194.605,SHORT,5200.0383571428565,5186.454964285715,5.4333571428569485,314774,2026-03-11 07:00:00,5200.0383571428565,SL,-1.0,-5.4333571428569485,4
2026-03-11 07:15:00,5196.535,SHORT,5201.6588571428565,5188.849214285714,5.123857142856975,314781,2026-03-11 07:35:00,5188.849214285714,TP,1.5,7.685785714285885,4
2026-03-11 10:30:00,5184.115,SHORT,5188.723357142857,5177.202464285714,4.60835714285713,314820,2026-03-11 10:40:00,5177.202464285714,TP,1.5,6.912535714285696,2
2026-03-11 11:15:00,5181.198,SHORT,5186.882785714286,5172.670821428572,5.684785714285681,314829,2026-03-11 11:35:00,5186.882785714286,SL,-1.0,-5.684785714285681,4
2026-03-11 11:40:00,5184.725,SHORT,5190.6965,5175.767750000001,5.971499999999911,314834,2026-03-11 11:55:00,5175.767750000001,TP,1.5,8.957249999999476,3
2026-03-11 12:20:00,5190.485,SHORT,5196.442928571428,5181.548107142857,5.957928571428446,314842,2026-03-11 12:30:00,5181.548107142857,TP,1.5,8.936892857142993,2
2026-03-11 12:45:00,5176.645,SHORT,5184.148571428572,5165.389642857143,7.503571428571441,314847,2026-03-11 13:00:00,5165.389642857143,TP,1.5,11.255357142857065,3
2026-03-11 13:30:00,5175.805,SHORT,5184.764714285715,5162.365428571429,8.959714285714329,314856,2026-03-11 13:45:00,5162.365428571429,TP,1.5,13.439571428571071,3
2026-03-11 16:40:00,5174.025,SHORT,5180.335,5164.5599999999995,6.310000000000075,314894,2026-03-11 17:05:00,5180.335,SL,-1.0,-6.3100000000004,5
2026-03-11 19:10:00,5172.255,SHORT,5175.4150714285715,5167.514892857143,3.1600714285714275,314924,2026-03-11 19:15:00,5175.4150714285715,SL,-1.0,-3.1600714285714275,1
2026-03-12 05:20:00,5141.195,SHORT,5145.125071428572,5135.299892857142,3.930071428571474,315034,2026-03-12 05:30:00,5145.125071428572,SL,-1.0,-3.930071428571864,2
2026-03-12 05:50:00,5152.978,SHORT,5157.902071428572,5145.591892857143,4.924071428571551,315040,2026-03-12 06:30:00,5157.902071428572,SL,-1.0,-4.924071428571551,8
2026-03-12 11:20:00,5178.755,LONG,5174.731714285715,5184.789928571428,4.023285714285586,315106,2026-03-12 12:00:00,5174.731714285715,SL,-1.0,-4.023285714285521,8
2026-03-12 12:35:00,5169.725,SHORT,5174.725928571429,5162.223607142858,5.000928571428501,315121,2026-03-12 12:45:00,5174.725928571429,SL,-1.0,-5.000928571428631,2
2026-03-12 16:25:00,5131.448,SHORT,5138.525142857143,5120.832285714286,7.077142857142852,315167,2026-03-12 17:10:00,5120.832285714286,TP,1.5,10.615714285714603,9
2026-03-12 23:10:00,5090.285,SHORT,5096.082142857143,5081.589285714285,5.797142857142782,315236,2026-03-12 23:20:00,5096.082142857143,SL,-1.0,-5.797142857142717,2
2026-03-12 23:25:00,5093.875,SHORT,5099.043071428571,5086.122892857143,5.168071428571433,315239,2026-03-12 23:45:00,5099.043071428571,SL,-1.0,-5.168071428571238,4
2026-03-13 02:25:00,5121.285,LONG,5115.6152142857145,5129.789678571428,5.669785714285679,315275,2026-03-13 02:40:00,5115.6152142857145,SL,-1.0,-5.669785714285354,3
2026-03-13 02:50:00,5115.005,LONG,5109.721642857143,5122.930035714286,5.283357142857118,315280,2026-03-13 03:00:00,5109.721642857143,SL,-1.0,-5.283357142857312,2
2026-03-13 03:55:00,5115.435,LONG,5111.228071428572,5121.745392857143,4.206928571428632,315293,2026-03-13 04:15:00,5111.228071428572,SL,-1.0,-4.206928571428762,4
2026-03-13 06:10:00,5103.775,SHORT,5108.9950714285715,5095.944892857143,5.220071428571438,315320,2026-03-13 06:20:00,5095.944892857143,TP,1.5,7.830107142856832,2
2026-03-13 07:50:00,5084.205,SHORT,5090.848357142857,5074.239964285714,6.64335714285705,315340,2026-03-13 08:00:00,5074.239964285714,TP,1.5,9.965035714285477,2
2026-03-13 08:40:00,5075.845,SHORT,5083.432142857143,5064.464285714286,7.58714285714281,315350,2026-03-13 08:45:00,5083.432142857143,SL,-1.0,-7.58714285714268,1
2026-03-13 08:50:00,5081.875,SHORT,5089.684285714286,5070.161071428572,7.809285714285644,315352,2026-03-13 09:00:00,5089.684285714286,SL,-1.0,-7.809285714285579,2
2026-03-13 09:05:00,5091.785,SHORT,5099.951428571429,5079.535357142857,8.1664285714285,315355,2026-03-13 11:55:00,5099.951428571429,SL,-1.0,-8.166428571428696,34
2026-03-13 13:20:00,5113.335,LONG,5107.157857142857,5122.600714285714,6.177142857142956,315406,2026-03-13 13:25:00,5107.157857142857,SL,-1.0,-6.177142857142826,1
2026-03-13 13:35:00,5106.565,LONG,5099.685714285713,5116.883928571428,6.879285714285937,315409,2026-03-13 13:55:00,5099.685714285713,SL,-1.0,-6.879285714286198,4
2026-03-13 14:00:00,5105.255,LONG,5097.817142857143,5116.411785714286,7.437857142857346,315414,2026-03-13 14:10:00,5097.817142857143,SL,-1.0,-7.437857142856956,2
2026-03-13 16:40:00,5044.085,SHORT,5056.188857142857,5025.929214285714,12.103857142857382,315446,2026-03-13 17:10:00,5056.188857142857,SL,-1.0,-12.103857142857123,6
2026-03-13 17:50:00,5045.455,SHORT,5052.411214285714,5035.020678571428,6.9562142857143305,315460,2026-03-13 19:10:00,5035.020678571428,TP,1.5,10.43432142857182,16
2026-03-13 20:45:00,5018.288,SHORT,5024.968714285714,5008.266928571428,6.680714285714267,315495,2026-03-15 22:00:00,5008.266928571428,TP,1.5,10.021071428571304,3
2026-03-15 23:15:00,5001.885,SHORT,5010.890928571429,4988.376107142858,9.005928571428415,315513,2026-03-15 23:20:00,4988.376107142858,TP,1.5,13.5088928571422,1
2026-03-16 00:05:00,5019.675,SHORT,5033.105714285714,4999.528928571429,13.430714285714137,315523,2026-03-16 01:10:00,4999.528928571429,TP,1.5,20.146071428571304,13
2026-03-16 02:45:00,5000.695,SHORT,5007.476214285714,4990.523178571428,6.781214285714408,315555,2026-03-16 03:25:00,5007.476214285714,SL,-1.0,-6.781214285714668,8
2026-03-16 05:50:00,5019.575,LONG,5015.227142857143,5026.096785714286,4.3478571428572,315592,2026-03-16 06:00:00,5015.227142857143,SL,-1.0,-4.34785714285681,2
2026-03-16 08:55:00,4990.875,SHORT,4998.444285714286,4979.521071428571,7.569285714285668,315629,2026-03-16 09:45:00,4979.521071428571,TP,1.5,11.353928571428696,10
2026-03-16 17:25:00,4995.835,SHORT,5002.164571428571,4986.3406428571425,6.329571428571463,315731,2026-03-16 17:35:00,4986.3406428571425,TP,1.5,9.494357142857552,2
2026-03-16 17:45:00,4985.945,SHORT,4991.473642857142,4977.652035714285,5.52864285714278,315735,2026-03-16 18:00:00,4991.473642857142,SL,-1.0,-5.528642857142586,3
2026-03-16 20:05:00,5018.435,LONG,5012.840714285715,5026.8264285714295,5.594285714285759,315763,2026-03-16 20:30:00,5012.840714285715,SL,-1.0,-5.594285714285434,5
2026-03-16 20:45:00,5009.255,LONG,5004.89,5015.8025,4.364999999999911,315771,2026-03-16 20:50:00,5004.89,SL,-1.0,-4.364999999999782,1
2026-03-17 00:30:00,5002.025,SHORT,5006.867142857142,4994.761785714285,4.842142857142919,315804,2026-03-17 00:35:00,5006.867142857142,SL,-1.0,-4.84214285714279,1
2026-03-17 00:45:00,5000.155,SHORT,5005.357142857142,4992.351785714285,5.202142857142852,315807,2026-03-17 00:55:00,5005.357142857142,SL,-1.0,-5.202142857142462,2
2026-03-17 01:15:00,5008.495,SHORT,5014.099071428572,5000.088892857143,5.604071428571452,315813,2026-03-17 01:25:00,5014.099071428572,SL,-1.0,-5.604071428571842,2
2026-03-17 04:25:00,5032.325,LONG,5029.005142857142,5037.304785714286,3.3198571428572774,315851,2026-03-17 04:40:00,5037.304785714286,TP,1.5,4.979785714285754,3
2026-03-17 07:40:00,5022.935,SHORT,5027.786642857143,5015.657535714286,4.851642857142971,315890,2026-03-17 08:20:00,5027.786642857143,SL,-1.0,-4.851642857142906,8
2026-03-17 08:50:00,5023.435,LONG,5018.150928571429,5031.361107142858,5.284071428571418,315904,2026-03-17 09:05:00,5018.150928571429,SL,-1.0,-5.284071428571224,3
2026-03-17 09:30:00,5014.685,SHORT,5019.7205,5007.1317500000005,5.035499999999956,315912,2026-03-17 10:00:00,5007.1317500000005,TP,1.5,7.5532499999999345,6
2026-03-17 11:25:00,5006.865,SHORT,5012.214571428571,4998.840642857143,5.349571428571186,315935,2026-03-17 12:15:00,5012.214571428571,SL,-1.0,-5.3495714285709255,10
2026-03-17 13:00:00,5016.895,LONG,5011.749000000001,5024.6140000000005,5.146000000000056,315954,2026-03-17 13:25:00,5011.749000000001,SL,-1.0,-5.145999999999731,5
2026-03-17 13:30:00,5024.105,LONG,5018.199928571428,5032.9626071428565,5.905071428571383,315960,2026-03-17 13:35:00,5018.199928571428,SL,-1.0,-5.905071428571318,1
2026-03-17 13:35:00,5025.295,LONG,5019.222785714286,5034.403321428572,6.072214285714251,315961,2026-03-17 13:50:00,5019.222785714286,SL,-1.0,-6.072214285713926,3
2026-03-17 15:10:00,5008.155,SHORT,5015.262428571428,4997.493857142857,7.1074285714285,315980,2026-03-17 15:25:00,4997.493857142857,TP,1.5,10.661142857142295,3
2026-03-17 15:30:00,4993.525,SHORT,5001.463642857142,4981.6170357142855,7.93864285714283,315984,2026-03-17 15:35:00,4981.6170357142855,TP,1.5,11.907964285714115,1
2026-03-17 16:45:00,4998.865,SHORT,5004.956,4989.728499999999,6.091000000000155,315999,2026-03-17 17:00:00,5004.956,SL,-1.0,-6.091000000000349,3
2026-03-17 17:10:00,5003.125,SHORT,5007.756714285714,4996.177428571428,4.631714285714419,316004,2026-03-17 17:20:00,5007.756714285714,SL,-1.0,-4.631714285714224,2
2026-03-17 17:25:00,5002.495,SHORT,5006.613357142857,4996.317464285714,4.118357142857284,316007,2026-03-17 17:45:00,4996.317464285714,TP,1.5,6.177535714286023,4
2026-03-17 18:35:00,5001.985,SHORT,5005.4697857142855,4996.757821428571,3.484785714285668,316021,2026-03-17 18:45:00,5005.4697857142855,SL,-1.0,-3.484785714285863,2
2026-03-17 19:55:00,5000.055,SHORT,5003.417428571429,4995.011357142857,3.3624285714286737,316037,2026-03-17 20:00:00,5003.417428571429,SL,-1.0,-3.362428571428609,1
2026-03-17 20:35:00,5003.658,SHORT,5006.583500000001,4999.26975,2.9255000000001536,316045,2026-03-17 20:55:00,5006.583500000001,SL,-1.0,-2.9255000000002838,4
2026-03-17 22:15:00,5000.715,SHORT,5003.804928571429,4996.080107142858,3.0899285714285725,316053,2026-03-17 22:40:00,4996.080107142858,TP,1.5,4.634892857142404,5
2026-03-17 23:10:00,4998.955,SHORT,5002.735285714286,4993.284571428571,3.7802857142856476,316064,2026-03-17 23:30:00,5002.735285714286,SL,-1.0,-3.7802857142860375,4
2026-03-18 00:45:00,5005.115,LONG,5001.792785714286,5010.098321428572,3.322214285714381,316083,2026-03-18 01:00:00,5001.792785714286,SL,-1.0,-3.322214285713926,3
2026-03-18 01:00:00,5008.175,LONG,5003.957071428572,5014.5018928571435,4.217928571428599,316086,2026-03-18 01:10:00,5014.5018928571435,TP,1.5,6.326892857143321,2
2026-03-18 01:15:00,5012.365,LONG,5008.128285714285,5018.720071428571,4.236714285714307,316089,2026-03-18 01:25:00,5008.128285714285,SL,-1.0,-4.236714285714697,2
2026-03-18 02:20:00,5001.638,SHORT,5006.290857142857,4994.658714285714,4.652857142857101,316102,2026-03-18 02:50:00,4994.658714285714,TP,1.5,6.979285714285652,6
2026-03-18 03:40:00,4994.448,SHORT,4998.3445,4988.60325,3.8964999999999628,316118,2026-03-18 04:30:00,4988.60325,TP,1.5,5.844750000000204,10
2026-03-18 05:10:00,4989.875,SHORT,4993.394785714286,4984.595321428572,3.5197857142856526,316136,2026-03-18 05:30:00,4993.394785714286,SL,-1.0,-3.5197857142857174,4
2026-03-18 05:45:00,4997.598,SHORT,5002.3451428571425,4990.477285714286,4.747142857142795,316143,2026-03-18 06:05:00,5002.3451428571425,SL,-1.0,-4.747142857142535,4
2026-03-18 07:25:00,5008.955,LONG,5005.5461428571425,5014.068285714286,3.4088571428570895,316163,2026-03-18 07:35:00,5005.5461428571425,SL,-1.0,-3.408857142857414,2
2026-03-18 10:10:00,4988.725,SHORT,4992.446428571429,4983.142857142858,3.7214285714285325,316196,2026-03-18 10:25:00,4983.142857142858,TP,1.5,5.582142857142571,3
2026-03-18 10:30:00,4980.365,SHORT,4984.478357142857,4974.194964285714,4.113357142856979,316200,2026-03-18 10:35:00,4974.194964285714,TP,1.5,6.1700357142854045,1
2026-03-18 14:10:00,4880.625,SHORT,4894.777928571429,4859.3956071428565,14.152928571428674,316244,2026-03-18 14:25:00,4859.3956071428565,TP,1.5,21.229392857143466,3
2026-03-18 16:55:00,4886.615,SHORT,4892.800285714286,4877.337071428571,6.185285714285783,316277,2026-03-18 17:20:00,4892.800285714286,SL,-1.0,-6.185285714285783,5
2026-03-18 18:30:00,4876.855,SHORT,4885.279785714285,4864.217821428571,8.424785714285722,316296,2026-03-18 18:35:00,4885.279785714285,SL,-1.0,-8.424785714285463,1
2026-03-18 18:35:00,4875.805,SHORT,4884.609285714286,4862.598571428572,8.804285714285665,316297,2026-03-18 18:50:00,4862.598571428572,TP,1.5,13.20642857142866,3
2026-03-18 22:10:00,4818.095,SHORT,4828.721214285714,4802.155678571429,10.626214285714273,316328,2026-03-18 22:35:00,4828.721214285714,SL,-1.0,-10.626214285714013,5
2026-03-18 22:50:00,4832.435,SHORT,4843.451714285715,4815.909928571429,11.016714285714313,316336,2026-03-19 00:00:00,4843.451714285715,SL,-1.0,-11.016714285714443,14
2026-03-19 02:05:00,4847.025,LONG,4838.368785714285,4860.009321428571,8.656214285714213,316375,2026-03-19 02:40:00,4860.009321428571,TP,1.5,12.984321428571093,7
2026-03-19 03:10:00,4864.045,LONG,4858.118785714286,4872.934321428572,5.92621428571426,316388,2026-03-19 03:20:00,4858.118785714286,SL,-1.0,-5.926214285714195,2
2026-03-19 03:40:00,4856.005,LONG,4850.389071428572,4864.428892857143,5.615928571428477,316394,2026-03-19 03:55:00,4850.389071428572,SL,-1.0,-5.615928571428412,3
2026-03-19 04:30:00,4850.865,LONG,4847.511642857143,4855.895035714286,3.3533571428570212,316404,2026-03-19 04:45:00,4847.511642857143,SL,-1.0,-3.3533571428570212,3
2026-03-19 05:10:00,4850.295,LONG,4846.812785714286,4855.518321428572,3.4822142857142353,316412,2026-03-19 05:25:00,4846.812785714286,SL,-1.0,-3.4822142857137806,3
2026-03-19 10:10:00,4704.215,SHORT,4719.780714285715,4680.8664285714285,15.565714285714225,316472,2026-03-19 10:20:00,4680.8664285714285,TP,1.5,23.34857142857163,2
2026-03-19 11:10:00,4685.865,SHORT,4700.739214285714,4663.5536785714285,14.87421428571419,316484,2026-03-19 11:40:00,4663.5536785714285,TP,1.5,22.31132142857132,6
2026-03-19 14:55:00,4601.605,SHORT,4624.750214285714,4566.887178571428,23.145214285714115,316529,2026-03-19 15:05:00,4624.750214285714,SL,-1.0,-23.145214285714246,2
2026-03-19 16:25:00,4599.015,SHORT,4615.8799285714285,4573.717607142858,16.864928571428468,316547,2026-03-19 17:10:00,4573.717607142858,TP,1.5,25.297392857142768,9
2026-03-19 18:45:00,4607.405,SHORT,4617.282857142857,4592.588214285714,9.877857142857206,316575,2026-03-19 18:55:00,4617.282857142857,SL,-1.0,-9.877857142857465,2
2026-03-19 19:10:00,4656.905,LONG,4644.625,4675.325,12.280000000000134,316580,2026-03-19 19:20:00,4644.625,SL,-1.0,-12.279999999999745,2
2026-03-19 22:50:00,4648.035,LONG,4638.346428571428,4662.567857142857,9.688571428571388,316612,2026-03-19 22:55:00,4638.346428571428,SL,-1.0,-9.688571428571777,1
2026-03-19 23:15:00,4645.165,LONG,4635.855928571428,4659.128607142857,9.30907142857138,316617,2026-03-19 23:40:00,4635.855928571428,SL,-1.0,-9.30907142857177,5
2026-03-20 00:00:00,4651.455,LONG,4644.190714285714,4662.351428571428,7.264285714285636,316626,2026-03-20 00:10:00,4662.351428571428,TP,1.5,10.89642857142826,2
2026-03-20 00:35:00,4653.095,LONG,4645.440714285714,4664.576428571429,7.654285714285639,316633,2026-03-20 01:00:00,4645.440714285714,SL,-1.0,-7.654285714285834,5
2026-03-20 01:00:00,4669.155,LONG,4659.898571428571,4683.039642857142,9.256428571428453,316638,2026-03-20 01:10:00,4659.898571428571,SL,-1.0,-9.256428571428842,2
2026-03-20 01:40:00,4686.095,LONG,4674.591428571429,4703.350357142857,11.503571428571442,316646,2026-03-20 01:55:00,4674.591428571429,SL,-1.0,-11.503571428571377,3
2026-03-20 04:50:00,4722.365,LONG,4717.571428571428,4729.555357142857,4.79357142857147,316684,2026-03-20 05:00:00,4717.571428571428,SL,-1.0,-4.79357142857134,2
2026-03-20 08:55:00,4693.595,LONG,4683.255,4709.1050000000005,10.340000000000146,316733,2026-03-20 09:30:00,4683.255,SL,-1.0,-10.340000000000146,7
2026-03-20 11:45:00,4665.445,SHORT,4675.5142857142855,4650.341071428571,10.069285714285668,316767,2026-03-20 12:00:00,4675.5142857142855,SL,-1.0,-10.069285714285797,3
2026-03-20 12:10:00,4685.335,SHORT,4694.252142857143,4671.959285714286,8.917142857142867,316772,2026-03-20 12:30:00,4671.959285714286,TP,1.5,13.375714285713912,4
2026-03-20 13:00:00,4670.285,SHORT,4680.614071428571,4654.7913928571425,10.329071428571492,316782,2026-03-20 13:10:00,4654.7913928571425,TP,1.5,15.4936071428574,2
2026-03-20 13:20:00,4662.185,SHORT,4672.711928571429,4646.394607142857,10.526928571428666,316786,2026-03-20 13:30:00,4646.394607142857,TP,1.5,15.79039285714316,2
2026-03-20 13:45:00,4651.595,SHORT,4664.204285714286,4632.681071428571,12.609285714285761,316791,2026-03-20 13:50:00,4632.681071428571,TP,1.5,18.913928571429096,1
2026-03-20 16:05:00,4571.515,SHORT,4587.246714285715,4547.917428571429,15.731714285714329,316819,2026-03-20 16:10:00,4587.246714285715,SL,-1.0,-15.731714285714588,1
2026-03-20 16:20:00,4596.145,SHORT,4612.464571428572,4571.665642857143,16.31957142857144,316822,2026-03-20 16:30:00,4571.665642857143,TP,1.5,24.479357142857225,2
2026-03-20 17:10:00,4581.785,SHORT,4596.243642857143,4560.097035714285,14.458642857142943,316832,2026-03-20 17:30:00,4560.097035714285,TP,1.5,21.68796428571477,4
2026-03-20 17:30:00,4561.605,SHORT,4574.3757857142855,4542.448821428571,12.770785714285791,316836,2026-03-20 17:50:00,4574.3757857142855,SL,-1.0,-12.770785714285921,4
2026-03-20 18:00:00,4569.965,SHORT,4581.083571428571,4553.287142857143,11.118571428571418,316842,2026-03-20 18:20:00,4553.287142857143,TP,1.5,16.677857142856737,4
2026-03-20 20:30:00,4500.015,SHORT,4511.009285714286,4483.523571428572,10.994285714285914,316872,2026-03-22 22:00:00,4483.523571428572,TP,1.5,16.491428571428514,6
2026-03-22 22:25:00,4524.025,SHORT,4540.239428571428,4499.7033571428565,16.21442857142847,316883,2026-03-22 22:55:00,4499.7033571428565,TP,1.5,24.32164285714316,6
2026-03-22 23:05:00,4494.708,SHORT,4514.105428571428,4465.611857142857,19.397428571428595,316891,2026-03-22 23:45:00,4465.611857142857,TP,1.5,29.096142857142695,8
2026-03-23 00:00:00,4440.065,SHORT,4456.450285714285,4415.487071428571,16.385285714285796,316902,2026-03-23 00:15:00,4415.487071428571,TP,1.5,24.577928571428856,3
2026-03-23 01:25:00,4421.495,SHORT,4454.8129285714285,4371.518107142857,33.317928571428574,316919,2026-03-23 02:35:00,4371.518107142857,TP,1.5,49.97689285714296,14
2026-03-23 04:25:00,4368.375,SHORT,4379.2,4352.1375,10.824999999999948,316955,2026-03-23 04:35:00,4379.2,SL,-1.0,-10.824999999999818,2
2026-03-23 04:45:00,4368.525,SHORT,4378.534071428571,4353.511392857143,10.009071428571392,316959,2026-03-23 04:50:00,4353.511392857143,TP,1.5,15.013607142856927,1
2026-03-23 05:35:00,4326.295,SHORT,4339.9220000000005,4305.8545,13.627000000000018,316969,2026-03-23 05:50:00,4305.8545,TP,1.5,20.4404999999997,3
2026-03-23 12:05:00,4368.305,LONG,4319.4322142857145,4441.614178571429,48.872785714285655,317047,2026-03-23 12:45:00,4441.614178571429,TP,1.5,73.30917857142867,8
2026-03-23 13:30:00,4416.778,LONG,4390.411571428572,4456.3276428571435,26.366428571428646,317064,2026-03-23 13:50:00,4456.3276428571435,TP,1.5,39.549642857143226,4
2026-03-23 13:55:00,4453.975,LONG,4427.923714285715,4493.051928571429,26.05128571428577,317069,2026-03-23 14:15:00,4493.051928571429,TP,1.5,39.07692857142865,4
2026-03-23 15:00:00,4469.595,LONG,4447.085214285715,4503.359678571429,22.509785714285822,317082,2026-03-23 15:15:00,4447.085214285715,SL,-1.0,-22.5097857142855,3
2026-03-23 18:25:00,4425.895,LONG,4410.935214285714,4448.334678571429,14.959785714285838,317123,2026-03-23 18:35:00,4448.334678571429,TP,1.5,22.439678571428885,2
2026-03-23 20:50:00,4407.515,SHORT,4416.961428571429,4393.345357142857,9.446428571428637,317152,2026-03-23 22:00:00,4416.961428571429,SL,-1.0,-9.446428571428442,2
2026-03-23 22:20:00,4398.885,SHORT,4411.680785714286,4379.691321428571,12.795785714285753,317158,2026-03-23 22:25:00,4411.680785714286,SL,-1.0,-12.795785714285557,1
2026-03-24 02:45:00,4363.325,SHORT,4383.214785714285,4333.490321428571,19.889785714285868,317211,2026-03-24 04:15:00,4333.490321428571,TP,1.5,29.834678571428412,18
2026-03-24 04:40:00,4340.645,SHORT,4350.261928571429,4326.219607142858,9.616928571428486,317234,2026-03-24 05:05:00,4326.219607142858,TP,1.5,14.42539285714247,5
2026-03-24 05:20:00,4339.235,SHORT,4350.079285714285,4322.968571428571,10.844285714285759,317242,2026-03-24 05:30:00,4322.968571428571,TP,1.5,16.26642857142906,2
2026-03-24 06:10:00,4366.155,SHORT,4381.529071428571,4343.093892857143,15.374071428571304,317252,2026-03-24 06:20:00,4381.529071428571,SL,-1.0,-15.37407142857137,2
2026-03-24 08:25:00,4396.295,LONG,4383.424571428572,4415.600642857143,12.87042857142842,317279,2026-03-24 09:00:00,4415.600642857143,TP,1.5,19.30564285714263,7
2026-03-24 09:30:00,4411.165,LONG,4400.508714285715,4427.149428571429,10.65628571428572,317292,2026-03-24 09:55:00,4427.149428571429,TP,1.5,15.984428571428907,5
2026-03-24 11:05:00,4412.618,LONG,4397.951928571429,4434.617107142858,14.666071428571545,317311,2026-03-24 11:50:00,4397.951928571429,SL,-1.0,-14.66607142857174,9
2026-03-24 14:10:00,4394.685,SHORT,4410.913214285714,4370.342678571429,16.228214285714266,317348,2026-03-24 14:25:00,4410.913214285714,SL,-1.0,-16.228214285713875,3
2026-03-24 15:20:00,4413.638,LONG,4397.8865,4437.26525,15.751500000000046,317362,2026-03-24 17:05:00,4397.8865,SL,-1.0,-15.751500000000306,21
2026-03-24 20:00:00,4399.125,SHORT,4406.3896428571425,4388.228035714285,7.264642857142852,317418,2026-03-24 20:15:00,4406.3896428571425,SL,-1.0,-7.264642857142462,3
2026-03-25 03:20:00,4577.135,LONG,4569.3051428571425,4588.879785714286,7.829857142857301,317494,2026-03-25 03:40:00,4569.3051428571425,SL,-1.0,-7.829857142857691,4
2026-03-25 04:00:00,4572.848,LONG,4566.224357142857,4582.783464285714,6.62364285714297,317502,2026-03-25 04:35:00,4566.224357142857,SL,-1.0,-6.6236428571428405,7
2026-03-25 04:35:00,4571.885,LONG,4566.6552142857145,4579.729678571429,5.2297857142858835,317509,2026-03-25 05:05:00,4566.6552142857145,SL,-1.0,-5.229785714285754,6
2026-03-25 06:35:00,4546.105,SHORT,4555.126214285714,4532.573178571428,9.021214285714255,317533,2026-03-25 07:10:00,4555.126214285714,SL,-1.0,-9.02121428571445,7
2026-03-25 07:30:00,4554.648,SHORT,4560.837071428572,4545.364392857143,6.189071428571489,317544,2026-03-25 07:35:00,4545.364392857143,TP,1.5,9.283607142857363,1
2026-03-25 07:40:00,4546.348,SHORT,4553.153071428572,4536.140392857143,6.805071428571539,317546,2026-03-25 08:00:00,4536.140392857143,TP,1.5,10.207607142857341,4
2026-03-25 08:20:00,4562.315,SHORT,4570.692285714285,4549.7490714285705,8.377285714285856,317554,2026-03-25 09:40:00,4549.7490714285705,TP,1.5,12.56592857142914,16
2026-03-25 10:30:00,4553.425,SHORT,4561.430071428572,4541.417392857144,8.005071428571357,317580,2026-03-25 10:50:00,4561.430071428572,SL,-1.0,-8.005071428571682,4
2026-03-25 11:00:00,4565.855,LONG,4559.478499999999,4575.419749999999,6.376499999999916,317586,2026-03-25 11:20:00,4575.419749999999,TP,1.5,9.564749999999549,4
2026-03-25 13:20:00,4558.425,SHORT,4572.536285714286,4537.258071428571,14.111285714285714,317614,2026-03-25 13:30:00,4572.536285714286,SL,-1.0,-14.111285714286169,2
2026-03-25 13:45:00,4551.855,SHORT,4563.886285714285,4533.808071428571,12.03128571428572,317619,2026-03-25 14:00:00,4533.808071428571,TP,1.5,18.046928571428907,3
2026-03-25 14:20:00,4547.665,SHORT,4559.604857142857,4529.755214285714,11.939857142857168,317626,2026-03-25 14:25:00,4559.604857142857,SL,-1.0,-11.939857142857363,1
2026-03-25 15:10:00,4549.615,SHORT,4559.290714285714,4535.101428571428,9.67571428571416,317636,2026-03-25 15:15:00,4535.101428571428,TP,1.5,14.513571428571595,1
2026-03-25 15:55:00,4558.725,SHORT,4568.211571428572,4544.495142857143,9.486571428571422,317645,2026-03-25 17:10:00,4544.495142857143,TP,1.5,14.229857142857327,15
2026-03-25 18:05:00,4551.555,SHORT,4561.047500000001,4537.31625,9.492500000000032,317671,2026-03-25 18:55:00,4537.31625,TP,1.5,14.238750000000437,10
2026-03-25 20:05:00,4526.945,SHORT,4540.202428571429,4507.058857142857,13.25742857142872,317695,2026-03-25 20:35:00,4507.058857142857,TP,1.5,19.88614285714266,6
2026-03-25 22:15:00,4507.975,SHORT,4517.554071428572,4493.606392857143,9.579071428571426,317709,2026-03-25 22:25:00,4517.554071428572,SL,-1.0,-9.579071428571297,2
2026-03-25 22:50:00,4516.385,SHORT,4527.496,4499.7185,11.111000000000006,317716,2026-03-25 23:05:00,4499.7185,TP,1.5,16.66650000000027,3
2026-03-25 23:15:00,4506.208,SHORT,4517.002071428571,4490.016892857142,10.794071428571572,317721,2026-03-25 23:35:00,4490.016892857142,TP,1.5,16.191107142857618,4
2026-03-26 00:15:00,4527.025,SHORT,4537.176642857143,4511.797535714285,10.151642857143088,317733,2026-03-26 00:50:00,4537.176642857143,SL,-1.0,-10.151642857143088,7
2026-03-26 01:50:00,4529.925,LONG,4520.8468571428575,4543.542214285714,9.078142857142796,317752,2026-03-26 02:30:00,4520.8468571428575,SL,-1.0,-9.078142857142666,8
2026-03-26 04:30:00,4519.528,SHORT,4524.102428571429,4512.666357142857,4.574428571428728,317784,2026-03-26 05:05:00,4512.666357142857,TP,1.5,6.861642857143124,7
2026-03-26 05:20:00,4504.725,SHORT,4509.068928571429,4498.209107142858,4.343928571428672,317794,2026-03-26 05:25:00,4498.209107142858,TP,1.5,6.515892857142717,1
2026-03-26 08:20:00,4431.435,SHORT,4442.062214285715,4415.494178571429,10.627214285714217,317830,2026-03-26 08:40:00,4415.494178571429,TP,1.5,15.940821428571326,4
2026-03-26 10:50:00,4439.645,SHORT,4449.952214285715,4424.184178571429,10.307214285714249,317860,2026-03-26 11:20:00,4449.952214285715,SL,-1.0,-10.307214285714508,6
2026-03-26 11:55:00,4422.795,SHORT,4432.148857142857,4408.764214285714,9.353857142857189,317873,2026-03-26 12:05:00,4432.148857142857,SL,-1.0,-9.353857142857123,2
2026-03-26 12:15:00,4436.405,SHORT,4446.871,4420.705999999999,10.46600000000009,317877,2026-03-26 13:00:00,4420.705999999999,TP,1.5,15.699000000000524,9
2026-03-26 13:10:00,4438.005,SHORT,4448.202214285714,4422.709178571428,10.197214285714251,317888,2026-03-26 13:20:00,4448.202214285714,SL,-1.0,-10.197214285713926,2
2026-03-26 13:40:00,4453.295,LONG,4441.7275714285715,4470.646142857143,11.567428571428731,317894,2026-03-26 13:55:00,4441.7275714285715,SL,-1.0,-11.567428571428536,3
2026-03-26 18:50:00,4393.795,SHORT,4402.115285714286,4381.314571428571,8.320285714285806,317956,2026-03-26 19:25:00,4381.314571428571,TP,1.5,12.480428571429002,7
2026-03-26 19:40:00,4378.525,SHORT,4385.949642857143,4367.388035714285,7.424642857142966,317966,2026-03-26 19:50:00,4367.388035714285,TP,1.5,11.136964285714384,2
2026-03-26 22:35:00,4408.595,LONG,4394.016928571429,4430.462107142857,14.578071428571548,317989,2026-03-26 22:45:00,4394.016928571429,SL,-1.0,-14.578071428571093,2
2026-03-26 22:55:00,4410.398,LONG,4397.013142857143,4430.475285714286,13.384857142857268,317993,2026-03-26 23:05:00,4397.013142857143,SL,-1.0,-13.384857142857072,2
2026-03-26 23:25:00,4399.165,LONG,4388.8300714285715,4414.667392857143,10.334928571428593,317999,2026-03-27 00:20:00,4388.8300714285715,SL,-1.0,-10.334928571428463,11
2026-03-27 01:15:00,4390.708,SHORT,4398.461357142856,4379.077964285714,7.753357142857047,318021,2026-03-27 01:20:00,4398.461357142856,SL,-1.0,-7.7533571428566574,1
2026-03-27 07:35:00,4453.095,LONG,4446.539714285715,4462.927928571429,6.555285714285674,318097,2026-03-27 07:40:00,4446.539714285715,SL,-1.0,-6.555285714285674,1
2026-03-27 09:30:00,4433.565,SHORT,4440.787642857143,4422.731035714286,7.2226428571426755,318120,2026-03-27 10:35:00,4422.731035714286,TP,1.5,10.833964285713591,13
2026-03-27 11:55:00,4419.745,SHORT,4426.717428571428,4409.286357142857,6.972428571428736,318149,2026-03-27 12:15:00,4426.717428571428,SL,-1.0,-6.972428571428281,4
2026-03-27 12:20:00,4422.185,SHORT,4429.573571428572,4411.102142857143,7.38857142857153,318154,2026-03-27 12:25:00,4429.573571428572,SL,-1.0,-7.388571428571595,1
2026-03-27 13:55:00,4430.675,LONG,4420.099642857143,4446.538035714286,10.575357142857229,318173,2026-03-27 14:00:00,4446.538035714286,TP,1.5,15.863035714285616,1
2026-03-27 14:10:00,4459.305,LONG,4446.084214285715,4479.136178571429,13.22078571428574,318176,2026-03-27 14:50:00,4479.136178571429,TP,1.5,19.83117857142861,8
2026-03-27 16:40:00,4510.955,LONG,4501.740928571428,4524.776107142858,9.214071428571515,318206,2026-03-27 17:15:00,4501.740928571428,SL,-1.0,-9.214071428571515,7
2026-03-27 17:30:00,4497.355,LONG,4487.604928571428,4511.980107142857,9.750071428571573,318216,2026-03-27 17:40:00,4487.604928571428,SL,-1.0,-9.750071428571573,2
2026-03-27 18:10:00,4498.225,LONG,4488.959000000001,4512.124000000001,9.266000000000076,318224,2026-03-27 18:30:00,4512.124000000001,TP,1.5,13.899000000000342,4
2026-03-27 19:25:00,4522.615,LONG,4514.765285714286,4534.389571428571,7.849714285714201,318239,2026-03-27 19:35:00,4514.765285714286,SL,-1.0,-7.849714285714072,2
2026-03-27 19:50:00,4515.385,LONG,4507.903357142857,4526.607464285715,7.481642857142755,318244,2026-03-27 20:05:00,4507.903357142857,SL,-1.0,-7.481642857143015,3
2026-03-30 00:35:00,4447.375,SHORT,4461.974071428572,4425.476392857143,14.599071428571474,318289,2026-03-30 01:20:00,4461.974071428572,SL,-1.0,-14.599071428571733,9
2026-03-30 01:20:00,4453.945,SHORT,4467.726928571428,4433.272107142857,13.78192857142858,318298,2026-03-30 01:30:00,4467.726928571428,SL,-1.0,-13.78192857142858,2
2026-03-30 01:35:00,4467.125,SHORT,4479.671714285714,4448.304928571429,12.546714285714254,318301,2026-03-30 02:40:00,4479.671714285714,SL,-1.0,-12.546714285714188,13
2026-03-30 07:10:00,4533.845,LONG,4525.451214285715,4546.435678571428,8.393785714285514,318368,2026-03-30 07:25:00,4525.451214285715,SL,-1.0,-8.393785714285514,3
2026-03-30 08:30:00,4532.615,LONG,4525.7699999999995,4542.8825,6.84500000000006,318384,2026-03-30 09:15:00,4525.7699999999995,SL,-1.0,-6.845000000000255,9
2026-03-30 09:20:00,4530.845,LONG,4524.125928571429,4540.923607142858,6.7190714285714295,318394,2026-03-30 09:30:00,4524.125928571429,SL,-1.0,-6.719071428571624,2
2026-03-30 09:35:00,4533.415,LONG,4526.6152142857145,4543.614678571428,6.799785714285657,318397,2026-03-30 11:00:00,4526.6152142857145,SL,-1.0,-6.799785714285463,17
2026-03-30 11:05:00,4534.595,LONG,4528.71,4543.422500000001,5.885000000000024,318415,2026-03-30 11:15:00,4543.422500000001,TP,1.5,8.827500000000327,2
2026-03-30 12:15:00,4566.955,LONG,4556.467571428571,4582.686142857143,10.487428571428675,318429,2026-03-30 13:30:00,4556.467571428571,SL,-1.0,-10.487428571428609,15
2026-03-30 13:35:00,4559.765,LONG,4550.868,4573.110500000001,8.897,318445,2026-03-30 13:40:00,4550.868,SL,-1.0,-8.896999999999935,1
2026-03-30 15:10:00,4532.625,SHORT,4543.672428571429,4516.053857142857,11.04742857142862,318464,2026-03-30 15:35:00,4543.672428571429,SL,-1.0,-11.047428571429009,5
2026-03-30 16:45:00,4541.545,SHORT,4548.908142857143,4530.500285714285,7.36314285714291,318483,2026-03-30 17:10:00,4530.500285714285,TP,1.5,11.04471428571469,5
2026-03-30 17:10:00,4522.525,SHORT,4529.719357142857,4511.733464285714,7.194357142857241,318488,2026-03-30 17:25:00,4529.719357142857,SL,-1.0,-7.1943571428573705,3
2026-03-30 19:35:00,4505.135,SHORT,4512.586428571429,4493.957857142857,7.451428571428551,318517,2026-03-30 19:55:00,4512.586428571429,SL,-1.0,-7.451428571428551,4
2026-03-30 20:05:00,4509.035,SHORT,4516.408571428571,4497.9746428571425,7.373571428571332,318523,2026-03-30 22:00:00,4516.408571428571,SL,-1.0,-7.3735714285712675,11
2026-03-30 22:10:00,4507.835,SHORT,4512.943642857143,4500.172035714286,5.108642857142773,318536,2026-03-30 22:25:00,4512.943642857143,SL,-1.0,-5.108642857142513,3
2026-03-30 22:30:00,4512.515,SHORT,4518.514785714286,4503.515321428572,5.999785714285541,318540,2026-03-30 23:00:00,4503.515321428572,TP,1.5,8.999678571428376,6
2026-03-31 03:45:00,4552.555,LONG,4543.755214285715,4565.7546785714285,8.799785714285722,318603,2026-03-31 04:05:00,4565.7546785714285,TP,1.5,13.199678571428194,4
2026-03-31 04:40:00,4563.615,LONG,4557.6025714285715,4572.633642857143,6.012428571428635,318614,2026-03-31 05:10:00,4557.6025714285715,SL,-1.0,-6.012428571428245,6
2026-03-31 05:30:00,4575.205,LONG,4568.0545,4585.9307499999995,7.150499999999803,318624,2026-03-31 05:55:00,4568.0545,SL,-1.0,-7.150499999999738,5
2026-03-31 07:05:00,4556.325,SHORT,4562.902142857142,4546.459285714285,6.577142857142852,318643,2026-03-31 07:15:00,4546.459285714285,TP,1.5,9.865714285714603,2
2026-03-31 07:45:00,4558.145,SHORT,4564.766857142858,4548.212214285715,6.621857142857152,318651,2026-03-31 07:55:00,4564.766857142858,SL,-1.0,-6.621857142857152,2
2026-03-31 08:05:00,4566.978,SHORT,4574.132,4556.247,7.153999999999996,318655,2026-03-31 08:35:00,4574.132,SL,-1.0,-7.153999999999542,6
2026-03-31 11:25:00,4574.935,SHORT,4585.406642857143,4559.227535714286,10.471642857142731,318695,2026-03-31 11:35:00,4585.406642857143,SL,-1.0,-10.471642857142797,2
2026-03-31 12:50:00,4573.895,LONG,4564.608714285715,4587.824428571429,9.286285714285766,318712,2026-03-31 13:40:00,4587.824428571429,TP,1.5,13.929428571428616,10
2026-03-31 13:45:00,4589.505,LONG,4580.714,4602.6915,8.791000000000038,318723,2026-03-31 13:50:00,4602.6915,TP,1.5,13.186499999999796,1
2026-03-31 15:40:00,4620.555,LONG,4611.331642857143,4634.390035714286,9.223357142856978,318746,2026-03-31 15:55:00,4611.331642857143,SL,-1.0,-9.223357142856912,3
2026-03-31 16:20:00,4617.605,LONG,4609.1531428571425,4630.282785714285,8.45185714285695,318754,2026-03-31 16:35:00,4630.282785714285,TP,1.5,12.677785714285164,3
2026-03-31 20:30:00,4675.145,LONG,4669.316428571429,4683.887857142858,5.828571428571389,318804,2026-03-31 20:35:00,4669.316428571429,SL,-1.0,-5.828571428571195,1
2026-03-31 22:20:00,4680.935,LONG,4672.933857142858,4692.9367142857145,8.001142857142895,318814,2026-03-31 22:25:00,4672.933857142858,SL,-1.0,-8.00114285714244,1
2026-04-01 01:10:00,4707.535,LONG,4696.6723571428565,4723.828964285714,10.862642857143069,318848,2026-04-01 01:15:00,4696.6723571428565,SL,-1.0,-10.862642857143328,1
2026-04-01 01:25:00,4707.995,LONG,4696.600714285714,4725.086428571429,11.394285714285745,318851,2026-04-01 01:30:00,4696.600714285714,SL,-1.0,-11.394285714285616,1
2026-04-01 01:40:00,4687.525,LONG,4675.984285714286,4704.836071428571,11.5407142857142,318854,2026-04-01 04:00:00,4675.984285714286,SL,-1.0,-11.540714285713875,28
2026-04-01 06:25:00,4709.225,LONG,4701.382785714286,4720.988321428572,7.8422142857144275,318911,2026-04-01 06:45:00,4720.988321428572,TP,1.5,11.763321428571544,4
2026-04-01 08:30:00,4732.495,LONG,4722.125928571429,4748.048607142857,10.36907142857139,318936,2026-04-01 09:05:00,4722.125928571429,SL,-1.0,-10.36907142857126,7
2026-04-01 09:20:00,4720.775,LONG,4714.313999999999,4730.4664999999995,6.461000000000046,318946,2026-04-01 09:30:00,4714.313999999999,SL,-1.0,-6.46100000000024,2
2026-04-01 10:15:00,4719.695,LONG,4713.7516428571425,4728.610035714285,5.943357142857102,318957,2026-04-01 10:20:00,4728.610035714285,TP,1.5,8.915035714285295,1
2026-04-01 10:25:00,4728.115,LONG,4721.606642857143,4737.877535714286,6.5083571428571565,318959,2026-04-01 10:45:00,4737.877535714286,TP,1.5,9.76253571428606,4
2026-04-01 12:25:00,4734.91,LONG,4726.857928571429,4746.988107142857,8.052071428571383,318983,2026-04-01 12:35:00,4746.988107142857,TP,1.5,12.078107142857334,2
2026-04-01 13:30:00,4738.475,LONG,4726.507928571429,4756.425607142858,11.967071428571542,318996,2026-04-01 14:00:00,4726.507928571429,SL,-1.0,-11.967071428571217,6
2026-04-01 14:00:00,4743.858,LONG,4733.160857142857,4759.903714285714,10.697142857142873,319002,2026-04-01 14:25:00,4733.160857142857,SL,-1.0,-10.697142857143263,5
2026-04-01 14:25:00,4741.985,LONG,4730.371928571428,4759.404607142857,11.613071428571468,319007,2026-04-01 14:45:00,4759.404607142857,TP,1.5,17.419607142856876,4
2026-04-01 17:35:00,4782.325,LONG,4777.194285714286,4790.021071428571,5.130714285714475,319045,2026-04-01 17:55:00,4777.194285714286,SL,-1.0,-5.130714285714021,4
2026-04-01 20:25:00,4761.855,SHORT,4767.968,4752.6855,6.113000000000219,319079,2026-04-01 22:05:00,4752.6855,TP,1.5,9.169499999999971,8
2026-04-01 23:50:00,4785.355,LONG,4778.559071428571,4795.548892857142,6.795928571428639,319108,2026-04-02 00:00:00,4778.559071428571,SL,-1.0,-6.795928571428703,2
2026-04-02 00:05:00,4789.995,LONG,4782.785285714285,4800.809571428571,7.209714285714329,319111,2026-04-02 01:00:00,4782.785285714285,SL,-1.0,-7.209714285714654,11
2026-04-02 01:05:00,4746.495,LONG,4734.893071428572,4763.897892857143,11.601928571428614,319123,2026-04-02 01:10:00,4763.897892857143,TP,1.5,17.402892857143343,1
2026-04-02 01:15:00,4727.175,SHORT,4740.8390714285715,4706.678892857143,13.664071428571463,319125,2026-04-02 01:25:00,4706.678892857143,TP,1.5,20.496107142857,2
2026-04-02 08:40:00,4630.415,SHORT,4639.797142857143,4616.341785714286,9.382142857142949,319214,2026-04-02 09:00:00,4616.341785714286,TP,1.5,14.07321428571413,4
2026-04-02 09:40:00,4621.255,SHORT,4630.399785714286,4607.537821428572,9.144785714285652,319226,2026-04-02 10:05:00,4630.399785714286,SL,-1.0,-9.144785714285717,5
2026-04-02 10:55:00,4620.265,SHORT,4629.366714285715,4606.612428571429,9.10171428571435,319241,2026-04-02 11:10:00,4629.366714285715,SL,-1.0,-9.101714285714479,3
2026-04-02 11:15:00,4624.295,SHORT,4632.810285714286,4611.5220714285715,8.51528571428584,319245,2026-04-02 11:30:00,4611.5220714285715,TP,1.5,12.772928571428565,3
2026-04-02 12:55:00,4601.598,SHORT,4611.769928571429,4586.340107142857,10.171928571428582,319265,2026-04-02 13:00:00,4586.340107142857,TP,1.5,15.257892857142906,1
2026-04-02 13:10:00,4587.225,SHORT,4599.532428571429,4568.763857142858,12.307428571428577,319268,2026-04-02 13:25:00,4599.532428571429,SL,-1.0,-12.307428571428318,3
2026-04-02 13:35:00,4589.735,SHORT,4603.183142857142,4569.562785714285,13.448142857142752,319273,2026-04-02 13:45:00,4603.183142857142,SL,-1.0,-13.448142857142557,2
2026-04-02 15:30:00,4674.645,LONG,4660.143142857143,4696.397785714286,14.501857142857132,319296,2026-04-02 15:45:00,4660.143142857143,SL,-1.0,-14.501857142857261,3
2026-04-02 15:50:00,4661.685,LONG,4650.269785714286,4678.8078214285715,11.415214285714358,319300,2026-04-02 16:05:00,4650.269785714286,SL,-1.0,-11.415214285714683,3
2026-04-02 16:30:00,4657.895,LONG,4647.333785714286,4673.736821428572,10.561214285714348,319308,2026-04-02 17:30:00,4647.333785714286,SL,-1.0,-10.561214285714414,12
2026-04-02 17:35:00,4653.135,LONG,4644.620642857143,4665.906535714286,8.514357142857339,319321,2026-04-02 18:45:00,4665.906535714286,TP,1.5,12.771535714286074,14
2026-04-02 20:25:00,4667.505,LONG,4661.903142857143,4675.907785714286,5.601857142857041,319355,2026-04-02 20:55:00,4675.907785714286,TP,1.5,8.402785714285528,6
2026-04-05 22:50:00,4628.645,SHORT,4644.6716428571435,4604.605035714287,16.026642857142697,319372,2026-04-05 22:55:00,4644.6716428571435,SL,-1.0,-16.026642857143088,1
2026-04-05 23:15:00,4624.325,SHORT,4639.957785714285,4600.875821428572,15.632785714285546,319377,2026-04-06 00:25:00,4600.875821428572,TP,1.5,23.449178571428092,14
2026-04-06 00:45:00,4617.305,SHORT,4626.980428571429,4602.791857142857,9.675428571428645,319395,2026-04-06 01:00:00,4626.980428571429,SL,-1.0,-9.67542857142871,3
2026-04-06 01:15:00,4624.505,SHORT,4634.333785714286,4609.761821428571,9.828785714285784,319401,2026-04-06 01:20:00,4634.333785714286,SL,-1.0,-9.828785714285914,1
2026-04-06 06:00:00,4652.445,LONG,4645.242142857142,4663.249285714285,7.202857142857089,319458,2026-04-06 06:50:00,4663.249285714285,TP,1.5,10.80428571428547,10
2026-04-06 06:55:00,4665.765,LONG,4658.438071428572,4676.755392857143,7.3269285714286525,319469,2026-04-06 07:00:00,4658.438071428572,SL,-1.0,-7.3269285714286525,1
2026-04-06 10:25:00,4689.535,LONG,4684.474214285714,4697.126178571429,5.060785714285885,319511,2026-04-06 10:45:00,4684.474214285714,SL,-1.0,-5.060785714285885,4
2026-04-06 11:50:00,4683.095,LONG,4677.3845,4691.66075,5.710500000000009,319528,2026-04-06 11:55:00,4677.3845,SL,-1.0,-5.710500000000138,1
2026-04-06 12:20:00,4663.675,SHORT,4670.181928571429,4653.914607142858,6.5069285714286185,319534,2026-04-06 12:30:00,4670.181928571429,SL,-1.0,-6.5069285714289435,2
2026-04-06 13:45:00,4663.775,SHORT,4672.484357142857,4650.710964285714,8.709357142857243,319551,2026-04-06 13:50:00,4672.484357142857,SL,-1.0,-8.709357142857698,1
2026-04-06 14:00:00,4669.345,SHORT,4680.224071428572,4653.026392857143,10.879071428571478,319554,2026-04-06 14:15:00,4680.224071428572,SL,-1.0,-10.879071428571478,3
2026-04-06 16:35:00,4664.115,SHORT,4670.714214285714,4654.216178571428,6.5992142857144245,319585,2026-04-06 17:10:00,4654.216178571428,TP,1.5,9.898821428571864,7
2026-04-06 18:25:00,4660.005,SHORT,4664.987714285715,4652.530928571428,4.982714285714337,319607,2026-04-06 18:35:00,4652.530928571428,TP,1.5,7.474071428571733,2
2026-04-06 19:10:00,4650.625,SHORT,4656.463142857143,4641.867785714286,5.838142857142884,319616,2026-04-06 19:55:00,4656.463142857143,SL,-1.0,-5.838142857142884,9
2026-04-06 20:25:00,4655.695,SHORT,4658.969999999999,4650.7825,3.274999999999831,319631,2026-04-06 20:45:00,4650.7825,TP,1.5,4.912499999999454,4
2026-04-06 20:45:00,4650.095,SHORT,4653.450714285715,4645.061428571429,3.3557142857141895,319635,2026-04-06 22:00:00,4653.450714285715,SL,-1.0,-3.3557142857143845,3
2026-04-06 22:55:00,4657.838,LONG,4652.873928571428,4665.284107142857,4.96407142857132,319649,2026-04-06 23:35:00,4652.873928571428,SL,-1.0,-4.964071428571515,8
2026-04-07 00:30:00,4660.505,LONG,4656.289285714286,4666.828571428571,4.215714285714317,319668,2026-04-07 00:50:00,4656.289285714286,SL,-1.0,-4.215714285714057,4
2026-04-07 01:00:00,4661.365,LONG,4654.770785714286,4671.256321428571,6.5942142857142505,319674,2026-04-07 01:05:00,4654.770785714286,SL,-1.0,-6.594214285713861,1
2026-04-07 01:05:00,4644.135,SHORT,4652.422071428571,4631.704392857143,8.28707142857138,319675,2026-04-07 01:10:00,4631.704392857143,TP,1.5,12.430607142857298,1
2026-04-07 01:20:00,4649.705,SHORT,4659.099214285714,4635.613678571429,9.394214285714302,319678,2026-04-07 01:30:00,4659.099214285714,SL,-1.0,-9.394214285714042,2
2026-04-07 01:35:00,4639.025,SHORT,4651.405857142857,4620.453714285714,12.380857142857101,319681,2026-04-07 01:50:00,4620.453714285714,TP,1.5,18.571285714285295,3
2026-04-07 02:50:00,4650.245,SHORT,4659.279785714286,4636.692821428571,9.034785714285785,319696,2026-04-07 04:35:00,4659.279785714286,SL,-1.0,-9.034785714286045,21
2026-04-07 06:15:00,4642.625,SHORT,4651.055071428571,4629.979892857143,8.43007142857141,319737,2026-04-07 06:40:00,4651.055071428571,SL,-1.0,-8.430071428570955,5
2026-04-07 09:50:00,4670.085,LONG,4662.279714285714,4681.792928571428,7.805285714285544,319780,2026-04-07 10:05:00,4662.279714285714,SL,-1.0,-7.805285714285674,3
2026-04-07 10:05:00,4674.555,LONG,4665.887857142858,4687.555714285714,8.667142857142803,319783,2026-04-07 10:25:00,4665.887857142858,SL,-1.0,-8.667142857142608,4
2026-04-07 12:00:00,4657.465,SHORT,4666.276214285715,4644.248178571429,8.811214285714088,319806,2026-04-07 12:20:00,4666.276214285715,SL,-1.0,-8.811214285714414,4
2026-04-07 12:25:00,4665.315,SHORT,4673.468214285714,4653.0851785714285,8.153214285714187,319811,2026-04-07 12:45:00,4653.0851785714285,TP,1.5,12.229821428571086,4
2026-04-07 12:55:00,4651.238,SHORT,4659.505571428572,4638.8366428571435,8.26757142857137,319817,2026-04-07 13:05:00,4659.505571428572,SL,-1.0,-8.2675714285715,2
2026-04-07 13:15:00,4650.645,SHORT,4659.093214285715,4637.972678571429,8.448214285714325,319821,2026-04-07 13:20:00,4659.093214285715,SL,-1.0,-8.44821428571413,1
2026-04-07 13:25:00,4657.585,SHORT,4665.885785714286,4645.1338214285715,8.300785714285732,319823,2026-04-07 13:35:00,4645.1338214285715,TP,1.5,12.4511785714285,2
2026-04-07 14:40:00,4646.588,SHORT,4660.590785714286,4625.583821428571,14.002785714285697,319838,2026-04-07 15:05:00,4625.583821428571,TP,1.5,21.004178571428383,5
2026-04-07 15:35:00,4643.925,SHORT,4654.225357142857,4628.474464285714,10.300357142857267,319849,2026-04-07 15:55:00,4654.225357142857,SL,-1.0,-10.300357142857138,4
2026-04-07 17:20:00,4658.098,LONG,4651.142285714285,4668.531571428572,6.955714285714358,319870,2026-04-07 17:30:00,4668.531571428572,TP,1.5,10.433571428571668,2
2026-04-07 22:45:00,4771.585,LONG,4755.527285714285,4795.671571428572,16.05771428571435,319923,2026-04-07 22:50:00,4795.671571428572,TP,1.5,24.086571428571915,1
2026-04-08 00:45:00,4814.965,LONG,4802.909214285714,4833.048678571428,12.055785714285646,319947,2026-04-08 01:15:00,4802.909214285714,SL,-1.0,-12.055785714285776,6
2026-04-08 01:30:00,4799.095,LONG,4786.643285714286,4817.772571428572,12.451714285714129,319956,2026-04-08 02:00:00,4817.772571428572,TP,1.5,18.677571428571355,6
2026-04-08 02:55:00,4803.695,LONG,4797.4554285714285,4813.054357142857,6.239571428571513,319973,2026-04-08 03:15:00,4797.4554285714285,SL,-1.0,-6.239571428571253,4
2026-04-08 03:20:00,4800.175,LONG,4795.110642857143,4807.771535714286,5.064357142857132,319978,2026-04-08 03:30:00,4795.110642857143,SL,-1.0,-5.064357142857261,2
2026-04-08 03:40:00,4799.985,LONG,4794.280928571428,4808.541107142857,5.704071428571361,319982,2026-04-08 04:05:00,4794.280928571428,SL,-1.0,-5.704071428571297,5
2026-04-08 04:35:00,4804.065,LONG,4798.117071428571,4812.986892857142,5.947928571428682,319993,2026-04-08 04:45:00,4798.117071428571,SL,-1.0,-5.947928571428747,2
2026-04-08 05:00:00,4805.955,LONG,4800.344428571429,4814.370857142857,5.610571428571542,319998,2026-04-08 05:25:00,4814.370857142857,TP,1.5,8.415857142857021,5
2026-04-08 08:00:00,4816.385,LONG,4809.3295,4826.96825,7.055499999999938,320034,2026-04-08 08:20:00,4809.3295,SL,-1.0,-7.055500000000393,4
2026-04-08 08:25:00,4808.325,LONG,4800.931428571428,4819.415357142857,7.393571428571574,320039,2026-04-08 08:40:00,4800.931428571428,SL,-1.0,-7.393571428571704,3
2026-04-08 09:30:00,4797.135,SHORT,4804.758857142857,4785.699214285714,7.62385714285704,320052,2026-04-08 09:40:00,4785.699214285714,TP,1.5,11.435785714285885,2
2026-04-08 10:50:00,4790.445,SHORT,4797.2645,4780.215749999999,6.819500000000127,320068,2026-04-08 11:00:00,4780.215749999999,TP,1.5,10.22925000000032,2
2026-04-08 14:25:00,4767.375,SHORT,4780.095928571429,4748.293607142858,12.72092857142856,320111,2026-04-08 14:50:00,4748.293607142858,TP,1.5,19.08139285714242,5
2026-04-08 15:50:00,4757.215,SHORT,4766.925,4742.650000000001,9.70999999999997,320128,2026-04-08 17:30:00,4742.650000000001,TP,1.5,14.5649999999996,20
2026-04-08 20:15:00,4724.235,SHORT,4730.102357142857,4715.433964285714,5.8673571428573394,320181,2026-04-08 22:00:00,4730.102357142857,SL,-1.0,-5.867357142857145,9
2026-04-08 22:40:00,4712.435,SHORT,4719.974428571429,4701.125857142857,7.539428571428679,320198,2026-04-08 22:55:00,4719.974428571429,SL,-1.0,-7.539428571428289,3
2026-04-08 23:50:00,4714.755,SHORT,4720.2802142857145,4706.467178571428,5.52521428571442,320212,2026-04-09 00:00:00,4706.467178571428,TP,1.5,8.287821428571988,2
2026-04-09 00:00:00,4705.018,SHORT,4711.074428571429,4695.933357142857,6.0564285714286985,320214,2026-04-09 00:20:00,4711.074428571429,SL,-1.0,-6.056428571429024,4
2026-04-09 03:00:00,4718.818,LONG,4713.648428571429,4726.572357142857,5.169571428571349,320250,2026-04-09 03:10:00,4713.648428571429,SL,-1.0,-5.169571428571544,2
2026-04-09 04:15:00,4720.095,SHORT,4724.830142857143,4712.992285714286,4.735142857142948,320265,2026-04-09 04:50:00,4724.830142857143,SL,-1.0,-4.735142857142819,7
2026-04-09 06:20:00,4714.755,SHORT,4721.9185,4704.00975,7.1634999999998525,320290,2026-04-09 06:30:00,4721.9185,SL,-1.0,-7.163499999999658,2
2026-04-09 06:40:00,4713.205,SHORT,4720.3295,4702.51825,7.1244999999997685,320294,2026-04-09 07:05:00,4720.3295,SL,-1.0,-7.124499999999898,5
2026-04-09 07:55:00,4724.065,LONG,4714.967428571428,4737.711357142856,9.097571428571428,320309,2026-04-09 10:20:00,4737.711357142856,TP,1.5,13.646357142856687,29
2026-04-09 12:30:00,4741.945,LONG,4736.228785714286,4750.519321428571,5.716214285714289,320364,2026-04-09 13:10:00,4750.519321428571,TP,1.5,8.574321428571238,8
2026-04-09 14:35:00,4758.825,LONG,4748.47,4774.3575,10.354999999999952,320389,2026-04-09 15:15:00,4774.3575,TP,1.5,15.532500000000255,8
2026-04-09 15:20:00,4784.505,LONG,4775.249714285715,4798.387928571428,9.255285714285751,320398,2026-04-09 16:00:00,4798.387928571428,TP,1.5,13.882928571428238,8
2026-04-09 16:55:00,4788.595,LONG,4782.223571428572,4798.152142857143,6.371428571428559,320417,2026-04-09 17:35:00,4798.152142857143,TP,1.5,9.557142857142935,8
2026-04-09 17:35:00,4798.605,LONG,4793.014071428571,4806.991392857142,5.590928571428451,320425,2026-04-09 18:00:00,4793.014071428571,SL,-1.0,-5.590928571428776,5
2026-04-09 19:25:00,4773.405,SHORT,4779.682428571428,4763.988857142856,6.277428571428767,320447,2026-04-09 20:35:00,4763.988857142856,TP,1.5,9.416142857143313,14
2026-04-10 00:00:00,4757.125,SHORT,4761.227357142857,4750.971464285714,4.102357142857143,320490,2026-04-10 00:05:00,4750.971464285714,TP,1.5,6.153535714285681,1
2026-04-10 01:00:00,4760.545,SHORT,4765.822428571429,4752.628857142857,5.277428571428702,320502,2026-04-10 01:30:00,4765.822428571429,SL,-1.0,-5.2774285714285725,6
2026-04-10 04:45:00,4763.115,LONG,4760.231571428571,4767.440142857143,2.8834285714285994,320547,2026-04-10 04:55:00,4760.231571428571,SL,-1.0,-2.8834285714283396,2
2026-04-10 05:15:00,4759.825,LONG,4756.605142857143,4764.654785714286,3.2198571428572387,320553,2026-04-10 05:30:00,4764.654785714286,TP,1.5,4.829785714286118,3
2026-04-10 05:45:00,4766.065,LONG,4762.168785714285,4771.909321428571,3.89621428571432,320559,2026-04-10 06:00:00,4762.168785714285,SL,-1.0,-3.89621428571445,3
2026-04-10 07:25:00,4753.365,SHORT,4758.8631428571425,4745.117785714286,5.498142857142999,320579,2026-04-10 08:15:00,4745.117785714286,TP,1.5,8.247214285714108,10
2026-04-10 11:15:00,4758.165,LONG,4754.125,4764.224999999999,4.039999999999899,320625,2026-04-10 11:40:00,4764.224999999999,TP,1.5,6.059999999999491,5
2026-04-10 13:05:00,4774.025,LONG,4766.015928571428,4786.038607142857,8.009071428571588,320647,2026-04-10 13:15:00,4766.015928571428,SL,-1.0,-8.009071428571588,2
2026-04-10 13:20:00,4775.755,LONG,4767.212642857143,4788.568535714286,8.542357142857261,320650,2026-04-10 13:35:00,4767.212642857143,SL,-1.0,-8.542357142857327,3
2026-04-10 13:50:00,4777.045,LONG,4768.9349999999995,4789.21,8.110000000000193,320656,2026-04-10 14:10:00,4768.9349999999995,SL,-1.0,-8.110000000000582,4
2026-04-10 14:10:00,4779.965,LONG,4771.575714285715,4792.548928571429,8.389285714285831,320660,2026-04-10 14:25:00,4792.548928571429,TP,1.5,12.583928571429169,3
2026-04-10 17:25:00,4762.515,SHORT,4768.425785714286,4753.648821428572,5.910785714285599,320699,2026-04-10 18:00:00,4753.648821428572,TP,1.5,8.866178571428463,7
2026-04-10 19:35:00,4762.475,SHORT,4766.534285714286,4756.386071428572,4.059285714285774,320725,2026-04-10 20:00:00,4756.386071428572,TP,1.5,6.088928571428369,5
2026-04-13 00:35:00,4677.175,SHORT,4683.571142857143,4667.580785714286,6.396142857142877,320773,2026-04-13 00:45:00,4683.571142857143,SL,-1.0,-6.396142857142877,2
2026-04-13 02:50:00,4718.345,LONG,4711.757857142858,4728.225714285714,6.587142857142941,320800,2026-04-13 04:05:00,4711.757857142858,SL,-1.0,-6.58714285714268,15
2026-04-13 04:25:00,4712.395,LONG,4708.186214285714,4718.708178571429,4.208785714285698,320819,2026-04-13 04:40:00,4718.708178571429,TP,1.5,6.31317857142858,3
2026-04-13 04:45:00,4718.518,LONG,4714.2185,4724.96725,4.299500000000015,320823,2026-04-13 05:00:00,4724.96725,TP,1.5,6.449249999999665,3
2026-04-13 05:30:00,4721.975,LONG,4717.7045,4728.38075,4.270500000000084,320832,2026-04-13 05:55:00,4728.38075,TP,1.5,6.405749999999898,5
2026-04-13 06:55:00,4725.445,LONG,4720.356928571428,4733.077107142857,5.088071428571311,320849,2026-04-13 07:00:00,4733.077107142857,TP,1.5,7.632107142857421,1
2026-04-13 07:25:00,4730.585,LONG,4724.996214285714,4738.968178571428,5.588785714285742,320855,2026-04-13 07:50:00,4738.968178571428,TP,1.5,8.383178571428289,5
2026-04-13 08:20:00,4733.045,LONG,4728.204285714286,4740.306071428571,4.840714285714317,320866,2026-04-13 08:40:00,4728.204285714286,SL,-1.0,-4.840714285714057,4
2026-04-13 09:15:00,4719.925,LONG,4714.461428571429,4728.120357142857,5.463571428571348,320877,2026-04-13 09:25:00,4714.461428571429,SL,-1.0,-5.463571428571413,2
2026-04-13 10:50:00,4720.015,SHORT,4724.073571428572,4713.927142857144,4.058571428571343,320896,2026-04-13 11:00:00,4724.073571428572,SL,-1.0,-4.058571428571668,2
2026-04-13 11:05:00,4722.685,SHORT,4726.928642857143,4716.319535714287,4.243642857142731,320899,2026-04-13 11:35:00,4716.319535714287,TP,1.5,6.365464285713642,6
2026-04-13 12:15:00,4713.775,SHORT,4719.616,4705.0135,5.840999999999959,320913,2026-04-13 12:25:00,4705.0135,TP,1.5,8.761499999999614,2
2026-04-13 13:45:00,4739.125,LONG,4732.123071428571,4749.627892857143,7.00192857142864,320931,2026-04-13 13:50:00,4732.123071428571,SL,-1.0,-7.001928571428834,1
2026-04-13 13:55:00,4730.158,LONG,4721.718214285715,4742.8176785714295,8.43978571428579,320933,2026-04-13 14:00:00,4721.718214285715,SL,-1.0,-8.43978571428579,1
2026-04-13 18:30:00,4733.105,LONG,4727.505428571428,4741.504357142857,5.599571428571445,320988,2026-04-13 19:25:00,4741.504357142857,TP,1.5,8.399357142857298,11
2026-04-13 20:40:00,4739.645,LONG,4736.734785714286,4744.010321428572,2.9102142857141837,321014,2026-04-13 22:00:00,4744.010321428572,TP,1.5,4.365321428571406,4
2026-04-14 01:10:00,4775.695,LONG,4770.033571428571,4784.187142857142,5.661428571428457,321056,2026-04-14 01:20:00,4770.033571428571,SL,-1.0,-5.661428571428587,2
2026-04-14 02:00:00,4765.795,LONG,4760.086642857143,4774.357535714285,5.708357142857169,321066,2026-04-14 02:45:00,4774.357535714285,TP,1.5,8.562535714285332,9
2026-04-14 03:15:00,4769.495,LONG,4765.680714285714,4775.216428571429,3.814285714285753,321081,2026-04-14 03:30:00,4765.680714285714,SL,-1.0,-3.8142857142856883,3
2026-04-14 03:40:00,4767.315,LONG,4763.870428571428,4772.481857142857,3.444571428571505,321086,2026-04-14 04:15:00,4772.481857142857,TP,1.5,5.166857142857225,7
2026-04-14 08:00:00,4777.715,LONG,4771.109285714286,4787.623571428571,6.60571428571419,321138,2026-04-14 08:30:00,4787.623571428571,TP,1.5,9.908571428571122,6
2026-04-14 09:10:00,4785.435,LONG,4780.792857142857,4792.398214285715,4.642142857142907,321152,2026-04-14 09:25:00,4780.792857142857,SL,-1.0,-4.6421428571429715,3
2026-04-14 09:35:00,4778.895,LONG,4774.087142857144,4786.106785714286,4.8078571428572365,321157,2026-04-14 09:45:00,4774.087142857144,SL,-1.0,-4.807857142856847,2
2026-04-14 10:30:00,4784.165,LONG,4779.090928571429,4791.776107142857,5.074071428571382,321168,2026-04-14 10:35:00,4779.090928571429,SL,-1.0,-5.074071428571187,1
2026-04-14 10:40:00,4767.215,LONG,4760.093785714286,4777.8968214285715,7.121214285714294,321170,2026-04-14 11:20:00,4777.8968214285715,TP,1.5,10.681821428571311,8
2026-04-14 11:25:00,4777.965,SHORT,4784.540285714286,4768.102071428571,6.57528571428572,321179,2026-04-14 12:15:00,4768.102071428571,TP,1.5,9.86292857142871,10
2026-04-14 12:20:00,4765.965,SHORT,4771.234071428572,4758.061392857143,5.269071428571416,321190,2026-04-14 12:30:00,4771.234071428572,SL,-1.0,-5.269071428571806,2
2026-04-14 12:50:00,4764.185,SHORT,4771.112142857143,4753.794285714286,6.927142857142826,321196,2026-04-14 12:55:00,4771.112142857143,SL,-1.0,-6.927142857142826,1
2026-04-14 14:50:00,4801.455,LONG,4793.133357142857,4813.937464285715,8.321642857142901,321220,2026-04-14 15:05:00,4793.133357142857,SL,-1.0,-8.32164285714316,3
2026-04-14 15:30:00,4806.925,LONG,4799.299,4818.364,7.625999999999879,321228,2026-04-14 16:25:00,4818.364,TP,1.5,11.438999999999396,11
2026-04-14 17:15:00,4827.258,LONG,4821.015428571429,4836.621857142857,6.2425714285713445,321249,2026-04-14 17:35:00,4836.621857142857,TP,1.5,9.363857142857341,4
2026-04-14 19:05:00,4841.315,LONG,4837.252714285714,4847.408428571428,4.062285714285606,321271,2026-04-14 22:00:00,4837.252714285714,SL,-1.0,-4.062285714285281,23
2026-04-14 22:00:00,4848.515,LONG,4845.249714285715,4853.412928571429,3.2652857142856453,321294,2026-04-14 22:10:00,4845.249714285715,SL,-1.0,-3.26528571428571,2
2026-04-14 23:00:00,4836.648,LONG,4831.6368571428575,4844.164714285715,5.011142857142919,321306,2026-04-15 00:10:00,4831.6368571428575,SL,-1.0,-5.011142857142659,14
2026-04-15 02:00:00,4847.925,LONG,4838.117357142857,4862.636464285714,9.807642857142971,321342,2026-04-15 02:20:00,4838.117357142857,SL,-1.0,-9.807642857143037,4
2026-04-15 05:20:00,4824.818,SHORT,4828.499857142857,4819.295214285715,3.6818571428570976,321382,2026-04-15 05:25:00,4828.499857142857,SL,-1.0,-3.681857142856643,1
2026-04-15 05:35:00,4819.905,SHORT,4824.505928571429,4813.003607142857,4.600928571428605,321385,2026-04-15 05:40:00,4813.003607142857,TP,1.5,6.901392857143037,1
2026-04-15 06:05:00,4817.385,SHORT,4823.244928571429,4808.595107142857,5.859928571428684,321391,2026-04-15 07:00:00,4808.595107142857,TP,1.5,8.789892857143059,11
2026-04-15 07:40:00,4810.205,SHORT,4816.1687142857145,4801.2594285714285,5.963714285714299,321410,2026-04-15 08:55:00,4816.1687142857145,SL,-1.0,-5.963714285714559,15
2026-04-15 09:20:00,4804.125,SHORT,4810.359785714286,4794.772821428571,6.234785714285863,321430,2026-04-15 09:45:00,4794.772821428571,TP,1.5,9.35217857142925,5
2026-04-15 11:30:00,4802.875,SHORT,4807.438857142857,4796.029214285714,4.563857142857224,321456,2026-04-15 11:45:00,4807.438857142857,SL,-1.0,-4.5638571428571595,3
2026-04-15 13:10:00,4813.825,LONG,4809.057785714285,4820.975821428571,4.767214285714155,321476,2026-04-15 13:25:00,4820.975821428571,TP,1.5,7.150821428571362,3
2026-04-15 16:15:00,4806.555,SHORT,4813.366,4796.338500000001,6.810999999999955,321513,2026-04-15 17:40:00,4796.338500000001,TP,1.5,10.216499999999542,17
2026-04-15 18:05:00,4793.655,SHORT,4799.079785714285,4785.517821428572,5.424785714285657,321535,2026-04-15 18:45:00,4799.079785714285,SL,-1.0,-5.424785714285463,8
2026-04-15 18:50:00,4797.065,SHORT,4801.278642857143,4790.744535714286,4.213642857142661,321544,2026-04-15 18:55:00,4801.278642857143,SL,-1.0,-4.213642857142986,1
2026-04-15 19:10:00,4798.525,SHORT,4802.3712857142855,4792.755571428572,3.8462857142853863,321548,2026-04-15 19:25:00,4802.3712857142855,SL,-1.0,-3.846285714285841,3
2026-04-15 19:55:00,4795.605,SHORT,4799.327428571428,4790.021357142857,3.7224285714284115,321557,2026-04-15 20:35:00,4790.021357142857,TP,1.5,5.583642857142877,8
2026-04-15 22:30:00,4800.875,SHORT,4804.953571428571,4794.757142857143,4.078571428571455,321576,2026-04-15 22:45:00,4804.953571428571,SL,-1.0,-4.078571428571195,3
2026-04-16 02:15:00,4822.195,LONG,4817.692,4828.9495,4.503000000000092,321621,2026-04-16 02:30:00,4817.692,SL,-1.0,-4.502999999999702,3
2026-04-16 03:10:00,4826.355,LONG,4822.584214285714,4832.011178571428,3.7707857142856613,321632,2026-04-16 03:20:00,4822.584214285714,SL,-1.0,-3.770785714285921,2
2026-04-16 05:35:00,4827.715,LONG,4824.590357142857,4832.401964285715,3.1246428571428493,321661,2026-04-16 05:40:00,4824.590357142857,SL,-1.0,-3.1246428571430442,1
2026-04-16 07:05:00,4829.718,LONG,4824.026642857143,4838.255035714285,5.691357142857214,321679,2026-04-16 07:10:00,4824.026642857143,SL,-1.0,-5.691357142856759,1
2026-04-16 07:20:00,4824.125,LONG,4817.762928571428,4833.6681071428575,6.362071428571588,321682,2026-04-16 08:00:00,4817.762928571428,SL,-1.0,-6.362071428571653,8
2026-04-16 09:20:00,4815.275,SHORT,4818.898857142857,4809.839214285714,3.6238571428573,321706,2026-04-16 09:30:00,4809.839214285714,TP,1.5,5.435785714285885,2
2026-04-16 10:05:00,4811.545,SHORT,4815.294285714286,4805.921071428572,3.7492857142856986,321715,2026-04-16 10:15:00,4805.921071428572,TP,1.5,5.623928571428223,2
2026-04-16 12:10:00,4817.105,LONG,4813.435785714285,4822.608821428571,3.6692142857143284,321740,2026-04-16 12:30:00,4813.435785714285,SL,-1.0,-3.669214285714588,4
2026-04-16 12:30:00,4818.935,LONG,4814.762214285714,4825.194178571429,4.17278571428564,321744,2026-04-16 12:35:00,4814.762214285714,SL,-1.0,-4.172785714285965,1
2026-04-16 13:30:00,4821.535,LONG,4816.183071428572,4829.562892857143,5.351928571428614,321756,2026-04-16 13:40:00,4816.183071428572,SL,-1.0,-5.351928571428289,2
2026-04-16 15:10:00,4806.555,SHORT,4815.662642857143,4792.893535714286,9.107642857142698,321776,2026-04-16 16:30:00,4792.893535714286,TP,1.5,13.661464285713919,16
2026-04-16 18:05:00,4789.635,SHORT,4795.1255,4781.39925,5.490500000000144,321811,2026-04-16 19:40:00,4795.1255,SL,-1.0,-5.490499999999884,19
2026-04-16 20:10:00,4790.355,SHORT,4793.393357142857,4785.797464285713,3.0383571428572913,321836,2026-04-16 22:00:00,4793.393357142857,SL,-1.0,-3.0383571428574214,10
2026-04-16 23:30:00,4794.815,LONG,4792.165214285714,4798.789678571428,2.6497857142858914,321864,2026-04-16 23:55:00,4792.165214285714,SL,-1.0,-2.6497857142858265,5
2026-04-17 00:40:00,4798.355,LONG,4794.956428571428,4803.452857142856,3.3985714285714885,321878,2026-04-17 00:50:00,4794.956428571428,SL,-1.0,-3.398571428571813,2
2026-04-17 02:40:00,4791.235,SHORT,4795.710214285714,4784.522178571428,4.475214285714368,321902,2026-04-17 02:55:00,4784.522178571428,TP,1.5,6.71282142857126,3
2026-04-17 03:10:00,4795.635,LONG,4791.466214285714,4801.888178571429,4.168785714285799,321908,2026-04-17 04:55:00,4801.888178571429,TP,1.5,6.253178571429089,21
2026-04-17 05:45:00,4797.175,LONG,4793.061357142857,4803.345464285715,4.113642857143077,321939,2026-04-17 06:00:00,4793.061357142857,SL,-1.0,-4.113642857143532,3
2026-04-17 07:10:00,4786.985,SHORT,4791.181928571428,4780.689607142856,4.196928571428608,321956,2026-04-17 07:25:00,4791.181928571428,SL,-1.0,-4.196928571428543,3
2026-04-17 07:35:00,4786.545,SHORT,4790.944285714286,4779.9460714285715,4.399285714285725,321961,2026-04-17 07:45:00,4779.9460714285715,TP,1.5,6.598928571428587,2
2026-04-17 10:00:00,4791.005,LONG,4787.327142857143,4796.521785714286,3.677857142857062,321990,2026-04-17 10:10:00,4787.327142857143,SL,-1.0,-3.6778571428567375,2
2026-04-17 11:40:00,4798.405,LONG,4794.122714285714,4804.828428571428,4.28228571428573,322010,2026-04-17 11:45:00,4804.828428571428,TP,1.5,6.423428571428303,1
2026-04-17 15:20:00,4869.985,LONG,4860.529785714285,4884.167821428571,9.455214285714192,322054,2026-04-17 15:40:00,4860.529785714285,SL,-1.0,-9.455214285714646,4
2026-04-17 16:55:00,4866.645,LONG,4862.300928571429,4873.161107142858,4.344071428571364,322073,2026-04-17 17:05:00,4862.300928571429,SL,-1.0,-4.344071428571624,2
2026-04-17 17:10:00,4862.635,LONG,4858.107357142857,4869.426464285714,4.527642857142837,322076,2026-04-17 17:20:00,4858.107357142857,SL,-1.0,-4.527642857143292,2
2026-04-17 17:45:00,4860.015,LONG,4854.550714285715,4868.211428571429,5.464285714285714,322083,2026-04-17 19:05:00,4854.550714285715,SL,-1.0,-5.4642857142853245,16
2026-04-20 00:40:00,4763.975,SHORT,4772.584285714286,4751.061071428572,8.609285714285761,322154,2026-04-20 00:55:00,4772.584285714286,SL,-1.0,-8.609285714285761,3
2026-04-20 02:55:00,4796.905,LONG,4792.395428571428,4803.669357142857,4.509571428571429,322181,2026-04-20 03:10:00,4792.395428571428,SL,-1.0,-4.5095714285716895,3
2026-04-20 03:50:00,4791.245,SHORT,4795.1365,4785.40775,3.8914999999999185,322192,2026-04-20 04:05:00,4795.1365,SL,-1.0,-3.8914999999997235,3
2026-04-20 04:40:00,4787.095,SHORT,4790.468214285715,4782.035178571429,3.373214285714247,322202,2026-04-20 04:45:00,4790.468214285715,SL,-1.0,-3.3732142857143117,1
2026-04-20 05:05:00,4786.915,SHORT,4790.827,4781.047,3.912000000000002,322207,2026-04-20 05:30:00,4790.827,SL,-1.0,-3.912000000000262,5
2026-04-20 06:10:00,4790.445,SHORT,4796.1474285714285,4781.891357142857,5.7024285714286895,322220,2026-04-20 07:00:00,4796.1474285714285,SL,-1.0,-5.702428571428754,10
2026-04-20 07:10:00,4797.355,LONG,4792.554714285714,4804.555428571428,4.8002857142856294,322232,2026-04-20 07:20:00,4804.555428571428,TP,1.5,7.200428571428347,2
2026-04-20 07:35:00,4796.195,LONG,4790.4005,4804.88675,5.794499999999841,322237,2026-04-20 07:50:00,4790.4005,SL,-1.0,-5.794499999999971,3
2026-04-20 08:55:00,4796.085,LONG,4792.2255000000005,4801.87425,3.8594999999999606,322253,2026-04-20 09:15:00,4792.2255000000005,SL,-1.0,-3.8594999999995707,4
2026-04-20 10:15:00,4799.985,LONG,4795.017357142857,4807.4364642857145,4.967642857143021,322269,2026-04-20 10:40:00,4795.017357142857,SL,-1.0,-4.967642857142891,5
2026-04-20 13:00:00,4803.305,LONG,4797.001714285714,4812.759928571429,6.303285714285851,322302,2026-04-20 13:05:00,4812.759928571429,TP,1.5,9.454928571428354,1
2026-04-20 13:15:00,4815.565,LONG,4808.923357142857,4825.527464285714,6.64164285714313,322305,2026-04-20 13:25:00,4825.527464285714,TP,1.5,9.962464285714304,2
2026-04-20 14:10:00,4815.848,LONG,4808.1122857142855,4827.451571428572,7.735714285714364,322316,2026-04-20 14:50:00,4808.1122857142855,SL,-1.0,-7.735714285714494,8
2026-04-20 15:40:00,4799.945,SHORT,4807.769071428571,4788.208892857143,7.824071428571448,322334,2026-04-20 17:00:00,4807.769071428571,SL,-1.0,-7.824071428571187,16
2026-04-20 17:50:00,4809.145,LONG,4805.5821428571435,4814.489285714286,3.5628571428571507,322360,2026-04-20 17:55:00,4805.5821428571435,SL,-1.0,-3.5628571428569558,1
2026-04-20 18:10:00,4815.225,LONG,4811.243071428572,4821.197892857143,3.9819285714286576,322364,2026-04-20 18:35:00,4811.243071428572,SL,-1.0,-3.981928571428398,5
2026-04-20 23:35:00,4824.555,LONG,4821.763785714286,4828.741821428572,2.791214285714237,322417,2026-04-20 23:45:00,4821.763785714286,SL,-1.0,-2.791214285713977,2
2026-04-20 23:55:00,4821.485,LONG,4818.788071428571,4825.530392857143,2.696928571428608,322421,2026-04-21 00:00:00,4825.530392857143,TP,1.5,4.04539285714327,1
2026-04-21 05:45:00,4790.345,SHORT,4794.251714285714,4784.484928571429,3.9067142857143153,322491,2026-04-21 05:50:00,4784.484928571429,TP,1.5,5.860071428571246,1
2026-04-21 07:50:00,4788.425,SHORT,4793.286285714285,4781.133071428571,4.861285714285584,322516,2026-04-21 08:05:00,4781.133071428571,TP,1.5,7.291928571428798,3
2026-04-21 09:55:00,4783.415,SHORT,4787.376428571429,4777.472857142858,3.9614285714284443,322541,2026-04-21 10:35:00,4787.376428571429,SL,-1.0,-3.961428571428769,8
2026-04-21 11:20:00,4781.425,SHORT,4784.9628571428575,4776.118214285714,3.5378571428571246,322558,2026-04-21 11:30:00,4784.9628571428575,SL,-1.0,-3.5378571428573196,2
2026-04-21 12:45:00,4777.685,SHORT,4784.6255,4767.27425,6.940500000000027,322575,2026-04-21 13:10:00,4767.27425,TP,1.5,10.410750000000007,5
2026-04-21 13:10:00,4764.955,SHORT,4772.7505,4753.26175,7.795499999999914,322580,2026-04-21 13:25:00,4772.7505,SL,-1.0,-7.795500000000175,3
2026-04-21 14:15:00,4777.595,SHORT,4785.340714285715,4765.976428571429,7.745714285714322,322593,2026-04-21 14:30:00,4765.976428571429,TP,1.5,11.618571428571158,3
2026-04-21 18:00:00,4710.405,SHORT,4717.976714285714,4699.047428571428,7.571714285714149,322638,2026-04-21 18:15:00,4699.047428571428,TP,1.5,11.357571428571646,3
2026-04-21 19:10:00,4707.085,SHORT,4713.137928571428,4698.005607142857,6.052928571428505,322652,2026-04-21 19:20:00,4713.137928571428,SL,-1.0,-6.0529285714283105,2
2026-04-22 01:15:00,4740.205,LONG,4735.546857142857,4747.192214285714,4.658142857142853,322713,2026-04-22 01:20:00,4747.192214285714,TP,1.5,6.98721428571389,1
2026-04-22 05:05:00,4755.425,LONG,4752.769642857143,4759.408035714286,2.6553571428572207,322759,2026-04-22 05:15:00,4759.408035714286,TP,1.5,3.9830357142855064,2
2026-04-22 06:15:00,4763.395,LONG,4758.414785714286,4770.865321428571,4.980214285714153,322773,2026-04-22 07:05:00,4770.865321428571,TP,1.5,7.470321428570969,10
2026-04-22 07:20:00,4766.145,LONG,4762.862857142858,4771.068214285715,3.282142857142844,322786,2026-04-22 07:40:00,4762.862857142858,SL,-1.0,-3.2821428571423894,4
2026-04-22 09:40:00,4758.285,SHORT,4761.228571428571,4753.869642857143,2.943571428571236,322814,2026-04-22 09:50:00,4753.869642857143,TP,1.5,4.415357142856919,2
2026-04-22 10:00:00,4748.715,SHORT,4752.278571428572,4743.369642857143,3.563571428571387,322818,2026-04-22 10:15:00,4752.278571428572,SL,-1.0,-3.563571428571777,3
2026-04-22 11:20:00,4757.055,SHORT,4760.8355,4751.38425,3.7804999999999773,322834,2026-04-22 11:40:00,4751.38425,TP,1.5,5.6707500000002256,4
2026-04-22 11:50:00,4750.615,SHORT,4754.136928571428,4745.332107142856,3.521928571428686,322840,2026-04-22 12:00:00,4754.136928571428,SL,-1.0,-3.5219285714283615,2
2026-04-22 13:50:00,4754.785,SHORT,4761.792142857143,4744.274285714286,7.007142857142688,322864,2026-04-22 14:05:00,4744.274285714286,TP,1.5,10.51071428571413,3
2026-04-22 14:10:00,4745.225,SHORT,4752.7005,4734.011750000001,7.475499999999816,322868,2026-04-22 14:30:00,4734.011750000001,TP,1.5,11.213249999999789,4
2026-04-22 16:10:00,4730.115,SHORT,4734.857857142857,4723.000714285714,4.742857142857117,322892,2026-04-22 17:00:00,4734.857857142857,SL,-1.0,-4.742857142857247,10
2026-04-22 17:10:00,4735.085,SHORT,4739.402857142857,4728.608214285714,4.317857142857065,322904,2026-04-22 18:40:00,4739.402857142857,SL,-1.0,-4.317857142857065,18
2026-04-22 19:50:00,4740.355,LONG,4736.304999999999,4746.429999999999,4.049999999999922,322936,2026-04-22 20:10:00,4736.304999999999,SL,-1.0,-4.050000000000182,4
2026-04-22 20:45:00,4738.605,LONG,4735.925928571428,4742.623607142857,2.6790714285714654,322947,2026-04-22 22:00:00,4742.623607142857,TP,1.5,4.018607142857036,3
2026-04-22 22:20:00,4735.095,SHORT,4738.116214285715,4730.563178571429,3.02121428571419,322954,2026-04-22 22:35:00,4730.563178571429,TP,1.5,4.531821428571675,3
2026-04-23 01:55:00,4723.045,SHORT,4729.232142857143,4713.7642857142855,6.187142857142979,322997,2026-04-23 02:05:00,4713.7642857142855,TP,1.5,9.280714285714566,2
2026-04-23 05:20:00,4706.225,SHORT,4709.516642857143,4701.287535714287,3.2916428571427656,323038,2026-04-23 05:30:00,4701.287535714287,TP,1.5,4.937464285713759,2
2026-04-23 05:35:00,4702.715,SHORT,4706.882642857143,4696.463535714286,4.1676428571427095,323041,2026-04-23 05:45:00,4706.882642857143,SL,-1.0,-4.1676428571427095,2
2026-04-23 06:25:00,4711.815,SHORT,4717.029785714285,4703.992821428571,5.214785714285751,323051,2026-04-23 06:45:00,4717.029785714285,SL,-1.0,-5.214785714285426,4
2026-04-23 07:15:00,4712.475,LONG,4707.404571428572,4720.080642857143,5.070428571428563,323061,2026-04-23 07:20:00,4707.404571428572,SL,-1.0,-5.070428571428238,1
2026-04-23 07:35:00,4709.235,SHORT,4715.156142857142,4700.353285714285,5.921142857142838,323065,2026-04-23 07:45:00,4715.156142857142,SL,-1.0,-5.921142857142513,2
2026-04-23 10:15:00,4688.025,SHORT,4693.108571428571,4680.399642857142,5.083571428571629,323097,2026-04-23 10:35:00,4693.108571428571,SL,-1.0,-5.083571428571304,4
2026-04-23 10:45:00,4689.985,SHORT,4695.836428571429,4681.2078571428565,5.851428571428642,323103,2026-04-23 10:55:00,4695.836428571429,SL,-1.0,-5.851428571429096,2
2026-04-23 11:30:00,4697.465,SHORT,4702.469285714285,4689.958571428571,5.004285714285743,323112,2026-04-23 11:35:00,4702.469285714285,SL,-1.0,-5.004285714285288,1
2026-04-23 13:45:00,4737.305,LONG,4730.583285714286,4747.387571428571,6.721714285714305,323139,2026-04-23 13:55:00,4730.583285714286,SL,-1.0,-6.72171428571437,2
2026-04-23 14:10:00,4724.045,LONG,4717.145428571429,4734.394357142857,6.899571428571497,323144,2026-04-23 14:25:00,4734.394357142857,TP,1.5,10.349357142857116,3
2026-04-23 14:40:00,4730.725,LONG,4723.619928571429,4741.3826071428575,7.105071428571526,323150,2026-04-23 15:45:00,4723.619928571429,SL,-1.0,-7.1050714285711365,13
2026-04-23 16:40:00,4733.905,LONG,4728.673571428571,4741.752142857143,5.231428571428751,323174,2026-04-23 17:00:00,4728.673571428571,SL,-1.0,-5.231428571428296,4
2026-04-23 17:15:00,4708.775,SHORT,4715.691428571428,4698.400357142857,6.916428571428696,323181,2026-04-23 17:25:00,4715.691428571428,SL,-1.0,-6.916428571428696,2
2026-04-23 22:00:00,4694.925,SHORT,4698.862857142857,4689.018214285715,3.9378571428572156,323226,2026-04-23 22:10:00,4698.862857142857,SL,-1.0,-3.9378571428569558,2
2026-04-23 22:35:00,4691.478,SHORT,4695.135142857143,4685.992285714286,3.657142857142909,323233,2026-04-23 23:00:00,4695.135142857143,SL,-1.0,-3.657142857143299,5
2026-04-23 23:05:00,4689.895,SHORT,4693.838071428572,4683.980392857144,3.943071428571394,323239,2026-04-23 23:25:00,4693.838071428572,SL,-1.0,-3.943071428571784,4
2026-04-23 23:45:00,4696.545,SHORT,4700.1145,4691.19075,3.569499999999997,323247,2026-04-24 00:00:00,4691.19075,TP,1.5,5.35425000000032,3
2026-04-24 00:00:00,4691.365,SHORT,4695.530928571428,4685.116107142857,4.1659285714285295,323250,2026-04-24 00:05:00,4695.530928571428,SL,-1.0,-4.165928571428594,1
2026-04-24 00:15:00,4696.805,SHORT,4701.289285714286,4690.078571428572,4.484285714285761,323253,2026-04-24 00:25:00,4701.289285714286,SL,-1.0,-4.484285714285761,2
2026-04-24 00:50:00,4702.975,LONG,4697.965714285715,4710.488928571429,5.009285714285722,323260,2026-04-24 01:00:00,4697.965714285715,SL,-1.0,-5.009285714285397,2
2026-04-24 02:05:00,4694.545,SHORT,4701.213857142858,4684.541714285714,6.6688571428572425,323275,2026-04-24 02:25:00,4684.541714285714,TP,1.5,10.003285714285994,4
2026-04-24 05:00:00,4673.405,SHORT,4677.876928571428,4666.697107142857,4.4719285714285695,323310,2026-04-24 05:25:00,4677.876928571428,SL,-1.0,-4.47192857142818,5
2026-04-24 05:40:00,4682.445,SHORT,4686.856428571428,4675.827857142856,4.411428571428652,323318,2026-04-24 06:00:00,4686.856428571428,SL,-1.0,-4.411428571428587,4
2026-04-24 08:45:00,4691.745,LONG,4687.097142857143,4698.716785714285,4.647857142856992,323355,2026-04-24 09:20:00,4687.097142857143,SL,-1.0,-4.647857142856992,7
2026-04-24 13:25:00,4696.925,LONG,4690.5478571428575,4706.490714285715,6.377142857142904,323411,2026-04-24 13:30:00,4690.5478571428575,SL,-1.0,-6.377142857142644,1
2026-04-24 15:25:00,4721.785,LONG,4716.242357142857,4730.098964285714,5.542642857142904,323435,2026-04-24 15:40:00,4716.242357142857,SL,-1.0,-5.5426428571427095,3
2026-04-24 15:50:00,4729.145,LONG,4723.141642857143,4738.150035714286,6.003357142857112,323440,2026-04-24 16:05:00,4723.141642857143,SL,-1.0,-6.003357142857567,3
2026-04-24 16:15:00,4720.425,LONG,4714.659285714286,4729.073571428571,5.765714285714174,323445,2026-04-24 17:00:00,4729.073571428571,TP,1.5,8.648571428570904,9
2026-04-24 18:10:00,4723.615,LONG,4719.919285714286,4729.158571428571,3.6957142857140752,323468,2026-04-24 18:20:00,4719.919285714286,SL,-1.0,-3.6957142857136205,2
2026-04-24 18:35:00,4719.775,LONG,4716.377142857143,4724.871785714286,3.397857142857187,323473,2026-04-24 19:00:00,4724.871785714286,TP,1.5,5.096785714285943,5
2026-04-24 19:10:00,4722.245,LONG,4719.307357142857,4726.651464285715,2.937642857143016,323480,2026-04-24 19:20:00,4719.307357142857,SL,-1.0,-2.937642857143146,2
2026-04-24 19:45:00,4716.145,SHORT,4718.820285714286,4712.132071428572,2.6752857142857596,323487,2026-04-24 20:00:00,4712.132071428572,TP,1.5,4.012928571428347,3
2026-04-27 05:40:00,4711.465,LONG,4708.444285714286,4715.996071428572,3.020714285714348,323594,2026-04-27 05:50:00,4708.444285714286,SL,-1.0,-3.020714285714348,2
2026-04-27 06:55:00,4712.595,SHORT,4716.087142857143,4707.356785714286,3.4921428571428805,323609,2026-04-27 07:00:00,4716.087142857143,SL,-1.0,-3.492142857142426,1
2026-04-27 07:00:00,4717.265,LONG,4713.504285714286,4722.9060714285715,3.7607142857143248,323610,2026-04-27 07:15:00,4713.504285714286,SL,-1.0,-3.76071428571413,3
2026-04-27 07:20:00,4717.575,LONG,4713.605,4723.53,3.9700000000001245,323614,2026-04-27 07:30:00,4713.605,SL,-1.0,-3.9700000000002547,2
2026-04-27 07:30:00,4716.475,LONG,4712.440714285714,4722.526428571429,4.034285714285878,323616,2026-04-27 07:50:00,4712.440714285714,SL,-1.0,-4.034285714285943,4
2026-04-27 08:10:00,4710.915,SHORT,4714.653571428571,4705.307142857143,3.738571428571439,323624,2026-04-27 08:40:00,4705.307142857143,TP,1.5,5.6078571428570285,6
2026-04-27 08:50:00,4706.885,SHORT,4710.7,4701.1625,3.81499999999973,323632,2026-04-27 09:30:00,4701.1625,TP,1.5,5.7224999999998545,8
2026-04-27 10:45:00,4708.285,SHORT,4711.522142857143,4703.4292857142855,3.237142857143031,323655,2026-04-27 11:15:00,4703.4292857142855,TP,1.5,4.8557142857143845,6
2026-04-27 11:35:00,4701.915,SHORT,4705.4971428571425,4696.541785714286,3.582142857142961,323665,2026-04-27 12:00:00,4705.4971428571425,SL,-1.0,-3.5821428571425713,5
2026-04-27 12:20:00,4709.075,SHORT,4713.154285714286,4702.956071428571,4.079285714285886,323674,2026-04-27 12:25:00,4702.956071428571,TP,1.5,6.118928571429024,1
2026-04-27 13:20:00,4699.325,SHORT,4704.589285714285,4691.428571428571,5.264285714285896,323686,2026-04-27 13:35:00,4691.428571428571,TP,1.5,7.896428571429169,3
2026-04-27 13:45:00,4689.645,SHORT,4695.138571428572,4681.404642857143,5.493571428571548,323691,2026-04-27 13:50:00,4695.138571428572,SL,-1.0,-5.493571428571158,1
2026-04-27 14:45:00,4690.845,SHORT,4696.699285714286,4682.063571428572,5.854285714285846,323703,2026-04-27 14:50:00,4682.063571428572,TP,1.5,8.781428571428478,1
2026-04-27 16:35:00,4677.465,SHORT,4681.073571428571,4672.052142857143,3.60857142857133,323725,2026-04-27 17:10:00,4672.052142857143,TP,1.5,5.41285714285732,7
2026-04-27 17:15:00,4671.265,SHORT,4674.435,4666.51,3.169999999999878,323733,2026-04-27 17:20:00,4674.435,SL,-1.0,-3.1700000000000728,1
2026-04-27 17:50:00,4681.685,SHORT,4685.772142857143,4675.554285714286,4.087142857142875,323740,2026-04-27 22:00:00,4685.772142857143,SL,-1.0,-4.08714285714268,38
2026-04-28 03:30:00,4672.195,SHORT,4675.322357142857,4667.503964285714,3.1273571428571034,323844,2026-04-28 04:00:00,4667.503964285714,TP,1.5,4.691035714286045,6
2026-04-28 12:20:00,4577.795,SHORT,4588.782857142857,4561.313214285715,10.987857142857008,323950,2026-04-28 12:45:00,4588.782857142857,SL,-1.0,-10.987857142857138,5
2026-04-28 12:55:00,4593.515,SHORT,4603.585,4578.410000000001,10.069999999999904,323957,2026-04-28 13:05:00,4578.410000000001,TP,1.5,15.104999999999563,2
2026-04-28 14:20:00,4567.985,SHORT,4578.419071428571,4552.333892857142,10.43407142857151,323974,2026-04-28 15:00:00,4578.419071428571,SL,-1.0,-10.43407142857177,8
2026-04-28 15:05:00,4572.645,SHORT,4582.297642857144,4558.166035714286,9.652642857142967,323983,2026-04-28 15:45:00,4582.297642857144,SL,-1.0,-9.652642857143292,8
2026-04-28 16:30:00,4580.788,SHORT,4586.0367857142855,4572.914821428571,5.248785714285726,324000,2026-04-28 16:35:00,4586.0367857142855,SL,-1.0,-5.248785714285987,1
2026-04-28 19:00:00,4595.555,LONG,4592.174071428572,4600.626392857143,3.380928571428545,324030,2026-04-28 20:20:00,4592.174071428572,SL,-1.0,-3.38092857142874,16
2026-04-28 20:50:00,4595.695,LONG,4593.036428571429,4599.682857142857,2.6585714285713817,324052,2026-04-28 22:40:00,4593.036428571429,SL,-1.0,-2.658571428571122,10
2026-04-28 23:45:00,4589.015,SHORT,4591.579071428572,4585.168892857143,2.5640714285714887,324075,2026-04-28 23:50:00,4591.579071428572,SL,-1.0,-2.5640714285718786,1
2026-04-29 00:55:00,4600.045,LONG,4595.479285714286,4606.893571428572,4.565714285714226,324089,2026-04-29 01:00:00,4595.479285714286,SL,-1.0,-4.565714285714421,1
2026-04-29 07:15:00,4576.475,SHORT,4581.173571428571,4569.427142857143,4.6985714285714755,324165,2026-04-29 07:25:00,4569.427142857143,TP,1.5,7.047857142857538,2
2026-04-29 08:55:00,4572.995,SHORT,4578.1005000000005,4565.3367499999995,5.10550000000012,324185,2026-04-29 09:15:00,4578.1005000000005,SL,-1.0,-5.105500000000575,4
2026-04-29 09:20:00,4571.895,SHORT,4577.330000000001,4563.7425,5.435000000000075,324190,2026-04-29 09:30:00,4563.7425,TP,1.5,8.152500000000146,2
2026-04-29 10:50:00,4566.365,SHORT,4571.242142857142,4559.049285714285,4.877142857142839,324208,2026-04-29 11:00:00,4571.242142857142,SL,-1.0,-4.877142857142644,2
2026-04-29 11:00:00,4567.925,SHORT,4572.745,4560.695000000001,4.8199999999999035,324210,2026-04-29 11:50:00,4560.695000000001,TP,1.5,7.229999999999563,10
2026-04-29 14:25:00,4533.105,SHORT,4541.554071428571,4520.431392857143,8.449071428571383,324251,2026-04-29 14:30:00,4541.554071428571,SL,-1.0,-8.449071428571187,1
2026-04-29 14:40:00,4538.565,SHORT,4546.704071428571,4526.356392857143,8.139071428571308,324254,2026-04-29 15:05:00,4546.704071428571,SL,-1.0,-8.139071428571697,5
2026-04-29 15:05:00,4539.835,SHORT,4546.868571428571,4529.284642857143,7.033571428571512,324259,2026-04-29 15:35:00,4546.868571428571,SL,-1.0,-7.033571428571122,6
2026-04-29 16:55:00,4545.235,LONG,4538.423857142857,4555.451714285714,6.8111428571428405,324281,2026-04-29 18:00:00,4538.423857142857,SL,-1.0,-6.8111428571428405,13
2026-04-29 18:00:00,4540.845,SHORT,4545.9767142857145,4533.1474285714285,5.131714285714224,324294,2026-04-29 18:05:00,4533.1474285714285,TP,1.5,7.697571428571791,1
2026-04-29 18:40:00,4520.365,SHORT,4529.166928571429,4507.162107142857,8.801928571428691,324302,2026-04-29 18:45:00,4529.166928571429,SL,-1.0,-8.801928571429016,1
2026-04-29 19:00:00,4537.235,SHORT,4547.484785714286,4521.86032142857,10.249785714285931,324306,2026-04-29 19:10:00,4547.484785714286,SL,-1.0,-10.24978571428619,2
2026-04-30 11:40:00,4629.525,LONG,4623.521928571428,4638.529607142857,6.003071428571469,324494,2026-04-30 12:55:00,4638.529607142857,TP,1.5,9.004607142856912,15
2026-04-30 13:40:00,4625.295,LONG,4618.5045,4635.480750000001,6.7905000000000655,324518,2026-04-30 13:45:00,4618.5045,SL,-1.0,-6.7905000000000655,1
2026-04-30 15:00:00,4616.975,SHORT,4624.302428571429,4605.983857142857,7.327428571428625,324534,2026-04-30 15:25:00,4624.302428571429,SL,-1.0,-7.327428571428754,5
2026-04-30 16:55:00,4607.398,SHORT,4612.538714285714,4599.686928571428,5.1407142857144335,324557,2026-04-30 17:00:00,4612.538714285714,SL,-1.0,-5.140714285714239,1
2026-04-30 17:10:00,4615.645,SHORT,4621.097142857143,4607.466785714286,5.452142857142917,324560,2026-04-30 17:30:00,4621.097142857143,SL,-1.0,-5.452142857142462,4
2026-04-30 17:35:00,4616.845,SHORT,4622.416928571429,4608.487107142858,5.5719285714284785,324565,2026-04-30 18:00:00,4622.416928571429,SL,-1.0,-5.571928571428543,5
2026-04-30 19:30:00,4617.785,LONG,4614.4223571428565,4622.828964285714,3.362642857142938,324588,2026-04-30 19:40:00,4622.828964285714,TP,1.5,5.043964285714537,2
2026-04-30 19:40:00,4622.505,LONG,4619.080928571429,4627.641107142857,3.4240714285715512,324590,2026-04-30 19:50:00,4619.080928571429,SL,-1.0,-3.4240714285715512,2
2026-04-30 20:10:00,4616.195,SHORT,4619.8129285714285,4610.768107142857,3.61792857142856,324596,2026-04-30 20:50:00,4619.8129285714285,SL,-1.0,-3.61792857142882,8
2026-05-01 00:00:00,4627.595,LONG,4624.788571428571,4631.804642857143,2.806428571428699,324630,2026-05-01 00:10:00,4624.788571428571,SL,-1.0,-2.8064285714290236,2
2026-05-01 01:50:00,4619.155,SHORT,4622.537857142856,4614.080714285714,3.3828571428570546,324652,2026-05-01 02:00:00,4622.537857142856,SL,-1.0,-3.3828571428566647,2
2026-05-01 03:00:00,4618.365,SHORT,4622.515285714286,4612.139571428571,4.150285714285668,324666,2026-05-01 03:20:00,4622.515285714286,SL,-1.0,-4.150285714285928,4
2026-05-01 05:40:00,4609.635,SHORT,4612.742857142857,4604.973214285715,3.1078571428572883,324698,2026-05-01 05:45:00,4612.742857142857,SL,-1.0,-3.1078571428570285,1
2026-05-01 10:30:00,4570.795,SHORT,4574.582642857143,4565.113535714286,3.7876428571426652,324756,2026-05-01 11:00:00,4565.113535714286,TP,1.5,5.681464285714355,6
2026-05-01 11:25:00,4571.655,SHORT,4575.482142857142,4565.914285714285,3.827142857142787,324767,2026-05-01 11:35:00,4575.482142857142,SL,-1.0,-3.827142857142462,2
2026-05-01 11:40:00,4575.475,SHORT,4579.303785714286,4569.7318214285715,3.828785714285719,324770,2026-05-01 11:55:00,4579.303785714286,SL,-1.0,-3.828785714285914,3
2026-05-01 13:30:00,4598.475,LONG,4591.767857142857,4608.535714285715,6.707142857143026,324792,2026-05-01 13:40:00,4608.535714285715,TP,1.5,10.060714285714312,2
2026-05-01 15:25:00,4636.065,LONG,4628.711428571428,4647.095357142857,7.35357142857148,324815,2026-05-01 15:45:00,4647.095357142857,TP,1.5,11.03035714285761,4
2026-05-01 16:35:00,4640.315,LONG,4633.837571428571,4650.031142857142,6.477428571428585,324829,2026-05-01 17:25:00,4633.837571428571,SL,-1.0,-6.477428571428391,10
2026-05-01 17:35:00,4630.615,LONG,4626.436,4636.8835,4.1790000000000225,324841,2026-05-01 18:00:00,4626.436,SL,-1.0,-4.179000000000087,5
2026-05-01 19:00:00,4620.845,SHORT,4625.387142857143,4614.031785714285,4.542142857142933,324858,2026-05-01 19:10:00,4625.387142857143,SL,-1.0,-4.542142857142608,2
2026-05-01 20:35:00,4611.538,SHORT,4615.698714285714,4605.296928571428,4.160714285714286,324877,2026-05-01 20:50:00,4615.698714285714,SL,-1.0,-4.1607142857146755,3
2026-05-03 22:55:00,4618.228,SHORT,4624.7230714285715,4608.485392857143,6.495071428571464,324893,2026-05-04 00:00:00,4608.485392857143,TP,1.5,9.742607142857196,13
2026-05-04 01:05:00,4598.915,SHORT,4605.477142857143,4589.071785714285,6.56214285714285,324919,2026-05-04 01:50:00,4605.477142857143,SL,-1.0,-6.562142857143044,9
2026-05-04 03:00:00,4605.005,SHORT,4611.015,4595.99,6.009999999999958,324942,2026-05-04 03:10:00,4611.015,SL,-1.0,-6.010000000000218,2
2026-05-04 07:20:00,4587.755,SHORT,4593.198571428571,4579.589642857143,5.443571428571366,324994,2026-05-04 07:55:00,4579.589642857143,TP,1.5,8.16535714285692,7
2026-05-04 09:40:00,4581.145,SHORT,4584.236428571429,4576.507857142858,3.0914285714285534,325022,2026-05-04 09:55:00,4576.507857142858,TP,1.5,4.637142857142862,3
2026-05-04 11:00:00,4562.445,SHORT,4572.970071428571,4546.657392857142,10.525071428571534,325038,2026-05-04 12:15:00,4572.970071428571,SL,-1.0,-10.52507142857121,15
2026-05-04 12:20:00,4572.155,SHORT,4577.9052142857145,4563.529678571428,5.750214285714264,325054,2026-05-04 12:35:00,4563.529678571428,TP,1.5,8.625321428571624,3
2026-05-04 13:15:00,4564.625,SHORT,4572.178714285715,4553.294428571428,7.553714285714315,325065,2026-05-04 14:15:00,4572.178714285715,SL,-1.0,-7.553714285714705,12
2026-05-04 17:10:00,4522.205,SHORT,4531.152571428572,4508.783642857143,8.947571428571466,325112,2026-05-04 17:15:00,4531.152571428572,SL,-1.0,-8.947571428571791,1
2026-05-04 17:55:00,4522.215,SHORT,4527.385714285714,4514.458928571429,5.170714285714179,325121,2026-05-04 18:20:00,4514.458928571429,TP,1.5,7.756071428570976,5
2026-05-04 22:00:00,4519.925,SHORT,4522.986428571428,4515.332857142857,3.061428571428548,325158,2026-05-04 22:50:00,4515.332857142857,TP,1.5,4.59214285714279,10
2026-05-05 00:55:00,4529.885,LONG,4525.587142857143,4536.331785714286,4.297857142857083,325193,2026-05-05 01:00:00,4525.587142857143,SL,-1.0,-4.297857142857538,1
2026-05-05 02:35:00,4542.155,LONG,4538.357857142857,4547.850714285714,3.7971428571427817,325213,2026-05-05 03:00:00,4538.357857142857,SL,-1.0,-3.797142857142717,5
2026-05-05 03:10:00,4541.845,LONG,4538.647857142858,4546.640714285714,3.1971428571426777,325220,2026-05-05 03:20:00,4538.647857142858,SL,-1.0,-3.197142857142353,2
2026-05-05 03:30:00,4538.055,LONG,4534.905714285715,4542.778928571429,3.1492857142857247,325224,2026-05-05 03:50:00,4534.905714285715,SL,-1.0,-3.1492857142857247,4
2026-05-05 04:00:00,4534.845,LONG,4532.203571428571,4538.807142857144,2.6414285714288,325230,2026-05-05 04:15:00,4532.203571428571,SL,-1.0,-2.64142857142906,3
2026-05-05 05:25:00,4539.825,LONG,4535.996428571429,4545.567857142857,3.8285714285713897,325247,2026-05-05 05:30:00,4545.567857142857,TP,1.5,5.742857142857247,1
2026-05-05 08:10:00,4550.945,LONG,4546.508071428571,4557.600392857143,4.436928571428455,325280,2026-05-05 08:55:00,4557.600392857143,TP,1.5,6.655392857142942,9
2026-05-05 08:55:00,4558.255,LONG,4554.051857142857,4564.559714285714,4.203142857142666,325289,2026-05-05 09:00:00,4554.051857142857,SL,-1.0,-4.203142857142666,1
2026-05-05 09:50:00,4553.955,LONG,4549.720428571429,4560.306857142858,4.234571428571534,325300,2026-05-05 10:25:00,4549.720428571429,SL,-1.0,-4.234571428571144,7
2026-05-05 10:30:00,4553.275,LONG,4549.246142857142,4559.318285714286,4.028857142857175,325308,2026-05-05 10:40:00,4549.246142857142,SL,-1.0,-4.028857142857305,2
2026-05-05 12:55:00,4564.425,LONG,4558.830285714286,4572.817071428572,5.5947142857142875,325337,2026-05-05 13:00:00,4572.817071428572,TP,1.5,8.392071428571398,1
2026-05-05 14:20:00,4578.945,LONG,4571.736428571428,4589.757857142857,7.2085714285714335,325354,2026-05-05 15:50:00,4571.736428571428,SL,-1.0,-7.208571428571304,18
2026-05-05 17:40:00,4560.295,SHORT,4563.782857142857,4555.063214285714,3.487857142857268,325394,2026-05-05 18:10:00,4563.782857142857,SL,-1.0,-3.4878571428571377,6
2026-05-05 19:00:00,4558.685,SHORT,4561.630714285715,4554.266428571429,2.9457142857144,325410,2026-05-05 19:50:00,4554.266428571429,TP,1.5,4.41857142857134,10
2026-05-05 19:50:00,4554.675,SHORT,4557.383071428571,4550.612892857143,2.7080714285714618,325420,2026-05-05 20:15:00,4557.383071428571,SL,-1.0,-2.708071428571202,5
2026-05-05 22:00:00,4552.425,SHORT,4555.157142857143,4548.3267857142855,2.732142857142857,325434,2026-05-05 22:20:00,4548.3267857142855,TP,1.5,4.0982142857146755,4
2026-05-06 05:35:00,4646.745,LONG,4642.396428571428,4653.267857142857,4.348571428571566,325525,2026-05-06 05:55:00,4653.267857142857,TP,1.5,6.522857142856992,4
2026-05-06 08:40:00,4677.385,LONG,4672.541857142857,4684.649714285714,4.843142857142864,325562,2026-05-06 08:50:00,4684.649714285714,TP,1.5,7.264714285714035,2
2026-05-06 13:15:00,4682.745,SHORT,4692.340714285714,4668.351428571428,9.595714285714296,325617,2026-05-06 13:30:00,4692.340714285714,SL,-1.0,-9.595714285714166,3
2026-05-06 15:15:00,4701.335,LONG,4694.464285714285,4711.641071428572,6.870714285714452,325641,2026-05-06 15:30:00,4694.464285714285,SL,-1.0,-6.870714285714712,3
2026-05-06 18:20:00,4687.765,SHORT,4690.777142857143,4683.2467857142865,3.012142857142732,325678,2026-05-06 19:00:00,4690.777142857143,SL,-1.0,-3.0121428571428623,8
2026-05-06 22:40:00,4698.355,LONG,4694.499857142857,4704.137714285714,3.8551428571428397,325718,2026-05-06 22:55:00,4694.499857142857,SL,-1.0,-3.8551428571427095,3
2026-05-06 23:00:00,4696.315,LONG,4692.573428571428,4701.927357142857,3.7415714285714006,325722,2026-05-06 23:25:00,4692.573428571428,SL,-1.0,-3.7415714285716604,5
2026-05-06 23:55:00,4698.745,LONG,4695.784285714286,4703.186071428571,2.960714285714143,325733,2026-05-07 00:00:00,4695.784285714286,SL,-1.0,-2.960714285713948,1
2026-05-07 02:50:00,4706.435,LONG,4701.678571428572,4713.569642857143,4.756428571428517,325768,2026-05-07 03:45:00,4701.678571428572,SL,-1.0,-4.756428571428842,11
2026-05-07 03:45:00,4704.075,LONG,4700.703571428571,4709.132142857143,3.3714285714286234,325779,2026-05-07 03:55:00,4700.703571428571,SL,-1.0,-3.3714285714286234,2
2026-05-07 05:15:00,4695.755,SHORT,4699.062642857143,4690.793535714286,3.307642857142842,325797,2026-05-07 05:30:00,4699.062642857143,SL,-1.0,-3.307642857143037,3
2026-05-07 06:00:00,4705.815,LONG,4701.874,4711.7265,3.9409999999998684,325806,2026-05-07 06:20:00,4711.7265,TP,1.5,5.91150000000016,4
2026-05-07 08:25:00,4740.035,LONG,4734.1,4748.9375,5.934999999999881,325835,2026-05-07 08:35:00,4734.1,SL,-1.0,-5.934999999999491,2
2026-05-07 08:45:00,4735.645,LONG,4729.857142857143,4744.3267857142855,5.78785714285693,325839,2026-05-07 09:00:00,4729.857142857143,SL,-1.0,-5.78785714285732,3
2026-05-07 09:20:00,4736.555,LONG,4731.1564285714285,4744.652857142857,5.398571428571358,325846,2026-05-07 09:55:00,4731.1564285714285,SL,-1.0,-5.398571428571813,7
2026-05-07 10:20:00,4732.725,LONG,4728.082857142857,4739.688214285715,4.642142857142842,325858,2026-05-07 10:30:00,4728.082857142857,SL,-1.0,-4.6421428571429715,2
2026-05-07 10:35:00,4736.215,LONG,4731.467142857143,4743.336785714286,4.747857142857161,325861,2026-05-07 11:10:00,4731.467142857143,SL,-1.0,-4.747857142857356,7
2026-05-07 11:15:00,4730.275,LONG,4726.153071428571,4736.457892857143,4.121928571428531,325869,2026-05-07 11:35:00,4736.457892857143,TP,1.5,6.182892857143088,4
2026-05-07 11:50:00,4739.445,LONG,4735.275928571428,4745.698607142856,4.169071428571377,325876,2026-05-07 12:00:00,4745.698607142856,TP,1.5,6.253607142856708,2
2026-05-07 12:40:00,4751.055,LONG,4745.044,4760.0715,6.010999999999967,325886,2026-05-07 12:55:00,4745.044,SL,-1.0,-6.011000000000422,3
2026-05-07 13:50:00,4743.805,LONG,4736.2145,4755.190750000001,7.590500000000053,325900,2026-05-07 14:20:00,4755.190750000001,TP,1.5,11.385750000000371,6
2026-05-07 18:05:00,4707.455,SHORT,4716.574285714286,4693.776071428571,9.119285714285654,325951,2026-05-07 20:00:00,4716.574285714286,SL,-1.0,-9.11928571428598,23
2026-05-07 20:35:00,4698.325,SHORT,4704.522857142857,4689.028214285714,6.197857142857174,325981,2026-05-07 20:40:00,4704.522857142857,SL,-1.0,-6.197857142857174,1
2026-05-07 23:25:00,4696.125,SHORT,4700.911214285714,4688.945678571428,4.786214285714193,326003,2026-05-07 23:45:00,4700.911214285714,SL,-1.0,-4.786214285713868,4
2026-05-08 01:15:00,4717.305,LONG,4710.085928571429,4728.133607142858,7.219071428571364,326025,2026-05-08 01:30:00,4710.085928571429,SL,-1.0,-7.219071428571624,3
2026-05-08 03:00:00,4717.225,LONG,4710.804285714286,4726.856071428571,6.4207142857142445,326046,2026-05-08 03:30:00,4726.856071428571,TP,1.5,9.631071428570976,6
2026-05-08 06:15:00,4727.485,LONG,4721.382642857143,4736.638535714285,6.102357142856947,326085,2026-05-08 06:45:00,4721.382642857143,SL,-1.0,-6.1023571428568175,6
2026-05-08 08:50:00,4716.285,SHORT,4720.8721428571425,4709.404285714285,4.5871428571430055,326116,2026-05-08 09:15:00,4720.8721428571425,SL,-1.0,-4.58714285714268,5
2026-05-08 11:20:00,4723.125,LONG,4718.5805,4729.94175,4.544499999999971,326146,2026-05-08 11:45:00,4718.5805,SL,-1.0,-4.544499999999971,5
2026-05-08 13:10:00,4720.178,LONG,4711.569642857143,4733.090535714286,8.608357142857196,326168,2026-05-08 13:30:00,4733.090535714286,TP,1.5,12.912535714285696,4
2026-05-08 14:10:00,4731.535,LONG,4722.947857142857,4744.415714285714,8.587142857142746,326180,2026-05-08 14:20:00,4722.947857142857,SL,-1.0,-8.58714285714268,2
2026-05-08 14:35:00,4723.395,LONG,4713.750214285715,4737.8621785714295,9.644785714285717,326185,2026-05-08 14:50:00,4713.750214285715,SL,-1.0,-9.644785714285717,3
2026-05-08 16:30:00,4716.915,SHORT,4722.4355,4708.63425,5.520500000000019,326208,2026-05-08 17:55:00,4722.4355,SL,-1.0,-5.520499999999629,17
2026-05-08 19:00:00,4722.845,LONG,4719.819285714286,4727.3835714285715,3.0257142857141326,326238,2026-05-08 20:10:00,4719.819285714286,SL,-1.0,-3.025714285714457,14
2026-05-10 23:50:00,4695.315,SHORT,4699.139499999999,4689.5782500000005,3.8244999999997162,326284,2026-05-11 00:00:00,4689.5782500000005,TP,1.5,5.73674999999912,2
2026-05-11 00:05:00,4685.645,SHORT,4690.1290714285715,4678.918892857144,4.484071428571236,326287,2026-05-11 00:15:00,4678.918892857144,TP,1.5,6.726107142856563,2
2026-05-11 01:05:00,4690.705,SHORT,4700.050714285714,4676.686428571428,9.345714285714296,326299,2026-05-11 01:20:00,4700.050714285714,SL,-1.0,-9.345714285714166,3
2026-05-11 02:05:00,4683.755,SHORT,4692.836214285715,4670.133178571428,9.081214285714461,326311,2026-05-11 02:30:00,4692.836214285715,SL,-1.0,-9.08121428571485,5
2026-05-11 02:45:00,4685.195,SHORT,4692.378571428571,4674.419642857142,7.183571428571407,326319,2026-05-11 04:00:00,4674.419642857142,TP,1.5,10.775357142857501,15
2026-05-11 06:45:00,4673.685,SHORT,4680.286214285715,4663.783178571429,6.601214285714312,326367,2026-05-11 09:20:00,4663.783178571429,TP,1.5,9.901821428571566,31
2026-05-11 10:35:00,4662.895,SHORT,4667.651428571429,4655.760357142858,4.756428571428452,326413,2026-05-11 11:00:00,4667.651428571429,SL,-1.0,-4.756428571428842,5
2026-05-11 12:15:00,4672.695,LONG,4669.0232857142855,4678.202571428571,3.671714285714253,326433,2026-05-11 12:20:00,4678.202571428571,TP,1.5,5.507571428571282,1
2026-05-11 12:30:00,4693.145,LONG,4687.378071428572,4701.795392857143,5.766928571428577,326436,2026-05-11 12:45:00,4687.378071428572,SL,-1.0,-5.766928571428252,3
2026-05-11 14:15:00,4730.725,LONG,4721.3627857142865,4744.768321428572,9.362214285714279,326457,2026-05-11 14:30:00,4721.3627857142865,SL,-1.0,-9.36221428571389,3
2026-05-11 14:35:00,4726.695,LONG,4717.258285714285,4740.850071428571,9.436714285714256,326461,2026-05-11 16:40:00,4717.258285714285,SL,-1.0,-9.436714285714515,25
2026-05-11 17:30:00,4722.715,LONG,4718.128571428571,4729.594642857142,4.586428571428379,326496,2026-05-11 19:45:00,4729.594642857142,TP,1.5,6.879642857142244,27
2026-05-11 19:45:00,4731.105,LONG,4728.318785714286,4735.284321428571,2.7862142857143226,326523,2026-05-11 19:55:00,4735.284321428571,TP,1.5,4.179321428571711,2
2026-05-12 00:45:00,4759.545,LONG,4752.704071428571,4769.806392857143,6.8409285714286465,326571,2026-05-12 00:50:00,4752.704071428571,SL,-1.0,-6.840928571428776,1
2026-05-12 03:00:00,4729.405,SHORT,4734.754785714285,4721.380321428572,5.34978571428558,326598,2026-05-12 03:45:00,4721.380321428572,TP,1.5,8.024678571428012,9
2026-05-12 04:20:00,4724.825,SHORT,4728.6257857142855,4719.123821428571,3.8007857142858614,326614,2026-05-12 04:45:00,4719.123821428571,TP,1.5,5.7011785714285,5
2026-05-12 05:45:00,4713.525,SHORT,4718.716928571428,4705.737107142857,5.191928571428499,326631,2026-05-12 05:55:00,4718.716928571428,SL,-1.0,-5.191928571428434,2
2026-05-12 06:00:00,4706.625,SHORT,4712.335714285714,4698.058928571429,5.710714285714208,326634,2026-05-12 06:20:00,4698.058928571429,TP,1.5,8.566071428571377,4
2026-05-12 07:45:00,4699.565,SHORT,4704.605,4692.004999999999,5.039999999999964,326655,2026-05-12 08:00:00,4704.605,SL,-1.0,-5.039999999999964,3
2026-05-12 08:50:00,4703.295,SHORT,4707.5028571428575,4696.983214285714,4.207857142857198,326668,2026-05-12 09:40:00,4696.983214285714,TP,1.5,6.3117857142860885,10
2026-05-12 10:25:00,4700.025,SHORT,4705.153571428571,4692.332142857143,5.128571428571571,326687,2026-05-12 10:30:00,4692.332142857143,TP,1.5,7.692857142857065,1
2026-05-12 11:30:00,4698.605,SHORT,4704.4697857142855,4689.8078214285715,5.864785714285582,326700,2026-05-12 11:35:00,4704.4697857142855,SL,-1.0,-5.864785714285972,1
2026-05-12 13:45:00,4692.465,SHORT,4701.263214285715,4679.267678571428,8.798214285714494,326727,2026-05-12 13:55:00,4679.267678571428,TP,1.5,13.19732142857174,2
2026-05-12 14:15:00,4688.345,SHORT,4697.836428571429,4674.107857142857,9.49142857142871,326733,2026-05-12 14:30:00,4674.107857142857,TP,1.5,14.237142857143226,3
2026-05-12 16:15:00,4671.545,SHORT,4679.733357142857,4659.2624642857145,8.188357142857058,326757,2026-05-12 17:15:00,4679.733357142857,SL,-1.0,-8.188357142857058,12
2026-05-12 22:10:00,4713.985,LONG,4709.877571428571,4720.146142857143,4.1074285714285645,326816,2026-05-12 22:15:00,4709.877571428571,SL,-1.0,-4.1074285714285,1
2026-05-12 22:15:00,4716.698,LONG,4711.703285714286,4724.190071428572,4.994714285714314,326817,2026-05-12 22:20:00,4711.703285714286,SL,-1.0,-4.994714285714508,1
2026-05-12 22:25:00,4716.865,LONG,4710.459,4726.474,6.406000000000014,326819,2026-05-12 22:30:00,4710.459,SL,-1.0,-6.405999999999949,1
2026-05-12 22:30:00,4718.165,LONG,4711.129785714285,4728.717821428571,7.035214285714313,326820,2026-05-12 22:35:00,4711.129785714285,SL,-1.0,-7.035214285714574,1
2026-05-12 23:40:00,4720.945,LONG,4715.820571428571,4728.631642857143,5.12442857142865,326834,2026-05-12 23:45:00,4715.820571428571,SL,-1.0,-5.124428571428325,1
2026-05-13 00:15:00,4724.175,LONG,4719.075928571428,4731.823607142857,5.0990714285716034,326841,2026-05-13 00:30:00,4719.075928571428,SL,-1.0,-5.099071428571733,3
2026-05-13 00:35:00,4722.165,LONG,4717.0620714285715,4729.819392857143,5.102928571428622,326845,2026-05-13 00:45:00,4717.0620714285715,SL,-1.0,-5.102928571428492,2
2026-05-13 01:05:00,4713.145,LONG,4707.571357142858,4721.505464285715,5.573642857142853,326851,2026-05-13 01:15:00,4707.571357142858,SL,-1.0,-5.573642857142659,2
2026-05-13 04:05:00,4696.285,SHORT,4700.052857142857,4690.633214285714,3.767857142857273,326887,2026-05-13 04:15:00,4700.052857142857,SL,-1.0,-3.767857142856883,2
2026-05-13 04:20:00,4701.205,SHORT,4704.625,4696.075,3.4200000000000728,326890,2026-05-13 05:00:00,4704.625,SL,-1.0,-3.4200000000000728,8
2026-05-13 05:20:00,4699.215,SHORT,4703.155714285715,4693.3039285714285,3.940714285714161,326902,2026-05-13 05:30:00,4693.3039285714285,TP,1.5,5.911071428571631,2
2026-05-13 05:40:00,4696.585,SHORT,4701.171214285714,4689.7056785714285,4.586214285714179,326906,2026-05-13 05:55:00,4701.171214285714,SL,-1.0,-4.58621428571405,3
2026-05-13 07:25:00,4707.485,LONG,4702.8316428571425,4714.4650357142855,4.653357142857138,326927,2026-05-13 07:45:00,4702.8316428571425,SL,-1.0,-4.653357142857203,4
2026-05-13 07:45:00,4703.645,LONG,4699.1745,4710.3507500000005,4.4705000000000314,326931,2026-05-13 08:05:00,4699.1745,SL,-1.0,-4.4705000000003565,4
2026-05-13 13:05:00,4686.395,SHORT,4692.8092857142865,4676.773571428572,6.414285714285858,326995,2026-05-13 13:20:00,4692.8092857142865,SL,-1.0,-6.414285714286052,3
2026-05-13 13:25:00,4688.575,SHORT,4695.2021428571425,4678.634285714285,6.627142857142904,326999,2026-05-13 13:35:00,4678.634285714285,TP,1.5,9.94071428571442,2
2026-05-13 14:55:00,4679.625,SHORT,4686.450714285715,4669.386428571429,6.825714285714314,327017,2026-05-13 15:05:00,4686.450714285715,SL,-1.0,-6.825714285714639,2
2026-05-13 15:40:00,4699.195,LONG,4693.858357142857,4707.1999642857145,5.3366428571429685,327026,2026-05-13 16:20:00,4707.1999642857145,TP,1.5,8.004964285714777,8
2026-05-13 17:15:00,4699.655,LONG,4695.398571428571,4706.039642857143,4.256428571428581,327045,2026-05-13 17:30:00,4695.398571428571,SL,-1.0,-4.256428571428842,3
2026-05-13 19:20:00,4687.815,SHORT,4691.872857142856,4681.728214285714,4.057857142857301,327070,2026-05-13 20:20:00,4691.872857142856,SL,-1.0,-4.057857142856847,12
2026-05-13 23:55:00,4696.415,LONG,4694.1095,4699.87325,2.305500000000003,327113,2026-05-14 00:00:00,4694.1095,SL,-1.0,-2.305500000000393,1
2026-05-14 00:10:00,4697.475,LONG,4694.2295,4702.34325,3.245499999999928,327116,2026-05-14 00:15:00,4702.34325,TP,1.5,4.868249999999534,1
2026-05-14 01:50:00,4685.415,SHORT,4692.757857142857,4674.4007142857145,7.342857142857156,327136,2026-05-14 02:00:00,4692.757857142857,SL,-1.0,-7.342857142856701,2
2026-05-14 05:30:00,4698.385,LONG,4693.015928571429,4706.438607142857,5.36907142857152,327180,2026-05-14 05:55:00,4693.015928571429,SL,-1.0,-5.36907142857126,5
2026-05-14 06:50:00,4699.455,LONG,4693.919428571428,4707.758357142857,5.5355714285714,327196,2026-05-14 07:30:00,4707.758357142857,TP,1.5,8.30335714285684,8
2026-05-14 08:10:00,4698.635,LONG,4692.0130714285715,4708.567892857143,6.621928571428465,327212,2026-05-14 09:00:00,4692.0130714285715,SL,-1.0,-6.621928571428725,10
2026-05-14 09:50:00,4698.935,SHORT,4703.311500000001,4692.37025,4.376500000000045,327232,2026-05-14 10:10:00,4703.311500000001,SL,-1.0,-4.376500000000306,4
2026-05-14 10:25:00,4697.425,LONG,4692.980642857143,4704.091535714286,4.444357142857176,327239,2026-05-14 10:40:00,4692.980642857143,SL,-1.0,-4.4443571428573705,3
2026-05-14 10:45:00,4692.715,SHORT,4696.681714285714,4686.764928571429,3.9667142857143256,327243,2026-05-14 10:50:00,4696.681714285714,SL,-1.0,-3.9667142857142608,1
2026-05-14 11:15:00,4695.015,SHORT,4699.094785714286,4688.895321428572,4.079785714285728,327249,2026-05-14 11:45:00,4699.094785714286,SL,-1.0,-4.079785714286118,6
2026-05-14 13:20:00,4694.525,LONG,4687.926285714286,4704.423071428571,6.598714285714323,327274,2026-05-14 13:25:00,4687.926285714286,SL,-1.0,-6.598714285713868,1
2026-05-14 14:25:00,4691.145,SHORT,4699.980928571429,4677.891107142857,8.835928571428472,327287,2026-05-14 15:00:00,4677.891107142857,TP,1.5,13.253892857143,7
2026-05-14 15:00:00,4678.155,SHORT,4684.9256428571425,4667.999035714285,6.77064285714284,327294,2026-05-14 15:10:00,4684.9256428571425,SL,-1.0,-6.770642857142775,2
2026-05-14 15:25:00,4685.578,SHORT,4691.173000000001,4677.1855000000005,5.59500000000006,327299,2026-05-14 16:05:00,4677.1855000000005,TP,1.5,8.392499999999927,8
2026-05-14 17:05:00,4679.858,SHORT,4684.030428571428,4673.599357142857,4.172428571428489,327319,2026-05-14 18:00:00,4673.599357142857,TP,1.5,6.258642857143059,11
2026-05-14 18:00:00,4669.745,SHORT,4673.174714285714,4664.600428571428,3.4297142857143235,327330,2026-05-14 18:05:00,4673.174714285714,SL,-1.0,-3.429714285713999,1
2026-05-14 23:10:00,4658.855,SHORT,4661.771499999999,4654.48025,2.9164999999997496,327380,2026-05-14 23:25:00,4661.771499999999,SL,-1.0,-2.9164999999993597,3
2026-05-14 23:30:00,4650.795,SHORT,4654.701,4644.936000000001,3.905999999999754,327384,2026-05-14 23:40:00,4654.701,SL,-1.0,-3.905999999999949,2
2026-05-15 03:05:00,4617.355,SHORT,4623.3721428571425,4608.329285714285,6.017142857142842,327427,2026-05-15 03:30:00,4608.329285714285,TP,1.5,9.025714285714457,5
2026-05-15 04:50:00,4607.955,SHORT,4613.091,4600.251,5.136000000000097,327448,2026-05-15 05:00:00,4600.251,TP,1.5,7.7039999999997235,2
2026-05-15 06:35:00,4572.125,SHORT,4581.290714285715,4558.376428571429,9.16571428571433,327469,2026-05-15 07:10:00,4581.290714285715,SL,-1.0,-9.165714285714785,7
2026-05-15 10:15:00,4557.325,SHORT,4565.118571428571,4545.634642857142,7.793571428571405,327513,2026-05-15 10:50:00,4565.118571428571,SL,-1.0,-7.79357142857134,7
2026-05-15 11:00:00,4561.805,SHORT,4569.374285714286,4550.451071428572,7.569285714285603,327522,2026-05-15 11:55:00,4550.451071428572,TP,1.5,11.353928571428696,11
2026-05-15 12:35:00,4548.105,SHORT,4554.3155,4538.78925,6.210499999999748,327541,2026-05-15 12:50:00,4554.3155,SL,-1.0,-6.210500000000138,3
2026-05-15 13:25:00,4548.905,SHORT,4557.691928571428,4535.724607142857,8.78692857142843,327551,2026-05-15 13:35:00,4535.724607142857,TP,1.5,13.180392857142579,2
2026-05-15 15:20:00,4545.625,SHORT,4554.556928571428,4532.227107142858,8.931928571428475,327574,2026-05-15 16:05:00,4532.227107142858,TP,1.5,13.397892857142324,9
2026-05-15 16:45:00,4545.245,SHORT,4550.4,4537.5125,5.155000000000006,327591,2026-05-15 17:00:00,4550.4,SL,-1.0,-5.154999999999745,3
2026-05-15 18:45:00,4559.065,LONG,4554.973785714285,4565.201821428571,4.091214285714419,327615,2026-05-15 19:00:00,4554.973785714285,SL,-1.0,-4.091214285714159,3
2026-05-17 22:25:00,4540.815,SHORT,4546.760285714286,4531.8970714285715,5.945285714285676,327647,2026-05-17 22:30:00,4546.760285714286,SL,-1.0,-5.945285714286001,1
2026-05-17 23:15:00,4539.325,SHORT,4545.7945714285715,4529.620642857143,6.469571428571401,327657,2026-05-18 00:05:00,4529.620642857143,TP,1.5,9.70435714285668,10
2026-05-18 00:15:00,4522.755,SHORT,4529.715,4512.3150000000005,6.959999999999842,327669,2026-05-18 00:20:00,4529.715,SL,-1.0,-6.960000000000036,1
2026-05-18 01:55:00,4525.225,SHORT,4538.2630714285715,4505.667892857143,13.038071428571454,327689,2026-05-18 02:10:00,4538.2630714285715,SL,-1.0,-13.03807142857113,3
2026-05-18 04:50:00,4543.135,LONG,4536.717857142858,4552.760714285714,6.417142857142802,327724,2026-05-18 04:55:00,4536.717857142858,SL,-1.0,-6.417142857142608,1
2026-05-18 05:10:00,4538.055,LONG,4531.619785714286,4547.707821428572,6.435214285714275,327728,2026-05-18 05:15:00,4547.707821428572,TP,1.5,9.65282142857177,1
2026-05-18 06:20:00,4543.145,LONG,4535.122857142857,4555.178214285715,8.022142857142756,327742,2026-05-18 06:30:00,4535.122857142857,SL,-1.0,-8.02214285714308,2
2026-05-18 06:40:00,4540.455,LONG,4532.915,4551.764999999999,7.539999999999834,327746,2026-05-18 07:30:00,4551.764999999999,TP,1.5,11.30999999999949,10
2026-05-18 07:50:00,4544.495,LONG,4538.521428571428,4553.455357142857,5.973571428571371,327760,2026-05-18 08:45:00,4553.455357142857,TP,1.5,8.960357142856992,11
2026-05-18 09:35:00,4545.975,LONG,4540.989285714286,4553.453571428572,4.985714285714299,327781,2026-05-18 09:40:00,4540.989285714286,SL,-1.0,-4.985714285714494,1
2026-05-18 09:50:00,4543.025,LONG,4538.216428571428,4550.237857142857,4.808571428571473,327784,2026-05-18 10:05:00,4538.216428571428,SL,-1.0,-4.808571428571668,3
2026-05-18 11:00:00,4538.055,SHORT,4542.940714285714,4530.726428571429,4.8857142857142595,327798,2026-05-18 11:10:00,4530.726428571429,TP,1.5,7.328571428571195,2
2026-05-18 13:45:00,4574.015,LONG,4564.894785714286,4587.695321428572,9.12021428571448,327831,2026-05-18 14:00:00,4564.894785714286,SL,-1.0,-9.12021428571461,3
2026-05-18 14:05:00,4566.745,LONG,4557.631428571428,4580.415357142858,9.1135714285717,327835,2026-05-18 14:20:00,4557.631428571428,SL,-1.0,-9.113571428571959,3
2026-05-18 14:40:00,4547.565,LONG,4537.522142857142,4562.629285714285,10.042857142857299,327842,2026-05-18 14:45:00,4537.522142857142,SL,-1.0,-10.042857142857429,1
2026-05-18 16:15:00,4546.925,SHORT,4552.349071428572,4538.788892857143,5.4240714285714215,327861,2026-05-18 16:25:00,4538.788892857143,TP,1.5,8.136107142857327,2
2026-05-18 17:40:00,4548.105,SHORT,4552.640714285714,4541.301428571428,4.535714285714415,327878,2026-05-18 18:20:00,4541.301428571428,TP,1.5,6.8035714285715585,8
2026-05-19 00:15:00,4579.935,LONG,4574.939928571429,4587.427607142858,4.995071428571594,327945,2026-05-19 00:20:00,4574.939928571429,SL,-1.0,-4.995071428571464,1
2026-05-19 00:45:00,4571.505,LONG,4565.5945,4580.37075,5.910500000000217,327951,2026-05-19 00:55:00,4565.5945,SL,-1.0,-5.910499999999956,2
2026-05-19 01:45:00,4566.215,SHORT,4572.705714285715,4556.478928571429,6.490714285714278,327963,2026-05-19 02:05:00,4556.478928571429,TP,1.5,9.73607142857145,4
2026-05-19 03:40:00,4547.395,SHORT,4553.086214285715,4538.858178571429,5.691214285714328,327986,2026-05-19 04:10:00,4538.858178571429,TP,1.5,8.536821428571784,6
2026-05-19 06:00:00,4539.045,SHORT,4545.306428571429,4529.652857142857,6.261428571428756,328014,2026-05-19 06:10:00,4545.306428571429,SL,-1.0,-6.261428571428951,2
2026-05-19 06:25:00,4547.465,SHORT,4554.909285714286,4536.298571428571,7.444285714285862,328019,2026-05-19 07:05:00,4554.909285714286,SL,-1.0,-7.444285714285797,8
2026-05-19 07:30:00,4543.855,SHORT,4549.552642857143,4535.308535714285,5.69764285714291,328032,2026-05-19 07:45:00,4549.552642857143,SL,-1.0,-5.697642857143364,3
2026-05-19 08:15:00,4544.025,SHORT,4550.161214285714,4534.820678571428,6.136214285714232,328041,2026-05-19 10:35:00,4534.820678571428,TP,1.5,9.204321428571347,28
2026-05-19 11:25:00,4539.075,SHORT,4545.034285714286,4530.136071428571,5.959285714285735,328079,2026-05-19 11:55:00,4530.136071428571,TP,1.5,8.938928571428733,6
2026-05-19 12:55:00,4536.935,SHORT,4542.919071428571,4527.958892857143,5.984071428571432,328097,2026-05-19 13:00:00,4527.958892857143,TP,1.5,8.976107142857472,1
2026-05-19 14:20:00,4486.455,SHORT,4501.76,4463.4975,15.304999999999966,328114,2026-05-19 15:15:00,4501.76,SL,-1.0,-15.305000000000291,11
2026-05-19 15:20:00,4494.795,SHORT,4503.562642857143,4481.643535714286,8.767642857142748,328126,2026-05-19 15:30:00,4503.562642857143,SL,-1.0,-8.767642857143073,2
2026-05-19 16:30:00,4507.255,SHORT,4513.09,4498.5025000000005,5.8349999999999715,328140,2026-05-19 18:20:00,4498.5025000000005,TP,1.5,8.7524999999996,22
2026-05-19 22:50:00,4481.165,SHORT,4485.049714285714,4475.337928571428,3.884714285714316,328204,2026-05-19 23:10:00,4485.049714285714,SL,-1.0,-3.884714285713926,4
2026-05-19 23:25:00,4485.765,SHORT,4489.658357142857,4479.924964285715,3.89335714285718,328211,2026-05-19 23:30:00,4489.658357142857,SL,-1.0,-3.893357142856985,1
2026-05-19 23:40:00,4492.105,SHORT,4496.490714285714,4485.526428571428,4.3857142857142595,328214,2026-05-20 00:00:00,4485.526428571428,TP,1.5,6.578571428571195,4
2026-05-20 00:15:00,4483.315,SHORT,4488.877642857143,4474.971035714285,5.562642857142952,328221,2026-05-20 00:20:00,4488.877642857143,SL,-1.0,-5.562642857143146,1
2026-05-20 01:05:00,4494.725,LONG,4486.652357142858,4506.8339642857145,8.07264285714278,328231,2026-05-20 01:20:00,4486.652357142858,SL,-1.0,-8.072642857142455,3
2026-05-20 02:05:00,4479.385,SHORT,4489.58,4464.0925,10.195000000000034,328243,2026-05-20 02:40:00,4464.0925,TP,1.5,15.292500000000473,7
2026-05-20 04:15:00,4465.575,SHORT,4470.400928571428,4458.336107142856,4.825928571428774,328269,2026-05-20 04:45:00,4458.336107142856,TP,1.5,7.238892857143583,6
2026-05-20 05:20:00,4470.755,SHORT,4475.675,4463.375,4.919999999999878,328282,2026-05-20 05:30:00,4475.675,SL,-1.0,-4.920000000000073,2
2026-05-20 06:30:00,4466.515,SHORT,4473.168785714286,4456.534321428572,6.6537857142855374,328296,2026-05-20 06:45:00,4473.168785714286,SL,-1.0,-6.653785714285732,3
2026-05-20 07:00:00,4477.105,LONG,4470.8328571428565,4486.513214285714,6.27214285714282,328302,2026-05-20 08:30:00,4486.513214285714,TP,1.5,9.408214285714166,18
2026-05-20 08:35:00,4483.405,LONG,4477.790142857142,4491.827285714286,5.614857142857155,328321,2026-05-20 08:40:00,4477.790142857142,SL,-1.0,-5.614857142857545,1
2026-05-20 09:30:00,4482.055,LONG,4476.4835,4490.41225,5.57149999999995,328332,2026-05-20 09:55:00,4490.41225,TP,1.5,8.357250000000022,5
2026-05-20 11:55:00,4498.975,LONG,4494.693785714286,4505.396821428572,4.2812142857145385,328361,2026-05-20 12:15:00,4494.693785714286,SL,-1.0,-4.281214285714668,4
2026-05-20 12:35:00,4503.605,LONG,4499.427285714285,4509.871571428571,4.177714285714371,328369,2026-05-20 12:50:00,4499.427285714285,SL,-1.0,-4.177714285714501,3
2026-05-20 17:35:00,4535.765,LONG,4531.264428571429,4542.515857142857,4.500571428571415,328429,2026-05-20 17:55:00,4531.264428571429,SL,-1.0,-4.500571428571675,4
2026-05-20 18:00:00,4532.165,LONG,4528.200357142857,4538.111964285714,3.9646428571428,328434,2026-05-20 18:30:00,4538.111964285714,TP,1.5,5.946964285713875,6
2026-05-20 22:25:00,4538.625,LONG,4535.437357142857,4543.406464285714,3.1876428571428215,328475,2026-05-20 22:45:00,4543.406464285714,TP,1.5,4.78146428571381,4
2026-05-20 23:00:00,4541.468,LONG,4537.6615,4547.17775,3.8065000000000118,328482,2026-05-20 23:10:00,4537.6615,SL,-1.0,-3.806499999999687,2
2026-05-20 23:25:00,4538.285,LONG,4534.896142857143,4543.368285714286,3.3888571428572374,328487,2026-05-20 23:35:00,4543.368285714286,TP,1.5,5.083285714285921,2
2026-05-21 00:05:00,4544.115,LONG,4540.25,4549.912499999999,3.8649999999999767,328495,2026-05-21 00:15:00,4540.25,SL,-1.0,-3.8649999999997817,2
2026-05-21 00:25:00,4543.285,LONG,4537.995285714285,4551.219571428571,5.289714285714191,328499,2026-05-21 01:10:00,4551.219571428571,TP,1.5,7.934571428570962,9
2026-05-21 04:30:00,4536.565,SHORT,4540.1188571428565,4531.234214285714,3.5538571428570713,328548,2026-05-21 05:00:00,4540.1188571428565,SL,-1.0,-3.553857142856941,6
2026-05-21 05:10:00,4530.545,SHORT,4533.950071428571,4525.437392857143,3.405071428571578,328556,2026-05-21 05:20:00,4525.437392857143,TP,1.5,5.107607142856978,2
2026-05-21 06:15:00,4530.345,SHORT,4535.813357142857,4522.142464285715,5.468357142857258,328569,2026-05-21 06:20:00,4535.813357142857,SL,-1.0,-5.468357142856803,1
2026-05-21 07:55:00,4519.418,SHORT,4524.020642857143,4512.5140357142855,4.6026428571428495,328589,2026-05-21 08:05:00,4524.020642857143,SL,-1.0,-4.60264285714311,2
2026-05-21 10:05:00,4534.555,LONG,4529.965714285715,4541.438928571429,4.58928571428565,328615,2026-05-21 10:10:00,4529.965714285715,SL,-1.0,-4.5892857142853245,1
2026-05-21 10:15:00,4534.365,LONG,4529.571642857143,4541.555035714286,4.793357142857011,328617,2026-05-21 10:25:00,4529.571642857143,SL,-1.0,-4.793357142856621,2
2026-05-21 12:45:00,4510.015,SHORT,4515.620928571429,4501.606107142858,5.605928571428714,328647,2026-05-21 13:00:00,4501.606107142858,TP,1.5,8.408892857142746,3
2026-05-21 13:20:00,4498.025,SHORT,4505.467142857143,4486.861785714285,7.442142857142959,328654,2026-05-21 13:50:00,4505.467142857143,SL,-1.0,-7.442142857143153,6
2026-05-21 14:40:00,4504.615,SHORT,4513.269071428571,4491.633892857142,8.65407142857144,328670,2026-05-21 15:10:00,4513.269071428571,SL,-1.0,-8.654071428571115,6
2026-05-21 15:40:00,4506.795,SHORT,4513.069571428571,4497.383142857143,6.274571428571237,328682,2026-05-21 16:00:00,4513.069571428571,SL,-1.0,-6.274571428571107,4
2026-05-21 19:05:00,4536.495,LONG,4529.920214285714,4546.357178571428,6.574785714285814,328723,2026-05-22 00:50:00,4529.920214285714,SL,-1.0,-6.574785714286008,57
2026-05-22 01:05:00,4525.085,SHORT,4530.3205,4517.23175,5.235499999999969,328783,2026-05-22 01:15:00,4530.3205,SL,-1.0,-5.2354999999997744,2
2026-05-22 01:30:00,4525.505,SHORT,4531.1683571428575,4517.009964285715,5.6633571428570315,328788,2026-05-22 01:50:00,4531.1683571428575,SL,-1.0,-5.663357142857421,4
2026-05-22 02:05:00,4525.865,SHORT,4531.455,4517.48,5.589999999999951,328795,2026-05-22 04:25:00,4531.455,SL,-1.0,-5.5900000000001455,28
2026-05-22 05:10:00,4525.215,SHORT,4528.152642857143,4520.808535714285,2.9376428571428863,328832,2026-05-22 05:20:00,4528.152642857143,SL,-1.0,-2.937642857143146,2
2026-05-22 05:25:00,4525.965,SHORT,4529.156214285715,4521.178178571428,3.191214285714263,328835,2026-05-22 05:30:00,4529.156214285715,SL,-1.0,-3.1912142857145227,1
2026-05-22 05:40:00,4533.795,LONG,4530.259928571429,4539.097607142858,3.5350714285714275,328838,2026-05-22 05:50:00,4530.259928571429,SL,-1.0,-3.5350714285714275,2
2026-05-22 06:10:00,4521.295,SHORT,4526.823214285714,4513.002678571428,5.528214285714382,328844,2026-05-22 06:30:00,4526.823214285714,SL,-1.0,-5.528214285714057,4
2026-05-22 08:10:00,4524.575,SHORT,4528.695,4518.3949999999995,4.1200000000000205,328868,2026-05-22 08:20:00,4528.695,SL,-1.0,-4.119999999999891,2
2026-05-22 08:55:00,4521.695,SHORT,4526.108571428571,4515.074642857143,4.413571428571426,328877,2026-05-22 09:15:00,4515.074642857143,TP,1.5,6.620357142856847,4
2026-05-22 09:25:00,4517.555,SHORT,4521.930714285714,4510.9914285714285,4.375714285714237,328883,2026-05-22 09:35:00,4521.930714285714,SL,-1.0,-4.3757142857139115,2
2026-05-22 12:05:00,4519.785,SHORT,4523.296428571428,4514.517857142857,3.5114285714284312,328915,2026-05-22 12:10:00,4523.296428571428,SL,-1.0,-3.5114285714280413,1
2026-05-25 01:15:00,4566.165,LONG,4560.428142857143,4574.770285714286,5.736857142857259,329061,2026-05-25 01:25:00,4574.770285714286,TP,1.5,8.605285714285856,2
2026-05-25 01:45:00,4563.565,LONG,4557.088857142857,4573.279214285714,6.476142857142999,329067,2026-05-25 03:45:00,4557.088857142857,SL,-1.0,-6.476142857142804,24
2026-05-25 03:45:00,4558.265,LONG,4554.794428571429,4563.470857142857,3.47057142857128,329091,2026-05-25 04:20:00,4563.470857142857,TP,1.5,5.205857142856985,7
2026-05-25 04:40:00,4562.175,LONG,4559.307000000001,4566.477,2.867999999999938,329102,2026-05-25 05:20:00,4559.307000000001,SL,-1.0,-2.8679999999994834,8
2026-05-25 05:55:00,4553.145,SHORT,4556.595571428572,4547.969142857143,3.450571428571428,329117,2026-05-25 06:20:00,4556.595571428572,SL,-1.0,-3.450571428571493,5
2026-05-25 07:25:00,4554.115,SHORT,4557.819071428571,4548.558892857142,3.7040714285715564,329135,2026-05-25 07:30:00,4557.819071428571,SL,-1.0,-3.7040714285712966,1
2026-05-25 09:40:00,4565.605,LONG,4562.984785714285,4569.535321428571,2.6202142857142854,329162,2026-05-25 10:00:00,4569.535321428571,TP,1.5,3.9303214285710055,4
2026-05-25 11:30:00,4573.085,LONG,4570.661428571429,4576.720357142857,2.4235714285713845,329184,2026-05-25 11:45:00,4576.720357142857,TP,1.5,3.635357142857174,3
2026-05-25 12:50:00,4566.535,LONG,4562.294214285715,4572.896178571428,4.240785714285656,329200,2026-05-25 13:00:00,4562.294214285715,SL,-1.0,-4.240785714285266,2
2026-05-25 13:25:00,4561.678,SHORT,4565.9097142857145,4555.3304285714285,4.231714285714328,329207,2026-05-25 14:00:00,4565.9097142857145,SL,-1.0,-4.231714285714588,7
2026-05-25 15:10:00,4569.828,LONG,4566.9705,4574.1142500000005,2.8574999999999426,329228,2026-05-25 15:25:00,4574.1142500000005,TP,1.5,4.286250000000109,3
2026-05-25 16:30:00,4569.905,LONG,4567.662357142857,4573.268964285714,2.2426428571428523,329244,2026-05-25 16:50:00,4573.268964285714,TP,1.5,3.363964285714246,4
2026-05-25 18:25:00,4569.675,LONG,4567.217571428571,4573.361142857143,2.4574285714284088,329267,2026-05-25 22:10:00,4573.361142857143,TP,1.5,3.6861428571428405,3
2026-05-25 23:35:00,4561.365,LONG,4557.292071428571,4567.474392857142,4.072928571428553,329287,2026-05-25 23:40:00,4557.292071428571,SL,-1.0,-4.072928571428747,1
2026-05-25 23:40:00,4556.305,SHORT,4560.738642857143,4549.654535714286,4.433642857142786,329288,2026-05-25 23:45:00,4560.738642857143,SL,-1.0,-4.433642857142331,1
2026-05-26 04:20:00,4535.275,SHORT,4538.089285714285,4531.053571428571,2.814285714285753,329344,2026-05-26 04:30:00,4531.053571428571,TP,1.5,4.221428571428987,2
2026-05-26 05:35:00,4532.465,SHORT,4536.059285714286,4527.073571428571,3.5942857142857583,329359,2026-05-26 05:45:00,4527.073571428571,TP,1.5,5.39142857142906,2
2026-05-26 06:15:00,4530.705,SHORT,4534.057142857143,4525.676785714286,3.352142857142813,329367,2026-05-26 06:20:00,4534.057142857143,SL,-1.0,-3.352142857143008,1
2026-05-26 06:25:00,4530.135,SHORT,4534.037142857143,4524.281785714286,3.9021428571428,329369,2026-05-26 07:15:00,4524.281785714286,TP,1.5,5.853214285713875,10
2026-05-26 08:20:00,4526.965,SHORT,4532.021928571428,4519.379607142857,5.056928571428606,329392,2026-05-26 09:10:00,4519.379607142857,TP,1.5,7.585392857143233,10
2026-05-26 09:30:00,4517.885,SHORT,4522.648571428572,4510.739642857143,4.763571428571465,329406,2026-05-26 09:55:00,4522.648571428572,SL,-1.0,-4.763571428571595,5
2026-05-26 10:15:00,4527.905,SHORT,4533.222928571428,4519.928107142857,5.317928571428508,329415,2026-05-26 10:25:00,4533.222928571428,SL,-1.0,-5.317928571428638,2
2026-05-26 14:05:00,4515.305,SHORT,4521.7495714285715,4505.638142857143,6.44457142857157,329461,2026-05-26 14:35:00,4521.7495714285715,SL,-1.0,-6.44457142857118,6
2026-05-26 17:25:00,4501.225,SHORT,4504.330714285715,4496.566428571429,3.1057142857141895,329501,2026-05-26 17:50:00,4496.566428571429,TP,1.5,4.658571428571122,5
2026-05-26 19:10:00,4499.345,SHORT,4502.5192857142865,4494.583571428571,3.1742857142858156,329522,2026-05-26 19:15:00,4502.5192857142865,SL,-1.0,-3.1742857142862704,1
2026-05-26 22:35:00,4501.505,LONG,4494.008428571428,4512.749857142858,7.496571428571575,329551,2026-05-26 23:00:00,4512.749857142858,TP,1.5,11.244857142857654,5
2026-05-26 23:25:00,4512.105,LONG,4507.656928571429,4518.777107142857,4.448071428571309,329561,2026-05-26 23:40:00,4518.777107142857,TP,1.5,6.672107142857385,3
2026-05-27 01:05:00,4516.425,LONG,4512.336428571429,4522.557857142857,4.088571428571348,329581,2026-05-27 01:35:00,4512.336428571429,SL,-1.0,-4.088571428571413,6
2026-05-27 01:45:00,4509.815,LONG,4505.591428571428,4516.150357142857,4.223571428571437,329589,2026-05-27 02:00:00,4505.591428571428,SL,-1.0,-4.223571428571631,3
2026-05-27 05:40:00,4493.285,SHORT,4498.776642857143,4485.047535714286,5.4916428571428435,329636,2026-05-27 05:50:00,4498.776642857143,SL,-1.0,-5.491642857143233,2
2026-05-27 07:30:00,4485.475,SHORT,4490.054571428572,4478.605642857143,4.579571428571398,329658,2026-05-27 07:45:00,4478.605642857143,TP,1.5,6.869357142857552,3
2026-05-27 08:25:00,4488.965,SHORT,4493.328357142857,4482.419964285715,4.36335714285711,329669,2026-05-27 08:40:00,4493.328357142857,SL,-1.0,-4.3633571428572395,3
2026-05-27 09:40:00,4488.445,SHORT,4492.300785714286,4482.661321428572,3.855785714285633,329684,2026-05-27 09:50:00,4492.300785714286,SL,-1.0,-3.8557857142859575,2
2026-05-27 10:10:00,4485.395,SHORT,4488.782428571429,4480.313857142858,3.387428571428505,329690,2026-05-27 10:15:00,4480.313857142858,TP,1.5,5.081142857142368,1
2026-05-27 12:25:00,4454.465,SHORT,4464.277142857143,4439.746785714286,9.812142857142785,329717,2026-05-27 12:55:00,4439.746785714286,TP,1.5,14.718214285714566,6
2026-05-27 14:55:00,4433.815,SHORT,4442.437142857142,4420.881785714285,8.622142857142924,329747,2026-05-27 16:15:00,4442.437142857142,SL,-1.0,-8.622142857142535,16
2026-05-27 18:25:00,4455.375,LONG,4452.274285714286,4460.026071428571,3.1007142857144703,329789,2026-05-27 18:30:00,4452.274285714286,SL,-1.0,-3.1007142857142753,1
2026-05-27 19:20:00,4452.995,LONG,4450.394,4456.8965,2.600999999999918,329800,2026-05-27 19:25:00,4450.394,SL,-1.0,-2.600999999999658,1
2026-05-27 19:55:00,4450.675,LONG,4448.184285714286,4454.411071428572,2.490714285714408,329807,2026-05-27 20:10:00,4454.411071428572,TP,1.5,3.7360714285714494,3
2026-05-27 20:45:00,4454.095,LONG,4451.7615000000005,4457.59525,2.3335000000001207,329817,2026-05-27 20:55:00,4451.7615000000005,SL,-1.0,-2.333499999999731,2
2026-05-27 23:10:00,4453.235,LONG,4449.552142857143,4458.759285714285,3.6828571428571713,329834,2026-05-27 23:20:00,4449.552142857143,SL,-1.0,-3.6828571428568466,2
2026-05-28 05:40:00,4389.225,SHORT,4394.6675000000005,4381.061250000001,5.442500000000109,329912,2026-05-28 05:50:00,4394.6675000000005,SL,-1.0,-5.442500000000109,2
2026-05-28 05:55:00,4387.745,SHORT,4393.406285714285,4379.253071428571,5.661285714285766,329915,2026-05-28 06:05:00,4379.253071428571,TP,1.5,8.491928571428616,2
2026-05-28 06:25:00,4380.045,SHORT,4386.0845,4370.98575,6.039500000000122,329921,2026-05-28 07:00:00,4386.0845,SL,-1.0,-6.039499999999862,7
2026-05-28 08:00:00,4387.155,SHORT,4392.335285714285,4379.384571428571,5.180285714285674,329940,2026-05-28 08:05:00,4392.335285714285,SL,-1.0,-5.180285714285674,1
2026-05-28 08:30:00,4391.905,LONG,4386.973214285714,4399.302678571428,4.931785714285589,329946,2026-05-28 08:55:00,4386.973214285714,SL,-1.0,-4.931785714285979,5
2026-05-28 09:00:00,4389.175,LONG,4384.5535,4396.10725,4.621499999999936,329952,2026-05-28 09:20:00,4396.10725,TP,1.5,6.93224999999984,4
2026-05-28 09:45:00,4392.575,LONG,4388.318285714286,4398.960071428572,4.256714285714289,329961,2026-05-28 10:05:00,4398.960071428572,TP,1.5,6.385071428571791,4
2026-05-28 10:05:00,4401.285,LONG,4396.746142857142,4408.093285714285,4.538857142857198,329965,2026-05-28 10:20:00,4396.746142857142,SL,-1.0,-4.538857142857523,3
2026-05-28 10:25:00,4400.945,LONG,4396.017142857142,4408.336785714286,4.927857142857257,329969,2026-05-28 10:40:00,4396.017142857142,SL,-1.0,-4.927857142857647,3
2026-05-28 11:40:00,4385.605,SHORT,4391.337857142857,4377.005714285714,5.732857142857289,329984,2026-05-28 12:05:00,4391.337857142857,SL,-1.0,-5.7328571428570285,5
2026-05-28 18:50:00,4502.678,LONG,4498.63,4508.75,4.048000000000035,330070,2026-05-28 19:05:00,4498.63,SL,-1.0,-4.0479999999997744,3
2026-05-28 20:30:00,4499.938,LONG,4497.4555,4503.66175,2.482499999999813,330090,2026-05-28 20:35:00,4497.4555,SL,-1.0,-2.4825000000000728,1
2026-05-28 20:50:00,4495.475,LONG,4493.056285714286,4499.103071428572,2.4187142857140964,330094,2026-05-28 22:00:00,4499.103071428572,TP,1.5,3.6280714285712747,2
2026-05-29 00:40:00,4498.085,LONG,4493.9405,4504.3017500000005,4.1445000000000745,330128,2026-05-29 00:45:00,4493.9405,SL,-1.0,-4.144500000000335,1
2026-05-29 02:30:00,4503.875,LONG,4499.115714285715,4511.013928571429,4.759285714285722,330150,2026-05-29 03:00:00,4499.115714285715,SL,-1.0,-4.759285714285397,6
2026-05-29 04:05:00,4503.065,LONG,4499.9052142857145,4507.804678571428,3.1597857142855252,330169,2026-05-29 04:20:00,4507.804678571428,TP,1.5,4.739678571428158,3
2026-05-29 05:50:00,4514.745,LONG,4510.495642857143,4521.119035714286,4.249357142857077,330190,2026-05-29 05:55:00,4510.495642857143,SL,-1.0,-4.249357142856752,1
2026-05-29 06:00:00,4518.955,LONG,4514.129214285715,4526.193678571429,4.825785714285693,330192,2026-05-29 06:05:00,4514.129214285715,SL,-1.0,-4.825785714285303,1
2026-05-29 10:20:00,4527.425,LONG,4522.579928571428,4534.692607142858,4.8450714285715675,330244,2026-05-29 10:30:00,4534.692607142858,TP,1.5,7.267607142857742,2
2026-05-29 11:50:00,4533.745,LONG,4529.703714285714,4539.806928571428,4.04128571428568,330262,2026-05-29 12:00:00,4529.703714285714,SL,-1.0,-4.04128571428555,2
2026-05-29 12:05:00,4530.055,LONG,4525.396857142858,4537.042214285714,4.658142857142853,330265,2026-05-29 12:20:00,4525.396857142858,SL,-1.0,-4.658142857142593,3
2026-05-29 13:10:00,4522.505,SHORT,4528.461928571429,4513.569607142857,5.956928571428567,330278,2026-05-29 13:20:00,4528.461928571429,SL,-1.0,-5.956928571428762,2
2026-05-29 13:30:00,4524.858,SHORT,4530.605428571429,4516.236857142857,5.7474285714286975,330282,2026-05-29 13:35:00,4530.605428571429,SL,-1.0,-5.747428571428827,1
2026-05-29 13:45:00,4535.705,LONG,4529.493285714286,4545.022571428572,6.211714285714281,330285,2026-05-29 14:00:00,4545.022571428572,TP,1.5,9.317571428571682,3
2026-05-29 14:30:00,4536.018,LONG,4528.111571428572,4547.877642857143,7.906428571428543,330294,2026-05-29 14:50:00,4547.877642857143,TP,1.5,11.859642857142717,4
2026-05-29 14:50:00,4556.725,LONG,4547.1305,4571.11675,9.594500000000087,330298,2026-05-29 15:00:00,4571.11675,TP,1.5,14.391749999999774,2
2026-05-29 15:50:00,4568.688,LONG,4557.347285714286,4585.699071428571,11.340714285714316,330310,2026-05-29 17:30:00,4557.347285714286,SL,-1.0,-11.340714285714057,20
2026-05-29 18:10:00,4557.695,LONG,4553.34,4564.2275,4.354999999999953,330338,2026-05-29 18:45:00,4553.34,SL,-1.0,-4.354999999999563,7
2026-05-31 23:30:00,4539.075,SHORT,4543.020214285714,4533.157178571429,3.945214285714233,330390,2026-05-31 23:50:00,4543.020214285714,SL,-1.0,-3.945214285714428,4
2026-05-31 23:55:00,4539.335,SHORT,4543.183071428572,4533.562892857143,3.8480714285713993,330395,2026-06-01 00:00:00,4543.183071428572,SL,-1.0,-3.8480714285715294,1
2026-06-01 00:15:00,4538.115,SHORT,4542.5326428571425,4531.488535714286,4.417642857142839,330399,2026-06-01 00:25:00,4542.5326428571425,SL,-1.0,-4.4176428571427095,2
2026-06-01 00:30:00,4537.548,SHORT,4542.5449285714285,4530.052607142857,4.996928571428531,330402,2026-06-01 00:50:00,4542.5449285714285,SL,-1.0,-4.996928571428725,4
2026-06-01 02:15:00,4531.698,SHORT,4537.201142857143,4523.443285714286,5.503142857142913,330423,2026-06-01 02:30:00,4523.443285714286,TP,1.5,8.254714285714726,3
2026-06-01 02:40:00,4522.925,SHORT,4527.843214285715,4515.547678571429,4.918214285714255,330428,2026-06-01 03:10:00,4515.547678571429,TP,1.5,7.377321428571122,6
2026-06-01 05:25:00,4520.255,SHORT,4523.523857142857,4515.3517142857145,3.2688571428570867,330461,2026-06-01 05:30:00,4515.3517142857145,TP,1.5,4.90328571428563,1
2026-06-01 06:10:00,4513.835,SHORT,4519.007428571429,4506.076357142857,5.1724285714288145,330470,2026-06-01 06:20:00,4506.076357142857,TP,1.5,7.758642857143059,2
2026-06-01 08:05:00,4493.705,SHORT,4499.000071428572,4485.762392857143,5.295071428571451,330493,2026-06-01 08:40:00,4499.000071428572,SL,-1.0,-5.295071428571646,7
2026-06-01 09:45:00,4495.225,SHORT,4500.443571428572,4487.397142857143,5.218571428571457,330513,2026-06-01 10:05:00,4500.443571428572,SL,-1.0,-5.218571428571522,4
2026-06-01 10:35:00,4502.995,SHORT,4507.428571428572,4496.344642857143,4.433571428571343,330523,2026-06-01 10:45:00,4507.428571428572,SL,-1.0,-4.433571428571668,2
2026-06-01 12:00:00,4505.795,LONG,4501.435214285714,4512.334678571429,4.359785714285863,330540,2026-06-01 12:15:00,4501.435214285714,SL,-1.0,-4.359785714285863,3
2026-06-01 12:40:00,4507.185,LONG,4502.2630714285715,4514.567892857143,4.921928571428452,330548,2026-06-01 12:55:00,4502.2630714285715,SL,-1.0,-4.921928571428907,3
2026-06-01 16:00:00,4473.145,SHORT,4478.728142857143,4464.770285714286,5.58314285714284,330588,2026-06-01 16:15:00,4464.770285714286,TP,1.5,8.374714285714617,3
2026-06-01 17:00:00,4476.105,SHORT,4480.688857142857,4469.229214285714,4.583857142857141,330600,2026-06-01 17:25:00,4480.688857142857,SL,-1.0,-4.583857142857596,5
2026-06-01 17:35:00,4482.605,LONG,4477.861857142857,4489.719714285714,4.743142857142824,330607,2026-06-01 17:40:00,4489.719714285714,TP,1.5,7.114714285714399,1
2026-06-01 19:55:00,4480.955,LONG,4478.695214285714,4484.344678571429,2.259785714285694,330635,2026-06-01 20:30:00,4484.344678571429,TP,1.5,3.3896785714287034,7
2026-06-01 20:55:00,4484.515,LONG,4482.3045,4487.83075,2.2104999999997483,330647,2026-06-01 22:00:00,4482.3045,SL,-1.0,-2.2105000000001382,1
2026-06-01 22:10:00,4484.198,LONG,4481.916071428572,4487.620892857143,2.281928571428515,330650,2026-06-01 22:20:00,4481.916071428572,SL,-1.0,-2.2819285714285797,2
2026-06-01 22:45:00,4483.925,LONG,4480.993785714286,4488.321821428572,2.9312142857144345,330657,2026-06-01 23:35:00,4480.993785714286,SL,-1.0,-2.9312142857143044,10
2026-06-01 23:50:00,4484.505,LONG,4481.412642857143,4489.1435357142855,3.092357142857119,330670,2026-06-02 00:00:00,4481.412642857143,SL,-1.0,-3.0923571428575087,2
2026-06-02 02:30:00,4480.835,SHORT,4487.399642857143,4470.988035714286,6.564642857142774,330702,2026-06-02 03:00:00,4487.399642857143,SL,-1.0,-6.564642857142644,6
2026-06-02 03:05:00,4486.445,SHORT,4491.682428571428,4478.588857142857,5.237428571428414,330709,2026-06-02 03:25:00,4491.682428571428,SL,-1.0,-5.237428571428609,4
2026-06-02 08:05:00,4535.265,LONG,4531.486857142857,4540.9322142857145,3.7781428571430036,330769,2026-06-02 08:15:00,4531.486857142857,SL,-1.0,-3.7781428571433935,2
2026-06-02 08:20:00,4534.015,LONG,4530.245214285715,4539.669678571429,3.7697857142858475,330772,2026-06-02 08:25:00,4530.245214285715,SL,-1.0,-3.7697857142857174,1
2026-06-02 08:45:00,4529.315,LONG,4525.549285714285,4534.963571428571,3.7657142857143038,330777,2026-06-02 09:00:00,4525.549285714285,SL,-1.0,-3.765714285714239,3
2026-06-02 09:00:00,4527.145,LONG,4523.6050000000005,4532.455000000001,3.5400000000000285,330780,2026-06-02 09:10:00,4532.455000000001,TP,1.5,5.3100000000004,2
2026-06-02 09:40:00,4525.485,LONG,4521.822071428571,4530.979392857143,3.662928571428568,330788,2026-06-02 09:50:00,4530.979392857143,TP,1.5,5.494392857142884,2
2026-06-02 11:25:00,4529.975,LONG,4526.998571428571,4534.439642857144,2.9764285714287064,330809,2026-06-02 11:35:00,4526.998571428571,SL,-1.0,-2.9764285714290963,2
2026-06-02 12:45:00,4520.135,SHORT,4524.7425,4513.22375,4.607499999999878,330825,2026-06-02 13:00:00,4513.22375,TP,1.5,6.911250000000109,3
2026-06-02 13:15:00,4512.675,SHORT,4518.980714285714,4503.216428571429,6.305714285714203,330831,2026-06-02 13:55:00,4503.216428571429,TP,1.5,9.458571428571304,8
2026-06-02 15:00:00,4502.605,SHORT,4508.464357142857,4493.815964285714,5.859357142857334,330852,2026-06-02 16:20:00,4493.815964285714,TP,1.5,8.789035714286001,16
2026-06-02 18:55:00,4487.165,SHORT,4490.743571428571,4481.797142857143,3.5785714285712595,330899,2026-06-02 20:15:00,4490.743571428571,SL,-1.0,-3.5785714285711947,16
2026-06-02 20:20:00,4489.238,SHORT,4491.527285714286,4485.804071428572,2.289285714285662,330916,2026-06-02 22:00:00,4491.527285714286,SL,-1.0,-2.289285714286052,8
2026-06-02 22:15:00,4488.845,SHORT,4491.1255,4485.42425,2.280499999999912,330927,2026-06-02 22:20:00,4491.1255,SL,-1.0,-2.280499999999847,1
2026-06-02 22:20:00,4488.495,SHORT,4490.863357142857,4484.942464285715,2.3683571428569588,330928,2026-06-02 22:30:00,4490.863357142857,SL,-1.0,-2.3683571428573487,2
2026-06-03 01:10:00,4470.965,SHORT,4476.9665,4461.962750000001,6.0014999999999805,330962,2026-06-03 01:50:00,4476.9665,SL,-1.0,-6.001500000000306,8
2026-06-03 02:00:00,4473.605,SHORT,4479.748428571428,4464.389857142856,6.143428571428558,330972,2026-06-03 02:10:00,4479.748428571428,SL,-1.0,-6.143428571428558,2
2026-06-03 02:15:00,4475.945,SHORT,4481.583142857143,4467.487785714286,5.638142857142936,330975,2026-06-03 02:35:00,4481.583142857143,SL,-1.0,-5.638142857143066,4
2026-06-03 02:40:00,4478.805,SHORT,4483.937857142857,4471.105714285714,5.132857142857055,330980,2026-06-03 03:00:00,4483.937857142857,SL,-1.0,-5.132857142856665,4
2026-06-03 06:20:00,4459.955,SHORT,4466.2152857142855,4450.564571428571,6.260285714285601,331024,2026-06-03 07:00:00,4466.2152857142855,SL,-1.0,-6.260285714285601,8
2026-06-03 07:55:00,4453.165,SHORT,4458.735214285714,4444.809678571429,5.570214285714363,331043,2026-06-03 08:00:00,4458.735214285714,SL,-1.0,-5.570214285714428,1
2026-06-03 08:45:00,4454.045,SHORT,4459.124285714286,4446.426071428571,5.0792857142857555,331053,2026-06-03 08:50:00,4446.426071428571,TP,1.5,7.618928571429024,1
2026-06-03 10:55:00,4458.755,SHORT,4464.530000000001,4450.0925,5.775000000000221,331079,2026-06-03 11:05:00,4464.530000000001,SL,-1.0,-5.775000000000546,2
2026-06-03 12:00:00,4463.458,LONG,4459.498214285714,4469.3976785714285,3.959785714285707,331092,2026-06-03 12:05:00,4459.498214285714,SL,-1.0,-3.9597857142853172,1
2026-06-03 12:30:00,4451.325,SHORT,4455.7305,4444.71675,4.405500000000042,331098,2026-06-03 12:40:00,4455.7305,SL,-1.0,-4.405499999999847,2
2026-06-03 13:00:00,4463.015,LONG,4457.197357142857,4471.741464285715,5.817642857142995,331104,2026-06-03 13:15:00,4457.197357142857,SL,-1.0,-5.817642857143255,3
2026-06-03 14:15:00,4448.578,SHORT,4457.9580000000005,4434.508000000001,9.37999999999985,331119,2026-06-03 14:50:00,4457.9580000000005,SL,-1.0,-9.38000000000011,7
2026-06-03 15:15:00,4445.415,SHORT,4451.857642857143,4435.7510357142855,6.442642857142865,331131,2026-06-03 16:20:00,4435.7510357142855,TP,1.5,9.663964285714428,13
2026-06-03 17:10:00,4441.625,SHORT,4446.046214285714,4434.993178571429,4.421214285714346,331154,2026-06-03 18:20:00,4434.993178571429,TP,1.5,6.631821428571129,14
2026-06-03 18:30:00,4438.625,SHORT,4441.883357142857,4433.737464285714,3.2583571428571565,331170,2026-06-03 18:55:00,4441.883357142857,SL,-1.0,-3.2583571428567666,5
2026-06-04 00:25:00,4450.535,LONG,4444.710642857142,4459.271535714285,5.824357142857155,331229,2026-06-04 00:40:00,4444.710642857142,SL,-1.0,-5.82435714285748,3
2026-06-04 00:40:00,4448.125,LONG,4441.880142857143,4457.492285714286,6.24485714285707,331232,2026-06-04 01:05:00,4457.492285714286,TP,1.5,9.367285714285572,5
2026-06-04 01:15:00,4464.355,LONG,4458.1927857142855,4473.598321428571,6.162214285714332,331239,2026-06-04 01:50:00,4458.1927857142855,SL,-1.0,-6.162214285714072,7
2026-06-04 02:10:00,4462.745,LONG,4455.700714285714,4473.311428571428,7.044285714285836,331250,2026-06-04 02:50:00,4473.311428571428,TP,1.5,10.566428571428332,8
2026-06-04 03:50:00,4463.075,LONG,4458.527857142857,4469.895714285714,4.5471428571428465,331270,2026-06-04 04:10:00,4469.895714285714,TP,1.5,6.82071428571453,4
2026-06-04 05:40:00,4474.385,LONG,4470.353,4480.433,4.032000000000088,331292,2026-06-04 05:45:00,4470.353,SL,-1.0,-4.032000000000153,1
2026-06-04 07:30:00,4463.565,SHORT,4468.569285714285,4456.058571428571,5.004285714285613,331314,2026-06-04 08:30:00,4468.569285714285,SL,-1.0,-5.004285714285288,12
2026-06-04 08:35:00,4460.535,SHORT,4465.253571428571,4453.457142857143,4.7185714285713924,331327,2026-06-04 08:55:00,4465.253571428571,SL,-1.0,-4.718571428571522,4
2026-06-04 08:55:00,4463.205,SHORT,4467.902857142857,4456.158214285714,4.697857142857174,331331,2026-06-04 09:00:00,4467.902857142857,SL,-1.0,-4.697857142857174,1
2026-06-04 10:55:00,4473.495,LONG,4469.690214285714,4479.202178571429,3.8047857142856367,331355,2026-06-04 11:00:00,4469.690214285714,SL,-1.0,-3.804785714285572,1
2026-06-04 16:00:00,4476.215,SHORT,4480.760928571429,4469.3961071428575,4.545928571428509,331416,2026-06-04 16:05:00,4480.760928571429,SL,-1.0,-4.545928571428703,1
2026-06-04 16:40:00,4481.365,SHORT,4485.875285714285,4474.599571428571,4.510285714285666,331424,2026-06-04 17:15:00,4474.599571428571,TP,1.5,6.765428571428856,7
2026-06-04 17:50:00,4478.275,SHORT,4481.097857142857,4474.040714285714,2.822857142857044,331438,2026-06-04 18:30:00,4474.040714285714,TP,1.5,4.234285714285761,8
2026-06-04 19:30:00,4478.655,SHORT,4481.442642857142,4474.473535714285,2.78764285714286,331458,2026-06-04 19:55:00,4481.442642857142,SL,-1.0,-2.7876428571426004,5
2026-06-04 20:15:00,4477.498,SHORT,4479.730142857143,4474.149785714285,2.232142857142922,331467,2026-06-04 22:00:00,4474.149785714285,TP,1.5,3.3482142857146755,9
2026-06-04 22:55:00,4469.278,SHORT,4472.286357142857,4464.765464285714,3.0083571428572213,331487,2026-06-04 23:00:00,4464.765464285714,TP,1.5,4.512535714286059,1
2026-06-05 00:40:00,4462.925,SHORT,4467.657428571429,4455.826357142857,4.7324285714285645,331508,2026-06-05 01:00:00,4455.826357142857,TP,1.5,7.098642857143204,4
2026-06-05 01:05:00,4464.205,SHORT,4470.403857142857,4454.906714285714,6.198857142857313,331513,2026-06-05 01:20:00,4454.906714285714,TP,1.5,9.298285714286067,3
2026-06-05 01:30:00,4453.725,SHORT,4460.622642857144,4443.378535714286,6.897642857142988,331518,2026-06-05 02:00:00,4443.378535714286,TP,1.5,10.346464285714319,6
2026-06-05 04:05:00,4440.455,SHORT,4444.146285714286,4434.918071428571,3.691285714285706,331549,2026-06-05 04:55:00,4444.146285714286,SL,-1.0,-3.6912857142860958,10
2026-06-05 05:05:00,4447.135,SHORT,4450.825000000001,4441.6,3.6900000000000546,331561,2026-06-05 05:30:00,4441.6,TP,1.5,5.5349999999998545,5
2026-06-05 06:10:00,4436.165,SHORT,4441.079285714286,4428.793571428571,4.914285714285858,331574,2026-06-05 06:15:00,4428.793571428571,TP,1.5,7.371428571428623,1
2026-06-05 09:10:00,4465.785,LONG,4462.332285714286,4470.9640714285715,3.452714285714267,331610,2026-06-05 09:25:00,4462.332285714286,SL,-1.0,-3.452714285714137,3
2026-06-05 10:10:00,4465.035,LONG,4461.152357142857,4470.858964285714,3.88264285714292,331622,2026-06-05 11:10:00,4461.152357142857,SL,-1.0,-3.882642857142855,12
2026-06-05 12:45:00,4439.975,SHORT,4447.275500000001,4429.02425,7.300500000000089,331653,2026-06-05 12:50:00,4429.02425,TP,1.5,10.950749999999971,1
2026-06-05 17:15:00,4338.365,SHORT,4345.063071428572,4328.317892857142,6.698071428571503,331707,2026-06-05 17:35:00,4345.063071428572,SL,-1.0,-6.698071428571893,4
2026-06-05 19:50:00,4318.145,SHORT,4323.906928571429,4309.502107142857,5.761928571428533,331738,2026-06-05 20:25:00,4323.906928571429,SL,-1.0,-5.761928571428143,7
2026-06-05 20:55:00,4326.705,SHORT,4331.352142857143,4319.734285714286,4.647142857142886,331751,2026-06-07 22:00:00,4331.352142857143,SL,-1.0,-4.647142857143081,1
2026-06-07 22:55:00,4316.698,SHORT,4325.339,4303.7365,8.640999999999947,331763,2026-06-07 23:00:00,4325.339,SL,-1.0,-8.640999999999622,1
2026-06-08 01:20:00,4321.585,LONG,4313.980928571428,4332.991107142857,7.604071428571452,331792,2026-06-08 01:25:00,4313.980928571428,SL,-1.0,-7.604071428571842,1
2026-06-08 02:50:00,4311.745,SHORT,4318.8355,4301.1092499999995,7.090499999999987,331810,2026-06-08 04:00:00,4318.8355,SL,-1.0,-7.090500000000247,14
2026-06-08 04:00:00,4314.615,SHORT,4319.212857142857,4307.718214285714,4.597857142857135,331824,2026-06-08 04:10:00,4319.212857142857,SL,-1.0,-4.59785714285681,2
2026-06-08 04:15:00,4318.425,SHORT,4322.803571428572,4311.857142857143,4.378571428571441,331827,2026-06-08 04:30:00,4311.857142857143,TP,1.5,6.567857142857065,3
2026-06-08 04:30:00,4313.275,SHORT,4317.795714285714,4306.493928571428,4.520714285714283,331830,2026-06-08 05:10:00,4306.493928571428,TP,1.5,6.781071428571522,8
2026-06-08 05:45:00,4286.398,SHORT,4294.821571428572,4273.762642857143,8.42357142857132,331845,2026-06-08 05:50:00,4294.821571428572,SL,-1.0,-8.42357142857145,1
2026-06-08 07:55:00,4294.345,SHORT,4301.372857142857,4283.803214285715,7.027857142857296,331871,2026-06-08 09:25:00,4283.803214285715,TP,1.5,10.541785714285652,18
2026-06-08 09:50:00,4293.425,SHORT,4300.9183571428575,4282.184964285714,7.493357142857154,331894,2026-06-08 10:30:00,4300.9183571428575,SL,-1.0,-7.493357142857349,8
2026-06-08 13:15:00,4325.245,LONG,4318.702785714286,4335.058321428572,6.542214285714375,331935,2026-06-08 13:20:00,4335.058321428572,TP,1.5,9.813321428571726,1
2026-06-08 14:15:00,4321.565,LONG,4313.744214285714,4333.296178571428,7.820785714285648,331947,2026-06-08 15:00:00,4333.296178571428,TP,1.5,11.731178571428245,9
2026-06-08 15:15:00,4331.485,LONG,4324.347357142857,4342.191464285714,7.13764285714277,331959,2026-06-08 15:50:00,4342.191464285714,TP,1.5,10.706464285713992,7
2026-06-08 17:10:00,4338.655,LONG,4334.312857142857,4345.1682142857135,4.342142857142595,331982,2026-06-08 17:25:00,4334.312857142857,SL,-1.0,-4.34214285714279,3
2026-06-08 17:55:00,4338.895,LONG,4334.551857142857,4345.4097142857145,4.343142857142733,331991,2026-06-08 18:25:00,4345.4097142857145,TP,1.5,6.514714285714035,6
2026-06-08 22:25:00,4324.845,SHORT,4327.789857142858,4320.4277142857145,2.9448571428571477,332033,2026-06-08 22:50:00,4327.789857142858,SL,-1.0,-2.9448571428574724,5
2026-06-09 00:40:00,4318.325,SHORT,4322.6705,4311.80675,4.3455000000000314,332060,2026-06-09 01:00:00,4322.6705,SL,-1.0,-4.3455000000003565,4
2026-06-09 02:10:00,4332.795,LONG,4326.830214285715,4341.742178571429,5.964785714285816,332078,2026-06-09 03:15:00,4341.742178571429,TP,1.5,8.947178571428594,13
2026-06-09 03:50:00,4339.245,LONG,4334.6152142857145,4346.189678571429,4.629785714285715,332098,2026-06-09 03:55:00,4334.6152142857145,SL,-1.0,-4.62978571428539,1
2026-06-09 05:35:00,4343.325,LONG,4338.551428571428,4350.4853571428575,4.773571428571619,332119,2026-06-09 05:40:00,4350.4853571428575,TP,1.5,7.16035714285772,1
2026-06-09 08:20:00,4331.695,SHORT,4336.565714285714,4324.388928571429,4.870714285714257,332152,2026-06-09 08:40:00,4336.565714285714,SL,-1.0,-4.870714285714712,4
2026-06-09 09:10:00,4328.185,SHORT,4332.936428571429,4321.057857142858,4.751428571428538,332162,2026-06-09 09:20:00,4332.936428571429,SL,-1.0,-4.7514285714287325,2
2026-06-09 09:25:00,4326.695,SHORT,4331.455714285714,4319.5539285714285,4.760714285714195,332165,2026-06-09 09:50:00,4331.455714285714,SL,-1.0,-4.76071428571413,5
2026-06-09 13:05:00,4341.255,LONG,4336.4547142857145,4348.4554285714285,4.800285714285694,332209,2026-06-09 13:15:00,4336.4547142857145,SL,-1.0,-4.800285714285565,2
2026-06-09 17:35:00,4262.438,SHORT,4272.141857142858,4247.882214285714,9.703857142857162,332263,2026-06-09 18:20:00,4272.141857142858,SL,-1.0,-9.703857142857487,9
2026-06-09 20:20:00,4258.005,SHORT,4262.076,4251.8985,4.070999999999718,332296,2026-06-09 22:00:00,4251.8985,TP,1.5,6.106499999999869,8
2026-06-10 01:20:00,4200.558,SHORT,4212.069714285714,4183.2904285714285,11.5117142857144,332344,2026-06-10 02:05:00,4183.2904285714285,TP,1.5,17.2675714285715,9
2026-06-10 07:05:00,4207.005,LONG,4200.807142857143,4216.301785714286,6.197857142857044,332413,2026-06-10 07:10:00,4200.807142857143,SL,-1.0,-6.197857142857174,1
2026-06-10 09:25:00,4166.025,SHORT,4172.831428571428,4155.815357142857,6.806428571428504,332441,2026-06-10 09:30:00,4172.831428571428,SL,-1.0,-6.806428571428114,1
2026-06-10 09:45:00,4168.045,SHORT,4175.528357142857,4156.819964285714,7.483357142857195,332445,2026-06-10 10:05:00,4156.819964285714,TP,1.5,11.225035714285696,4
2026-06-10 11:20:00,4163.135,SHORT,4170.798785714286,4151.639321428572,7.663785714285756,332464,2026-06-10 11:55:00,4151.639321428572,TP,1.5,11.49567857142847,7
2026-06-10 12:00:00,4146.905,SHORT,4155.397142857142,4134.166785714286,8.49214285714288,332472,2026-06-10 12:20:00,4134.166785714286,TP,1.5,12.738214285714093,4
2026-06-10 12:35:00,4160.538,SHORT,4170.865571428571,4145.046642857143,10.327571428571316,332479,2026-06-10 12:55:00,4145.046642857143,TP,1.5,15.491357142856941,4
2026-06-10 13:10:00,4151.075,SHORT,4163.022571428572,4133.153642857143,11.947571428571402,332486,2026-06-10 13:20:00,4133.153642857143,TP,1.5,17.921357142857232,2
2026-06-10 16:25:00,4127.285,SHORT,4138.100071428571,4111.062392857143,10.815071428571368,332525,2026-06-10 17:20:00,4111.062392857143,TP,1.5,16.22260714285676,11
2026-06-10 17:20:00,4111.635,SHORT,4119.234571428572,4100.235642857143,7.599571428571445,332536,2026-06-10 18:00:00,4119.234571428572,SL,-1.0,-7.599571428571835,8
2026-06-10 18:25:00,4112.155,SHORT,4118.657214285714,4102.401678571428,6.502214285714217,332549,2026-06-10 18:50:00,4102.401678571428,TP,1.5,9.753321428571326,5
2026-06-10 22:40:00,4062.615,SHORT,4071.463857142857,4049.341714285714,8.84885714285721,332588,2026-06-10 22:55:00,4049.341714285714,TP,1.5,13.273285714285976,3
2026-06-10 23:05:00,4039.898,SHORT,4050.9620714285716,4023.301892857143,11.064071428571424,332593,2026-06-10 23:25:00,4050.9620714285716,SL,-1.0,-11.064071428571424,4
2026-06-10 23:40:00,4055.975,SHORT,4068.0347857142856,4037.8853214285714,12.059785714285649,332600,2026-06-11 00:10:00,4037.8853214285714,TP,1.5,18.08967857142852,6
2026-06-11 00:20:00,4061.245,SHORT,4073.7000714285714,4042.5623928571426,12.455071428571403,332608,2026-06-11 00:30:00,4073.7000714285714,SL,-1.0,-12.4550714285715,2
2026-06-11 00:30:00,4063.985,SHORT,4076.538857142857,4045.1542142857143,12.553857142857137,332610,2026-06-11 00:55:00,4076.538857142857,SL,-1.0,-12.553857142856941,5
2026-06-11 03:15:00,4065.245,SHORT,4074.6362142857142,4051.1581785714284,9.391214285714211,332643,2026-06-11 03:50:00,4074.6362142857142,SL,-1.0,-9.39121428571434,7
2026-06-11 03:55:00,4072.485,SHORT,4079.8719285714287,4061.4046071428575,7.386928571428565,332651,2026-06-11 04:10:00,4079.8719285714287,SL,-1.0,-7.386928571428598,3
2026-06-11 04:50:00,4083.505,LONG,4077.813357142857,4092.0424642857147,5.691642857142922,332662,2026-06-11 05:00:00,4077.813357142857,SL,-1.0,-5.6916428571430515,2
2026-06-11 05:05:00,4079.025,LONG,4073.432642857143,4087.413535714286,5.592357142857184,332665,2026-06-11 05:25:00,4073.432642857143,SL,-1.0,-5.592357142857054,4
2026-06-11 06:10:00,4084.075,LONG,4076.380714285714,4095.6164285714285,7.6942857142857,332678,2026-06-11 06:50:00,4095.6164285714285,TP,1.5,11.541428571428696,8
2026-06-11 11:30:00,4088.085,SHORT,4093.487857142857,4079.9807142857144,5.402857142857134,332742,2026-06-11 11:55:00,4079.9807142857144,TP,1.5,8.104285714285652,5
2026-06-11 12:15:00,4074.925,SHORT,4081.2928571428574,4065.3732142857143,6.367857142857117,332751,2026-06-11 12:20:00,4065.3732142857143,TP,1.5,9.55178571428587,1
2026-06-11 13:15:00,4072.548,SHORT,4082.592071428571,4057.4818928571426,10.044071428571442,332763,2026-06-11 13:45:00,4082.592071428571,SL,-1.0,-10.044071428571442,6
2026-06-11 13:55:00,4083.005,SHORT,4092.9762142857144,4068.0481785714287,9.971214285714236,332771,2026-06-11 14:05:00,4068.0481785714287,TP,1.5,14.956821428571402,2
2026-06-11 14:40:00,4076.095,SHORT,4087.969071428571,4058.2838928571427,11.874071428571337,332780,2026-06-11 15:20:00,4087.969071428571,SL,-1.0,-11.87407142857137,8
2026-06-11 17:35:00,4150.325,LONG,4139.872285714286,4166.0040714285715,10.452714285714299,332815,2026-06-11 17:40:00,4166.0040714285715,TP,1.5,15.67907142857166,1
2026-06-11 22:25:00,4214.575,LONG,4209.631928571428,4221.989607142857,4.943071428571394,332861,2026-06-11 22:40:00,4221.989607142857,TP,1.5,7.414607142856767,3
2026-06-12 02:50:00,4188.525,SHORT,4195.362857142857,4178.268214285714,6.837857142857241,332914,2026-06-12 03:00:00,4195.362857142857,SL,-1.0,-6.8378571428575015,2
2026-06-12 06:15:00,4180.375,SHORT,4186.470285714286,4171.2320714285715,6.095285714285702,332955,2026-06-12 07:30:00,4171.2320714285715,TP,1.5,9.142928571428456,15
2026-06-12 10:45:00,4215.485,LONG,4209.729285714286,4224.118571428571,5.755714285714411,333009,2026-06-12 10:55:00,4209.729285714286,SL,-1.0,-5.755714285714021,2
2026-06-12 12:05:00,4207.615,LONG,4202.218071428571,4215.710392857142,5.396928571428622,333025,2026-06-12 12:20:00,4202.218071428571,SL,-1.0,-5.3969285714283615,3
2026-06-12 14:15:00,4190.005,SHORT,4199.781214285715,4175.340678571429,9.77621428571443,333051,2026-06-12 14:50:00,4199.781214285715,SL,-1.0,-9.776214285714559,7
2026-06-12 16:05:00,4213.045,LONG,4203.922642857143,4226.7285357142855,9.122357142857188,333073,2026-06-12 16:15:00,4226.7285357142855,TP,1.5,13.683535714285426,2
2026-06-12 17:30:00,4219.705,LONG,4214.218785714285,4227.934321428572,5.486214285714466,333090,2026-06-12 18:10:00,4227.934321428572,TP,1.5,8.229321428571893,8
2026-06-12 20:20:00,4213.898,SHORT,4217.7417857142855,4208.132321428571,3.8437857142856564,333124,2026-06-12 20:55:00,4217.7417857142855,SL,-1.0,-3.843785714285332,7
2026-06-15 01:10:00,4295.935,LONG,4289.274785714286,4305.925321428572,6.660214285714249,333170,2026-06-15 01:15:00,4289.274785714286,SL,-1.0,-6.660214285714574,1
2026-06-15 01:25:00,4303.295,LONG,4295.515714285714,4314.963928571428,7.779285714285704,333173,2026-06-15 01:30:00,4314.963928571428,TP,1.5,11.668928571428296,1
2026-06-15 01:35:00,4315.315,LONG,4306.945714285714,4327.868928571428,8.36928571428585,333175,2026-06-15 02:15:00,4327.868928571428,TP,1.5,12.553928571428514,8
2026-06-15 03:45:00,4326.015,LONG,4321.556142857143,4332.703285714287,4.458857142857336,333201,2026-06-15 04:20:00,4321.556142857143,SL,-1.0,-4.458857142857596,7
2026-06-15 04:25:00,4326.795,LONG,4323.194928571428,4332.1951071428575,3.600071428571547,333209,2026-06-15 05:20:00,4332.1951071428575,TP,1.5,5.4001071428574505,11
2026-06-15 05:20:00,4330.315,LONG,4326.814928571428,4335.5651071428565,3.500071428571508,333220,2026-06-15 05:30:00,4326.814928571428,SL,-1.0,-3.500071428571573,2
2026-06-15 07:45:00,4313.465,SHORT,4317.603571428572,4307.257142857143,4.138571428571465,333249,2026-06-15 07:50:00,4317.603571428572,SL,-1.0,-4.138571428571595,1
2026-06-15 08:05:00,4328.905,LONG,4323.9852142857135,4336.284678571428,4.919785714285873,333253,2026-06-15 08:30:00,4336.284678571428,TP,1.5,7.379678571428485,5
2026-06-15 10:15:00,4338.345,LONG,4334.570000000001,4344.007500000001,3.774999999999961,333279,2026-06-15 11:30:00,4344.007500000001,TP,1.5,5.662500000000364,15
2026-06-15 11:35:00,4346.495,LONG,4342.862142857142,4351.944285714286,3.6328571428571195,333295,2026-06-15 11:40:00,4342.862142857142,SL,-1.0,-3.632857142857574,1
2026-06-15 12:00:00,4337.425,LONG,4333.193357142857,4343.772464285715,4.2316428571428855,333300,2026-06-15 12:10:00,4333.193357142857,SL,-1.0,-4.231642857143015,2
2026-06-15 12:45:00,4345.598,LONG,4339.617571428571,4354.568642857143,5.980428571428677,333309,2026-06-15 13:20:00,4354.568642857143,TP,1.5,8.970642857142593,7
2026-06-15 14:25:00,4363.455,LONG,4355.853785714286,4374.8568214285715,7.601214285714117,333329,2026-06-15 14:35:00,4355.853785714286,SL,-1.0,-7.601214285714377,2
2026-06-15 16:00:00,4356.915,LONG,4352.116571428572,4364.112642857142,4.7984285714285635,333348,2026-06-15 16:05:00,4352.116571428572,SL,-1.0,-4.798428571428303,1
2026-06-15 23:05:00,4314.118,SHORT,4318.0637857142865,4308.199321428572,3.945785714285713,333421,2026-06-15 23:35:00,4318.0637857142865,SL,-1.0,-3.945785714286103,6
2026-06-15 23:35:00,4314.915,SHORT,4317.9538571428575,4310.356714285715,3.0388571428571334,333427,2026-06-15 23:40:00,4317.9538571428575,SL,-1.0,-3.0388571428575233,1
2026-06-15 23:55:00,4315.395,SHORT,4318.785714285715,4310.308928571429,3.390714285714369,333431,2026-06-16 00:15:00,4310.308928571429,TP,1.5,5.086071428571813,4
2026-06-16 00:15:00,4311.325,SHORT,4314.891428571428,4305.975357142857,3.566428571428592,333435,2026-06-16 00:55:00,4314.891428571428,SL,-1.0,-3.5664285714283324,8
2026-06-16 01:40:00,4314.795,SHORT,4319.842857142858,4307.223214285715,5.047857142857083,333452,2026-06-16 02:55:00,4319.842857142858,SL,-1.0,-5.047857142857538,15
2026-06-16 03:20:00,4319.315,LONG,4315.422142857143,4325.154285714285,3.892857142856948,333472,2026-06-16 03:35:00,4325.154285714285,TP,1.5,5.8392857142853245,3
2026-06-16 04:45:00,4323.145,LONG,4320.129500000001,4327.668250000001,3.0154999999999097,333489,2026-06-16 05:05:00,4327.668250000001,TP,1.5,4.523250000000189,4
2026-06-16 06:35:00,4317.305,SHORT,4322.002142857144,4310.259285714286,4.697142857142808,333511,2026-06-16 06:55:00,4322.002142857144,SL,-1.0,-4.6971428571432625,4
2026-06-16 09:30:00,4344.655,LONG,4340.706142857142,4350.578285714286,3.948857142857183,333546,2026-06-16 09:45:00,4340.706142857142,SL,-1.0,-3.9488571428573778,3
2026-06-16 10:35:00,4345.055,LONG,4341.9228571428575,4349.753214285714,3.132142857142818,333559,2026-06-16 11:05:00,4341.9228571428575,SL,-1.0,-3.132142857142753,6
2026-06-16 11:20:00,4340.815,LONG,4337.937142857142,4345.131785714285,2.8778571428571404,333568,2026-06-16 11:35:00,4337.937142857142,SL,-1.0,-2.877857142857465,3
2026-06-16 11:55:00,4340.755,LONG,4337.021428571428,4346.355357142857,3.733571428571525,333575,2026-06-16 12:30:00,4346.355357142857,TP,1.5,5.60035714285732,7
2026-06-16 15:20:00,4321.265,SHORT,4326.980214285714,4312.692178571429,5.71521428571415,333616,2026-06-16 15:30:00,4326.980214285714,SL,-1.0,-5.715214285713955,2
2026-06-16 15:55:00,4335.035,SHORT,4340.344999999999,4327.07,5.309999999999881,333623,2026-06-16 16:05:00,4340.344999999999,SL,-1.0,-5.309999999999491,2
2026-06-16 19:20:00,4339.825,LONG,4337.1801428571425,4343.792285714286,2.6448571428570955,333664,2026-06-16 19:40:00,4337.1801428571425,SL,-1.0,-2.6448571428572905,4
2026-06-16 19:55:00,4334.105,LONG,4331.308,4338.300499999999,2.7969999999998305,333671,2026-06-16 20:00:00,4331.308,SL,-1.0,-2.7969999999995707,1
2026-06-16 20:00:00,4332.655,SHORT,4335.503928571428,4328.381607142857,2.848928571428392,333672,2026-06-16 22:55:00,4335.503928571428,SL,-1.0,-2.848928571428587,23
2026-06-17 00:10:00,4337.425,SHORT,4340.208642857143,4333.249535714286,2.783642857142955,333710,2026-06-17 00:15:00,4340.208642857143,SL,-1.0,-2.783642857142695,1
2026-06-17 00:50:00,4335.265,LONG,4331.751142857143,4340.535785714286,3.5138571428572374,333718,2026-06-17 01:00:00,4340.535785714286,TP,1.5,5.270785714285921,2
2026-06-17 05:50:00,4329.955,SHORT,4333.398571428572,4324.789642857143,3.443571428571431,333778,2026-06-17 05:55:00,4324.789642857143,TP,1.5,5.165357142856919,1
2026-06-17 06:05:00,4327.425,SHORT,4331.232857142857,4321.7132142857145,3.8078571428570416,333781,2026-06-17 06:20:00,4321.7132142857145,TP,1.5,5.711785714285725,3
2026-06-17 07:50:00,4325.185,SHORT,4328.85,4319.6875,3.6649999999999636,333802,2026-06-17 08:15:00,4319.6875,TP,1.5,5.4975000000004,5
2026-06-17 10:10:00,4330.635,LONG,4327.334285714286,4335.586071428572,3.3007142857142884,333830,2026-06-17 10:20:00,4327.334285714286,SL,-1.0,-3.3007142857140934,2
2026-06-17 10:25:00,4328.835,LONG,4325.676428571429,4333.572857142857,3.1585714285714466,333833,2026-06-17 10:45:00,4333.572857142857,TP,1.5,4.737857142857138,4
2026-06-17 13:10:00,4331.735,LONG,4327.223071428571,4338.502892857143,4.511928571428728,333866,2026-06-17 13:35:00,4338.502892857143,TP,1.5,6.767892857143124,5
2026-06-17 15:10:00,4347.905,LONG,4339.764785714286,4360.115321428571,8.140214285714203,333890,2026-06-17 15:30:00,4360.115321428571,TP,1.5,12.21032142857166,4
2026-06-17 17:15:00,4362.175,LONG,4358.685,4367.41,3.4899999999999767,333915,2026-06-17 17:30:00,4367.41,TP,1.5,5.234999999999673,3
2026-06-17 17:30:00,4377.395,LONG,4372.672571428572,4384.478642857143,4.722428571428542,333918,2026-06-17 17:35:00,4372.672571428572,SL,-1.0,-4.722428571428281,1
2026-06-17 18:45:00,4318.445,SHORT,4341.791928571428,4283.424607142857,23.34692857142844,333933,2026-06-17 18:55:00,4283.424607142857,TP,1.5,35.020392857142724,2
2026-06-17 20:25:00,4257.798,SHORT,4269.907999999999,4239.633,12.109999999999932,333953,2026-06-17 22:20:00,4269.907999999999,SL,-1.0,-12.109999999999673,11
2026-06-17 22:30:00,4265.325,SHORT,4270.772214285714,4257.154178571428,5.447214285714316,333966,2026-06-17 23:05:00,4270.772214285714,SL,-1.0,-5.447214285713926,7
2026-06-17 23:45:00,4273.485,SHORT,4279.708214285714,4264.150178571428,6.223214285714286,333981,2026-06-18 00:00:00,4279.708214285714,SL,-1.0,-6.2232142857146755,3
2026-06-18 03:00:00,4312.015,LONG,4307.201428571429,4319.2353571428575,4.813571428571582,334020,2026-06-18 03:30:00,4319.2353571428575,TP,1.5,7.22035714285721,6
2026-06-18 04:10:00,4317.095,LONG,4312.959285714286,4323.298571428571,4.135714285714,334034,2026-06-18 04:20:00,4312.959285714286,SL,-1.0,-4.13571428571413,2
2026-06-18 04:50:00,4315.405,LONG,4311.4345,4321.36075,3.970499999999837,334042,2026-06-18 05:15:00,4321.36075,TP,1.5,5.95575000000008,5
2026-06-18 05:15:00,4321.155,LONG,4316.952357142857,4327.4589642857145,4.202642857142889,334047,2026-06-18 05:35:00,4316.952357142857,SL,-1.0,-4.202642857142564,4
2026-06-18 07:20:00,4304.455,SHORT,4308.9902142857145,4297.6521785714285,4.535214285714313,334072,2026-06-18 07:30:00,4297.6521785714285,TP,1.5,6.802821428571406,2
2026-06-18 10:45:00,4262.345,SHORT,4267.213571428571,4255.0421428571435,4.868571428571353,334113,2026-06-18 10:55:00,4255.0421428571435,TP,1.5,7.3028571428567375,2
2026-06-18 13:15:00,4258.415,SHORT,4266.421928571429,4246.404607142857,8.006928571428684,334143,2026-06-18 13:30:00,4266.421928571429,SL,-1.0,-8.006928571428944,3
2026-06-18 14:25:00,4244.095,SHORT,4253.811928571429,4229.519607142857,9.716928571428655,334157,2026-06-18 14:55:00,4253.811928571429,SL,-1.0,-9.71692857142898,6
2026-06-18 15:10:00,4246.485,SHORT,4254.368571428571,4234.659642857142,7.883571428571615,334166,2026-06-18 15:25:00,4234.659642857142,TP,1.5,11.825357142857683,3
2026-06-18 18:25:00,4226.075,SHORT,4229.8917142857135,4220.349928571429,3.81671428571417,334205,2026-06-18 18:35:00,4220.349928571429,TP,1.5,5.725071428571027,2
2026-06-18 20:00:00,4216.425,SHORT,4221.076214285715,4209.448178571429,4.651214285714299,334224,2026-06-18 20:50:00,4209.448178571429,TP,1.5,6.976821428571384,10
2026-06-18 20:50:00,4209.565,SHORT,4212.4355,4205.259249999999,2.8704999999999927,334234,2026-06-18 22:00:00,4212.4355,SL,-1.0,-2.8704999999999927,2
2026-06-18 23:15:00,4195.135,SHORT,4199.147642857143,4189.116035714286,4.01264285714277,334251,2026-06-18 23:45:00,4189.116035714286,TP,1.5,6.018964285713992,6
2026-06-19 00:10:00,4185.215,SHORT,4190.465071428572,4177.339892857142,5.250071428571573,334262,2026-06-19 00:35:00,4190.465071428572,SL,-1.0,-5.250071428571573,5
2026-06-19 01:15:00,4184.985,SHORT,4189.305785714286,4178.5038214285705,4.320785714285843,334275,2026-06-19 01:25:00,4189.305785714286,SL,-1.0,-4.320785714286103,2
2026-06-19 01:45:00,4184.575,SHORT,4188.597642857143,4178.5410357142855,4.022642857142988,334281,2026-06-19 02:10:00,4178.5410357142855,TP,1.5,6.033964285714319,5
2026-06-19 02:45:00,4175.965,SHORT,4179.888142857143,4170.080285714286,3.9231428571427256,334293,2026-06-19 03:00:00,4170.080285714286,TP,1.5,5.884714285713926,3
2026-06-19 05:35:00,4131.315,SHORT,4137.122642857143,4122.6035357142855,5.807642857142777,334327,2026-06-19 05:45:00,4137.122642857143,SL,-1.0,-5.807642857143037,2
2026-06-19 06:00:00,4137.875,SHORT,4143.1976428571425,4129.891035714286,5.322642857142845,334332,2026-06-19 06:05:00,4143.1976428571425,SL,-1.0,-5.322642857142455,1
2026-06-19 06:25:00,4141.645,SHORT,4147.528571428572,4132.819642857144,5.883571428571421,334337,2026-06-19 06:35:00,4132.819642857144,TP,1.5,8.825357142856774,2
2026-06-19 11:50:00,4149.635,SHORT,4153.8905,4143.25175,4.2555000000000165,334402,2026-06-19 12:00:00,4153.8905,SL,-1.0,-4.255500000000211,2
2026-06-19 12:25:00,4151.695,SHORT,4156.084285714285,4145.111071428571,4.389285714285767,334409,2026-06-19 12:50:00,4156.084285714285,SL,-1.0,-4.389285714285506,5
2026-06-19 13:05:00,4182.285,LONG,4174.067357142857,4194.611464285715,8.217642857143021,334417,2026-06-19 13:10:00,4174.067357142857,SL,-1.0,-8.217642857142891,1
2026-06-19 15:50:00,4150.335,SHORT,4154.3455,4144.3192500000005,4.01049999999993,334450,2026-06-19 16:20:00,4144.3192500000005,TP,1.5,6.015749999999571,6
2026-06-21 22:20:00,4149.775,SHORT,4155.520857142857,4141.156214285714,5.745857142857209,334468,2026-06-21 22:50:00,4155.520857142857,SL,-1.0,-5.7458571428569485,6
2026-06-22 00:20:00,4163.845,LONG,4156.8,4174.4125,7.044999999999878,334492,2026-06-22 00:40:00,4174.4125,TP,1.5,10.56750000000011,4
2026-06-22 02:20:00,4188.795,LONG,4181.653714285714,4199.506928571428,7.141285714285589,334516,2026-06-22 02:35:00,4199.506928571428,TP,1.5,10.711928571427961,3
2026-06-22 03:20:00,4178.645,LONG,4172.972642857143,4187.153535714287,5.672357142857176,334528,2026-06-22 03:55:00,4172.972642857143,SL,-1.0,-5.672357142857436,7
2026-06-22 04:50:00,4177.815,SHORT,4181.211928571428,4172.719607142857,3.3969285714286213,334546,2026-06-22 04:55:00,4181.211928571428,SL,-1.0,-3.3969285714283615,1
2026-06-22 05:05:00,4183.555,LONG,4180.191428571428,4188.600357142857,3.363571428571504,334549,2026-06-22 05:20:00,4188.600357142857,TP,1.5,5.0453571428570285,3
2026-06-22 07:30:00,4198.645,LONG,4194.443785714286,4204.946821428573,4.201214285714481,334578,2026-06-22 07:40:00,4194.443785714286,SL,-1.0,-4.201214285714741,2
2026-06-22 07:45:00,4194.885,LONG,4190.7695,4201.058250000001,4.115500000000209,334581,2026-06-22 07:50:00,4190.7695,SL,-1.0,-4.115499999999884,1
2026-06-22 08:00:00,4191.835,LONG,4187.687357142857,4198.056464285714,4.147642857142988,334584,2026-06-22 09:00:00,4198.056464285714,TP,1.5,6.221464285714319,12
2026-06-22 11:35:00,4206.245,LONG,4202.328785714286,4212.119321428571,3.916214285714237,334627,2026-06-22 11:50:00,4202.328785714286,SL,-1.0,-3.916214285713977,3
2026-06-22 11:50:00,4205.325,LONG,4201.147357142857,4211.591464285714,4.177642857142863,334630,2026-06-22 12:20:00,4211.591464285714,TP,1.5,6.266464285714392,6
2026-06-22 12:40:00,4203.695,LONG,4199.618071428571,4209.810392857143,4.076928571428588,334640,2026-06-22 12:45:00,4199.618071428571,SL,-1.0,-4.0769285714286525,1
2026-06-22 14:25:00,4191.795,SHORT,4199.5890714285715,4180.103892857143,7.794071428571442,334661,2026-06-22 14:45:00,4199.5890714285715,SL,-1.0,-7.794071428571442,4
2026-06-22 15:15:00,4191.915,SHORT,4198.234071428571,4182.436392857143,6.319071428571533,334671,2026-06-22 15:35:00,4182.436392857143,TP,1.5,9.478607142857072,4
2026-06-22 16:35:00,4183.128,SHORT,4188.660142857143,4174.829785714285,5.532142857142974,334687,2026-06-22 16:55:00,4188.660142857143,SL,-1.0,-5.532142857143299,4
2026-06-22 17:20:00,4188.925,SHORT,4192.396857142858,4183.717214285714,3.4718571428570613,334696,2026-06-22 17:25:00,4183.717214285714,TP,1.5,5.207785714285819,1
2026-06-22 18:10:00,4183.755,SHORT,4187.031714285714,4178.839928571429,3.276714285714076,334706,2026-06-22 18:20:00,4187.031714285714,SL,-1.0,-3.2767142857137515,2
2026-06-22 18:30:00,4186.395,SHORT,4189.779571428571,4181.318142857143,3.3845714285712347,334710,2026-06-22 18:45:00,4189.779571428571,SL,-1.0,-3.38457142857078,3
2026-06-22 19:35:00,4188.265,LONG,4185.782857142857,4191.988214285714,2.4821428571427924,334723,2026-06-22 19:40:00,4185.782857142857,SL,-1.0,-2.482142857143117,1
2026-06-22 19:40:00,4184.455,SHORT,4186.97,4180.6825,2.5149999999999375,334724,2026-06-22 19:50:00,4186.97,SL,-1.0,-2.5150000000003274,2
2026-06-22 20:30:00,4191.515,LONG,4188.937357142858,4195.381464285714,2.577642857142759,334734,2026-06-22 22:45:00,4188.937357142858,SL,-1.0,-2.577642857142564,15
2026-06-22 23:00:00,4189.958,LONG,4187.867214285714,4193.094178571428,2.09078571428563,334752,2026-06-22 23:35:00,4193.094178571428,TP,1.5,3.1361785714279904,7
2026-06-23 05:45:00,4118.675,SHORT,4127.1747857142855,4105.925321428572,8.49978571428554,334833,2026-06-23 07:40:00,4105.925321428572,TP,1.5,12.749678571428376,23
2026-06-23 07:50:00,4100.365,SHORT,4106.721428571428,4090.830357142857,6.356428571428556,334858,2026-06-23 08:05:00,4090.830357142857,TP,1.5,9.534642857142899,3
2026-06-23 09:05:00,4109.635,SHORT,4115.522857142857,4100.803214285715,5.887857142857131,334873,2026-06-23 09:20:00,4115.522857142857,SL,-1.0,-5.887857142856774,3
2026-06-23 09:40:00,4116.895,SHORT,4122.253357142858,4108.857464285715,5.358357142857195,334880,2026-06-23 10:00:00,4122.253357142858,SL,-1.0,-5.35835714285713,4
2026-06-23 11:05:00,4125.465,LONG,4120.447142857143,4132.991785714286,5.017857142857208,334897,2026-06-23 11:35:00,4120.447142857143,SL,-1.0,-5.017857142856883,6
2026-06-23 11:35:00,4125.535,LONG,4120.611642857143,4132.920035714285,4.92335714285699,334903,2026-06-23 11:40:00,4120.611642857143,SL,-1.0,-4.92335714285673,1
2026-06-23 11:45:00,4121.465,LONG,4116.3095,4129.19825,5.155499999999912,334905,2026-06-23 12:10:00,4116.3095,SL,-1.0,-5.155499999999847,5
2026-06-23 14:55:00,4129.985,LONG,4122.3463571428565,4141.442964285714,7.638642857142908,334943,2026-06-23 15:40:00,4141.442964285714,TP,1.5,11.457964285714297,9
2026-06-23 19:05:00,4122.055,SHORT,4125.792642857144,4116.448535714286,3.737642857142938,334993,2026-06-23 19:50:00,4116.448535714286,TP,1.5,5.606464285714537,9
2026-06-23 22:25:00,4105.725,SHORT,4108.836428571429,4101.057857142858,3.111428571428405,335021,2026-06-23 22:30:00,4101.057857142858,TP,1.5,4.667142857142608,1
2026-06-24 01:00:00,4073.315,SHORT,4081.2617142857143,4061.3949285714284,7.946714285714312,335052,2026-06-24 01:05:00,4081.2617142857143,SL,-1.0,-7.946714285714279,1
2026-06-24 01:40:00,4092.595,SHORT,4101.751,4078.861,9.156000000000015,335060,2026-06-24 02:15:00,4078.861,TP,1.5,13.733999999999924,7
2026-06-24 04:40:00,4063.435,SHORT,4068.2664285714286,4056.1878571428574,4.831428571428497,335096,2026-06-24 05:05:00,4068.2664285714286,SL,-1.0,-4.83142857142866,5
2026-06-24 07:40:00,4082.315,LONG,4077.6007142857143,4089.3864285714285,4.71428571428565,335132,2026-06-24 07:50:00,4077.6007142857143,SL,-1.0,-4.714285714285779,2
2026-06-24 09:20:00,4074.305,SHORT,4079.277642857143,4066.8460357142853,4.972642857142968,335152,2026-06-24 09:40:00,4066.8460357142853,TP,1.5,7.458964285714501,4
2026-06-24 12:10:00,4038.005,SHORT,4045.835,4026.26,7.830000000000057,335186,2026-06-24 12:25:00,4026.26,TP,1.5,11.74499999999989,3
2026-06-24 15:30:00,4008.805,SHORT,4017.560071428571,3995.6723928571428,8.755071428571389,335226,2026-06-24 16:05:00,3995.6723928571428,TP,1.5,13.132607142857069,7
2026-06-24 16:30:00,4014.515,SHORT,4022.4295714285713,4002.6431428571427,7.914571428571435,335238,2026-06-24 17:15:00,4002.6431428571427,TP,1.5,11.871857142857152,9
2026-06-24 17:25:00,3990.208,SHORT,3996.7570714285716,3980.3843928571428,6.5490714285714215,335249,2026-06-24 17:45:00,3980.3843928571428,TP,1.5,9.823607142857327,4
2026-06-24 18:15:00,3986.985,SHORT,3995.214785714286,3974.6403214285715,8.229785714285754,335259,2026-06-24 19:10:00,3974.6403214285715,TP,1.5,12.34467857142863,11
2026-06-24 19:35:00,3982.515,SHORT,3987.822642857143,3974.5535357142858,5.3076428571428425,335275,2026-06-24 19:50:00,3987.822642857143,SL,-1.0,-5.307642857143037,3
2026-06-24 22:55:00,3995.898,LONG,3991.609214285714,4002.3311785714286,4.288785714285756,335303,2026-06-24 23:05:00,3991.609214285714,SL,-1.0,-4.28878571428595,2
2026-06-25 01:25:00,3990.485,SHORT,4000.171428571429,3975.9553571428573,9.68642857142858,335333,2026-06-25 01:55:00,3975.9553571428573,TP,1.5,14.52964285714279,6
2026-06-25 03:00:00,3981.348,SHORT,3990.2687142857144,3967.9669285714285,8.920714285714244,335352,2026-06-25 03:10:00,3967.9669285714285,TP,1.5,13.381071428571431,2
2026-06-25 04:55:00,3995.805,LONG,3990.230714285714,4004.1664285714282,5.574285714285712,335375,2026-06-25 05:15:00,3990.230714285714,SL,-1.0,-5.574285714285907,4
2026-06-25 05:30:00,3994.815,LONG,3989.055,4003.455,5.760000000000056,335382,2026-06-25 05:35:00,3989.055,SL,-1.0,-5.760000000000218,1
2026-06-25 05:45:00,3983.045,LONG,3976.7971428571427,3992.4167857142857,6.247857142857193,335385,2026-06-25 06:15:00,3976.7971428571427,SL,-1.0,-6.247857142857356,6
2026-06-25 06:55:00,3977.155,SHORT,3983.334285714286,3967.8860714285715,6.179285714285697,335399,2026-06-25 07:05:00,3983.334285714286,SL,-1.0,-6.179285714285925,2
2026-06-25 07:10:00,3979.835,SHORT,3986.202142857143,3970.2842857142855,6.367142857142945,335402,2026-06-25 07:20:00,3986.202142857143,SL,-1.0,-6.3671428571428805,2
2026-06-25 07:30:00,3983.035,SHORT,3989.617142857143,3973.1617857142855,6.582142857142928,335406,2026-06-25 07:45:00,3973.1617857142855,TP,1.5,9.873214285714312,3
2026-06-25 10:40:00,3985.465,SHORT,3989.463642857143,3979.467035714286,3.998642857142808,335444,2026-06-25 11:15:00,3979.467035714286,TP,1.5,5.997964285714261,7
2026-06-25 14:15:00,4017.755,LONG,4007.046714285714,4033.8174285714285,10.708285714285694,335487,2026-06-25 15:10:00,4007.046714285714,SL,-1.0,-10.708285714285921,11
2026-06-25 16:45:00,4031.295,LONG,4024.8975714285716,4040.8911428571428,6.397428571428528,335517,2026-06-25 18:25:00,4040.8911428571428,TP,1.5,9.596142857142695,20
2026-06-25 18:50:00,4034.885,LONG,4029.678642857143,4042.694535714286,5.20635714285712,335542,2026-06-25 19:15:00,4042.694535714286,TP,1.5,7.80953571428563,5
2026-06-25 19:35:00,4034.448,LONG,4029.8495,4041.34575,4.5984999999999285,335551,2026-06-25 19:45:00,4029.8495,SL,-1.0,-4.598500000000058,2
2026-06-25 19:55:00,4026.525,LONG,4021.6890714285714,4033.7788928571426,4.8359285714285045,335555,2026-06-25 20:00:00,4033.7788928571426,TP,1.5,7.253892857142546,1
2026-06-25 22:05:00,4025.575,SHORT,4028.9955,4020.44425,3.420500000000012,335569,2026-06-25 22:20:00,4020.44425,TP,1.5,5.130749999999807,3
2026-06-26 00:20:00,4017.955,SHORT,4022.8435714285715,4010.622142857143,4.8885714285714,335596,2026-06-26 00:45:00,4022.8435714285715,SL,-1.0,-4.888571428571595,5
2026-06-26 00:45:00,4018.805,SHORT,4023.8064285714286,4011.3028571428567,5.001428571428603,335601,2026-06-26 00:55:00,4023.8064285714286,SL,-1.0,-5.0014285714287325,2
2026-06-26 01:00:00,4017.145,SHORT,4023.1428571428573,4008.1482142857144,5.997857142857193,335604,2026-06-26 01:15:00,4023.1428571428573,SL,-1.0,-5.997857142857356,3
2026-06-26 01:40:00,4020.355,SHORT,4026.383357142857,4011.312464285714,6.028357142857203,335612,2026-06-26 02:15:00,4011.312464285714,TP,1.5,9.042535714285805,7
2026-06-26 04:00:00,4000.935,SHORT,4006.2869285714287,3992.907107142857,5.351928571428646,335640,2026-06-26 04:10:00,4006.2869285714287,SL,-1.0,-5.3519285714287435,2
2026-06-26 06:25:00,4023.935,LONG,4018.0112142857142,4032.8206785714287,5.9237857142858115,335669,2026-06-26 06:55:00,4032.8206785714287,TP,1.5,8.885678571428798,6
2026-06-26 08:10:00,4030.905,LONG,4026.4400000000005,4037.6025,4.464999999999918,335690,2026-06-26 08:45:00,4037.6025,TP,1.5,6.6974999999997635,7
2026-06-26 09:00:00,4034.155,LONG,4030.0166428571433,4040.362535714286,4.138357142857038,335700,2026-06-26 09:10:00,4040.362535714286,TP,1.5,6.207535714285768,2
2026-06-26 10:25:00,4048.025,LONG,4043.1388571428574,4055.3542142857145,4.886142857142821,335717,2026-06-26 11:00:00,4055.3542142857145,TP,1.5,7.329214285714443,7
2026-06-26 11:15:00,4052.945,LONG,4048.0878571428575,4060.2307142857144,4.857142857142825,335727,2026-06-26 11:35:00,4048.0878571428575,SL,-1.0,-4.857142857142662,4
2026-06-26 12:05:00,4047.745,LONG,4043.8195,4053.63325,3.9254999999999263,335737,2026-06-26 12:15:00,4043.8195,SL,-1.0,-3.925499999999829,2
2026-06-26 12:45:00,4044.198,LONG,4039.745785714286,4050.8763214285714,4.45221428571423,335745,2026-06-26 12:55:00,4050.8763214285714,TP,1.5,6.678321428571508,2
2026-06-26 13:15:00,4050.705,LONG,4043.075642857143,4062.1490357142857,7.6293571428570885,335751,2026-06-26 13:45:00,4062.1490357142857,TP,1.5,11.444035714285747,6
2026-06-26 17:20:00,4084.475,LONG,4080.4684285714284,4090.484857142857,4.006571428571435,335800,2026-06-26 17:25:00,4080.4684285714284,SL,-1.0,-4.006571428571533,1
2026-06-26 17:40:00,4076.425,LONG,4072.5255,4082.2742500000004,3.899499999999989,335804,2026-06-26 18:00:00,4072.5255,SL,-1.0,-3.899499999999989,4
2026-06-26 20:00:00,4070.938,SHORT,4074.1754285714287,4066.081857142857,3.2374285714286413,335832,2026-06-26 20:05:00,4066.081857142857,TP,1.5,4.856142857142913,1
2026-06-26 20:30:00,4069.415,SHORT,4072.840714285714,4064.2764285714284,3.425714285714321,335838,2026-06-26 20:45:00,4072.840714285714,SL,-1.0,-3.4257142857140934,3
2026-06-29 00:15:00,4057.255,SHORT,4062.3900000000003,4049.5525000000002,5.134999999999991,335871,2026-06-29 00:25:00,4049.5525000000002,TP,1.5,7.702499999999873,2
2026-06-29 01:05:00,4061.535,SHORT,4069.117142857143,4050.1617857142855,7.582142857142896,335881,2026-06-29 02:00:00,4069.117142857143,SL,-1.0,-7.582142857143026,11
2026-06-29 02:10:00,4060.765,SHORT,4068.1635714285712,4049.6671428571426,7.398571428571456,335894,2026-06-29 02:15:00,4068.1635714285712,SL,-1.0,-7.398571428571358,1
2026-06-29 03:05:00,4069.645,LONG,4063.3490714285713,4079.0888928571426,6.295928571428541,335905,2026-06-29 04:15:00,4063.3490714285713,SL,-1.0,-6.295928571428703,14
2026-06-29 06:30:00,4056.655,SHORT,4062.676428571429,4047.6228571428574,6.02142857142852,335946,2026-06-29 06:45:00,4062.676428571429,SL,-1.0,-6.021428571428714,3
2026-06-29 08:10:00,4063.835,LONG,4059.752857142857,4069.9582142857143,4.082142857142896,335966,2026-06-29 08:40:00,4059.752857142857,SL,-1.0,-4.082142857143026,6
2026-06-29 11:45:00,4035.005,SHORT,4039.227142857143,4028.6717857142858,4.222142857142899,336009,2026-06-29 11:55:00,4039.227142857143,SL,-1.0,-4.222142857142899,2
2026-06-29 12:10:00,4047.425,SHORT,4052.396928571429,4039.9671071428575,4.9719285714285695,336014,2026-06-29 12:20:00,4039.9671071428575,TP,1.5,7.457892857142724,2
2026-06-29 12:25:00,4038.215,SHORT,4043.777642857143,4029.871035714286,5.562642857142789,336017,2026-06-29 12:30:00,4043.777642857143,SL,-1.0,-5.562642857142691,1
2026-06-29 15:30:00,4023.025,SHORT,4028.804285714286,4014.3560714285713,5.779285714285769,336054,2026-06-29 15:50:00,4028.804285714286,SL,-1.0,-5.779285714285834,4
2026-06-29 15:55:00,4026.755,SHORT,4032.069285714286,4018.7835714285716,5.314285714285753,336059,2026-06-29 16:30:00,4018.7835714285716,TP,1.5,7.9714285714285325,7
2026-06-29 16:50:00,4025.718,SHORT,4029.3972857142858,4020.199071428571,3.67928571428573,336070,2026-06-29 17:05:00,4029.3972857142858,SL,-1.0,-3.6792857142859248,3
2026-06-29 17:10:00,4028.705,SHORT,4032.3545,4023.23075,3.6494999999999567,336074,2026-06-29 17:25:00,4023.23075,TP,1.5,5.474249999999756,3
2026-06-29 17:40:00,4021.618,SHORT,4025.1403571428573,4016.334464285714,3.5223571428571177,336080,2026-06-29 18:45:00,4016.334464285714,TP,1.5,5.28353571428579,13
2026-06-29 19:35:00,4017.065,SHORT,4020.480642857143,4011.9415357142857,3.4156428571428217,336103,2026-06-29 22:05:00,4020.480642857143,SL,-1.0,-3.415642857142757,18
2026-06-29 22:10:00,4018.148,SHORT,4020.730285714286,4014.2745714285716,2.582285714285685,336122,2026-06-29 22:30:00,4014.2745714285716,TP,1.5,3.873428571428576,4
2026-06-29 22:55:00,4013.628,SHORT,4017.1460714285718,4008.350892857143,3.5180714285714396,336131,2026-06-29 23:00:00,4017.1460714285718,SL,-1.0,-3.518071428571602,1
2026-06-29 23:50:00,4015.265,SHORT,4018.902642857143,4009.8085357142854,3.637642857142867,336142,2026-06-30 00:00:00,4009.8085357142854,TP,1.5,5.456464285714446,2
2026-06-30 03:10:00,3965.978,SHORT,3972.8944285714288,3955.603357142857,6.9164285714285665,336182,2026-06-30 04:00:00,3972.8944285714288,SL,-1.0,-6.916428571428696,10
2026-06-30 05:20:00,3984.995,LONG,3979.5564285714286,3993.152857142857,5.438571428571452,336208,2026-06-30 05:25:00,3979.5564285714286,SL,-1.0,-5.438571428571322,1
2026-06-30 05:50:00,3980.598,LONG,3975.255142857143,3988.612285714286,5.342857142857221,336214,2026-06-30 06:05:00,3988.612285714286,TP,1.5,8.014285714285961,3
2026-06-30 06:10:00,3987.575,LONG,3981.9892857142854,3995.953571428571,5.585714285714338,336218,2026-06-30 06:20:00,3995.953571428571,TP,1.5,8.378571428571377,2
2026-06-30 09:00:00,4018.828,LONG,4013.8627857142856,4026.2758214285714,4.965214285714247,336252,2026-06-30 09:30:00,4013.8627857142856,SL,-1.0,-4.96521428571441,6
2026-06-30 13:30:00,4021.415,SHORT,4027.9714285714285,4011.5803571428573,6.556428571428536,336306,2026-06-30 13:50:00,4027.9714285714285,SL,-1.0,-6.556428571428569,4
2026-06-30 13:50:00,4028.385,LONG,4020.5578571428573,4040.1257142857144,7.827142857142819,336310,2026-06-30 14:05:00,4040.1257142857144,TP,1.5,11.740714285714148,3
2026-06-30 15:10:00,4035.735,LONG,4027.13,4048.6425,8.604999999999952,336326,2026-06-30 15:15:00,4027.13,SL,-1.0,-8.605000000000018,1
2026-06-30 15:20:00,4027.205,LONG,4019.6492857142857,4038.5385714285712,7.555714285714235,336328,2026-06-30 19:50:00,4019.6492857142857,SL,-1.0,-7.555714285714203,54
2026-06-30 22:45:00,4012.955,SHORT,4016.1114285714284,4008.2203571428568,3.1564285714286404,336405,2026-06-30 23:05:00,4016.1114285714284,SL,-1.0,-3.156428571428478,4
2026-07-01 02:45:00,3981.735,SHORT,3986.354285714286,3974.8060714285716,4.619285714285785,336453,2026-07-01 03:15:00,3986.354285714286,SL,-1.0,-4.619285714285979,6
2026-07-01 04:05:00,3975.305,SHORT,3978.9357142857143,3969.8589285714284,3.6307142857142805,336469,2026-07-01 04:30:00,3978.9357142857143,SL,-1.0,-3.6307142857144754,5
2026-07-01 05:50:00,3974.355,SHORT,3978.48,3968.1675,4.125000000000065,336490,2026-07-01 05:55:00,3978.48,SL,-1.0,-4.125,1
2026-07-01 05:55:00,3973.815,SHORT,3977.864285714286,3967.7410714285716,4.049285714285783,336491,2026-07-01 06:05:00,3967.7410714285716,TP,1.5,6.073928571428496,2
2026-07-01 06:10:00,3964.915,SHORT,3969.4992857142856,3958.0385714285712,4.584285714285833,336494,2026-07-01 06:20:00,3969.4992857142856,SL,-1.0,-4.58428571428567,2
2026-07-01 09:00:00,3975.025,LONG,3970.0378571428573,3982.5057142857145,4.987142857142966,336528,2026-07-01 09:45:00,3982.5057142857145,TP,1.5,7.4807142857143845,9
2026-07-01 13:10:00,4021.105,LONG,4015.049285714286,4030.1885714285713,6.055714285714267,336578,2026-07-01 13:15:00,4030.1885714285713,TP,1.5,9.083571428571304,1
2026-07-01 13:25:00,4046.425,LONG,4038.4957142857147,4058.318928571429,7.929285714285697,336581,2026-07-01 13:35:00,4058.318928571429,TP,1.5,11.89392857142866,2
2026-07-01 15:40:00,4082.135,LONG,4074.7457142857147,4093.2189285714285,7.389285714285604,336608,2026-07-01 16:40:00,4074.7457142857147,SL,-1.0,-7.389285714285506,12
2026-07-01 17:45:00,4070.925,LONG,4067.562142857143,4075.969285714286,3.3628571428571052,336633,2026-07-01 17:55:00,4067.562142857143,SL,-1.0,-3.3628571428571377,2
2026-07-01 18:00:00,4069.965,LONG,4066.829285714286,4074.668571428572,3.1357142857142923,336636,2026-07-01 18:15:00,4066.829285714286,SL,-1.0,-3.13571428571413,3
2026-07-01 23:20:00,4035.545,SHORT,4038.384285714286,4031.2860714285716,2.8392857142856167,336688,2026-07-01 23:30:00,4038.384285714286,SL,-1.0,-2.8392857142857792,2
2026-07-02 05:15:00,4058.365,LONG,4055.1099999999997,4063.2475,3.255000000000012,336759,2026-07-02 05:30:00,4055.1099999999997,SL,-1.0,-3.255000000000109,3
2026-07-02 06:45:00,4072.955,LONG,4067.395,4081.295,5.56000000000001,336777,2026-07-02 07:00:00,4067.395,SL,-1.0,-5.559999999999945,3
2026-07-02 08:00:00,4065.915,LONG,4060.6257142857144,4073.8489285714286,5.28928571428563,336792,2026-07-02 08:10:00,4073.8489285714286,TP,1.5,7.933928571428623,2
2026-07-02 08:15:00,4072.995,LONG,4067.6564285714285,4081.002857142857,5.338571428571348,336795,2026-07-02 09:20:00,4067.6564285714285,SL,-1.0,-5.338571428571413,13
2026-07-02 09:25:00,4067.385,LONG,4063.3585714285714,4073.424642857143,4.026428571428629,336809,2026-07-02 10:00:00,4063.3585714285714,SL,-1.0,-4.0264285714288235,7
2026-07-02 12:10:00,4064.035,SHORT,4068.6899999999996,4057.0525,4.654999999999973,336842,2026-07-02 12:20:00,4068.6899999999996,SL,-1.0,-4.654999999999745,2
2026-07-02 15:30:00,4129.525,LONG,4121.483571428571,4141.587142857143,8.041428571428566,336882,2026-07-02 16:15:00,4121.483571428571,SL,-1.0,-8.041428571428696,9
2026-07-02 16:15:00,4123.265,LONG,4117.230714285714,4132.316428571429,6.034285714285683,336891,2026-07-02 16:20:00,4117.230714285714,SL,-1.0,-6.034285714285943,1
2026-07-02 16:55:00,4117.915,LONG,4111.927857142858,4126.895714285714,5.987142857142642,336899,2026-07-02 17:20:00,4111.927857142858,SL,-1.0,-5.987142857142317,5
2026-07-02 18:20:00,4117.815,LONG,4112.873571428571,4125.227142857142,4.941428571428527,336916,2026-07-02 18:30:00,4125.227142857142,TP,1.5,7.4121428571424985,2
2026-07-02 20:15:00,4121.715,LONG,4117.979285714286,4127.318571428572,3.7357142857142986,336939,2026-07-02 22:05:00,4127.318571428572,TP,1.5,5.60357142857174,10
2026-07-03 00:00:00,4131.345,LONG,4126.6,4138.462500000001,4.745000000000085,336972,2026-07-03 00:05:00,4126.6,SL,-1.0,-4.744999999999891,1
2026-07-03 00:10:00,4134.545,LONG,4128.907857142857,4143.000714285715,5.637142857142927,336974,2026-07-03 00:50:00,4143.000714285715,TP,1.5,8.455714285714748,8
2026-07-03 04:15:00,4181.045,LONG,4177.96,4185.6725,3.0849999999999063,337023,2026-07-03 04:25:00,4177.96,SL,-1.0,-3.0850000000000364,2
2026-07-03 04:55:00,4178.585,LONG,4175.8492857142855,4182.688571428572,2.7357142857142986,337031,2026-07-03 05:20:00,4175.8492857142855,SL,-1.0,-2.7357142857144936,5
2026-07-03 07:00:00,4174.575,LONG,4169.880714285714,4181.6164285714285,4.694285714285537,337056,2026-07-03 07:20:00,4169.880714285714,SL,-1.0,-4.694285714285797,4
2026-07-03 07:20:00,4172.975,LONG,4168.350714285715,4179.911428571429,4.624285714285504,337060,2026-07-03 07:45:00,4179.911428571429,TP,1.5,6.936428571428223,5
2026-07-03 08:00:00,4183.065,LONG,4178.607857142857,4189.750714285714,4.457142857142766,337068,2026-07-03 08:45:00,4178.607857142857,SL,-1.0,-4.457142857142571,9
2026-07-03 10:15:00,4180.125,LONG,4176.451428571429,4185.635357142857,3.673571428571514,337095,2026-07-03 10:35:00,4176.451428571429,SL,-1.0,-3.6735714285714494,4
2026-07-03 10:40:00,4177.605,LONG,4174.712142857143,4181.944285714286,2.8928571428572076,337100,2026-07-03 10:45:00,4174.712142857143,SL,-1.0,-2.892857142856883,1
2026-07-03 11:05:00,4179.715,LONG,4176.846428571429,4184.017857142857,2.8685714285713533,337105,2026-07-03 11:15:00,4184.017857142857,TP,1.5,4.3028571428567375,2
2026-07-03 14:40:00,4163.555,SHORT,4167.8778571428575,4157.0707142857145,4.322857142857174,337148,2026-07-03 14:50:00,4167.8778571428575,SL,-1.0,-4.322857142857174,2
2026-07-03 15:05:00,4170.905,SHORT,4175.059285714286,4164.6735714285705,4.154285714285899,337153,2026-07-03 15:55:00,4164.6735714285705,TP,1.5,6.2314285714292055,10
2026-07-06 00:05:00,4176.425,LONG,4169.722142857143,4186.479285714286,6.702857142857218,337201,2026-07-06 00:40:00,4186.479285714286,TP,1.5,10.05428571428547,7
2026-07-06 01:00:00,4187.035,LONG,4179.146428571428,4198.867857142857,7.888571428571335,337212,2026-07-06 01:05:00,4179.146428571428,SL,-1.0,-7.888571428571595,1
2026-07-06 01:10:00,4188.555,LONG,4180.549285714286,4200.563571428572,8.00571428571415,337214,2026-07-06 01:20:00,4180.549285714286,SL,-1.0,-8.00571428571402,2
2026-07-06 01:25:00,4189.285,LONG,4180.853571428572,4201.932142857143,8.431428571428503,337217,2026-07-06 01:45:00,4201.932142857143,TP,1.5,12.64714285714308,4
2026-07-06 02:10:00,4180.715,LONG,4172.878571428571,4192.469642857143,7.836428571428574,337226,2026-07-06 02:30:00,4172.878571428571,SL,-1.0,-7.836428571428769,4
2026-07-06 05:35:00,4154.495,SHORT,4158.655,4148.255,4.159999999999984,337267,2026-07-06 05:55:00,4148.255,TP,1.5,6.239999999999782,4
2026-07-06 05:55:00,4147.735,SHORT,4152.522857142857,4140.553214285714,4.787857142857125,337271,2026-07-06 06:25:00,4152.522857142857,SL,-1.0,-4.78785714285732,6
2026-07-06 06:35:00,4155.735,SHORT,4160.98,4147.867499999999,5.244999999999956,337279,2026-07-06 07:05:00,4147.867499999999,TP,1.5,7.867500000000291,6
2026-07-06 07:05:00,4148.635,SHORT,4153.040714285715,4142.026428571428,4.405714285714306,337285,2026-07-06 07:15:00,4153.040714285715,SL,-1.0,-4.405714285714566,2
2026-07-06 08:30:00,4154.065,SHORT,4157.924999999999,4148.275,3.859999999999997,337302,2026-07-06 08:40:00,4148.275,TP,1.5,5.789999999999964,2
2026-07-06 10:25:00,4148.715,SHORT,4152.236428571428,4143.432857142858,3.5214285714283897,337325,2026-07-06 10:30:00,4152.236428571428,SL,-1.0,-3.5214285714282596,1
2026-07-06 14:05:00,4136.105,SHORT,4143.581428571428,4124.890357142856,7.476428571428577,337369,2026-07-06 14:10:00,4143.581428571428,SL,-1.0,-7.476428571428187,1
2026-07-06 16:10:00,4140.355,SHORT,4144.714999999999,4133.815,4.359999999999933,337394,2026-07-06 16:20:00,4144.714999999999,SL,-1.0,-4.359999999999673,2
2026-07-06 19:55:00,4163.585,LONG,4161.268571428572,4167.059642857143,2.316428571428657,337439,2026-07-06 20:05:00,4161.268571428572,SL,-1.0,-2.3164285714283324,2
2026-07-06 20:20:00,4161.695,LONG,4159.801428571428,4164.535357142857,1.8935714285714442,337444,2026-07-06 20:35:00,4164.535357142857,TP,1.5,2.8403571428571013,3
2026-07-06 22:05:00,4165.545,LONG,4163.687857142857,4168.330714285714,1.8571428571427273,337453,2026-07-06 22:55:00,4163.687857142857,SL,-1.0,-1.857142857143117,10
2026-07-06 23:10:00,4165.285,LONG,4163.455,4168.03,1.8300000000001222,337466,2026-07-06 23:15:00,4163.455,SL,-1.0,-1.8299999999999272,1
2026-07-06 23:45:00,4163.105,LONG,4161.177857142857,4165.995714285714,1.9271428571429559,337473,2026-07-06 23:50:00,4161.177857142857,SL,-1.0,-1.927142857142826,1
2026-07-07 02:25:00,4140.355,SHORT,4145.163571428571,4133.142142857142,4.808571428571538,337505,2026-07-07 02:50:00,4133.142142857142,TP,1.5,7.2128571428575015,5
2026-07-07 04:25:00,4131.935,SHORT,4136.621428571429,4124.905357142858,4.686428571428613,337529,2026-07-07 05:00:00,4124.905357142858,TP,1.5,7.02964285714279,7
2026-07-07 05:15:00,4122.075,SHORT,4125.957857142857,4116.250714285714,3.8828571428571195,337539,2026-07-07 05:20:00,4125.957857142857,SL,-1.0,-3.882857142857574,1
2026-07-07 06:05:00,4122.805,SHORT,4128.227142857143,4114.671785714286,5.422142857143042,337549,2026-07-07 06:25:00,4128.227142857143,SL,-1.0,-5.422142857142717,4
2026-07-07 06:50:00,4129.045,SHORT,4132.971428571429,4123.155357142857,3.9264285714287843,337558,2026-07-07 07:45:00,4132.971428571429,SL,-1.0,-3.9264285714289144,11
2026-07-07 07:45:00,4126.945,SHORT,4131.056428571428,4120.777857142857,4.1114285714286,337569,2026-07-07 08:10:00,4131.056428571428,SL,-1.0,-4.111428571428405,5
2026-07-07 09:20:00,4126.815,SHORT,4130.848571428571,4120.7646428571425,4.033571428571447,337588,2026-07-07 09:25:00,4120.7646428571425,TP,1.5,6.050357142857138,1
2026-07-07 11:30:00,4143.165,LONG,4139.835,4148.16,3.3300000000000574,337614,2026-07-07 11:40:00,4148.16,TP,1.5,4.994999999999891,2
2026-07-07 14:15:00,4158.585,LONG,4149.969285714285,4171.5085714285715,8.615714285714148,337647,2026-07-07 14:35:00,4149.969285714285,SL,-1.0,-8.615714285714603,4
2026-07-07 14:40:00,4152.105,LONG,4143.431428571428,4165.115357142857,8.673571428571384,337652,2026-07-07 15:15:00,4143.431428571428,SL,-1.0,-8.67357142857145,7
2026-07-07 16:50:00,4144.235,SHORT,4147.953571428571,4138.657142857142,3.7185714285712623,337678,2026-07-07 17:30:00,4147.953571428571,SL,-1.0,-3.718571428571522,8
2026-07-07 17:30:00,4145.705,SHORT,4148.599999999999,4141.3625,2.8949999999998517,337686,2026-07-07 18:00:00,4141.3625,TP,1.5,4.342499999999745,6
2026-07-07 18:25:00,4141.535,SHORT,4144.12,4137.6575,2.5849999999999715,337697,2026-07-07 18:30:00,4137.6575,TP,1.5,3.8774999999996,1
2026-07-07 18:55:00,4126.685,SHORT,4130.8150000000005,4120.490000000001,4.1299999999999795,337703,2026-07-07 19:00:00,4120.490000000001,TP,1.5,6.194999999999709,1
2026-07-08 01:20:00,4105.845,SHORT,4112.986428571428,4095.1328571428576,7.1414285714284755,337768,2026-07-08 02:05:00,4112.986428571428,SL,-1.0,-7.1414285714281505,9
2026-07-08 04:30:00,4125.785,LONG,4122.062857142857,4131.368214285714,3.722142857142834,337806,2026-07-08 04:40:00,4122.062857142857,SL,-1.0,-3.7221428571428987,2
2026-07-08 04:55:00,4124.825,LONG,4121.187857142857,4130.280714285714,3.6371428571427975,337811,2026-07-08 05:05:00,4130.280714285714,TP,1.5,5.455714285713839,2
2026-07-08 05:40:00,4127.975,LONG,4123.816428571429,4134.2128571428575,4.158571428571512,337820,2026-07-08 06:00:00,4123.816428571429,SL,-1.0,-4.158571428571122,4
2026-07-08 07:40:00,4127.005,LONG,4122.986428571428,4133.032857142857,4.018571428571444,337844,2026-07-08 07:50:00,4122.986428571428,SL,-1.0,-4.018571428571704,2
2026-07-08 08:00:00,4116.895,SHORT,4121.335,4110.235000000001,4.43999999999999,337848,2026-07-08 08:15:00,4110.235000000001,TP,1.5,6.6599999999998545,3
2026-07-08 08:20:00,4084.895,SHORT,4092.8591428571426,4072.948785714286,7.964142857142796,337852,2026-07-08 08:35:00,4072.948785714286,TP,1.5,11.946214285714177,3
2026-07-08 10:55:00,4052.905,SHORT,4058.2514285714287,4044.885357142857,5.346428571428565,337883,2026-07-08 11:35:00,4044.885357142857,TP,1.5,8.019642857143026,8
2026-07-08 11:45:00,4061.675,SHORT,4068.531428571429,4051.3903571428573,6.856428571428556,337893,2026-07-08 12:05:00,4068.531428571429,SL,-1.0,-6.856428571428751,4
2026-07-08 13:30:00,4077.235,LONG,4069.125,4089.4,8.109999999999932,337914,2026-07-08 13:50:00,4069.125,SL,-1.0,-8.110000000000127,4
2026-07-08 16:10:00,4039.085,SHORT,4045.53,4029.4175,6.444999999999969,337946,2026-07-08 16:30:00,4045.53,SL,-1.0,-6.445000000000164,4
2026-07-08 16:30:00,4041.505,SHORT,4047.0642857142857,4033.1660714285717,5.559285714285677,337950,2026-07-08 16:40:00,4047.0642857142857,SL,-1.0,-5.559285714285579,2
2026-07-08 20:05:00,4081.095,LONG,4076.8271428571425,4087.4967857142856,4.26785714285711,337993,2026-07-08 20:15:00,4076.8271428571425,SL,-1.0,-4.267857142857338,2
2026-07-08 20:25:00,4076.575,LONG,4072.7442857142855,4082.3210714285715,3.8307142857142935,337997,2026-07-08 20:35:00,4072.7442857142855,SL,-1.0,-3.8307142857142935,2
2026-07-08 20:35:00,4073.975,LONG,4069.972857142857,4079.9782142857143,4.002142857142871,337999,2026-07-09 00:00:00,4079.9782142857143,TP,1.5,6.003214285714421,29
2026-07-09 00:10:00,4087.405,LONG,4083.55,4093.1875,3.855000000000018,338030,2026-07-09 00:15:00,4083.55,SL,-1.0,-3.855000000000018,1
2026-07-09 00:25:00,4077.775,LONG,4072.8514285714286,4085.1603571428573,4.9235714285714165,338033,2026-07-09 00:50:00,4072.8514285714286,SL,-1.0,-4.923571428571449,5
2026-07-09 04:10:00,4060.295,SHORT,4064.4914285714285,4054.0003571428574,4.196428571428571,338078,2026-07-09 05:00:00,4064.4914285714285,SL,-1.0,-4.1964285714284415,10
2026-07-09 09:00:00,4108.645,LONG,4104.364285714286,4115.066071428572,4.280714285714306,338136,2026-07-09 09:40:00,4104.364285714286,SL,-1.0,-4.280714285714566,8
2026-07-09 09:50:00,4105.745,LONG,4102.390714285714,4110.776428571428,3.354285714285782,338146,2026-07-09 10:30:00,4102.390714285714,SL,-1.0,-3.354285714285652,8
2026-07-09 10:30:00,4104.305,LONG,4101.372857142857,4108.703214285714,2.932142857142805,338154,2026-07-09 10:45:00,4101.372857142857,SL,-1.0,-2.932142857142935,3
2026-07-09 10:55:00,4098.755,LONG,4095.3564285714288,4103.852857142857,3.3985714285714232,338159,2026-07-09 11:10:00,4103.852857142857,TP,1.5,5.09785714285681,3
2026-07-09 11:10:00,4104.875,LONG,4101.363571428571,4110.142142857143,3.511428571428561,338162,2026-07-09 11:20:00,4101.363571428571,SL,-1.0,-3.511428571428951,2
2026-07-09 11:50:00,4107.145,LONG,4102.695000000001,4113.820000000001,4.450000000000078,338170,2026-07-09 12:05:00,4113.820000000001,TP,1.5,6.675000000000182,3
2026-07-09 14:20:00,4123.055,LONG,4115.435714285714,4134.483928571429,7.619285714285654,338200,2026-07-09 16:30:00,4134.483928571429,TP,1.5,11.428928571428514,26
2026-07-09 17:00:00,4127.985,LONG,4124.353571428571,4133.432142857143,3.6314285714286467,338232,2026-07-09 17:30:00,4133.432142857143,TP,1.5,5.4471428571432625,6
2026-07-09 17:45:00,4135.795,LONG,4132.060714285714,4141.396428571429,3.734285714285826,338241,2026-07-09 18:00:00,4132.060714285714,SL,-1.0,-3.734285714285761,3
2026-07-09 19:15:00,4123.585,SHORT,4126.1527857142855,4119.733321428571,2.5677857142858165,338259,2026-07-09 19:30:00,4119.733321428571,TP,1.5,3.8516785714291473,3
2026-07-09 20:55:00,4123.365,SHORT,4125.139999999999,4120.7025,1.7749999999998312,338279,2026-07-09 22:00:00,4125.139999999999,SL,-1.0,-1.7749999999996362,1
2026-07-09 22:05:00,4122.285,SHORT,4124.252857142857,4119.333214285714,1.967857142856961,338281,2026-07-09 22:15:00,4124.252857142857,SL,-1.0,-1.967857142856701,2
2026-07-09 22:15:00,4123.015,SHORT,4124.927142857143,4120.146785714286,1.9121428571426935,338283,2026-07-09 23:30:00,4120.146785714286,TP,1.5,2.8682142857142026,15
2026-07-09 23:30:00,4121.175,SHORT,4123.453571428571,4117.757142857143,2.2785714285713374,338298,2026-07-09 23:45:00,4123.453571428571,SL,-1.0,-2.278571428571013,3
2026-07-10 00:05:00,4122.455,SHORT,4124.875,4118.825,2.4199999999999426,338305,2026-07-10 00:20:00,4118.825,TP,1.5,3.630000000000109,3
2026-07-10 00:30:00,4115.615,SHORT,4118.545,4111.22,2.929999999999901,338310,2026-07-10 00:35:00,4118.545,SL,-1.0,-2.930000000000291,1
2026-07-10 01:15:00,4125.865,LONG,4120.778571428571,4133.494642857142,5.086428571428444,338319,2026-07-10 01:20:00,4120.778571428571,SL,-1.0,-5.086428571428769,1
2026-07-10 01:30:00,4119.665,SHORT,4125.062857142857,4111.568214285714,5.397857142857122,338322,2026-07-10 01:35:00,4111.568214285714,TP,1.5,8.096785714285943,1
2026-07-10 02:10:00,4124.525,SHORT,4130.150714285714,4116.086428571428,5.625714285714237,338330,2026-07-10 03:00:00,4130.150714285714,SL,-1.0,-5.6257142857139115,10
2026-07-10 06:10:00,4114.715,SHORT,4118.54,4108.9775,3.824999999999883,338378,2026-07-10 06:15:00,4118.54,SL,-1.0,-3.824999999999818,1
2026-07-10 07:35:00,4111.545,SHORT,4114.88,4106.5425000000005,3.3349999999999715,338395,2026-07-10 07:40:00,4106.5425000000005,TP,1.5,5.0024999999996,1
2026-07-10 10:45:00,4107.035,SHORT,4109.992857142857,4102.598214285714,2.957857142857262,338433,2026-07-10 11:25:00,4102.598214285714,TP,1.5,4.4367857142860885,8
2026-07-10 11:30:00,4099.075,SHORT,4102.428571428572,4094.0446428571427,3.3535714285715454,338442,2026-07-10 11:40:00,4102.428571428572,SL,-1.0,-3.3535714285717404,2
2026-07-10 11:50:00,4105.105,SHORT,4108.871428571429,4099.455357142856,3.7664285714288,338446,2026-07-10 12:10:00,4108.871428571429,SL,-1.0,-3.76642857142906,4
2026-07-10 13:55:00,4099.735,SHORT,4106.334285714285,4089.8360714285714,6.5992857142856725,338471,2026-07-10 14:20:00,4106.334285714285,SL,-1.0,-6.599285714285543,5
2026-07-10 14:20:00,4102.615,SHORT,4109.325714285714,4092.5489285714284,6.710714285714338,338476,2026-07-10 14:30:00,4092.5489285714284,TP,1.5,10.066071428571377,2
2026-07-10 15:10:00,4097.305,SHORT,4106.2757142857145,4083.8489285714286,8.970714285714362,338486,2026-07-10 15:20:00,4106.2757142857145,SL,-1.0,-8.970714285714166,2
2026-07-10 18:20:00,4102.095,SHORT,4104.428571428572,4098.594642857143,2.3335714285715636,338524,2026-07-10 18:25:00,4104.428571428572,SL,-1.0,-2.333571428571304,1
2026-07-10 18:40:00,4098.755,SHORT,4101.242857142857,4095.0232142857144,2.487857142857268,338528,2026-07-10 18:55:00,4101.242857142857,SL,-1.0,-2.4878571428571377,3
2026-07-13 00:10:00,4086.605,SHORT,4090.767142857143,4080.361785714286,4.162142857142791,338582,2026-07-13 00:15:00,4080.361785714286,TP,1.5,6.243214285714203,1
2026-07-13 00:25:00,4074.285,SHORT,4079.245,4066.845,4.959999999999939,338585,2026-07-13 00:30:00,4066.845,TP,1.5,7.440000000000055,1
2026-07-13 01:15:00,4073.215,SHORT,4080.8657142857146,4061.738928571429,7.65071428571423,338595,2026-07-13 01:30:00,4080.8657142857146,SL,-1.0,-7.650714285714457,3
2026-07-13 01:40:00,4084.365,SHORT,4091.7192857142854,4073.3335714285713,7.354285714285717,338600,2026-07-13 01:55:00,4073.3335714285713,TP,1.5,11.031428571428478,3
2026-07-13 02:00:00,4070.565,SHORT,4078.1435714285717,4059.197142857143,7.578571428571422,338604,2026-07-13 03:05:00,4059.197142857143,TP,1.5,11.367857142857247,13
2026-07-13 05:10:00,4069.145,SHORT,4073.63,4062.4175,4.48500000000003,338642,2026-07-13 05:20:00,4062.4175,TP,1.5,6.727499999999964,2
2026-07-13 05:45:00,4062.235,SHORT,4067.887142857143,4053.756785714286,5.652142857142865,338649,2026-07-13 05:55:00,4053.756785714286,TP,1.5,8.47821428571433,2
2026-07-13 07:00:00,4053.395,SHORT,4058.6857142857143,4045.4589285714287,5.290714285714265,338664,2026-07-13 07:05:00,4058.6857142857143,SL,-1.0,-5.29071428571433,1
2026-07-13 07:10:00,4055.545,SHORT,4060.9914285714285,4047.3753571428574,5.446428571428539,338666,2026-07-13 07:35:00,4060.9914285714285,SL,-1.0,-5.4464285714284415,5
2026-07-13 10:15:00,4068.065,LONG,4064.9778571428574,4072.6957142857145,3.087142857142843,338703,2026-07-13 10:25:00,4064.9778571428574,SL,-1.0,-3.0871428571426804,2
2026-07-13 11:45:00,4062.645,SHORT,4068.6564285714285,4053.627857142857,6.011428571428626,338721,2026-07-13 12:10:00,4053.627857142857,TP,1.5,9.017142857142971,5
2026-07-13 12:25:00,4058.785,SHORT,4063.9835714285714,4050.9871428571428,5.198571428571411,338729,2026-07-13 12:45:00,4063.9835714285714,SL,-1.0,-5.19857142857154,4
2026-07-13 13:10:00,4061.545,SHORT,4066.339285714286,4054.3535714285717,4.7942857142857065,338738,2026-07-13 13:35:00,4054.3535714285717,TP,1.5,7.191428571428332,5
2026-07-13 18:55:00,4001.275,SHORT,4005.82,3994.4575,4.545000000000008,338807,2026-07-13 19:35:00,3994.4575,TP,1.5,6.817500000000109,8
2026-07-13 19:35:00,3995.005,SHORT,3999.0750000000003,3988.9,4.069999999999969,338815,2026-07-13 19:45:00,3999.0750000000003,SL,-1.0,-4.070000000000164,2
2026-07-13 20:20:00,3998.095,SHORT,4001.6621428571425,3992.7442857142855,3.567142857142861,338824,2026-07-13 20:55:00,4001.6621428571425,SL,-1.0,-3.5671428571426986,7
2026-07-13 22:05:00,4001.385,SHORT,4004.4528571428573,3996.7832142857146,3.0678571428571297,338833,2026-07-13 22:15:00,4004.4528571428573,SL,-1.0,-3.067857142857065,2
2026-07-13 23:00:00,3999.875,SHORT,4002.2707142857143,3996.2814285714285,2.395714285714348,338844,2026-07-13 23:30:00,3996.2814285714285,TP,1.5,3.593571428571522,6
2026-07-14 00:00:00,3994.605,SHORT,3998.385714285714,3988.9339285714286,3.780714285714274,338856,2026-07-14 00:05:00,3988.9339285714286,TP,1.5,5.671071428571395,1
2026-07-14 00:35:00,4002.945,SHORT,4009.6478571428574,3992.8907142857142,6.7028571428571535,338863,2026-07-14 01:00:00,3992.8907142857142,TP,1.5,10.054285714285925,5
2026-07-14 04:55:00,4020.025,LONG,4016.8614285714284,4024.7703571428574,3.1635714285714585,338915,2026-07-14 05:30:00,4024.7703571428574,TP,1.5,4.745357142857301,7
2026-07-14 06:40:00,4024.995,LONG,4021.495,4030.245,3.5,338936,2026-07-14 07:00:00,4021.495,SL,-1.0,-3.5,4
2026-07-14 07:00:00,4025.425,LONG,4022.085,4030.4350000000004,3.3400000000000807,338940,2026-07-14 07:45:00,4022.085,SL,-1.0,-3.3400000000001455,9
2026-07-14 08:55:00,4015.835,SHORT,4019.7114285714288,4010.0203571428574,3.8764285714285376,338963,2026-07-14 09:00:00,4019.7114285714288,SL,-1.0,-3.8764285714287325,1
2026-07-14 10:30:00,4015.845,SHORT,4019.197142857143,4010.8167857142853,3.3521428571428777,338982,2026-07-14 10:40:00,4019.197142857143,SL,-1.0,-3.352142857143008,2
2026-07-14 12:15:00,4026.965,LONG,4022.5485714285714,4033.5896428571427,4.416428571428534,339003,2026-07-14 12:30:00,4033.5896428571427,TP,1.5,6.6246428571425895,3
2026-07-14 14:30:00,4079.692,LONG,4070.8905714285715,4092.894142857143,8.801428571428525,339030,2026-07-14 15:05:00,4092.894142857143,TP,1.5,13.202142857142917,7
2026-07-14 18:20:00,4056.945,SHORT,4060.5007142857144,4051.611428571429,3.555714285714235,339076,2026-07-14 18:35:00,4051.611428571429,TP,1.5,5.333571428571304,3
2026-07-14 20:15:00,4052.505,SHORT,4055.69,4047.7275,3.185000000000108,339099,2026-07-14 22:10:00,4047.7275,TP,1.5,4.7775000000001455,11
2026-07-14 22:55:00,4044.285,SHORT,4047.7514285714287,4039.085357142857,3.4664285714286507,339119,2026-07-14 23:10:00,4047.7514285714287,SL,-1.0,-3.466428571428878,3
2026-07-14 23:35:00,4053.215,SHORT,4056.527142857143,4048.2467857142856,3.312142857142947,339127,2026-07-15 00:25:00,4056.527142857143,SL,-1.0,-3.3121428571430442,10
2026-07-15 00:40:00,4054.305,LONG,4050.2935714285713,4060.322142857143,4.011428571428561,339140,2026-07-15 00:55:00,4060.322142857143,TP,1.5,6.0171428571429715,3
2026-07-15 04:35:00,4030.545,SHORT,4033.425,4026.225,2.8800000000000767,339187,2026-07-15 04:45:00,4033.425,SL,-1.0,-2.880000000000109,2
2026-07-15 05:00:00,4031.585,SHORT,4034.342857142857,4027.448214285714,2.7578571428571843,339192,2026-07-15 05:10:00,4027.448214285714,TP,1.5,4.136785714285907,2
2026-07-15 05:40:00,4029.455,SHORT,4033.6664285714287,4023.1378571428572,4.2114285714285415,339200,2026-07-15 05:55:00,4033.6664285714287,SL,-1.0,-4.211428571428769,3
2026-07-15 07:15:00,4029.085,SHORT,4032.917857142857,4023.3357142857144,3.8328571428571,339219,2026-07-15 07:25:00,4023.3357142857144,TP,1.5,5.749285714285634,2
2026-07-15 09:30:00,4026.615,SHORT,4029.8392857142853,4021.778571428571,3.2242857142857053,339246,2026-07-15 09:55:00,4029.8392857142853,SL,-1.0,-3.224285714285543,5
2026-07-15 10:30:00,4030.115,LONG,4026.75,4035.1625,3.365000000000009,339258,2026-07-15 10:45:00,4026.75,SL,-1.0,-3.3649999999997817,3
2026-07-15 11:20:00,4029.895,LONG,4026.6642857142856,4034.7410714285716,3.2307142857143196,339268,2026-07-15 11:35:00,4034.7410714285716,TP,1.5,4.846071428571577,3
2026-07-15 13:35:00,4060.945,LONG,4053.487857142857,4072.1307142857145,7.4571428571428315,339295,2026-07-15 14:45:00,4053.487857142857,SL,-1.0,-7.457142857143026,14
2026-07-15 14:45:00,4059.655,LONG,4054.104285714286,4067.981071428572,5.550714285714256,339309,2026-07-15 15:05:00,4054.104285714286,SL,-1.0,-5.550714285714093,4
2026-07-15 20:00:00,4057.845,LONG,4053.4542857142856,4064.431071428571,4.390714285714369,339372,2026-07-15 22:00:00,4064.431071428571,TP,1.5,6.586071428571358,12
2026-07-15 23:30:00,4057.765,LONG,4055.4807142857144,4061.1914285714283,2.2842857142857156,339402,2026-07-15 23:40:00,4055.4807142857144,SL,-1.0,-2.284285714285488,2
2026-07-16 00:50:00,4053.185,SHORT,4056.8307142857143,4047.7164285714284,3.6457142857143157,339418,2026-07-16 00:55:00,4047.7164285714284,TP,1.5,5.468571428571522,1
2026-07-16 03:35:00,4033.235,SHORT,4037.026428571429,4027.547857142857,3.791428571428599,339451,2026-07-16 04:10:00,4037.026428571429,SL,-1.0,-3.791428571428696,7
2026-07-16 04:30:00,4032.645,SHORT,4035.6814285714286,4028.090357142857,3.0364285714286194,339462,2026-07-16 05:20:00,4028.090357142857,TP,1.5,4.5546428571428805,10
2026-07-16 05:45:00,4027.215,SHORT,4030.611428571429,4022.1203571428573,3.396428571428552,339477,2026-07-16 06:00:00,4030.611428571429,SL,-1.0,-3.3964285714287143,3
2026-07-16 07:00:00,4029.165,SHORT,4032.6828571428573,4023.888214285714,3.5178571428572405,339492,2026-07-16 07:15:00,4023.888214285714,TP,1.5,5.276785714285779,3
2026-07-16 07:25:00,4024.295,SHORT,4027.1442857142856,4020.0210714285713,2.8492857142857377,339497,2026-07-16 07:40:00,4027.1442857142856,SL,-1.0,-2.849285714285543,3
2026-07-16 08:00:00,4029.705,SHORT,4032.9128571428573,4024.8932142857143,3.207857142857165,339504,2026-07-16 08:25:00,4032.9128571428573,SL,-1.0,-3.2078571428573923,5
2026-07-16 08:30:00,4032.055,SHORT,4035.4928571428572,4026.898214285714,3.4378571428572156,339510,2026-07-16 08:45:00,4035.4928571428572,SL,-1.0,-3.4378571428574105,3
2026-07-16 09:25:00,4033.035,LONG,4030.395714285714,4036.9939285714286,2.6392857142857986,339521,2026-07-16 09:30:00,4030.395714285714,SL,-1.0,-2.639285714285961,1
2026-07-16 09:50:00,4035.555,LONG,4032.79,4039.7025,2.765000000000035,339526,2026-07-16 09:55:00,4032.79,SL,-1.0,-2.7649999999998727,1
2026-07-16 10:05:00,4032.095,LONG,4029.266428571428,4036.337857142857,2.8285714285714545,339529,2026-07-16 10:55:00,4029.266428571428,SL,-1.0,-2.8285714285716494,10
2026-07-16 11:45:00,4031.48,SHORT,4035.9305714285715,4024.804142857143,4.45057142857146,339549,2026-07-16 11:50:00,4035.9305714285715,SL,-1.0,-4.450571428571493,1
2026-07-16 15:00:00,3992.675,SHORT,3999.7128571428575,3982.1182142857147,7.037857142857092,339588,2026-07-16 15:20:00,3999.7128571428575,SL,-1.0,-7.03785714285732,4
2026-07-16 18:10:00,3984.985,SHORT,3989.0642857142857,3978.8660714285716,4.079285714285626,339626,2026-07-16 18:20:00,3989.0642857142857,SL,-1.0,-4.079285714285561,2
2026-07-16 18:20:00,3986.605,SHORT,3990.6842857142856,3980.4860714285714,4.079285714285659,339628,2026-07-16 18:30:00,3980.4860714285714,TP,1.5,6.118928571428569,2
2026-07-16 22:15:00,3975.665,SHORT,3978.0592857142856,3972.0735714285715,2.3942857142856804,339663,2026-07-16 23:00:00,3978.0592857142856,SL,-1.0,-2.3942857142856155,9
2026-07-16 23:25:00,3978.015,SHORT,3980.217142857143,3974.7117857142857,2.2021428571428845,339677,2026-07-16 23:35:00,3980.217142857143,SL,-1.0,-2.202142857142917,2
2026-07-17 03:15:00,4002.395,LONG,3996.7457142857143,4010.8689285714286,5.64928571428566,339723,2026-07-17 03:30:00,3996.7457142857143,SL,-1.0,-5.649285714285725,3
2026-07-17 07:10:00,3996.455,LONG,3991.1407142857142,4004.4264285714285,5.314285714285786,339770,2026-07-17 08:10:00,3991.1407142857142,SL,-1.0,-5.314285714285688,12
2026-07-17 09:20:00,4001.575,LONG,3997.0092857142854,4008.4235714285714,4.565714285714323,339796,2026-07-17 09:30:00,3997.0092857142854,SL,-1.0,-4.565714285714421,2
2026-07-17 09:55:00,3997.795,LONG,3994.075714285714,4003.3739285714287,3.7192857142856934,339803,2026-07-17 10:35:00,3994.075714285714,SL,-1.0,-3.7192857142858884,8
2026-07-17 10:40:00,3996.185,LONG,3993.203571428571,4000.657142857143,2.9814285714285234,339812,2026-07-17 10:50:00,3993.203571428571,SL,-1.0,-2.9814285714287507,2
2026-07-17 11:30:00,3992.755,SHORT,3995.8914285714286,3988.050357142857,3.1364285714285933,339822,2026-07-17 11:45:00,3995.8914285714286,SL,-1.0,-3.136428571428496,3
2026-07-17 12:10:00,3989.695,SHORT,3993.6064285714288,3983.8278571428573,3.911428571428522,339830,2026-07-17 12:30:00,3983.8278571428573,TP,1.5,5.8671428571428805,4
2026-07-17 17:35:00,4012.325,LONG,4008.7392857142854,4017.703571428571,3.5857142857143054,339895,2026-07-17 17:50:00,4008.7392857142854,SL,-1.0,-3.5857142857144026,3
2026-07-17 18:50:00,4010.155,LONG,4006.7050000000004,4015.3300000000004,3.450000000000013,339910,2026-07-17 19:05:00,4006.7050000000004,SL,-1.0,-3.449999999999818,3
2026-07-17 19:10:00,4005.785,LONG,4002.4292857142855,4010.8185714285714,3.3557142857143196,339914,2026-07-17 19:20:00,4002.4292857142855,SL,-1.0,-3.3557142857143845,2
2026-07-17 20:25:00,4010.655,LONG,4007.7035714285716,4015.082142857143,2.9514285714286155,339929,2026-07-17 20:45:00,4015.082142857143,TP,1.5,4.427142857142826,4
2026-07-20 00:40:00,3998.135,SHORT,4004.272142857143,3988.929285714286,6.137142857142927,339968,2026-07-20 00:55:00,4004.272142857143,SL,-1.0,-6.137142857142862,3
2026-07-20 01:05:00,4016.395,LONG,4009.075,4027.375,7.320000000000001,339973,2026-07-20 01:10:00,4009.075,SL,-1.0,-7.320000000000164,1
2026-07-20 09:10:00,4019.235,LONG,4014.906428571429,4025.7278571428574,4.328571428571389,340070,2026-07-20 09:30:00,4014.906428571429,SL,-1.0,-4.328571428571195,4
2026-07-20 09:45:00,4022.625,LONG,4019.3107142857143,4027.5964285714285,3.3142857142856235,340077,2026-07-20 09:50:00,4019.3107142857143,SL,-1.0,-3.3142857142856883,1
2026-07-20 09:55:00,4021.005,LONG,4017.6807142857147,4025.9914285714285,3.3242857142856144,340079,2026-07-20 11:00:00,4025.9914285714285,TP,1.5,4.986428571428405,13
2026-07-20 11:40:00,4032.285,LONG,4027.842857142857,4038.948214285714,4.442142857142861,340100,2026-07-20 11:45:00,4027.842857142857,SL,-1.0,-4.442142857142699,1
2026-07-20 13:40:00,4012.785,SHORT,4017.440714285714,4005.8014285714285,4.655714285714274,340124,2026-07-20 13:55:00,4005.8014285714285,TP,1.5,6.983571428571395,3
2026-07-20 14:40:00,4007.155,SHORT,4011.9950000000003,3999.895,4.840000000000016,340136,2026-07-20 14:45:00,4011.9950000000003,SL,-1.0,-4.8400000000001455,1
2026-07-20 15:50:00,4013.975,SHORT,4018.825714285714,4006.6989285714285,4.850714285714275,340150,2026-07-20 16:40:00,4006.6989285714285,TP,1.5,7.276071428571413,10
2026-07-20 18:10:00,4008.525,SHORT,4011.0964285714285,4004.6678571428574,2.5714285714285716,340178,2026-07-20 18:15:00,4011.0964285714285,SL,-1.0,-2.5714285714284415,1
2026-07-20 18:15:00,4007.815,SHORT,4010.574285714286,4003.6760714285715,2.759285714285722,340179,2026-07-20 18:20:00,4003.6760714285715,TP,1.5,4.138928571428551,1
2026-07-20 19:10:00,4004.395,SHORT,4007.3107142857143,4000.0214285714287,2.915714285714265,340190,2026-07-20 19:15:00,4007.3107142857143,SL,-1.0,-2.91571428571433,1
2026-07-20 19:20:00,4007.715,SHORT,4010.714285714286,4003.2160714285715,2.999285714285666,340192,2026-07-20 19:25:00,4010.714285714286,SL,-1.0,-2.9992857142856337,1
2026-07-20 19:55:00,4006.755,SHORT,4010.444285714286,4001.2210714285716,3.6892857142856883,340199,2026-07-20 22:25:00,4010.444285714286,SL,-1.0,-3.6892857142856883,18
2026-07-20 22:45:00,4001.605,SHORT,4004.410714285714,3997.3964285714287,2.8057142857143,340221,2026-07-20 23:00:00,4004.410714285714,SL,-1.0,-2.8057142857142026,3
2026-07-20 23:35:00,4004.685,SHORT,4009.015,3998.19,4.329999999999992,340231,2026-07-20 23:55:00,4009.015,SL,-1.0,-4.329999999999927,4
2026-07-21 00:20:00,4016.835,LONG,4012.5,4023.3375,4.335000000000036,340240,2026-07-21 00:40:00,4023.3375,TP,1.5,6.502500000000055,4
2026-07-21 02:05:00,4025.695,LONG,4020.327142857143,4033.746785714286,5.367857142857117,340261,2026-07-21 02:35:00,4033.746785714286,TP,1.5,8.05178571428587,6
2026-07-21 07:30:00,4073.135,LONG,4069.27,4078.9325000000003,3.8650000000000415,340326,2026-07-21 08:00:00,4069.27,SL,-1.0,-3.8650000000002365,6
2026-07-21 09:05:00,4065.815,LONG,4062.425,4070.9,3.390000000000035,340345,2026-07-21 09:25:00,4062.425,SL,-1.0,-3.3899999999998727,4
2026-07-21 10:10:00,4066.115,LONG,4062.357857142857,4071.750714285714,3.7571428571427856,340358,2026-07-21 10:55:00,4062.357857142857,SL,-1.0,-3.757142857142753,9
2026-07-21 12:30:00,4059.195,SHORT,4062.9035714285715,4053.632142857143,3.708571428571401,340386,2026-07-21 12:35:00,4053.632142857143,TP,1.5,5.562857142856956,1
2026-07-21 13:15:00,4055.515,SHORT,4060.7892857142856,4047.6035714285713,5.2742857142857575,340395,2026-07-21 13:30:00,4047.6035714285713,TP,1.5,7.911428571428587,3
2026-07-21 14:05:00,4054.615,SHORT,4060.5699999999997,4045.6825,5.955000000000025,340405,2026-07-21 14:10:00,4060.5699999999997,SL,-1.0,-5.954999999999927,1
2026-07-21 16:45:00,4071.975,LONG,4068.570714285714,4077.0814285714287,3.4042857142857366,340437,2026-07-21 17:40:00,4068.570714285714,SL,-1.0,-3.404285714285834,11
2026-07-21 22:35:00,4084.395,LONG,4082.0042857142857,4087.9810714285713,2.3907142857142065,340495,2026-07-21 22:45:00,4082.0042857142857,SL,-1.0,-2.390714285714239,2
2026-07-21 23:35:00,4081.475,LONG,4079.362857142857,4084.6432142857143,2.1121428571428362,340507,2026-07-21 23:40:00,4079.362857142857,SL,-1.0,-2.1121428571427714,1
2026-07-21 23:55:00,4080.375,LONG,4078.300714285714,4083.4864285714284,2.074285714285744,340511,2026-07-22 00:00:00,4078.300714285714,SL,-1.0,-2.0742857142859066,1
2026-07-22 00:00:00,4082.285,LONG,4080.055714285714,4085.6289285714283,2.229285714285749,340512,2026-07-22 00:05:00,4085.6289285714283,TP,1.5,3.343928571428478,1
2026-07-22 00:20:00,4096.715,LONG,4093.216428571429,4101.9628571428575,3.4985714285713976,340516,2026-07-22 00:30:00,4093.216428571429,SL,-1.0,-3.4985714285712675,2
2026-07-22 04:15:00,4127.775,LONG,4124.806428571428,4132.227857142857,2.968571428571522,340563,2026-07-22 04:30:00,4124.806428571428,SL,-1.0,-2.968571428571522,3
2026-07-22 04:40:00,4126.995,LONG,4124.431428571428,4130.840357142857,2.563571428571387,340568,2026-07-22 05:15:00,4124.431428571428,SL,-1.0,-2.563571428571777,7
2026-07-22 05:20:00,4124.315,LONG,4121.695714285714,4128.243928571428,2.6192857142857844,340576,2026-07-22 05:30:00,4128.243928571428,TP,1.5,3.9289285714285143,2
2026-07-22 05:30:00,4127.275,LONG,4124.376428571428,4131.622857142856,2.8985714285714885,340578,2026-07-22 05:35:00,4131.622857142856,TP,1.5,4.34785714285681,1
2026-07-22 05:40:00,4132.285,LONG,4129.053571428572,4137.132142857143,3.2314285714285558,340580,2026-07-22 05:50:00,4129.053571428572,SL,-1.0,-3.231428571428296,2
2026-07-22 06:30:00,4119.005,LONG,4114.295714285714,4126.068928571429,4.709285714285735,340590,2026-07-22 06:50:00,4114.295714285714,SL,-1.0,-4.709285714286125,4
2026-07-22 07:30:00,4118.025,SHORT,4122.427142857143,4111.421785714285,4.40214285714306,340602,2026-07-22 07:40:00,4111.421785714285,TP,1.5,6.603214285714785,2
2026-07-22 08:35:00,4116.615,SHORT,4120.1449999999995,4111.32,3.5299999999999403,340615,2026-07-22 09:00:00,4120.1449999999995,SL,-1.0,-3.5299999999997453,5
2026-07-22 09:30:00,4117.165,SHORT,4120.283571428571,4112.487142857143,3.1185714285711583,340626,2026-07-22 10:20:00,4120.283571428571,SL,-1.0,-3.1185714285711583,10
2026-07-22 10:50:00,4118.015,SHORT,4120.855714285714,4113.753928571429,2.840714285714252,340642,2026-07-22 11:15:00,4120.855714285714,SL,-1.0,-2.840714285714057,5
2026-07-22 16:15:00,4154.875,LONG,4150.699285714286,4161.138571428572,4.175714285714223,340707,2026-07-22 16:25:00,4150.699285714286,SL,-1.0,-4.175714285714093,2
2026-07-22 17:00:00,4146.785,LONG,4143.0707142857145,4152.356428571428,3.7142857142857144,340716,2026-07-22 17:05:00,4143.0707142857145,SL,-1.0,-3.7142857142853245,1
2026-07-22 17:10:00,4145.205,LONG,4141.518571428571,4150.734642857143,3.686428571428678,340718,2026-07-22 17:35:00,4141.518571428571,SL,-1.0,-3.6864285714291327,5
2026-07-22 20:30:00,4135.055,SHORT,4138.118571428572,4130.459642857143,3.063571428571452,340758,2026-07-22 20:40:00,4130.459642857143,TP,1.5,4.59535714285721,2
2026-07-22 22:40:00,4121.415,SHORT,4126.393285714285,4113.947571428572,4.978285714285708,340772,2026-07-22 22:55:00,4126.393285714285,SL,-1.0,-4.978285714285448,3
2026-07-23 00:45:00,4126.775,SHORT,4131.0199999999995,4120.407499999999,4.245000000000216,340797,2026-07-23 00:55:00,4131.0199999999995,SL,-1.0,-4.244999999999891,2
2026-07-23 03:55:00,4124.325,SHORT,4127.742857142857,4119.198214285714,3.417857142857169,340835,2026-07-23 04:15:00,4127.742857142857,SL,-1.0,-3.4178571428574287,4
2026-07-23 06:35:00,4120.695,SHORT,4124.538571428571,4114.929642857142,3.843571428571392,340867,2026-07-23 07:00:00,4114.929642857142,TP,1.5,5.765357142857283,5
2026-07-23 11:10:00,4087.535,SHORT,4091.2314285714283,4081.990357142857,3.6964285714285388,340922,2026-07-23 11:20:00,4081.990357142857,TP,1.5,5.544642857142662,2
2026-07-23 12:10:00,4081.335,SHORT,4085.857857142857,4074.550714285714,4.522857142857187,340934,2026-07-23 12:15:00,4074.550714285714,TP,1.5,6.784285714285943,1
2026-07-23 13:40:00,4056.075,SHORT,4064.0864285714283,4044.057857142857,8.011428571428528,340952,2026-07-23 13:55:00,4044.057857142857,TP,1.5,12.017142857142971,3
2026-07-23 14:50:00,4056.765,SHORT,4064.257857142857,4045.525714285714,7.492857142857149,340966,2026-07-23 15:20:00,4045.525714285714,TP,1.5,11.23928571428587,6
2026-07-23 15:20:00,4049.895,SHORT,4055.9435714285714,4040.822142857143,6.048571428571352,340972,2026-07-23 18:00:00,4040.822142857143,TP,1.5,9.072857142857174,32
2026-07-23 19:00:00,4045.045,SHORT,4047.949285714286,4040.688571428572,2.9042857142856713,341016,2026-07-23 19:20:00,4047.949285714286,SL,-1.0,-2.904285714285834,4
2026-07-23 19:30:00,4047.165,SHORT,4050.057142857143,4042.8267857142855,2.8921428571428414,341022,2026-07-23 19:50:00,4050.057142857143,SL,-1.0,-2.8921428571429715,4
2026-07-23 20:00:00,4048.695,SHORT,4051.491428571429,4044.5003571428574,2.7964285714286103,341028,2026-07-24 00:10:00,4044.5003571428574,TP,1.5,4.194642857142753,38
2026-07-24 00:45:00,4048.595,SHORT,4051.710714285714,4043.9214285714284,3.115714285714278,341073,2026-07-24 01:00:00,4043.9214285714284,TP,1.5,4.673571428571449,3
2026-07-24 02:00:00,4042.285,SHORT,4046.4971428571425,4035.9667857142854,4.212142857142908,341088,2026-07-24 02:25:00,4046.4971428571425,SL,-1.0,-4.21214285714268,5
2026-07-24 02:40:00,4041.475,SHORT,4044.927857142857,4036.295714285714,3.452857142857153,341096,2026-07-24 02:45:00,4036.295714285714,TP,1.5,5.179285714285925,1
2026-07-24 05:10:00,4027.335,SHORT,4029.6307142857145,4023.8914285714286,2.2957142857143418,341126,2026-07-24 05:15:00,4023.8914285714286,TP,1.5,3.443571428571431,1
2026-07-24 05:40:00,4024.445,SHORT,4028.2000000000003,4018.8125,3.755000000000012,341132,2026-07-24 05:45:00,4028.2000000000003,SL,-1.0,-3.755000000000109,1
2026-07-24 05:50:00,4023.375,SHORT,4027.587857142857,4017.055714285714,4.212857142857176,341134,2026-07-24 06:10:00,4027.587857142857,SL,-1.0,-4.212857142857047,4
2026-07-24 09:40:00,4055.565,LONG,4052.4978571428574,4060.1657142857143,3.067142857142796,341180,2026-07-24 10:00:00,4060.1657142857143,TP,1.5,4.600714285714275,4
2026-07-24 10:55:00,4059.955,LONG,4057.3592857142858,4063.8485714285716,2.5957142857143287,341195,2026-07-24 11:35:00,4057.3592857142858,SL,-1.0,-2.595714285714166,8
2026-07-24 11:55:00,4057.545,LONG,4054.4392857142857,4062.203571428571,3.105714285714222,341207,2026-07-24 12:00:00,4054.4392857142857,SL,-1.0,-3.1057142857143845,1
2026-07-24 12:25:00,4059.445,LONG,4055.714285714286,4065.0410714285717,3.7307142857142543,341213,2026-07-24 12:35:00,4055.714285714286,SL,-1.0,-3.7307142857143845,2
2026-07-24 12:50:00,4055.005,LONG,4050.8907142857142,4061.1764285714285,4.114285714285708,341218,2026-07-24 13:05:00,4050.8907142857142,SL,-1.0,-4.11428571428587,3
2026-07-24 14:55:00,4063.185,LONG,4057.2892857142856,4072.0285714285715,5.895714285714315,341243,2026-07-24 15:10:00,4072.0285714285715,TP,1.5,8.843571428571522,3
2026-07-24 16:50:00,4065.605,LONG,4062.502857142857,4070.258214285714,3.1021428571428453,341266,2026-07-24 18:00:00,4062.502857142857,SL,-1.0,-3.102142857143008,14
2026-07-24 19:45:00,4054.985,SHORT,4057.8700000000003,4050.6575000000003,2.8850000000000233,341301,2026-07-24 20:55:00,4050.6575000000003,TP,1.5,4.327499999999873,14
2026-07-27 01:45:00,4105.565,LONG,4099.79,4114.2275,5.775000000000026,341361,2026-07-27 02:30:00,4099.79,SL,-1.0,-5.774999999999636,9
2026-07-27 02:50:00,4096.165,LONG,4092.49,4101.6775,3.6750000000000194,341374,2026-07-27 03:00:00,4092.49,SL,-1.0,-3.675000000000182,2
2026-07-27 04:15:00,4087.595,SHORT,4090.517857142857,4083.210714285714,2.922857142857148,341391,2026-07-27 04:30:00,4090.517857142857,SL,-1.0,-2.922857142857083,3
2026-07-27 04:40:00,4090.115,SHORT,4092.4042857142854,4086.681071428571,2.289285714285662,341396,2026-07-27 05:05:00,4092.4042857142854,SL,-1.0,-2.2892857142855974,5
2026-07-27 09:25:00,4091.245,SHORT,4094.2414285714285,4086.7503571428574,2.9964285714284284,341453,2026-07-27 09:40:00,4094.2414285714285,SL,-1.0,-2.9964285714286234,3
2026-07-27 13:50:00,4083.905,SHORT,4089.6757142857145,4075.2489285714287,5.770714285714381,341506,2026-07-27 13:55:00,4075.2489285714287,TP,1.5,8.656071428571522,1
2026-07-27 15:30:00,4072.855,SHORT,4077.2464285714286,4066.2678571428573,4.39142857142854,341526,2026-07-27 15:50:00,4077.2464285714286,SL,-1.0,-4.391428571428605,4
2026-07-27 16:55:00,4082.055,LONG,4077.9849999999997,4088.16,4.069999999999969,341543,2026-07-27 17:00:00,4077.9849999999997,SL,-1.0,-4.070000000000164,1
2026-07-27 18:10:00,4076.415,SHORT,4079.203571428571,4072.2321428571427,2.7885714285714585,341558,2026-07-27 18:40:00,4079.203571428571,SL,-1.0,-2.788571428571231,6
2026-07-27 19:00:00,4077.015,SHORT,4079.575714285714,4073.1739285714284,2.5607142857141816,341568,2026-07-27 19:05:00,4079.575714285714,SL,-1.0,-2.5607142857143117,1
2026-07-27 20:05:00,4081.995,LONG,4078.997857142857,4086.490714285714,2.9971428571427947,341581,2026-07-27 20:20:00,4078.997857142857,SL,-1.0,-2.9971428571429897,3
2026-07-28 04:35:00,4045.405,SHORT,4047.96,4041.5725,2.5549999999998687,341671,2026-07-28 04:55:00,4041.5725,TP,1.5,3.832499999999982,4
2026-07-28 08:00:00,4050.995,LONG,4047.900714285714,4055.6364285714285,3.0942857142857583,341712,2026-07-28 08:10:00,4047.900714285714,SL,-1.0,-3.0942857142858884,2
2026-07-28 12:05:00,4025.955,SHORT,4029.8064285714286,4020.177857142857,3.851428571428609,341761,2026-07-28 12:15:00,4029.8064285714286,SL,-1.0,-3.8514285714286416,2
2026-07-28 12:30:00,4028.435,SHORT,4032.6121428571428,4022.1692857142857,4.177142857142924,341766,2026-07-28 12:40:00,4032.6121428571428,SL,-1.0,-4.177142857142826,2
2026-07-28 13:35:00,4021.765,SHORT,4027.302857142857,4013.4582142857143,5.537857142857125,341779,2026-07-28 13:50:00,4027.302857142857,SL,-1.0,-5.53785714285732,3
2026-07-28 13:55:00,4021.975,SHORT,4027.207857142857,4014.1257142857144,5.232857142857093,341783,2026-07-28 14:05:00,4027.207857142857,SL,-1.0,-5.2328571428570285,2
2026-07-28 14:10:00,4025.565,SHORT,4031.2614285714285,4017.0203571428574,5.696428571428474,341786,2026-07-28 14:20:00,4017.0203571428574,TP,1.5,8.544642857142662,2
2026-07-28 19:55:00,4026.225,SHORT,4028.4114285714286,4022.945357142857,2.186428571428613,341855,2026-07-28 20:00:00,4022.945357142857,TP,1.5,3.2796428571427896,1
2026-07-28 20:05:00,4022.855,SHORT,4025.1457142857143,4019.4189285714283,2.29071428571433,341857,2026-07-28 20:15:00,4025.1457142857143,SL,-1.0,-2.29071428571433,2
2026-07-28 20:35:00,4027.555,SHORT,4029.9235714285714,4024.0021428571426,2.368571428571418,341863,2026-07-28 20:40:00,4029.9235714285714,SL,-1.0,-2.368571428571613,1
2026-07-28 20:55:00,4027.875,SHORT,4030.0735714285715,4024.577142857143,2.19857142857141,341867,2026-07-28 22:00:00,4024.577142857143,TP,1.5,3.297857142857083,1
2026-07-28 22:10:00,4024.345,SHORT,4026.670714285714,4020.8564285714283,2.3257142857142816,341870,2026-07-28 22:20:00,4020.8564285714283,TP,1.5,3.488571428571504,2
2026-07-28 23:15:00,4016.185,SHORT,4020.13,4010.2675,3.9449999999999688,341883,2026-07-28 23:40:00,4020.13,SL,-1.0,-3.9450000000001637,5
2026-07-29 00:00:00,4021.415,SHORT,4025.475,4015.3250000000003,4.059999999999913,341892,2026-07-29 00:15:00,4025.475,SL,-1.0,-4.059999999999945,3
2026-07-29 01:10:00,4012.905,SHORT,4018.1400000000003,4005.0525000000002,5.234999999999998,341906,2026-07-29 01:25:00,4018.1400000000003,SL,-1.0,-5.235000000000127,3
2026-07-29 03:15:00,4027.935,LONG,4023.7214285714285,4034.255357142857,4.213571428571413,341931,2026-07-29 03:55:00,4023.7214285714285,SL,-1.0,-4.213571428571413,8
2026-07-29 04:45:00,4023.655,SHORT,4026.0835714285718,4020.012142857143,2.428571428571526,341949,2026-07-29 04:50:00,4026.0835714285718,SL,-1.0,-2.4285714285715585,1
2026-07-29 08:50:00,4039.005,LONG,4036.3734285714286,4042.952357142857,2.6315714285714358,341998,2026-07-29 09:00:00,4036.3734285714286,SL,-1.0,-2.631571428571533,2
2026-07-29 09:05:00,4037.525,LONG,4034.8762857142856,4041.4980714285716,2.648714285714277,342001,2026-07-29 09:20:00,4034.8762857142856,SL,-1.0,-2.6487142857145045,3
2026-07-29 11:30:00,4031.615,SHORT,4034.2599999999998,4027.6474999999996,2.6450000000000142,342030,2026-07-29 11:45:00,4034.2599999999998,SL,-1.0,-2.644999999999982,3
2026-07-29 12:00:00,4030.335,SHORT,4033.0007142857144,4026.3364285714288,2.6657142857142326,342036,2026-07-29 12:10:00,4026.3364285714288,TP,1.5,3.9985714285712675,2
2026-07-29 13:10:00,4015.525,SHORT,4020.667142857143,4007.8117857142856,5.142142857142907,342050,2026-07-29 13:20:00,4020.667142857143,SL,-1.0,-5.1421428571429715,2
2026-07-29 15:30:00,4010.125,SHORT,4014.9557142857143,4002.878928571429,4.830714285714229,342078,2026-07-29 16:05:00,4014.9557142857143,SL,-1.0,-4.8307142857142935,7
2026-07-29 16:10:00,4009.365,SHORT,4013.6192857142855,4002.9835714285714,4.254285714285645,342086,2026-07-29 16:20:00,4013.6192857142855,SL,-1.0,-4.254285714285743,2
2026-07-29 18:50:00,4104.615,LONG,4090.2549999999997,4126.155,14.36000000000003,342118,2026-07-29 19:10:00,4090.2549999999997,SL,-1.0,-14.360000000000127,4
2026-07-29 19:45:00,4071.345,LONG,4058.911428571428,4089.9953571428573,12.433571428571538,342129,2026-07-29 19:55:00,4058.911428571428,SL,-1.0,-12.433571428571668,2
2026-07-29 22:10:00,4076.185,LONG,4069.6232142857143,4086.0276785714286,6.561785714285763,342146,2026-07-29 22:55:00,4086.0276785714286,TP,1.5,9.842678571428678,9
2026-07-30 02:20:00,4082.745,LONG,4077.8292857142856,4090.118571428571,4.91571428571433,342196,2026-07-30 02:30:00,4077.8292857142856,SL,-1.0,-4.91571428571433,2
2026-07-30 05:45:00,4031.815,SHORT,4037.7835714285716,4022.8621428571428,5.968571428571457,342237,2026-07-30 06:00:00,4037.7835714285716,SL,-1.0,-5.968571428571522,3
2026-07-30 07:50:00,4040.695,SHORT,4046.1707142857144,4032.4814285714288,5.475714285714308,342262,2026-07-30 08:05:00,4046.1707142857144,SL,-1.0,-5.475714285714275,3
2026-07-30 12:00:00,4078.115,LONG,4074.487857142857,4083.555714285714,3.627142857142839,342312,2026-07-30 12:15:00,4074.487857142857,SL,-1.0,-3.627142857142644,3
2026-07-30 12:20:00,4076.155,LONG,4071.9407142857144,4082.4764285714286,4.214285714285714,342316,2026-07-30 12:30:00,4071.9407142857144,SL,-1.0,-4.214285714285779,2
2026-07-30 13:10:00,4076.515,LONG,4069.1121428571428,4087.6192857142855,7.402857142857166,342326,2026-07-30 13:35:00,4087.6192857142855,TP,1.5,11.104285714285652,5
2026-07-30 14:25:00,4095.865,LONG,4084.0289285714284,4113.619107142857,11.836071428571293,342341,2026-07-30 15:10:00,4084.0289285714284,SL,-1.0,-11.836071428571358,9
2026-07-30 15:15:00,4095.675,LONG,4087.632857142857,4107.738214285714,8.0421428571429,342351,2026-07-30 15:50:00,4107.738214285714,TP,1.5,12.063214285713912,7
2026-07-30 16:55:00,4110.525,LONG,4106.359285714286,4116.773571428571,4.165714285714265,342371,2026-07-30 17:10:00,4106.359285714286,SL,-1.0,-4.165714285713875,3
2026-07-30 17:20:00,4107.865,LONG,4104.302142857143,4113.209285714285,3.562857142857086,342376,2026-07-30 17:25:00,4104.302142857143,SL,-1.0,-3.5628571428569558,1
2026-07-30 18:05:00,4106.095,LONG,4102.0935714285715,4112.097142857143,4.001428571428538,342385,2026-07-30 18:20:00,4102.0935714285715,SL,-1.0,-4.0014285714287325,3
2026-07-30 18:25:00,4103.325,LONG,4099.448571428571,4109.1396428571425,3.8764285714286677,342389,2026-07-30 18:50:00,4099.448571428571,SL,-1.0,-3.8764285714287325,5
2026-07-30 19:15:00,4110.465,LONG,4106.933571428572,4115.762142857143,3.531428571428608,342399,2026-07-30 20:00:00,4115.762142857143,TP,1.5,5.297142857142717,9
2026-07-30 22:40:00,4110.205,LONG,4107.000714285714,4115.011428571428,3.204285714285626,342428,2026-07-30 23:10:00,4107.000714285714,SL,-1.0,-3.2042857142860157,6
2026-07-31 01:10:00,4088.795,SHORT,4093.3264285714286,4081.9978571428574,4.531428571428511,342458,2026-07-31 01:15:00,4093.3264285714286,SL,-1.0,-4.531428571428478,1
2026-07-31 02:25:00,4081.915,SHORT,4085.932142857143,4075.8892857142855,4.017142857142874,342473,2026-07-31 02:40:00,4075.8892857142855,TP,1.5,6.025714285714457,3
2026-07-31 03:40:00,4076.045,SHORT,4079.329285714286,4071.1185714285716,3.284285714285748,342488,2026-07-31 04:25:00,4079.329285714286,SL,-1.0,-3.284285714285943,9
2026-07-31 04:40:00,4078.925,SHORT,4081.5428571428574,4074.9982142857143,2.6178571428571167,342500,2026-07-31 04:50:00,4074.9982142857143,TP,1.5,3.92678571428587,2
2026-07-31 05:25:00,4080.505,SHORT,4083.322142857143,4076.279285714286,2.817142857142861,342509,2026-07-31 05:40:00,4076.279285714286,TP,1.5,4.225714285714275,3
2026-07-31 05:40:00,4076.095,SHORT,4079.0692857142853,4071.633571428571,2.9742857142857053,342512,2026-07-31 06:05:00,4079.0692857142853,SL,-1.0,-2.974285714285543,5
2026-07-31 06:40:00,4077.875,SHORT,4081.924285714286,4071.8010714285715,4.049285714285686,342524,2026-07-31 07:25:00,4071.8010714285715,TP,1.5,6.073928571428496,9
2026-07-31 10:20:00,4051.975,SHORT,4054.902857142857,4047.5832142857143,2.92785714285716,342568,2026-07-31 10:30:00,4054.902857142857,SL,-1.0,-2.9278571428571922,2
2026-07-31 10:35:00,4053.555,SHORT,4056.4114285714286,4049.270357142857,2.8564285714286206,342571,2026-07-31 10:45:00,4056.4114285714286,SL,-1.0,-2.8564285714287507,2
2026-07-31 11:10:00,4056.855,SHORT,4059.635714285714,4052.6839285714286,2.7807142857143066,342578,2026-07-31 11:20:00,4059.635714285714,SL,-1.0,-2.7807142857141116,2
2026-07-31 11:35:00,4052.985,SHORT,4056.264285714286,4048.0660714285714,3.279285714285769,342583,2026-07-31 12:00:00,4056.264285714286,SL,-1.0,-3.279285714285834,5
2026-07-31 12:05:00,4056.925,SHORT,4060.404285714286,4051.7060714285717,3.4792857142857168,342589,2026-07-31 12:20:00,4051.7060714285717,TP,1.5,5.218928571428478,3
2026-07-31 12:35:00,4044.325,SHORT,4048.7614285714285,4037.670357142857,4.436428571428548,342595,2026-07-31 13:00:00,4037.670357142857,TP,1.5,6.65464285714279,5
2026-07-31 16:00:00,4043.955,SHORT,4048.852857142857,4036.608214285714,4.8978571428572195,342636,2026-07-31 16:30:00,4048.852857142857,SL,-1.0,-4.897857142856992,6
2026-07-31 16:50:00,4043.365,SHORT,4046.7535714285714,4038.2821428571424,3.3885714285714648,342646,2026-07-31 17:15:00,4046.7535714285714,SL,-1.0,-3.388571428571595,5
2026-07-31 17:20:00,4047.495,LONG,4044.2507142857144,4052.3614285714284,3.2442857142857195,342652,2026-07-31 17:25:00,4052.3614285714284,TP,1.5,4.866428571428514,1
2026-07-31 18:45:00,4049.705,LONG,4046.9014285714284,4053.910357142857,2.803571428571331,342669,2026-07-31 19:10:00,4046.9014285714284,SL,-1.0,-2.8035714285715585,5
2026-07-31 19:40:00,4053.935,LONG,4051.3928571428573,4057.7482142857143,2.5421428571428026,342680,2026-07-31 19:50:00,4051.3928571428573,SL,-1.0,-2.5421428571426077,2
2026-08-02 23:10:00,4066.345,LONG,4061.660714285714,4073.371428571428,4.684285714285709,342710,2026-08-02 23:50:00,4073.371428571428,TP,1.5,7.026428571428369,8
2026-08-03 02:05:00,4055.685,SHORT,4061.674285714286,4046.7010714285716,5.989285714285676,342745,2026-08-03 02:45:00,4061.674285714286,SL,-1.0,-5.98928571428587,8
2026-08-03 02:50:00,4062.485,SHORT,4068.052857142857,4054.1332142857145,5.567857142857163,342754,2026-08-03 04:05:00,4068.052857142857,SL,-1.0,-5.567857142857065,15
2026-08-03 08:15:00,4057.625,SHORT,4061.3235714285715,4052.077142857143,3.6985714285714755,342819,2026-08-03 09:10:00,4061.3235714285715,SL,-1.0,-3.6985714285715403,11
2026-08-03 09:55:00,4055.115,SHORT,4058.840714285714,4049.5264285714284,3.7257142857143077,342839,2026-08-03 10:40:00,4049.5264285714284,TP,1.5,5.588571428571413,9
2026-08-03 12:25:00,4050.595,SHORT,4054.807857142857,4044.275714285714,4.212857142857144,342869,2026-08-03 12:40:00,4044.275714285714,TP,1.5,6.319285714285797,3
2026-08-03 13:10:00,4038.625,SHORT,4043.779285714286,4030.8935714285712,5.154285714285736,342878,2026-08-03 13:30:00,4030.8935714285712,TP,1.5,7.731428571428751,4
2026-08-03 14:25:00,4032.305,SHORT,4038.66,4022.7724999999996,6.355000000000116,342893,2026-08-03 14:55:00,4038.66,SL,-1.0,-6.355000000000018,6
2026-08-03 15:00:00,4031.815,SHORT,4036.845714285714,4024.2689285714287,5.030714285714274,342900,2026-08-03 15:05:00,4036.845714285714,SL,-1.0,-5.030714285714112,1
2026-08-03 15:40:00,4036.565,SHORT,4040.8885714285716,4030.079642857143,4.323571428571378,342908,2026-08-03 17:55:00,4030.079642857143,TP,1.5,6.485357142857083,27
2026-08-03 18:20:00,4036.975,SHORT,4039.7321428571427,4032.839285714286,2.7571428571428505,342940,2026-08-03 18:40:00,4039.7321428571427,SL,-1.0,-2.757142857142753,4
2026-08-03 22:10:00,4051.195,LONG,4048.7228571428573,4054.9032142857145,2.472142857142834,342974,2026-08-04 00:00:00,4054.9032142857145,TP,1.5,3.708214285714348,22
2026-08-04 01:30:00,4048.735,SHORT,4052.662142857143,4042.844285714286,3.927142857142891,343014,2026-08-04 01:35:00,4052.662142857143,SL,-1.0,-3.927142857142826,1
2026-08-04 01:50:00,4059.405,LONG,4054.6242857142856,4066.5760714285716,4.780714285714372,343018,2026-08-04 03:40:00,4054.6242857142856,SL,-1.0,-4.780714285714566,22
2026-08-04 04:35:00,4063.185,LONG,4060.3371428571427,4067.4567857142856,2.847857142857135,343051,2026-08-04 05:05:00,4060.3371428571427,SL,-1.0,-2.847857142857265,6
2026-08-04 05:15:00,4061.725,LONG,4058.6521428571427,4066.3342857142857,3.072857142857077,343059,2026-08-04 05:30:00,4066.3342857142857,TP,1.5,4.609285714285761,3
2026-08-04 05:55:00,4061.575,LONG,4058.022857142857,4066.903214285714,3.552142857142761,343067,2026-08-04 06:30:00,4058.022857142857,SL,-1.0,-3.552142857142826,7
2026-08-04 06:55:00,4063.225,LONG,4059.832857142857,4068.3132142857144,3.392142857142939,343079,2026-08-04 08:00:00,4068.3132142857144,TP,1.5,5.088214285714457,13
2026-08-04 08:25:00,4063.255,LONG,4059.6685714285713,4068.634642857143,3.5864285714285415,343097,2026-08-04 08:35:00,4059.6685714285713,SL,-1.0,-3.586428571428769,2
2026-08-04 13:30:00,4083.045,LONG,4075.6257142857144,4094.1739285714284,7.419285714285642,343158,2026-08-04 14:35:00,4075.6257142857144,SL,-1.0,-7.4192857142857065,13
2026-08-04 14:40:00,4079.735,LONG,4072.7825000000003,4090.16375,6.952500000000002,343172,2026-08-04 16:45:00,4090.16375,TP,1.5,10.428750000000036,25
2026-08-04 17:35:00,4094.655,LONG,4090.4037857142857,4101.031821428572,4.251214285714306,343207,2026-08-04 17:50:00,4090.4037857142857,SL,-1.0,-4.251214285714468,3
2026-08-04 18:10:00,4088.545,LONG,4084.766642857143,4094.212535714286,3.778357142857073,343214,2026-08-04 18:25:00,4084.766642857143,SL,-1.0,-3.778357142857203,3
2026-08-05 00:05:00,4072.135,SHORT,4075.4728571428573,4067.1282142857144,3.337857142857177,343273,2026-08-05 00:20:00,4075.4728571428573,SL,-1.0,-3.3378571428570467,3
2026-08-05 07:35:00,4164.885,LONG,4160.282857142857,4171.788214285714,4.602142857143008,343363,2026-08-05 07:55:00,4171.788214285714,TP,1.5,6.903214285714057,4
2026-08-05 08:30:00,4165.165,LONG,4161.316428571428,4170.937857142857,3.8485714285714363,343374,2026-08-05 08:40:00,4161.316428571428,SL,-1.0,-3.8485714285716313,2
2026-08-05 08:40:00,4165.905,LONG,4162.091428571428,4171.625357142857,3.813571428571387,343376,2026-08-05 08:45:00,4162.091428571428,SL,-1.0,-3.813571428571777,1
2026-08-05 13:00:00,4193.785,LONG,4186.537857142857,4204.655714285715,7.24714285714286,343428,2026-08-05 13:15:00,4186.537857142857,SL,-1.0,-7.247142857142535,3
2026-08-05 13:15:00,4190.235,LONG,4182.754999999999,4201.455,7.480000000000018,343431,2026-08-05 13:30:00,4201.455,TP,1.5,11.220000000000255,3
2026-08-05 16:05:00,4235.325,LONG,4227.08,4247.692499999999,8.244999999999825,343465,2026-08-05 17:30:00,4247.692499999999,TP,1.5,12.367499999999382,17
2026-08-05 17:30:00,4247.935,LONG,4243.052142857143,4255.259285714286,4.8828571428571195,343482,2026-08-05 18:05:00,4255.259285714286,TP,1.5,7.324285714285907,7
2026-08-05 19:35:00,4250.095,LONG,4245.774285714286,4256.576071428572,4.32071428571427,343507,2026-08-05 20:15:00,4245.774285714286,SL,-1.0,-4.32071428571453,8
2026-08-05 23:10:00,4256.125,LONG,4253.509642857143,4260.048035714286,2.6153571428571922,343538,2026-08-05 23:15:00,4260.048035714286,TP,1.5,3.9230357142860157,1
2026-08-06 00:15:00,4274.365,LONG,4266.882857142857,4285.5882142857145,7.4821428571429225,343551,2026-08-06 00:30:00,4285.5882142857145,TP,1.5,11.223214285714675,3
2026-08-06 02:40:00,4285.375,LONG,4277.292857142857,4297.498214285714,8.08214285714283,343580,2026-08-06 02:45:00,4277.292857142857,SL,-1.0,-8.082142857142571,1
2026-08-06 05:45:00,4262.235,SHORT,4266.53,4255.7925,4.295000000000073,343617,2026-08-06 05:50:00,4266.53,SL,-1.0,-4.295000000000073,1
2026-08-06 07:30:00,4259.705,SHORT,4263.825,4253.525,4.119999999999956,343638,2026-08-06 07:45:00,4253.525,TP,1.5,6.180000000000291,3
2026-08-06 07:45:00,4253.955,SHORT,4258.237857142857,4247.530714285715,4.28285714285721,343641,2026-08-06 07:50:00,4258.237857142857,SL,-1.0,-4.28285714285721,1
2026-08-06 08:00:00,4261.285,SHORT,4265.605,4254.805,4.319999999999969,343644,2026-08-06 08:10:00,4265.605,SL,-1.0,-4.319999999999709,2
2026-08-06 10:20:00,4270.625,LONG,4266.669285714286,4276.558571428572,3.9557142857142935,343672,2026-08-06 10:30:00,4266.669285714286,SL,-1.0,-3.9557142857138388,2
2026-08-06 10:35:00,4268.525,LONG,4264.893571428571,4273.972142857143,3.6314285714286467,343675,2026-08-06 10:40:00,4264.893571428571,SL,-1.0,-3.6314285714288417,1
2026-08-06 12:05:00,4257.505,SHORT,4262.615714285715,4249.838928571428,5.110714285714429,343693,2026-08-06 12:20:00,4262.615714285715,SL,-1.0,-5.110714285714494,3
2026-08-06 12:55:00,4249.945,SHORT,4256.376428571428,4240.297857142857,6.431428571428569,343703,2026-08-06 13:05:00,4240.297857142857,TP,1.5,9.64714285714308,2
2026-08-06 14:40:00,4273.315,LONG,4265.112142857142,4285.619285714285,8.202857142856958,343724,2026-08-06 14:45:00,4265.112142857142,SL,-1.0,-8.202857142857283,1
2026-08-06 14:55:00,4272.775,LONG,4265.535,4283.634999999999,7.239999999999847,343727,2026-08-06 15:05:00,4265.535,SL,-1.0,-7.239999999999782,2
2026-08-06 17:10:00,4240.735,SHORT,4245.967857142857,4232.885714285714,5.2328571428570285,343754,2026-08-06 17:50:00,4245.967857142857,SL,-1.0,-5.2328571428570285,8
2026-08-06 18:00:00,4245.545,SHORT,4249.189285714286,4240.078571428571,3.6442857142856804,343764,2026-08-06 18:20:00,4249.189285714286,SL,-1.0,-3.6442857142856155,4
2026-08-06 18:50:00,4241.505,SHORT,4244.747857142857,4236.640714285714,3.242857142857052,343774,2026-08-06 19:00:00,4244.747857142857,SL,-1.0,-3.242857142857247,2
2026-08-06 19:35:00,4236.345,SHORT,4240.397142857143,4230.266785714286,4.052142857142891,343783,2026-08-06 19:50:00,4240.397142857143,SL,-1.0,-4.052142857142826,3
2026-08-06 20:15:00,4243.935,SHORT,4248.779285714286,4236.668571428571,4.8442857142858236,343791,2026-08-06 20:40:00,4236.668571428571,TP,1.5,7.26642857142906,5
2026-08-06 22:00:00,4236.295,SHORT,4239.895714285714,4230.893928571429,3.6007142857142105,343800,2026-08-06 22:15:00,4239.895714285714,SL,-1.0,-3.6007142857142753,3
2026-08-06 22:30:00,4241.255,SHORT,4244.5314285714285,4236.340357142857,3.2764285714284336,343806,2026-08-06 23:05:00,4244.5314285714285,SL,-1.0,-3.2764285714283687,7
2026-08-07 01:50:00,4254.285,LONG,4247.893571428572,4263.8721428571425,6.39142857142854,343846,2026-08-07 02:45:00,4247.893571428572,SL,-1.0,-6.3914285714281505,11
2026-08-07 02:45:00,4250.815,LONG,4245.779285714285,4258.368571428571,5.035714285714286,343857,2026-08-07 03:00:00,4258.368571428571,TP,1.5,7.5535714285715585,3
2026-08-07 03:00:00,4258.065,LONG,4253.205,4265.355,4.860000000000127,343860,2026-08-07 03:10:00,4253.205,SL,-1.0,-4.859999999999673,2
2026-08-07 03:35:00,4260.215,LONG,4255.3835714285715,4267.462142857143,4.83142857142853,343867,2026-08-07 04:00:00,4267.462142857143,TP,1.5,7.247142857142535,5
2026-08-07 04:45:00,4263.805,LONG,4259.592142857143,4270.124285714286,4.2128571428571115,343881,2026-08-07 05:10:00,4270.124285714286,TP,1.5,6.319285714285797,5
2026-08-07 05:30:00,4274.735,LONG,4270.421428571428,4281.205357142857,4.313571428571582,343890,2026-08-07 05:40:00,4270.421428571428,SL,-1.0,-4.313571428571777,2
2026-08-07 09:50:00,4317.625,LONG,4312.8721428571425,4324.754285714285,4.752857142857075,343942,2026-08-07 10:05:00,4312.8721428571425,SL,-1.0,-4.752857142857465,3
2026-08-07 10:25:00,4313.545,LONG,4308.275000000001,4321.45,5.269999999999852,343949,2026-08-07 11:00:00,4321.45,TP,1.5,7.904999999999745,7
2026-08-07 12:35:00,4364.315,LONG,4354.123571428571,4379.602142857142,10.191428571428528,343975,2026-08-07 13:00:00,4354.123571428571,SL,-1.0,-10.191428571428332,5
2026-08-07 14:15:00,4345.805,LONG,4335.152857142857,4361.783214285714,10.6521428571428,343995,2026-08-07 16:25:00,4335.152857142857,SL,-1.0,-10.65214285714319,26
2026-08-07 17:30:00,4336.615,SHORT,4341.780714285714,4328.8664285714285,5.165714285714265,344034,2026-08-07 17:55:00,4341.780714285714,SL,-1.0,-5.165714285713875,5
2026-08-07 17:55:00,4340.055,SHORT,4344.8321428571435,4332.889285714286,4.777142857142865,344039,2026-08-07 18:20:00,4332.889285714286,TP,1.5,7.165714285713875,5
2026-08-07 18:20:00,4333.335,SHORT,4337.693571428571,4326.797142857143,4.35857142857133,344044,2026-08-07 18:35:00,4337.693571428571,SL,-1.0,-4.35857142857094,3
2026-08-07 18:35:00,4336.935,SHORT,4341.052857142858,4330.7582142857145,4.117857142857052,344047,2026-08-07 19:00:00,4341.052857142858,SL,-1.0,-4.117857142857247,5
2026-08-07 19:15:00,4347.085,LONG,4342.592857142858,4353.823214285714,4.492142857142686,344055,2026-08-07 19:50:00,4342.592857142858,SL,-1.0,-4.492142857142426,7
2026-08-07 19:55:00,4343.855,LONG,4339.4742857142855,4350.426071428571,4.380714285714215,344063,2026-08-07 20:10:00,4339.4742857142855,SL,-1.0,-4.380714285714021,3
2026-08-07 20:10:00,4342.325,LONG,4338.330714285714,4348.316428571428,3.9942857142856547,344066,2026-08-07 20:25:00,4338.330714285714,SL,-1.0,-3.9942857142859793,3
2026-08-09 22:45:00,4342.135,LONG,4336.9007142857145,4349.986428571428,5.234285714285631,344085,2026-08-09 23:55:00,4336.9007142857145,SL,-1.0,-5.234285714285761,14
2026-08-10 00:00:00,4340.365,LONG,4336.268571428571,4346.509642857142,4.096428571428662,344100,2026-08-10 00:10:00,4346.509642857142,TP,1.5,6.144642857142571,2
2026-08-10 00:30:00,4335.815,SHORT,4340.588571428571,4328.654642857142,4.773571428571553,344106,2026-08-10 01:00:00,4340.588571428571,SL,-1.0,-4.773571428571813,6
2026-08-10 02:45:00,4322.915,SHORT,4328.088571428571,4315.154642857143,5.173571428571255,344133,2026-08-10 03:30:00,4328.088571428571,SL,-1.0,-5.173571428571449,9
2026-08-10 03:35:00,4325.915,SHORT,4330.311428571428,4319.320357142858,4.39642857142852,344143,2026-08-10 04:10:00,4330.311428571428,SL,-1.0,-4.39642857142826,7
2026-08-10 05:20:00,4335.005,LONG,4331.352857142857,4340.483214285715,3.652142857142995,344164,2026-08-10 05:30:00,4331.352857142857,SL,-1.0,-3.6521428571431898,2
2026-08-10 05:30:00,4339.955,LONG,4336.012142857143,4345.869285714286,3.942857142857195,344166,2026-08-10 05:45:00,4345.869285714286,TP,1.5,5.914285714286052,3
2026-08-10 05:45:00,4345.335,LONG,4340.928571428572,4351.944642857143,4.406428571428672,344169,2026-08-10 06:40:00,4351.944642857143,TP,1.5,6.609642857142717,11
2026-08-10 09:10:00,4349.365,LONG,4345.675714285714,4354.898928571429,3.6892857142858184,344210,2026-08-10 09:25:00,4345.675714285714,SL,-1.0,-3.6892857142856883,3
2026-08-10 12:10:00,4331.525,SHORT,4335.413571428571,4325.692142857142,3.88857142857153,344246,2026-08-10 12:25:00,4325.692142857142,TP,1.5,5.832857142857392,3
2026-08-10 13:00:00,4329.015,SHORT,4333.608571428572,4322.124642857143,4.593571428571522,344256,2026-08-10 13:05:00,4333.608571428572,SL,-1.0,-4.593571428571522,1
2026-08-10 16:50:00,4353.415,LONG,4348.6449999999995,4360.57,4.770000000000047,344302,2026-08-10 17:25:00,4360.57,TP,1.5,7.154999999999745,7
2026-08-10 23:40:00,4398.515,LONG,4395.4171428571435,4403.161785714286,3.0978571428572,344372,2026-08-11 00:00:00,4403.161785714286,TP,1.5,4.646785714286125,4
2026-08-11 00:05:00,4405.765,LONG,4402.205571428572,4411.104142857143,3.5594285714286604,344377,2026-08-11 00:20:00,4411.104142857143,TP,1.5,5.339142857143088,3
2026-08-11 03:05:00,4413.545,LONG,4407.1728571428575,4423.103214285715,6.37214285714299,344413,2026-08-11 04:45:00,4407.1728571428575,SL,-1.0,-6.372142857142535,20
2026-08-11 08:45:00,4374.135,SHORT,4378.138571428572,4368.129642857143,4.003571428571312,344481,2026-08-11 09:00:00,4368.129642857143,TP,1.5,6.005357142857065,3
2026-08-11 09:05:00,4370.175,SHORT,4374.46,4363.7475,4.284999999999725,344485,2026-08-11 09:20:00,4374.46,SL,-1.0,-4.2849999999998545,3
2026-08-11 09:25:00,4371.745,SHORT,4375.700714285714,4365.811428571429,3.9557142857140986,344489,2026-08-11 10:10:00,4375.700714285714,SL,-1.0,-3.9557142857138388,9
2026-08-11 10:10:00,4372.925,SHORT,4376.299285714286,4367.863571428571,3.3742857142858287,344498,2026-08-11 10:20:00,4376.299285714286,SL,-1.0,-3.3742857142860885,2
2026-08-11 14:10:00,4386.855,LONG,4379.3492857142855,4398.113571428571,7.50571428571415,344546,2026-08-11 15:00:00,4398.113571428571,TP,1.5,11.258571428571486,10
2026-08-11 16:10:00,4379.295,SHORT,4385.327142857143,4370.246785714286,6.032142857142974,344570,2026-08-11 16:40:00,4385.327142857143,SL,-1.0,-6.032142857143299,6
2026-08-11 16:45:00,4382.615,SHORT,4386.402142857143,4376.934285714286,3.7871428571429533,344577,2026-08-11 17:30:00,4376.934285714286,TP,1.5,5.680714285714203,9
2026-08-11 17:40:00,4376.045,SHORT,4379.559285714286,4370.773571428572,3.5142857142857014,344588,2026-08-11 17:55:00,4370.773571428572,TP,1.5,5.27142857142826,3
2026-08-11 19:10:00,4363.735,SHORT,4367.672142857143,4357.829285714286,3.9371428571427196,344606,2026-08-11 19:20:00,4367.672142857143,SL,-1.0,-3.9371428571430442,2
2026-08-11 20:15:00,4368.045,SHORT,4371.625714285715,4362.673928571428,3.5807142857144236,344619,2026-08-11 22:00:00,4371.625714285715,SL,-1.0,-3.5807142857147483,9
2026-08-11 22:10:00,4373.855,SHORT,4375.907142857142,4370.776785714285,2.052142857142956,344630,2026-08-11 22:20:00,4375.907142857142,SL,-1.0,-2.052142857142826,2
2026-08-12 04:20:00,4397.305,LONG,4394.426428571429,4401.622857142857,2.8785714285716364,344704,2026-08-12 04:45:00,4401.622857142857,TP,1.5,4.317857142857065,5
2026-08-12 05:00:00,4401.425,LONG,4398.832857142857,4405.313214285715,2.5921428571429197,344712,2026-08-12 05:15:00,4398.832857142857,SL,-1.0,-2.5921428571427896,3
2026-08-12 08:40:00,4405.865,LONG,4402.985714285714,4410.183928571429,2.879285714285938,344756,2026-08-12 08:45:00,4402.985714285714,SL,-1.0,-2.8792857142861976,1
2026-08-12 10:40:00,4414.605,LONG,4411.4178571428565,4419.385714285714,3.1871428571428493,344780,2026-08-12 10:45:00,4411.4178571428565,SL,-1.0,-3.1871428571430442,1
2026-08-12 11:40:00,4413.135,LONG,4409.47,4418.6325,3.664999999999899,344792,2026-08-12 12:00:00,4409.47,SL,-1.0,-3.6649999999999636,4
2026-08-12 12:10:00,4408.515,LONG,4405.418571428571,4413.159642857143,3.0964285714285973,344798,2026-08-12 12:20:00,4405.418571428571,SL,-1.0,-3.096428571428987,2
2026-08-12 12:35:00,4428.675,LONG,4420.0821428571435,4441.564285714286,8.592857142857156,344803,2026-08-12 12:45:00,4420.0821428571435,SL,-1.0,-8.592857142856701,2
2026-08-12 13:25:00,4418.185,LONG,4404.383571428572,4438.887142857143,13.80142857142846,344813,2026-08-12 14:20:00,4438.887142857143,TP,1.5,20.702142857142462,11
2026-08-12 14:50:00,4422.515,LONG,4414.172142857144,4435.029285714286,8.34285714285709,344830,2026-08-12 15:45:00,4414.172142857144,SL,-1.0,-8.342857142856701,11
2026-08-12 16:20:00,4425.985,LONG,4420.670714285714,4433.956428571428,5.314285714285688,344848,2026-08-12 16:30:00,4420.670714285714,SL,-1.0,-5.314285714285688,2
2026-08-12 17:50:00,4400.015,SHORT,4405.325000000001,4392.05,5.310000000000075,344866,2026-08-12 18:10:00,4405.325000000001,SL,-1.0,-5.3100000000004,4
2026-08-12 20:05:00,4410.305,SHORT,4413.21,4405.9475,2.90499999999981,344893,2026-08-12 22:00:00,4405.9475,TP,1.5,4.357500000000073,11
2026-08-13 01:05:00,4434.335,LONG,4425.825,4447.1,8.510000000000023,344941,2026-08-13 01:20:00,4425.825,SL,-1.0,-8.510000000000218,3
2026-08-13 01:30:00,4428.005,LONG,4419.3207142857145,4441.0314285714285,8.684285714285839,344946,2026-08-13 01:40:00,4419.3207142857145,SL,-1.0,-8.68428571428558,2
2026-08-13 01:50:00,4415.285,LONG,4407.817142857142,4426.486785714285,7.467857142857221,344950,2026-08-13 01:55:00,4407.817142857142,SL,-1.0,-7.467857142857611,1
2026-08-13 03:45:00,4405.205,SHORT,4408.7978571428575,4399.815714285714,3.592857142857156,344973,2026-08-13 03:55:00,4399.815714285714,TP,1.5,5.389285714285506,2
2026-08-13 05:30:00,4397.185,SHORT,4401.625,4390.525000000001,4.439999999999925,344994,2026-08-13 05:40:00,4390.525000000001,TP,1.5,6.6599999999998545,2
2026-08-13 07:55:00,4369.795,SHORT,4373.665,4363.99,3.8700000000002155,345023,2026-08-13 08:10:00,4363.99,TP,1.5,5.805000000000291,3
2026-08-13 08:35:00,4373.465,SHORT,4377.813571428572,4366.942142857143,4.348571428571502,345031,2026-08-13 08:45:00,4377.813571428572,SL,-1.0,-4.348571428571631,2
2026-08-13 09:10:00,4376.795,SHORT,4380.477857142857,4371.270714285714,3.6828571428571064,345038,2026-08-13 09:15:00,4380.477857142857,SL,-1.0,-3.6828571428568466,1
2026-08-13 12:25:00,4390.645,LONG,4386.522142857143,4396.829285714286,4.122857142857096,345077,2026-08-13 12:30:00,4386.522142857143,SL,-1.0,-4.122857142857356,1
2026-08-13 12:40:00,4391.955,LONG,4386.091428571429,4400.750357142857,5.863571428571374,345080,2026-08-13 12:55:00,4400.750357142857,TP,1.5,8.795357142857029,3
2026-08-13 12:55:00,4401.615,LONG,4395.112857142857,4411.368214285714,6.502142857142904,345083,2026-08-13 13:00:00,4395.112857142857,SL,-1.0,-6.502142857142644,1
2026-08-13 13:35:00,4382.285,LONG,4374.285714285715,4394.283928571428,7.999285714285569,345091,2026-08-13 13:50:00,4374.285714285715,SL,-1.0,-7.999285714285179,3
2026-08-13 14:55:00,4383.485,SHORT,4391.565,4371.365,8.080000000000057,345107,2026-08-13 15:05:00,4371.365,TP,1.5,12.11999999999989,2
2026-08-13 16:50:00,4365.085,SHORT,4369.526428571428,4358.4228571428575,4.441428571428527,345130,2026-08-13 17:05:00,4369.526428571428,SL,-1.0,-4.441428571428332,3
2026-08-13 17:10:00,4371.235,SHORT,4375.650714285714,4364.611428571428,4.41571428571433,345134,2026-08-13 17:25:00,4364.611428571428,TP,1.5,6.6235714285712675,3
2026-08-13 22:55:00,4353.645,SHORT,4357.242142857143,4348.249285714286,3.5971428571429636,345191,2026-08-13 23:00:00,4348.249285714286,TP,1.5,5.395714285714348,1
2026-08-14 00:00:00,4359.515,LONG,4354.785714285715,4366.608928571429,4.729285714285652,345204,2026-08-14 00:05:00,4354.785714285715,SL,-1.0,-4.729285714285652,1
2026-08-14 03:50:00,4323.945,SHORT,4327.565714285714,4318.513928571429,3.620714285714257,345250,2026-08-14 04:20:00,4327.565714285714,SL,-1.0,-3.620714285714712,6
2026-08-14 04:25:00,4325.025,SHORT,4327.4121428571425,4321.444285714286,2.3871428571427975,345257,2026-08-14 05:05:00,4321.444285714286,TP,1.5,3.5807142857138388,8
2026-08-14 05:15:00,4318.765,SHORT,4321.400000000001,4314.8125,2.6350000000001534,345267,2026-08-14 05:30:00,4314.8125,TP,1.5,3.9525000000003274,3
2026-08-14 06:55:00,4335.445,LONG,4331.689285714286,4341.078571428571,3.755714285714151,345287,2026-08-14 07:10:00,4331.689285714286,SL,-1.0,-3.7557142857140207,3
2026-08-14 11:05:00,4350.775,LONG,4348.077857142856,4354.8207142857145,2.6971428571430027,345337,2026-08-14 11:15:00,4354.8207142857145,TP,1.5,4.045714285714894,2
2026-08-14 11:25:00,4356.555,LONG,4353.654285714286,4360.9060714285715,2.900714285714327,345341,2026-08-14 11:30:00,4360.9060714285715,TP,1.5,4.351071428571231,1
2026-08-14 13:05:00,4379.615,LONG,4373.927142857143,4388.146785714285,5.687857142857216,345361,2026-08-14 13:30:00,4388.146785714285,TP,1.5,8.531785714285434,5
2026-08-14 15:25:00,4384.605,LONG,4378.953571428571,4393.082142857143,5.651428571428498,345389,2026-08-14 15:45:00,4393.082142857143,TP,1.5,8.477142857143008,4
2026-08-14 16:35:00,4388.155,LONG,4384.089285714285,4394.253571428571,4.065714285714291,345403,2026-08-14 17:00:00,4384.089285714285,SL,-1.0,-4.065714285714421,5
2026-08-14 17:10:00,4382.205,LONG,4378.98,4387.0425,3.224999999999974,345410,2026-08-14 17:40:00,4378.98,SL,-1.0,-3.225000000000364,6
2026-08-14 18:50:00,4373.145,SHORT,4376.509285714286,4368.098571428572,3.3642857142856752,345430,2026-08-14 19:05:00,4376.509285714286,SL,-1.0,-3.36428571428587,3
2026-08-14 19:35:00,4376.295,SHORT,4379.296428571429,4371.792857142857,3.0014285714285376,345439,2026-08-14 19:50:00,4379.296428571429,SL,-1.0,-3.0014285714287325,3
2026-08-14 20:45:00,4374.735,SHORT,4376.797857142857,4371.640714285714,2.062857142857086,345453,2026-08-16 22:00:00,4376.797857142857,SL,-1.0,-2.0628571428569558,3
2026-08-16 22:00:00,4372.485,SHORT,4374.9578571428565,4368.7757142857145,2.47285714285707,345456,2026-08-16 22:05:00,4374.9578571428565,SL,-1.0,-2.4728571428568102,1
2026-08-16 22:20:00,4373.025,SHORT,4375.860714285714,4368.771428571428,2.8357142857142077,345460,2026-08-16 22:30:00,4375.860714285714,SL,-1.0,-2.835714285713948,2
2026-08-17 01:50:00,4397.225,LONG,4390.706071428572,4407.003392857143,6.518928571428595,345502,2026-08-17 02:20:00,4390.706071428572,SL,-1.0,-6.51892857142866,6
2026-08-17 02:20:00,4394.545,LONG,4388.850357142857,4403.086964285714,5.694642857142753,345508,2026-08-17 02:55:00,4388.850357142857,SL,-1.0,-5.694642857142753,7
2026-08-17 02:55:00,4392.895,LONG,4388.643571428572,4399.272142857143,4.251428571428343,345515,2026-08-17 03:10:00,4388.643571428572,SL,-1.0,-4.2514285714287325,3
2026-08-17 03:15:00,4390.305,LONG,4386.494285714286,4396.021071428571,3.8107142857141167,345519,2026-08-17 03:40:00,4396.021071428571,TP,1.5,5.716071428571013,5
2026-08-17 04:30:00,4391.645,LONG,4388.323571428572,4396.627142857144,3.3214285714285716,345534,2026-08-17 04:45:00,4396.627142857144,TP,1.5,4.982142857143117,3
2026-08-17 05:45:00,4396.895,LONG,4392.422142857144,4403.604285714286,4.472857142857005,345549,2026-08-17 05:50:00,4392.422142857144,SL,-1.0,-4.47285714285681,1
2026-08-17 06:10:00,4396.665,LONG,4391.943571428572,4403.7471428571425,4.721428571428468,345554,2026-08-17 06:50:00,4403.7471428571425,TP,1.5,7.082142857142571,8
2026-08-17 08:10:00,4402.585,LONG,4398.552142857143,4408.634285714285,4.032857142857016,345578,2026-08-17 08:40:00,4398.552142857143,SL,-1.0,-4.03285714285721,6
2026-08-17 13:15:00,4385.425,SHORT,4390.907142857143,4377.201785714286,5.482142857142792,345639,2026-08-17 13:35:00,4390.907142857143,SL,-1.0,-5.482142857143117,4
2026-08-17 17:30:00,4416.965,LONG,4413.794285714286,4421.721071428572,3.170714285714439,345690,2026-08-17 17:35:00,4413.794285714286,SL,-1.0,-3.1707142857139843,1
2026-08-17 20:45:00,4415.425,LONG,4413.242142857143,4418.699285714286,2.1828571428572365,345729,2026-08-17 22:00:00,4418.699285714286,TP,1.5,3.2742857142857247,3
2026-08-17 22:55:00,4410.885,SHORT,4413.306428571429,4407.2528571428575,2.4214285714286103,345743,2026-08-17 23:05:00,4413.306428571429,SL,-1.0,-2.4214285714288053,2
2026-08-17 23:20:00,4417.625,LONG,4415.090714285714,4421.426428571429,2.534285714285683,345748,2026-08-17 23:25:00,4421.426428571429,TP,1.5,3.8014285714289144,1
2026-08-18 00:10:00,4421.435,LONG,4417.964285714286,4426.641071428572,3.4707142857142963,345758,2026-08-18 00:15:00,4426.641071428572,TP,1.5,5.206071428571704,1
2026-08-18 01:25:00,4424.415,LONG,4419.140714285714,4432.326428571429,5.274285714285595,345773,2026-08-18 01:40:00,4419.140714285714,SL,-1.0,-5.274285714285725,3
2026-08-18 04:55:00,4393.355,SHORT,4395.973571428571,4389.427142857143,2.6185714285712884,345815,2026-08-18 05:30:00,4389.427142857143,TP,1.5,3.9278571428567375,7
2026-08-18 06:30:00,4395.065,SHORT,4399.277142857142,4388.746785714286,4.21214285714281,345834,2026-08-18 07:00:00,4399.277142857142,SL,-1.0,-4.21214285714268,6
2026-08-18 09:00:00,4392.125,SHORT,4395.71,4386.7475,3.5849999999999715,345864,2026-08-18 10:15:00,4395.71,SL,-1.0,-3.5850000000000364,15
2026-08-18 10:20:00,4391.465,SHORT,4394.685714285714,4386.633928571429,3.2207142857141013,345880,2026-08-18 10:35:00,4394.685714285714,SL,-1.0,-3.220714285714166,3
2026-08-18 11:25:00,4389.845,SHORT,4392.643571428572,4385.647142857143,2.798571428571514,345893,2026-08-18 11:45:00,4392.643571428572,SL,-1.0,-2.7985714285714494,4
2026-08-18 11:50:00,4390.615,SHORT,4393.373571428571,4386.477142857143,2.7585714285713556,345898,2026-08-18 11:55:00,4393.373571428571,SL,-1.0,-2.7585714285714857,1
2026-08-18 12:05:00,4390.985,SHORT,4394.655714285714,4385.478928571429,3.670714285714244,345901,2026-08-18 12:20:00,4394.655714285714,SL,-1.0,-3.6707142857139843,3
2026-08-18 13:20:00,4389.525,SHORT,4395.091428571428,4381.175357142857,5.566428571428527,345916,2026-08-18 13:30:00,4395.091428571428,SL,-1.0,-5.566428571428332,2
2026-08-18 16:10:00,4367.525,SHORT,4374.1392857142855,4357.603571428571,6.6142857142857405,345950,2026-08-18 17:45:00,4357.603571428571,TP,1.5,9.921428571428805,19
2026-08-18 19:15:00,4354.505,SHORT,4357.936428571429,4349.357857142857,3.4314285714286337,345987,2026-08-18 19:45:00,4349.357857142857,TP,1.5,5.147142857143081,6
2026-08-18 22:15:00,4337.105,SHORT,4341.715357142857,4330.189464285714,4.610357142857148,346011,2026-08-18 23:25:00,4330.189464285714,TP,1.5,6.915535714285397,14
2026-08-18 23:25:00,4330.115,SHORT,4333.6725,4324.7787499999995,3.5574999999999557,346025,2026-08-18 23:50:00,4333.6725,SL,-1.0,-3.557499999999891,5
2026-08-19 03:00:00,4355.555,LONG,4351.412857142857,4361.768214285715,4.142142857142777,346068,2026-08-19 04:15:00,4351.412857142857,SL,-1.0,-4.1421428571429715,15
2026-08-19 06:25:00,4343.195,SHORT,4348.738571428571,4334.879642857142,5.543571428571535,346109,2026-08-19 06:55:00,4348.738571428571,SL,-1.0,-5.54357142857134,6
2026-08-19 07:00:00,4347.925,SHORT,4352.785714285715,4340.633928571428,4.860714285714494,346116,2026-08-19 07:05:00,4352.785714285715,SL,-1.0,-4.860714285714494,1
2026-08-19 09:00:00,4358.685,LONG,4355.003571428571,4364.2071428571435,3.681428571428699,346140,2026-08-19 09:15:00,4355.003571428571,SL,-1.0,-3.6814285714290236,3
2026-08-19 09:20:00,4355.885,LONG,4352.363571428572,4361.1671428571435,3.5214285714287143,346144,2026-08-19 09:55:00,4361.1671428571435,TP,1.5,5.282142857143299,7
2026-08-19 12:05:00,4367.575,LONG,4364.005,4372.929999999999,3.569999999999709,346177,2026-08-19 12:20:00,4372.929999999999,TP,1.5,5.354999999999563,3
2026-08-19 12:30:00,4384.365,LONG,4379.600714285714,4391.511428571428,4.764285714285571,346182,2026-08-19 12:35:00,4391.511428571428,TP,1.5,7.14642857142826,1
2026-08-19 12:40:00,4417.515,LONG,4409.782142857143,4429.114285714286,7.7328571428570285,346184,2026-08-19 12:55:00,4429.114285714286,TP,1.5,11.599285714285543,3
2026-08-19 17:30:00,4487.895,LONG,4483.618571428572,4494.309642857143,4.276428571428694,346242,2026-08-19 18:00:00,4494.309642857143,TP,1.5,6.414642857143008,6
2026-08-19 23:15:00,4519.765,LONG,4516.6050000000005,4524.505,3.1599999999999846,346299,2026-08-19 23:20:00,4516.6050000000005,SL,-1.0,-3.1599999999998545,1
2026-08-20 00:00:00,4514.425,LONG,4510.631428571429,4520.115357142858,3.793571428571405,346308,2026-08-20 00:15:00,4520.115357142858,TP,1.5,5.690357142857465,3
2026-08-20 03:55:00,4498.405,SHORT,4502.5599999999995,4492.1725,4.15500000000007,346355,2026-08-20 04:25:00,4492.1725,TP,1.5,6.232500000000073,6
2026-08-20 04:40:00,4486.875,SHORT,4489.918571428571,4482.3096428571425,3.04357142857134,346364,2026-08-20 04:45:00,4489.918571428571,SL,-1.0,-3.04357142857134,1
2026-08-20 05:15:00,4484.065,SHORT,4487.536428571428,4478.857857142857,3.4714285714284676,346371,2026-08-20 05:35:00,4478.857857142857,TP,1.5,5.207142857142571,4
2026-08-20 07:15:00,4486.975,SHORT,4490.201428571429,4482.135357142857,3.2264285714285768,346395,2026-08-20 07:35:00,4490.201428571429,SL,-1.0,-3.226428571428187,4
2026-08-20 07:45:00,4489.125,SHORT,4492.742142857142,4483.699285714286,3.6171428571428157,346401,2026-08-20 08:00:00,4492.742142857142,SL,-1.0,-3.617142857142426,3
2026-08-20 08:30:00,4492.905,LONG,4488.763571428572,4499.117142857142,4.1414285714284755,346410,2026-08-20 08:45:00,4488.763571428572,SL,-1.0,-4.1414285714281505,3
2026-08-20 09:45:00,4485.305,SHORT,4489.126428571429,4479.572857142857,3.8214285714284415,346425,2026-08-20 10:05:00,4489.126428571429,SL,-1.0,-3.8214285714284415,4
2026-08-20 10:30:00,4492.915,SHORT,4496.763571428572,4487.142142857143,3.8485714285713715,346434,2026-08-20 11:05:00,4487.142142857143,TP,1.5,5.772857142856992,7
2026-08-20 13:05:00,4473.545,SHORT,4481.503571428571,4461.607142857143,7.958571428571304,346465,2026-08-20 13:35:00,4481.503571428571,SL,-1.0,-7.958571428571304,6
2026-08-20 13:45:00,4482.085,SHORT,4489.310714285714,4471.246428571429,7.225714285714275,346473,2026-08-20 14:00:00,4489.310714285714,SL,-1.0,-7.225714285714275,3
2026-08-20 16:15:00,4511.825,LONG,4502.455714285714,4525.878928571428,9.36928571428572,346503,2026-08-20 19:05:00,4525.878928571428,TP,1.5,14.053928571428514,34
2026-08-20 19:05:00,4525.885,LONG,4521.278571428572,4532.794642857143,4.606428571428556,346537,2026-08-20 20:15:00,4521.278571428572,SL,-1.0,-4.606428571428296,14
2026-08-20 20:40:00,4518.065,LONG,4514.744285714285,4523.046071428571,3.3207142857142053,346556,2026-08-20 20:55:00,4514.744285714285,SL,-1.0,-3.32071428571453,3
2026-08-20 22:30:00,4519.895,LONG,4517.002142857144,4524.234285714286,2.892857142857013,346566,2026-08-20 22:50:00,4524.234285714286,TP,1.5,4.3392857142853245,4
2026-08-20 22:50:00,4523.715,LONG,4520.518571428572,4528.509642857142,3.1964285714283767,346570,2026-08-20 23:00:00,4528.509642857142,TP,1.5,4.7946428571422075,2
2026-08-20 23:35:00,4523.395,LONG,4519.222857142858,4529.653214285715,4.172142857142911,346579,2026-08-21 00:10:00,4519.222857142858,SL,-1.0,-4.172142857142717,7
2026-08-21 02:15:00,4522.115,LONG,4514.766428571428,4533.137857142857,7.348571428571502,346611,2026-08-21 02:40:00,4533.137857142857,TP,1.5,11.022857142856992,5
2026-08-21 03:40:00,4528.975,LONG,4523.675,4536.925,5.300000000000052,346628,2026-08-21 04:00:00,4536.925,TP,1.5,7.949999999999818,4
2026-08-21 05:10:00,4536.875,LONG,4533.205,4542.38,3.669999999999878,346646,2026-08-21 05:15:00,4533.205,SL,-1.0,-3.6700000000000728,1
2026-08-21 05:30:00,4537.745,LONG,4533.608571428571,4543.949642857143,4.136428571428496,346650,2026-08-21 05:45:00,4543.949642857143,TP,1.5,6.2046428571429715,3
2026-08-21 05:50:00,4547.635,LONG,4542.903571428572,4554.732142857143,4.731428571428621,346654,2026-08-21 05:55:00,4554.732142857143,TP,1.5,7.097142857142899,1
2026-08-21 10:00:00,4585.005,LONG,4579.300714285715,4593.561428571428,5.704285714285561,346704,2026-08-21 10:10:00,4579.300714285715,SL,-1.0,-5.704285714285106,2
2026-08-21 10:30:00,4590.215,LONG,4585.3,4597.5875,4.914999999999964,346710,2026-08-21 11:15:00,4597.5875,TP,1.5,7.372499999999491,9
2026-08-21 11:15:00,4595.935,LONG,4590.907857142857,4603.475714285714,5.027142857142865,346719,2026-08-21 11:35:00,4603.475714285714,TP,1.5,7.540714285713875,4
2026-08-21 13:35:00,4587.135,LONG,4578.496428571429,4600.092857142858,8.638571428571595,346747,2026-08-21 13:50:00,4578.496428571429,SL,-1.0,-8.638571428571595,3
2026-08-21 14:10:00,4589.415,LONG,4580.918571428571,4602.159642857143,8.496428571428558,346754,2026-08-21 14:25:00,4602.159642857143,TP,1.5,12.744642857142935,3
2026-08-21 14:55:00,4591.315,LONG,4582.665,4604.289999999999,8.649999999999832,346763,2026-08-21 15:25:00,4604.289999999999,TP,1.5,12.974999999999454,6
2026-08-21 18:50:00,4624.795,LONG,4621.245,4630.12,3.550000000000117,346810,2026-08-21 19:00:00,4621.245,SL,-1.0,-3.550000000000182,2
2026-08-21 19:15:00,4622.215,LONG,4618.886428571429,4627.207857142857,3.3285714285715193,346815,2026-08-21 19:25:00,4618.886428571429,SL,-1.0,-3.3285714285711947,2
2026-08-21 19:35:00,4617.555,LONG,4614.187857142858,4622.605714285714,3.3671428571427504,346819,2026-08-21 19:45:00,4622.605714285714,TP,1.5,5.050714285714093,2
2026-08-21 20:00:00,4616.935,LONG,4613.472142857143,4622.129285714286,3.4628571428571115,346824,2026-08-21 20:15:00,4613.472142857143,SL,-1.0,-3.4628571428575015,3
2026-08-23 22:35:00,4611.495,SHORT,4617.220714285714,4602.9064285714285,5.72571428571434,346843,2026-08-23 23:30:00,4617.220714285714,SL,-1.0,-5.725714285714275,11
2026-08-24 00:00:00,4626.745,LONG,4621.916428571429,4633.987857142857,4.82857142857152,346860,2026-08-24 00:05:00,4633.987857142857,TP,1.5,7.242857142857247,1
2026-08-24 01:30:00,4614.485,LONG,4605.16,4628.4725,9.325000000000014,346878,2026-08-24 01:50:00,4628.4725,TP,1.5,13.987500000000182,4
2026-08-24 04:15:00,4639.915,LONG,4634.673571428571,4647.777142857142,5.241428571428449,346911,2026-08-24 04:30:00,4634.673571428571,SL,-1.0,-5.241428571428514,3
2026-08-24 04:40:00,4637.915,LONG,4633.242142857143,4644.924285714285,4.672857142857083,346916,2026-08-24 05:15:00,4644.924285714285,TP,1.5,7.009285714285397,7
2026-08-24 07:10:00,4648.345,LONG,4640.995714285715,4659.368928571429,7.3492857142856725,346946,2026-08-24 07:40:00,4640.995714285715,SL,-1.0,-7.349285714285543,6
2026-08-24 08:20:00,4635.745,SHORT,4642.2185714285715,4626.034642857143,6.473571428571371,346960,2026-08-24 08:40:00,4642.2185714285715,SL,-1.0,-6.473571428571631,4
2026-08-24 09:25:00,4635.505,SHORT,4640.941428571428,4627.350357142857,5.436428571428678,346973,2026-08-24 09:45:00,4640.941428571428,SL,-1.0,-5.436428571428223,4
2026-08-24 10:30:00,4645.025,LONG,4641.019285714286,4651.033571428571,4.005714285714346,346986,2026-08-24 11:00:00,4641.019285714286,SL,-1.0,-4.005714285714021,6
2026-08-24 11:00:00,4645.725,LONG,4641.594285714286,4651.921071428572,4.130714285714281,346992,2026-08-24 11:05:00,4641.594285714286,SL,-1.0,-4.130714285714021,1
2026-08-24 11:25:00,4646.175,LONG,4641.279285714286,4653.518571428572,4.895714285714283,346997,2026-08-24 11:35:00,4653.518571428572,TP,1.5,7.343571428571522,2
2026-08-24 12:20:00,4657.325,LONG,4648.702857142857,4670.2582142857145,8.62214285714286,347008,2026-08-24 12:30:00,4648.702857142857,SL,-1.0,-8.622142857142535,2
2026-08-24 12:35:00,4662.705,LONG,4652.846428571428,4677.492857142857,9.85857142857146,347011,2026-08-24 13:10:00,4677.492857142857,TP,1.5,14.78785714285732,7
2026-08-24 13:45:00,4673.305,LONG,4663.764285714286,4687.616071428572,9.5407142857142,347025,2026-08-24 13:50:00,4663.764285714286,SL,-1.0,-9.540714285713875,1
2026-08-24 14:05:00,4670.255,LONG,4659.952142857143,4685.709285714286,10.302857142857127,347029,2026-08-24 14:15:00,4659.952142857143,SL,-1.0,-10.302857142856737,2
2026-08-24 14:20:00,4665.855,LONG,4655.194285714285,4681.846071428571,10.660714285714286,347032,2026-08-24 15:45:00,4655.194285714285,SL,-1.0,-10.660714285714675,17
2026-08-24 16:35:00,4659.265,SHORT,4666.976428571429,4647.697857142858,7.711428571428444,347059,2026-08-24 16:55:00,4647.697857142858,TP,1.5,11.567142857142244,4
2026-08-24 19:20:00,4642.135,SHORT,4647.762857142858,4633.693214285715,5.627857142857075,347092,2026-08-24 19:40:00,4647.762857142858,SL,-1.0,-5.627857142857465,4
2026-08-24 20:50:00,4650.555,LONG,4647.545714285715,4655.068928571429,3.009285714285787,347110,2026-08-24 22:00:00,4655.068928571429,TP,1.5,4.513928571428551,2
2026-08-25 01:05:00,4678.365,LONG,4669.231428571428,4692.065357142857,9.133571428571356,347149,2026-08-25 01:20:00,4669.231428571428,SL,-1.0,-9.133571428571486,3
2026-08-25 09:50:00,4637.925,SHORT,4643.91,4628.9475,5.984999999999933,347254,2026-08-25 11:15:00,4643.91,SL,-1.0,-5.984999999999673,17
2026-08-25 12:25:00,4637.135,LONG,4632.225714285714,4644.498928571428,4.909285714285553,347285,2026-08-25 12:35:00,4632.225714285714,SL,-1.0,-4.909285714285943,2
2026-08-25 14:10:00,4622.855,SHORT,4632.6392857142855,4608.178571428571,9.784285714285813,347306,2026-08-25 14:35:00,4632.6392857142855,SL,-1.0,-9.784285714285943,5
2026-08-25 15:30:00,4648.515,LONG,4641.245000000001,4659.42,7.269999999999982,347322,2026-08-25 16:20:00,4641.245000000001,SL,-1.0,-7.269999999999527,10
2026-08-25 16:45:00,4644.965,LONG,4640.108571428572,4652.249642857143,4.856428571428556,347337,2026-08-25 17:00:00,4640.108571428572,SL,-1.0,-4.856428571428296,3
2026-08-25 20:40:00,4661.205,LONG,4657.555,4666.68,3.650000000000026,347384,2026-08-25 20:55:00,4657.555,SL,-1.0,-3.649999999999636,3
2026-08-25 22:00:00,4661.185,LONG,4657.854285714286,4666.181071428572,3.3307142857144885,347388,2026-08-25 22:15:00,4666.181071428572,TP,1.5,4.996071428571668,3
2026-08-25 22:20:00,4666.275,LONG,4663.573571428571,4670.3271428571425,2.7014285714288104,347392,2026-08-25 22:35:00,4670.3271428571425,TP,1.5,4.052142857142826,3
2026-08-26 01:20:00,4643.825,SHORT,4649.857142857143,4634.776785714285,6.032142857142974,347428,2026-08-26 01:45:00,4649.857142857143,SL,-1.0,-6.032142857143299,5
2026-08-26 05:25:00,4643.095,SHORT,4645.903571428572,4638.882142857143,2.8085714285714727,347477,2026-08-26 05:30:00,4645.903571428572,SL,-1.0,-2.8085714285716676,1
2026-08-26 05:35:00,4641.265,SHORT,4644.972857142858,4635.703214285714,3.7078571428571325,347479,2026-08-26 05:45:00,4635.703214285714,TP,1.5,5.5617857142860885,2
2026-08-26 07:50:00,4628.235,SHORT,4632.471428571428,4621.880357142857,4.236428571428405,347506,2026-08-26 09:15:00,4621.880357142857,TP,1.5,6.354642857142608,17
2026-08-26 09:15:00,4620.865,SHORT,4624.514999999999,4615.389999999999,3.650000000000026,347523,2026-08-26 09:45:00,4624.514999999999,SL,-1.0,-3.649999999999636,6
2026-08-26 09:55:00,4622.995,SHORT,4626.238928571429,4618.129107142857,3.243928571428569,347531,2026-08-26 10:10:00,4618.129107142857,TP,1.5,4.865892857143081,3
2026-08-26 11:30:00,4618.805,SHORT,4622.896428571429,4612.667857142857,4.091428571428813,347550,2026-08-26 11:55:00,4622.896428571429,SL,-1.0,-4.091428571428878,5
2026-08-26 12:05:00,4627.055,SHORT,4630.945000000001,4621.22,3.8900000000000676,347557,2026-08-26 12:30:00,4630.945000000001,SL,-1.0,-3.8900000000003274,5
2026-08-26 12:50:00,4615.975,SHORT,4623.041428571429,4605.375357142858,7.066428571428462,347566,2026-08-26 13:15:00,4605.375357142858,TP,1.5,10.599642857142499,5
2026-08-26 13:50:00,4623.695,SHORT,4632.634999999999,4610.285,8.939999999999925,347578,2026-08-26 14:00:00,4632.634999999999,SL,-1.0,-8.9399999999996,2
2026-08-26 14:20:00,4620.735,SHORT,4628.992142857142,4608.3492857142855,8.257142857142883,347584,2026-08-26 14:50:00,4608.3492857142855,TP,1.5,12.38571428571413,6
2026-08-26 14:55:00,4602.665,SHORT,4609.876428571429,4591.847857142857,7.211428571428704,347591,2026-08-26 15:05:00,4591.847857142857,TP,1.5,10.817142857143153,2
2026-08-26 15:50:00,4600.145,SHORT,4608.375000000001,4587.8,8.230000000000084,347602,2026-08-26 16:35:00,4587.8,TP,1.5,12.345000000000255,9
2026-08-26 17:35:00,4596.435,SHORT,4601.333571428572,4589.087142857144,4.898571428571423,347623,2026-08-26 18:00:00,4601.333571428572,SL,-1.0,-4.898571428571813,5
2026-08-26 18:30:00,4593.305,SHORT,4597.274285714286,4587.351071428572,3.9692857142856934,347634,2026-08-26 18:40:00,4597.274285714286,SL,-1.0,-3.9692857142854336,2
2026-08-26 18:50:00,4596.025,SHORT,4599.463571428571,4590.867142857142,3.438571428571387,347638,2026-08-26 19:30:00,4599.463571428571,SL,-1.0,-3.438571428571777,8
2026-08-26 19:30:00,4597.295,SHORT,4600.550714285714,4592.411428571429,3.255714285714151,347646,2026-08-26 19:50:00,4592.411428571429,TP,1.5,4.883571428571486,4
2026-08-26 20:10:00,4591.445,SHORT,4594.506428571428,4586.852857142857,3.061428571428483,347654,2026-08-26 20:20:00,4586.852857142857,TP,1.5,4.59214285714279,2
2026-08-26 22:10:00,4602.045,SHORT,4605.862142857143,4596.319285714286,3.8171428571428287,347666,2026-08-26 22:15:00,4605.862142857143,SL,-1.0,-3.8171428571431534,1
2026-08-27 00:15:00,4619.005,LONG,4614.700000000001,4625.4625,4.304999999999836,347691,2026-08-27 00:30:00,4614.700000000001,SL,-1.0,-4.3049999999993815,3
2026-08-27 01:20:00,4624.665,LONG,4617.947142857143,4634.7417857142855,6.717857142857156,347704,2026-08-27 01:30:00,4617.947142857143,SL,-1.0,-6.717857142856701,2
2026-08-27 02:45:00,4628.795,LONG,4623.175714285714,4637.223928571429,5.619285714285589,347721,2026-08-27 03:20:00,4637.223928571429,TP,1.5,8.428928571428514,7
2026-08-27 09:10:00,4595.825,SHORT,4599.338571428571,4590.554642857142,3.5135714285714648,347798,2026-08-27 09:35:00,4590.554642857142,TP,1.5,5.270357142857392,5
2026-08-27 13:10:00,4585.075,SHORT,4590.255714285714,4577.3039285714285,5.180714285714397,347846,2026-08-27 13:25:00,4590.255714285714,SL,-1.0,-5.180714285714203,3
2026-08-27 13:35:00,4575.245,SHORT,4581.7128571428575,4565.543214285714,6.4678571428572855,347851,2026-08-27 13:40:00,4581.7128571428575,SL,-1.0,-6.467857142857611,1
2026-08-27 19:30:00,4606.885,LONG,4602.97,4612.757500000001,3.9150000000000937,347922,2026-08-27 20:25:00,4602.97,SL,-1.0,-3.9149999999999636,11
2026-08-28 00:15:00,4593.165,SHORT,4596.71,4587.8475,3.5450000000000728,347967,2026-08-28 00:30:00,4587.8475,TP,1.5,5.317500000000109,3
2026-08-28 00:30:00,4589.335,SHORT,4593.428571428572,4583.194642857143,4.0935714285713924,347970,2026-08-28 01:00:00,4593.428571428572,SL,-1.0,-4.093571428571522,6
2026-08-28 01:10:00,4593.755,SHORT,4599.055,4585.805,5.299999999999857,347978,2026-08-28 01:25:00,4585.805,TP,1.5,7.949999999999818,3
2026-08-28 04:30:00,4581.545,SHORT,4584.285714285715,4577.433928571429,2.740714285714278,348018,2026-08-28 04:55:00,4584.285714285715,SL,-1.0,-2.7407142857146027,5
2026-08-28 09:15:00,4601.895,LONG,4598.6671428571435,4606.736785714286,3.227857142857244,348075,2026-08-28 09:50:00,4606.736785714286,TP,1.5,4.841785714285834,7
2026-08-28 10:00:00,4605.635,LONG,4602.770714285714,4609.931428571429,2.8642857142856104,348084,2026-08-28 10:20:00,4602.770714285714,SL,-1.0,-2.86428571428587,4
2026-08-28 10:25:00,4605.045,LONG,4602.063571428572,4609.517142857143,2.981428571428491,348089,2026-08-28 10:40:00,4602.063571428572,SL,-1.0,-2.981428571428296,3
2026-08-28 13:30:00,4604.825,LONG,4599.154285714286,4613.331071428571,5.6707142857142445,348126,2026-08-28 13:55:00,4613.331071428571,TP,1.5,8.506071428570976,5
2026-08-28 15:15:00,4555.235,SHORT,4572.044285714285,4530.021071428571,16.809285714285775,348147,2026-08-28 15:55:00,4530.021071428571,TP,1.5,25.21392857142837,8
2026-08-28 20:10:00,4457.615,SHORT,4463.001428571429,4449.535357142857,5.386428571428561,348206,2026-08-28 20:55:00,4449.535357142857,TP,1.5,8.079642857142971,9
2026-08-30 22:25:00,4459.355,SHORT,4465.7307142857135,4449.791428571428,6.375714285714301,348221,2026-08-30 23:05:00,4465.7307142857135,SL,-1.0,-6.3757142857139115,8
2026-08-30 23:20:00,4459.465,SHORT,4464.791428571429,4451.475357142857,5.326428571428745,348232,2026-08-30 23:30:00,4451.475357142857,TP,1.5,7.989642857142826,2
2026-08-31 00:15:00,4459.465,SHORT,4466.5650000000005,4448.8150000000005,7.100000000000039,348243,2026-08-31 00:35:00,4466.5650000000005,SL,-1.0,-7.100000000000364,4
2026-08-31 01:45:00,4437.125,SHORT,4448.933571428572,4419.4121428571425,11.808571428571408,348261,2026-08-31 02:00:00,4419.4121428571425,TP,1.5,17.7128571428575,3
2026-08-31 03:15:00,4427.485,SHORT,4435.450714285714,4415.536428571429,7.9657142857142516,348279,2026-08-31 04:20:00,4415.536428571429,TP,1.5,11.948571428571086,13
2026-08-31 04:45:00,4418.885,SHORT,4422.647857142858,4413.240714285715,3.7628571428573587,348297,2026-08-31 04:55:00,4422.647857142858,SL,-1.0,-3.7628571428576834,2
2026-08-31 05:00:00,4423.465,SHORT,4427.503571428571,4417.407142857142,4.038571428571556,348300,2026-08-31 05:15:00,4427.503571428571,SL,-1.0,-4.038571428571231,3
2026-08-31 07:15:00,4438.835,LONG,4434.252142857143,4445.709285714285,4.582857142857067,348327,2026-08-31 07:25:00,4445.709285714285,TP,1.5,6.874285714285179,2
2026-08-31 08:15:00,4439.565,LONG,4434.4178571428565,4447.285714285714,5.147142857142886,348339,2026-08-31 08:40:00,4434.4178571428565,SL,-1.0,-5.147142857143081,5
2026-08-31 09:10:00,4442.715,LONG,4438.558571428572,4448.949642857143,4.156428571428672,348350,2026-08-31 09:20:00,4438.558571428572,SL,-1.0,-4.156428571428478,2
2026-08-31 13:15:00,4442.835,SHORT,4448.346428571429,4434.567857142857,5.511428571428756,348399,2026-08-31 13:40:00,4434.567857142857,TP,1.5,8.267142857142971,5
2026-08-31 14:55:00,4431.495,SHORT,4439.36,4419.6975,7.864999999999976,348419,2026-08-31 16:30:00,4439.36,SL,-1.0,-7.864999999999782,19
2026-08-31 16:55:00,4433.225,SHORT,4437.945000000001,4426.145,4.71999999999993,348443,2026-08-31 17:45:00,4437.945000000001,SL,-1.0,-4.720000000000255,10
2026-08-31 18:25:00,4429.635,SHORT,4433.300857142857,4424.136214285714,3.6658571428570212,348461,2026-08-31 18:50:00,4433.300857142857,SL,-1.0,-3.6658571428570212,5
2026-08-31 18:55:00,4430.725,SHORT,4433.766428571429,4426.162857142857,3.041428571428501,348467,2026-08-31 19:05:00,4433.766428571429,SL,-1.0,-3.041428571428696,2
2026-08-31 22:05:00,4455.305,LONG,4452.580714285715,4459.391428571429,2.7242857142858674,348493,2026-08-31 22:10:00,4452.580714285715,SL,-1.0,-2.724285714285543,1
2026-08-31 23:40:00,4445.265,LONG,4442.997142857143,4448.666785714286,2.267857142857078,348512,2026-08-31 23:45:00,4448.666785714286,TP,1.5,3.4017857142853245,1
2026-08-31 23:55:00,4451.865,LONG,4449.120714285714,4455.981428571428,2.7442857142857195,348515,2026-09-01 00:00:00,4449.120714285714,SL,-1.0,-2.7442857142859793,1
2026-09-01 00:00:00,4453.835,LONG,4450.675714285714,4458.573928571429,3.159285714285748,348516,2026-09-01 00:05:00,4450.675714285714,SL,-1.0,-3.159285714285943,1
2026-09-01 00:05:00,4454.965,LONG,4451.5542857142855,4460.081071428572,3.410714285714351,348517,2026-09-01 00:20:00,4460.081071428572,TP,1.5,5.1160714285715585,3
2026-09-01 00:45:00,4455.775,LONG,4450.881428571428,4463.115357142857,4.893571428571444,348525,2026-09-01 00:55:00,4450.881428571428,SL,-1.0,-4.893571428571704,2
2026-09-01 03:55:00,4436.585,SHORT,4440.752142857143,4430.334285714286,4.167142857142802,348563,2026-09-01 04:10:00,4430.334285714286,TP,1.5,6.2507142857139115,3
2026-09-01 06:05:00,4435.555,SHORT,4440.740000000001,4427.7775,5.18500000000001,348589,2026-09-01 06:25:00,4427.7775,TP,1.5,7.7775000000001455,4
2026-09-01 06:45:00,4429.875,SHORT,4434.293571428571,4423.2471428571425,4.41857142857147,348597,2026-09-01 07:00:00,4434.293571428571,SL,-1.0,-4.41857142857134,3
2026-09-01 07:15:00,4429.305,SHORT,4433.243571428572,4423.397142857143,3.938571428571517,348603,2026-09-01 07:30:00,4423.397142857143,TP,1.5,5.90785714285721,3
2026-09-01 10:30:00,4383.395,SHORT,4388.979285714286,4375.018571428572,5.58428571428567,348642,2026-09-01 10:50:00,4375.018571428572,TP,1.5,8.376428571428733,4
2026-09-01 13:50:00,4357.825,SHORT,4367.422142857143,4343.4292857142855,9.597142857142769,348682,2026-09-01 14:00:00,4367.422142857143,SL,-1.0,-9.597142857142899,2
2026-09-01 14:00:00,4353.285,SHORT,4364.033714285714,4337.161928571429,10.748714285714284,348684,2026-09-01 14:05:00,4364.033714285714,SL,-1.0,-10.748714285714414,1
2026-09-01 14:50:00,4359.705,SHORT,4368.546571428571,4346.442642857142,8.841571428571504,348694,2026-09-01 15:40:00,4368.546571428571,SL,-1.0,-8.841571428571115,10
2026-09-01 20:55:00,4327.425,SHORT,4330.8207142857145,4322.331428571429,3.395714285714348,348767,2026-09-01 22:00:00,4330.8207142857145,SL,-1.0,-3.395714285714348,1
2026-09-01 22:55:00,4328.705,SHORT,4331.272142857143,4324.854285714286,2.5671428571427635,348779,2026-09-01 23:10:00,4331.272142857143,SL,-1.0,-2.5671428571431534,3
2026-09-01 23:10:00,4330.325,SHORT,4332.558571428572,4326.9746428571425,2.233571428571395,348782,2026-09-01 23:20:00,4326.9746428571425,TP,1.5,3.3503571428573196,2
2026-09-02 00:05:00,4322.815,SHORT,4327.65,4315.562499999999,4.835000000000231,348793,2026-09-02 00:10:00,4327.65,SL,-1.0,-4.835000000000036,1
2026-09-02 00:15:00,4327.385,SHORT,4333.046428571429,4318.892857142857,5.6614285714287815,348795,2026-09-02 00:20:00,4333.046428571429,SL,-1.0,-5.661428571428587,1
2026-09-02 01:00:00,4311.515,SHORT,4320.652857142858,4297.808214285715,9.137857142857294,348804,2026-09-02 01:15:00,4320.652857142858,SL,-1.0,-9.137857142857683,3
2026-09-02 01:25:00,4316.865,SHORT,4325.795,4303.469999999999,8.930000000000161,348809,2026-09-02 01:50:00,4303.469999999999,TP,1.5,13.395000000000437,5
2026-09-02 04:10:00,4303.935,SHORT,4309.908571428572,4294.974642857143,5.973571428571371,348842,2026-09-02 05:10:00,4309.908571428572,SL,-1.0,-5.973571428571631,12
2026-09-02 06:55:00,4321.535,LONG,4315.5478571428575,4330.515714285714,5.987142857142771,348875,2026-09-02 07:10:00,4330.515714285714,TP,1.5,8.980714285714384,3
2026-09-02 07:20:00,4328.215,LONG,4322.615,4336.615,5.599999999999909,348880,2026-09-02 07:40:00,4322.615,SL,-1.0,-5.600000000000364,4
2026-09-02 07:55:00,4322.905,LONG,4318.355,4329.73,4.549999999999987,348887,2026-09-02 08:05:00,4329.73,TP,1.5,6.824999999999818,2
2026-09-02 08:05:00,4329.655,LONG,4324.799285714285,4336.938571428571,4.855714285714255,348889,2026-09-02 08:10:00,4324.799285714285,SL,-1.0,-4.8557142857143845,1
2026-09-02 08:20:00,4325.735,LONG,4321.181428571428,4332.565357142857,4.553571428571364,348892,2026-09-02 08:30:00,4321.181428571428,SL,-1.0,-4.5535714285715585,2
2026-09-02 08:35:00,4324.665,LONG,4319.760714285714,4332.021428571428,4.904285714285639,348895,2026-09-02 08:45:00,4319.760714285714,SL,-1.0,-4.904285714285834,2
2026-09-02 09:00:00,4315.665,LONG,4310.382142857143,4323.589285714285,5.282857142857081,348900,2026-09-02 09:20:00,4310.382142857143,SL,-1.0,-5.28285714285721,4
2026-09-02 10:25:00,4309.805,SHORT,4313.680714285714,4303.991428571429,3.8757142857140416,348917,2026-09-02 11:05:00,4313.680714285714,SL,-1.0,-3.8757142857139115,8
2026-09-02 12:40:00,4334.135,LONG,4327.576428571429,4343.972857142857,6.558571428571343,348944,2026-09-02 13:05:00,4343.972857142857,TP,1.5,9.837857142856592,5
2026-09-02 13:15:00,4342.215,LONG,4334.993571428572,4353.047142857143,7.221428571428468,348951,2026-09-02 13:25:00,4353.047142857143,TP,1.5,10.832142857142571,2
2026-09-02 15:20:00,4369.855,LONG,4363.586428571428,4379.257857142857,6.268571428571444,348976,2026-09-02 17:45:00,4379.257857142857,TP,1.5,9.402857142857101,29
2026-09-02 18:15:00,4377.375,LONG,4372.862142857143,4384.144285714286,4.512857142857034,349011,2026-09-02 18:20:00,4372.862142857143,SL,-1.0,-4.512857142856774,1
2026-09-02 19:00:00,4374.835,LONG,4370.733571428572,4380.987142857143,4.101428571428512,349020,2026-09-02 19:25:00,4380.987142857143,TP,1.5,6.15214285714319,5
2026-09-02 23:05:00,4386.135,LONG,4383.880714285715,4389.516428571429,2.2542857142856128,349057,2026-09-02 23:10:00,4383.880714285715,SL,-1.0,-2.254285714285288,1
2026-09-02 23:30:00,4382.745,LONG,4380.771428571428,4385.705357142857,1.9735714285713715,349062,2026-09-02 23:35:00,4380.771428571428,SL,-1.0,-1.9735714285716313,1
2026-09-02 23:35:00,4383.155,LONG,4381.1507142857145,4386.161428571429,2.004285714285678,349063,2026-09-02 23:45:00,4386.161428571429,TP,1.5,3.0064285714288417,2
2026-09-03 00:20:00,4387.565,LONG,4384.277857142857,4392.495714285714,3.2871428571427583,349072,2026-09-03 00:30:00,4384.277857142857,SL,-1.0,-3.2871428571424985,2
2026-09-03 00:35:00,4388.715,LONG,4384.617857142857,4394.8607142857145,4.097142857142769,349075,2026-09-03 00:55:00,4394.8607142857145,TP,1.5,6.145714285714348,4
2026-09-03 01:00:00,4395.185,LONG,4390.022142857143,4402.929285714286,5.162857142857059,349080,2026-09-03 01:10:00,4402.929285714286,TP,1.5,7.744285714285979,2
2026-09-03 05:40:00,4431.885,LONG,4427.154285714286,4438.981071428572,4.730714285714449,349136,2026-09-03 05:50:00,4438.981071428572,TP,1.5,7.096071428572031,2
2026-09-03 06:05:00,4431.105,LONG,4424.985,4440.285,6.120000000000085,349141,2026-09-03 06:15:00,4424.985,SL,-1.0,-6.119999999999891,2
2026-09-03 07:00:00,4431.255,LONG,4425.782142857143,4439.464285714285,5.4728571428570705,349152,2026-09-03 07:05:00,4425.782142857143,SL,-1.0,-5.47285714285681,1
2026-09-03 07:50:00,4430.285,LONG,4424.947857142857,4438.290714285714,5.337142857142941,349162,2026-09-03 08:00:00,4438.290714285714,TP,1.5,8.00571428571402,2
2026-09-03 08:00:00,4436.575,LONG,4430.632142857143,4445.489285714286,5.94285714285713,349164,2026-09-03 08:10:00,4430.632142857143,SL,-1.0,-5.942857142857065,2
2026-09-03 08:15:00,4437.755,LONG,4432.0,4446.3875,5.755000000000044,349167,2026-09-03 08:40:00,4432.0,SL,-1.0,-5.755000000000109,5
2026-09-03 09:25:00,4435.005,LONG,4430.820000000001,4441.2825,4.184999999999881,349181,2026-09-03 09:35:00,4430.820000000001,SL,-1.0,-4.184999999999491,2
2026-09-03 10:55:00,4427.075,SHORT,4430.545,4421.87,3.4699999999998647,349199,2026-09-03 11:05:00,4430.545,SL,-1.0,-3.4700000000002547,2
2026-09-03 11:35:00,4435.535,LONG,4431.495,4441.595,4.040000000000093,349207,2026-09-03 11:50:00,4441.595,TP,1.5,6.0600000000004,3
2026-09-03 12:30:00,4466.785,LONG,4459.937857142857,4477.055714285714,6.847142857142769,349218,2026-09-03 12:35:00,4459.937857142857,SL,-1.0,-6.847142857142899,1
2026-09-03 14:10:00,4468.885,LONG,4460.380714285714,4481.641428571429,8.504285714285873,349238,2026-09-03 14:55:00,4481.641428571429,TP,1.5,12.756428571428842,9
2026-09-03 15:55:00,4493.015,LONG,4484.680714285714,4505.516428571429,8.334285714285866,349259,2026-09-03 17:00:00,4484.680714285714,SL,-1.0,-8.334285714286125,13
2026-09-03 17:00:00,4487.035,LONG,4482.8042857142855,4493.381071428572,4.2307142857143845,349272,2026-09-03 17:25:00,4493.381071428572,TP,1.5,6.346071428572031,5
2026-09-03 22:05:00,4475.365,SHORT,4477.403571428571,4472.307142857143,2.038571428571231,349321,2026-09-03 22:10:00,4477.403571428571,SL,-1.0,-2.038571428571231,1
2026-09-03 22:30:00,4474.445,SHORT,4476.609285714285,4471.198571428571,2.1642857142855974,349326,2026-09-03 22:45:00,4471.198571428571,TP,1.5,3.2464285714286234,3
2026-09-03 23:10:00,4473.915,SHORT,4476.847142857143,4469.516785714286,2.932142857142935,349334,2026-09-03 23:35:00,4476.847142857143,SL,-1.0,-2.932142857142935,5
2026-09-04 01:30:00,4469.435,SHORT,4475.000000000001,4461.0875,5.565000000000315,349362,2026-09-04 01:35:00,4475.000000000001,SL,-1.0,-5.565000000000509,1
2026-09-04 02:40:00,4470.565,SHORT,4476.132857142857,4462.213214285714,5.567857142857195,349376,2026-09-04 02:50:00,4476.132857142857,SL,-1.0,-5.567857142857065,2
2026-09-04 03:00:00,4475.735,SHORT,4480.674999999999,4468.325,4.940000000000055,349380,2026-09-04 03:50:00,4468.325,TP,1.5,7.4099999999998545,10
2026-09-04 04:40:00,4473.425,SHORT,4476.090714285714,4469.426428571429,2.66571428571407,349400,2026-09-04 05:05:00,4469.426428571429,TP,1.5,3.9985714285712675,5
2026-09-04 05:45:00,4470.435,SHORT,4474.482142857143,4464.364285714287,4.047142857142652,349413,2026-09-04 06:30:00,4464.364285714287,TP,1.5,6.0707142857136205,9
2026-09-04 06:40:00,4463.905,SHORT,4468.496428571429,4457.017857142857,4.5914285714286835,349424,2026-09-04 07:05:00,4468.496428571429,SL,-1.0,-4.591428571428878,5
2026-09-04 07:10:00,4467.675,SHORT,4471.756428571429,4461.552857142858,4.081428571428595,349430,2026-09-04 07:25:00,4471.756428571429,SL,-1.0,-4.08142857142866,3
2026-09-04 11:45:00,4467.225,SHORT,4470.289285714286,4462.628571428571,3.064285714285753,349485,2026-09-04 11:50:00,4470.289285714286,SL,-1.0,-3.0642857142856883,1
2026-09-04 11:55:00,4466.885,SHORT,4470.24,4461.8525,3.355000000000018,349487,2026-09-04 12:25:00,4470.24,SL,-1.0,-3.3549999999995634,6
2026-09-04 13:50:00,4422.075,SHORT,4436.2185714285715,4400.859642857143,14.143571428571315,349510,2026-09-04 14:15:00,4436.2185714285715,SL,-1.0,-14.143571428571704,5
2026-09-04 14:25:00,4428.875,SHORT,4440.337142857143,4411.681785714286,11.46214285714281,349517,2026-09-04 14:35:00,4440.337142857143,SL,-1.0,-11.46214285714268,2
2026-09-04 17:00:00,4431.075,SHORT,4436.1849999999995,4423.41,5.109999999999998,349548,2026-09-04 17:15:00,4436.1849999999995,SL,-1.0,-5.109999999999673,3
2026-09-04 19:15:00,4428.655,SHORT,4432.156785714285,4423.402321428572,3.5017857142856883,349575,2026-09-04 19:25:00,4432.156785714285,SL,-1.0,-3.5017857142856883,2
2026-09-04 20:40:00,4430.315,LONG,4428.131428571428,4433.590357142857,2.183571428571408,349592,2026-09-06 22:00:00,4428.131428571428,SL,-1.0,-2.1835714285716676,4
2026-09-06 22:30:00,4427.915,SHORT,4431.215714285714,4422.963928571428,3.300714285714353,349602,2026-09-06 22:45:00,4431.215714285714,SL,-1.0,-3.3007142857140934,3
2026-09-06 23:15:00,4428.255,SHORT,4431.058571428572,4424.049642857143,2.8035714285714937,349611,2026-09-06 23:45:00,4431.058571428572,SL,-1.0,-2.8035714285715585,6
2026-09-06 23:45:00,4426.885,SHORT,4430.113571428572,4422.042142857143,3.2285714285714806,349617,2026-09-06 23:55:00,4422.042142857143,TP,1.5,4.842857142857611,2
2026-09-07 00:50:00,4422.265,SHORT,4427.267857142858,4414.760714285714,5.002857142857205,349630,2026-09-07 00:55:00,4414.760714285714,TP,1.5,7.504285714286198,1
2026-09-07 01:45:00,4409.045,SHORT,4417.017142857143,4397.086785714286,7.972142857142899,349641,2026-09-07 02:35:00,4417.017142857143,SL,-1.0,-7.972142857142899,10
2026-09-07 02:50:00,4413.555,SHORT,4418.375,4406.325000000001,4.819999999999969,349654,2026-09-07 03:05:00,4406.325000000001,TP,1.5,7.229999999999563,3
2026-09-07 04:15:00,4402.785,SHORT,4406.097857142857,4397.8157142857135,3.3128571428573457,349671,2026-09-07 04:30:00,4397.8157142857135,TP,1.5,4.969285714286343,3
2026-09-07 04:30:00,4397.725,SHORT,4400.984285714287,4392.836071428572,3.259285714285852,349674,2026-09-07 05:00:00,4400.984285714287,SL,-1.0,-3.2592857142863068,6
2026-09-07 05:05:00,4400.745,SHORT,4404.1792857142855,4395.5935714285715,3.4342857142857093,349681,2026-09-07 05:15:00,4404.1792857142855,SL,-1.0,-3.434285714285579,2
2026-09-07 05:45:00,4402.915,SHORT,4407.256428571429,4396.402857142857,4.341428571428553,349689,2026-09-07 05:50:00,4396.402857142857,TP,1.5,6.512142857142862,1
2026-09-07 06:40:00,4395.985,SHORT,4401.519285714286,4387.683571428571,5.5342857142857484,349700,2026-09-07 07:05:00,4401.519285714286,SL,-1.0,-5.534285714285943,5
2026-09-07 07:15:00,4397.385,SHORT,4402.47,4389.7575,5.085000000000166,349707,2026-09-07 07:55:00,4402.47,SL,-1.0,-5.085000000000036,8
2026-09-07 09:00:00,4412.115,LONG,4407.169285714285,4419.533571428571,4.9457142857143355,349728,2026-09-07 09:15:00,4407.169285714285,SL,-1.0,-4.94571428571453,3
2026-09-07 09:30:00,4405.685,LONG,4402.271428571429,4410.805357142858,3.4135714285715557,349734,2026-09-07 10:10:00,4402.271428571429,SL,-1.0,-3.413571428571231,8
2026-09-07 12:30:00,4394.415,SHORT,4398.667142857143,4388.0367857142855,4.252142857142774,349770,2026-09-07 13:00:00,4398.667142857143,SL,-1.0,-4.252142857142644,6
2026-09-07 16:55:00,4414.205,LONG,4412.4,4416.912499999999,1.8049999999999014,349823,2026-09-07 17:05:00,4412.4,SL,-1.0,-1.805000000000291,2
2026-09-07 22:15:00,4412.705,LONG,4410.0599999999995,4416.6725,2.6450000000000466,349845,2026-09-07 22:25:00,4410.0599999999995,SL,-1.0,-2.6450000000004366,2
2026-09-07 23:25:00,4410.435,LONG,4408.012857142858,4414.068214285715,2.4221428571429766,349859,2026-09-07 23:30:00,4414.068214285715,TP,1.5,3.63321428571453,1
2026-09-08 00:50:00,4420.855,LONG,4414.424285714285,4430.501071428571,6.430714285714397,349876,2026-09-08 01:10:00,4430.501071428571,TP,1.5,9.646071428571304,4
2026-09-08 02:20:00,4428.215,LONG,4423.411428571429,4435.420357142857,4.803571428571364,349894,2026-09-08 02:30:00,4423.411428571429,SL,-1.0,-4.8035714285715585,2
2026-09-08 02:55:00,4424.165,LONG,4419.766428571428,4430.762857142857,4.398571428571488,349901,2026-09-08 03:10:00,4430.762857142857,TP,1.5,6.59785714285681,3
2026-09-08 04:35:00,4434.025,LONG,4430.646428571428,4439.092857142857,3.3785714285715067,349921,2026-09-08 04:55:00,4439.092857142857,TP,1.5,5.067857142857065,4
2026-09-08 09:15:00,4396.505,SHORT,4400.562142857143,4390.419285714286,4.057142857142935,349977,2026-09-08 09:40:00,4400.562142857143,SL,-1.0,-4.057142857142935,5
2026-09-08 09:55:00,4402.695,SHORT,4406.237857142857,4397.380714285714,3.542857142857039,349985,2026-09-08 10:05:00,4397.380714285714,TP,1.5,5.314285714285688,2
2026-09-08 12:05:00,4403.675,LONG,4399.242857142857,4410.323214285714,4.432142857142805,350011,2026-09-08 12:10:00,4399.242857142857,SL,-1.0,-4.432142857142935,1
2026-09-08 13:50:00,4404.075,LONG,4397.3,4414.2375,6.775000000000026,350032,2026-09-08 13:55:00,4397.3,SL,-1.0,-6.774999999999636,1
2026-09-08 14:45:00,4393.205,SHORT,4400.335,4382.509999999999,7.130000000000174,350043,2026-09-08 15:00:00,4400.335,SL,-1.0,-7.130000000000109,3
2026-09-08 15:45:00,4396.665,SHORT,4402.53,4387.8675,5.865000000000042,350055,2026-09-08 16:05:00,4387.8675,TP,1.5,8.797499999999673,4
2026-09-08 16:40:00,4393.965,SHORT,4398.989642857143,4386.428035714286,5.024642857142875,350066,2026-09-08 17:00:00,4398.989642857143,SL,-1.0,-5.02464285714268,4
2026-09-08 17:20:00,4394.125,SHORT,4398.6164285714285,4387.387857142857,4.491428571428579,350074,2026-09-08 17:40:00,4387.387857142857,TP,1.5,6.737142857143226,4
2026-09-08 23:55:00,4349.635,SHORT,4352.387142857143,4345.506785714286,2.752142857142839,350141,2026-09-09 00:00:00,4352.387142857143,SL,-1.0,-2.752142857142644,1
2026-09-09 04:10:00,4373.145,LONG,4370.3150000000005,4377.39,2.830000000000187,350192,2026-09-09 04:25:00,4377.39,TP,1.5,4.244999999999891,3
2026-09-09 04:45:00,4378.535,LONG,4375.757142857143,4382.7017857142855,2.7778571428571013,350199,2026-09-09 05:00:00,4382.7017857142855,TP,1.5,4.166785714285652,3
2026-09-09 08:30:00,4401.705,LONG,4398.543571428571,4406.447142857142,3.161428571428457,350244,2026-09-09 09:10:00,4398.543571428571,SL,-1.0,-3.161428571428587,8
2026-09-09 10:40:00,4394.735,SHORT,4398.172857142857,4389.578214285714,3.4378571428571507,350270,2026-09-09 10:45:00,4398.172857142857,SL,-1.0,-3.4378571428569558,1
2026-09-09 14:00:00,4423.325,LONG,4415.905,4434.455,7.420000000000008,350310,2026-09-09 14:15:00,4415.905,SL,-1.0,-7.420000000000073,3
2026-09-09 15:50:00,4401.135,SHORT,4412.537857142857,4384.030714285715,11.402857142857036,350332,2026-09-09 17:00:00,4412.537857142857,SL,-1.0,-11.402857142857101,14
2026-09-09 22:20:00,4401.528,SHORT,4404.154928571429,4397.587607142857,2.6269285714285746,350398,2026-09-09 22:45:00,4397.587607142857,TP,1.5,3.940392857142797,5
2026-09-09 22:45:00,4400.145,SHORT,4402.885785714287,4396.033821428572,2.740785714285721,350403,2026-09-09 23:25:00,4396.033821428572,TP,1.5,4.111178571428354,8
2026-09-10 00:20:00,4395.695,SHORT,4398.972357142857,4390.778964285714,3.277357142857259,350422,2026-09-10 00:40:00,4398.972357142857,SL,-1.0,-3.2773571428569994,4
2026-09-10 03:45:00,4408.805,LONG,4405.263571428572,4414.117142857143,3.5414285714286313,350463,2026-09-10 04:10:00,4414.117142857143,TP,1.5,5.312142857143044,5
2026-09-10 04:45:00,4409.308,LONG,4406.683928571429,4413.2441071428575,2.6240714285715643,350475,2026-09-10 04:55:00,4406.683928571429,SL,-1.0,-2.6240714285713693,2
2026-09-10 06:20:00,4415.935,LONG,4410.527857142857,4424.045714285715,5.407142857142909,350494,2026-09-10 06:40:00,4424.045714285715,TP,1.5,8.110714285714494,4
2026-09-10 06:55:00,4424.968,LONG,4419.686785714285,4432.889821428571,5.281214285714343,350501,2026-09-10 07:00:00,4419.686785714285,SL,-1.0,-5.281214285714668,1
2026-09-10 08:10:00,4405.618,SHORT,4409.589428571429,4399.660857142858,3.9714285714285973,350516,2026-09-10 08:35:00,4399.660857142858,TP,1.5,5.957142857142571,5
2026-09-10 13:55:00,4365.648,SHORT,4376.091928571429,4349.982107142857,10.443928571428646,350585,2026-09-10 18:00:00,4349.982107142857,TP,1.5,15.665892857143263,49
2026-09-10 22:10:00,4321.245,SHORT,4324.446428571428,4316.442857142857,3.2014285714284205,350672,2026-09-10 22:30:00,4316.442857142857,TP,1.5,4.802142857142826,4
2026-09-10 23:20:00,4318.129,SHORT,4320.722,4314.2395,2.592999999999847,350686,2026-09-10 23:45:00,4314.2395,TP,1.5,3.8895000000002256,5
2026-09-10 23:45:00,4315.055,SHORT,4317.784857142858,4310.960214285715,2.729857142857067,350691,2026-09-11 00:00:00,4317.784857142858,SL,-1.0,-2.729857142857327,3
2026-09-11 00:05:00,4318.321,SHORT,4322.001857142857,4312.799714285714,3.680857142857089,350695,2026-09-11 00:25:00,4322.001857142857,SL,-1.0,-3.6808571428573487,4
2026-09-11 01:45:00,4328.925,LONG,4322.033,4339.263,6.892000000000086,350715,2026-09-11 02:30:00,4322.033,SL,-1.0,-6.891999999999825,9
2026-09-11 02:40:00,4318.595,SHORT,4324.298642857143,4310.039535714286,5.703642857142962,350726,2026-09-11 02:45:00,4324.298642857143,SL,-1.0,-5.703642857142768,1
2026-09-11 03:00:00,4322.047,SHORT,4327.590857142857,4313.731214285714,5.543857142857307,350730,2026-09-11 03:20:00,4313.731214285714,TP,1.5,8.315785714285994,4
2026-09-11 07:50:00,4342.415,LONG,4338.526357142857,4348.247964285714,3.888642857142778,350788,2026-09-11 08:05:00,4348.247964285714,TP,1.5,5.832964285714297,3
2026-09-11 08:10:00,4347.225,LONG,4343.163785714286,4353.3168214285715,4.061214285714349,350792,2026-09-11 08:20:00,4353.3168214285715,TP,1.5,6.091821428571166,2
2026-09-11 08:30:00,4352.465,LONG,4347.642857142857,4359.698214285715,4.822142857143002,350796,2026-09-11 08:55:00,4347.642857142857,SL,-1.0,-4.8221428571432625,5
2026-09-11 09:15:00,4345.005,LONG,4339.559571428571,4353.173142857143,5.445428571428757,350805,2026-09-11 10:50:00,4339.559571428571,SL,-1.0,-5.445428571429147,19
2026-09-11 15:45:00,4372.878,LONG,4366.2189285714285,4382.866607142856,6.659071428571224,350883,2026-09-11 15:55:00,4366.2189285714285,SL,-1.0,-6.659071428571224,2
2026-09-11 16:00:00,4371.558,LONG,4365.381714285714,4380.822428571429,6.176285714285574,350886,2026-09-11 16:10:00,4365.381714285714,SL,-1.0,-6.176285714285768,2
2026-09-11 19:25:00,4347.206,SHORT,4351.204071428571,4341.208892857143,3.9980714285713606,350927,2026-09-11 20:00:00,4351.204071428571,SL,-1.0,-3.9980714285711656,7
2026-09-11 20:10:00,4348.115,SHORT,4351.6960714285715,4342.743392857143,3.5810714285714442,350936,2026-09-13 22:00:00,4342.743392857143,TP,1.5,5.371607142857101,10
2026-09-13 22:10:00,4330.545,SHORT,4335.230357142857,4323.5169642857145,4.685357142857161,350948,2026-09-13 22:25:00,4335.230357142857,SL,-1.0,-4.685357142857356,3
2026-09-13 23:10:00,4339.295,SHORT,4343.506,4332.9785,4.210999999999915,350960,2026-09-13 23:45:00,4332.9785,TP,1.5,6.316499999999905,7
2026-09-13 23:55:00,4332.555,SHORT,4335.899571428572,4327.538142857144,3.344571428571271,350969,2026-09-14 00:05:00,4335.899571428572,SL,-1.0,-3.344571428571726,2
2026-09-14 00:35:00,4332.624,SHORT,4338.103285714285,4324.405071428571,5.479285714285717,350977,2026-09-14 00:40:00,4338.103285714285,SL,-1.0,-5.479285714285652,1
2026-09-14 00:55:00,4338.304,SHORT,4344.050428571429,4329.684357142857,5.746428571428623,350981,2026-09-14 01:00:00,4344.050428571429,SL,-1.0,-5.746428571428623,1
2026-09-14 01:30:00,4331.545,SHORT,4338.756785714286,4320.7273214285715,7.211785714285725,350988,2026-09-14 01:35:00,4338.756785714286,SL,-1.0,-7.211785714285725,1
2026-09-14 03:00:00,4332.345,LONG,4326.871357142857,4340.555464285714,5.473642857142814,351006,2026-09-14 04:35:00,4326.871357142857,SL,-1.0,-5.473642857143204,19
2026-09-14 05:05:00,4328.755,SHORT,4331.965571428572,4323.9391428571425,3.210571428571581,351031,2026-09-14 05:15:00,4331.965571428572,SL,-1.0,-3.2105714285717113,2
2026-09-14 05:15:00,4329.585,SHORT,4332.963857142858,4324.516714285714,3.378857142857279,351033,2026-09-14 05:30:00,4332.963857142858,SL,-1.0,-3.378857142857669,3
2026-09-14 05:40:00,4330.685,SHORT,4335.559357142858,4323.373464285714,4.874357142857272,351038,2026-09-14 05:50:00,4323.373464285714,TP,1.5,7.3115357142860375,2
2026-09-14 06:00:00,4334.295,SHORT,4340.0470000000005,4325.667,5.7520000000000175,351042,2026-09-14 06:40:00,4325.667,TP,1.5,8.627999999999702,8
2026-09-14 10:45:00,4292.465,SHORT,4297.135785714286,4285.458821428571,4.670785714285752,351099,2026-09-14 11:55:00,4285.458821428571,TP,1.5,7.006178571428791,14
2026-09-14 12:15:00,4290.115,SHORT,4294.393428571429,4283.697357142857,4.278428571428711,351117,2026-09-14 12:25:00,4283.697357142857,TP,1.5,6.4176428571427095,2
2026-09-14 13:50:00,4273.008,SHORT,4281.548785714285,4260.196821428572,8.540785714285644,351136,2026-09-14 14:10:00,4281.548785714285,SL,-1.0,-8.540785714285448,4
2026-09-14 14:50:00,4276.195,SHORT,4283.825142857143,4264.749785714285,7.630142857142865,351148,2026-09-14 15:05:00,4283.825142857143,SL,-1.0,-7.630142857143255,3
2026-09-14 18:25:00,4309.579,LONG,4306.029785714285,4314.902821428571,3.5492142857142426,351191,2026-09-14 18:50:00,4306.029785714285,SL,-1.0,-3.5492142857146973,5
2026-09-14 18:55:00,4307.198,LONG,4303.904071428572,4312.138892857143,3.293928571428491,351197,2026-09-14 19:05:00,4303.904071428572,SL,-1.0,-3.293928571428296,2
2026-09-14 22:05:00,4297.468,SHORT,4300.380214285714,4293.099678571428,2.9122142857143962,351223,2026-09-14 22:25:00,4293.099678571428,TP,1.5,4.368321428572017,4
2026-09-14 23:00:00,4293.926,SHORT,4297.1085,4289.15225,3.182500000000086,351234,2026-09-14 23:15:00,4289.15225,TP,1.5,4.773750000000291,3
2026-09-15 00:30:00,4284.175,SHORT,4287.652714285714,4278.958428571429,3.477714285714228,351252,2026-09-15 00:35:00,4287.652714285714,SL,-1.0,-3.4777142857137733,1
2026-09-15 01:45:00,4300.235,LONG,4295.450142857142,4307.412285714286,4.784857142857228,351267,2026-09-15 01:50:00,4295.450142857142,SL,-1.0,-4.784857142857618,1
2026-09-15 09:55:00,4268.085,SHORT,4272.3505,4261.68675,4.265499999999845,351365,2026-09-15 10:00:00,4272.3505,SL,-1.0,-4.26549999999952,1
2026-09-15 10:10:00,4272.895,SHORT,4277.239214285714,4266.378678571429,4.344214285714121,351368,2026-09-15 10:40:00,4277.239214285714,SL,-1.0,-4.344214285713861,6
2026-09-15 10:55:00,4281.305,SHORT,4284.885214285714,4275.934678571429,3.580214285714127,351377,2026-09-15 11:15:00,4284.885214285714,SL,-1.0,-3.580214285713737,4
2026-09-15 13:40:00,4289.575,LONG,4282.624714285715,4300.0004285714285,6.950285714285526,351410,2026-09-15 14:05:00,4300.0004285714285,TP,1.5,10.42542857142871,5
2026-09-15 15:15:00,4286.355,LONG,4280.496071428571,4295.143392857142,5.8589285714287405,351429,2026-09-15 16:20:00,4295.143392857142,TP,1.5,8.788392857142753,13
2026-09-15 17:15:00,4295.635,LONG,4291.354285714286,4302.056071428571,4.2807142857141764,351453,2026-09-15 17:25:00,4291.354285714286,SL,-1.0,-4.280714285714566,2
2026-09-15 18:00:00,4295.055,LONG,4291.3664285714285,4300.5878571428575,3.688571428571452,351462,2026-09-15 18:10:00,4300.5878571428575,TP,1.5,5.53285714285721,2
2026-09-15 19:20:00,4301.005,LONG,4297.422142857143,4306.379285714286,3.5828571428571325,351478,2026-09-15 19:40:00,4297.422142857143,SL,-1.0,-3.5828571428573923,4
2026-09-15 19:55:00,4297.615,LONG,4294.272857142857,4302.628214285714,3.3421428571428544,351485,2026-09-15 20:20:00,4294.272857142857,SL,-1.0,-3.3421428571427896,5
2026-09-15 22:15:00,4292.035,SHORT,4294.605,4288.18,2.569999999999839,351501,2026-09-15 22:20:00,4294.605,SL,-1.0,-2.569999999999709,1
2026-09-15 22:45:00,4293.785,SHORT,4296.713571428571,4289.392142857143,2.9285714285713635,351507,2026-09-15 22:55:00,4289.392142857143,TP,1.5,4.392857142856883,2
2026-09-16 00:45:00,4282.595,SHORT,4285.642142857143,4278.024285714286,3.047142857142847,351531,2026-09-16 00:50:00,4278.024285714286,TP,1.5,4.57071428571453,1
2026-09-16 04:55:00,4321.545,LONG,4318.8721428571425,4325.5542857142855,2.672857142857213,351581,2026-09-16 05:15:00,4325.5542857142855,TP,1.5,4.009285714285397,4
2026-09-16 08:50:00,4328.715,LONG,4323.91,4335.9225,4.804999999999966,351628,2026-09-16 09:40:00,4335.9225,TP,1.5,7.207499999999527,10
2026-09-16 12:30:00,4341.185,LONG,4336.602142857143,4348.0592857142865,4.582857142857198,351672,2026-09-16 12:55:00,4348.0592857142865,TP,1.5,6.8742857142860885,5
2026-09-16 12:55:00,4347.385,LONG,4342.602142857143,4354.559285714286,4.782857142857146,351677,2026-09-16 13:10:00,4354.559285714286,TP,1.5,7.174285714285361,3
2026-09-16 15:40:00,4350.415,LONG,4344.7177142857145,4358.960928571429,5.697285714285564,351710,2026-09-16 15:45:00,4358.960928571429,TP,1.5,8.545928571428703,1
2026-09-16 16:05:00,4349.375,LONG,4343.941285714286,4357.525571428571,5.4337142857141645,351715,2026-09-16 16:25:00,4343.941285714286,SL,-1.0,-5.433714285713904,4
2026-09-16 16:55:00,4346.295,LONG,4343.101428571429,4351.085357142857,3.1935714285713663,351725,2026-09-16 17:00:00,4343.101428571429,SL,-1.0,-3.1935714285709764,1
2026-09-16 17:10:00,4343.245,LONG,4340.380714285714,4347.541428571429,2.8642857142856752,351728,2026-09-16 17:30:00,4347.541428571429,TP,1.5,4.296428571428805,4
2026-09-16 17:45:00,4344.435,LONG,4341.595714285715,4348.693928571429,2.839285714285649,351735,2026-09-16 17:50:00,4348.693928571429,TP,1.5,4.2589285714284415,1
2026-09-16 18:10:00,4309.995,SHORT,4320.8892857142855,4293.653571428572,10.89428571428555,351740,2026-09-16 18:15:00,4320.8892857142855,SL,-1.0,-10.894285714285616,1
2026-09-16 18:20:00,4314.665,SHORT,4327.039285714285,4296.103571428572,12.374285714285634,351742,2026-09-16 18:30:00,4296.103571428572,TP,1.5,18.561428571428223,2
2026-09-16 22:55:00,4265.155,SHORT,4269.434285714286,4258.736071428571,4.279285714285704,351785,2026-09-16 23:05:00,4258.736071428571,TP,1.5,6.418928571428296,2
2026-09-16 23:10:00,4262.475,SHORT,4267.055714285714,4255.603928571429,4.580714285714229,351788,2026-09-16 23:15:00,4267.055714285714,SL,-1.0,-4.580714285713839,1
2026-09-16 23:30:00,4270.675,SHORT,4275.684285714286,4263.161071428572,5.009285714285787,351792,2026-09-17 00:05:00,4275.684285714286,SL,-1.0,-5.009285714285397,7
2026-09-17 01:00:00,4297.075,LONG,4290.300714285714,4307.236428571428,6.774285714285725,351810,2026-09-17 01:05:00,4307.236428571428,TP,1.5,10.161428571428587,1
2026-09-17 02:10:00,4287.125,LONG,4279.352142857143,4298.784285714286,7.772857142857187,351824,2026-09-17 02:50:00,4279.352142857143,SL,-1.0,-7.772857142856992,8
2026-09-17 04:40:00,4295.105,LONG,4291.854285714286,4299.981071428571,3.250714285714236,351854,2026-09-17 05:15:00,4291.854285714286,SL,-1.0,-3.2507142857139115,7
2026-09-17 05:35:00,4296.825,LONG,4292.864285714286,4302.766071428571,3.9607142857142077,351865,2026-09-17 05:50:00,4302.766071428571,TP,1.5,5.941071428571377,3
2026-09-17 08:30:00,4317.355,LONG,4312.5199999999995,4324.6075,4.835000000000036,351900,2026-09-17 08:45:00,4312.5199999999995,SL,-1.0,-4.835000000000036,3
2026-09-17 08:50:00,4312.825,LONG,4308.380714285714,4319.4914285714285,4.444285714285668,351904,2026-09-17 09:25:00,4308.380714285714,SL,-1.0,-4.444285714285797,7
2026-09-17 10:15:00,4306.345,SHORT,4310.345,4300.345,3.999999999999935,351921,2026-09-17 10:20:00,4310.345,SL,-1.0,-4.0,1
2026-09-17 13:45:00,4367.265,LONG,4358.878571428571,4379.844642857143,8.386428571428562,351963,2026-09-17 14:45:00,4358.878571428571,SL,-1.0,-8.38642857142895,12
2026-09-17 15:00:00,4355.505,LONG,4348.660714285715,4365.771428571429,6.844285714285759,351978,2026-09-17 15:40:00,4365.771428571429,TP,1.5,10.26642857142906,8
2026-09-17 15:50:00,4366.635,LONG,4361.222142857143,4374.754285714286,5.412857142857449,351988,2026-09-17 16:30:00,4361.222142857143,SL,-1.0,-5.41285714285732,8
2026-09-17 16:50:00,4360.285,LONG,4356.005,4366.705,4.280000000000006,352000,2026-09-17 16:55:00,4356.005,SL,-1.0,-4.279999999999745,1
2026-09-17 16:55:00,4362.235,LONG,4357.803571428571,4368.882142857143,4.431428571428569,352001,2026-09-17 17:20:00,4357.803571428571,SL,-1.0,-4.431428571429024,5
2026-09-17 17:25:00,4360.325,LONG,4355.8099999999995,4367.0975,4.515000000000002,352007,2026-09-17 18:25:00,4355.8099999999995,SL,-1.0,-4.515000000000327,12
2026-09-17 22:15:00,4341.687,SHORT,4344.313928571429,4337.746607142857,2.6269285714287696,352053,2026-09-17 22:25:00,4344.313928571429,SL,-1.0,-2.6269285714288344,2
2026-09-17 22:40:00,4343.905,SHORT,4346.749142857143,4339.638785714285,2.8441428571429372,352058,2026-09-17 23:05:00,4339.638785714285,TP,1.5,4.266214285714341,5
2026-09-18 00:20:00,4355.685,LONG,4352.107928571429,4361.050607142858,3.577071428571539,352078,2026-09-18 00:25:00,4352.107928571429,SL,-1.0,-3.5770714285717986,1
2026-09-18 02:45:00,4354.145,LONG,4349.933571428572,4360.462142857144,4.211428571428509,352107,2026-09-18 02:50:00,4349.933571428572,SL,-1.0,-4.211428571428769,1
2026-09-18 03:00:00,4348.895,LONG,4344.479285714287,4355.518571428572,4.4157142857142,352110,2026-09-18 03:10:00,4344.479285714287,SL,-1.0,-4.415714285713875,2
2026-09-18 03:10:00,4344.545,SHORT,4349.32,4337.382500000001,4.774999999999896,352112,2026-09-18 03:15:00,4337.382500000001,TP,1.5,7.162499999999454,1
2026-09-18 03:20:00,4335.825,SHORT,4341.045714285714,4327.993928571428,5.220714285714231,352114,2026-09-18 03:30:00,4341.045714285714,SL,-1.0,-5.220714285714166,2
2026-09-18 08:40:00,4386.665,LONG,4382.712142857143,4392.594285714285,3.952857142857153,352178,2026-09-18 08:50:00,4392.594285714285,TP,1.5,5.92928571428547,2
2026-09-18 11:20:00,4381.365,SHORT,4385.251428571429,4375.535357142857,3.886428571428561,352210,2026-09-18 11:40:00,4375.535357142857,TP,1.5,5.8296428571429715,4
2026-09-18 12:15:00,4371.215,SHORT,4376.646428571428,4363.067857142858,5.431428571428374,352221,2026-09-18 12:20:00,4363.067857142858,TP,1.5,8.147142857142171,1
2026-09-18 13:20:00,4365.045,SHORT,4371.34,4355.6025,6.295000000000073,352234,2026-09-18 13:35:00,4355.6025,TP,1.5,9.44250000000011,3
2026-09-18 14:55:00,4352.755,SHORT,4359.977857142857,4341.920714285714,7.2228571428572,352253,2026-09-18 16:05:00,4359.977857142857,SL,-1.0,-7.22285714285681,14
2026-09-18 19:35:00,4381.435,LONG,4378.245714285715,4386.2189285714285,3.1892857142856235,352309,2026-09-18 19:50:00,4378.245714285715,SL,-1.0,-3.1892857142856883,3
2026-09-18 20:00:00,4377.665,LONG,4374.555714285714,4382.328928571428,3.109285714285631,352314,2026-09-18 20:10:00,4382.328928571428,TP,1.5,4.663928571428187,2
2026-09-18 20:20:00,4382.635,LONG,4379.415,4387.465,3.219999999999995,352318,2026-09-18 20:40:00,4379.415,SL,-1.0,-3.2200000000002547,4
2026-09-18 20:50:00,4378.135,LONG,4375.004285714286,4382.831071428572,3.1307142857143453,352324,2026-09-20 22:00:00,4375.004285714286,SL,-1.0,-3.1307142857140207,2
2026-09-20 23:50:00,4370.555,SHORT,4373.1900000000005,4366.6025,2.6350000000000233,352348,2026-09-21 00:00:00,4366.6025,TP,1.5,3.9525000000003274,2
2026-09-21 01:15:00,4377.525,SHORT,4383.553571428571,4368.482142857142,6.028571428571338,352365,2026-09-21 02:10:00,4368.482142857142,TP,1.5,9.042857142857429,11
2026-09-21 03:45:00,4362.855,SHORT,4367.6164285714285,4355.712857142857,4.761428571428561,352395,2026-09-21 04:05:00,4355.712857142857,TP,1.5,7.1421428571429715,4
2026-09-21 04:20:00,4363.645,SHORT,4367.415714285715,4357.988928571429,3.770714285714348,352402,2026-09-21 04:30:00,4357.988928571429,TP,1.5,5.656071428571522,2
2026-09-21 04:35:00,4360.905,SHORT,4364.600714285714,4355.361428571428,3.69571428571427,352405,2026-09-21 04:55:00,4355.361428571428,TP,1.5,5.54357142857134,4
2026-09-21 04:55:00,4355.505,SHORT,4358.84,4350.5025000000005,3.3349999999999715,352409,2026-09-21 05:20:00,4358.84,SL,-1.0,-3.3350000000000364,5
2026-09-21 05:30:00,4355.105,SHORT,4358.860714285714,4349.471428571428,3.7557142857143453,352416,2026-09-21 05:50:00,4349.471428571428,TP,1.5,5.633571428571486,4
2026-09-21 06:20:00,4346.985,SHORT,4351.963571428571,4339.517142857142,4.978571428571611,352426,2026-09-21 06:40:00,4351.963571428571,SL,-1.0,-4.97857142857174,4
2026-09-21 07:35:00,4349.835,SHORT,4354.490714285715,4342.851428571428,4.655714285714306,352441,2026-09-21 07:40:00,4342.851428571428,TP,1.5,6.9835714285718495,1
2026-09-21 07:45:00,4346.535,SHORT,4351.715,4338.765,5.179999999999966,352443,2026-09-21 08:10:00,4351.715,SL,-1.0,-5.180000000000291,5
2026-09-21 09:20:00,4350.665,SHORT,4354.409285714286,4345.048571428571,3.7442857142856547,352462,2026-09-21 09:30:00,4345.048571428571,TP,1.5,5.616428571428514,2
2026-09-21 10:15:00,4352.695,SHORT,4356.8328571428565,4346.488214285714,4.137857142857034,352473,2026-09-21 10:55:00,4346.488214285714,TP,1.5,6.2067857142856155,8
2026-09-21 12:40:00,4362.845,LONG,4356.654285714286,4372.131071428572,6.190714285714356,352502,2026-09-21 12:45:00,4356.654285714286,SL,-1.0,-6.190714285714421,1
2026-09-21 12:55:00,4359.495,LONG,4353.041428571429,4369.175357142857,6.45357142857152,352505,2026-09-21 13:25:00,4369.175357142857,TP,1.5,9.680357142857247,6
2026-09-21 15:50:00,4347.645,SHORT,4352.882142857143,4339.789285714286,5.237142857142642,352540,2026-09-21 16:05:00,4352.882142857143,SL,-1.0,-5.237142857142317,3
2026-09-21 16:55:00,4343.015,SHORT,4347.738571428572,4335.929642857143,4.723571428571437,352553,2026-09-21 18:05:00,4347.738571428572,SL,-1.0,-4.723571428571631,14
2026-09-21 18:50:00,4347.065,SHORT,4349.665,4343.165,2.600000000000039,352576,2026-09-21 19:00:00,4343.165,TP,1.5,3.899999999999636,2
2026-09-21 19:15:00,4344.725,SHORT,4347.080714285715,4341.191428571429,2.3557142857142543,352581,2026-09-21 19:25:00,4347.080714285715,SL,-1.0,-2.3557142857143845,2
2026-09-21 19:50:00,4345.955,LONG,4342.927857142857,4350.495714285714,3.027142857142865,352588,2026-09-21 20:00:00,4342.927857142857,SL,-1.0,-3.0271428571431898,2
2026-09-21 23:35:00,4364.557,LONG,4360.272214285714,4370.984178571428,4.284785714285655,352621,2026-09-22 00:00:00,4370.984178571428,TP,1.5,6.427178571428158,5
2026-09-22 00:45:00,4355.947,LONG,4350.396857142858,4364.272214285715,5.550142857142873,352635,2026-09-22 01:05:00,4364.272214285715,TP,1.5,8.325214285714537,4
2026-09-22 03:40:00,4342.615,SHORT,4347.257142857143,4335.651785714285,4.642142857143101,352670,2026-09-22 04:00:00,4335.651785714285,TP,1.5,6.963214285714457,4
2026-09-22 07:20:00,4321.725,SHORT,4325.875714285715,4315.498928571429,4.150714285714263,352714,2026-09-22 07:25:00,4315.498928571429,TP,1.5,6.226071428571231,1
2026-09-22 07:40:00,4310.595,SHORT,4315.339285714286,4303.478571428572,4.744285714285785,352718,2026-09-22 07:45:00,4315.339285714286,SL,-1.0,-4.744285714285979,1
2026-09-22 09:10:00,4318.185,SHORT,4327.052142857144,4304.884285714286,8.867142857142946,352736,2026-09-22 09:50:00,4327.052142857144,SL,-1.0,-8.867142857143335,8
2026-09-22 12:05:00,4321.025,SHORT,4326.544999999999,4312.745,5.519999999999917,352771,2026-09-22 12:15:00,4326.544999999999,SL,-1.0,-5.519999999999527,2
2026-09-22 13:40:00,4340.925,LONG,4333.912142857143,4351.444285714286,7.012857142857099,352790,2026-09-22 13:50:00,4333.912142857143,SL,-1.0,-7.012857142856774,2
2026-09-22 22:00:00,4362.825,LONG,4359.862857142857,4367.268214285714,2.9621428571429402,352878,2026-09-22 23:45:00,4359.862857142857,SL,-1.0,-2.9621428571426804,21
2026-09-23 01:05:00,4350.295,SHORT,4354.5992857142855,4343.838571428571,4.3042857142856645,352915,2026-09-23 01:25:00,4343.838571428571,TP,1.5,6.45642857142866,4
2026-09-23 05:05:00,4343.525,SHORT,4345.844285714285,4340.046071428571,2.3192857142858623,352963,2026-09-23 05:25:00,4340.046071428571,TP,1.5,3.478928571428696,4
2026-09-23 05:25:00,4340.575,SHORT,4342.82,4337.2074999999995,2.245000000000086,352967,2026-09-23 05:30:00,4337.2074999999995,TP,1.5,3.367500000000291,1
2026-09-23 06:50:00,4333.245,SHORT,4336.638571428572,4328.154642857143,3.393571428571509,352984,2026-09-23 07:05:00,4328.154642857143,TP,1.5,5.090357142857101,3
2026-09-23 07:05:00,4328.275,SHORT,4331.67,4323.1825,3.394999999999982,352987,2026-09-23 07:25:00,4323.1825,TP,1.5,5.092499999999745,4
2026-09-23 11:30:00,4301.995,SHORT,4305.755,4296.355,3.7600000000000233,353040,2026-09-23 11:35:00,4296.355,TP,1.5,5.640000000000327,1
2026-09-23 15:10:00,4293.985,SHORT,4301.642857142857,4282.498214285714,7.657857142857016,353084,2026-09-23 15:30:00,4282.498214285714,TP,1.5,11.48678571428536,4
2026-09-23 16:40:00,4286.055,SHORT,4290.088571428571,4280.004642857143,4.033571428571447,353102,2026-09-23 16:50:00,4280.004642857143,TP,1.5,6.050357142857138,2
2026-09-23 17:00:00,4278.155,SHORT,4282.2414285714285,4272.025357142857,4.086428571428704,353106,2026-09-23 17:05:00,4282.2414285714285,SL,-1.0,-4.086428571428769,1
2026-09-23 18:35:00,4284.875,SHORT,4289.368571428571,4278.134642857143,4.493571428571419,353125,2026-09-23 18:55:00,4289.368571428571,SL,-1.0,-4.493571428571158,4
2026-09-23 19:15:00,4283.715,SHORT,4287.197142857143,4278.491785714286,3.4821428571427924,353133,2026-09-23 20:05:00,4287.197142857143,SL,-1.0,-3.482142857143117,10
2026-09-23 20:30:00,4282.415,SHORT,4285.567142857143,4277.686785714285,3.15214285714293,353148,2026-09-23 20:45:00,4285.567142857143,SL,-1.0,-3.1521428571431898,3
2026-09-24 00:25:00,4291.815,LONG,4288.243571428571,4297.172142857143,3.5714285714285716,353183,2026-09-24 00:55:00,4297.172142857143,TP,1.5,5.357142857143117,6
2026-09-24 03:40:00,4281.335,SHORT,4285.1507142857145,4275.611428571428,3.815714285714356,353222,2026-09-24 04:00:00,4285.1507142857145,SL,-1.0,-3.815714285714421,4
2026-09-24 04:20:00,4284.575,SHORT,4287.782142857142,4279.7642857142855,3.207142857142896,353230,2026-09-24 04:30:00,4287.782142857142,SL,-1.0,-3.2071428571425713,2
2026-09-24 05:25:00,4290.285,LONG,4287.188571428572,4294.929642857142,3.0964285714284023,353243,2026-09-24 05:30:00,4287.188571428572,SL,-1.0,-3.0964285714280777,1
2026-09-24 06:25:00,4281.695,SHORT,4286.267857142857,4274.835714285714,4.572857142857174,353255,2026-09-24 06:45:00,4274.835714285714,TP,1.5,6.859285714285761,4
2026-09-24 07:30:00,4282.535,SHORT,4286.910714285714,4275.971428571428,4.375714285714237,353268,2026-09-24 07:55:00,4275.971428571428,TP,1.5,6.563571428571777,5
2026-09-24 11:00:00,4255.855,SHORT,4261.801428571428,4246.935357142856,5.946428571428571,353310,2026-09-24 11:15:00,4261.801428571428,SL,-1.0,-5.9464285714284415,3
2026-09-24 13:40:00,4273.035,LONG,4268.036428571429,4280.532857142857,4.998571428571332,353342,2026-09-24 13:50:00,4268.036428571429,SL,-1.0,-4.9985714285712675,2
2026-09-24 14:25:00,4267.235,LONG,4261.833571428571,4275.337142857143,5.401428571428498,353351,2026-09-24 14:30:00,4261.833571428571,SL,-1.0,-5.401428571428369,1
2026-09-24 17:25:00,4262.905,LONG,4256.174285714285,4273.001071428572,6.730714285714514,353387,2026-09-24 18:00:00,4256.174285714285,SL,-1.0,-6.7307142857143845,7
2026-09-24 18:20:00,4268.925,LONG,4263.786428571429,4276.632857142858,5.1385714285714,353398,2026-09-24 18:30:00,4276.632857142858,TP,1.5,7.707857142857392,2
2026-09-24 19:30:00,4272.585,LONG,4267.415,4280.34,5.169999999999943,353412,2026-09-24 20:15:00,4267.415,SL,-1.0,-5.170000000000073,9
2026-09-24 23:00:00,4272.375,LONG,4269.249285714286,4277.063571428572,3.1257142857143663,353442,2026-09-24 23:50:00,4269.249285714286,SL,-1.0,-3.1257142857139115,10
2026-09-25 00:55:00,4278.145,LONG,4274.367142857143,4283.811785714286,3.7778571428571013,353465,2026-09-25 01:05:00,4283.811785714286,TP,1.5,5.666785714285652,2
2026-09-25 02:40:00,4285.485,LONG,4281.979285714286,4290.743571428571,3.5057142857142156,353486,2026-09-25 02:45:00,4281.979285714286,SL,-1.0,-3.5057142857140207,1
2026-09-25 02:50:00,4282.045,LONG,4278.3042857142855,4287.6560714285715,3.740714285714213,353488,2026-09-25 03:25:00,4278.3042857142855,SL,-1.0,-3.7407142857146027,7
2026-09-25 07:30:00,4275.545,LONG,4271.550714285714,4281.536428571429,3.9942857142857195,353544,2026-09-25 07:55:00,4281.536428571429,TP,1.5,5.991428571428514,5
2026-09-25 07:55:00,4279.515,LONG,4275.275000000001,4285.875,4.239999999999911,353549,2026-09-25 08:00:00,4275.275000000001,SL,-1.0,-4.239999999999782,1
2026-09-25 08:20:00,4281.235,LONG,4277.045714285714,4287.518928571428,4.1892857142856235,353554,2026-09-25 08:30:00,4287.518928571428,TP,1.5,6.283928571428078,2
2026-09-25 12:20:00,4303.205,LONG,4298.846428571428,4309.742857142857,4.35857142857146,353602,2026-09-25 12:35:00,4298.846428571428,SL,-1.0,-4.3585714285718495,3
2026-09-25 12:35:00,4302.165,LONG,4297.358571428571,4309.374642857143,4.806428571428569,353605,2026-09-25 12:40:00,4297.358571428571,SL,-1.0,-4.806428571429024,1
2026-09-25 15:05:00,4275.455,SHORT,4282.862142857143,4264.344285714285,7.407142857142974,353635,2026-09-25 15:30:00,4282.862142857143,SL,-1.0,-7.407142857143299,5
2026-09-25 15:35:00,4276.275,SHORT,4282.635714285714,4266.733928571428,6.360714285714364,353641,2026-09-25 15:55:00,4282.635714285714,SL,-1.0,-6.360714285714494,4
2026-09-25 16:05:00,4293.515,SHORT,4300.887857142858,4282.455714285715,7.372857142857226,353647,2026-09-25 16:30:00,4282.455714285715,TP,1.5,11.05928571428558,5
2026-09-25 17:05:00,4292.305,LONG,4285.797285714286,4302.0665714285715,6.507714285714168,353659,2026-09-25 17:25:00,4285.797285714286,SL,-1.0,-6.507714285714428,4
2026-09-25 18:15:00,4288.085,LONG,4284.360000000001,4293.6725,3.724999999999909,353673,2026-09-25 18:25:00,4284.360000000001,SL,-1.0,-3.7249999999994543,2
2026-09-25 18:30:00,4291.955,LONG,4287.696428571428,4298.342857142857,4.258571428571356,353676,2026-09-25 18:35:00,4287.696428571428,SL,-1.0,-4.258571428571486,1
2026-09-25 19:55:00,4290.985,LONG,4287.402857142857,4296.358214285714,3.582142857142896,353693,2026-09-25 20:20:00,4287.402857142857,SL,-1.0,-3.5821428571425713,5
2026-09-28 04:35:00,4196.085,SHORT,4199.597142857143,4190.816785714285,3.512142857142927,353785,2026-09-28 05:05:00,4190.816785714285,TP,1.5,5.268214285714748,6
2026-09-28 10:40:00,4155.585,SHORT,4160.142857142857,4148.748214285714,4.5578571428572365,353858,2026-09-28 11:00:00,4160.142857142857,SL,-1.0,-4.557857142856847,4
2026-09-28 11:45:00,4149.815,SHORT,4154.638571428571,4142.579642857143,4.823571428571346,353871,2026-09-28 12:00:00,4154.638571428571,SL,-1.0,-4.823571428571086,3
2026-09-28 14:10:00,4138.595,SHORT,4145.987142857143,4127.506785714286,7.392142857142777,353900,2026-09-28 14:40:00,4127.506785714286,TP,1.5,11.088214285714457,6
2026-09-28 16:45:00,4129.105,SHORT,4135.782857142856,4119.088214285714,6.677857142857192,353931,2026-09-28 17:10:00,4135.782857142856,SL,-1.0,-6.6778571428567375,5
2026-09-28 18:10:00,4135.495,SHORT,4140.795,4127.545,5.299999999999727,353948,2026-09-28 18:50:00,4140.795,SL,-1.0,-5.300000000000182,8
2026-09-28 19:35:00,4128.955,SHORT,4133.267857142857,4122.4857142857145,4.312857142857216,353965,2026-09-28 19:55:00,4122.4857142857145,TP,1.5,6.469285714285434,4
2026-09-28 22:30:00,4122.535,SHORT,4125.775,4117.675,3.2399999999999767,353988,2026-09-28 23:20:00,4125.775,SL,-1.0,-3.2399999999997817,10
2026-09-29 00:05:00,4122.285,SHORT,4125.154285714286,4117.981071428571,2.8692857142857844,354007,2026-09-29 00:15:00,4117.981071428571,TP,1.5,4.303928571428514,2
2026-09-29 01:50:00,4135.315,LONG,4128.129999999999,4146.0925,7.185000000000206,354028,2026-09-29 02:05:00,4128.129999999999,SL,-1.0,-7.1850000000004,3
2026-09-29 02:25:00,4134.505,LONG,4129.074285714286,4142.651071428571,5.430714285714397,354035,2026-09-29 04:20:00,4129.074285714286,SL,-1.0,-5.430714285714203,23
2026-09-29 07:00:00,4140.395,LONG,4136.277857142857,4146.5707142857145,4.1171428571428805,354090,2026-09-29 07:20:00,4146.5707142857145,TP,1.5,6.175714285714093,4
2026-09-29 07:55:00,4140.915,LONG,4137.407857142857,4146.175714285714,3.5071428571426884,354101,2026-09-29 08:20:00,4146.175714285714,TP,1.5,5.26071428571413,5
2026-09-29 09:50:00,4145.985,LONG,4142.44,4151.3025,3.5449999999999426,354124,2026-09-29 10:45:00,4151.3025,TP,1.5,5.317500000000109,11
2026-09-29 12:00:00,4157.555,LONG,4153.347857142858,4163.865714285715,4.2071428571428315,354150,2026-09-29 12:10:00,4153.347857142858,SL,-1.0,-4.207142857142571,2
2026-09-29 13:10:00,4159.035,LONG,4154.154285714286,4166.356071428571,4.880714285714281,354164,2026-09-29 13:30:00,4154.154285714286,SL,-1.0,-4.880714285714021,4
2026-09-29 13:35:00,4159.495,LONG,4154.357857142857,4167.200714285715,5.137142857142927,354169,2026-09-29 13:40:00,4154.357857142857,SL,-1.0,-5.137142857142862,1
2026-09-29 14:00:00,4164.965,LONG,4158.910714285715,4174.046428571429,6.0542857142856,354174,2026-09-29 14:20:00,4174.046428571429,TP,1.5,9.08142857142866,4
2026-09-29 16:10:00,4150.215,SHORT,4155.485000000001,4142.31,5.270000000000047,354200,2026-09-29 17:55:00,4142.31,TP,1.5,7.904999999999745,21
2026-09-29 22:50:00,4178.635,LONG,4176.443571428572,4181.922142857143,2.1914285714285273,354268,2026-09-29 23:10:00,4181.922142857143,TP,1.5,3.2871428571424985,4
2026-09-29 23:40:00,4179.715,LONG,4177.962142857143,4182.344285714285,1.7528571428570754,354278,2026-09-29 23:45:00,4182.344285714285,TP,1.5,2.629285714285288,1
2026-09-30 03:25:00,4180.325,LONG,4176.605,4185.905,3.7200000000000597,354323,2026-09-30 03:30:00,4176.605,SL,-1.0,-3.7200000000002547,1
2026-09-30 03:35:00,4177.025,LONG,4173.097142857143,4182.916785714286,3.9278571428571922,354325,2026-09-30 03:45:00,4173.097142857143,SL,-1.0,-3.9278571428567375,2
2026-09-30 03:50:00,4173.325,LONG,4169.825714285714,4178.573928571428,3.4992857142856986,354328,2026-09-30 04:25:00,4178.573928571428,TP,1.5,5.248928571428223,7
2026-09-30 04:55:00,4178.635,LONG,4175.808571428572,4182.874642857143,2.8264285714286808,354341,2026-09-30 05:10:00,4175.808571428572,SL,-1.0,-2.8264285714285506,3
2026-09-30 06:50:00,4190.875,LONG,4186.535,4197.385,4.339999999999951,354364,2026-09-30 07:05:00,4197.385,TP,1.5,6.510000000000218,3
2026-09-30 10:30:00,4186.265,SHORT,4189.661428571429,4181.170357142858,3.3964285714284546,354408,2026-09-30 10:50:00,4181.170357142858,TP,1.5,5.094642857142389,4
2026-09-30 12:20:00,4190.185,LONG,4185.6107142857145,4197.046428571429,4.574285714285842,354430,2026-09-30 12:30:00,4197.046428571429,TP,1.5,6.861428571428405,2
2026-09-30 18:30:00,4152.555,SHORT,4155.822857142857,4147.653214285715,3.267857142857013,354504,2026-09-30 19:50:00,4155.822857142857,SL,-1.0,-3.267857142856883,16
2026-09-30 20:15:00,4154.835,SHORT,4158.338571428571,4149.579642857143,3.5035714285712465,354525,2026-09-30 20:35:00,4158.338571428571,SL,-1.0,-3.5035714285713766,4
